frame,scored,sim_time,min_distance_measured_mm,measured_collision,measured_margin_violation,modification_rad,fallback,total_safety_time_ms,q_nominal.right_wrist,q_nominal.right_thumb_mcp,q_nominal.right_thumb_abd,q_nominal.right_thumb_pip,q_nominal.right_thumb_dip,q_nominal.right_index_abd,q_nominal.right_index_mcp,q_nominal.right_index_pip,q_nominal.right_middle_abd,q_nominal.right_middle_mcp,q_nominal.right_middle_pip,q_nominal.right_ring_abd,q_nominal.right_ring_mcp,q_nominal.right_ring_pip,q_nominal.right_pinky_abd,q_nominal.right_pinky_mcp,q_nominal.right_pinky_pip,q_safe.right_wrist,q_safe.right_thumb_mcp,q_safe.right_thumb_abd,q_safe.right_thumb_pip,q_safe.right_thumb_dip,q_safe.right_index_abd,q_safe.right_index_mcp,q_safe.right_index_pip,q_safe.right_middle_abd,q_safe.right_middle_mcp,q_safe.right_middle_pip,q_safe.right_ring_abd,q_safe.right_ring_mcp,q_safe.right_ring_pip,q_safe.right_pinky_abd,q_safe.right_pinky_mcp,q_safe.right_pinky_pip,q_measured.right_wrist,q_measured.right_thumb_mcp,q_measured.right_thumb_abd,q_measured.right_thumb_pip,q_measured.right_thumb_dip,q_measured.right_index_abd,q_measured.right_index_mcp,q_measured.right_index_pip,q_measured.right_middle_abd,q_measured.right_middle_mcp,q_measured.right_middle_pip,q_measured.right_ring_abd,q_measured.right_ring_mcp,q_measured.right_ring_pip,q_measured.right_pinky_abd,q_measured.right_pinky_mcp,q_measured.right_pinky_pip
0,True,0.01,6.229380854705992,False,False,0.0,False,,-0.0,-0.7937160337256035,0.714143670502531,-0.20943951023931817,-0.34906585039886523,-0.14148689537441123,0.28169694757047137,-0.3490658503988652,0.06951136214153027,0.27614592248973263,-0.3490658503988656,0.16495683160677888,0.22656350673362063,-0.34906585039886573,0.26689409062926417,-0.03800003679377341,-0.18342342720258314,-0.0,-0.7937160337256035,0.714143670502531,-0.20943951023931817,-0.34906585039886523,-0.14148689537441123,0.28169694757047137,-0.3490658503988652,0.06951136214153027,0.27614592248973263,-0.3490658503988656,0.16495683160677888,0.22656350673362063,-0.34906585039886573,0.26689409062926417,-0.03800003679377341,-0.18342342720258314,-0.1449278950310715,-0.03906893788742025,-0.6967356298336139,-0.555478613038257,-0.49254830871880906,-0.38136663580417285,0.022206266887497775,-0.027578625282903866,0.0049811186859984894,0.021734371729822375,-0.02758424841314635,0.16991577940442695,0.017952770035540667,-0.027543880500167664,0.5047924284001417,-0.0024081230286658066,-0.014269697206104368
1,True,0.020000000000000004,6.233094789807866,False,False,0.0,False,,-0.0,-0.7934787017483471,0.7147624113894548,-0.20943951023931826,-0.34906585039886523,-0.14194030098994107,0.28379001826749767,-0.3490658503988652,0.06881051656587751,0.2775229362744334,-0.3490658503988656,0.16494676951416926,0.22720583973375308,-0.34906585039886573,0.2667388181940163,-0.03774079791763105,-0.1832211023689662,-0.0,-0.7934787017483471,0.7147624113894548,-0.20943951023931826,-0.34906585039886523,-0.14194030098994107,0.28379001826749767,-0.3490658503988652,0.06881051656587751,0.2775229362744334,-0.3490658503988656,0.16494676951416926,0.22720583973375308,-0.34906585039886573,0.2667388181940163,-0.03774079791763105,-0.1832211023689662,-0.13406297467986183,-0.11379334268729217,-0.625915691643398,-0.5031515935164599,-0.4708340754640257,-0.3471789676750303,0.061961342439626824,-0.07647230790474029,0.01414555321010306,0.06067737133251743,-0.0764792258091352,0.1697377296161688,0.050000036002206046,-0.0764026135754366,0.4708665989460296,-0.006997648011586012,-0.03970138812253826
2,True,0.030000000000000013,6.237726337927165,False,False,0.0,False,,-0.0,-0.793474956845772,0.7142543592022959,-0.20943951023931828,-0.34906585039886523,-0.1417784815141797,0.28739170031044353,-0.3490658503988652,0.06868850419916464,0.28075194471994347,-0.3490658503988656,0.1646117832775564,0.23038591585548232,-0.34906585039886573,0.26651843845946216,-0.03539588823946779,-0.18174820004915257,-0.0,-0.793474956845772,0.7142543592022959,-0.20943951023931828,-0.34906585039886523,-0.1417784815141797,0.28739170031044353,-0.3490658503988652,0.06868850419916464,0.28075194471994347,-0.3490658503988656,0.1646117832775564,0.23038591585548232,-0.34906585039886573,0.26651843845946216,-0.03539588823946779,-0.18174820004915257,-0.12002596480026338,-0.2034127410426993,-0.5396711228921414,-0.4477853377092722,-0.44784211437036137,-0.3098868518876813,0.10453150955736051,-0.12815322075575783,0.024165172843127816,0.10237793104450103,-0.128156039723141,0.16949092743176877,0.08424103860675214,-0.1280749861125753,0.4339519509312074,-0.012012245360093484,-0.06660222267038653
3,True,0.04000000000000002,6.242367695407392,False,False,0.0,False,,-0.0,-0.7939187565036605,0.7124827925567497,-0.20943951023931826,-0.34906585039886523,-0.1415186432112867,0.29354440654607744,-0.3490658503988652,0.06853185040097197,0.286272925047603,-0.3490658503988656,0.16402943308396953,0.23573985136966813,-0.34906585039886573,0.26604881336010766,-0.031449360913701804,-0.17930041556127033,-0.0,-0.7939187565036605,0.7124827925567497,-0.20943951023931826,-0.34906585039886523,-0.1415186432112867,0.29354440654607744,-0.3490658503988652,0.06853185040097197,0.286272925047603,-0.3490658503988656,0.16402943308396953,0.23573985136966813,-0.34906585039886573,0.26604881336010766,-0.031449360913701804,-0.17930041556127033,-0.1045016635626493,-0.29932450883911144,-0.44688303441302324,-0.39773900840471504,-0.4270454765614124,-0.27527550497502074,0.14382251090629275,-0.17487325040748705,0.03347360485701546,0.14081881496040266,-0.17486984368348935,0.16916932678911722,0.11581981185190883,-0.17480882400355513,0.3997600965276296,-0.016376913735718455,-0.09073454247389272
4,True,0.05000000000000003,6.24639594102747,False,False,0.0,False,,-0.0,-0.7958947730035736,0.7083520505355695,-0.2094395102393183,-0.34906585039886523,-0.14078291985865948,0.3023732982132641,-0.3490658503988652,0.06893038466567583,0.29378605469404506,-0.3490658503988656,0.1633859938057405,0.24278297099635793,-0.34869310084619265,0.2651464917690248,-0.026089008501068087,-0.17595044864092346,-0.0,-0.7958947730035736,0.7083520505355695,-0.2094395102393183,-0.34906585039886523,-0.14078291985865948,0.3023732982132641,-0.3490658503988652,0.06893038466567583,0.29378605469404506,-0.3490658503988656,0.1633859938057405,0.24278297099635793,-0.34869310084619265,0.2651464917690248,-0.026089008501068087,-0.17595044864092346,-0.0884226106972017,-0.39554810000908724,-0.3575146850224662,-0.3557939452736165,-0.4095979741535578,-0.24556312906923677,0.17805469067797344,-0.21411040291622602,0.04148236539274215,0.17417563112165066,-0.21410020958488638,0.16877006667402777,0.1433064370393988,-0.21404077770762692,0.37044280540874325,-0.01948751601145864,-0.11058501359096813
5,True,0.06000000000000004,6.248905871010064,False,False,0.0,False,,-0.0,-0.8726646259971643,0.7103913677723254,-0.20943951023931912,-0.34906585039886584,-0.1385437198182711,0.31427867498170337,-0.3490658503988659,0.06723910633460851,0.30339744126316753,-0.3490658503988659,0.1613378102758406,0.25279604212624734,-0.34906585039886584,0.2639896535113699,-0.02027739586732751,-0.16887453979798345,-0.0,-0.8726646259971643,0.7103913677723254,-0.20943951023931912,-0.34906585039886584,-0.1385437198182711,0.31427867498170337,-0.3490658503988659,0.06723910633460851,0.30339744126316753,-0.3490658503988659,0.1613378102758406,0.25279604212624734,-0.34906585039886584,0.2639896535113699,-0.02027739586732751,-0.16887453979798345,-0.07240095050435921,-0.48809734041073827,-0.2794949140932361,-0.32207017951381184,-0.39556121332679167,-0.22106309317227632,0.2074393073118559,-0.24573728378733412,0.047936026127493224,0.202534182149171,-0.24572048699133697,0.16819889601907637,0.16689623453265223,-0.2456705111401216,0.3463641724189378,-0.021123395678507267,-0.12570753439571858
6,True,0.07000000000000005,6.250049924807872,False,False,0.0,False,,-0.0,-0.8726646259971643,0.700109399449842,-0.20943951023931912,-0.34906585039886584,-0.13962674161921038,0.32577099371080787,-0.3490658503988659,0.06846271431224003,0.3155787402563029,-0.3490658503988659,0.16103086238992045,0.26267817020766526,-0.3462541147648478,0.2624164231855958,-0.01154383419425763,-0.1640780047192774,-0.0,-0.8726646259971643,0.700109399449842,-0.20943951023931912,-0.34906585039886584,-0.13962674161921038,0.32577099371080787,-0.3490658503988659,0.06846271431224003,0.3155787402563029,-0.3490658503988659,0.16103086238992045,0.26267817020766526,-0.3462541147648478,0.2624164231855958,-0.01154383419425763,-0.1640780047192774,-0.05701203537897455,-0.57146850073846,-0.2151273086460949,-0.29575039563206806,-0.3845819738623556,-0.2015306705901556,0.23271618125766314,-0.2705994735892507,0.05302124952123915,0.22678192653988083,-0.2705806141755103,0.1675068657273188,0.18722535678170824,-0.27033114291490146,0.3270610359093361,-0.021185948352925265,-0.13650996380544603
7,True,0.08000000000000006,6.2501235507734,False,False,0.0,False,,-0.0,-0.8726646259971643,0.6955165162606632,-0.20943951023931912,-0.34906585039886584,-0.1385994394177282,0.34162306773210355,-0.3490658503988659,0.06880711470533206,0.32904211883766116,-0.3481532849635668,0.16000089429589284,0.2738621478270344,-0.34219221552877105,0.261141369294494,-0.001322450199849846,-0.15812033541190532,-0.0,-0.8726646259971643,0.6955165162606632,-0.20943951023931912,-0.34906585039886584,-0.1385994394177282,0.34162306773210355,-0.3490658503988659,0.06880711470533206,0.32904211883766116,-0.3481532849635668,0.16000089429589284,0.2738621478270344,-0.34219221552877105,0.261141369294494,-0.001322450199849846,-0.15812033541190532,-0.042713350789049,-0.6414075109865551,-0.16389167927068465,-0.27557932504194743,-0.37614506700764777,-0.1862828716584848,0.2549962575237953,-0.28983357183832936,0.05701325278246038,0.24797169701151958,-0.28974358420319596,0.16674344124943738,0.20504248798619998,-0.2888727737385683,0.31181107737357905,-0.019539335345228323,-0.14365826797804185
8,True,0.09000000000000007,6.248922170521115,False,False,0.0,False,,-0.0,-0.8726646259971643,0.6866757329672539,-0.20943951023931912,-0.34906585039886584,-0.13775158911227528,0.3587704010520053,-0.3490658503988659,0.06829311894109483,0.34404851709148093,-0.34596857144984633,0.1582349621511683,0.2875278626475183,-0.3376329215486258,0.2597598164407293,0.010405327242066848,-0.15138633619912978,-0.0,-0.8726646259971643,0.6866757329672539,-0.20943951023931912,-0.34906585039886584,-0.13775158911227528,0.3587704010520053,-0.3490658503988659,0.06829311894109483,0.34404851709148093,-0.34596857144984633,0.1582349621511683,0.2875278626475183,-0.3376329215486258,0.2597598164407293,0.010405327242066848,-0.15138633619912978,-0.029837454343351888,-0.6976252972192842,-0.12408532013444358,-0.2602392710827715,-0.3697226760054193,-0.17448531578634469,0.27536465053102466,-0.3045552552921549,0.0600591922123994,0.26707597032883185,-0.30416760390934083,0.16586036209158267,0.22120179746233895,-0.3022674509157906,0.2998561743925056,-0.016103619474925737,-0.14774053193192882
9,True,0.10000000000000007,6.24644422675598,False,False,0.0,False,,-0.0,-0.8726646259971648,0.6807988406594172,-0.20943951023931945,-0.34906585039886584,-0.13670612607823604,0.3789057670288781,-0.3490658503988659,0.06830798058374035,0.36397463358491683,-0.3490658503988659,0.15668163937080257,0.31068074604748364,-0.34906585039886584,0.25837451255548627,0.02378398509204334,-0.14294547702355925,-0.0,-0.8726646259971648,0.6807988406594172,-0.20943951023931945,-0.34906585039886584,-0.13670612607823604,0.3789057670288781,-0.3490658503988659,0.06830798058374035,0.36397463358491683,-0.3490658503988659,0.15668163937080257,0.31068074604748364,-0.34906585039886584,0.25837451255548627,0.02378398509204334,-0.14294547702355925,-0.01857587652816088,-0.741585558932814,-0.09368825857232384,-0.24860460669355014,-0.36485839631932554,-0.16538646377229108,0.29478527678590244,-0.315739916490641,0.0623341229839565,0.2851959686136975,-0.3151603270421834,0.16483899383401776,0.23709557203936252,-0.3127548417775547,0.29049962927619283,-0.010856274695225428,-0.1492643336747963
10,True,0.11000000000000008,6.242833001195559,False,False,0.0,False,,-0.0,-0.8726646259971648,0.673991219385754,-0.2094395102393195,-0.3490658503988659,-0.135129132208714,0.4013675393584855,-0.3490658503988659,0.06823723762798135,0.38381575827370507,-0.3490658503988659,0.15500487602427074,0.33045705947800097,-0.3490658503988659,0.2569614784297456,0.03959670033154974,-0.13559844895777223,-0.0,-0.8726646259971648,0.673991219385754,-0.2094395102393195,-0.3490658503988659,-0.135129132208714,0.4013675393584855,-0.3490658503988659,0.06823723762798135,0.38381575827370507,-0.3490658503988659,0.15500487602427074,0.33045705947800097,-0.3490658503988659,0.2569614784297456,0.03959670033154974,-0.13559844895777223,-0.009036779010626024,-0.7753309443119284,-0.07076950803062153,-0.23978533017368833,-0.36118442304985376,-0.15831421147213567,0.3140692352739809,-0.32419273933430937,0.0640132067573091,0.3030962849063267,-0.32360652240220644,0.16368574590773377,0.25344324745109137,-0.32128854323446115,0.2831496103140491,-0.003738936450583968,-0.1487130959106594
11,True,0.12000000000000009,5.771739236048284,False,False,0.0,False,,-0.0,-0.8726646259971648,0.65955222722581,-0.2094395102393195,-0.3119055092325803,-0.13528240684096174,0.42311753808739044,-0.34686395093053135,0.06908193320629576,0.4033924126467146,-0.3444208137158374,0.15353625547634045,0.33184190027917904,-0.3102471986103984,0.255546324997014,0.05448994183310569,-0.12284133483696554,-0.0,-0.8726646259971648,0.65955222722581,-0.2094395102393195,-0.3119055092325803,-0.13528240684096174,0.42311753808739044,-0.34686395093053135,0.06908193320629576,0.4033924126467146,-0.3444208137158374,0.15353625547634045,0.33184190027917904,-0.3102471986103984,0.255546324997014,0.05448994183310569,-0.12284133483696554,-0.0012996711721259512,-0.8009250646642256,-0.05366020011690044,-0.23311413171021297,-0.35547986125560505,-0.1528589758508571,0.3336077372072178,-0.3303805439173036,0.06530246399505586,0.3211014746225383,-0.32967099097517266,0.16242837550095113,0.2689470438850584,-0.3250378413690024,0.277325630686389,0.0050794615629697094,-0.14609948438687945
12,True,0.1300000000000001,5.4124306668488495,False,False,0.0,False,,-0.0,-0.8726646259971648,0.6303261943866804,-0.2094395102393196,-0.11638649403579357,-0.1332207204555335,0.4507153193893847,-0.3490658503988659,0.06899063417567636,0.4290854733252582,-0.3490658503988658,0.15196812478289767,0.3514927311940302,-0.30290111506116957,0.2559116478514863,0.07268631539433316,-0.1140671288929859,-0.0,-0.8726646259971648,0.6303261943866804,-0.2094395102393196,-0.11638649403579357,-0.1332207204555335,0.4507153193893847,-0.3490658503988659,0.06899063417567636,0.4290854733252582,-0.3490658503988658,0.15196812478289767,0.3514927311940302,-0.30290111506116957,0.2559116478514863,0.07268631539433316,-0.1140671288929859,0.004731758138016226,-0.820241262829017,-0.04102281433986958,-0.22813573398049727,-0.332743754972104,-0.14856667090716083,0.35397624397844674,-0.33501671097913677,0.06630225423227397,0.3398216857652692,-0.33424987325462086,0.16109282133452216,0.28389615201990126,-0.32437287053196406,0.2727854813202491,0.015569431627930064,-0.14177212976755782
13,True,0.1400000000000001,5.156266390956028,False,False,0.0,False,,-0.0,-0.8726646259971648,0.6019564229316813,-0.20943951023931906,0.05568943223149864,-0.13196763243145845,0.4783977345532454,-0.34906585039886556,0.06929901921514671,0.454379150761194,-0.34906585039886584,0.1507278307296415,0.36485219557769394,-0.27987399032480614,0.2564207259639583,0.09109004677480233,-0.10184639911896053,-0.0,-0.8726646259971648,0.6019564229316813,-0.20943951023931906,0.05568943223149864,-0.13196763243145845,0.4783977345532454,-0.34906585039886556,0.06929901921514671,0.454379150761194,-0.34906585039886584,0.1507278307296415,0.36485219557769394,-0.27987399032480614,0.2564207259639583,0.09109004677480233,-0.10184639911896053,0.00920346339545531,-0.8347462806389884,-0.0317572442752104,-0.22443706110773098,-0.2846520205654324,-0.1450877887802961,0.3755520381655351,-0.3385645615734336,0.06708324068198246,0.3596368895627829,-0.3378685812599001,0.15971956063784587,0.2986929056833216,-0.31990212069123475,0.269359372449965,0.02767082329215697,-0.13595374654216472
14,True,0.1500000000000001,4.973599037254419,False,True,0.0,False,,-0.0,-0.8726646259971648,0.5749095186503571,-0.20943951023931912,0.1954723288498352,-0.13102343772949812,0.5041519337401511,-0.3431689905029481,0.06964129262584826,0.47588407438597247,-0.3390079280118107,0.14987647762197367,0.3731293114517099,-0.2431849085076439,0.25694693605543834,0.109939825296381,-0.08667792866833038,-0.0,-0.8726646259971648,0.5749095186503571,-0.20943951023931912,0.1954723288498352,-0.13102343772949812,0.5041519337401511,-0.3431689905029481,0.06964129262584826,0.47588407438597247,-0.3390079280118107,0.14987647762197367,0.3731293114517099,-0.2431849085076439,0.25694693605543834,0.109939825296381,-0.08667792866833038,0.012248143698127151,-0.8455521824697911,-0.024982609121404306,-0.22165501282408134,-0.21429403039929973,-0.1422324298038414,0.39820237470992037,-0.3405250862014212,0.06771782201178358,0.3802718612142647,-0.3398634594331479,0.1583708591972281,0.31288888704723483,-0.3106263232261168,0.266856354641044,0.04121410368401287,-0.12854241813005143
15,True,0.16000000000000011,4.842782878951243,False,True,0.0,False,,-0.0,-0.8726646259971648,0.5511979890722987,-0.20943951023931948,0.3026168563848328,-0.12892269121438638,0.5388468935301547,-0.34906585039886556,0.07009719596704014,0.5002412957309624,-0.3302733557201785,0.14773414036788213,0.3947457319801789,-0.23051870506795918,0.2568274930704124,0.13021454493938578,-0.07368354936859295,-0.0,-0.8726646259971648,0.5511979890722987,-0.20943951023931948,0.3026168563848328,-0.12892269121438638,0.5388468935301547,-0.34906585039886556,0.07009719596704014,0.5002412957309624,-0.3302733557201785,0.14773414036788213,0.3947457319801789,-0.23051870506795918,0.2568274930704124,0.13021454493938578,-0.07368354936859295,0.014080373854534745,-0.8535234767261907,-0.020031216487134018,-0.21951387527121996,-0.12977468866437622,-0.13977594515769057,0.4223762044536608,-0.3411064505662719,0.06826374698311312,0.40160577698714656,-0.3399547353477419,0.15699366849636878,0.3272170690620925,-0.2980809128471506,0.26504554071773706,0.056099859705837404,-0.11973933945690676
16,True,0.17000000000000012,4.746987968129025,False,True,0.0,False,,-0.0,-0.8726646259971648,0.52443924917849,-0.20943951023931945,0.4075943028320925,-0.12774034977457996,0.5682652626450277,-0.3446818424228014,0.07159991007124923,0.521462085386335,-0.31245833580298044,0.14647214623329172,0.4136944750490461,-0.21016912845097577,0.25799545613455555,0.15322948102307787,-0.05951726477892778,-0.0,-0.8726646259971648,0.52443924917849,-0.20943951023931945,0.4075943028320925,-0.12774034977457996,0.5682652626450277,-0.3446818424228014,0.07159991007124923,0.521462085386335,-0.31245833580298044,0.14647214623329172,0.4136944750490461,-0.21016912845097577,0.25799545613455555,0.15322948102307787,-0.05951726477892778,0.014893259915376293,-0.8593550353405711,-0.01641132050076998,-0.21783429439672977,-0.037926669385638025,-0.13760037995386215,0.4480285492918651,-0.34106602023451815,0.0688366407630481,0.4233724501548407,-0.337565308041458,0.1555832672946693,0.34226937116243034,-0.28359138008952495,0.2638210800012639,0.07239692296271916,-0.10978280014178028
17,True,0.18000000000000013,4.677425446325103,False,True,0.0,False,,-0.0,-0.8726646259971647,0.49923751392697574,-0.20943951023931945,0.48861341958060606,-0.12545551481825884,0.6021567908084018,-0.34464974903585555,0.0723583510559281,0.5411951077827565,-0.2894558964054452,0.14482762365134313,0.43031261165920964,-0.18209546561589093,0.2579194233417637,0.1760587526429483,-0.04453911546609601,-0.0,-0.8726646259971647,0.49923751392697574,-0.20943951023931945,0.48861341958060606,-0.12545551481825884,0.6021567908084018,-0.34464974903585555,0.0723583510559281,0.5411951077827565,-0.2894558964054452,0.14482762365134313,0.43031261165920964,-0.18209546561589093,0.2579194233417637,0.1760587526429483,-0.04453911546609601,0.01488392071788647,-0.8635123442684184,-0.013767244338221905,-0.21650360853345535,0.056978109024102365,-0.13557594190903946,0.47511063535484727,-0.34078557935647485,0.06946976314263151,0.4451794374319673,-0.3319388788655542,0.15414594699010023,0.35792632477816894,-0.26700791918047007,0.26302799725165804,0.09006302329655651,-0.09879318611350932
18,True,0.19000000000000014,4.635454615343776,False,True,0.0,False,,-0.0,-0.8726646259971647,0.4748178612546805,-0.20943951023931948,0.5413507487003033,-0.125408043176461,0.6400015126357131,-0.3490658503988658,0.07237175078194728,0.5508006725709262,-0.24589514954814318,0.14528854383939369,0.44170473461736776,-0.14176654819855455,0.2587122041349995,0.20065132068840943,-0.027594099431668087,-0.0,-0.8726646259971647,0.4748178612546805,-0.20943951023931948,0.5413507487003033,-0.125408043176461,0.6400015126357131,-0.3490658503988658,0.07237175078194728,0.5508006725709262,-0.24589514954814318,0.14528854383939369,0.44170473461736776,-0.14176654819855455,0.2587122041349995,0.20065132068840943,-0.027594099431668087,0.014214469962284072,-0.8653170777574047,-0.011841076052379341,-0.21545575054650454,0.1500681361764799,-0.13375322311128388,0.5039065012511293,-0.34047183536834424,0.07008963444619909,0.46601888054035573,-0.32132288965583417,0.15282571909158832,0.37357334975028345,-0.2472465429215057,0.26256862560052247,0.10904912834930121,-0.08675463571728245
19,True,0.20000000000000015,4.611665518350161,False,True,0.0,False,,-0.0,-0.8726646259971648,0.44840491847698266,-0.20943951023931956,0.5985533322581942,-0.12396069971282295,0.6765508600098671,-0.34906585039886573,0.0736278534064021,0.5726581650986695,-0.22314759432093922,0.14429972190292326,0.4606799614617819,-0.11373352467402077,0.25989415052010795,0.22554561791377958,-0.010422170115341911,-0.0,-0.8726646259971648,0.44840491847698266,-0.20943951023931956,0.5985533322581942,-0.12396069971282295,0.6765508600098671,-0.34906585039886573,0.0736278534064021,0.5726581650986695,-0.22314759432093922,0.14429972190292326,0.4606799614617819,-0.11373352467402077,0.25989415052010795,0.22554561791377958,-0.010422170115341911,0.013053254377023092,-0.8656759219627913,-0.010433258297126064,-0.21460440786226814,0.23806432770101513,-0.13211210742928609,0.5343921622817402,-0.3402005866592489,0.07072793659120724,0.48614573509759923,-0.3064538017272389,0.15164694605777107,0.38934586954507894,-0.2247452329526349,0.2623687360635086,0.129276160545065,-0.07368869456672343
20,True,0.21000000000000016,4.5997691627004444,False,True,0.0,False,,-0.0,-0.8726646259971648,0.4194700078679453,-0.20943951023931945,0.6483176681526177,-0.1226676590405929,0.7141806836110444,-0.3490658503988659,0.07492358802034987,0.5928624932647015,-0.19497347868013476,0.1440674723694407,0.47783213055035867,-0.08071659132766305,0.2615217845016416,0.25127512659287937,0.007537912149641345,-0.0,-0.8726646259971648,0.4194700078679453,-0.20943951023931945,0.6483176681526177,-0.1226676590405929,0.7141806836110444,-0.3490658503988659,0.07492358802034987,0.5928624932647015,-0.19497347868013476,0.1440674723694407,0.47783213055035867,-0.08071659132766305,0.2615217845016416,0.25127512659287937,0.007537912149641345,0.011553294582839995,-0.8654318296579943,-0.009530258257250512,-0.2139040417141791,0.31980535386383746,-0.13058254413337114,0.5663963138130627,-0.33998630378175576,0.07144568011677467,0.5060864080393521,-0.288507833462641,0.15060645770595116,0.4054342166849324,-0.20008543716655802,0.2624233474149577,0.1506442475235009,-0.0596537335429481
21,True,0.22000000000000017,4.59802511220699,False,True,0.0,False,,-0.0,-0.8726646259971644,0.3882862920337305,-0.20943951023931925,0.6896765400183074,-0.12056372016480058,0.7531792392452487,-0.3490658503988659,0.07545568769153198,0.6125963534415245,-0.16456197151081883,0.14501086003938962,0.4945620831639155,-0.04701856303582028,0.26383925576338935,0.27830862848838667,0.026139818363113135,-0.0,-0.8726646259971644,0.3882862920337305,-0.20943951023931925,0.6896765400183074,-0.12056372016480058,0.7531792392452487,-0.3490658503988659,0.07545568769153198,0.6125963534415245,-0.16456197151081883,0.14501086003938962,0.4945620831639155,-0.04701856303582028,0.26383925576338935,0.27830862848838667,0.026139818363113135,0.00983238520893505,-0.8649956454564196,-0.00921443417340769,-0.21333080274548877,0.3946054258211355,-0.1290665969709498,0.5998166004094969,-0.33982764695890477,0.07220708284666254,0.5259778933369199,-0.26793205630067984,0.14980089590261736,0.42177741363629306,-0.1735070756440835,0.2628107453156725,0.1731113464659255,-0.044707054136977765
22,True,0.23000000000000018,4.600689954897549,False,True,0.0,False,,-0.0,-0.8726646259971644,0.35287326431786625,-0.20943951023931925,0.747557655723779,-0.12092001590672953,0.7807702612415001,-0.3290179553481248,0.07869391973258051,0.6326542902183377,-0.13315115796632723,0.14435486517793886,0.5172178118631704,-0.014648670514508995,0.2647698544687351,0.30456786953221876,0.0445303800029074,-0.0,-0.8726646259971644,0.35287326431786625,-0.20943951023931925,0.747557655723779,-0.12092001590672953,0.7807702612415001,-0.3290179553481248,0.07869391973258051,0.6326542902183377,-0.13315115796632723,0.14435486517793886,0.5172178118631704,-0.014648670514508995,0.2647698544687351,0.30456786953221876,0.0445303800029074,0.007964598706435141,-0.8645508874942262,-0.009188159329785787,-0.21287877139622502,0.463981986663594,-0.12767212520434368,0.6336178690760723,-0.3389317444271065,0.07316088086315264,0.5458855880510058,-0.24505084182648584,0.14917443216241089,0.43874954205367,-0.14541728164786155,0.2634565879874942,0.19652291389122845,-0.02896987158708559
23,True,0.24000000000000019,4.604631652133579,False,True,0.0,False,,-0.0,-0.8726646259971644,0.31614877084085397,-0.2094395102393193,0.7884450929989326,-0.12002165237984107,0.8124874791343213,-0.3139365678128958,0.07998757947678088,0.6541599578068356,-0.10372760485679265,0.14401944121190102,0.537323911024934,0.01801732392726145,0.2680980382535271,0.33232161857697207,0.0641795314812554,-0.0,-0.8726646259971644,0.31614877084085397,-0.2094395102393193,0.7884450929989326,-0.12002165237984107,0.8124874791343213,-0.3139365678128958,0.07998757947678088,0.6541599578068356,-0.10372760485679265,0.14401944121190102,0.537323911024934,0.01801732392726145,0.2680980382535271,0.33232161857697207,0.0641795314812554,0.006028129529263059,-0.8641693531427829,-0.009276107851787296,-0.21252704708574163,0.528482886074228,-0.12643155470377498,0.6672013006163517,-0.33625853775209125,0.07431031360313066,0.5659605574792502,-0.22038444394184442,0.14864693688884803,0.45647149832437206,-0.1161815694838305,0.2644265706509329,0.22079131799132232,-0.012493655922111156
24,True,0.25000000000000017,4.608417421261648,False,True,0.0,False,,-0.0,-0.8726646259971644,0.2779911493994318,-0.20943951023931925,0.81548611947594,-0.11823589773383258,0.8436638471171135,-0.2980808349720539,0.08272122574203095,0.6770611677416359,-0.073834157244737,0.14498859885402895,0.5580349214093702,0.049147961975591785,0.27249745488654586,0.3608733507554262,0.08482522743404719,-0.0,-0.8726646259971644,0.2779911493994318,-0.20943951023931925,0.81548611947594,-0.11823589773383258,0.8436638471171135,-0.2980808349720539,0.08272122574203095,0.6770611677416359,-0.073834157244737,0.14498859885402895,0.5580349214093702,0.049147961975591785,0.27249745488654586,0.3608733507554262,0.08482522743404719,0.004093481840211212,-0.8638694998746211,-0.00939148617171622,-0.21225094217791796,0.5871505433922758,-0.1252283933853253,0.7004606475229391,-0.3313394970776198,0.075668775976137,0.5864064454962371,-0.19439335653199782,0.14827874814332917,0.47485982252073333,-0.0861898298478575,0.2658825696946601,0.24589909673689314,0.004740587510772535
25,True,0.2600000000000002,4.61150707161273,False,True,0.0,False,,-0.0,-0.8726646259971644,0.23719104694856993,-0.20943951023931923,0.8510863511569658,-0.11729775350465098,0.8753853444034492,-0.2813943195098274,0.0857520902104735,0.6998696953527981,-0.043936856965804204,0.14669998482503155,0.5785833150497917,0.08200126728335216,0.27722525773582113,0.3896105342569793,0.10537716230583653,-0.0,-0.8726646259971644,0.23719104694856993,-0.20943951023931923,0.8510863511569658,-0.11729775350465098,0.8753853444034492,-0.2813943195098274,0.0857520902104735,0.6998696953527981,-0.043936856965804204,0.14669998482503155,0.5785833150497917,0.08200126728335216,0.27722525773582113,0.3896105342569793,0.10537716230583653,0.002207146393611906,-0.8636454322201239,-0.009495390877855092,-0.2120382059699263,0.6404245484891443,-0.12403745017293422,0.7334115166530659,-0.3241551735380077,0.07729461256132594,0.6073102039417375,-0.16739977649526244,0.14811077700739692,0.4938092674546782,-0.05561243262166223,0.26790481712308595,0.27178697342728664,0.02268289310903359
26,True,0.2700000000000002,4.613791746100916,False,True,0.0,False,,-0.0,-0.8726646259971644,0.19276557612994466,-0.2094395102393193,0.8759488474625509,-0.11618870786360806,0.9048459120000775,-0.2599728920346852,0.08831618187866568,0.7223213272974394,-0.014304970781432927,0.14780975913125527,0.600365779323378,0.11453014164549458,0.2812865009474341,0.41830776240465656,0.12643758372384056,-0.0,-0.8726646259971644,0.19276557612994466,-0.2094395102393193,0.8759488474625509,-0.11618870786360806,0.9048459120000775,-0.2599728920346852,0.08831618187866568,0.7223213272974394,-0.014304970781432927,0.14780975913125527,0.600365779323378,0.11453014164549458,0.2812865009474341,0.41830776240465656,0.12643758372384056,0.0003925624737908722,-0.8634843080366618,-0.009574578245864256,-0.2118752130894906,0.6886004770991707,-0.12286513246047029,0.7659402038966571,-0.3145574426607772,0.07916109382682253,0.6286241351387216,-0.13967136928595736,0.14815417873545172,0.5132957767455897,-0.024547604435082766,0.2704271322117398,0.29834365833223636,0.041266527941888696
27,True,0.2800000000000002,4.615339913895998,False,True,0.0,False,,-0.0,-0.8726646259971644,0.146084860812409,-0.20943951023931934,0.9017149308904033,-0.11515792224127769,0.933793270315381,-0.23781305601510516,0.09136150413029247,0.7453645486399049,0.015463538926377082,0.1495785038085789,0.6221955440349409,0.14685074527316125,0.28652855743345834,0.4472468850250217,0.14779031468655912,-0.0,-0.8726646259971644,0.146084860812409,-0.20943951023931934,0.9017149308904033,-0.11515792224127769,0.933793270315381,-0.23781305601510516,0.09136150413029247,0.7453645486399049,0.015463538926377082,0.1495785038085789,0.6221955440349409,0.14685074527316125,0.28652855743345834,0.4472468850250217,0.14779031468655912,-0.0013360076591231351,-0.8633758699275673,-0.009628914820948017,-0.21175136125263036,0.7320523859999445,-0.12171139827892774,0.7979229202823819,-0.3025285615654958,0.08124796662386362,0.6503110188466245,-0.1114026318788785,0.1484557178198829,0.5332981773150024,0.006878694063758339,0.27342789768490555,0.3254625869767533,0.060431719454691696
28,True,0.2900000000000002,4.616293741169801,False,True,0.0,False,,-0.0,-0.8726646259971644,0.0967328838532301,-0.20943951023931934,0.9246101764073135,-0.11396383173440124,0.9627534660323054,-0.21531642506001542,0.09472861422113923,0.7684753809428768,0.04479458214587544,0.15155999525503677,0.6442569639915504,0.17894333449201283,0.29221206404698247,0.47637134622006766,0.1693105276888021,-0.0,-0.8726646259971644,0.0967328838532301,-0.20943951023931934,0.9246101764073135,-0.11396383173440124,0.9627534660323054,-0.21531642506001542,0.09472861422113923,0.7684753809428768,0.04479458214587544,0.15155999525503677,0.6442569639915504,0.17894333449201283,0.29221206404698247,0.47637134622006766,0.1693105276888021,-0.002970713967789041,-0.8633106797180834,-0.00966357607931687,-0.21165805753831443,0.7712951008615833,-0.12056467657424422,0.8293530800114044,-0.2882929557474305,0.08356363752134009,0.6723393729061783,-0.08276501774953517,0.14904790700827567,0.5537677407226486,0.038547153566620126,0.2769213869876362,0.3530579389029347,0.08011021066348459
29,True,0.3000000000000002,4.616822327404291,False,True,0.0,False,,-0.0,-0.8726646259971644,0.05130164270843701,-0.20943951023931937,0.9440102478486029,-0.11197879614251556,0.9922950000472188,-0.1943803601885748,0.09873058223136928,0.7924261585841801,0.07350526189787215,0.1537517635272347,0.6664830815537749,0.210704553787281,0.29804582121197126,0.5054992030083229,0.19026823882262373,-0.0,-0.8726646259971644,0.05130164270843701,-0.20943951023931937,0.9440102478486029,-0.11197879614251556,0.9922950000472188,-0.1943803601885748,0.09873058223136928,0.7924261585841801,0.07350526189787215,0.1537517635272347,0.6664830815537749,0.210704553787281,0.29804582121197126,0.5054992030083229,0.19026823882262373,-0.004508179548152061,-0.8632773122436563,-0.009684562031054311,-0.21158767826259187,0.8066440029662137,-0.11935334416150646,0.86033778771702,-0.27231150271733073,0.08614544670495582,0.6947225637760521,-0.053937777539967306,0.14993650854469795,0.5746515109398828,0.07034602771564567,0.2808863255891062,0.3810468574587509,0.10017621510776341
30,True,0.3100000000000002,4.617098367501316,False,True,0.0,False,,-0.0,-0.8726646259971643,0.005238792683829457,-0.20943951023931937,0.956630298746306,-0.1115037740985811,1.018811910402981,-0.16860583245936256,0.1016976908229857,0.8149736508709856,0.10311477764144407,0.1554285041123315,0.6885123282422919,0.2417951124110627,0.3034902962162907,0.5346709617232718,0.21303617078137563,-0.0,-0.8726646259971643,0.005238792683829457,-0.20943951023931937,0.956630298746306,-0.1115037740985811,1.018811910402981,-0.16860583245936256,0.1016976908229857,0.8149736508709856,0.10311477764144407,0.1554285041123315,0.6885123282422919,0.2417951124110627,0.3034902962162907,0.5346709617232718,0.21303617078137563,-0.005959660093278286,-0.8632630725332662,-0.009697480539381579,-0.21153334535848803,0.8380134603893512,-0.11813752482445107,0.8907581909365757,-0.2546526214335722,0.08892748678908048,0.7173487944055685,-0.02496765546198754,0.15106110709573192,0.5958700445050458,0.10214903067210332,0.2852367465534228,0.40935036735111496,0.12065369910875864
31,True,0.32000000000000023,4.658466274989289,False,True,0.0,False,,-0.0,-0.8726646259971643,-0.040915569912355836,-0.2094395102393194,0.9748960524940404,-0.10869919169070144,1.0494361471626286,-0.14984206043197976,0.10843110958000879,0.8388599294504533,0.1294876776753339,0.16043626904040803,0.7118022555376439,0.2726106562646606,0.31079630084599813,0.5635171623122975,0.23266769683354563,-0.0,-0.8726646259971643,-0.040915569912355836,-0.2094395102393194,0.9748960524940404,-0.10869919169070144,1.0494361471626286,-0.14984206043197976,0.10843110958000879,0.8388599294504533,0.1294876776753339,0.16043626904040803,0.7118022555376439,0.2726106562646606,0.31079630084599813,0.5635171623122975,0.23266769683354563,-0.007255934774299689,-0.8632616989666441,-0.012486379896219564,-0.2114662506614227,0.8660232932597557,-0.1168257228615414,0.9208396426101499,-0.23590807003824998,0.09209936548218361,0.7402020950924257,0.003890082785169501,0.15259651517249476,0.6174468708803625,0.13385738539761594,0.29001907171947666,0.43788367534982864,0.14132878683158043
32,True,0.33000000000000024,4.787396480814407,False,True,0.0,False,,-0.0,-0.8726646259971643,-0.09030721819919114,-0.20943951023931942,0.9829897745593086,-0.10635946604847388,1.082035369384257,-0.13601342719415724,0.11348027785230294,0.8629280167453592,0.15491965105452535,0.16349120303351408,0.7342083970586692,0.30273536117690714,0.3187165984882437,0.5939081154636495,0.251288914414084,-0.0,-0.8726646259971643,-0.09030721819919114,-0.20943951023931942,0.9829897745593086,-0.10635946604847388,1.082035369384257,-0.13601342719415724,0.11348027785230294,0.8629280167453592,0.15491965105452535,0.16349120303351408,0.7342083970586692,0.30273536117690714,0.3187165984882437,0.5939081154636495,0.251288914414084,-0.008346376313443059,-0.8632689899412995,-0.021252131569732075,-0.2113748064967426,0.8907336185269357,-0.11533597528153607,0.9510237344809144,-0.2171071068490726,0.09571691679148482,0.7633106900233899,0.03234470354872589,0.1545542335076769,0.6393292540439226,0.16537744878058433,0.2953202010427709,0.4666896525302862,0.1618886770149449
33,True,0.34000000000000025,5.023773434821107,False,False,0.0,False,,-0.0,-0.8726646259971643,-0.1447224714862234,-0.2090909963325425,0.9954693144564449,-0.10484587132629368,1.1046164342575555,-0.10623927454649312,0.11898698829897537,0.88343225849297,0.18436356544849064,0.16782442086724622,0.7575526270304375,0.3334056932755905,0.3295384989662305,0.6218508565368045,0.27515741410447014,-0.0,-0.8726646259971643,-0.1447224714862234,-0.2090909963325425,0.9954693144564449,-0.10484587132629368,1.1046164342575555,-0.10623927454649312,0.11898698829897537,0.88343225849297,0.18436356544849064,0.16782442086724622,0.7575526270304375,0.3334056932755905,0.3295384989662305,0.6218508565368045,0.27515741410447014,-0.00926514682011763,-0.8632797399425594,-0.03754361767489401,-0.21124887362950356,0.9125059823801552,-0.1137324330106145,0.9807696871726552,-0.19759880465050492,0.09972567312909407,0.7863810761157244,0.06060731582608059,0.15691300684937937,0.6614877694430078,0.1967069321998672,0.301358153377265,0.4956145560877728,0.1825949548414565
34,True,0.35000000000000026,5.384164851757937,False,False,0.0,False,,-0.0,-0.8726646259971643,-0.1931208879691186,-0.18624839318496142,0.9798058868895263,-0.09923914905955884,1.1366139634747194,-0.09132622129821981,0.1255274482791501,0.9092781895275399,0.2077351942772371,0.171748610948497,0.7786916153698337,0.3604847669346002,0.3356673113544691,0.6505242706714884,0.29338616650609817,-0.0,-0.8726646259971643,-0.1931208879691186,-0.18624839318496142,0.9798058868895263,-0.09923914905955884,1.1366139634747194,-0.09132622129821981,0.1255274482791501,0.9092781895275399,0.2077351942772371,0.171748610948497,0.7786916153698337,0.3604847669346002,0.3356673113544691,0.6505242706714884,0.29338616650609817,-0.010076550747360436,-0.863285069641647,-0.06092421802871013,-0.2093376878208665,0.9297711862169958,-0.11177532898214539,1.0102493180958818,-0.17776654355209287,0.1041523191644355,0.8095632579221035,0.08845563191639212,0.159635990894527,0.6837483234261079,0.2276069490269989,0.3078997459932113,0.524546580845623,0.2032937855635645
35,True,0.36000000000000026,5.88887147341786,False,False,0.0,False,,-0.0,-0.8726646259971643,-0.24491005333267227,-0.18554538689843514,0.9903612592075881,-0.09702800418038073,1.1585940777248607,-0.06256719298724031,0.13193577801010634,0.9298040930976155,0.23624032040208742,0.17632233962811616,0.8015233301124983,0.389400479353469,0.343418734124405,0.6766063070866607,0.3153457840084286,-0.0,-0.8726646259971643,-0.24491005333267227,-0.18554538689843514,0.9903612592075881,-0.09702800418038073,1.1585940777248607,-0.06256719298724031,0.13193577801010634,0.9298040930976155,0.23624032040208742,0.17632233962811616,0.8015233301124983,0.389400479353469,0.343418734124405,0.6766063070866607,0.3153457840084286,-0.010859428530286376,-0.8632876110711891,-0.09041680812110349,-0.20600251076846415,0.9434128445556337,-0.1095053763966766,1.039147015843885,-0.15728132774147566,0.10899066073312753,0.8327021137804893,0.1160220991861603,0.1626991103369655,0.7060645225131142,0.2580342650728445,0.3147321540123059,0.5532632682353065,0.22400029715469408
36,True,0.3700000000000003,6.3089308305904686,False,False,0.0,False,,-0.0,-0.8726646259971645,-0.3029481673166897,-0.16453750939909043,0.9723420822648129,-0.09372415111610904,1.1810427009654927,-0.034991168790516884,0.1378700013101717,0.949453855634231,0.2680905557750654,0.1840353923975433,0.821253666383807,0.4182577378156276,0.35694607265124584,0.702389982870242,0.3376752893670803,-0.0,-0.8726646259971645,-0.3029481673166897,-0.16453750939909043,0.9723420822648129,-0.09372415111610904,1.1810427009654927,-0.034991168790516884,0.1378700013101717,0.949453855634231,0.2680905557750654,0.1840353923975433,0.821253666383807,0.4182577378156276,0.35694607265124584,0.702389982870242,0.3376752893670803,-0.01165685443375832,-0.8632868034406931,-0.12552212408035684,-0.20081925342442572,0.9529698194571289,-0.10702183042923444,1.0670538720863527,-0.1356440053417938,0.1141513446322324,0.8554684985144566,0.1438572891384917,0.16631258703697907,0.7282421775365836,0.28809620831173527,0.3222285772260306,0.5815752517418508,0.24489296995235516
37,True,0.3800000000000003,6.326963602679951,False,False,0.0,False,,-0.0,-0.8726646259971647,-0.3490658503988659,-0.15657653003080496,0.9642129976044879,-0.08820732555008447,1.2093702237148656,-0.018548859631788477,0.1486220181277793,0.9740410954365387,0.28614559867728,0.18832681671445478,0.8431785268706845,0.44371819193451445,0.3673794895905058,0.7300157400858283,0.35562371473110066,-0.0,-0.8726646259971647,-0.3490658503988659,-0.15657653003080496,0.9642129976044879,-0.08820732555008447,1.2093702237148656,-0.018548859631788477,0.1486220181277793,0.9740410954365387,0.28614559867728,0.18832681671445478,0.8431785268706845,0.44371819193451445,0.3673794895905058,0.7300157400858283,0.35562371473110066,-0.01249456958861668,-0.8632844786976578,-0.16472308196373928,-0.19407697015091843,0.958411978917192,-0.10418064351805842,1.0943922457226485,-0.11371942038413281,0.11990328133681966,0.8781205841794303,0.17118804121980966,0.17036954638561388,0.7502666254038448,0.31760648374855893,0.3304592026402379,0.6095848618427059,0.26568841049774145
38,True,0.3900000000000003,6.1994962946799514,False,False,0.0,False,,-0.0,-0.8726646259971647,-0.34906585039886584,-0.17173065062492518,0.9786641420029122,-0.08184140916952456,1.2345110281462455,0.0008877294640963034,0.156513232561105,0.995373188772664,0.30787449425684005,0.19330432928785915,0.8658195213258605,0.4668469093291599,0.37360784065701175,0.7566697444272766,0.37379871023338185,-0.0,-0.8726646259971647,-0.34906585039886584,-0.17173065062492518,0.9786641420029122,-0.08184140916952456,1.2345110281462455,0.0008877294640963034,0.156513232561105,0.995373188772664,0.30787449425684005,0.19330432928785915,0.8658195213258605,0.4668469093291599,0.37360784065701175,0.7566697444272766,0.37379871023338185,-0.013487091583027964,-0.8632835726406403,-0.202961518116598,-0.18841356010127303,0.9623814114802683,-0.10081128005572905,1.121373882464946,-0.09208486676483138,0.12626248353067887,0.9007077412934127,0.19751766173863144,0.17469494463857124,0.7722781514714971,0.3462358008784133,0.3389332548075938,0.6373588994871768,0.2861306188468429
39,True,0.4000000000000003,6.056074661838784,False,False,0.0,False,,-0.0,-0.8726646259971647,-0.3490658503988659,-0.051050315593490575,0.8519953641030619,-0.07748633258875082,1.2554151771265112,0.02471710911716298,0.1653769551312374,1.0138186121165056,0.33553138551299433,0.19920291450388816,0.885075895202725,0.49240392192313487,0.38171457722505225,0.7810230390995313,0.3931224702635293,-0.0,-0.8726646259971647,-0.3490658503988659,-0.051050315593490575,0.8519953641030619,-0.07748633258875082,1.2554151771265112,0.02471710911716298,0.1653769551312374,1.0138186121165056,0.33553138551299433,0.19920291450388816,0.885075895202725,0.49240392192313487,0.38171457722505225,0.7810230390995313,0.3931224702635293,-0.01469524634092552,-0.8632577481450402,-0.23653854861479343,-0.17504183669488238,0.9558974091760004,-0.09702483898167272,1.1476796079776304,-0.07047142268680938,0.13313277003324103,0.9229119265768574,0.2233768564108658,0.1792781964152474,0.7941103399537589,0.3740603398832514,0.3473973710318776,0.6647388341828151,0.3062598315747605
40,True,0.4100000000000003,5.908460411493783,False,False,0.0,False,,-0.0,-0.872664625997145,-0.3490658503988607,0.6532059972584554,-0.3490658503986205,-0.06929918581958348,1.2766242238464742,0.04730810061037158,0.1755764239498652,1.03390116537527,0.35728605364239924,0.20594206856715497,0.9039185969633092,0.5180167116885259,0.3952936450274263,0.8040760649570009,0.41275563023044537,-0.0,-0.872664625997145,-0.3490658503988607,0.6532059972584554,-0.3490658503986205,-0.06929918581958348,1.2766242238464742,0.04730810061037158,0.1755764239498652,1.03390116537527,0.35728605364239924,0.20594206856715497,0.9039185969633092,0.5180167116885259,0.3952936450274263,0.8040760649570009,0.41275563023044537,-0.016094132840024606,-0.8631684219683581,-0.2645542627116074,-0.12516925699406822,0.9089115538727964,-0.09269924190269492,1.1731204575478875,-0.048696126448832866,0.14055286910783168,0.944668666367019,0.2487978214278246,0.18418463991367803,0.8155585493668402,0.40130479019044896,0.35623253805641697,0.6915189560367174,0.32619907117777935
41,True,0.4200000000000003,5.742370071098813,False,False,0.0,False,,-0.0,-0.8726646259971496,-0.34906585039886157,0.6528918631366455,-0.3490658503986803,-0.05982959125667269,1.2953789298646168,0.07085393495833299,0.18645675600116884,1.0522678380487502,0.3803337365465571,0.2134719931177757,0.9234414727432437,0.5412685629847258,0.4042529262898786,0.8262094532213472,0.43088125935520716,-0.0,-0.8726646259971496,-0.34906585039886157,0.6528918631366455,-0.3490658503986803,-0.05982959125667269,1.2953789298646168,0.07085393495833299,0.18645675600116884,1.0522678380487502,0.3803337365465571,0.2134719931177757,0.9234414727432437,0.5412685629847258,0.4042529262898786,0.8262094532213472,0.43088125935520716,-0.017613634028357895,-0.863104207375269,-0.2869518294101291,-0.045983860914097466,0.8302455340031529,-0.08760036496160123,1.1975426151145907,-0.026676322777647452,0.14857945123485589,0.9659363337807484,0.27371904711490463,0.1894980205791224,0.8366204021235621,0.4279422751336103,0.3654165926333313,0.7175649980337429,0.3459131467275453
42,True,0.4300000000000003,5.562244314158891,False,False,0.0,False,,-0.0,-0.8726646259971532,-0.3490658503988624,0.6454796639895145,-0.34906585039872634,-0.0521071610860283,1.3142710525714147,0.09194826927196721,0.1945941238822001,1.0698566582664863,0.4014241872609841,0.2181071228690176,0.9412704472047331,0.5632321625097989,0.40731204796925014,0.848365982330017,0.44845986743937505,-0.0,-0.8726646259971532,-0.3490658503988624,0.6454796639895145,-0.34906585039872634,-0.0521071610860283,1.3142710525714147,0.09194826927196721,0.1945941238822001,1.0698566582664863,0.4014241872609841,0.2181071228690176,0.9412704472047331,0.5632321625097989,0.40731204796925014,0.848365982330017,0.44845986743937505,-0.0191697385324196,-0.8630986214515673,-0.3042885850722228,0.04517930840894068,0.7388515019196051,-0.08180477135917036,1.220917256918745,-0.004565266670740714,0.15698562819363776,0.9866293097166962,0.29807030595393114,0.19502026127721417,0.8572371970845077,0.45384101374913627,0.37427582512350577,0.7428719340310218,0.36531126735499
43,True,0.44000000000000034,5.381539176360909,False,False,0.0,False,,-0.0,-0.8726646259971559,-0.3490658503988631,0.6400419523435328,-0.3490658503987625,-0.04342846660478981,1.3322605209564204,0.11180296676685367,0.20272679468682217,1.086500048476288,0.42188499027159126,0.22269661012630293,0.9581134502721458,0.5846931176424235,0.4098545630909947,0.8696098521319525,0.4652983762590467,-0.0,-0.8726646259971559,-0.3490658503988631,0.6400419523435328,-0.3490658503987625,-0.04342846660478981,1.3322605209564204,0.11180296676685367,0.20272679468682217,1.086500048476288,0.42188499027159126,0.22269661012630293,0.9581134502721458,0.5846931176424235,0.4098545630909947,0.8696098521319525,0.4652983762590467,-0.02068620596123586,-0.8631283999716052,-0.3174364669729088,0.14124951145208894,0.6423448065904391,-0.07541788996683602,1.2432877633834,0.01737069505532379,0.16552654040092699,1.0066736413892359,0.3217640671264449,0.20052922955740335,0.8772932495674767,0.47894491729513267,0.382296623216689,0.7674522449525046,0.3843138873467905
44,True,0.45000000000000034,5.2008672175558806,False,False,0.0,False,,-0.0,-0.8726646259971581,-0.34906585039886373,0.6338984250271551,-0.34906585039878996,-0.03446928046816731,1.3490191991030085,0.13104338795986195,0.21024610562106505,1.1020869506294155,0.4416896579333387,0.22645621723097378,0.9740496827751006,0.6053873882657494,0.4108183042307552,0.8897241206017878,0.4816268965181607,-0.0,-0.8726646259971581,-0.34906585039886373,0.6338984250271551,-0.34906585039878996,-0.03446928046816731,1.3490191991030085,0.13104338795986195,0.21024610562106505,1.1020869506294155,0.4416896579333387,0.22645621723097378,0.9740496827751006,0.6053873882657494,0.4108183042307552,0.8897241206017878,0.4816268965181607,-0.022092920697428485,-0.863174940348871,-0.3272393096524001,0.23653103726855082,0.5437983830326362,-0.06849372026016338,1.2646566786004128,0.03894798652126565,0.17403525679125256,1.0259936272359038,0.34476556318718715,0.2058661588850052,0.8966950257844395,0.5032439734465448,0.3892159560235967,0.7912718647177799,0.4028665331952867
45,True,0.46000000000000035,5.020613472935346,False,False,0.0,False,,-0.0,-0.8726646259971591,-0.34906585039886345,0.6275972759535543,-0.3490658503988106,-0.025313685569440334,1.3645176083790536,0.14973773233653753,0.21694477175429902,1.11634741264129,0.4606387433889847,0.2293064081278347,0.9891701790664844,0.6253023329196143,0.409831912858772,0.9087059856543732,0.4975706031074099,-0.0,-0.8726646259971591,-0.34906585039886345,0.6275972759535543,-0.3490658503988106,-0.025313685569440334,1.3645176083790536,0.14973773233653753,0.21694477175429902,1.11634741264129,0.4606387433889847,0.2293064081278347,0.9891701790664844,0.6253023329196143,0.409831912858772,0.9087059856543732,0.4975706031074099,-0.023318935405152195,-0.863237657929282,-0.33440538713791645,0.3210955963503112,0.4444709870525697,-0.06109100771508835,1.2849946322758539,0.06006755851055599,0.1823582356886217,1.0444976603300753,0.36704898678064346,0.2108818817355865,0.9153795648529184,0.5267367727969169,0.39483857605063516,0.8142728255673229,0.42094984577928113
46,True,0.47000000000000036,4.842249500158599,False,True,0.0,False,,-0.0,-0.8726646259971598,-0.3490658503988637,0.6232042331069293,-0.3490658503988182,-0.020192435307954372,1.37712619611397,0.16992310878715003,0.22262002979252127,1.129195622798894,0.4794122907057215,0.23150892077369123,1.0042286319872462,0.6440729073246466,0.40429851097060565,0.9259273647213173,0.5125498392214637,-0.0,-0.8726646259971598,-0.3490658503988637,0.6232042331069293,-0.3490658503988182,-0.020192435307954372,1.37712619611397,0.16992310878715003,0.22262002979252127,1.129195622798894,0.4794122907057215,0.23150892077369123,1.0042286319872462,0.6440729073246466,0.40429851097060565,0.9259273647213173,0.5125498392214637,-0.024336541397136726,-0.8633034179055906,-0.3395889661602256,0.3908788468576188,0.34485058584647066,-0.05359459897158149,1.3041331281712116,0.08083986235963184,0.19034156776325248,1.0620771628619203,0.38864036070316055,0.21546457123196527,0.9333615761379981,0.5493951841988256,0.3988064015051742,0.8363443072710974,0.43852000641212074
47,True,0.48000000000000037,4.6682354068835785,False,True,0.0,False,,-0.0,-0.8726646259971599,-0.3490658503988626,0.614632361349533,-0.3490658503988297,-0.009188061509640518,1.3907226818526532,0.18670315085172526,0.22693377468203518,1.1405662396429652,0.4961451754823015,0.2323054033232729,1.0163472406656584,0.6619290922727114,0.39968318151409954,0.9438774430322058,0.5287526057724111,-0.0,-0.8726646259971599,-0.3490658503988626,0.614632361349533,-0.3490658503988297,-0.009188061509640518,1.3907226818526532,0.18670315085172526,0.22693377468203518,1.1405662396429652,0.4961451754823015,0.2323054033232729,1.0163472406656584,0.6619290922727114,0.39968318151409954,0.9438774430322058,0.5287526057724111,-0.02514889660683031,-0.8633556418538273,-0.34332719310956744,0.4456711454612757,0.24511832262638988,-0.04587349143695599,1.322104448340543,0.10113653105802581,0.19781531847758171,1.0786238395467864,0.4094632275684576,0.21948362690635276,0.9504995547715774,0.5711908594531292,0.4010537938896261,0.8575325027162656,0.4556762567698261
48,True,0.4900000000000004,4.4993822076739844,False,True,0.0,False,,-0.0,-0.8726646259971607,-0.3490658503988631,0.6086306719872443,-0.34906585039883564,-0.0022252336308652755,1.401731105527544,0.20290691823919285,0.23185645215179324,1.1520615890394357,0.5129995463803088,0.2336713909229926,1.028560130285452,0.6784489511822941,0.38934576510807245,0.9595794153669518,0.5422460760560173,-0.0,-0.8726646259971607,-0.3490658503988631,0.6086306719872443,-0.34906585039883564,-0.0022252336308652755,1.401731105527544,0.20290691823919285,0.23185645215179324,1.1520615890394357,0.5129995463803088,0.2336713909229926,1.028560130285452,0.6784489511822941,0.38934576510807245,0.9595794153669518,0.5422460760560173,-0.025775284419522246,-0.8633870318592493,-0.3460315445180261,0.487158513614952,0.14533624208819387,-0.03798749811110775,1.3388941367560614,0.12078474467689945,0.20476046707449008,1.0941588835558766,0.4295052979919333,0.22293724946899998,0.9667231420095636,0.5920713927473226,0.4014223929505609,0.8778143160703628,0.47234200379580027
49,True,0.5000000000000003,4.337360978652987,False,True,0.0,False,,-0.0,-0.8726646259971614,-0.3490658503988632,0.6010343649380341,-0.3490658503988418,0.004324947953831065,1.4122022075894598,0.21849473708699374,0.232279104179838,1.16173424678067,0.5284249828827614,0.23174245068477092,1.0390646437726823,0.6944436771603228,0.37957552577828785,0.9745313303095114,0.556537306284792,-0.0,-0.8726646259971614,-0.3490658503988632,0.6010343649380341,-0.3490658503988418,0.004324947953831065,1.4122022075894598,0.21849473708699374,0.232279104179838,1.16173424678067,0.5284249828827614,0.23174245068477092,1.0390646437726823,0.6944436771603228,0.37957552577828785,0.9745313303095114,0.556537306284792,-0.026248419959721495,-0.8633971136140511,-0.3480060834049847,0.5175314451113135,0.048294988501027994,-0.03016810282802099,1.3544893576462707,0.13971918614835283,0.21090734957403173,1.10867161327634,0.44874567321019887,0.22565917410811812,0.9819781889603166,0.6120296362376356,0.39984719565950416,0.8971390953714327,0.4885016199914531
50,True,0.5100000000000003,4.183897564225851,False,True,0.0,False,,-0.0,-0.8726646259971618,-0.34906585039886295,0.593188017482972,-0.34906585039884763,0.009335419921274103,1.4211000137541159,0.2328952547132098,0.23196789258580564,1.1703581174644069,0.5435127854301562,0.22914669990765094,1.048544967379947,0.7097903199801276,0.36609893237399127,0.9878073149116164,0.5701779911149822,-0.0,-0.8726646259971618,-0.34906585039886295,0.593188017482972,-0.34906585039884763,0.009335419921274103,1.4211000137541159,0.2328952547132098,0.23196789258580564,1.1703581174644069,0.5435127854301562,0.22914669990765094,1.048544967379947,0.7097903199801276,0.36609893237399127,0.9878073149116164,0.5701779911149822,-0.026608803579645606,-0.8633881217532129,-0.3494746201510273,0.5388701915038158,-0.037491297760330784,-0.02263906719161925,1.368879888342578,0.15787970864854475,0.2160057594740132,1.1221238251892722,0.46718808943049434,0.22748604877671877,0.9962080233391769,0.6310993151994866,0.3962224135724005,0.9154376143358729,0.5041879489792354
51,True,0.5200000000000004,4.040280998255414,False,True,0.0,False,,-0.0,-0.8726646259971608,-0.3490658503988608,0.5856041246515561,-0.34906585039885196,0.012233296099223818,1.428516536518171,0.24652959041175845,0.23052765660164895,1.1782868680275427,0.557690395094425,0.22588671644162706,1.0567657178906846,0.7234411955508799,0.35099528581955564,1.000154509913324,0.5831053188859125,-0.0,-0.8726646259971608,-0.3490658503988608,0.5856041246515561,-0.34906585039885196,0.012233296099223818,1.428516536518171,0.24652959041175845,0.23052765660164895,1.1782868680275427,0.557690395094425,0.22588671644162706,1.0567657178906846,0.7234411955508799,0.35099528581955564,1.000154509913324,0.5831053188859125,-0.02688260968966516,-0.8633679668032953,-0.3505838392615127,0.5531091965734098,-0.10865615152665747,-0.015683027142208563,1.3820262189022086,0.17522685536252816,0.21995616314790684,1.1345277437993895,0.4848424404318581,0.22838075161424337,1.0093721973929852,0.6492396773326916,0.3904728021572797,0.932664492933656,0.5193882704731412
52,True,0.5300000000000004,3.9112071766360375,False,True,0.0,False,,-0.0,-0.8726646259971587,-0.34906585039885607,0.5799265516180233,-0.34906585039885407,0.014525319804951699,1.4352774715589276,0.2586111458786866,0.2307013295037056,1.1849179448087384,0.569254329988361,0.2247700861808425,1.0649429837913875,0.7349374295458161,0.33490106948945325,1.0123239772863282,0.5940947334706373,-0.0,-0.8726646259971587,-0.34906585039885607,0.5799265516180233,-0.34906585039885407,0.014525319804951699,1.4352774715589276,0.2586111458786866,0.2307013295037056,1.1849179448087384,0.569254329988361,0.2247700861808425,1.0649429837913875,0.7349374295458161,0.33490106948945325,1.0123239772863282,0.5940947334706373,-0.02707954985366362,-0.8633443611455028,-0.3514313568507722,0.5620409204542183,-0.16556387306872963,-0.009478605754526463,1.3939482284995086,0.19168754424564735,0.22292983514122292,1.1458854872299853,0.5015645043761466,0.22864875833102352,1.0215249597074927,0.6663070050949826,0.3826732642097329,0.9488765708486975,0.5339734224869692
53,True,0.5400000000000004,3.7940786420683494,False,True,0.0,False,,-0.0,-0.8726646259971599,-0.3490658503988583,0.5705600904903619,-0.3490658503988571,0.015427736064955906,1.4403440221737396,0.270241546236081,0.22597198260576432,1.1900275392915494,0.5814887416355721,0.21841148461867088,1.071121760090077,0.747021175222226,0.3159520260889374,1.0224270440483612,0.6052982970968893,-0.0,-0.8726646259971599,-0.3490658503988583,0.5705600904903619,-0.3490658503988571,0.015427736064955906,1.4403440221737396,0.270241546236081,0.22597198260576432,1.1900275392915494,0.5814887416355721,0.21841148461867088,1.071121760090077,0.747021175222226,0.3159520260889374,1.0224270440483612,0.6052982970968893,-0.027216457872873946,-0.863323623508013,-0.35207971660966164,0.5668125838317737,-0.21003597704045174,-0.004143709043472414,1.4046384428517917,0.2072408096798535,0.22479470390668305,1.1561494640171137,0.5173573903567931,0.22811731946757907,1.0326482156151024,0.6823328280950988,0.37283299477673004,0.9640471418552532,0.5479060926352232
54,True,0.5500000000000004,3.687535212486455,False,True,0.0,False,,-0.0,-0.8726646259971599,-0.3490658503988576,0.5635575179540145,-0.34906585039885907,0.01385427339596472,1.4444575841523701,0.2807060905305934,0.22207104196652905,1.1946765124394527,0.5921801587136345,0.2146807704014275,1.076585053021054,0.7571640325053219,0.29810521852185884,1.030947656329702,0.6147644592703924,-0.0,-0.8726646259971599,-0.3490658503988576,0.5635575179540145,-0.34906585039885907,0.01385427339596472,1.4444575841523701,0.2807060905305934,0.22207104196652905,1.1946765124394527,0.5921801587136345,0.2146807704014275,1.076585053021054,0.7571640325053219,0.29810521852185884,1.030947656329702,0.6147644592703924,-0.027301574551937487,-0.8633077753804971,-0.35257765118332474,0.5684999912808847,-0.2442699217868284,0.00012746477063965236,1.4140973701968889,0.2218752377390958,0.22557666326394504,1.165331434529009,0.5322351337766553,0.22677930153303152,1.042722206966622,0.6973219734003366,0.3611672047901489,0.9780851175608597,0.5611198774025054
55,True,0.5600000000000004,3.591955871965668,False,True,0.0,False,,-0.0,-0.872664625997158,-0.34906585039885285,0.5554684175326164,-0.34906585039886084,0.009445694092357883,1.446899885595769,0.2909527374155251,0.21572578682326865,1.1986828641674665,0.6025595514643027,0.20794669973419266,1.0800437770993687,0.7661427865967195,0.28170580916321775,1.0381928332691515,0.6233243270739545,-0.0,-0.872664625997158,-0.34906585039885285,0.5554684175326164,-0.34906585039886084,0.009445694092357883,1.446899885595769,0.2909527374155251,0.21572578682326865,1.1986828641674665,0.6025595514643027,0.20794669973419266,1.0800437770993687,0.7661427865967195,0.28170580916321775,1.0381928332691515,0.6233243270739545,-0.027340484255556376,-0.8632970791894252,-0.35295994430306277,0.5678707990252876,-0.270354159532551,0.0030621807359678486,1.4223012264803798,0.23563203615958603,0.22521550150052197,1.1734924181168467,0.5462260227768431,0.2245940747987763,1.0516789893176561,0.7112319552078898,0.3481303487248854,0.9909244205460582,0.5735335062417856
56,True,0.5700000000000004,3.507553932957018,False,True,0.0,False,,-0.0,-0.8726646259971591,-0.34906585039885446,0.5501644738442628,-0.34906585039886195,0.006866519509516773,1.4494837574514783,0.2985831443777282,0.21257859915984756,1.2014166652786913,0.6095142419188277,0.20436108417768947,1.0838448055451613,0.7727095636170638,0.26761124627697297,1.0449735713590704,0.629640479695024,-0.0,-0.8726646259971591,-0.34906585039885446,0.5501644738442628,-0.34906585039886195,0.006866519509516773,1.4494837574514783,0.2985831443777282,0.21257859915984756,1.2014166652786913,0.6095142419188277,0.20436108417768947,1.0838448055451613,0.7727095636170638,0.26761124627697297,1.0449735713590704,0.629640479695024,-0.027341596203111527,-0.8632894503122017,-0.35325478648773795,0.5656444814366693,-0.29008920778248076,0.004737646599899196,1.429331843101309,0.24841504173150572,0.223932824898255,1.1806556444415701,0.5591643541519515,0.22176913782224236,1.0595668291539675,0.7239358416058085,0.3343035398657352,1.0025916946509115,0.5849954441074323
57,True,0.5800000000000004,3.4358177648203663,False,True,0.0,False,,-0.0,-0.8726646259971591,-0.3490658503988546,0.5496735874623311,-0.34906585039886207,0.006729243370961132,1.453117501098858,0.30155330423451915,0.21249636820507484,1.204657697057158,0.6117859027710868,0.2043271579613755,1.088391296150132,0.7756411644083434,0.26621932516494373,1.0502289693522855,0.6330595013937482,-0.0,-0.8726646259971591,-0.3490658503988546,0.5496735874623311,-0.34906585039886207,0.006729243370961132,1.453117501098858,0.30155330423451915,0.21249636820507484,1.204657697057158,0.6117859027710868,0.2043271579613755,1.088391296150132,0.7756411644083434,0.26621932516494373,1.0502289693522855,0.6330595013937482,-0.027316524353507374,-0.8632824152261792,-0.35348626843976905,0.562781307997114,-0.3049487888667731,0.00559317858722542,1.435445743735056,0.2598295361205606,0.22228617850118187,1.1869365645933574,0.5706042159735263,0.2188581001125236,1.0665978177966071,0.7351426811014816,0.3210904290978475,1.0130988008520856,0.5952415262050981
58,True,0.5900000000000004,3.3760236244382393,False,True,0.0,False,,-0.0,-0.8726646259971601,-0.34906585039885624,0.5425957958293084,-0.3490658503988627,0.005593239645722946,1.4523966803213038,0.30693688476340664,0.2087229765237688,1.2047216574169444,0.6187000913196201,0.20023920808340873,1.088428887126134,0.781653737002049,0.2450390023962949,1.0538715688926674,0.6373695884015794,-0.0,-0.8726646259971601,-0.34906585039885624,0.5425957958293084,-0.3490658503988627,0.005593239645722946,1.4523966803213038,0.30693688476340664,0.2087229765237688,1.2047216574169444,0.6187000913196201,0.20023920808340873,1.088428887126134,0.781653737002049,0.2450390023962949,1.0538715688926674,0.6373695884015794,-0.027286409936667873,-0.863277457138471,-0.3536643014527019,0.5594237962710864,-0.3160959648082568,0.005960616600825473,1.4405578660624212,0.2698903001810422,0.2203815763913113,1.1922553192867995,0.5807279734659893,0.21592647187115951,1.072640821678909,0.7450164824451734,0.3079587099458999,1.022398934653814,0.6042661741559537
59,True,0.6000000000000004,3.3272688965356263,False,True,0.0,False,,-0.0,-0.8726646259971597,-0.3490658503988554,0.5420276312228952,-0.3490658503988628,0.004611661231154429,1.4534721916142854,0.3082398926535551,0.20760400136097057,1.2055786272968512,0.6194819072682569,0.19916502109556786,1.08993393184204,0.7826717728623864,0.24611047834713734,1.0562963686001972,0.6389184894256087,-0.0,-0.8726646259971597,-0.3490658503988554,0.5420276312228952,-0.3490658503988628,0.004611661231154429,1.4534721916142854,0.3082398926535551,0.20760400136097057,1.2055786272968512,0.6194819072682569,0.19916502109556786,1.08993393184204,0.7826717728623864,0.24611047834713734,1.0562963686001972,0.6389184894256087,-0.027255074834020142,-0.8632734916259681,-0.35380321096808076,0.5559387451838743,-0.3244379785235553,0.006029198241523708,1.4447204722662552,0.2785322941291697,0.218356836929992,1.1966315131142058,0.5894593129000564,0.21308148062912563,1.0776963511896251,0.7535041693859575,0.29564306753113,1.0304568624482364,0.6120274164793428
60,True,0.6100000000000004,3.2888344857260665,False,True,0.0,False,,-0.0,-0.8726646259971602,-0.34906585039885657,0.541048636098229,-0.3490658503988632,0.0023154954916148884,1.452725577029874,0.30951422963544123,0.2056426848505813,1.2051127083247377,0.6199978145718278,0.19765067997684313,1.0897799614872814,0.7830307529336359,0.2464626755371371,1.0552597886807238,0.6384128856285881,-0.0,-0.8726646259971602,-0.34906585039885657,0.541048636098229,-0.3490658503988632,0.0023154954916148884,1.452725577029874,0.30951422963544123,0.2056426848505813,1.2051127083247377,0.6199978145718278,0.19765067997684313,1.0897799614872814,0.7830307529336359,0.2464626755371371,1.0552597886807238,0.6384128856285881,-0.027224102393324276,-0.8632700297007633,-0.35391323557320586,0.5527091764349238,-0.3306700814387466,0.005762835256265344,1.447992295251594,0.28573604824547033,0.21631976113703466,1.2001099751165925,0.596672684723397,0.21043953119852768,1.0818064525389923,0.7605018935483447,0.28515160917177296,1.03708892152437,0.6183896125144077
61,True,0.6200000000000004,3.2598466939846666,False,True,0.0,False,,-0.0,-0.8726646259971601,-0.34906585039885635,0.5412166278872232,-0.34906585039886323,0.0019679864789641744,1.4513635526536848,0.3088747063586602,0.2056895376980679,1.2042715630871255,0.6194712769140738,0.19782867104495755,1.0883646413357226,0.7821482236505638,0.2466285478089254,1.0540538696229622,0.6376453666140502,-0.0,-0.8726646259971601,-0.34906585039885635,0.5412166278872232,-0.34906585039886323,0.0019679864789641744,1.4513635526536848,0.3088747063586602,0.2056895376980679,1.2042715630871255,0.6194712769140738,0.19782867104495755,1.0883646413357226,0.7821482236505638,0.2466285478089254,1.0540538696229622,0.6376453666140502,-0.027191222825831578,-0.8632671380227008,-0.35400089989217,0.5499359675922929,-0.3353199040913517,0.00527503536126861,1.4503836071788885,0.2915111274043086,0.21443969974395857,1.202731642016629,0.6024031390571155,0.20813965155309963,1.084937021141674,0.7660200945965209,0.27664935672909796,1.0422355558445688,0.6233604558329326
62,True,0.6300000000000004,3.239435031315256,False,True,0.0,False,,-0.0,-0.8726646259971602,-0.34906585039885674,0.5417260703409914,-0.34906585039886334,0.0014777725901918206,1.4486323921760262,0.30722899270824594,0.20571379857331243,1.2018743825647589,0.6177568822130277,0.19804529804673823,1.085592876744007,0.7802050875994909,0.24804011384147628,1.0505691276171376,0.6353767331666421,-0.0,-0.8726646259971602,-0.34906585039885674,0.5417260703409914,-0.34906585039886334,0.0014777725901918206,1.4486323921760262,0.30722899270824594,0.20571379857331243,1.2018743825647589,0.6177568822130277,0.19804529804673823,1.085592876744007,0.7802050875994909,0.24804011384147628,1.0505691276171376,0.6353767331666421,-0.02715596903462211,-0.8632649727741589,-0.35407046495701483,0.5477191652281044,-0.338785672111854,0.004701890493431465,1.4518710997036366,0.2958762847020962,0.2128440958100424,1.204478819896355,0.6067058890463595,0.2062684262157,1.0870335861813063,0.7701053793775795,0.2700644770536766,1.0458600872626795,0.626977884700428
63,True,0.6400000000000005,3.2299817618830224,False,True,0.0,False,,-0.0,-0.8726646259971605,-0.3490658503988573,0.5482023853878984,-0.34906585039886373,-0.001582651052265858,1.4463316264834742,0.30312828739687364,0.20828308099660847,1.2000218629234065,0.6111788205738206,0.20195833526245063,1.0837845611836352,0.7739249545105181,0.2670535115317697,1.0452000552725624,0.6306224374475903,-0.0,-0.8726646259971605,-0.3490658503988573,0.5482023853878984,-0.34906585039886373,-0.001582651052265858,1.4463316264834742,0.30312828739687364,0.20828308099660847,1.2000218629234065,0.6111788205738206,0.20195833526245063,1.0837845611836352,0.7739249545105181,0.2670535115317697,1.0452000552725624,0.6306224374475903,-0.027111688990789133,-0.8632622188418052,-0.354129341856992,0.5465091341720666,-0.34136903002854524,0.0039024132448924006,1.4525498241130201,0.2987710262651434,0.21174916714433853,1.2054290969329355,0.609340852374503,0.2050992081540416,1.0882147131313125,0.772560488661519,0.26654587237204475,1.0478910269331678,0.6291624859489849
64,True,0.6500000000000005,3.2271777748490114,False,True,0.0,False,,-0.0,-0.8726646259971604,-0.34906585039885696,0.5556049399974452,-0.34906585039886423,0.003885296779508088,1.445116495694059,0.29435533280312437,0.21530274275571212,1.197745677885091,0.6025999150768135,0.2077097484519676,1.080301438248948,0.7661018020937843,0.28073597813338863,1.038272404101592,0.6244231586122642,-0.0,-0.8726646259971604,-0.34906585039885696,0.5556049399974452,-0.34906585039886423,0.003885296779508088,1.445116495694059,0.29435533280312437,0.21530274275571212,1.197745677885091,0.6025999150768135,0.2077097484519676,1.080301438248948,0.7661018020937843,0.28073597813338863,1.038272404101592,0.6244231586122642,-0.027045935022184223,-0.8632590896362178,-0.3541798450582452,0.5465971456417564,-0.3432942113104028,0.0033847821986303784,1.4527118389334244,0.2999574752725255,0.21155130364649588,1.2057685868251584,0.6101386898459134,0.2048713167516869,1.088618482240382,0.7732865569342916,0.26640088038259646,1.048365245111959,0.6299178373393701
65,True,0.6600000000000005,3.2325970884053885,False,True,0.0,False,,-0.0,-0.8726646259971603,-0.34906585039885657,0.5625789084713929,-0.34906585039886456,0.005590747874802654,1.4413315383090959,0.28549891846016723,0.21939660687324777,1.1938694569844954,0.5940723356499628,0.21324555106850027,1.0759448047042377,0.75812892856994,0.2965848765001892,1.029949275875089,0.617172809248571,-0.0,-0.8726646259971603,-0.34906585039885657,0.5625789084713929,-0.34906585039886456,0.005590747874802654,1.4413315383090959,0.28549891846016723,0.21939660687324777,1.1938694569844954,0.5940723356499628,0.21324555106850027,1.0759448047042377,0.75812892856994,0.2965848765001892,1.029949275875089,0.617172809248571,-0.026974655867329805,-0.8632564487487343,-0.3542200279802678,0.5480018639159585,-0.3447276720548742,0.0033141151306494195,1.4523199835502971,0.2993162655133601,0.21229440618140166,1.205467119872129,0.6091356742273276,0.20566865372353885,1.0882210923647497,0.7723366330761371,0.26940130889552505,1.0472696256502414,0.6292345702553904
66,True,0.6700000000000005,3.2477849694183787,False,True,0.0,False,,-0.0,-0.8726646259971607,-0.3490658503988575,0.5702384026542138,-0.34906585039886484,0.007161027607863683,1.437234186249296,0.2751928000486274,0.2234594845932395,1.1892676599734346,0.5836286399200692,0.21804703669145617,1.0705282464743069,0.7482590718112521,0.3146614601800262,1.0203305133494163,0.6083411919369204,-0.0,-0.8726646259971607,-0.3490658503988575,0.5702384026542138,-0.34906585039886484,0.007161027607863683,1.437234186249296,0.2751928000486274,0.2234594845932395,1.1892676599734346,0.5836286399200692,0.21804703669145617,1.0705282464743069,0.7482590718112521,0.3146614601800262,1.0203305133494163,0.6083411919369204,-0.02690920323350717,-0.8632547604688937,-0.3542494274159644,0.5506491150298188,-0.3457938752676808,0.0036065942193311425,1.4512828818863974,0.29685791676916085,0.2138122678668246,1.2044317001658817,0.6063708255351771,0.2073822254616185,1.0869527015773242,0.7697355196353457,0.2753618594595477,1.0445874471079124,0.6270735777526667
67,True,0.6800000000000005,3.27225630179949,False,True,0.0,False,,-0.0,-0.8726646259971602,-0.3490658503988568,0.5782975901193714,-0.34906585039886495,0.008097515930970075,1.4322543243649803,0.26340884219295296,0.22710526329873923,1.1837694156552536,0.5718333583694941,0.22270955892057434,1.0641034395663915,0.7370112267711781,0.3328828575761473,1.0096545404241222,0.5981066502591456,-0.0,-0.8726646259971602,-0.3490658503988568,0.5782975901193714,-0.34906585039886495,0.008097515930970075,1.4322543243649803,0.26340884219295296,0.22710526329873923,1.1837694156552536,0.5718333583694941,0.22270955892057434,1.0641034395663915,0.7370112267711781,0.3328828575761473,1.0096545404241222,0.5981066502591456,-0.026850750815111818,-0.8632541387925284,-0.35426915165875367,0.5544217263446493,-0.3465859298395913,0.004146937859895277,1.4495566405299696,0.2926272875235802,0.21591369241507635,1.2026110174051838,0.6018859084451792,0.20982319499463928,1.084766285077749,0.7655050802530758,0.28396133051695827,1.0403625112927049,0.6234201266820214
68,True,0.6900000000000005,3.306114663103436,False,True,0.0,False,,-0.0,-0.8726646259971611,-0.3490658503988585,0.586584509652705,-0.3490658503988651,0.007779339405532152,1.4263102189362749,0.2502886414815706,0.22986277531534327,1.177324211284341,0.5587153772365132,0.22686705993890113,1.0567362199741042,0.7244136637543747,0.3507088607466933,0.9979953956169105,0.5865327271077011,-0.0,-0.8726646259971611,-0.3490658503988585,0.586584509652705,-0.3490658503988651,0.007779339405532152,1.4263102189362749,0.2502886414815706,0.22986277531534327,1.177324211284341,0.5587153772365132,0.22686705993890113,1.0567362199741042,0.7244136637543747,0.3507088607466933,0.9979953956169105,0.5865327271077011,-0.02679934104108535,-0.863254508621576,-0.35428237158402603,0.5591741588038541,-0.3471734170904243,0.0047367524989274335,1.4470942256365777,0.2866882828991256,0.21836794395864673,1.1999664226108586,0.595743237930939,0.21278570266658597,1.081636134493133,0.7596856908749384,0.29473782787633235,1.0346734643032771,0.6182832118644725
69,True,0.7000000000000005,3.349816427350099,False,True,0.0,False,,-0.0,-0.8726646259971608,-0.3490658503988585,0.5948563713000692,-0.3490658503988651,0.00587630081917843,1.4193030999926408,0.23590974044843235,0.23140334905482693,1.1698893358374682,0.5443973661307658,0.23019985873522578,1.0483772578234583,0.7105342242093038,0.36711009261152766,0.9854448888618124,0.5737574195501003,-0.0,-0.8726646259971608,-0.3490658503988585,0.5948563713000692,-0.3490658503988651,0.00587630081917843,1.4193030999926408,0.23590974044843235,0.23140334905482693,1.1698893358374682,0.5443973661307658,0.23019985873522578,1.0483772578234583,0.7105342242093038,0.36711009261152766,0.9854448888618124,0.5737574195501003,-0.026756555936757548,-0.8632557177954346,-0.3542925688760084,0.5647406149313287,-0.34760829250409575,0.0051171230383361965,1.4438419980915174,0.2791166011987976,0.22091109653083194,1.1964638855108463,0.5880169643124566,0.2160418684607665,1.0775472691280576,0.7523270138825028,0.3071244598719474,1.0276144472061501,0.6116939036209234
70,True,0.7100000000000005,3.4049975107230517,False,True,0.0,False,,-0.0,-0.8726646259971615,-0.3490658503988602,0.6029231649546403,-0.34906585039886523,0.0020953859380941032,1.4111427749778727,0.22034664551044914,0.23142897203015142,1.1614067039669138,0.5289806333457499,0.23243816635697054,1.0390107962735282,0.6954417156919662,0.3813221790614381,0.9720324369557458,0.559931597179724,-0.0,-0.8726646259971615,-0.3490658503988602,0.6029231649546403,-0.34906585039886523,0.0020953859380941032,1.4111427749778727,0.22034664551044914,0.23142897203015142,1.1614067039669138,0.5289806333457499,0.23243816635697054,1.0390107962735282,0.6954417156919662,0.3813221790614381,0.9720324369557458,0.559931597179724,-0.0267248758969279,-0.8632575905067809,-0.35430149300624353,0.5709420727223492,-0.34792934398339503,0.005077121681774276,1.439739081764473,0.2699926777114005,0.22326033120732328,1.1920692486343645,0.5787900950590364,0.21934788399830593,1.072487963786176,0.743484755845633,0.32047801399399656,1.0192812081027196,0.603705961943549
71,True,0.7200000000000005,3.4694317090731026,False,True,0.0,False,,-0.0,-0.8726646259971622,-0.34906585039886184,0.6098756176397409,-0.3490658503988654,-0.0030418370273314352,1.4022542754430836,0.20269954315106295,0.2302363090192214,1.152060280909749,0.5121390363712262,0.23262141689403565,1.0288097022265072,0.6788519389609851,0.3925683748219512,0.9580652777928045,0.5447321049279963,-0.0,-0.8726646259971622,-0.34906585039886184,0.6098756176397409,-0.3490658503988654,-0.0030418370273314352,1.4022542754430836,0.20269954315106295,0.2302363090192214,1.152060280909749,0.5121390363712262,0.23262141689403565,1.0288097022265072,0.6788519389609851,0.3925683748219512,0.9580652777928045,0.5447321049279963,-0.026706853424032607,-0.8632601325614524,-0.35430983354257206,0.5775369867511928,-0.34816523784173703,0.004361682797222768,1.4347584226922478,0.25932097899388923,0.2251691506838687,1.1867643701000066,0.5681175247484336,0.22239718670058684,1.0664621303069957,0.7331906803672344,0.33410882520884705,1.0097845698893138,0.594356342603739
72,True,0.7300000000000005,3.546478809307792,False,True,0.0,False,,-0.0,-0.8726646259971622,-0.34906585039886223,0.6142826422156682,-0.34906585039886545,-0.0077057606217753455,1.3890200391817482,0.19260993561014,0.22524773470208725,1.1373709969141539,0.4999747073621316,0.23155647463084722,1.0147667151868633,0.6671182916100326,0.39961222000913876,0.9399708080849404,0.53182141712466,-0.0,-0.8726646259971622,-0.34906585039886223,0.6142826422156682,-0.34906585039886545,-0.0077057606217753455,1.3890200391817482,0.19260993561014,0.22524773470208725,1.1373709969141539,0.4999747073621316,0.23155647463084722,1.0147667151868633,0.6671182916100326,0.39961222000913876,0.9399708080849404,0.53182141712466,-0.026722611275765175,-0.8632636851825515,-0.354318146862114,0.584140310145666,-0.3483367732262329,0.0028915597021136955,1.4286207713390169,0.24780215491991875,0.22624670198517832,1.1802019656747236,0.556508194091184,0.22491746095675857,1.0592523625644006,0.7219548916290409,0.3472620250237246,0.9989625986855275,0.5839495404733183
73,True,0.7400000000000005,3.635608618689843,False,True,0.0,False,,-0.0,-0.8726646259971622,-0.34906585039886207,0.6255051004912285,-0.3490658503988654,-0.020564345944341124,1.377994307359139,0.1702152726932944,0.22252960105722952,1.129021005483303,0.4779195968068472,0.23232224009836844,1.0034570096292375,0.6436825537664141,0.4050502211642605,0.9255089806504341,0.5149926494700724,-0.0,-0.8726646259971622,-0.34906585039886207,0.6255051004912285,-0.3490658503988654,-0.020564345944341124,1.377994307359139,0.1702152726932944,0.22252960105722952,1.129021005483303,0.4779195968068472,0.23232224009836844,1.0034570096292375,0.6436825537664141,0.4050502211642605,0.9255089806504341,0.5149926494700724,-0.02674931008648906,-0.863266019871989,-0.3543258504722107,0.5910225294464468,-0.34846351981667467,0.0001003948122470176,1.4213582030022118,0.2351390941793212,0.22653463152196554,1.1726657981201682,0.5436723594266711,0.22694990289086378,1.0509753120596659,0.7093571214036426,0.3593975249654344,0.9870268200512634,0.5725091953413713
74,True,0.7500000000000006,3.737218095253488,False,True,0.0,False,,-0.0,-0.8726646259971623,-0.3490658503988625,0.6302448159281513,-0.34906585039886545,-0.027739542409327453,1.3633477865021228,0.15204577288615623,0.2156466933054661,1.1156639444286498,0.46098980246663307,0.22942346556492646,0.9884824049004206,0.6258915694882914,0.4077758955241216,0.9083271911930508,0.49939271163521853,-0.0,-0.8726646259971623,-0.3490658503988625,0.6302448159281513,-0.34906585039886545,-0.027739542409327453,1.3633477865021228,0.15204577288615623,0.2156466933054661,1.1156639444286498,0.46098980246663307,0.22942346556492646,0.9884824049004206,0.6258915694882914,0.4077758955241216,0.9083271911930508,0.49939271163521853,-0.026788897950405597,-0.8632681833610196,-0.3543331928580474,0.5980221275220899,-0.34855580026181193,-0.003961235986200082,1.4129151553830814,0.22120374761422076,0.2258677129021588,1.1642409902817838,0.5296610191972054,0.22835599881759386,1.041619824960192,0.6953807632810923,0.370138671517459,0.9741209953757598,0.5601124951880803
75,True,0.7600000000000006,3.8516520206085914,False,True,0.0,False,,-0.0,-0.8726646259971624,-0.34906585039886256,0.6366529483172868,-0.34906585039886545,-0.0376243065700905,1.3479182383752486,0.13307927078809054,0.20919707414673208,1.1011764705353209,0.4419957707340038,0.226278679279338,0.9733761836125802,0.606289950221205,0.40778514480572375,0.889638647181263,0.4830209287743301,-0.0,-0.8726646259971624,-0.34906585039886256,0.6366529483172868,-0.34906585039886545,-0.0376243065700905,1.3479182383752486,0.13307927078809054,0.20919707414673208,1.1011764705353209,0.4419957707340038,0.226278679279338,0.9733761836125802,0.606289950221205,0.40778514480572375,0.889638647181263,0.4830209287743301,-0.02684457906946724,-0.8632703937298074,-0.3543402695005574,0.6049395429658226,-0.3486221552100987,-0.009117734135500127,1.403202917823813,0.2061942882961244,0.224123435567904,1.1547893079481082,0.5146704379977123,0.2290233743005477,1.0311532198926914,0.6802565599715491,0.3791774693230725,0.9601967942934482,0.5468913141177422
76,True,0.7700000000000006,3.9790695361096704,False,True,0.0,False,,-0.0,-0.8726646259971627,-0.34906585039886295,0.6422701819550347,-0.34906585039886556,-0.04659591641045807,1.3312691974578932,0.11393594804342605,0.20134873428014838,1.0855924000516022,0.4225034203415662,0.2219368708271424,0.9569494875898089,0.5858296836400707,0.40631742375496227,0.8697209921448038,0.46630700281821136,-0.0,-0.8726646259971627,-0.34906585039886295,0.6422701819550347,-0.34906585039886556,-0.04659591641045807,1.3312691974578932,0.11393594804342605,0.20134873428014838,1.0855924000516022,0.4225034203415662,0.2219368708271424,0.9569494875898089,0.5858296836400707,0.40631742375496227,0.8697209921448038,0.46630700281821136,-0.026913515432059446,-0.8632724546298214,-0.35434702727987644,0.6117046127790122,-0.3486695374618104,-0.015203399957971864,1.392206506239431,0.19027142626096835,0.22128380960239188,1.1442437284435651,0.49877506771348995,0.228929175592722,1.0195839792648915,0.6640746809691411,0.38636517050761404,0.9451997167213828,0.532939056074253
77,True,0.7800000000000006,4.1170447021570675,False,True,0.0,False,,-0.0,-0.8726646259971632,-0.3490658503988635,0.6489208862599173,-0.3490658503988656,-0.05700546313728895,1.3153397088340022,0.0923137926651629,0.1913639903858809,1.0693136533076364,0.40014725680552937,0.21587099669806847,0.9407120499814136,0.5630707704705532,0.4026378374191757,0.8486956873262207,0.44835691343193834,-0.0,-0.8726646259971632,-0.3490658503988635,0.6489208862599173,-0.3490658503988656,-0.05700546313728895,1.3153397088340022,0.0923137926651629,0.1913639903858809,1.0693136533076364,0.40014725680552937,0.21587099669806847,0.9407120499814136,0.5630707704705532,0.4026378374191757,0.8486956873262207,0.44835691343193834,-0.026988112527577972,-0.8632739477697583,-0.354353328011258,0.6183557439352244,-0.3487035969785054,-0.022119759911186927,1.3800768329049267,0.17340335181027916,0.21724945442660762,1.1326078342657588,0.48186564876518856,0.22791261315775188,1.007006564421005,0.6467804925656238,0.39162663985012086,0.9290993269063944,0.5182685635031931
78,True,0.7900000000000006,4.262055191924546,False,True,0.0,False,,-0.0,-0.8726646259971634,-0.34906585039886406,0.6542417113533016,-0.3490658503988656,-0.06487907823313949,1.2974073957446264,0.06941858100067787,0.1834299401184583,1.0523196400329344,0.37776134078368434,0.21086718666819335,0.9233364166793016,0.5400329732493547,0.39896506467594084,0.8270219630145134,0.4302891474967243,-0.0,-0.8726646259971634,-0.34906585039886406,0.6542417113533016,-0.3490658503988656,-0.06487907823313949,1.2974073957446264,0.06941858100067787,0.1834299401184583,1.0523196400329344,0.37776134078368434,0.21086718666819335,0.9233364166793016,0.5400329732493547,0.39896506467594084,0.8270219630145134,0.4302891474967243,-0.027059889417188242,-0.8632750859353997,-0.3543591474359853,0.6248585011113817,-0.34872771234447014,-0.029588202805468315,1.3668815396566283,0.15549309798259364,0.21219235659498503,1.1199248504370936,0.4639033579504416,0.22601682648704444,0.9934954319834536,0.6283718916540642,0.39506839334844523,0.9119173427591774,0.5029116982596823
79,True,0.8000000000000006,4.414152389988218,False,True,0.0,False,,-0.0,-0.8726646259971639,-0.34906585039886456,0.6591056949555116,-0.3490658503988657,-0.06992571782731531,1.2763381517968984,0.04830756011029366,0.17519763741082917,1.0341848687703663,0.3569460245626447,0.20635252817336477,0.9042314987856233,0.5174829953715394,0.3962289601212473,0.804342386664366,0.41257942635323636,-0.0,-0.8726646259971639,-0.34906585039886456,0.6591056949555116,-0.3490658503988657,-0.06992571782731531,1.2763381517968984,0.04830756011029366,0.17519763741082917,1.0341848687703663,0.3569460245626447,0.20635252817336477,0.9042314987856233,0.5174829953715394,0.3962289601212473,0.804342386664366,0.41257942635323636,-0.027124528645515393,-0.863276108841868,-0.35436452830718784,0.6311294438072618,-0.3487446312559002,-0.037113572986419825,1.3524517844972992,0.13671735070404467,0.20635631278601385,1.1062148338666526,0.44511872923839013,0.22343785160911975,0.9790120039057981,0.6090075567430964,0.3970158138222974,0.8936839881138936,0.48698540609856505
80,True,0.8100000000000006,4.5713922935883815,False,True,0.0,False,,-0.0,-0.872664625997164,-0.34906585039886484,0.665967964819071,-0.34906585039886573,-0.07798797956806466,1.2531953324493832,0.028782088102683956,0.16696641264288115,1.0145239526120085,0.33545272800531056,0.20067398814043982,0.884642118621022,0.49454135546386496,0.3895313852769776,0.7800710880530395,0.3944851021598941,-0.0,-0.872664625997164,-0.34906585039886484,0.665967964819071,-0.34906585039886573,-0.07798797956806466,1.2531953324493832,0.028782088102683956,0.16696641264288115,1.0145239526120085,0.33545272800531056,0.20067398814043982,0.884642118621022,0.49454135546386496,0.3895313852769776,0.7800710880530395,0.3944851021598941,-0.027181502551560866,-0.8632764773344803,-0.35436941356470797,0.6372983768179616,-0.3487578942667435,-0.04461275191162148,1.3365776975702912,0.11744303165876106,0.1999203474407672,1.0914442151116917,0.4257093721410652,0.22026524006877393,0.963547313541775,0.5888512358984002,0.397583513251618,0.8743718767084144,0.47058784806158666
81,True,0.8200000000000006,4.733697382605869,False,True,0.0,False,,-0.0,-0.872664625997164,-0.3490658503988651,0.6730061901110646,-0.34906585039886573,-0.08268575189059672,1.2324355281491586,0.0052684823473445365,0.15871765615431477,0.9950479489745888,0.3103813309992567,0.1957631059485407,0.8647322550101808,0.46839559071863174,0.3824758809379984,0.7554030825611928,0.37552934062851245,-0.0,-0.872664625997164,-0.3490658503988651,0.6730061901110646,-0.34906585039886573,-0.08268575189059672,1.2324355281491586,0.0052684823473445365,0.15871765615431477,0.9950479489745888,0.3103813309992567,0.1957631059485407,0.8647322550101808,0.46839559071863174,0.3824758809379984,0.7554030825611928,0.37552934062851245,-0.027219261763961968,-0.8632760864536281,-0.3543737093401726,0.643520826551016,-0.34876931472434547,-0.051909498974597214,1.3194436841216446,0.09761968350163719,0.19302615997988162,1.0756793864836096,0.40551924775835807,0.2166184918653347,0.9471695138560201,0.5677938612536232,0.3967604678309498,0.8540034042662867,0.45373075511912375
82,True,0.8300000000000006,4.902521040418957,False,True,0.0,False,,-0.0,-0.872664625997164,-0.34906585039886534,0.680957592114116,-0.3490658503988657,-0.087851488422562,1.2093130194157355,-0.019304654358665446,0.1512173704582482,0.9753926637005105,0.2852240958200833,0.191210739133806,0.8450660956750107,0.44209214559662213,0.3753759022058323,0.7296764558850241,0.35602895546801144,-0.0,-0.872664625997164,-0.34906585039886534,0.680957592114116,-0.3490658503988657,-0.087851488422562,1.2093130194157355,-0.019304654358665446,0.1512173704582482,0.9753926637005105,0.2852240958200833,0.191210739133806,0.8450660956750107,0.44209214559662213,0.3753759022058323,0.7296764558850241,0.35602895546801144,-0.027227610404238566,-0.8632750502982125,-0.35437734589236713,0.6499323279680539,-0.34877975609488376,-0.05886255703477626,1.30118196181492,0.07705452736941515,0.18584147173887247,1.059052848036522,0.38443077697447586,0.2126578447253863,0.9300157492070182,0.5457596755580688,0.39464610738551953,0.832612661023886,0.43639640902978427
83,True,0.8400000000000006,5.073965791759992,False,False,0.0,False,,-0.0,-0.8726646259971639,-0.31157324093803307,0.6765897067190069,-0.3490658503988657,-0.09217904820373532,1.1812714984714072,-0.03413786268482629,0.14216328692230168,0.9512845004130329,0.2656291854404442,0.18427493498074768,0.8212887121921133,0.41942210221577414,0.3651331362901007,0.7027437420674421,0.33721933504406454,-0.0,-0.8726646259971639,-0.31157324093803307,0.6765897067190069,-0.3490658503988657,-0.09217904820373532,1.1812714984714072,-0.03413786268482629,0.14216328692230168,0.9512845004130329,0.2656291854404442,0.18427493498074768,0.8212887121921133,0.41942210221577414,0.3651331362901007,0.7027437420674421,0.33721933504406454,-0.02728228556034024,-0.8632723435768066,-0.3515373243244355,0.6556229284910733,-0.3487896841062707,-0.06540632103244709,1.2814961693081957,0.056485586916455374,0.17837839723539595,1.0413613131726305,0.3629392336979656,0.2083174001193815,0.9119188126336352,0.5231150746541887,0.3911850578088382,0.8101931087087381,0.4186661697203561
84,True,0.8500000000000006,5.246509680776604,False,False,0.0,False,,-0.0,-0.8726646259971639,-0.2636437888792688,0.6650901266479615,-0.3490658503988657,-0.09536897802104503,1.1558541200527148,-0.054757288333572914,0.13442214033513736,0.9282711347488435,0.2403794478695122,0.17879067337814467,0.7988589374779899,0.39246958443284446,0.3532143539546913,0.6759282916260339,0.3174433585810473,-0.0,-0.8726646259971639,-0.2636437888792688,0.6650901266479615,-0.3490658503988657,-0.09536897802104503,1.1558541200527148,-0.054757288333572914,0.13442214033513736,0.9282711347488435,0.2403794478695122,0.17879067337814467,0.7988589374779899,0.39246958443284446,0.3532143539546913,0.6759282916260339,0.3174433585810473,-0.02741102741572735,-0.8632687459428509,-0.34274134066179823,0.6592761678099982,-0.34879932873410185,-0.07144158213713908,1.2604469396235654,0.036128955285879005,0.17071508552627798,1.0225631769775871,0.34106019202151916,0.20363322414265594,0.8928687441050853,0.49988134551763935,0.3862617657192886,0.7868259535679667,0.4005695680599375
85,True,0.8600000000000007,5.417358410131923,False,False,0.0,False,,-0.0,-0.872664625997164,-0.21680707117993434,0.6520518359333569,-0.3490658503988657,-0.09913656818032415,1.1319193016758025,-0.08161952961973379,0.1256807802410517,0.907430902163917,0.21178112042982353,0.17184102432009793,0.7778660582289395,0.3624948490426921,0.3422236162321623,0.6484756583006915,0.2962443657531918,-0.0,-0.872664625997164,-0.21680707117993434,0.6520518359333569,-0.3490658503988657,-0.09913656818032415,1.1319193016758025,-0.08161952961973379,0.1256807802410517,0.907430902163917,0.21178112042982353,0.17184102432009793,0.7778660582289395,0.3624948490426921,0.3422236162321623,0.6484756583006915,0.2962443657531918,-0.027562542194259528,-0.8632655808919012,-0.3270426644575983,0.6602871050612484,-0.3488087908610439,-0.07698816318667279,1.238440192058388,0.015329194330085867,0.16288083238540776,1.002980270215941,0.318359611923657,0.19860433414711492,0.8731367006060166,0.47573031119376563,0.3800034663880968,0.7626134125661717,0.3820127094046335
86,True,0.8700000000000007,5.585227793836236,False,False,0.0,False,,-0.0,-0.8726646259971637,-0.167157862090792,0.6367905919740006,-0.3490658503988657,-0.10205056004559479,1.1035530759903611,-0.10248535721418375,0.11930244653781362,0.8838101452072267,0.18694494905248202,0.16705611356141847,0.7551718203315583,0.33542053649724757,0.33228646599089223,0.6202281356349333,0.2756009854635266,-0.0,-0.8726646259971637,-0.167157862090792,0.6367905919740006,-0.3490658503988657,-0.10205056004559479,1.1035530759903611,-0.10248535721418375,0.11930244653781362,0.8838101452072267,0.18694494905248202,0.16705611356141847,0.7551718203315583,0.33542053649724757,0.33228646599089223,0.6202281356349333,0.2756009854635266,-0.027692661909590834,-0.8632637719136752,-0.3046672302673805,0.6584506570761613,-0.34881811347693786,-0.08206689002917229,1.2154650398947018,-0.005891551557284994,0.15504857232536826,0.9827030135798098,0.29492794115425747,0.1933770786842214,0.8528348270912751,0.4507501087197339,0.3727302777385557,0.7376080442477457,0.3630005218776763
87,True,0.8800000000000007,5.750632571320739,False,False,0.0,False,,-0.0,-0.8726646259971638,-0.11778421219060596,0.6178670830300543,-0.3490658503988657,-0.10482804220229408,1.0768176235724707,-0.12442448629159421,0.11298607428057364,0.8602587277851258,0.15988065950029215,0.16248637950273873,0.7319495454733544,0.30612338295464914,0.322771331897337,0.5918103894817277,0.2545788750361864,-0.0,-0.8726646259971638,-0.11778421219060596,0.6178670830300543,-0.3490658503988657,-0.10482804220229408,1.0768176235724707,-0.12442448629159421,0.11298607428057364,0.8602587277851258,0.15988065950029215,0.16248637950273873,0.7319495454733544,0.30612338295464914,0.322771331897337,0.5918103894817277,0.2545788750361864,-0.027754482537032346,-0.8632640942018257,-0.2763918663797482,0.653609506939662,-0.34882735079051275,-0.08669725512562654,1.1915820876454017,-0.027329188750305645,0.14738441150745663,0.9617492265689577,0.2708579402652627,0.18813327213552594,0.8319718413355477,0.4250116961811096,0.36476326138098525,0.7118789980949344,0.3435797602260029
88,True,0.8900000000000007,5.903456941392837,False,False,0.0,False,,-0.0,-0.8726646259971638,-0.06765619066337138,0.5982778572312314,-0.3490658503988657,-0.10803962340749632,1.048634297657544,-0.1468390959620177,0.10791489706714667,0.8369976735799395,0.13285660440859237,0.15994742465207676,0.7091404006132476,0.2766356225287543,0.31479847261538385,0.5629593168124216,0.23328032769014054,-0.0,-0.8726646259971638,-0.06765619066337138,0.5982778572312314,-0.3490658503988657,-0.10803962340749632,1.048634297657544,-0.1468390959620177,0.10791489706714667,0.8369976735799395,0.13285660440859237,0.15994742465207676,0.7091404006132476,0.2766356225287543,0.31479847261538385,0.5629593168124216,0.23328032769014054,-0.02771451326116847,-0.8632659525133913,-0.2431739976648117,0.6458570744238394,-0.34883643025978595,-0.09096705692998995,1.1668721889084337,-0.04895506044473907,0.14003529083340535,0.9402258184434372,0.24617738729017413,0.18311208737081044,0.8106244749427562,0.398530323148919,0.35644801047619495,0.6854974395233554,0.3237804568429101
89,True,0.9000000000000007,6.0453990962444495,False,False,0.0,False,,-0.0,-0.8726646259971637,-0.018766221252546608,0.5747585320638379,-0.3490658503988657,-0.11129304805777904,1.0224862286592498,-0.171723089342677,0.10275398443058031,0.8143552370664549,0.10298545255307977,0.1571768045302979,0.686668313012782,0.2444676596526361,0.3068086955348195,0.5341387044514412,0.21152482934723135,-0.0,-0.8726646259971637,-0.018766221252546608,0.5747585320638379,-0.3490658503988657,-0.11129304805777904,1.0224862286592498,-0.171723089342677,0.10275398443058031,0.8143552370664549,0.10298545255307977,0.1571768045302979,0.686668313012782,0.2444676596526361,0.3068086955348195,0.5341387044514412,0.21152482934723135,-0.027545822116047416,-0.8632692638692405,-0.20604690428876948,0.6352409601956813,-0.34884534120145155,-0.09497380201455197,1.1415653544283584,-0.07095068373334609,0.13306737177971567,0.918301470052666,0.2207454523277085,0.1784486112244821,0.7889219622644466,0.3711800221827472,0.34802557582329324,0.6585533060193198,0.30361198230130676
90,True,0.9100000000000007,6.188078420342899,False,False,0.0,False,,-0.0,-0.8726646259971638,0.030439248052784446,0.5472489128984503,-0.3490658503988657,-0.11323098572080302,0.9934049978017456,-0.19400093560299522,0.09800936406054657,0.7909018960020942,0.0752339077566278,0.15395546016909423,0.6640245413024479,0.2140322343404877,0.2996195245828496,0.5045971615966,0.18988761732714282,-0.0,-0.8726646259971638,0.030439248052784446,0.5472489128984503,-0.3490658503988657,-0.11323098572080302,0.9934049978017456,-0.19400093560299522,0.09800936406054657,0.7909018960020942,0.0752339077566278,0.15395546016909423,0.6640245413024479,0.2140322343404877,0.2996195245828496,0.5045971615966,0.18988761732714282,-0.027192906690226882,-0.8632782802281093,-0.16824372803448895,0.6216742259922647,-0.34885434812537985,-0.0986890996659197,1.115677989972615,-0.09323334963106285,0.12649345702074932,0.8960542319410585,0.19465155750443214,0.17411792179459787,0.76695813926706,0.34304515175368977,0.33966970504496363,0.6310950477148914,0.2831137137459051
91,True,0.9200000000000007,6.322044377455759,False,False,0.0,False,,-0.0,-0.872664625997164,0.07957994553352238,0.5191197156270777,-0.3490658503988657,-0.11329925865576117,0.9724029177052695,-0.23054596056663348,0.09459547593471766,0.7730777911696597,0.0350813911299271,0.15113877251294416,0.6462239440644784,0.1726671599428659,0.29290004472861203,0.4772298830985856,0.16716355682041675,-0.0,-0.872664625997164,0.07957994553352238,0.5191197156270777,-0.3490658503988657,-0.11329925865576117,0.9724029177052695,-0.23054596056663348,0.09459547593471766,0.7730777911696597,0.0350813911299271,0.15113877251294416,0.6462239440644784,0.1726671599428659,0.29290004472861203,0.4772298830985856,0.16716355682041675,-0.026582206417466583,-0.8632937252560627,-0.13377811930949887,0.6052709218435776,-0.3488634509246091,-0.10194162029791831,1.0898008644494763,-0.11676561251795145,0.1203902304917921,0.8739598153891047,0.1671098081727599,0.17008559997159256,0.7451717145192932,0.31345388412180564,0.33151176695084594,0.6033423534847037,0.26225731636611194
92,True,0.9300000000000007,6.308095652966166,False,False,0.0,False,,-0.0,-0.8726646259971643,0.1271131987350218,0.4839958619969824,-0.3490658503988657,-0.11416341671994405,0.9401240207346949,-0.24871059715414406,0.09122854749598114,0.7478540354004667,0.009899936074844955,0.1489978888736219,0.6230628645948324,0.14407516665066553,0.28679557036675246,0.44768333310935987,0.14631941589913708,-0.0,-0.8726646259971643,0.1271131987350218,0.4839958619969824,-0.3490658503988657,-0.11416341671994405,0.9401240207346949,-0.24871059715414406,0.09122854749598114,0.7478540354004667,0.009899936074844955,0.1489978888736219,0.6230628645948324,0.14407516665066553,0.28679557036675246,0.44768333310935987,0.14631941589913708,-0.025751042241052097,-0.8633109801486164,-0.10465179649517,0.5858254620286196,-0.34887250385405083,-0.10470156091022091,1.0635996710499198,-0.14088576086871754,0.11479016599529249,0.8518287144382555,0.13867785709420793,0.16636724726978017,0.7234814299642764,0.28289282685493344,0.32364538277497407,0.5753275493885361,0.24117938472652187
93,True,0.9400000000000007,6.267425065454949,False,False,0.0,False,,-0.0,-0.8726646259971643,0.17627553576943641,0.4472486192236565,-0.3490658503988657,-0.11566010892813337,0.9096159563899591,-0.2681758097118092,0.08762404743269109,0.7238813848970853,-0.018901233451124794,0.1471653672132946,0.601122471691999,0.11290311548331336,0.28109307517037146,0.41874095339794437,0.12558995930489475,-0.0,-0.8726646259971643,0.17627553576943641,0.4472486192236565,-0.3490658503988657,-0.11566010892813337,0.9096159563899591,-0.2681758097118092,0.08762404743269109,0.7238813848970853,-0.018901233451124794,0.1471653672132946,0.601122471691999,0.11290311548331336,0.28109307517037146,0.41874095339794437,0.12558995930489475,-0.024773796520427275,-0.8633247605073884,-0.08109146741131411,0.5631950114934209,-0.348881273741475,-0.10709072095146946,1.0366746235792084,-0.16465040553524835,0.10963454176714903,0.8293978115437938,0.10997854870647782,0.16298233169470455,0.7017290660449975,0.25196263084570386,0.31612974880055356,0.5470553277021178,0.22004205128343973
94,True,0.9500000000000007,5.872075332970899,False,False,0.0,False,,-0.0,-0.8726646259971643,0.221917663069164,0.4070511172144516,-0.34906585039886573,-0.11710745990616755,0.8794947887549436,-0.28931143392888886,0.084778516316778,0.7010177972089271,-0.04822403015319187,0.14530373408698588,0.5799469954390075,0.08080848615523248,0.2761177938936947,0.38969563872902646,0.10472366100097354,-0.0,-0.8726646259971643,0.221917663069164,0.4070511172144516,-0.34906585039886573,-0.11710745990616755,0.8794947887549436,-0.28931143392888886,0.084778516316778,0.7010177972089271,-0.04822403015319187,0.14530373408698588,0.5799469954390075,0.08080848615523248,0.2761177938936947,0.38969563872902646,0.10472366100097354,-0.023705348401673418,-0.8633327237436521,-0.06255745185047891,0.5373495474703862,-0.34888965433040786,-0.10922239338938543,1.0090451793685984,-0.18790575885868546,0.10489655021243628,0.8067253096154304,0.08111022323753897,0.1599116737975227,0.6799635609414831,0.22077466641450935,0.30902048010400074,0.5185733936759733,0.19891110611343754
95,True,0.9600000000000007,5.567108599536309,False,False,0.0,False,,-0.0,-0.8726646259971644,0.26625510400343194,0.36129003060848647,-0.34284748126558373,-0.11825546964466072,0.8492951414348429,-0.3085688833620394,0.08203142828664335,0.6788823848743296,-0.07869979129739518,0.14433232798149936,0.5590787966094444,0.04751723118863782,0.2716017690783732,0.36115624679282043,0.08419673871004212,-0.0,-0.8726646259971644,0.26625510400343194,0.36129003060848647,-0.34284748126558373,-0.11825546964466072,0.8492951414348429,-0.3085688833620394,0.08203142828664335,0.6788823848743296,-0.07869979129739518,0.14433232798149936,0.5590787966094444,0.04751723118863782,0.2716017690783732,0.36115624679282043,0.08419673871004212,-0.022587670338031572,-0.8633352323312901,-0.0482500466999078,0.5080767530150283,-0.3484451621073291,-0.11114861075675274,0.9808088977398611,-0.21056702005128533,0.10055392787862175,0.783962028901323,0.052020368981804135,0.15717717376765178,0.658261491665137,0.18927390459722954,0.30235743424467226,0.48996070363911154,0.17783331149474724
96,True,0.9700000000000008,5.307004686783928,False,False,0.0,False,,-0.0,-0.8726646259971648,0.31225397661797294,0.04752712888467986,0.3506853735158455,-0.10526929628632387,0.833651083487474,-0.3417095855959861,0.10263755084504886,0.5931416858583539,0.037145504372103066,0.15130502984701522,0.48687674373525,0.0966322179422674,0.290123517496643,0.3249968088859063,0.06557224583203396,-0.0,-0.8726646259971648,0.31225397661797294,0.04752712888467986,0.3506853735158455,-0.10526929628632387,0.833651083487474,-0.3417095855959861,0.10263755084504886,0.5931416858583539,0.037145504372103066,0.15130502984701522,0.48687674373525,0.0966322179422674,0.290123517496643,0.3249968088859063,0.06557224583203396,-0.021661160976119847,-0.8633599216459951,-0.03723836290519334,0.4544890858051215,-0.3078693738295534,-0.11190448341462,0.953181313400223,-0.23370819318719557,0.098235273981903,0.7562486552360042,0.034250641152551616,0.1553689772018877,0.6326883277924652,0.16396464658664592,0.29784868049506447,0.4606858499450502,0.1569869491992464
97,True,0.9800000000000008,5.1045965437908185,False,False,0.0,False,,-0.0,-0.8726646259971643,0.3537823677344479,-0.20943951023931706,0.7312147300993487,-0.12042821307140086,0.7900731459195106,-0.34637897183697597,0.07845930079184708,0.6302482827049795,-0.1277950456817273,0.14395657250987476,0.5142033933442047,-0.010590616493893368,0.2659388823711385,0.30474506263070533,0.044843721676496896,-0.0,-0.8726646259971643,0.3537823677344479,-0.20943951023931706,0.7312147300993487,-0.12042821307140086,0.7900731459195106,-0.34637897183697597,0.07845930079184708,0.6302482827049795,-0.1277950456817273,0.14395657250987476,0.5142033933442047,-0.010590616493893368,0.2659388823711385,0.30474506263070533,0.044843721676496896,-0.02065117705957653,-0.8633868096480133,-0.02888412210607498,0.37618664375036903,-0.2317624039722307,-0.1127064381126034,0.9250368724998771,-0.25596122283894485,0.09604370989332216,0.7293131507790274,0.014559170656665357,0.15388677163457246,0.6078002093148841,0.1375230839372853,0.2936596052702109,0.4315671365956732,0.13631902956753478
98,True,0.9900000000000008,4.990351388816322,False,True,0.0,False,,-0.0,-0.8726646259971643,0.38637708133241017,-0.2094395102393179,0.6888439771948239,-0.1210584991659909,0.7508236688058257,-0.3473792251927748,0.07581641473755735,0.6160334027335616,-0.170016722029124,0.14426360933323748,0.49946594600640165,-0.05148250967321249,0.26357672520204073,0.27731085343660267,0.025261090611533647,-0.0,-0.8726646259971643,0.38637708133241017,-0.2094395102393179,0.6888439771948239,-0.1210584991659909,0.7508236688058257,-0.3473792251927748,0.07581641473755735,0.6160334027335616,-0.170016722029124,0.14426360933323748,0.49946594600640165,-0.05148250967321249,0.26357672520204073,0.27731085343660267,0.025261090611533647,-0.019487048497583127,-0.8633914301206034,-0.022671701880562434,0.28505833931523117,-0.14139972139400994,-0.11402255881800541,0.8952080035088765,-0.27549697479395235,0.09308876033256755,0.706118301312705,-0.013335526681574578,0.1524615429159607,0.5859519976426516,0.10633346368159315,0.28899322599523486,0.4029664799626884,0.11579782854751593
99,True,1.0000000000000007,4.966893011563746,False,True,0.0,False,,-0.0,-0.8726646259971643,0.41864627095903906,-0.20943951023931837,0.6477102908541067,-0.12228325253582978,0.7135703710992028,-0.34787788113679524,0.07516090938233083,0.593395753828444,-0.19557805432432912,0.14389999020466662,0.47896996825567706,-0.08130377803844396,0.2620335371746617,0.25079721443941916,0.007001541437721526,-0.0,-0.8726646259971643,0.41864627095903906,-0.20943951023931837,0.6477102908541067,-0.12228325253582978,0.7135703710992028,-0.34787788113679524,0.07516090938233083,0.593395753828444,-0.19557805432432912,0.14389999020466662,0.47896996825567706,-0.08130377803844396,0.2620335371746617,0.25079721443941916,0.007001541437721526,-0.01828738786416353,-0.8633665362222069,-0.018152625812853658,0.1912642107541684,-0.04534590800224793,-0.11552501381510731,0.8637143202062944,-0.2917284674246997,0.0899828580791227,0.6848164232023459,-0.04490562001478483,0.15120308400170449,0.5657107395686839,0.0729637251010092,0.28443873442905315,0.3747623598823607,0.09554260928048516
100,True,1.0100000000000007,4.872502705769606,False,True,0.0,False,,-0.0,-0.8726646259971643,0.447213735129585,-0.2094395102393188,0.5960891160454576,-0.12340775123923649,0.6749938760220149,-0.34831512358777095,0.0732767574734737,0.5747013896542724,-0.22545768149209178,0.14466487484541724,0.462124711971798,-0.11536608890381767,0.2599664620290852,0.2254549294646022,-0.010831467310275428,-0.0,-0.8726646259971643,0.447213735129585,-0.2094395102393188,0.5960891160454576,-0.12340775123923649,0.6749938760220149,-0.34831512358777095,0.0732767574734737,0.5747013896542724,-0.22545768149209178,0.14466487484541724,0.462124711971798,-0.11536608890381767,0.2599664620290852,0.2254549294646022,-0.010831467310275428,-0.017089372398251566,-0.8633118863431886,-0.014975109236806554,0.10607668421966798,0.05294636111888531,-0.11707032010275,0.8307415724069902,-0.30478131696976357,0.08699063010077605,0.6644175565043208,-0.0775941436259408,0.15019989203950868,0.5463641770087264,0.03879447589761349,0.2802293106705332,0.3469883899165552,0.07565505750397085
101,True,1.0200000000000007,4.738814561919313,False,True,0.0,False,,-0.0,-0.8726646259971643,0.4736682494052926,-0.20943951023931903,0.5450935374130191,-0.12447040836198399,0.6393241363137214,-0.3485578926313719,0.07249601585122073,0.5546244286350613,-0.2523362834818167,0.14499053029751063,0.44432290048938855,-0.14617938088104068,0.2595168361626131,0.20044176001381736,-0.027909578131800047,-0.0,-0.8726646259971643,0.4736682494052926,-0.20943951023931903,0.5450935374130191,-0.12447040836198399,0.6393241363137214,-0.3485578926313719,0.07249601585122073,0.5546244286350613,-0.2523362834818167,0.14499053029751063,0.44432290048938855,-0.14617938088104068,0.2595168361626131,0.20044176001381736,-0.027909578131800047,-0.015902753788038484,-0.8632479743957866,-0.012777458339976597,0.03431519310775268,0.14919046432459343,-0.1185848123026462,0.7967120257822159,-0.3150641407967346,0.08424977389649355,0.6444577922170214,-0.11017161181059858,0.14947249711128732,0.5275810417127603,0.0045661056699186735,0.27652790752538703,0.31968057286616824,0.056209499368962565
102,True,1.0300000000000007,4.660955512569567,False,True,0.0,False,,-0.0,-0.8726646259971643,0.4986466959101325,-0.20943951023931914,0.4805362006158099,-0.1259556916853671,0.6041671481618264,-0.3487208333995072,0.07149106260375353,0.5357181935637002,-0.278666488556605,0.14616545096562034,0.4290279216323636,-0.17931831566297898,0.25886859108189975,0.1763018743014732,-0.044580715542409735,-0.0,-0.8726646259971643,0.4986466959101325,-0.20943951023931914,0.4805362006158099,-0.1259556916853671,0.6041671481618264,-0.3487208333995072,0.07149106260375353,0.5357181935637002,-0.278666488556605,0.14616545096562034,0.4290279216323636,-0.17931831566297898,0.25886859108189975,0.1763018743014732,-0.044580715542409735,-0.014729677661386215,-0.8632013335576948,-0.011236206373224079,-0.023542139424640084,0.2293420910190065,-0.12007016169175647,0.7620743464931732,-0.32305324126097357,0.0818169918092682,0.6247333742582111,-0.1419978692414916,0.14904563563873424,0.509316150132205,-0.029476189640783912,0.2733938036095904,0.2928808668708264,0.037245367610211425
103,True,1.0400000000000007,4.618683421669516,False,True,0.0,False,,-0.0,-0.8726646259971643,0.523513972425824,-0.20943951023931906,0.40809697934649863,-0.12713838212255169,0.570580696448867,-0.3488312732534784,0.07075150050976638,0.514977253972072,-0.2997120535881726,0.14699251810143224,0.41342336893974757,-0.2093010732915457,0.25839013855670445,0.1533524142942308,-0.060134611583607195,-0.0,-0.8726646259971643,0.523513972425824,-0.20943951023931906,0.40809697934649863,-0.12713838212255169,0.570580696448867,-0.3488312732534784,0.07075150050976638,0.514977253972072,-0.2997120535881726,0.14699251810143224,0.41342336893974757,-0.2093010732915457,0.25839013855670445,0.1533524142942308,-0.060134611583607195,-0.013573579781140982,-0.8631804707926397,-0.010133228945788062,-0.06894016731643013,0.28536421313652965,-0.12152350130940937,0.7272251727505026,-0.32920285649774594,0.07969433435439362,0.6050362607152306,-0.1724645906772095,0.14886494313242335,0.49156214815013705,-0.06309676640257968,0.2707943716542033,0.2666727442786011,0.018825322821666966
104,True,1.0500000000000007,4.5997211283214385,False,True,0.0,False,,-0.0,-0.8726646259971643,0.5482397790949405,-0.20943951023931906,0.3219392041467679,-0.1281629330198198,0.538569430898795,-0.34890671109686044,0.07001222734909154,0.4923702969927066,-0.3153244360480861,0.1480304799891556,0.39849691802404336,-0.23772544947140045,0.2579387186715918,0.13167575358921085,-0.0747725231570063,-0.0,-0.8726646259971643,0.5482397790949405,-0.20943951023931906,0.3219392041467679,-0.1281629330198198,0.538569430898795,-0.34890671109686044,0.07001222734909154,0.4923702969927066,-0.3153244360480861,0.1480304799891556,0.39849691802404336,-0.23772544947140045,0.2579387186715918,0.13167575358921085,-0.0747725231570063,-0.012435218865607944,-0.863180310146035,-0.009487051119504033,-0.1039418060500715,0.31547155056662624,-0.12292401015165959,0.6925347771366712,-0.333907367666784,0.07785863049606642,0.5850641162068785,-0.20085193775870652,0.1488605361212111,0.47429786042402805,-0.09600492978053486,0.26866442720624545,0.24116652352248683,0.0010260489028371012
105,True,1.0600000000000007,4.595580526843382,False,True,0.0,False,,-0.0,-0.8726646259971643,0.573297734635064,-0.20943951023931895,0.21404996463457382,-0.12942237365560133,0.5079177572955487,-0.34895954534401374,0.06914737483903961,0.4695248746562995,-0.32652658537667606,0.14930794387005275,0.3829101570960783,-0.2628185832183339,0.25748042906253904,0.1110386945740022,-0.08858862174334912,-0.0,-0.8726646259971643,0.573297734635064,-0.20943951023931895,0.21404996463457382,-0.12942237365560133,0.5079177572955487,-0.34895954534401374,0.06914737483903961,0.4695248746562995,-0.32652658537667606,0.14930794387005275,0.3829101570960783,-0.2628185832183339,0.25748042906253904,0.1110386945740022,-0.08858862174334912,-0.011317251791842984,-0.8631920987907084,-0.009280984321559127,-0.13060995592367378,0.3198243384942826,-0.12428013888869043,0.6583032519251273,-0.33749199093674337,0.07625919242093732,0.5646318130897304,-0.22655705344119814,0.14905564548679917,0.4574338086580922,-0.1278432426199034,0.26692395194092056,0.21645626160784417,-0.016093944416661683
106,True,1.0700000000000007,4.5971148958176355,False,True,0.0,False,,-0.0,-0.8726646259971643,0.5979840028165886,-0.20943951023931906,0.08841567860713236,-0.13131426850053388,0.4786675022604531,-0.3489980926964918,0.06872628904877916,0.4470851226320503,-0.3346995644943257,0.15089118393303694,0.36874392366987346,-0.28761413420653786,0.25685624993795203,0.09123871312736917,-0.10161446611453862,-0.0,-0.8726646259971643,0.5979840028165886,-0.20943951023931906,0.08841567860713236,-0.13131426850053388,0.4786675022604531,-0.3489980926964918,0.06872628904877916,0.4470851226320503,-0.3346995644943257,0.15089118393303694,0.36874392366987346,-0.28761413420653786,0.25685624993795203,0.09123871312736917,-0.10161446611453862,-0.010219183039978324,-0.8632082801762792,-0.009281391016177582,-0.1507635217156121,0.29923190782314,-0.12565633602736795,0.6247604354668074,-0.3400410513203853,0.07487583461277107,0.5437378142025173,-0.2492437227251393,0.14948171939555197,0.44097218116633,-0.15844153051911072,0.2654825084602933,0.1925946506524599,-0.03249603027220082
107,True,1.0800000000000007,4.600423596597906,False,True,0.0,False,,-0.0,-0.8726646259971644,0.6247691079621899,-0.20943951023931925,-0.06791244085883252,-0.13215380207485822,0.4508804117284734,-0.34902970269810507,0.06871014134539646,0.42513688519593607,-0.3414016559866472,0.15208621580740966,0.35669240092010324,-0.3131645786807376,0.2568829119104764,0.07315827337611476,-0.11356918058689956,-0.0,-0.8726646259971644,0.6247691079621899,-0.20943951023931925,-0.06791244085883252,-0.13215380207485822,0.4508804117284734,-0.34902970269810507,0.06871014134539646,0.42513688519593607,-0.3414016559866472,0.15208621580740966,0.35669240092010324,-0.3131645786807376,0.2568829119104764,0.07315827337611476,-0.11356918058689956,-0.009126963604653425,-0.8632247070001133,-0.009361581977536112,-0.16590113307712281,0.253803924779982,-0.1270235004821394,0.5920853480508484,-0.3410280976190878,0.0737221570723361,0.5224911605994502,-0.26889797529529336,0.1501106547670178,0.42508638708020563,-0.18792606543073642,0.26431010320777554,0.16967117062164927,-0.048134003902974606
108,True,1.0900000000000007,4.603985660005917,False,True,0.0,False,,-0.0,-0.8726646259971647,0.6530604110746683,-0.2094395102393194,-0.2589773750237269,-0.13450334046710608,0.42528493702286835,-0.34905696107905976,0.06873997440338435,0.40457510853014006,-0.3471810977381937,0.15379033478012252,0.33785263308538527,-0.32152472141493355,0.25618980318031587,0.05472426151039947,-0.12413434374841635,-0.0,-0.8726646259971647,0.6530604110746683,-0.2094395102393194,-0.2589773750237269,-0.13450334046710608,0.42528493702286835,-0.34905696107905976,0.06873997440338435,0.40457510853014006,-0.3471810977381937,0.15379033478012252,0.33785263308538527,-0.32152472141493355,0.25618980318031587,0.05472426151039947,-0.12413434374841635,-0.008059363127409923,-0.8632408768624141,-0.009458844275036222,-0.17721649645045207,0.18288271384171792,-0.12844238324537752,0.5604872192915531,-0.34116965751555134,0.07279738859770817,0.5011005318886889,-0.285742412079729,0.15093017086822924,0.40933444304392247,-0.21514682472975755,0.2633338220145704,0.14765205393821906,-0.06292705228758418
109,True,1.1000000000000008,4.607155313423172,False,True,0.0,False,,-0.0,-0.8726646259971647,0.6645947093270743,-0.20943951023931934,-0.32936573838493055,-0.13607422373573025,0.4006230402708547,-0.3490639090250087,0.06920942521333506,0.3838310819493856,-0.34865423177985727,0.1539091003862168,0.3270290974688829,-0.34305103385829167,0.25710277037838686,0.04095679626612457,-0.13628176122081997,-0.0,-0.8726646259971647,0.6645947093270743,-0.20943951023931934,-0.32936573838493055,-0.13607422373573025,0.4006230402708547,-0.3490639090250087,0.06920942521333506,0.3838310819493856,-0.34865423177985727,0.1539091003862168,0.3270290974688829,-0.34305103385829167,0.25710277037838686,0.04095679626612457,-0.13628176122081997,-0.007006799618869384,-0.8632502662447272,-0.009542704773808499,-0.18569896692295332,0.09705073785322849,-0.12993245787865706,0.5300858620868888,-0.34096743257745393,0.07211008809539202,0.47971121886842755,-0.2998200012374403,0.15181807957056628,0.39388327465461487,-0.24028384744918468,0.2625934131656384,0.12676896975782936,-0.07701472836010613
110,True,1.1100000000000008,4.609751268386421,False,True,0.0,False,,-0.0,-0.8726646259971648,0.6771726928343383,-0.2094395102393196,-0.3490658503988657,-0.13895527104047195,0.3792517443205643,-0.3490658503988657,0.0676800701818889,0.3640782350246731,-0.3490658503988659,0.15463222355268502,0.3109271971073291,-0.3490658503988659,0.2591560739447277,0.022609549595877645,-0.1411641057992815,-0.0,-0.8726646259971648,0.6771726928343383,-0.2094395102393196,-0.3490658503988657,-0.13895527104047195,0.3792517443205643,-0.3490658503988657,0.0676800701818889,0.3640782350246731,-0.3490658503988659,0.15463222355268502,0.3109271971073291,-0.3490658503988659,0.2591560739447277,0.022609549595877645,-0.1411641057992815,-0.005967985008895081,-0.8632493340685122,-0.009603657993680155,-0.19210167434167258,0.010741806067831714,-0.13156204416537406,0.5010783397743969,-0.3406643808863384,0.07150886534079087,0.4584528544484198,-0.31122268490798316,0.15269792516476835,0.3786638152456391,-0.2629382100609507,0.26221598002015567,0.10680862069923995,-0.0900201645562512
111,True,1.1200000000000008,4.611792527827687,False,True,0.0,False,,-0.0,-0.8726646259971647,0.6881986714396744,-0.2094395102393195,-0.3490658503988657,-0.13785812172486275,0.3588340446637663,-0.3490658503988657,0.06851991716337259,0.345679941597464,-0.34906585039886573,0.1582607386741374,0.29316110258803285,-0.3490658503988659,0.2597957312711109,0.010321139906745554,-0.14992425599226278,-0.0,-0.8726646259971647,0.6881986714396744,-0.2094395102393195,-0.3490658503988657,-0.13785812172486275,0.3588340446637663,-0.3490658503988657,0.06851991716337259,0.345679941597464,-0.34906585039886573,0.1582607386741374,0.29316110258803285,-0.3490658503988659,0.2597957312711109,0.010321139906745554,-0.14992425599226278,-0.004949132773333394,-0.8632405901761127,-0.00964390898309223,-0.19695726103701552,-0.06636647799462415,-0.13309942879951,0.47358497306229935,-0.3403685000170242,0.07101603875602616,0.43750740121563003,-0.32022856128000554,0.15376960095233133,0.36329142102544476,-0.28216302249882264,0.2620857165430514,0.08787158239735772,-0.10194628642949405
112,True,1.1300000000000008,4.61334669339287,False,True,0.0,False,,-0.0,-0.8726646259971647,0.6957847590409564,-0.2094395102393195,-0.3490658503988657,-0.13878224375570622,0.3412943996337911,-0.3490658503988657,0.06874642986449779,0.3296723549802886,-0.34906585039886573,0.15976440860464317,0.2776411837945899,-0.3490658503988659,0.261134558662555,-0.0010881517502229071,-0.15762982836105205,-0.0,-0.8726646259971647,0.6957847590409564,-0.2094395102393195,-0.3490658503988657,-0.13878224375570622,0.3412943996337911,-0.3490658503988657,0.06874642986449779,0.3296723549802886,-0.34906585039886573,0.15976440860464317,0.2776411837945899,-0.3490658503988659,0.261134558662555,-0.0010881517502229071,-0.15762982836105205,-0.003940158181804652,-0.8632303360995603,-0.009669179927479824,-0.20063633623355814,-0.13069402704460464,-0.1344555694005366,0.4477407112905814,-0.3401199677605963,0.07067259063192766,0.4171519059478052,-0.32721589149281416,0.15505429084716824,0.34773694110717124,-0.2977489282839147,0.26217380634384735,0.07018377578589162,-0.11298788769334535
113,True,1.1400000000000008,4.614496104728803,False,True,0.0,False,,-0.0,-0.8726646259971647,0.698054620901618,-0.2094395102393195,-0.3490658503988657,-0.13975086854206414,0.3258931809937912,-0.3490658503988657,0.06810889982822692,0.3158330268883472,-0.34906585039886573,0.16094551557284736,0.2641246185928717,-0.3490658503988659,0.26233873839780203,-0.01186778756350556,-0.1639527549160882,-0.0,-0.8726646259971647,0.698054620901618,-0.2094395102393195,-0.3490658503988657,-0.13975086854206414,0.3258931809937912,-0.3490658503988657,0.06810889982822692,0.3158330268883472,-0.34906585039886573,0.16094551557284736,0.2641246185928717,-0.3490658503988659,0.26233873839780203,-0.01186778756350556,-0.1639527549160882,-0.0029311814493815733,-0.8632232154942661,-0.009684786057528606,-0.2034098047055643,-0.1823022279334251,-0.1356903136528468,0.4236868289640167,-0.3399272163434162,0.07039504998655473,0.39769204687855964,-0.3325745579527295,0.15643658960732926,0.33225056921094237,-0.3100411024899964,0.26248648750061837,0.053776962892667236,-0.12317575530920942
114,True,1.1500000000000008,4.615326210386789,False,True,0.0,False,,-0.0,-0.8726646259971647,0.705986217040359,-0.20943951023931934,-0.3490658503988657,-0.14023175686575656,0.3126287825383301,-0.3490658503988657,0.06862631644522768,0.30371464343172794,-0.34906585039886573,0.16218911313008275,0.2525639696661789,-0.3490658503988659,0.26356266705166953,-0.019529504938829302,-0.16985359693907837,-0.0,-0.8726646259971647,0.705986217040359,-0.20943951023931934,-0.3490658503988657,-0.14023175686575656,0.3126287825383301,-0.3490658503988657,0.06862631644522768,0.30371464343172794,-0.34906585039886573,0.16218911313008275,0.2525639696661789,-0.3490658503988659,0.26356266705166953,-0.019529504938829302,-0.16985359693907837,-0.0019180410798194812,-0.863220674872683,-0.009694527671440835,-0.20548583201726134,-0.2227124611775752,-0.13680846668068483,0.4015228968378012,-0.3397884918756232,0.07019120504757875,0.3793682327873813,-0.33665238978098494,0.1578470881350489,0.31715627739123803,-0.31956625645137016,0.2629977846247394,0.038781133014306614,-0.13253685224256387
115,True,1.1600000000000008,4.615932097833269,False,True,0.0,False,,-0.0,-0.872185705135374,0.7076058873766434,-0.20943951023931925,-0.3490658503988657,-0.14104575211577308,0.3017844248154623,-0.3490658503988657,0.06835348403526456,0.2940294823304561,-0.34906585039886573,0.16312809401638853,0.24311738998765614,-0.3490658503988659,0.2644660827690413,-0.027075928476600234,-0.17420176920092695,-0.0,-0.872185705135374,0.7076058873766434,-0.20943951023931925,-0.3490658503988657,-0.14104575211577308,0.3017844248154623,-0.3490658503988657,0.06835348403526456,0.2940294823304561,-0.34906585039886573,0.16312809401638853,0.24311738998765614,-0.3490658503988659,0.2644660827690413,-0.027075928476600234,-0.17420176920092695,-0.0009027682077256682,-0.8632197666363103,-0.009700817243498099,-0.20702793551111062,-0.2538553948041841,-0.13783118429495883,0.3813412042153617,-0.3396992054241553,0.07004174435988751,0.362401519324213,-0.33967544314629616,0.15923192357585841,0.3027812042347469,-0.3268619648191007,0.2636511179093133,0.025216029786765976,-0.14103893045225724
116,True,1.1700000000000008,4.616392481215844,False,True,0.0,False,,-0.0,-0.8713869313930052,0.7086763830765432,-0.20943951023931925,-0.3490658503988657,-0.1411746264751687,0.2931916602582996,-0.3490658503988657,0.06870258536716786,0.2863212739437687,-0.34906585039886573,0.16384862060135544,0.235570389041529,-0.3490658503988659,0.26493915437271476,-0.032635717562166724,-0.1773059472897503,-0.0,-0.8713869313930052,0.7086763830765432,-0.20943951023931925,-0.3490658503988657,-0.1411746264751687,0.2931916602582996,-0.3490658503988657,0.06870258536716786,0.2863212739437687,-0.34906585039886573,0.16384862060135544,0.235570389041529,-0.3490658503988659,0.26493915437271476,-0.032635717562166724,-0.1773059472897503,0.0001159367925743999,-0.8632170729370748,-0.009705007849888746,-0.20816478289430862,-0.27759943591766406,-0.13873995380762097,0.36321915836671015,-0.33964979898640363,0.06994815449754911,0.3469655632378564,-0.3410212076676363,0.16054279086577466,0.2894069742431397,-0.33240628887961093,0.2643621975586942,0.01308315292268704,-0.14861142879064518
117,True,1.1800000000000008,4.616765380275561,False,True,0.0,False,,-0.0,-0.870177602604874,0.70975752000664,-0.20943951023931925,-0.3490658503988657,-0.14144328147283866,0.287032542353799,-0.3490658503988657,0.0689606717351946,0.28072080257764725,-0.34906585039886573,0.16446236503786515,0.23019548334166925,-0.3490658503988659,0.2654227206871877,-0.036489202805809105,-0.17983615929280558,-0.0,-0.870177602604874,0.70975752000664,-0.20943951023931925,-0.3490658503988657,-0.14144328147283866,0.287032542353799,-0.3490658503988657,0.0689606717351946,0.28072080257764725,-0.34906585039886573,0.16446236503786515,0.23019548334166925,-0.3490658503988659,0.2654227206871877,-0.036489202805809105,-0.17983615929280558,0.0011189238720046562,-0.8632104248331016,-0.009708007835895762,-0.20899700039241587,-0.2955680882477456,-0.13952365675003203,0.3472245865610808,-0.33962592228230604,0.06990575615802366,0.3332090064798933,-0.3413028860113913,0.16175006423244206,0.2772738519241791,-0.33659784373491985,0.265072293891777,0.0024255779211479343,-0.15524203514276044
118,True,1.1900000000000008,4.617102489970282,False,True,0.0,False,,-0.0,-0.8685843189366588,0.7108998469530954,-0.20943951023931925,-0.3490658503988657,-0.14165044414635958,0.28331323467082653,-0.3490658503988657,0.06918642152334338,0.2772998143288041,-0.34906585039886573,0.164891854350042,0.22693235043740972,-0.3490658503988659,0.26574985638806037,-0.03888160533175722,-0.18148342980615195,-0.0,-0.8685843189366588,0.7108998469530954,-0.20943951023931925,-0.3490658503988657,-0.14165044414635958,0.28331323467082653,-0.3490658503988657,0.06918642152334338,0.2772998143288041,-0.34906585039886573,0.164891854350042,0.22693235043740972,-0.3490658503988659,0.26574985638806037,-0.03888160533175722,-0.18148342980615195,0.0020887812508190167,-0.8631968763961034,-0.009710274278640742,-0.20960233686098215,-0.30909514102361446,-0.140191831436338,0.3334231263413387,-0.3396157316918744,0.06988876413194432,0.32124971832122096,-0.34113594263014746,0.162834425729714,0.266584622565493,-0.3396902507012236,0.2657448703834967,-0.006729674841019287,-0.16094401383456725
119,True,1.2000000000000008,4.617475735772828,False,True,0.0,False,,-0.0,-0.8661399404001404,0.7123649343810692,-0.2094395102393193,-0.3490658503988657,-0.14193376591599208,0.2819845130418185,-0.3490658503988657,0.06928663774207945,0.27575384729935914,-0.34906585039886573,0.16520524792917482,0.2255777950150111,-0.3490658503988659,0.26609643207562994,-0.03993593913711507,-0.18238087673912243,-0.0,-0.8661399404001404,0.7123649343810692,-0.2094395102393193,-0.3490658503988657,-0.14193376591599208,0.2819845130418185,-0.3490658503988657,0.06928663774207945,0.27575384729935914,-0.34906585039886573,0.16520524792917482,0.2255777950150111,-0.3490658503988659,0.26609643207562994,-0.03993593913711507,-0.18238087673912243,0.003018842724123831,-0.8631694196153245,-0.009711975731648803,-0.2100401897221446,-0.31924071526635184,-0.14076473679798018,0.3218691009686858,-0.3396125022252238,0.06988307025505994,0.3111573424049804,-0.3408228696910346,0.16378539171347498,0.25747855190353564,-0.34106410678140175,0.2663640439023386,-0.014383914443940162,-0.1657377132193931
