frame,scored,sim_time,min_distance_measured_mm,measured_collision,measured_margin_violation,modification_rad,fallback,total_safety_time_ms,q_nominal.right_wrist,q_nominal.right_thumb_mcp,q_nominal.right_thumb_abd,q_nominal.right_thumb_pip,q_nominal.right_thumb_dip,q_nominal.right_index_abd,q_nominal.right_index_mcp,q_nominal.right_index_pip,q_nominal.right_middle_abd,q_nominal.right_middle_mcp,q_nominal.right_middle_pip,q_nominal.right_ring_abd,q_nominal.right_ring_mcp,q_nominal.right_ring_pip,q_nominal.right_pinky_abd,q_nominal.right_pinky_mcp,q_nominal.right_pinky_pip,q_safe.right_wrist,q_safe.right_thumb_mcp,q_safe.right_thumb_abd,q_safe.right_thumb_pip,q_safe.right_thumb_dip,q_safe.right_index_abd,q_safe.right_index_mcp,q_safe.right_index_pip,q_safe.right_middle_abd,q_safe.right_middle_mcp,q_safe.right_middle_pip,q_safe.right_ring_abd,q_safe.right_ring_mcp,q_safe.right_ring_pip,q_safe.right_pinky_abd,q_safe.right_pinky_mcp,q_safe.right_pinky_pip,q_measured.right_wrist,q_measured.right_thumb_mcp,q_measured.right_thumb_abd,q_measured.right_thumb_pip,q_measured.right_thumb_dip,q_measured.right_index_abd,q_measured.right_index_mcp,q_measured.right_index_pip,q_measured.right_middle_abd,q_measured.right_middle_mcp,q_measured.right_middle_pip,q_measured.right_ring_abd,q_measured.right_ring_mcp,q_measured.right_ring_pip,q_measured.right_pinky_abd,q_measured.right_pinky_mcp,q_measured.right_pinky_pip
0,True,0.01,6.235195374707057,False,False,1.2532177571069647,False,40.166334016248584,-0.0,-0.7937160337256035,0.714143670502531,-0.20943951023931817,-0.34906585039886523,-0.14148689537441123,0.28169694757047137,-0.3490658503988652,0.06951136214153027,0.27614592248973263,-0.3490658503988656,0.16495683160677888,0.22656350673362063,-0.34906585039886573,0.26689409062926417,-0.03800003679377341,-0.18342342720258314,-0.0750001499997,-0.39685722378801913,-0.36652,-0.3972001306393978,-0.4269180809032708,-0.31131424575939826,0.14066614268914682,-0.17453257613429166,0.046511392632453324,0.13755977600311892,-0.1745325761342918,0.18463684242854553,0.11328152733299364,-0.17453257613429193,0.3951123002316358,-0.018999980396925912,-0.09171153017823122,-0.14780075161591927,-0.03026295127957079,-0.7067681839028666,-0.5700898815993023,-0.4986407025350677,-0.3938191409765437,0.011028681081338573,-0.013780529080922395,0.0033210991936970633,0.010758781227051078,-0.013783288712807167,0.17123760859496323,0.008912671154138362,-0.013762335609323221,0.5142644823489748,-0.001202202411377025,-0.007120907372554562
1,True,0.020000000000000004,6.242538836523522,False,False,1.2408763451036915,False,40.77304096426815,-0.0,-0.7934787017483471,0.7147624113894548,-0.20943951023931826,-0.34906585039886523,-0.14194030098994107,0.28379001826749767,-0.3490658503988652,0.06881051656587751,0.2775229362744334,-0.3490658503988656,0.16494676951416926,0.22720583973375308,-0.34906585039886573,0.2667388181940163,-0.03774079791763105,-0.1832211023689662,-0.07390052360841566,-0.4118700632982703,-0.35338409195143333,-0.38976505656896043,-0.42385342604151943,-0.31945552415236733,0.14724578512551884,-0.1814228544552429,0.02976641478356842,0.14276554276107928,-0.18142423427394525,0.1666397087287233,0.11805903713564883,-0.18141375770125018,0.4548104544254651,-0.016634959802888285,-0.09517082877091754,-0.14292967852502172,-0.0862377726154796,-0.6575636196585252,-0.5433484112675763,-0.4875631510794478,-0.38306523971782436,0.031226714839096847,-0.038752927999446886,0.008256289032820571,0.030421467355349147,-0.03875422647600228,0.17227184403981996,0.02520056009233856,-0.03871312874948045,0.5021259234322898,-0.0033030198600911297,-0.020089256771378218
2,True,0.030000000000000013,6.245938529165022,False,False,1.197340226066818,False,41.20058298576623,-0.0,-0.793474956845772,0.7142543592022959,-0.20943951023931828,-0.34906585039886523,-0.1417784815141797,0.28739170031044353,-0.3490658503988652,0.06868850419916464,0.28075194471994347,-0.3490658503988656,0.1646117832775564,0.23038591585548232,-0.34906585039886573,0.26651843845946216,-0.03539588823946779,-0.18174820004915257,-0.07146498219190356,-0.43985565941043314,-0.3287818098292627,-0.3763942946616805,-0.4183146392361803,-0.310249403126014,0.15927351620199554,-0.19390907888685427,0.0332326294745434,0.15421926855871332,-0.1939097281264306,0.16665595883805123,0.12779303167059244,-0.19388917922207205,0.4430849595134545,-0.016790149339024427,-0.1009185667516454,-0.136397598910576,-0.14950987574566693,-0.6013912584833012,-0.5138102039355203,-0.47527645910213295,-0.37109830419991335,0.05398362556017331,-0.06652537837055039,0.013018223571846413,0.05252474656747863,-0.06652117001857699,0.17249129065825694,0.04351824824310441,-0.06647285503450215,0.49134383366062545,-0.005559115327982427,-0.03451333581124384
3,True,0.04000000000000002,6.247179697121565,False,False,1.1484237822554957,False,41.428958997130394,-0.0,-0.7939187565036605,0.7124827925567497,-0.20943951023931826,-0.34906585039886523,-0.1415186432112867,0.29354440654607744,-0.3490658503988652,0.06853185040097197,0.286272925047603,-0.3490658503988656,0.16402943308396953,0.23573985136966813,-0.34906585039886573,0.26604881336010766,-0.031449360913701804,-0.17930041556127033,-0.06819893585261413,-0.4717136652716622,-0.3006956292416506,-0.3616251614575043,-0.4121712809608554,-0.3000143769646526,0.17385000675361698,-0.2077953318448009,0.03641393775985925,0.16805253590562585,-0.207793227664606,0.16579393449190932,0.13962885878319503,-0.20776907012425375,0.4324442678383551,-0.01619828138067926,-0.10690673089946691,-0.12885554332063218,-0.2122037986686067,-0.5453695196881599,-0.4850231371863773,-0.46326786791470675,-0.35880931348977235,0.07670552648268165,-0.09373571000764619,0.017546424597286614,0.07454379569607704,-0.09372492486319867,0.17225484478026096,0.06179160951874411,-0.09367924396651299,0.4811033743893017,-0.007639562572437333,-0.04854420726304159
4,True,0.05000000000000003,6.2493206748262935,False,False,1.1006392094900752,False,42.13237500516698,-0.0,-0.7958947730035736,0.7083520505355695,-0.2094395102393183,-0.34906585039886523,-0.14078291985865948,0.3023732982132641,-0.3490658503988652,0.06893038466567583,0.29378605469404506,-0.3490658503988656,0.1633859938057405,0.24278297099635793,-0.34869310084619265,0.2651464917690248,-0.026089008501068087,-0.17595044864092346,-0.06442790051560172,-0.5040487032428432,-0.27268475984408,-0.3472315992959235,-0.4061669733585751,-0.29312156706791137,0.18974038849035205,-0.221400524873626,0.03401865580561074,0.1825835225989722,-0.22139513229061725,0.17292368711235503,0.1521059697802873,-0.22118591739300592,0.4281252021828612,-0.014542662326698135,-0.11224720054599593,-0.12071516140326191,-0.27119934044686167,-0.49249455230777117,-0.4582515110438402,-0.45208119556349596,-0.34683467830006465,0.0985410170010347,-0.11913505149845524,0.021425841408648515,0.09560107980714029,-0.1191179026098529,0.17224603414697717,0.07931405605288862,-0.11906547800327799,0.4715065497693959,-0.009293972999831025,-0.061433848659034146
5,True,0.06000000000000004,6.252252119855614,False,False,1.0705125472317611,False,42.05558402463794,-0.0,-0.8726646259971643,0.7103913677723254,-0.20943951023931912,-0.34906585039886584,-0.1385437198182711,0.31427867498170337,-0.3490658503988659,0.06723910633460851,0.30339744126316753,-0.3490658503988659,0.1613378102758406,0.25279604212624734,-0.34906585039886584,0.2639896535113699,-0.02027739586732751,-0.16887453979798345,-0.06035770141655094,-0.5719296702234309,-0.24624727615388559,-0.3338457594530829,-0.40057362599632007,-0.28312052514444164,0.20669951379791232,-0.2341002210183215,0.03602325920040559,0.19800743284805236,-0.23409164655687148,0.17150522557294426,0.1658900889002931,-0.23406543420115947,0.41828491569371773,-0.012682635155715357,-0.11515408678803252,-0.1122467975984019,-0.3282376390149105,-0.44385794246016497,-0.43374767699975797,-0.4418509157394568,-0.3353164997292265,0.11938378993029784,-0.14235333290140376,0.024652755253105903,0.11554862627783857,-0.1423307496608189,0.17246004166405288,0.09601508157181997,-0.1422767272726095,0.46235527310442764,-0.010400031975869754,-0.07279326775179876
6,True,0.07000000000000005,6.254834142200365,False,False,1.0218756829595919,False,41.866415995173156,-0.0,-0.8726646259971643,0.700109399449842,-0.20943951023931912,-0.34906585039886584,-0.13962674161921038,0.32577099371080787,-0.3490658503988659,0.06846271431224003,0.3155787402563029,-0.3490658503988659,0.16103086238992045,0.26267817020766526,-0.3462541147648478,0.2624164231855958,-0.01154383419425763,-0.1640780047192774,-0.056123511045774066,-0.6004488195074553,-0.22192897123008248,-0.32159381792725666,-0.3954584758540411,-0.27322900409859985,0.22291806682400264,-0.24570938493803074,0.03790603614952046,0.21416270485842598,-0.24569809329515513,0.17075842324833693,0.17919701514849568,-0.24426521704174914,0.4091250339768148,-0.009050333780305753,-0.11843554495098368,-0.10369390240804816,-0.3826950321401566,-0.39968470305916814,-0.4115765610058788,-0.43259545402694094,-0.32415967046820765,0.1392914187293,-0.16337697822405173,0.027448745135499723,0.13454312414519382,-0.16335201917922873,0.1726417697027771,0.11197492444772617,-0.16319387009003508,0.4533587294979163,-0.010897696624029993,-0.08257905246398584
7,True,0.08000000000000006,6.256834302438784,False,False,0.9824941245969435,False,44.6548750041984,-0.0,-0.8726646259971643,0.6955165162606632,-0.20943951023931912,-0.34906585039886584,-0.1385994394177282,0.34162306773210355,-0.3490658503988659,0.06880711470533206,0.32904211883766116,-0.3481532849635668,0.16000089429589284,0.2738621478270344,-0.34219221552877105,0.261141369294494,-0.001322450199849846,-0.15812033541190532,-0.0518470548977191,-0.6276775160700783,-0.19984235152958407,-0.3105082377592455,-0.39083073574233995,-0.26356874169888456,0.24083481561716524,-0.256221228622958,0.03952449901797743,0.23046879446519042,-0.2557524672705016,0.17011885795864687,0.1927897316012508,-0.2526928638114156,0.4001819301976912,-0.0043646165196293335,-0.12034961839681371,-0.09523638066418944,-0.4330164269308992,-0.35982639763866714,-0.3916410414619913,-0.42426795589478816,-0.3133046944288401,0.15850324481492553,-0.18232995071443603,0.029936054495728982,0.15280672606213297,-0.1822685753076838,0.17273067032385675,0.12732345217999136,-0.18179355724282648,0.4444166975810638,-0.010639663881861557,-0.0908647412440378
8,True,0.09000000000000007,6.25835591907941,False,False,0.9431353384119534,False,44.452750007621944,-0.0,-0.8726646259971643,0.6866757329672539,-0.20943951023931912,-0.34906585039886584,-0.13775158911227528,0.3587704010520053,-0.3490658503988659,0.06829311894109483,0.34404851709148093,-0.34596857144984633,0.1582349621511683,0.2875278626475183,-0.3376329215486258,0.2597598164407293,0.010405327242066848,-0.15138633619912978,-0.04761828556828492,-0.6528382134610202,-0.1799131988193336,-0.30054045805182206,-0.3866669783487821,-0.25432411971415936,0.2590331044273071,-0.26569773382108475,0.04062177239764426,0.24718569405685428,-0.26411840967909633,0.16923298358932287,0.20730851508270903,-0.2597130835566735,0.39115842550555724,0.0014549495574702528,-0.12112547820010987,-0.08699579897733113,-0.4787888599246569,-0.3239838445555463,-0.37374168233417354,-0.4167886660721965,-0.30273222679965334,0.1772906218630077,-0.19938008595770948,0.03215540643709873,0.17055983395218283,-0.19916788335556027,0.1727455736656465,0.14227288100152063,-0.19815837939076117,0.43548298864463836,-0.009482384407848847,-0.09771223246564825
9,True,0.10000000000000007,6.258509288702773,False,False,0.9996564671767286,False,36.75987501628697,-0.0,-0.8726646259971648,0.6807988406594172,-0.20943951023931945,-0.34906585039886584,-0.13670612607823604,0.3789057670288781,-0.3490658503988659,0.06830798058374035,0.36397463358491683,-0.3490658503988659,0.15668163937080257,0.31068074604748364,-0.34906585039886584,0.25837451255548627,0.02378398509204334,-0.14294547702355925,-1.7399124997707904e-07,-0.39711835631949954,-0.19285169991097903,-0.2534048726234722,-0.3490659858442263,-0.18757835900873043,0.3796993598884969,-0.34906555102793574,0.051219713174647505,0.3616402025644738,-0.3490655506035314,0.16443194380903725,0.3104669418120456,-0.34906554858452743,0.3292011968558476,0.026607665448893834,-0.14294538655725106,-0.07673486741649496,-0.49935658090365725,-0.29433124312391146,-0.3553344959598907,-0.40755652531358555,-0.28821977858057135,0.2039284166721365,-0.2206271120345168,0.034822042898261275,0.19570386914471827,-0.2203166937989306,0.17239449945514534,0.1640251127569297,-0.21903859124625108,0.4226448713300375,-0.005775517342849193,-0.10489584592066815
10,True,0.11000000000000008,6.256928044046083,False,False,0.9624464637343019,False,37.534792034421116,-0.0,-0.8726646259971648,0.673991219385754,-0.2094395102393195,-0.3490658503988659,-0.135129132208714,0.4013675393584855,-0.3490658503988659,0.06823723762798135,0.38381575827370507,-0.3490658503988659,0.15500487602427074,0.33045705947800097,-0.3490658503988659,0.2569614784297456,0.03959670033154974,-0.13559844895777223,-1.5346942787430873e-07,-0.41174846774336715,-0.16650523955000657,-0.2511466265910075,-0.34906596737998175,-0.17650319808200915,0.40211561180253863,-0.3490655935217876,0.05157252186153588,0.38173453394799,-0.34906559290095296,0.16265104605669928,0.3302744082895951,-0.3490655903447544,0.31718741322597194,0.041969861054235946,-0.13559838755268896,-0.06473000095140795,-0.49819775889735596,-0.269151366168966,-0.3366556683494591,-0.3971960986549772,-0.27026290282260707,0.2370474170781406,-0.24428934252058368,0.03781723737339214,0.22689897749004892,-0.24397508120274117,0.17160618918162832,0.1915160551939471,-0.24274192908649944,0.4063130473347184,0.000660941863753691,-0.11165044369809196
11,True,0.12000000000000009,6.253679910084895,False,False,0.9290961212578528,False,37.892375024966896,-0.0,-0.8726646259971648,0.65955222722581,-0.2094395102393195,-0.3119055092325803,-0.13528240684096174,0.42311753808739044,-0.34686395093053135,0.06908193320629576,0.4033924126467146,-0.3444208137158374,0.15353625547634045,0.33184190027917904,-0.3102471986103984,0.255546324997014,0.05448994183310569,-0.12284133483696554,-1.2945974299516383e-07,-0.4194111606207003,-0.14844304512678985,-0.2501304660097001,-0.311905679813418,-0.1626281117332082,0.42368998104992905,-0.3468637457816167,0.05229983076351137,0.40169223866260884,-0.3444206128247361,0.16031486299669334,0.33170034985546804,-0.3102470636001294,0.30231036241803866,0.05630517225339603,-0.12284131245522802,-0.05262865222817001,-0.4889107894610884,-0.24626589989306927,-0.3195072414162739,-0.3845734397629706,-0.2513091143733961,0.271437286933108,-0.2659616950109248,0.040701708823651345,0.2591911901601513,-0.2654915978179908,0.17045590236673133,0.21895745607670958,-0.2617197691022107,0.3886931613804845,0.009072878885217888,-0.1161735039726301
12,True,0.1300000000000001,6.249113741940214,False,False,0.8880447209405157,False,37.409708951599896,-0.0,-0.8726646259971648,0.6303261943866804,-0.2094395102393196,-0.11638649403579357,-0.1332207204555335,0.4507153193893847,-0.3490658503988659,0.06899063417567636,0.4290854733252582,-0.3490658503988658,0.15196812478289767,0.3514927311940302,-0.30290111506116957,0.2559116478514863,0.07268631539433316,-0.1140671288929859,-1.052570939366615e-07,-0.4296606452264047,-0.13735064015187481,-0.24938832527371257,-0.11638703040861226,-0.147489964065614,0.4510520751988761,-0.34906568419078193,0.053572813918425305,0.4278379849841206,-0.3490656832506035,0.15851147024144072,0.35139362120569745,-0.3029010326986424,0.2868964533644622,0.0738677593612583,-0.11406713310572764,-0.04126237256082812,-0.4783169424749074,-0.22538631874249568,-0.3047662276949569,-0.35560055038960153,-0.2323559613596012,0.3052700220764638,-0.28437425049317255,0.04334349778816554,0.2909366454481196,-0.2838051684973608,0.16904139818089053,0.2447276684843345,-0.27448256644014923,0.37075315495421707,0.019186866000241366,-0.11816890597245538
13,True,0.1400000000000001,6.243951801535593,False,False,0.8553949981026193,False,52.13437497150153,-0.0,-0.8726646259971648,0.6019564229316813,-0.20943951023931906,0.05568943223149864,-0.13196763243145845,0.4783977345532454,-0.34906585039886556,0.06929901921514671,0.454379150761194,-0.34906585039886584,0.1507278307296415,0.36485219557769394,-0.27987399032480614,0.2564207259639583,0.09109004677480233,-0.10184639911896053,-8.252458007229624e-08,-0.457121739883488,-0.14203906844412112,-0.24452841650922563,0.05568860965317862,-0.16690554410392994,0.47833217213269624,-0.34906572101592453,0.05601818488336548,0.4485816181151367,-0.3490657198777631,0.1574137914253073,0.3606151286842573,-0.27987397954197996,0.30905981478353617,0.09100255960991341,-0.10184643176390895,-0.031011627574305624,-0.4708696522110208,-0.20760586642705314,-0.2922215249166516,-0.3022563581529247,-0.2163491741968504,0.33810114683507514,-0.29939597809518703,0.04581459661111916,0.32138007760332366,-0.2988529886058712,0.16750979946334738,0.26827925728710716,-0.28113762876100856,0.35573002968968204,0.030809663203849497,-0.11765380576581524
14,True,0.1500000000000001,6.2383841491681,False,False,0.8213457824410078,False,51.67554202489555,-0.0,-0.8726646259971648,0.5749095186503571,-0.20943951023931912,0.1954723288498352,-0.13102343772949812,0.5041519337401511,-0.3431689905029481,0.06964129262584826,0.47588407438597247,-0.3390079280118107,0.14987647762197367,0.3731293114517099,-0.2431849085076439,0.25694693605543834,0.109939825296381,-0.08667792866833038,-6.202313110326152e-08,-0.48468060006525576,-0.1467861049956382,-0.2397429552150777,0.1954713333944521,-0.15491255852280186,0.5041095163996151,-0.34316890295709834,0.05728170407752744,0.47175469808891307,-0.33900784770209247,0.15544231309665696,0.3700213657769072,-0.2431849844129326,0.29610396032871894,0.10987261578565768,-0.08667799061996066,-0.022078535845731002,-0.46864598551175224,-0.193635004005913,-0.2814033773964658,-0.22765362644304346,-0.20322994986586676,0.3697544748291543,-0.3108206180649039,0.04812316834262446,0.3503382527681665,-0.31002422302635585,0.165904064634738,0.28925564098074297,-0.28084077023784404,0.34350156320406394,0.0438133693216223,-0.11452065670446258
15,True,0.16000000000000011,6.232338947674494,False,False,0.7905967127244702,False,51.18029098957777,-0.0,-0.8726646259971648,0.5511979890722987,-0.20943951023931948,0.3026168563848328,-0.12892269121438638,0.5388468935301547,-0.34906585039886556,0.07009719596704014,0.5002412957309624,-0.3302733557201785,0.14773414036788213,0.3947457319801789,-0.23051870506795918,0.2568274930704124,0.13021454493938578,-0.07368354936859295,-4.4156983378812464e-08,-0.5061498888683353,-0.14783085509977897,-0.23626965836838654,0.3026157958459882,-0.14574962844247147,0.5388175467851807,-0.3490657739085286,0.05825455282817706,0.49716971128503473,-0.3302733152219941,0.1534633640449651,0.39241539976575845,-0.23051880571188824,0.2864558779404867,0.13016300485009086,-0.07368363104264428,-0.014508774585713874,-0.4714885721013954,-0.18308844279552536,-0.27206552256546274,-0.14037048627053464,-0.1916946851708318,0.40094364978459374,-0.31969285996475444,0.05022578721572273,0.37818744072867405,-0.31724329077362057,0.16422057623775974,0.30883203340973,-0.2754035683034057,0.33263853705751767,0.058177818714014194,-0.10908715384265553
16,True,0.17000000000000012,6.2267907442706125,False,False,0.7576571887037071,False,49.506459035910666,-0.0,-0.8726646259971648,0.52443924917849,-0.20943951023931945,0.4075943028320925,-0.12774034977457996,0.5682652626450277,-0.3446818424228014,0.07159991007124923,0.521462085386335,-0.31245833580298044,0.14647214623329172,0.4136944750490461,-0.21016912845097577,0.25799545613455555,0.15322948102307787,-0.05951726477892778,-2.901749113388974e-08,-0.5248166458964364,-0.14758347363663182,-0.23370432174702335,0.40759320690470613,-0.1420951149355064,0.5682178111163267,-0.34468179244493646,0.061981444820458975,0.5187038225428906,-0.31245834537287126,0.15380471568061913,0.4119781532993132,-0.21016925891959454,0.27990388067283606,0.15319136675897063,-0.059517363918507614,-0.008305507730874651,-0.47836067000806837,-0.1751980344458612,-0.26408887617932675,-0.04678052896101095,-0.1815105257674694,0.4319507671650977,-0.326374035007049,0.05231457288720814,0.40500797877746036,-0.32035285495850646,0.1626344507773661,0.32794269172208534,-0.2664413040843024,0.322723858629131,0.07400715215164168,-0.10174340862853107
17,True,0.18000000000000013,6.221813654748894,False,False,0.7265149886697017,False,49.21924998052418,-0.0,-0.8726646259971647,0.49923751392697574,-0.20943951023931945,0.48861341958060606,-0.12545551481825884,0.6021567908084018,-0.34464974903585555,0.0723583510559281,0.5411951077827565,-0.2894558964054452,0.14482762365134313,0.43031261165920964,-0.18209546561589093,0.2579194233417637,0.1760587526429483,-0.04453911546609601,-1.6610982240747307e-08,-0.5399169453626085,-0.14588592981972023,-0.23192518556358144,0.4886123487948506,-0.13413250579260727,0.6021292290441795,-0.3446497124845006,0.06338516993295779,0.5393530706249979,-0.28945595819923875,0.15218630585776624,0.42921010563658313,-0.18209563430723047,0.27201120110860616,0.17603446003101936,-0.04453922987445351,-0.0034400343019830113,-0.48799882534584355,-0.1691933264234527,-0.25737795624945015,0.04941299778645579,-0.1723139956406346,0.46306361778685434,-0.3312120740524033,0.05440976112923531,0.43073983201969407,-0.31896917521619034,0.16115736107747244,0.3467453714020184,-0.2541053370786445,0.31348800391551157,0.09126988341628448,-0.09275899276726893
18,True,0.19000000000000014,6.217382577811967,False,False,0.696564786139182,False,50.43366696918383,-0.0,-0.8726646259971647,0.4748178612546805,-0.20943951023931948,0.5413507487003033,-0.125408043176461,0.6400015126357131,-0.3490658503988658,0.07237175078194728,0.5508006725709262,-0.24589514954814318,0.14528854383939369,0.44170473461736776,-0.14176654819855455,0.2587122041349995,0.20065132068840943,-0.027594099431668087,-6.8800548431134645e-09,-0.5528468355398777,-0.14350352005091996,-0.2306708448109207,0.5413497648267693,-0.1309726192460181,0.639531106720099,-0.3490658146913827,0.06627588885758533,0.5502289099892305,-0.2458952956959022,0.15148417460337238,0.441206694426913,-0.14176677287568293,0.26501107817916925,0.20064058295907056,-0.02759422976119412,0.00014819158483511934,-0.4992484523812962,-0.16443016388693513,-0.25180931258839007,0.14390604636247756,-0.16403216220814518,0.4948378175535006,-0.33508373273061465,0.05654200228645295,0.4547004272927561,-0.3115969596922115,0.15977721710693824,0.36485296136932294,-0.23758123531619327,0.30475526970696254,0.10991864469368001,-0.08224799890827036
19,True,0.20000000000000015,6.213521831632151,False,False,0.6653414243106415,False,50.90049997670576,-0.0,-0.8726646259971648,0.44840491847698266,-0.20943951023931956,0.5985533322581942,-0.12396069971282295,0.6765508600098671,-0.34906585039886573,0.0736278534064021,0.5726581650986695,-0.22314759432093922,0.14429972190292326,0.4606799614617819,-0.11373352467402077,0.25989415052010795,0.22554561791377958,-0.010422170115341911,2.9638257690103864e-10,-0.5655810197110438,-0.14142538121494963,-0.2296784392452334,0.598552422965441,-0.12396078202321666,0.6765504964370573,-0.34906582243466855,0.06818022260823667,0.5723540029728843,-0.22314777121931617,0.15060077958258633,0.4606588165644878,-0.11373377236894666,0.25989424185790655,0.22554538665653984,-0.010422313766712182,0.0026106880992459365,-0.5113466595274474,-0.160499292774706,-0.24723506590717761,0.2332036485477597,-0.15642746539215668,0.5275372794575942,-0.33827508716308147,0.05870414060627608,0.47732075614267194,-0.299189738183975,0.15849990760443516,0.3825734914163941,-0.2175317248577794,0.2965689262723806,0.1298725178246583,-0.07033870445257903
20,True,0.21000000000000016,6.210113708393236,False,False,0.6322746831727978,False,55.02429202897474,-0.0,-0.8726646259971648,0.4194700078679453,-0.20943951023931945,0.6483176681526177,-0.1226676590405929,0.7141806836110444,-0.3490658503988659,0.07492358802034987,0.5928624932647015,-0.19497347868013476,0.1440674723694407,0.47783213055035867,-0.08071659132766305,0.2615217845016416,0.25127512659287937,0.007537912149641345,5.221365755991164e-09,-0.5788550176957725,-0.1400087126345898,-0.22881011311600793,0.648316837926239,-0.12266772132730361,0.7141803104381834,-0.3490658288173826,0.07005812172792858,0.5925894087247976,-0.1949736871122369,0.14970506136684308,0.47781337068871993,-0.08071686496427707,0.26152185548785817,0.2512748837882136,0.007537756396719664,0.004118808528099881,-0.5239174945271772,-0.1571969821062009,-0.2434976350953895,0.31604511064210805,-0.14960180834340295,0.5611949845987683,-0.34046167625210744,0.06085137083693664,0.4992209153358835,-0.28310142885696715,0.15730955409802455,0.40019150077488336,-0.19471939418150697,0.2894594745974174,0.15102506737037708,-0.05717521478949664
21,True,0.22000000000000017,6.207122290369596,False,False,0.597541725012035,False,54.808458022307605,-0.0,-0.8726646259971644,0.3882862920337305,-0.20943951023931925,0.6896765400183074,-0.12056372016480058,0.7531792392452487,-0.3490658503988659,0.07545568769153198,0.6125963534415245,-0.16456197151081883,0.14501086003938962,0.4945620831639155,-0.04701856303582028,0.26383925576338935,0.27830862848838667,0.026139818363113135,8.237600579961979e-09,-0.5928171446784031,-0.13932111811544595,-0.2279988617861386,0.6896757927569432,-0.12056377991781857,0.7531788552607084,-0.349065833190552,0.07203685453494049,0.6124036293117123,-0.16456220858925935,0.14897896035284364,0.49454896999847714,-0.047018858438875905,0.26383930815768025,0.27830837391259855,0.026139651733380065,0.004834876533772013,-0.5368229623783839,-0.15444458273977207,-0.2404407168118293,0.39173172786934896,-0.14366738565298182,0.5958439082349962,-0.3411814801311016,0.06297173932527017,0.5206356459137066,-0.26392112418077407,0.15620147237776777,0.41771843874622744,-0.16952735871141947,0.28384138766182093,0.17332661727297408,-0.04288218371150839
22,True,0.23000000000000018,6.204827203176198,False,False,0.5594441328751003,False,54.54495799494907,-0.0,-0.8726646259971644,0.35287326431786625,-0.20943951023931925,0.747557655723779,-0.12092001590672953,0.7807702612415001,-0.3290179553481248,0.07869391973258051,0.6326542902183377,-0.13315115796632723,0.14435486517793886,0.5172178118631704,-0.014648670514508995,0.2647698544687351,0.30456786953221876,0.0445303800029074,9.669733727277197e-09,-0.6084075890206735,-0.1398692762085833,-0.22714349342032447,0.7475569440733465,-0.12092006146996949,0.7807698913943222,-0.3290179796751257,0.07471319990088689,0.6324292278399477,-0.13315141950573658,0.14898270914682935,0.5172027227644747,-0.014648980272185086,0.26476989362864545,0.304567607042671,0.04453020517812958,0.004905958348930558,-0.5501252904638146,-0.15226862512904102,-0.23792425977644446,0.46180373503961303,-0.13872712687143204,0.6305686738197652,-0.3404638859875218,0.06511754310418112,0.541717218216015,-0.24208395567808783,0.15522387074660224,0.4356004154554825,-0.1424740358206388,0.2796514565974019,0.19661568171983543,-0.027632909978767252
23,True,0.24000000000000019,6.203106936589446,False,False,0.5205246572533276,False,54.72766695311293,-0.0,-0.8726646259971644,0.31614877084085397,-0.2094395102393193,0.7884450929989326,-0.12002165237984107,0.8124874791343213,-0.3139365678128958,0.07998757947678088,0.6541599578068356,-0.10372760485679265,0.14401944121190102,0.537323911024934,0.01801732392726145,0.2680980382535271,0.33232161857697207,0.0641795314812554,9.811897075211184e-09,-0.6244406081538474,-0.14103317776212435,-0.22629867891559063,0.7884444397175233,-0.12002169097385422,0.8124871152856782,-0.313936620867426,0.07635140677949936,0.6539538401342426,-0.10372788156894089,0.14825331114495705,0.5373102837363515,0.01801700294463368,0.26809806203743897,0.3323213471614502,0.06417934785673973,0.004471963260425842,-0.5638940818217228,-0.15070554157731297,-0.235821782509972,0.5268408692196171,-0.1347146413927476,0.6648505656318587,-0.3376916649366553,0.06725918505377611,0.5626913436829908,-0.21819637443999262,0.15435763381268275,0.4540186746667868,-0.11401110268827817,0.2768303163887023,0.22079640090397112,-0.01151944228107136
24,True,0.25000000000000017,6.202254773613668,False,False,0.4807038760800338,False,54.26474998239428,-0.0,-0.8726646259971644,0.2779911493994318,-0.20943951023931925,0.81548611947594,-0.11823589773383258,0.8436638471171135,-0.2980808349720539,0.08272122574203095,0.6770611677416359,-0.073834157244737,0.14498859885402895,0.5580349214093702,0.049147961975591785,0.27249745488654586,0.3608733507554262,0.08482522743404719,8.943908633672615e-09,-0.6409867645940179,-0.1428642545441381,-0.22543885141328268,0.8154855421865941,-0.11823593187473408,0.8436634894765355,-0.29808091419355537,0.07938288796077966,0.6768715013938053,-0.07383444596859395,0.14888146952462733,0.5580225832904803,0.04914763565814702,0.27249746424726123,0.3608730705976882,0.08482503474509315,0.0036516451987908126,-0.5781556221913009,-0.14977222712756488,-0.23402852306647745,0.5859170349921908,-0.13138440916994434,0.698639587022228,-0.3325724871140078,0.06944747252550168,0.5838249981485459,-0.1927849726795971,0.15365374233949455,0.47293860310909525,-0.08459432190391593,0.27536956535090396,0.24584349076859557,0.005446020275272325
25,True,0.2600000000000002,6.202861735135132,False,False,0.4389467169493092,False,72.77404196793213,-0.0,-0.8726646259971644,0.23719104694856993,-0.20943951023931923,0.8510863511569658,-0.11729775350465098,0.8753853444034492,-0.2813943195098274,0.0857520902104735,0.6998696953527981,-0.043936856965804204,0.14669998482503155,0.5785833150497917,0.08200126728335216,0.27722525773582113,0.3896105342569793,0.10537716230583653,7.30327579055029e-09,-0.6586095295438842,-0.14569698644963927,-0.22450439291738422,0.8510858208193942,-0.11729778188109277,0.8753849909088711,-0.2813944218659579,0.0823495962085579,0.6996446937256819,-0.04392303849176346,0.1502775678695491,0.5784763577639063,0.08197176567799742,0.27722525530726194,0.38961024671558153,0.10537696244395219,0.0025403747248808222,-0.5929718973095311,-0.14943126719516187,-0.2324650773539802,0.6394995976438413,-0.12858344134420846,0.7319934265314718,-0.32516983967367813,0.07174681681532603,0.6052519999187556,-0.16622068942955137,0.15322329550959612,0.49228725355683683,-0.05444594614507882,0.27510415186445314,0.2716915332349618,0.02318995509874314
26,True,0.2700000000000002,6.205882900471069,False,False,0.39449042611737345,False,74.01941600255668,-0.0,-0.8726646259971644,0.19276557612994466,-0.2094395102393193,0.8759488474625509,-0.11618870786360806,0.9048459120000775,-0.2599728920346852,0.08831618187866568,0.7223213272974394,-0.014304970781432927,0.14780975913125527,0.600365779323378,0.11453014164549458,0.2812865009474341,0.41830776240465656,0.12643758372384056,5.080739288055441e-09,-0.6778407855306127,-0.14980954989265707,-0.22343782754468186,0.875948374564997,-0.11618873220882622,0.904845566308381,-0.2599730224283197,0.08135271692862174,0.721669682377502,-0.014305274606731394,0.1557960191226498,0.600312932478893,0.11452980367912445,0.281286488320829,0.4183074691768137,0.12643737722899628,0.0012186991142709794,-0.608466221991018,-0.1497691978697045,-0.23105503630324872,0.6879074089600927,-0.12620521084256103,0.7648308143747717,-0.3153709351248871,0.07387989455093251,0.6269327792972316,-0.13880945783279064,0.15334255744167566,0.512077762646199,-0.023698673618259544,0.27582906517762545,0.29822497282869914,0.04162806856054218
27,True,0.2800000000000002,6.211217080207116,False,False,0.3483256779343328,False,73.26016604201868,-0.0,-0.8726646259971644,0.146084860812409,-0.20943951023931934,0.9017149308904033,-0.11515792224127769,0.933793270315381,-0.23781305601510516,0.09136150413029247,0.7453645486399049,0.015463538926377082,0.1495785038085789,0.6221955440349409,0.14685074527316125,0.28652855743345834,0.4472468850250217,0.14779031468655912,2.4373933533387154e-09,-0.698420433160999,-0.15507214124802896,-0.22219707721488607,0.9017145032762147,-0.11515794556930312,0.9337929323756149,-0.23781321113055315,0.08444194580774755,0.7447103837193079,0.01546323038045927,0.15752411703253846,0.6221428484535038,0.1468504041780741,0.2865285373270843,0.44724658697337416,0.14779010236249152,-0.00024275153994760668,-0.6247767041495916,-0.1509186979024748,-0.22973094359960755,0.7315328465268711,-0.1241556345989354,0.7970519916844258,-0.30317025842828127,0.07589519472695569,0.6488682338137358,-0.11077488383583917,0.15398586738540596,0.532316994037252,0.0074945895305376705,0.2774456613778764,0.32533356326098445,0.060687290998829926
28,True,0.2900000000000002,6.218437000378119,False,False,0.29907508370780195,False,79.21037496998906,-0.0,-0.8726646259971644,0.0967328838532301,-0.20943951023931934,0.9246101764073135,-0.11396383173440124,0.9627534660323054,-0.21531642506001542,0.09472861422113923,0.7684753809428768,0.04479458214587544,0.15155999525503677,0.6442569639915504,0.17894333449201283,0.29221206404698247,0.47637134622006766,0.1693105276888021,-4.855021088661423e-10,-0.7255002593032338,-0.1631988544499562,-0.21965151640440464,0.924609790253426,-0.11396385216559045,0.9627531346276028,-0.21531660076733072,0.08755978573000975,0.7677886230648083,0.044794271014010095,0.159799806020705,0.6442021665923651,0.17894299159812507,0.29221203505587134,0.476371044123787,0.16931031044193184,-0.001782428791537155,-0.6424158980306786,-0.15310149750272353,-0.22833791611345133,0.77090579899673,-0.12234777255434683,0.8286681749067367,-0.2887937259621244,0.07798138398133896,0.6710699382140213,-0.08230943808855955,0.1550209063538369,0.552973334883193,0.03899265570880855,0.2798889739380469,0.35292839608975146,0.0802893223409973
29,True,0.3000000000000002,6.227452353693496,False,False,0.2530575694434852,False,83.63479096442461,-0.0,-0.8726646259971644,0.05130164270843701,-0.20943951023931937,0.9440102478486029,-0.11197879614251556,0.9922950000472188,-0.1943803601885748,0.09873058223136928,0.7924261585841801,0.07350526189787215,0.1537517635272347,0.6664830815537749,0.210704553787281,0.29804582121197126,0.5054992030083229,0.19026823882262373,-3.564850453241855e-09,-0.7507329683122964,-0.16998710069115464,-0.21730438279628292,0.9440099016403976,-0.1119788166328368,0.9922946727961807,-0.19438054901502946,0.09097691196143999,0.7916723488008105,0.0735049502781072,0.16267078571258314,0.6664235672781156,0.21070421036736753,0.2980457855310986,0.5054988978431192,0.19026801886438582,-0.0033563444889977995,-0.6615530015495714,-0.1563052787293758,-0.22679638796977913,0.8063512677123191,-0.1206509901144384,0.8597988123292725,-0.2726994788927865,0.08023704894243723,0.6935729280207716,-0.05360825862710312,0.15640980442879976,0.5740051087758067,0.0706673094161691,0.2830660173411829,0.3809234214289111,0.10030059814224977
30,True,0.3100000000000002,6.237804341244462,False,False,0.20620353877552325,False,82.59549998911098,-0.0,-0.8726646259971643,0.005238792683829457,-0.20943951023931937,0.956630298746306,-0.1115037740985811,1.018811910402981,-0.16860583245936256,0.1016976908229857,0.8149736508709856,0.10311477764144407,0.1554285041123315,0.6885123282422919,0.2417951124110627,0.3034902962162907,0.5346709617232718,0.21303617078137563,-6.712675552997954e-09,-0.7759083826833386,-0.17633903117983285,-0.21508222385555628,0.9566299981888451,-0.11150378367762159,1.0188115923078973,-0.16860604062676413,0.09352907253339138,0.8141670168066959,0.10311446422622234,0.16483071077272504,0.6884492935790616,0.2417947701668669,0.30349024577246214,0.5346706544440387,0.2130359453170273,-0.004943735104016735,-0.6820117667052616,-0.16032647693447682,-0.22511477297241744,0.8377905644823865,-0.11908015522195146,0.8903341914192978,-0.25495168712189376,0.08263399781346117,0.7162796528977088,-0.0247300499221496,0.15806633700270184,0.5953412774297698,0.10238002680417718,0.28683046108563337,0.40923713408697787,0.12073923837705243
31,True,0.32000000000000023,6.250423120012981,False,False,0.1589845941538327,False,82.92837499175221,-0.0,-0.8726646259971643,-0.040915569912355836,-0.2094395102393194,0.9748960524940404,-0.10869919169070144,1.0494361471626286,-0.14984206043197976,0.10843110958000879,0.8388599294504533,0.1294876776753339,0.16043626904040803,0.7118022555376439,0.2726106562646606,0.31079630084599813,0.5635171623122975,0.23266769683354563,-9.88745043391942e-09,-0.8004806428870579,-0.18189952408146406,-0.21310349063727152,0.9748957782836128,-0.10869921227029317,1.0494358289577916,-0.14984227065038527,0.09975970047013355,0.837989742120585,0.1294873692410386,0.17042218804449893,0.7117349188538415,0.27261031580421874,0.310796252688052,0.5635168537574546,0.23266747297719137,-0.006514591222608843,-0.7035201539619508,-0.16491154433068864,-0.2233414380325704,0.865846058497878,-0.1175086904921272,0.9205015631032234,-0.23613925229871785,0.08538457249887037,0.7391768408437032,0.004059344731906323,0.1601494496783512,0.6170051005184335,0.1340214531824462,0.29117825816088244,0.43777892025651755,0.14138577137986041
32,True,0.33000000000000024,6.265440427858401,False,False,0.10873322220719793,False,83.85091699892655,-0.0,-0.8726646259971643,-0.09030721819919114,-0.20943951023931942,0.9829897745593086,-0.10635946604847388,1.082035369384257,-0.13601342719415724,0.11348027785230294,0.8629280167453592,0.15491965105452535,0.16349120303351408,0.7342083970586692,0.30273536117690714,0.3187165984882437,0.5939081154636495,0.251288914414084,-1.3029156387470153e-08,-0.8253425126179003,-0.18710643161221618,-0.21141641564691113,0.9829895402723451,-0.10635948646557553,1.0820350463871489,-0.13601362743679124,0.10401214188846984,0.8619622275894926,0.15491934932531418,0.17439769146222941,0.7341343242145046,0.30273502374842676,0.31871654126040894,0.5939078032545269,0.2512886946092712,-0.008041856023001762,-0.7258404973219054,-0.16983012104501055,-0.22153556966940943,0.8905824903506474,-0.11582915478020774,0.9507484825125629,-0.21728725030081655,0.08853355414877,0.7622977259725174,0.03246277121326407,0.16269085895829985,0.638949402926711,0.16549145530215023,0.29615819765249385,0.46659090157850774,0.1619243646566605
33,True,0.34000000000000025,6.282401290415684,False,False,0.05431171381233027,False,81.23687497572973,-0.0,-0.8726646259971643,-0.1447224714862234,-0.2090909963325425,0.9954693144564449,-0.10484587132629368,1.1046164342575555,-0.10623927454649312,0.11898698829897537,0.88343225849297,0.18436356544849064,0.16782442086724622,0.7575526270304375,0.3334056932755905,0.3295384989662305,0.6218508565368045,0.27515741410447014,-1.6083679880984914e-08,-0.8507217350667824,-0.1920231869511415,-0.20977742841339211,0.9954691046832163,-0.1048459190406917,1.1046161258122638,-0.10623949670812338,0.10856694020000555,0.8824378541537441,0.18418398909383582,0.17880676989256342,0.757078853194563,0.3333163612752713,0.3295384156278082,0.6218505463618664,0.27515718764461905,-0.009528069645971216,-0.7488313410691876,-0.17490887512761022,-0.21973899947253878,0.9123687498729709,-0.11408757972067432,0.9805431868521923,-0.1977398943098338,0.09200449742480676,0.7853638977120717,0.06067380373652158,0.16562508512983423,0.6611255273437865,0.1967776983293523,0.301960575285566,0.4955223932791779,0.18261548429744098
34,True,0.35000000000000026,6.301321297590294,False,False,0.01751480518270915,False,80.62420797068626,-0.0,-0.8726646259971643,-0.1931208879691186,-0.18624839318496142,0.9798058868895263,-0.09923914905955884,1.1366139634747194,-0.09132622129821981,0.1255274482791501,0.9092781895275399,0.2077351942772371,0.171748610948497,0.7786916153698337,0.3604847669346002,0.3356673113544691,0.6505242706714884,0.29338616650609817,-1.905610117793055e-08,-0.8719635162387515,-0.1947232017435918,-0.18626183599427087,0.979805752015522,-0.09923918947326268,1.136613651044279,-0.09132643414824718,0.11357849623572391,0.9081165601389038,0.20751688141189595,0.18436580479039605,0.7781170292974953,0.36037975568860897,0.3356672369094343,0.6505239608050384,0.2933859449669007,-0.01096362084921109,-0.772093139009516,-0.1798935555877004,-0.21626686818830887,0.929642562117905,-0.11203109581252892,1.0100656767924823,-0.1778763042794495,0.09577346679677937,0.8085294996015637,0.08846833196421389,0.16898139077037874,0.6833675376672708,0.22763919907098923,0.3083318078523842,0.5244650543734886,0.20330483244595177
35,True,0.36000000000000026,6.322189948609035,False,False,0.0189747167066376,False,81.33837499190122,-0.0,-0.8726646259971643,-0.24491005333267227,-0.18554538689843514,0.9903612592075881,-0.09702800418038073,1.1585940777248607,-0.06256719298724031,0.13193577801010634,0.9298040930976155,0.23624032040208742,0.17632233962811616,0.8015233301124983,0.389400479353469,0.343418734124405,0.6766063070866607,0.3153457840084286,-2.192719784389896e-08,-0.87266,-0.24490992329993685,-0.18554544834127484,0.9903611377704368,-0.09702801508078664,1.1585937812235703,-0.0625674235646198,0.1189404055414845,0.9285159994068098,0.23598958825720226,0.19006969002934745,0.8008639287111798,0.3892836823110395,0.34341868121952807,0.676606002490654,0.3153455599242522,-0.012252268265429299,-0.7936303845584951,-0.18817322453591956,-0.2115641094025157,0.9432922041539493,-0.10969161073210684,1.03901127921738,-0.15736273295667574,0.09984034290547604,0.8316500086972903,0.11598643532413312,0.1727808109302753,0.7056583349650456,0.25803634329460823,0.3150457607257189,0.5532028990171554,0.22400837483494762
36,True,0.3700000000000003,6.345218044941115,False,False,0.01790362618446849,False,80.99833299638703,-0.0,-0.8726646259971645,-0.3029481673166897,-0.16453750939909043,0.9723420822648129,-0.09372415111610904,1.1810427009654927,-0.034991168790516884,0.1378700013101717,0.949453855634231,0.2680905557750654,0.1840353923975433,0.821253666383807,0.4182577378156276,0.35694607265124584,0.702389982870242,0.3376752893670803,-2.450448752071288e-08,-0.87266,-0.30294793776726325,-0.16453760345210233,0.9723420241651729,-0.09372419911738208,1.1810424164633966,-0.03499141356157949,0.12562189805283605,0.948214929052856,0.2678417894501108,0.1970156058361089,0.820599161125862,0.4181453385715414,0.35694597351311225,0.702389684774005,0.3376750620352141,-0.013337583552553382,-0.8119905120376688,-0.20320748801871966,-0.20523557180526847,0.9528593352314622,-0.10716010681841742,1.0669686896942714,-0.13569969605329615,0.10428353052718345,0.854406817557907,0.14378187289868824,0.17708035716465015,0.7278157041284306,0.2880765220736202,0.32246183547206875,0.5815428686528643,0.2449025970756032
37,True,0.3800000000000003,6.370718081732452,False,False,0.022924791061354474,False,81.77795901428908,-0.0,-0.8726646259971647,-0.3490658503988659,-0.15657653003080496,0.9642129976044879,-0.08820732555008447,1.2093702237148656,-0.018548859631788477,0.1486220181277793,0.9740410954365387,0.28614559867728,0.18832681671445478,0.8431785268706845,0.44371819193451445,0.3673794895905058,0.7300157400858283,0.35562371473110066,-2.667511375849252e-08,-0.87266,-0.3490655586827246,-0.15657662734869388,0.9642129748972086,-0.088207371510867,1.2093699386143906,-0.018549093953418375,0.1329558796331418,0.9724233137116923,0.28581172488924855,0.2049579194708934,0.8422985110571798,0.44357179537978275,0.3673793980876626,0.730015443133841,0.3556234932892678,-0.014247656910728587,-0.8269093103524345,-0.22509115266888624,-0.19755567685516773,0.9583143414890865,-0.10428542758404966,1.0943524031238625,-0.11375361796774668,0.10919321687393867,0.8770268915429096,0.1710746099067356,0.1819688042516208,0.74980666526024,0.3175684495499872,0.33063750585869534,0.6095796715787827,0.26570113730322437
38,True,0.3900000000000003,6.398110634479208,False,False,0.025440761257138577,False,81.35645795846358,-0.0,-0.8726646259971647,-0.34906585039886584,-0.17173065062492518,0.9786641420029122,-0.08184140916952456,1.2345110281462455,0.0008877294640963034,0.156513232561105,0.995373188772664,0.30787449425684005,0.19330432928785915,0.8658195213258605,0.4668469093291599,0.37360784065701175,0.7566697444272766,0.37379871023338185,-2.849525682774301e-08,-0.87266,-0.3490656024499663,-0.17173070227487433,0.9786641013033925,-0.08184144974140882,1.2345107479099924,0.0008875001837510554,0.1391457253522138,0.9935407157144788,0.3074871731821211,0.21177103159723493,0.864795908449898,0.46668212969920564,0.3736077634920152,0.7566694500741006,0.37379849403850296,-0.015141362664984271,-0.8386676005957207,-0.24914020394068642,-0.19113659276371706,0.9622979716333843,-0.10089193576096783,1.1213688948584493,-0.09210276326666901,0.11449391231948096,0.8995414144067323,0.19736303958937582,0.18736987455102622,0.7717590042066428,0.34617926053674763,0.339072599876137,0.6373749086585023,0.28614595089864436
39,True,0.4000000000000003,6.426897991929717,False,False,0.027823948269404743,False,82.43420801591128,-0.0,-0.8726646259971647,-0.3490658503988659,-0.051050315593490575,0.8519953641030619,-0.07748633258875082,1.2554151771265112,0.02471710911716298,0.1653769551312374,1.0138186121165056,0.33553138551299433,0.19920291450388816,0.885075895202725,0.49240392192313487,0.38171457722505225,0.7810230390995313,0.3931224702635293,-3.028266476814978e-08,-0.87266,-0.3490656505479728,-0.05105059576548454,0.8519955847078357,-0.0774863535402628,1.255414909837676,0.024716875510080574,0.14640123660655374,1.0117710652990797,0.33508981831006707,0.2194093889483592,0.883904627137906,0.492221510231993,0.38171451739987583,0.7810227514093961,0.3931222563110399,-0.016141292499776222,-0.8479605424448006,-0.27145887589227075,-0.17715965226057234,0.9558281228773959,-0.0970873526212477,1.1476970043028036,-0.07047831436477126,0.12014603004606794,0.9216339118142726,0.2231769325802146,0.19321284668709462,0.7935052028542148,0.37398397816743384,0.3475074372308544,0.6647677595749236,0.30627625017106397
40,True,0.4100000000000003,6.457113531830842,False,False,0.30642753761883823,False,83.44654203392565,-0.0,-0.872664625997145,-0.3490658503988607,0.6532059972584554,-0.3490658503986205,-0.06929918581958348,1.2766242238464742,0.04730810061037158,0.1755764239498652,1.03390116537527,0.35728605364239924,0.20594206856715497,0.9039185969633092,0.5180167116885259,0.3952936450274263,0.8040760649570009,0.41275563023044537,-3.2282520441573315e-08,-0.8726599999999999,-0.3490656951852219,0.6532043365304778,-0.044171877122604064,-0.06929932488529046,1.2766239631780947,0.04730786494252036,0.15471430587627275,1.0315981451477898,0.3567808194331261,0.2281875140533886,0.9025722271148859,0.5178138430334505,0.3952934770013396,0.8040757873999632,0.41275541727117737,-0.017280419831384213,-0.8557076178225201,-0.2907256359506277,-0.12695504815230302,0.9088513188388456,-0.09274759187758261,1.1731487730054282,-0.04869661011642844,0.12621318740282256,0.9432425183369736,0.24854798138340137,0.1995352052909753,0.8148414375191074,0.40120691522424995,0.3563192822463621,0.691552842566351,0.32621491816977116
41,True,0.4200000000000003,6.488847451695873,False,False,0.26005888190491144,False,82.06833299482241,-0.0,-0.8726646259971496,-0.34906585039886157,0.6528918631366455,-0.3490658503986803,-0.05982959125667269,1.2953789298646168,0.07085393495833299,0.18645675600116884,1.0522678380487502,0.3803337365465571,0.2134719931177757,0.9234414727432437,0.5412685629847258,0.4042529262898786,0.8262094532213472,0.43088125935520716,-3.456077055444262e-08,-0.87266,-0.349065733718666,0.6528903034459419,-0.09114868116115438,-0.0598296659832563,1.2953786849888222,0.07085369584471123,0.16378233578011292,1.049706784012142,0.37976369228406237,0.23767858251072319,0.9219137011434895,0.5410460560385743,0.40425285078763235,0.8262091831489486,0.43088104983475617,-0.018509776918806245,-0.8617301421779316,-0.3064311146547598,-0.04765282835593152,0.8301880086717784,-0.0876376178548129,1.1975744696892852,-0.02667345796174839,0.13277321608681847,0.9643325294731574,0.273415288012179,0.20639705357629373,0.8357703047040023,0.42782183469824325,0.36548466425002263,0.7175988648862058,0.34592746691305915
42,True,0.4300000000000003,6.518689171015488,False,False,0.18344138118509867,False,83.32895900821313,-0.0,-0.8726646259971532,-0.3490658503988624,0.6454796639895145,-0.34906585039872634,-0.0521071610860283,1.3142710525714147,0.09194826927196721,0.1945941238822001,1.0698566582664863,0.4014241872609841,0.2181071228690176,0.9412704472047331,0.5632321625097989,0.40731204796925014,0.848365982330017,0.44845986743937505,-3.701947981146758e-08,-0.87266,-0.34906576512956144,0.6454782777273018,-0.16981199132822145,-0.05437890328496313,1.3141508064822822,0.09194271053158667,0.1627045112022711,1.0600368361762145,0.4014239312443498,0.2381131897087718,0.9412702362122358,0.5632318916899788,0.40731196427697053,0.8483657207973233,0.44845966237523466,-0.019789164888631194,-0.8651902197000483,-0.31871877892157263,0.0435136721910243,0.7387905470954249,-0.08200820718853052,1.2209372216851484,-0.0045618529720766144,0.13906215448811501,0.9842942811777072,0.297765912878804,0.21310712100898588,0.8563639595667035,0.45371439329526814,0.37432809887029744,0.742901396091191,0.36532317736956094
43,True,0.44000000000000034,6.546133758257849,False,False,0.09691042930006345,False,91.609499999322,-0.0,-0.8726646259971559,-0.3490658503988631,0.6400419523435328,-0.3490658503987625,-0.04342846660478981,1.3322605209564204,0.11180296676685367,0.20272679468682217,1.086500048476288,0.42188499027159126,0.22269661012630293,0.9581134502721458,0.5846931176424235,0.4098545630909947,0.8696098521319525,0.4652983762590467,-3.9578250614347166e-08,-0.87266,-0.34906578970484153,0.6400407592893588,-0.2612094529045751,-0.04665856403569022,1.3321496858462223,0.11181186660941526,0.1699018707085529,1.0762539635514206,0.42188474144332033,0.24460507697927078,0.9581132473557992,0.5846928557092868,0.4098544902710646,0.8696095987831953,0.4652981763256417,-0.021055035559646607,-0.8661809874039031,-0.32809385030055493,0.1395433272125435,0.6422770558593783,-0.07600324763978368,1.2432862843755599,0.017374149316641396,0.1450277748999712,1.003147265877857,0.32150056164738855,0.21950004547708113,0.8765030565760918,0.47882813207025665,0.3823358186469034,0.7674754615748076,0.38432314672094425
44,True,0.45000000000000034,6.57271343651667,False,False,0.042942065493464104,False,90.30462498776615,-0.0,-0.8726646259971581,-0.34906585039886373,0.6338984250271551,-0.34906585039878996,-0.03446928046816731,1.3490191991030085,0.13104338795986195,0.21024610562106505,1.1020869506294155,0.4416896579333387,0.22645621723097378,0.9740496827751006,0.6053873882657494,0.4108183042307552,0.8897241206017878,0.4816268965181607,-4.2109986896771145e-08,-0.87266,-0.34906580845494745,0.6338974363189369,-0.34906386771694276,-0.037743739013571004,1.3490042721910278,0.1310732720915419,0.17765545339239586,1.093247332953442,0.4414556408634935,0.2527720892680398,0.9734009664429735,0.6053002303247811,0.41081826589975856,0.8897238754281322,0.48162670174750233,-0.022232900352383737,-0.8660982764038763,-0.3350908034925561,0.2349249609772905,0.5437243701418795,-0.069547023157987,1.2646400206857604,0.03895337324552396,0.15104128811665463,1.0213048553612267,0.34453079695308303,0.2258965827989758,0.8959750735085861,0.5031369147242031,0.38924476573959027,0.7912889082692209,0.40287338232769343
45,True,0.46000000000000035,6.599197627646003,False,False,0.04540125185584842,False,90.96591698471457,-0.0,-0.8726646259971591,-0.34906585039886345,0.6275972759535543,-0.3490658503988106,-0.025313685569440334,1.3645176083790536,0.14973773233653753,0.21694477175429902,1.11634741264129,0.4606387433889847,0.2293064081278347,0.9891701790664844,0.6253023329196143,0.409831912858772,0.9087059856543732,0.4975706031074099,-4.446571177235681e-08,-0.87266,-0.34906582244882556,0.6275964906104952,-0.3490640648219411,-0.02989021973122552,1.3644451649655585,0.1497375112241425,0.18553576484156203,1.109942605160311,0.45993961261448363,0.26089562291952656,0.9866720780810643,0.6250068500998743,0.41265522716995073,0.9083842399564924,0.4974885049509561,-0.02325203255594901,-0.865646837380651,-0.34017735508277275,0.3197126870208636,0.4443926330833998,-0.06269656181909601,1.284966380124037,0.06007389103434106,0.15728597168353328,1.03902714099757,0.36678491287656045,0.23249371018692142,0.9145520725755609,0.5266203260075566,0.39507509215317727,0.814259696162968,0.420948452209725
46,True,0.47000000000000036,6.608474496768681,False,False,0.05096062064786271,False,101.43924999283627,-0.0,-0.8726646259971598,-0.3490658503988637,0.6232042331069293,-0.3490658503988182,-0.020192435307954372,1.37712619611397,0.16992310878715003,0.22262002979252127,1.129195622798894,0.4794122907057215,0.23150892077369123,1.0042286319872462,0.6440729073246466,0.40429851097060565,0.9259273647213173,0.5125498392214637,-4.650397210717583e-08,-0.87266,-0.3490658326219086,0.6232036261250512,-0.3490642634850252,-0.02735056507971434,1.3769993892550205,0.16992288959970286,0.1872387133050965,1.12293499787069,0.4782982353159895,0.2626411418945572,0.9973232542106635,0.6428081993625104,0.4195839101310868,0.9248525984300324,0.5121518946001112,-0.024101740968404617,-0.8651336602147409,-0.343823391225991,0.3897490945142012,0.3447700066872737,-0.05597357765408349,1.304088829907148,0.0808452765029084,0.1633458900617931,1.0561772385614134,0.388276728287947,0.23886569831910812,0.9319592444042223,0.5491814248690724,0.40037981373501313,0.836223558982024,0.4384811947765585
47,True,0.48000000000000037,6.552178168765531,False,False,0.05648622261800147,False,99.57399999257177,-0.0,-0.8726646259971599,-0.3490658503988626,0.614632361349533,-0.3490658503988297,-0.009188061509640518,1.3907226818526532,0.18670315085172526,0.22693377468203518,1.1405662396429652,0.4961451754823015,0.2323054033232729,1.0163472406656584,0.6619290922727114,0.39968318151409954,0.9438774430322058,0.5287526057724111,-4.8203385529660414e-08,-0.87266,-0.3490658399139652,0.614631911583899,-0.34906446272989083,-0.02257720649197563,1.3904591726527513,0.18670293903150642,0.19069817238788533,1.132560590302933,0.49492400237446177,0.26555633712011784,1.0070109022781715,0.660155888831126,0.4205334913886701,0.9425209173712618,0.5282601873966613,-0.02479812601339623,-0.8646751567587843,-0.3464273199826709,0.4447795859281684,0.2450371407975494,-0.04961069141328809,1.3220310196118896,0.10114033191878358,0.16896469628188598,1.0723662710143669,0.4089621824192147,0.24470290999309238,0.9480367132460866,0.5707777529009149,0.40518759728973874,0.8572326973524181,0.45557251137058163
48,True,0.4900000000000004,6.495680364055193,False,False,0.06483299112108898,False,99.57637503976002,-0.0,-0.8726646259971607,-0.3490658503988631,0.6086306719872443,-0.34906585039883564,-0.0022252336308652755,1.401731105527544,0.20290691823919285,0.23185645215179324,1.1520615890394357,0.5129995463803088,0.2336713909229926,1.028560130285452,0.6784489511822941,0.38934576510807245,0.9595794153669518,0.5422460760560173,-4.9596152833925045e-08,-0.87266,-0.3490658451218128,0.6086303442857276,-0.34906466219522986,-0.0199476628869944,1.4013468971335077,0.20290671428717633,0.19161856445751477,1.1411994713636275,0.5122750972537298,0.2662952754889268,1.0185623927274243,0.676339729160317,0.42059933911822306,0.957280828405932,0.5414119546834859,-0.025358065424197267,-0.8643023611037531,-0.34829702232211845,0.4864717506206134,0.14525545276357568,-0.04374352543293479,1.3387752983593606,0.12078696952511302,0.17395674407651732,1.0873331242751272,0.42890608226222754,0.24981314942118493,0.962970085874627,0.5913918909991153,0.40927148399975133,0.8772425976800254,0.47213931731945696
49,True,0.5000000000000003,6.440331057737836,False,False,0.07325849282777017,False,100.98650003783405,-0.0,-0.8726646259971614,-0.3490658503988632,0.6010343649380341,-0.3490658503988418,0.004324947953831065,1.4122022075894598,0.21849473708699374,0.232279104179838,1.16173424678067,0.5284249828827614,0.23174245068477092,1.0390646437726823,0.6944436771603228,0.37957552577828785,0.9745313303095114,0.556537306284792,-5.0716029410813324e-08,-0.87266,-0.3490658488612101,0.6010341358132637,-0.3490648617582127,-0.019168007733029402,1.4116461632710766,0.2184945412183138,0.18995468098366078,1.1470656242840265,0.5283036169428672,0.2643722614211427,1.0288302326771364,0.6915668019515894,0.41981929125379636,0.9714257043518831,0.5554842726479461,-0.025806457084640185,-0.8640113043228125,-0.349658949981801,0.5170116331221632,0.048221515276062936,-0.03859713528780589,1.3543062267784458,0.13972021360052428,0.17802035284863643,1.1008574605398271,0.44814503446105414,0.25391185117879617,0.9769401651287873,0.6110119320328694,0.4125201536394892,0.8961894219943065,0.48816728406836896
50,True,0.5100000000000003,6.384579763979274,False,False,0.0823643897697316,False,102.85962501075119,-0.0,-0.8726646259971618,-0.34906585039886295,0.593188017482972,-0.34906585039884763,0.009335419921274103,1.4211000137541159,0.2328952547132098,0.23196789258580564,1.1703581174644069,0.5435127854301562,0.22914669990765094,1.048544967379947,0.7097903199801276,0.36609893237399127,0.9878073149116164,0.5701779911149822,-5.1612810941792375e-08,-0.87266,-0.34906585158505976,0.593187865130508,-0.34906505582570546,-0.019498911255060168,1.420361146458107,0.2328950684859421,0.18712352110904582,1.1530130421611953,0.5435125945508748,0.2613560885770106,1.0366579595582204,0.7064243949651828,0.41542186636274064,0.9838757759845149,0.56884574860065,-0.026175979360822027,-0.8637856410535424,-0.35067880958412523,0.5384818544447225,-0.037552414154953986,-0.0343385633599571,1.368611807271181,0.1578799750085424,0.18094670162157514,1.1129092522815098,0.46665809958080195,0.2568090172521927,0.9898987662308313,0.6296860110462109,0.41467221863530473,0.91401416493839,0.5036933775189051
51,True,0.5200000000000004,6.329057707370067,False,False,0.09240501686697322,False,101.9322500214912,-0.0,-0.8726646259971608,-0.3490658503988608,0.5856041246515561,-0.34906585039885196,0.012233296099223818,1.428516536518171,0.24652959041175845,0.23052765660164895,1.1782868680275427,0.557690395094425,0.22588671644162706,1.0567657178906846,0.7234411955508799,0.35099528581955564,1.000154509913324,0.5831053188859125,-5.2351854011589705e-08,-0.87266,-0.3490658536247727,0.5856040304072042,-0.34906522737322554,-0.02133626409817247,1.427592225361242,0.2465294138517619,0.18255370907056623,1.1585029352199592,0.557690212023874,0.25750100830759665,1.0421198415328838,0.7194498456762864,0.409834284518087,0.9953170871692255,0.581465406277642,-0.026485605233281754,-0.8636122911223871,-0.3514600255974417,0.5528219317877963,-0.10870446178150281,-0.03109392722624679,1.3816534102799194,0.17522670418881653,0.18260052180056663,1.1236113975037558,0.48440751768380025,0.258455989120343,1.0016705545919127,0.6473874474338054,0.4155917512231878,0.9306797496786232,0.5187053065512881
52,True,0.5300000000000004,6.277108078943348,False,False,0.10272893028367044,False,101.37237497838214,-0.0,-0.8726646259971587,-0.34906585039885607,0.5799265516180233,-0.34906585039885407,0.014525319804951699,1.4352774715589276,0.2586111458786866,0.2307013295037056,1.1849179448087384,0.569254329988361,0.2247700861808425,1.0649429837913875,0.7349374295458161,0.33490106948945325,1.0123239772863282,0.5940947334706373,-5.2971104523569235e-08,-0.87266,-0.3490658551871969,0.5799264974088921,-0.3490653696770383,-0.022212067346267753,1.4341976762754585,0.2586109793167622,0.179161966598796,1.164099722867013,0.5692541599117175,0.25416811192568894,1.0466423021790523,0.7302486111128803,0.4045629808010793,1.0064258393622332,0.5920913794095957,-0.02673613240287385,-0.8634815677339857,-0.35206828584559885,0.5618299987712638,-0.16560084128899763,-0.028780670285879557,1.3934557142785333,0.1916871943711456,0.18317243092717345,1.1331620824818058,0.5012211853987948,0.259060005812647,1.0121568283469145,0.6639725257381243,0.41530428186815344,0.946241540842932,0.5330719645870411
53,True,0.5400000000000004,6.227832801253544,False,False,0.1134660277895272,False,101.7708329600282,-0.0,-0.8726646259971599,-0.3490658503988583,0.5705600904903619,-0.3490658503988571,0.015427736064955906,1.4403440221737396,0.270241546236081,0.22597198260576432,1.1900275392915494,0.5814887416355721,0.21841148461867088,1.071121760090077,0.747021175222226,0.3159520260889374,1.0224270440483612,0.6052982970968893,-5.347215786127846e-08,-0.87266,-0.3490658564037172,0.5705600730302134,-0.3490654834695728,-0.026226644154442664,1.4390453326265549,0.2702413892610573,0.17191710219834472,1.167808088361665,0.5814885808396829,0.2470732086115538,1.0492863137684552,0.7417166415493516,0.39558914668413114,1.0154948075736572,0.6029349807347669,-0.026935735945158357,-0.8633896127885912,-0.35254248857078996,0.5666586349961993,-0.2100636386440108,-0.027464396028044614,1.4040112033969991,0.20724043884607418,0.18257620080667547,1.1416343536023705,0.517092428174308,0.2585210661066413,1.0212804487278457,0.6794803997796695,0.4136477360653141,0.9606783945585122,0.5467567755218904
54,True,0.5500000000000004,6.180699623363849,False,False,0.12235177852981031,False,102.37062501255423,-0.0,-0.8726646259971599,-0.3490658503988576,0.5635575179540145,-0.34906585039885907,0.01385427339596472,1.4444575841523701,0.2807060905305934,0.22207104196652905,1.1946765124394527,0.5921801587136345,0.2146807704014275,1.076585053021054,0.7571640325053219,0.29810521852185884,1.030947656329702,0.6147644592703924,-5.38713641438926e-08,-0.87266,-0.34906585735212003,0.5635575241562362,-0.3490655723949916,-0.02984376287235814,1.4430205713335476,0.28070594394797543,0.16535785271582257,1.1720414435541793,0.5921800081437093,0.24075697921256464,1.0514401646750566,0.7513182344503646,0.38705841009932884,1.0230013880684237,0.6120402661761886,-0.027084753095872605,-0.8633309706808228,-0.3529139548545118,0.568388153031565,-0.24429028669389075,-0.027068132613931647,1.413325761547161,0.22187489808066282,0.18077740727385558,1.149150069128843,0.5320328181641147,0.25680646984613975,1.0290556828791597,0.6939312373896639,0.41060516286527704,0.9739135392585586,0.5596970318713202
55,True,0.5600000000000004,6.135471851371373,False,False,0.12841346978125387,False,102.17270895373076,-0.0,-0.872664625997158,-0.34906585039885285,0.5554684175326164,-0.34906585039886084,0.009445694092357883,1.446899885595769,0.2909527374155251,0.21572578682326865,1.1986828641674665,0.6025595514643027,0.20794669973419266,1.0800437770993687,0.7661427865967195,0.28170580916321775,1.0381928332691515,0.6233243270739545,-5.4169397852715795e-08,-0.87266,-0.34906585809504637,0.5554684433720357,-0.3490656408481525,-0.03510762664167651,1.4453613306881035,0.29095259973527265,0.15688819684601266,1.1761063776836937,0.6025594104633369,0.2327046153052122,1.0524796038118618,0.7599969073793255,0.3767633646052008,1.029496372607264,0.6203215308091788,-0.02718030696106467,-0.8632984395948136,-0.3532047405105952,0.5677897904343443,-0.27036898470074056,-0.02760613676243235,1.4213848222320598,0.23563168297083847,0.17777895372923253,1.1558760266905008,0.5460716253942313,0.2539339498157195,1.0355386504613318,0.7073120594880552,0.40621031099543425,0.9859156574980813,0.5718221545544054
56,True,0.5700000000000004,6.092052490257186,False,False,0.1342774963154176,False,101.04683297686279,-0.0,-0.8726646259971591,-0.34906585039885446,0.5501644738442628,-0.34906585039886195,0.006866519509516773,1.4494837574514783,0.2985831443777282,0.21257859915984756,1.2014166652786913,0.6095142419188277,0.20436108417768947,1.0838448055451613,0.7727095636170638,0.26761124627697297,1.0449735713590704,0.629640479695024,-5.436050520141178e-08,-0.87266,-0.3490658586766181,0.5501645090948255,-0.3490656930054454,-0.03759109200211333,1.4479510178972677,0.2985830188630797,0.1513731104491418,1.1790686667487273,0.60951411496128,0.22728948516975223,1.0539777065649258,0.7662875495249402,0.36883703915349514,1.0355101918979401,0.6263452613485081,-0.027216574093578923,-0.8632822779037703,-0.3534339650761306,0.5655857615332325,-0.2900999489203668,-0.0288605224876131,1.4282839671915433,0.24841460514192448,0.17387474951147214,1.1618855185948063,0.5590459892912039,0.2501800085298832,1.0408932283002952,0.7195182840939978,0.4007490396169901,0.9967386895835888,0.582988886245818
57,True,0.5800000000000004,6.050806468505354,False,False,0.13104860012069883,False,103.3610409940593,-0.0,-0.8726646259971591,-0.3490658503988546,0.5496735874623311,-0.34906585039886207,0.006729243370961132,1.453117501098858,0.30155330423451915,0.21249636820507484,1.204657697057158,0.6117859027710868,0.2043271579613755,1.088391296150132,0.7756411644083434,0.26621932516494373,1.0502289693522855,0.6330595013937482,-5.4433039322482335e-08,-0.87266,-0.3490658591350665,0.5496736192866156,-0.349065732467295,-0.03531072241892229,1.4517179125622153,0.30155319792640584,0.1515920116274469,1.1830156788634436,0.6117857972723397,0.2271736836127522,1.0558197641122542,0.7683647446688145,0.36393905265630916,1.044031307026388,0.6312348036970596,-0.027212521804130446,-0.8632732487720753,-0.35361792371892276,0.5627386679137617,-0.30495655366751195,-0.03017941950945458,1.4342969074482697,0.25982868529878167,0.16984665522566542,1.167324597301266,0.5705125064527863,0.2462687351175921,1.0453607989756057,0.7302204817088074,0.39478782377869304,1.0067138502364825,0.5930722032474983
58,True,0.5900000000000004,6.011385910470595,False,False,0.13958663038295877,False,102.40933299064636,-0.0,-0.8726646259971601,-0.34906585039885624,0.5425957958293084,-0.3490658503988627,0.005593239645722946,1.4523966803213038,0.30693688476340664,0.2087229765237688,1.2047216574169444,0.6187000913196201,0.20023920808340873,1.088428887126134,0.781653737002049,0.2450390023962949,1.0538715688926674,0.6373695884015794,-5.4424934756852617e-08,-0.87266,-0.3490658595029847,0.542595836114972,-0.34906576218044566,-0.03785271349044067,1.4509359460144742,0.30693679113385713,0.1451004234945639,1.1816161856545242,0.6186999952077132,0.2199254133733984,1.0500527226957388,0.7725176550979022,0.35020177199681735,1.0507140536085147,0.6370118010265592,-0.027190323873114902,-0.8632691046946984,-0.3537614452333762,0.5593927308695145,-0.31610158191888155,-0.03148170384060182,1.4393327066372703,0.2698890080672225,0.1657359722196506,1.1719459124473954,0.580658181658055,0.2421760558638857,1.048577786536182,0.739469420014456,0.38805201597705374,1.0160288570191809,0.6021764804253822
59,True,0.6000000000000004,5.973475104029042,False,False,0.13241990112572885,False,105.73737503727898,-0.0,-0.8726646259971597,-0.3490658503988554,0.5420276312228952,-0.3490658503988628,0.004611661231154429,1.4534721916142854,0.3082398926535551,0.20760400136097057,1.2055786272968512,0.6194819072682569,0.19916502109556786,1.08993393184204,0.7826717728623864,0.24611047834713734,1.0562963686001972,0.6389184894256087,-5.438053898160211e-08,-0.87266,-0.3490658597900263,0.542027665953025,-0.34906578447045766,-0.035389361975734814,1.4520646333652263,0.30823981665771194,0.14510483142392505,1.1834699318125204,0.6194818290313173,0.21954311476551808,1.0551635009132962,0.777048435484461,0.3455017052503421,1.0544231136725435,0.6390913907275876,-0.027151736380970824,-0.8632668568305898,-0.3538754299942534,0.5559159720977361,-0.3244420633554174,-0.032530969275742186,1.4434398845653778,0.27853064778145176,0.16181430204800423,1.1757854541238177,0.5894065869444691,0.23816851351733362,1.051064999603168,0.747555420074207,0.3808783985294485,1.0245418770923935,0.6102052777306797
60,True,0.6100000000000004,5.937151435822605,False,False,0.1258363720771535,False,104.43025000859052,-0.0,-0.8726646259971602,-0.34906585039885657,0.541048636098229,-0.3490658503988632,0.0023154954916148884,1.452725577029874,0.30951422963544123,0.2056426848505813,1.2051127083247377,0.6199978145718278,0.19765067997684313,1.0897799614872814,0.7830307529336359,0.2464626755371371,1.0552597886807238,0.6384128856285881,-5.430336414216641e-08,-0.87266,-0.34906586001800843,0.5410486658328408,-0.3490658011513876,-0.03364680042350766,1.4514318779238577,0.309514168547734,0.14408888508304118,1.1841989259814938,0.6199977498483267,0.21820938066035667,1.0628719689813069,0.7823588494482244,0.3420879287400733,1.050672659622758,0.6373206028679158,-0.027086433827064913,-0.8632651391487653,-0.3539679645690366,0.5526922477882827,-0.33067310065933647,-0.033123524395503694,1.4466825523708178,0.28573417678364393,0.15834278241227984,1.1789853162696322,0.5966322290078143,0.23453686130465787,1.053734712749005,0.7548058233938596,0.3739038061431554,1.0316014214228522,0.616804685424793
61,True,0.6200000000000004,5.902498789187817,False,False,0.12027210176189224,False,104.0804159711115,-0.0,-0.8726646259971601,-0.34906585039885635,0.5412166278872232,-0.34906585039886323,0.0019679864789641744,1.4513635526536848,0.3088747063586602,0.2056895376980679,1.2042715630871255,0.6194712769140738,0.19782867104495755,1.0883646413357226,0.7821482236505638,0.2466285478089254,1.0540538696229622,0.6376453666140502,-5.417275930272303e-08,-0.87266,-0.3490658602030652,0.5412166508384171,-0.34906581361343736,-0.030254320562902608,1.450237015313984,0.3088746601904616,0.14485590624958705,1.1840557379705525,0.6194712303376104,0.21797596716420517,1.0628364507478592,0.7821481691408586,0.33744267253703075,1.050754127446835,0.6367930880142518,-0.02700896069843871,-0.863263712348076,-0.3540423767593567,0.549923345070244,-0.3353221434646091,-0.03320617598614762,1.449075390728748,0.2915088782994299,0.15547669588728003,1.181566640210845,0.6023717917716964,0.23140735325824352,1.0564705890738038,0.7610579131265175,0.3673229728254888,1.0371086479796763,0.6219419544619237
62,True,0.6300000000000004,5.869309272746222,False,False,0.11315936078706834,False,104.64645904721692,-0.0,-0.8726646259971602,-0.34906585039885674,0.5417260703409914,-0.34906585039886334,0.0014777725901918206,1.4486323921760262,0.30722899270824594,0.20571379857331243,1.2018743825647589,0.6177568822130277,0.19804529804673823,1.085592876744007,0.7802050875994909,0.24804011384147628,1.0505691276171376,0.6353767331666421,-5.401781335429012e-08,-0.87266,-0.34906586035188963,0.541726086735508,-0.34906582291150445,-0.02640677758779013,1.4476769095141775,0.3072289612778736,0.14596942412987388,1.1824858955818585,0.6177568507793663,0.21777398373934626,1.06026190763993,0.7802050490052956,0.33200434529602885,1.0499444923052106,0.635255269076634,-0.026945006776696166,-0.8632626738419694,-0.35410079931299987,0.5477099303970356,-0.33878729225741505,-0.032677749775391764,1.4505955370509966,0.2958734013554169,0.15330594018242072,1.1834669098158062,0.6066816130691239,0.22881971890383498,1.058730935883948,0.7660164822437842,0.36106261873453155,1.0412770608113817,0.6257417675243719
63,True,0.6400000000000005,5.837588439500757,False,False,0.09450977227062528,False,105.702500033658,-0.0,-0.8726646259971605,-0.3490658503988573,0.5482023853878984,-0.34906585039886373,-0.001582651052265858,1.4463316264834742,0.30312828739687364,0.20828308099660847,1.2000218629234065,0.6111788205738206,0.20195833526245063,1.0837845611836352,0.7739249545105181,0.2670535115317697,1.0452000552725624,0.6306224374475903,-5.3889905770460045e-08,-0.87266,-0.3490658604687352,0.5482023844029904,-0.3490658298417886,-0.018958293713792866,1.4457428267803727,0.3031282732326433,0.1520473843435755,1.1841474802318348,0.6111788102487778,0.22272789445625454,1.062763637764655,0.7739249383923427,0.33293681114608803,1.0463799969587706,0.6309865053194181,-0.026876128551320294,-0.8632607296921125,-0.3541512994247934,0.5465022544229472,-0.341370195271873,-0.031230715729356755,1.4513326050650603,0.29876770615292303,0.15217433642094788,1.184932915945826,0.609320051424194,0.2271268902395293,1.0606310021081005,0.7692984832065859,0.3555199342737473,1.044106651136083,0.6281598375825438
64,True,0.6500000000000005,5.80685347766706,False,False,0.08453791328614538,False,105.23995797848329,-0.0,-0.8726646259971604,-0.34906585039885696,0.5556049399974452,-0.34906585039886423,0.003885296779508088,1.445116495694059,0.29435533280312437,0.21530274275571212,1.197745677885091,0.6025999150768135,0.2077097484519676,1.080301438248948,0.7661018020937843,0.28073597813338863,1.038272404101592,0.6244231586122642,-5.3752149592467546e-08,-0.87266,-0.3490658605697349,0.5556049217921104,-0.34906583500758476,-0.008440149930730823,1.4446988536943839,0.29435534130534097,0.1612987353342965,1.1835868647541536,0.6025999279879246,0.23020051876829584,1.0621148277831136,0.7661018084282364,0.33584106154889426,1.0403100917887451,0.6250172579963414,-0.02679606679482976,-0.8632581597030007,-0.3541951939965686,0.5465919049309986,-0.3432950303659696,-0.02846761236479634,1.4515833711666235,0.2999536515787957,0.1524680304369836,1.18607062745259,0.6101207036468304,0.22668718106523597,1.0622104183788612,0.7707369044105071,0.35117335076214523,1.0454760618062575,0.6291804360730338
65,True,0.6600000000000005,5.776459872267299,False,False,0.07176484934003523,False,104.4075419777073,-0.0,-0.8726646259971603,-0.34906585039885657,0.5625789084713929,-0.34906585039886456,0.005590747874802654,1.4413315383090959,0.28549891846016723,0.21939660687324777,1.1938694569844954,0.5940723356499628,0.21324555106850027,1.0759448047042377,0.75812892856994,0.2965848765001892,1.029949275875089,0.617172809248571,-5.359202639651506e-08,-0.87266,-0.34906586065752343,0.5625788764974498,-0.34906583885724757,0.0007554119134024831,1.4411665797018105,0.28549894744930515,0.1689962782679988,1.1828115254425875,0.5940723669738804,0.23629706142932888,1.0620102256545747,0.7581289536564882,0.3382331955186074,1.0319155428936186,0.6177399198483688,-0.026716309641580917,-0.8632558846819792,-0.3542305245813158,0.5479979523367009,-0.34472824175088446,-0.024364408302543668,1.4513280569165754,0.2993119025064085,0.15424496929566714,1.1868589009508057,0.6091195498700502,0.22753552410709948,1.0634412538817735,0.7703691891858166,0.34811834501779604,1.045286277666528,0.6287521384230633
66,True,0.6700000000000005,5.746783567981086,False,False,0.05992991044464849,False,105.14895798405632,-0.0,-0.8726646259971607,-0.3490658503988575,0.5702384026542138,-0.34906585039886484,0.007161027607863683,1.437234186249296,0.2751928000486274,0.2234594845932395,1.1892676599734346,0.5836286399200692,0.21804703669145617,1.0705282464743069,0.7482590718112521,0.3146614601800262,1.0203305133494163,0.6083411919369204,-5.34325124181001e-08,-0.87266,-0.3490658607281852,0.5702383581734021,-0.3490658417236649,0.007160957223038222,1.437234217031641,0.2751928488279139,0.17825731619136462,1.180892610243545,0.5836286907381568,0.24363399029550126,1.061437323858274,0.748259116433715,0.3418477592840707,1.0216139453804123,0.608712046055514,-0.02664699827580496,-0.8632544233979677,-0.3542564069079563,0.5506462393678013,-0.34579426626417176,-0.019336400281330508,1.4504542401293148,0.2968533089822482,0.15744220708830944,1.187245282526971,0.6063555449347813,0.22962016994695597,1.0643362572519148,0.7682284267197634,0.34632070869021,1.0433660332660615,0.6267975941759317
67,True,0.6800000000000005,5.71761694346756,False,False,0.050429737867539445,False,105.02683295635507,-0.0,-0.8726646259971602,-0.3490658503988568,0.5782975901193714,-0.34906585039886495,0.008097515930970075,1.4322543243649803,0.26340884219295296,0.22710526329873923,1.1837694156552536,0.5718333583694941,0.22270955892057434,1.0641034395663915,0.7370112267711781,0.3328828575761473,1.0096545404241222,0.5981066502591456,-5.329388996430651e-08,-0.87266,-0.34906586077994906,0.5782975348167805,-0.34906584385570977,0.008097461045802931,1.4322543607708011,0.26340890908298636,0.18949014707772438,1.176966256952188,0.5718334274132795,0.2524282495528283,1.0588308191144882,0.7363989190029957,0.34589994224270004,1.0106408480366305,0.5985369841511315,-0.026589191810303076,-0.8632539387077862,-0.35427382617029696,0.5544196510851297,-0.34658619069795954,-0.014195809518882043,1.4488902147713776,0.29262290444526556,0.16208261877128005,1.1871243426235214,0.6018715724636166,0.23293764564369474,1.0647852253297454,0.7643074450266159,0.3456250216819505,1.039708918020347,0.6233049873378828
68,True,0.6900000000000005,5.689160981538561,False,False,0.04523720352926639,False,104.9068330321461,-0.0,-0.8726646259971611,-0.3490658503988585,0.586584509652705,-0.3490658503988651,0.007779339405532152,1.4263102189362749,0.2502886414815706,0.22986277531534327,1.177324211284341,0.5587153772365132,0.22686705993890113,1.0567362199741042,0.7244136637543747,0.3507088607466933,0.9979953956169105,0.5865327271077011,-5.317827726433744e-08,-0.87266,-0.3490658608147891,0.5865844453231166,-0.34906584543955566,0.007779296635899007,1.426310263466479,0.2502887260050795,0.19972295409005184,1.1721182152001164,0.5587154637605771,0.26019092344478206,1.0560932082915364,0.7244137436439605,0.3507088489761105,0.9979954790509503,0.5865328006355565,-0.026541211037344453,-0.8632543884707804,-0.35428593465841063,0.559172678031561,-0.34717358660042225,-0.009596006834159242,1.4465712931611965,0.28668452665657845,0.16800796284931852,1.1863096584307926,0.5957313270602167,0.2373218247174378,1.064762919541243,0.7587244654810681,0.3459549526046677,1.0343574796427055,0.6182613279428641
69,True,0.7000000000000005,5.661714018398502,False,False,0.04235418930738684,False,105.20491702482104,-0.0,-0.8726646259971608,-0.3490658503988585,0.5948563713000692,-0.3490658503988651,0.00587630081917843,1.4193030999926408,0.23590974044843235,0.23140334905482693,1.1698893358374682,0.5443973661307658,0.23019985873522578,1.0483772578234583,0.7105342242093038,0.36711009261152766,0.9854448888618124,0.5737574195501003,-5.3082315907421185e-08,-0.87266,-0.34906586083900604,0.5948562999328254,-0.3490658466143451,0.005876267169635761,1.419303155396477,0.2359098421632553,0.20318356519169276,1.1653138211441045,0.5443974689812947,0.26143820562554043,1.0475103795195218,0.7105343206867905,0.3671100539849004,0.985444986628403,0.5737575086065675,-0.026509359817828804,-0.8632556533481673,-0.3542956504508079,0.5647396151768554,-0.3476083881952918,-0.005912823797520433,1.4434383019521246,0.2791136163300048,0.17444350136788123,1.1845927435901997,0.5880095715529037,0.24204106834324904,1.0638077377714383,0.751573463410815,0.34812587787722854,1.0274663554049597,0.6117106439391414
70,True,0.7100000000000005,5.6354729113435,False,False,0.03914681227561784,False,104.85429194523022,-0.0,-0.8726646259971615,-0.3490658503988602,0.6029231649546403,-0.34906585039886523,0.0020953859380941032,1.4111427749778727,0.22034664551044914,0.23142897203015142,1.1614067039669138,0.5289806333457499,0.23243816635697054,1.0390107962735282,0.6954417156919662,0.3813221790614381,0.9720324369557458,0.559931597179724,-5.301861360357263e-08,-0.87266,-0.34906586085843927,0.6029230885876935,-0.34906584748394665,0.0020953675292625356,1.4111428403280817,0.22034676318714053,0.2053511236763467,1.1575046638067255,0.5289807515774592,0.261352003216607,1.037923213752349,0.6954418280672237,0.3813221159200888,0.9720325477108825,0.5599317007641806,-0.026498676181351512,-0.8632575712956357,-0.3543044166171552,0.5709414664354732,-0.3479293783075638,-0.003400765650564184,1.439430897098997,0.26999044937215905,0.18065086597649788,1.1818372100056282,0.5787884586876144,0.24640125996367243,1.061513099117521,0.7429065865625832,0.352536825502174,1.01921335273116,0.6037348433776892
71,True,0.7200000000000005,5.61046944081845,False,False,0.036557241757701045,False,107.00970800826326,-0.0,-0.8726646259971622,-0.34906585039886184,0.6098756176397409,-0.3490658503988654,-0.0030418370273314352,1.4022542754430836,0.20269954315106295,0.2302363090192214,1.152060280909749,0.5121390363712262,0.23262141689403565,1.0288097022265072,0.6788519389609851,0.3925683748219512,0.9580652777928045,0.5447321049279963,-5.299724636920189e-08,-0.87266,-0.3490658608759733,0.6098755397715941,-0.3490658481259258,-0.003041839560437434,1.4022543503675078,0.20269967783940662,0.20589829126701834,1.1487592199760979,0.5121391698044316,0.2596672584151885,1.0274988824647786,0.6788520671743534,0.3925682972251575,0.9580653999679958,0.5447322229432333,-0.026509020551976514,-0.8632601495415123,-0.3543127561258799,0.5775366703227,-0.3481652280946029,-0.0021857656780320724,1.434525105114891,0.25931943640232996,0.1861762719078168,1.1779944852166633,0.5681217070194048,0.24998115821613087,1.057757165119669,0.7327553612152506,0.35878113837460895,1.0097531430689175,0.5943855213973974
72,True,0.7300000000000005,5.586546283117694,False,False,0.03180484554530634,False,105.43537500780076,-0.0,-0.8726646259971622,-0.34906585039886223,0.6142826422156682,-0.34906585039886545,-0.0077057606217753455,1.3890200391817482,0.19260993561014,0.22524773470208725,1.1373709969141539,0.4999747073621316,0.23155647463084722,1.0147667151868633,0.6671182916100326,0.39961222000913876,0.9399708080849404,0.53182141712466,-5.3017935066485e-08,-0.872659999999998,-0.34906586089265274,0.6142825687238713,-0.34906584859762446,-0.007705750695514655,1.389020130493271,0.1926100690798673,0.20409511979324688,1.1348109371206383,0.4999748438149799,0.25512753503295543,1.0133644789225125,0.6671184230075781,0.3996121399305524,0.939970947537573,0.5318215422520642,-0.02655908621340232,-0.8632637285694761,-0.3543211318539682,0.5841401912595731,-0.3483367342729161,-0.002120066795129252,1.4284452299543575,0.2478011854194453,0.1906670414802194,1.1727321286866923,0.5565172724060377,0.25241465939359214,1.0523349524621697,0.7216322574322123,0.36604120218896985,0.9989464699964498,0.5839744454245545
73,True,0.7400000000000005,5.563492384238693,False,False,0.027899973308699113,False,105.22816696902737,-0.0,-0.8726646259971622,-0.34906585039886207,0.6255051004912285,-0.3490658503988654,-0.020564345944341124,1.377994307359139,0.1702152726932944,0.22252960105722952,1.129021005483303,0.4779195968068472,0.23232224009836844,1.0034570096292375,0.6436825537664141,0.4050502211642605,0.9255089806504341,0.5149926494700724,-5.3118066192098246e-08,-0.87266,-0.34906586090940384,0.6255050177615755,-0.3490658489406361,-0.02056430957643623,1.3779944083769953,0.17021542788089083,0.20399441160374582,1.1270272392479028,0.4779197541373573,0.2530306387060311,1.0020278965079432,0.6436827097731281,0.40505014397919387,0.9255091274433651,0.5149927874286346,-0.026619442950357466,-0.8632660791576805,-0.3543289184983574,0.5910224883618256,-0.3484634751308852,-0.0037018650543748956,1.4212270086320868,0.23513863401098414,0.19413807388561038,1.1663510405239368,0.5436852091060024,0.2537604329561027,1.0454332683428949,0.7091210256928014,0.37357904606664616,0.9870164579909199,0.5725287043279429
74,True,0.7500000000000006,5.543998736569969,False,False,0.02344826809172648,False,105.8397910092026,-0.0,-0.8726646259971623,-0.3490658503988625,0.6302448159281513,-0.34906585039886545,-0.027739542409327453,1.3633477865021228,0.15204577288615623,0.2156466933054661,1.1156639444286498,0.46098980246663307,0.22942346556492646,0.9884824049004206,0.6258915694882914,0.4077758955241216,0.9083271911930508,0.49939271163521853,-5.3238779426645344e-08,-0.8726599999999981,-0.3490658609249777,0.6302447374836531,-0.3490658491941173,-0.027739494079106662,1.3633479021547474,0.15204593904643687,0.20008943896734824,1.1141916006423744,0.4609899679679675,0.24685302708040013,0.987127531638571,0.6258917360211298,0.4077758269800692,0.9083273485582917,0.4993928579058109,-0.026691028310975144,-0.8632682487103206,-0.35433632989139785,0.5980220998202167,-0.34855576213367523,-0.006827924424439583,1.4128176986884584,0.2212037068707372,0.19648462930992333,1.158949621349828,0.5296765257218354,0.2540241731311218,1.0371271762804606,0.695209568584716,0.38078694081462583,0.9741123338790277,0.5601269319029383
75,True,0.7600000000000006,5.527589060733023,False,False,0.019517231882288863,False,109.06020802212879,-0.0,-0.8726646259971624,-0.34906585039886256,0.6366529483172868,-0.34906585039886545,-0.0376243065700905,1.3479182383752486,0.13307927078809054,0.20919707414673208,1.1011764705353209,0.4419957707340038,0.226278679279338,0.9733761836125802,0.606289950221205,0.40778514480572375,0.889638647181263,0.4830209287743301,-5.338194985354816e-08,-0.8726599999999998,-0.34906586093980047,0.6366528710557443,-0.34906584937869095,-0.03762424460331666,1.3479183680604692,0.1330794470126073,0.1962675626949636,1.100111512461717,0.44199594612581683,0.2408067670481187,0.9721309597485677,0.6062901281155707,0.4077850904497641,0.8896388161359106,0.48302108298700375,-0.026775834695442355,-0.8632704586212342,-0.3543434602831934,0.6049394909402371,-0.3486221301408831,-0.011269331015396273,1.403130958554837,0.20619457646851058,0.19765467412665824,1.1503998765995012,0.5146876714729324,0.2531484777808543,1.0274640784141562,0.6801330860298895,0.38713894497662255,0.9601883599512052,0.5469015183272492
76,True,0.7700000000000006,5.510182582359703,False,False,0.015543762824429075,False,107.55312500987202,-0.0,-0.8726646259971627,-0.34906585039886295,0.6422701819550347,-0.34906585039886556,-0.04659591641045807,1.3312691974578932,0.11393594804342605,0.20134873428014838,1.0855924000516022,0.4225034203415662,0.2219368708271424,0.9569494875898089,0.5858296836400707,0.40631742375496227,0.8697209921448038,0.46630700281821136,-5.3551562292225574e-08,-0.872659999999999,-0.3490658609540616,0.6422701072938021,-0.34906584951142683,-0.046595845002459946,1.3312693409952043,0.11393613252426658,0.19106590119189298,1.084853255454677,0.4225036047540724,0.233520975784484,0.9558845639186906,0.5858298722818274,0.406317384581198,0.8697211731260789,0.466307164012083,-0.026870002473018788,-0.8632725151566728,-0.35435025853118396,0.6117045082516526,-0.3486695290547086,-0.01681300121527804,1.3921537411773972,0.19027196556261516,0.1977364208644003,1.14064241338552,0.498793308274578,0.2511120758955087,1.016521054363582,0.6639857023252836,0.39229889847397864,0.945191198895469,0.5329459583757927
77,True,0.7800000000000006,5.491516169364521,False,False,0.011499946366585728,False,103.66566700395197,-0.0,-0.8726646259971632,-0.3490658503988635,0.6489208862599173,-0.3490658503988656,-0.05700546313728895,1.3153397088340022,0.0923137926651629,0.1913639903858809,1.0693136533076364,0.40014725680552937,0.21587099669806847,0.9407120499814136,0.5630707704705532,0.4026378374191757,0.8486956873262207,0.44835691343193834,-5.3739897466070774e-08,-0.87266,-0.34906586096190084,0.6489208118275555,-0.3490658496062245,-0.05700538275676672,1.3153398624627008,0.09231398858128985,0.183764467432219,1.0688294920231705,0.4001474540970369,0.22444919359980098,0.9398897839331929,0.5630709723000104,0.4026378167443911,0.8486958803167107,0.4483570826096576,-0.02696489740006579,-0.8632740013813414,-0.3543565844968012,0.6183555754020791,-0.34870360670556727,-0.023321004505541823,1.3800384582460337,0.1734040780032318,0.1966345256839339,1.1296884798777558,0.48188434668858315,0.24785515925515098,1.0044491888342777,0.6467160752185286,0.39603841394367284,0.9290908743334213,0.5182730088979798
78,True,0.7900000000000006,5.472650081420173,False,False,0.007972154420585872,False,102.22624999005347,-0.0,-0.8726646259971634,-0.34906585039886406,0.6542417113533016,-0.3490658503988656,-0.06487907823313949,1.2974073957446264,0.06941858100067787,0.1834299401184583,1.0523196400329344,0.37776134078368434,0.21086718666819335,0.9233364166793016,0.5400329732493547,0.39896506467594084,0.8270219630145134,0.4302891474967243,-5.3929686938403165e-08,-0.8726599999713256,-0.3490658609804018,0.6542416395811694,-0.3490658496743797,-0.06487899511686077,1.2974075610063622,0.06941878897124493,0.17816441430013613,1.0520102997583076,0.3777615490292934,0.21681717304923684,0.9227607145212203,0.5400331866151327,0.398965058822457,0.827022167151934,0.4302893234640971,-0.02705232414051853,-0.8632751316545935,-0.3543624152165766,0.6248582716852389,-0.3487277380581668,-0.03048309045669666,1.3668538719740022,0.15549394890654503,0.19446025532250644,1.1175877420647071,0.4639220990420372,0.24353435136781582,0.9913632674155758,0.6283247772344192,0.398342474221184,0.9119092030547284,0.5029143815939179
79,True,0.8000000000000006,5.454063923805886,False,False,0.00378138286730575,False,100.59091699076816,-0.0,-0.8726646259971639,-0.34906585039886456,0.6591056949555116,-0.3490658503988657,-0.06992571782731531,1.2763381517968984,0.04830756011029366,0.17519763741082917,1.0341848687703663,0.3569460245626447,0.20635252817336477,0.9042314987856233,0.5174829953715394,0.3962289601212473,0.804342386664366,0.41257942635323636,-5.4104540066907125e-08,-0.87266,-0.3490658609865511,0.6591056264610198,-0.3490658497226423,-0.0699256389423502,1.276338332827995,0.04830777448264795,0.17269999534536112,1.0340429264085444,0.3569462385143596,0.20917544097421015,0.9039638525259639,0.5174832170546593,0.3962289643483927,0.8043426017975646,0.41257960702278446,-0.02712931172716369,-0.8632761468033657,-0.35436779390409984,0.6311291732028453,-0.3487446669844843,-0.03777933322827853,1.352431984909713,0.13671825784012745,0.19145796870453086,1.1043705648220967,0.4451371277350356,0.2383903139923166,0.97725571706173,0.608972520334935,0.3994429612988568,0.8936763506545534,0.4869868619996377
80,True,0.8100000000000006,5.435971752323886,False,False,0.0004446170843780207,False,99.96679099276662,-0.0,-0.872664625997164,-0.34906585039886484,0.665967964819071,-0.34906585039886573,-0.07798797956806466,1.2531953324493832,0.028782088102683956,0.16696641264288115,1.0145239526120085,0.33545272800531056,0.20067398814043982,0.884642118621022,0.49454135546386496,0.3895313852769776,0.7800710880530395,0.3944851021598941,-5.425851494142431e-08,-0.87266,-0.3490658610025568,0.6659678951416339,-0.3490658497565002,-0.07798789915077348,1.2531955309222715,0.02878230397458556,0.16667269074778476,1.0145073861178098,0.3354529473736785,0.20100597038620882,0.8846120611284201,0.49454158432573786,0.38953140509993467,0.7800713152631149,0.39448528716304504,-0.027196498929782594,-0.863276508310099,-0.354372666610253,0.6372980903916947,-0.34875793452799014,-0.04510753575881541,1.3365636296114574,0.11744394059630435,0.18778593068937965,1.0900144349196499,0.4257271006249271,0.23257674212699828,0.9621334251215141,0.588824682748756,0.39938297275229506,0.8743648836546755,0.470588481249454
81,True,0.8200000000000006,5.431653252471563,False,False,4.668538031991257e-06,False,100.09870800422505,-0.0,-0.872664625997164,-0.3490658503988651,0.6730061901110646,-0.34906585039886573,-0.08268575189059672,1.2324355281491586,0.0052684823473445365,0.15871765615431477,0.9950479489745888,0.3103813309992567,0.1957631059485407,0.8647322550101808,0.46839559071863174,0.3824758809379984,0.7554030825611928,0.37552934062851245,-5.439270427468057e-08,-0.87266,-0.3490658610021497,0.6730061186977888,-0.3490658497829987,-0.08268567677936083,1.2324357363954872,0.005268706687695621,0.1587177142170893,0.9950481388697152,0.31038156167616204,0.19576317967028037,0.8647324497311536,0.4683958315639524,0.3824759148031768,0.7554033204682135,0.3755295307391079,-0.027242199083562613,-0.8632761114477311,-0.35437694348836896,0.6435205374582171,-0.3487693572381105,-0.05227691935257717,1.3194337876687576,0.097620567656969,0.18341752040989068,1.0745895864098236,0.40553614241930197,0.22643711083907025,0.9460568739394136,0.5677735667567865,0.3980927307506179,0.8539971709562422,0.45373087003762624
82,True,0.8300000000000006,5.453204778697467,False,False,4.67216970891559e-06,False,100.31795897521079,-0.0,-0.872664625997164,-0.34906585039886534,0.680957592114116,-0.3490658503988657,-0.087851488422562,1.2093130194157355,-0.019304654358665446,0.1512173704582482,0.9753926637005105,0.2852240958200833,0.191210739133806,0.8450660956750107,0.44209214559662213,0.3753759022058323,0.7296764558850241,0.35602895546801144,-5.448416350375962e-08,-0.87266,-0.34906586100611403,0.6809575172454578,-0.3490658498058491,-0.0878514172736421,1.2093132396403385,-0.019304420521761373,0.15121743486313338,0.9753928620874164,0.2852243364305733,0.1912108095825653,0.8450662976521484,0.4420923969456476,0.37537594763975163,0.7296767045124877,0.35602915086462644,-0.027255820907812436,-0.8632750702177863,-0.35438055676334923,0.6499320329814933,-0.34877979985897245,-0.05913522717339919,1.3011751287554234,0.0770553812555744,0.17838256774478622,1.0582332003731447,0.3844467327644822,0.22031567627384727,0.9291545741678294,0.5457442401368537,0.3956313811524274,0.8326072676607654,0.43639623194955257
83,True,0.8400000000000006,5.502168570560304,False,False,4.721767581825858e-06,False,92.04529202543199,-0.0,-0.8726646259971639,-0.31157324093803307,0.6765897067190069,-0.3490658503988657,-0.09217904820373532,1.1812714984714072,-0.03413786268482629,0.14216328692230168,0.9512845004130329,0.2656291854404442,0.18427493498074768,0.8212887121921133,0.41942210221577414,0.3651331362901007,0.7027437420674421,0.33721933504406454,-5.451153279115162e-08,-0.8726599529861039,-0.311573326698692,0.6765896533985857,-0.34906584982676575,-0.09217898211622542,1.181271738278188,-0.03413764029878322,0.14216335936071844,0.951284714310005,0.2656294230750636,0.1842750070620861,0.8212889279234058,0.4194223548595447,0.3651331972864684,0.7027440017939737,0.3372195333974617,-0.027313502162435433,-0.8632723590615176,-0.35154034585331007,0.6556226324497513,-0.3487897285034859,-0.06560856848719782,1.2814915614204376,0.05648640119805067,0.17266754097856163,1.0407511472791595,0.36295411166389335,0.21419855490325507,0.911260043751638,0.5231034840571207,0.39191303654351495,0.8101885534515174,0.4186658513941032
84,True,0.8500000000000006,5.5760740282560235,False,False,0.029953950813490324,False,94.00329203344882,-0.0,-0.8726646259971639,-0.2636437888792688,0.6650901266479615,-0.3490658503988657,-0.09536897802104503,1.1558541200527148,-0.054757288333572914,0.13442214033513736,0.9282711347488435,0.2403794478695122,0.17879067337814467,0.7988589374779899,0.39246958443284446,0.3532143539546913,0.6759282916260339,0.3174433585810473,-5.4626895066439696e-08,-0.8639407628028927,-0.292281998205807,0.6640969769133257,-0.349065849846623,-0.09536891850034501,1.155854371327095,-0.054757065846638815,0.13442221682578565,0.9282713597084186,0.24037969301834944,0.178790744193766,0.7988591622797527,0.3924698457001211,0.35321443135190167,0.6759285601460204,0.317443561025628,-0.027396442745763753,-0.863234238444218,-0.3449398809277143,0.6592169185728366,-0.3487996407991069,-0.07159189245049391,1.2604464992232265,0.03613045900121252,0.1663858900873411,1.0221164059998409,0.34107455667734726,0.20810089541959767,0.8923727906256884,0.4998734127627142,0.3868003973906079,0.786824307303392,0.4005697643597609
85,True,0.8600000000000007,5.6689837881393785,False,False,0.06903237525252423,False,93.42229197500274,-0.0,-0.872664625997164,-0.21680707117993434,0.6520518359333569,-0.3490658503988657,-0.09913656818032415,1.1319193016758025,-0.08161952961973379,0.1256807802410517,0.907430902163917,0.21178112042982353,0.17184102432009793,0.7778660582289395,0.3624948490426921,0.3422236162321623,0.6484756583006915,0.2962443657531918,-5.4792775906753466e-08,-0.8524348341174004,-0.2827689472382317,0.6497594005773074,-0.34906584986644756,-0.09913651306739196,1.131919558728657,-0.08161929412075729,0.12568086159256325,0.9074311315370528,0.2117813790169456,0.17184109689392976,0.7778662872424209,0.3624951237991847,0.3422237053715857,0.6484759349978793,0.296244574403677,-0.02742593491987936,-0.8626312601272778,-0.33606169592957896,0.6600199139992038,-0.3488095564898787,-0.07710034610333823,1.2384456821533947,0.015332038021430598,0.15962317908573373,1.0026606020157696,0.31837400293360085,0.20197152375386948,0.8727707392285192,0.4757259395553226,0.38040332801873994,0.7626164239652359,0.382013976775668
86,True,0.8700000000000007,5.775675251645333,False,False,0.10899758724865484,False,84.9921660264954,-0.0,-0.8726646259971637,-0.167157862090792,0.6367905919740006,-0.3490658503988657,-0.10205056004559479,1.1035530759903611,-0.10248535721418375,0.11930244653781362,0.8838101452072267,0.18694494905248202,0.16705611356141847,0.7551718203315583,0.33542053649724757,0.33228646599089223,0.6202281356349333,0.2756009854635266,-5.4851760137447636e-08,-0.8403359914262774,-0.27118431689465566,0.633071705956732,-0.34906584988627887,-0.10205051014526671,1.1035533457750337,-0.10248512157986457,0.11930252717911742,0.8838103829076649,0.1869452119100641,0.16705618339209918,0.7551720555289256,0.3354208171074924,0.3322865622244238,0.6202284204109404,0.2756011982890836,-0.027371765295436612,-0.8606602251895604,-0.32600651350464505,0.6577683794219122,-0.34881922716550007,-0.0821509051117168,1.215475637924656,-0.005887491333240171,0.15261085880977865,0.9824790969689863,0.29494220716780833,0.195899676535985,0.8525692263055923,0.4507486576384859,0.3730278649534738,0.7376152099173602,0.36300279468872165
87,True,0.8800000000000007,5.891044365627232,False,False,0.14776772049263215,False,85.1494999951683,-0.0,-0.8726646259971638,-0.11778421219060596,0.6178670830300543,-0.3490658503988657,-0.10482804220229408,1.0768176235724707,-0.12442448629159421,0.11298607428057364,0.8602587277851258,0.15988065950029215,0.16248637950273873,0.7319495454733544,0.30612338295464914,0.322771331897337,0.5918103894817277,0.2545788750361864,-5.4743421101788314e-08,-0.827999261169464,-0.2585394774182076,0.6125510963352799,-0.3490658499056202,-0.10482799683687435,1.0768179008883636,-0.12442424921807434,0.1129861534930218,0.8602589722241256,0.15988092962275505,0.16248644636996348,0.731949786712074,0.3061236722045627,0.3227714323974919,0.5918106810912223,0.25457909188369876,-0.02722819165116527,-0.8569289079879303,-0.3152057341276853,0.6522863640948492,-0.3488286134143241,-0.08676010484411015,1.1915945544998323,-0.027324773351036943,0.14556794451733868,0.9615933372659478,0.27087125063642287,0.19001390180285277,0.831779593496921,0.42501197481791236,0.36498441486472416,0.7118877530428116,0.3435823842220413
88,True,0.8900000000000007,5.99904240188132,False,False,0.18673219707442773,False,81.24283299548551,-0.0,-0.8726646259971638,-0.06765619066337138,0.5982778572312314,-0.3490658503988657,-0.10803962340749632,1.048634297657544,-0.1468390959620177,0.10791489706714667,0.8369976735799395,0.13285660440859237,0.15994742465207676,0.7091404006132476,0.2766356225287543,0.31479847261538385,0.5629593168124216,0.23328032769014054,-5.4456274382191916e-08,-0.8147177440217281,-0.24502138804377063,0.591021201583279,-0.34906584992439266,-0.10803958084854429,1.0486345835774857,-0.14683885693385051,0.10791497237309089,0.8369979227707683,0.13285688043733274,0.15994748478491072,0.7091406458911428,0.2766359192808654,0.3147985729870676,0.5629596146686984,0.2332805482938124,-0.026998134600577126,-0.8514007402284746,-0.3038170504137743,0.6436546294002954,-0.34883769450670954,-0.09101374182185416,1.1668828885015678,-0.04895130273256814,0.1386861040968134,0.9401153207114521,0.24618878619335724,0.1845081885178588,0.8104830622909439,0.3985310750252608,0.35661133051697436,0.685504852107182,0.32378264905676213
89,True,0.9000000000000007,6.117070200603557,False,False,0.22389423129039387,False,81.44629094749689,-0.0,-0.8726646259971637,-0.018766221252546608,0.5747585320638379,-0.3490658503988657,-0.11129304805777904,1.0224862286592498,-0.171723089342677,0.10275398443058031,0.8143552370664549,0.10298545255307977,0.1571768045302979,0.686668313012782,0.2444676596526361,0.3068086955348195,0.5341387044514412,0.21152482934723135,-5.399616120546624e-08,-0.8008403925693435,-0.23061077562494542,0.5651777659268203,-0.3490658499425548,-0.1112930074873793,1.0224865174524176,-0.17172284379958105,0.10275405625624766,0.8143554885859025,0.10298573895907315,0.15717685923557392,0.6866685606413498,0.24446796777879404,0.30680879513028086,0.5341390071831622,0.21152505386242176,-0.02667771327596349,-0.8441842122511299,-0.29187097788828653,0.6318995693109732,-0.34884653711392755,-0.09500800341102589,1.1415715015187924,-0.07094837785344935,0.1320677570042633,0.9182193654109817,0.22075422164177358,0.17948101392431381,0.7888141407402726,0.3711802452788012,0.34814481804859243,0.6585571098647588,0.3036131205451645
90,True,0.9100000000000007,6.241644858163325,False,False,0.26060254227467905,False,80.12658305233344,-0.0,-0.8726646259971638,0.030439248052784446,0.5472489128984503,-0.3490658503988657,-0.11323098572080302,0.9934049978017456,-0.19400093560299522,0.09800936406054657,0.7909018960020942,0.0752339077566278,0.15395546016909423,0.6640245413024479,0.2140322343404877,0.2996195245828496,0.5045971615966,0.18988761732714282,-5.3355319835912685e-08,-0.7857138378933668,-0.21491394930408336,0.5347968434202481,-0.34906584996024,-0.1132309492749114,0.9934052941341603,-0.19400068949837196,0.09800943217719632,0.7909021506365237,0.07523419879667351,0.1539555112200993,0.6640247908811476,0.214032548635881,0.29961962163324246,0.5045974695158807,0.18988784477769438,-0.026278321663158438,-0.8353978352375181,-0.27931037511290957,0.6168755974711547,-0.3488552259410592,-0.0987130578937077,1.1156746053626212,-0.0932339788116074,0.12575404407685975,0.8959837970399928,0.1946562990679908,0.17487773263033327,0.7668668389872536,0.34304325992208917,0.339753871355406,0.6310911743015385,0.2831126241225531
91,True,0.9200000000000007,6.32944291944979,False,False,0.2964653680574781,False,78.23445805115625,-0.0,-0.872664625997164,0.07957994553352238,0.5191197156270777,-0.3490658503988657,-0.11329925865576117,0.9724029177052695,-0.23054596056663348,0.09459547593471766,0.7730777911696597,0.0350813911299271,0.15113877251294416,0.6462239440644784,0.1726671599428659,0.29290004472861203,0.4772298830985856,0.16716355682041675,-5.255653821173434e-08,-0.76922781932858,-0.19779577564501863,0.5031431457923153,-0.3490658499776176,-0.1132992294822833,0.9724032042481066,-0.23054568594321778,0.09459553825381715,0.7730780369814245,0.03508171027911458,0.15113881998565237,0.6462241853497747,0.17266750069438952,0.29290013843808094,0.4772301908205478,0.16716378871808754,-0.025787490097930563,-0.8251248915881106,-0.26602822281533406,0.5986267844176985,-0.3488637118726511,-0.10195679012246096,1.0897831280446135,-0.11677064184179142,0.11984374128507778,0.8738871188046728,0.16710912556344507,0.1706413020487312,0.7450825941273244,0.3134483248209947,0.33156716139216946,0.6033268776999434,0.2622528310580727
92,True,0.9300000000000007,6.31187438893584,False,False,0.3294630618393973,False,77.86583300912753,-0.0,-0.8726646259971643,0.1271131987350218,0.4839958619969824,-0.3490658503988657,-0.11416341671994405,0.9401240207346949,-0.24871059715414406,0.09122854749598114,0.7478540354004667,0.009899936074844955,0.1489978888736219,0.6230628645948324,0.14407516665066553,0.28679557036675246,0.44768333310935987,0.14631941589913708,-5.157487704618435e-08,-0.7518971584091264,-0.17875472466310574,0.46384787638012914,-0.34906584999458945,-0.11416339230673966,0.9401243200523108,-0.24871033327476122,0.09122860472625426,0.7478542874661294,0.009900250492595103,0.1489979321603617,0.6230631086338033,0.14407550539630434,0.2867956599097554,0.44768364439582653,0.14631964776550366,-0.025237008187924532,-0.8134476957985246,-0.251856667512494,0.5769030112910662,-0.3488721120770492,-0.10470961196789616,1.0635676709630624,-0.14089519179247012,0.11438653124228841,0.8517487250256923,0.1386718273184666,0.16677109497355497,0.7233888807966725,0.28288342818974294,0.3236782865489329,0.5753005569265687,0.2411714967883061
93,True,0.9400000000000007,6.294792420604094,False,False,0.3625666245174532,False,77.50633300747722,-0.0,-0.8726646259971643,0.17627553576943641,0.4472486192236565,-0.3490658503988657,-0.11566010892813337,0.9096159563899591,-0.2681758097118092,0.08762404743269109,0.7238813848970853,-0.018901233451124794,0.1471653672132946,0.601122471691999,0.11290311548331336,0.28109307517037146,0.41874095339794437,0.12558995930489475,-5.0473915429172234e-08,-0.7324476320780724,-0.15712428790417587,0.42198383337434486,-0.3490658500113898,-0.11566008702459207,0.9096162642928523,-0.2681755551510774,0.0876241009487816,0.7238816406311419,-0.018900918305657932,0.14716540643482406,0.601122716224263,0.11290345544325989,0.2810931603382051,0.4187412665165302,0.12559019046750736,-0.02465433098701005,-0.8003706779747007,-0.23655968333646077,0.5515083599573598,-0.34888041067911735,-0.10709365599556975,1.0366330317103312,-0.16466284733807246,0.10933672836899816,0.8293134582206599,0.10996868495324627,0.16327439982191808,0.7016353015686947,0.2519505752780571,0.31614671930752825,0.5470206277136427,0.22003186596567098
94,True,0.9500000000000007,6.275036291934453,False,False,0.39422549341449553,False,81.59445796627551,-0.0,-0.8726646259971643,0.221917663069164,0.4070511172144516,-0.34906585039886573,-0.11710745990616755,0.8794947887549436,-0.28931143392888886,0.084778516316778,0.7010177972089271,-0.04822403015319187,0.14530373408698588,0.5799469954390075,0.08080848615523248,0.2761177938936947,0.38969563872902646,0.10472366100097354,-4.9308563357386426e-08,-0.7152082193208875,-0.13850509299511402,0.3802806752147574,-0.349065850027987,-0.11710743987859976,0.8794951030308009,-0.2893111846322143,0.08477856543310389,0.7010180537997358,-0.04822371376839446,0.14530377002824552,0.5799472388151331,0.08080882843872614,0.2761178739513853,0.38969595337837515,0.10472389161692224,-0.024030915763380557,-0.7861480208985816,-0.22030084780999312,0.5227099282584201,-0.3488886010267114,-0.1092223523101761,1.0090012961733146,-0.1879189978821231,0.1046772298487289,0.8066443151785384,0.08109891189795071,0.16012260205633871,0.6798755394655852,0.22076197776562287,0.30902786047796793,0.5185369218916687,0.19890038814358205
95,True,0.9600000000000007,6.257156643086118,False,False,0.4598701084013116,False,80.52070799749345,-0.0,-0.8726646259971644,0.26625510400343194,0.36129003060848647,-0.34284748126558373,-0.11825546964466072,0.8492951414348429,-0.3085688833620394,0.08203142828664335,0.6788823848743296,-0.07869979129739518,0.14433232798149936,0.5590787966094444,0.04751723118863782,0.2716017690783732,0.36115624679282043,0.08419673871004212,-4.8061735400534156e-08,-0.7389689010039995,-0.17278541816302104,0.39043432018166313,-0.34284749334779907,-0.11825545157851661,0.8492954608465121,-0.30856864206275114,0.08203147357815999,0.6788826403976735,-0.07869947170062816,0.14433235956202567,0.5590790382024454,0.047517577677437944,0.2716018439304225,0.3611565615535408,0.08419696811688217,-0.023252776007180204,-0.7742747204865905,-0.20740327790664673,0.4951456777125107,-0.34845943649185507,-0.11114872384954165,0.9807770884093239,-0.2105766357452964,0.10039325338490483,0.7839027973500782,0.05201231892854886,0.15733154080607836,0.6581965892291104,0.18926478543377098,0.302363209070544,0.4899340658933142,0.1778255997015484
96,True,0.9700000000000008,6.245983532292674,False,False,0.5103527686378876,False,81.68741600820795,-0.0,-0.8726646259971648,0.31225397661797294,0.04752712888467986,0.3506853735158455,-0.10526929628632387,0.833651083487474,-0.3417095855959861,0.10263755084504886,0.5931416858583539,0.037145504372103066,0.15130502984701522,0.48687674373525,0.0966322179422674,0.290123517496643,0.3249968088859063,0.06557224583203396,-4.6505459011525474e-08,-0.7142759897851048,-0.17207108523767695,0.07585066734989965,0.35068397522902206,-0.10526930804515545,0.8336513777388953,-0.3417093233306109,0.10263754635646292,0.5931420673798138,0.03714553410567271,0.15130504190001304,0.4868770863742557,0.0966324032070318,0.2901235419759772,0.32499713875976066,0.06557247033829265,-0.02249833385547205,-0.7634745045023374,-0.1985315805962485,0.4470457464917052,-0.3079113576556462,-0.111906697223215,0.9531699940089472,-0.23371155862623616,0.09811419856660852,0.7562218374004978,0.034248718575875005,0.15548434593946736,0.6326564622935473,0.16396164224382664,0.2978576727856612,0.4606758119942443,0.15698433417642768
97,True,0.9800000000000008,6.236393831512821,False,False,0.5496550000362878,False,77.41162501042709,-0.0,-0.8726646259971643,0.3537823677344479,-0.20943951023931706,0.7312147300993487,-0.12042821307140086,0.7900731459195106,-0.34637897183697597,0.07845930079184708,0.6302482827049795,-0.1277950456817273,0.14395657250987476,0.5142033933442047,-0.010590616493893368,0.2659388823711385,0.30474506263070533,0.044843721676496896,-4.499657772424892e-08,-0.6907056623807455,-0.16285520485432492,-0.18564197947582345,0.6920886423443537,-0.12042819602840325,0.7900734721125544,-0.34637874650260025,0.07845934010156404,0.6302485346515849,-0.12779472159484692,0.14395659556537552,0.5142036302498688,-0.010590267390074098,0.26593894620859165,0.30474537449158035,0.04484394595727334,-0.021550820941888957,-0.7515079621744094,-0.19162337791892398,0.372396224562157,-0.2318231802416365,-0.1127106343619038,0.9250432463322973,-0.25595916287837134,0.09595353540006583,0.7293140226259035,0.014562647547852952,0.1539741109321996,0.6077964860913759,0.13752543228774633,0.2936718728851209,0.431571447891045,0.1363208246987079
98,True,0.9900000000000008,6.226013933165164,False,False,0.5610574512399156,False,76.5476250089705,-0.0,-0.8726646259971643,0.38637708133241017,-0.2094395102393179,0.6888439771948239,-0.1210584991659909,0.7508236688058257,-0.3473792251927748,0.07581641473755735,0.6160334027335616,-0.170016722029124,0.14426360933323748,0.49946594600640165,-0.05148250967321249,0.26357672520204073,0.27731085343660267,0.025261090611533647,-4.31015556787151e-08,-0.6712125246679455,-0.13707932652097884,-0.19544295584104593,0.6888421358641919,-0.1210584824674587,0.7508240172443741,-0.34737904235300654,0.07581645500412794,0.616033629294379,-0.17001635287113948,0.1442636287623183,0.49946616266686306,-0.05148213165808818,0.2635767853903606,0.2773111619571852,0.025261312730557595,-0.02044783593470765,-0.7382024150416073,-0.18408769252591564,0.282691473911112,-0.14148028331500112,-0.11402713371421463,0.8952212047542037,-0.27549282734686437,0.09302195114977393,0.7061310160928125,-0.013330050377356234,0.15252708258216197,0.5859608418911896,0.10633792748289139,0.2890056052976454,0.402976460981933,0.11580132939344097
99,True,1.0000000000000007,6.216173750613227,False,False,0.5722822043304298,False,72.09324999712408,-0.0,-0.8726646259971643,0.41864627095903906,-0.20943951023931837,0.6477102908541067,-0.12228325253582978,0.7135703710992028,-0.34787788113679524,0.07516090938233083,0.593395753828444,-0.19557805432432912,0.14389999020466662,0.47896996825567706,-0.08130377803844396,0.2620335371746617,0.25079721443941916,0.007001541437721526,-4.0895590081024835e-08,-0.6489891289283897,-0.10811269675335222,-0.2083516978716094,0.6477087124761152,-0.12228323602362516,0.7135707344001435,-0.3478777363669772,0.07516094510434292,0.5933959792985176,-0.19557768982905024,0.14390000745881684,0.47897018223699633,-0.08130340275578349,0.26203359111869007,0.25079751879730355,0.007001759036862218,-0.01938543482548412,-0.7236456522718954,-0.17406676809252722,0.18968114913494316,-0.0454549847485099,-0.11552833733590295,0.8637236977404603,-0.29172552911646393,0.08993336928558508,0.6848255119140207,-0.044901578543538566,0.15125090275736286,0.5657170099804424,0.07296704756095601,0.284448055614257,0.37476955195066075,0.09554515897218703
100,True,1.0100000000000007,6.207658960514032,False,False,0.6290744956173877,False,72.43354199454188,-0.0,-0.8726646259971643,0.447213735129585,-0.2094395102393188,0.5960891160454576,-0.12340775123923649,0.6749938760220149,-0.34831512358777095,0.0732767574734737,0.5747013896542724,-0.22545768149209178,0.14466487484541724,0.462124711971798,-0.11536608890381767,0.2599664620290852,0.2254549294646022,-0.010831467310275428,-3.87707921115088e-08,-0.6605719513645215,-0.1429547363158855,-0.15991584203052905,0.5960878329598223,-0.1234077354799537,0.674994253480911,-0.34831501040880836,0.07327679078473341,0.5747016099020473,-0.2254573203806121,0.1446648880198192,0.46212491915592946,-0.11536571223829944,0.2599665109915966,0.2254552280932535,-0.010831254557448378,-0.01830048725938566,-0.7105397162754833,-0.16578321001683394,0.1088898449052481,0.05281029493298612,-0.11707329474859764,0.8307514316753182,-0.30477828068126406,0.08695427558875433,0.6644283312536278,-0.07759014456960463,0.15023535093384133,0.5463727563970067,0.03879790715073006,0.28023744430986136,0.34699615010022056,0.07565773021824608
101,True,1.0200000000000007,6.200755921960362,False,False,0.6382652920701125,False,72.02174997655675,-0.0,-0.8726646259971643,0.4736682494052926,-0.20943951023931903,0.5450935374130191,-0.12447040836198399,0.6393241363137214,-0.3485578926313719,0.07249601585122073,0.5546244286350613,-0.2523362834818167,0.14499053029751063,0.44432290048938855,-0.14617938088104068,0.2595168361626131,0.20044176001381736,-0.027909578131800047,-3.660090131321625e-08,-0.6389575509390621,-0.11904600194379658,-0.17131599551132248,0.5450925528485033,-0.1244703935677863,0.6393245191675464,-0.3485578050723231,0.07249604476768212,0.5546246482424273,-0.25233593399023785,0.14499054078713125,0.4443231045886922,-0.1461790109272045,0.2595168776037465,0.20044205312201135,-0.027909370997597646,-0.017233897801513385,-0.6983838101155971,-0.15872057975361817,0.04345608494007481,0.14904577897438925,-0.11858725814060653,0.7967206421194787,-0.3150615357413871,0.08422315675019822,0.644467568237813,-0.11016818634084127,0.1494986320592846,0.5275892009404194,0.004569116680881187,0.2765346258269024,0.3196875333858515,0.056211868775643034
102,True,1.0300000000000007,6.195662430695478,False,False,0.6501373534069459,False,72.17895798385143,-0.0,-0.8726646259971643,0.4986466959101325,-0.20943951023931914,0.4805362006158099,-0.1259556916853671,0.6041671481618264,-0.3487208333995072,0.07149106260375353,0.5357181935637002,-0.278666488556605,0.14616545096562034,0.4290279216323636,-0.17931831566297898,0.25886859108189975,0.1763018743014732,-0.044580715542409735,-3.446772666587661e-08,-0.6180402531392256,-0.09890875307724377,-0.1816457622709162,0.48053553763629253,-0.1259556769491526,0.6041675332680345,-0.3487207660810465,0.07149108807027163,0.5357184110620501,-0.27866615156067504,0.14616545762902897,0.42902811875458724,-0.17931794788884606,0.2588686264146019,0.1763021610722132,-0.04458051395764426,-0.016224805404201098,-0.6855103290866853,-0.15053352831325564,-0.009297617148799793,0.22920559837820928,-0.12007169711805568,0.7620789738732873,-0.3230519134412304,0.08179749629217482,0.6247381390249784,-0.14199590323253608,0.14906441563202028,0.5093199334284377,-0.0294744514178081,0.27339849935379107,0.29288488670603524,0.037246753940318816
103,True,1.0400000000000007,6.192145657095039,False,False,0.66338857110097,False,71.52962498366833,-0.0,-0.8726646259971643,0.523513972425824,-0.20943951023931906,0.40809697934649863,-0.12713838212255169,0.570580696448867,-0.3488312732534784,0.07075150050976638,0.514977253972072,-0.2997120535881726,0.14699251810143224,0.41342336893974757,-0.2093010732915457,0.25839013855670445,0.1533524142942308,-0.060134611583607195,-3.244954590447824e-08,-0.5966458461816002,-0.0794508960668263,-0.19123520252259246,0.40809662156445226,-0.12713836798920983,0.5705810794446559,-0.3488312216948619,0.07075152260171351,0.5149774734934031,-0.29971173815650276,0.14699252224521936,0.413423560732493,-0.20930071363902122,0.25839016857336583,0.15335269335861754,-0.06013441682126566,-0.015259692851605085,-0.6713061123600885,-0.140545490046867,-0.05184149642367671,0.28524335725526023,-0.12152432683005757,0.7272265552829574,-0.3292025873358554,0.079680096496671,0.6050368340494299,-0.17246384107029136,0.14888004885349826,0.49156225623809346,-0.0630960917064544,0.2707975208887084,0.26667440386747654,0.01882591245744551
104,True,1.0500000000000007,6.189840007174903,False,False,0.6768165932276518,False,71.35408301837742,-0.0,-0.8726646259971643,0.5482397790949405,-0.20943951023931906,0.3219392041467679,-0.1281629330198198,0.538569430898795,-0.34890671109686044,0.07001222734909154,0.4923702969927066,-0.3153244360480861,0.1480304799891556,0.39849691802404336,-0.23772544947140045,0.2579387186715918,0.13167575358921085,-0.0747725231570063,-3.051932466469065e-08,-0.5744831853474237,-0.059285530558739405,-0.200410255010795,0.3219391307552209,-0.12816291974479926,0.5385698082122574,-0.3489066716886917,0.07001224669284052,0.4923705223254842,-0.3153241503274725,0.14803048167818972,0.3984971041545196,-0.23772510021337118,0.2579387443918154,0.13167602358595273,-0.07477233596050949,-0.014320686465424145,-0.6556128074706188,-0.12864962242924663,-0.08632806039142384,0.3153675734357484,-0.12292455334020626,0.6925350789287495,-0.3339075004366868,0.07784830818762314,0.585063323352755,-0.20085169437812,0.14887314113800346,0.4742969258495304,-0.09600466294872168,0.26866689129309285,0.24116748911476432,0.0010263777508949278
105,True,1.0600000000000007,6.188784710926964,False,False,0.6902612548636615,False,71.6480829869397,-0.0,-0.8726646259971643,0.573297734635064,-0.20943951023931895,0.21404996463457382,-0.12942237365560133,0.5079177572955487,-0.34895954534401374,0.06914737483903961,0.4695248746562995,-0.32652658537667606,0.14930794387005275,0.3829101570960783,-0.2628185832183339,0.25748042906253904,0.1110386945740022,-0.08858862174334912,-2.8641315647295884e-08,-0.5512402848883,-0.03755985343858084,-0.20943851165308325,0.21405016726938614,-0.12942236066003207,0.5079181265294536,-0.34895951523998414,0.06914739224087181,0.4695251057327347,-0.3265263340273967,0.14930794300044903,0.38291033986925016,-0.26281824959116057,0.25748045143541876,0.11103895483107079,-0.08858844251370859,-0.0133934936265863,-0.6384325854925543,-0.11487364273294334,-0.11455329074213653,0.3197354818281655,-0.12428087598128086,0.658305016086981,-0.3374917559464472,0.0762518083907448,0.5646330296012143,-0.22655647801821735,0.14906619662176185,0.4574349987504792,-0.1278426063320926,0.26692662740698725,0.21645846812837863,-0.016093251153506013
106,True,1.0700000000000007,6.189099768861536,False,False,0.7027427876077876,False,71.43499999074265,-0.0,-0.8726646259971643,0.5979840028165886,-0.20943951023931906,0.08841567860713236,-0.13131426850053388,0.4786675022604531,-0.3489980926964918,0.06872628904877916,0.4470851226320503,-0.3346995644943257,0.15089118393303694,0.36874392366987346,-0.28761413420653786,0.25685624993795203,0.09123871312736917,-0.10161446611453862,-2.6786933679870395e-08,-0.5271427566677214,-0.013880877928364732,-0.2185735706804653,0.08841614124581346,-0.13131425255356363,0.47866786156118446,-0.3489980696838643,0.0687263021981104,0.44708535776988473,-0.3346993482073768,0.15089118038958096,0.3687441010341401,-0.28761381466520464,0.2568562704443092,0.0912389635640665,-0.10161429507245083,-0.012462435540429714,-0.6198358082378289,-0.0992372701027426,-0.137985558113487,0.2991557000847983,-0.12565766283093807,0.6247658451968893,-0.3400400479867209,0.07487066401589358,0.5437439410567348,-0.24924209143202392,0.14949083294949644,0.4409782189625638,-0.15843985290725532,0.26548610538706613,0.1925997326832413,-0.03249444240999927
107,True,1.0800000000000007,6.190667175996629,False,False,0.725471255282302,False,70.49058395205066,-0.0,-0.8726646259971644,0.6247691079621899,-0.20943951023931925,-0.06791244085883252,-0.13215380207485822,0.4508804117284734,-0.34902970269810507,0.06871014134539646,0.42513688519593607,-0.3414016559866472,0.15208621580740966,0.35669240092010324,-0.3131645786807376,0.2568829119104764,0.07315827337611476,-0.11356918058689956,-2.4924821231259164e-08,-0.5285807248726124,-0.013813454294244992,-0.22071436761472935,-0.06791170672401892,-0.13215378908262929,0.4508807594986449,-0.3490296847188316,0.06871015366641203,0.42513712240957385,-0.34140147166788676,0.15208621061663646,0.35669256949140216,-0.3131642692319049,0.2568829291168423,0.07315851225855548,-0.11356901843774748,-0.011449955475917628,-0.6019263370030615,-0.08364193820424587,-0.15717390929465788,0.25374826964010255,-0.12702643358525154,0.5921004627458848,-0.34102692247297617,0.07371875219789632,0.5225102104167293,-0.2688933284731053,0.15011960448177483,0.4251048330832039,-0.18792152321223377,0.26431631571632175,0.16968360354526782,-0.04813007398004772
108,True,1.0900000000000007,6.1934172488136205,False,False,0.7493023570428443,False,70.41620800737292,-0.0,-0.8726646259971647,0.6530604110746683,-0.2094395102393194,-0.2589773750237269,-0.13450334046710608,0.42528493702286835,-0.34905696107905976,0.06873997440338435,0.40457510853014006,-0.3471810977381937,0.15379033478012252,0.33785263308538527,-0.32152472141493355,0.25618980318031587,0.05472426151039947,-0.12413434374841635,-2.2899865156911225e-08,-0.5330033822063489,-0.014725925273865889,-0.2215089228680232,-0.25897634957448834,-0.13450329650968043,0.4252852711233975,-0.3490569450190147,0.06873989187690392,0.40457534283225866,-0.3471809409717583,0.15379043092608896,0.33785280615557844,-0.32152445436245514,0.2561897982775031,0.05472449160558443,-0.12413419174018084,-0.010338109465408486,-0.5867120590958347,-0.06985443051110417,-0.17247156096677219,0.1828552533587582,-0.12844759739811354,0.560516210427767,-0.34116888566710546,0.07279537807532764,0.5011380606713592,-0.28573337502424895,0.15093988441610662,0.4093705029319497,-0.21513814779645368,0.26334369688286846,0.14767486133434887,-0.06291979343812878
109,True,1.1000000000000008,6.196772143684507,False,False,0.7572337273130642,False,67.21554201794788,-0.0,-0.8726646259971647,0.6645947093270743,-0.20943951023931934,-0.32936573838493055,-0.13607422373573025,0.4006230402708547,-0.3490639090250087,0.06920942521333506,0.3838310819493856,-0.34865423177985727,0.1539091003862168,0.3270290974688829,-0.34305103385829167,0.25710277037838686,0.04095679626612457,-0.13628176122081997,-2.0676177579087573e-08,-0.542714595246563,-0.01686218454227395,-0.2217844195006053,-0.329364713944996,-0.13607420848254334,0.4006233600565554,-0.3490638932349936,0.0692094323852265,0.3838313165628738,-0.34865410593839546,0.15390909444779674,0.32702926215136446,-0.3430507780330312,0.25710278286021493,0.04095700970182779,-0.13628161449717785,-0.00913582778983534,-0.5753059633961956,-0.058586344397553315,-0.18446600379121825,0.09705854923325183,-0.12993966889464922,0.5301272108024974,-0.34096728495066136,0.07210908677804151,0.4797652703937943,-0.2998070108964887,0.15182852019430645,0.39393502768452965,-0.2402714578815401,0.2626063838812391,0.12680094879770043,-0.07700451445345471
110,True,1.1100000000000008,6.200186900187567,False,False,0.7655561794651466,False,52.84020898398012,-0.0,-0.8726646259971648,0.6771726928343383,-0.2094395102393196,-0.3490658503988657,-0.13895527104047195,0.3792517443205643,-0.3490658503988657,0.0676800701818889,0.3640782350246731,-0.3490658503988659,0.15463222355268502,0.3109271971073291,-0.3490658503988659,0.2591560739447277,0.022609549595877645,-0.1411641057992815,-1.827161903895924e-08,-0.5494591754073735,-0.01669794064449004,-0.22201109012909181,-0.3490649581518509,-0.1389552530093978,0.3792520460708938,-0.3490658342017672,0.06768007903990465,0.3640784663982811,-0.34906575188138395,0.15463221794528953,0.3109273631226582,-0.34906563281051606,0.2591560808453338,0.02260975797825926,-0.14116397748035542,-0.007888466959631964,-0.5677414572418426,-0.04975291060937759,-0.19380847423295167,0.010784431297514926,-0.13157022654296147,0.5011260488492962,-0.3406647743259859,0.0715084937924155,0.4585155198390064,-0.3112076219120616,0.15270832685794547,0.37872373102345047,-0.2629238765610117,0.2622303685598307,0.10684529054124828,-0.09000843129934995
111,True,1.1200000000000008,6.204614231872386,False,False,0.7723382889201539,False,52.7207920094952,-0.0,-0.8726646259971647,0.6881986714396744,-0.2094395102393195,-0.3490658503988657,-0.13785812172486275,0.3588340446637663,-0.3490658503988657,0.06851991716337259,0.345679941597464,-0.34906585039886573,0.1582607386741374,0.29316110258803285,-0.3490658503988659,0.2597957312711109,0.010321139906745554,-0.14992425599226278,-1.577690236613527e-08,-0.5542530343944484,-0.01533269525768155,-0.2222499332340166,-0.3490651306997417,-0.13785802965672658,0.3588343306500602,-0.34906583359674714,0.06851983464460433,0.3456801693093244,-0.34906577469150446,0.1582607482649114,0.293161272426508,-0.3490656781489476,0.25979574721548937,0.010321332839646272,-0.1499241361608531,-0.0066484286260783875,-0.5633206365556289,-0.042870654063810694,-0.20107445078841263,-0.06629730544457807,-0.13310738074725112,0.47363194039128237,-0.3403692119329435,0.07101597380097675,0.4375692602221502,-0.3202136805554549,0.15377903110976648,0.36335057477449695,-0.28214886201065187,0.2620998183476594,0.08790769236510694,-0.101934723085895
112,True,1.1300000000000008,6.210189182630506,False,False,0.7760498026052697,False,53.037417004816234,-0.0,-0.8726646259971647,0.6957847590409564,-0.2094395102393195,-0.3490658503988657,-0.13878224375570622,0.3412943996337911,-0.3490658503988657,0.06874642986449779,0.3296723549802886,-0.34906585039886573,0.15976440860464317,0.2776411837945899,-0.3490658503988659,0.261134558662555,-0.0010881517502229071,-0.15762982836105205,-1.3296830657372194e-08,-0.5582489674099405,-0.013599477148539908,-0.2224815654513209,-0.34906528486290683,-0.1387822324060038,0.3412946643083433,-0.34906583300562355,0.06874643440357611,0.32967257077366746,-0.34906579269464144,0.1597643966339117,0.277641355213029,-0.3490657165651568,0.261134560593071,-0.0010879737588906924,-0.1576297169710643,-0.0054360568741572595,-0.5612287280950212,-0.03743325454932512,-0.2067165967213618,-0.1306096436604516,-0.13446238410664568,0.4477814751876449,-0.34012078008641855,0.07067261667562758,0.41720566146123805,-0.32720294352000934,0.15506207178981532,0.34778844158733946,-0.29773658325367647,0.2621859868389093,0.0702153118641844,-0.11297778967916303
113,True,1.1400000000000008,6.216271769259326,False,False,0.7750261992296223,False,53.905082982964814,-0.0,-0.8726646259971647,0.698054620901618,-0.2094395102393195,-0.3490658503988657,-0.13975086854206414,0.3258931809937912,-0.3490658503988657,0.06810889982822692,0.3158330268883472,-0.34906585039886573,0.16094551557284736,0.2641246185928717,-0.3490658503988659,0.26233873839780203,-0.01186778756350556,-0.1639527549160882,-1.0872092003587353e-08,-0.5626285877959332,-0.012134515711336738,-0.2226552109533806,-0.349065413487326,-0.13975078789723847,0.32589342619370254,-0.34906583250876083,0.0681088393417753,0.3158332312999419,-0.3490658066872463,0.1609455051816289,0.2641247852745598,-0.3490657477745474,0.2623387481755104,-0.011867623531041066,-0.16395265296636166,-0.004255784834219973,-0.5607607231410772,-0.03305939371450875,-0.2110831521494114,-0.18221329537627157,-0.13569553228285436,0.4237185524848206,-0.3399279776850593,0.07039504837891065,0.39773386078231426,-0.3325644695579788,0.15644244232802273,0.33229080018609064,-0.3100314402854397,0.2624959731421119,0.05380184943737383,-0.12316779589482571
114,True,1.1500000000000008,6.222544656080008,False,False,0.7793620325704189,False,53.15937503473833,-0.0,-0.8726646259971647,0.705986217040359,-0.20943951023931934,-0.3490658503988657,-0.14023175686575656,0.3126287825383301,-0.3490658503988657,0.06862631644522768,0.30371464343172794,-0.34906585039886573,0.16218911313008275,0.2525639696661789,-0.3490658503988659,0.26356266705166953,-0.019529504938829302,-0.16985359693907837,-8.51155264498804e-09,-0.5637790878680461,-0.009424945040034272,-0.22292176960120677,-0.3490655166944231,-0.14023174779325048,0.31262900471742755,-0.3490658321231568,0.06862631998270959,0.3037148314697898,-0.34906581739617004,0.1621891016364834,0.25256412911952264,-0.3490657723302017,0.263562664918455,-0.019529358276416234,-0.16985350356766302,-0.003110642405053672,-0.5612418963826866,-0.02937883748765039,-0.2144617372225205,-0.22262811129978252,-0.13681197391360314,0.40154472310656836,-0.3397890865067425,0.07019112914449568,0.3793969058570738,-0.33664545537281615,0.15785103126647773,0.31718411765184057,-0.31955955161739613,0.2630044091133796,0.038798750022800185,-0.13253123535734124
115,True,1.1600000000000008,6.228736588561526,False,False,0.7778816880772789,False,53.316042001824826,-0.0,-0.872185705135374,0.7076058873766434,-0.20943951023931925,-0.3490658503988657,-0.14104575211577308,0.3017844248154623,-0.3490658503988657,0.06835348403526456,0.2940294823304561,-0.34906585039886573,0.16312809401638853,0.24311738998765614,-0.3490658503988659,0.2644660827690413,-0.027075928476600234,-0.17420176920092695,-6.22127236706016e-09,-0.5660793786542697,-0.007385890764557503,-0.22306282571190514,-0.3490655975238932,-0.14104590100144274,0.30178462073987034,-0.349065831845375,0.068353607126317,0.2940296493052807,-0.34906582557396015,0.16312810096173117,0.2431175385505333,-0.34906579139908717,0.26446606821873186,-0.027075796517629633,-0.174201685860026,-0.0020016162703310712,-0.5622748503712584,-0.026153952237717146,-0.21706749645056567,-0.2537812286869925,-0.13783315799347876,0.38135394889175256,-0.339699586664631,0.0700416040285387,0.3624180838584077,-0.3396713981175664,0.15923421236937754,0.3027976341927291,-0.32685799115863645,0.2636551766176559,0.02522697410216008,-0.14103546623874455
116,True,1.1700000000000008,6.234628458606701,False,False,0.775906226739159,False,53.039791993796825,-0.0,-0.8713869313930052,0.7086763830765432,-0.20943951023931925,-0.3490658503988657,-0.1411746264751687,0.2931916602582996,-0.3490658503988657,0.06870258536716786,0.2863212739437687,-0.34906585039886573,0.16384862060135544,0.235570389041529,-0.3490658503988659,0.26493915437271476,-0.032635717562166724,-0.1773059472897503,-4.003224533984107e-09,-0.5678114162467668,-0.0052453151318678365,-0.22315767787874938,-0.34906565983000337,-0.14117461979194548,0.2931918365825243,-0.34906583166637567,0.06870258804519849,0.28632142613708417,-0.34906583160999877,0.16384861137255743,0.2355705234957504,-0.3490658059832363,0.26493915180476435,-0.032635601837014847,-0.17730587474893328,-0.000922240754142,-0.5636296414309077,-0.023247850437302302,-0.21906551981739583,-0.27753805284880545,-0.13874070936637986,0.3632245761446003,-0.33964998689496884,0.06994797051948178,0.34697231475881385,-0.3410189920025755,0.16054379540541738,0.2894141630326805,-0.3324045373360299,0.264364225217507,0.01308870067204169,-0.14860970787741387
117,True,1.1800000000000008,6.2400826240733345,False,False,0.773900043740776,False,52.214000024832785,-0.0,-0.870177602604874,0.70975752000664,-0.20943951023931925,-0.3490658503988657,-0.14144328147283866,0.287032542353799,-0.3490658503988657,0.0689606717351946,0.28072080257764725,-0.34906585039886573,0.16446236503786515,0.23019548334166925,-0.3490658503988659,0.2654227206871877,-0.036489202805809105,-0.17983615929280558,-1.8444778191774314e-09,-0.5688490846646719,-0.0029364442398827385,-0.22321322812599165,-0.3490657073435567,-0.14144328992374208,0.2870326948122651,-0.34906583156717635,0.06896068566494677,0.28072093475479376,-0.349065834305181,0.16446235752544325,0.2301956018560447,-0.34906581707214174,0.2654227169197032,-0.03648910362031957,-0.17983609684002766,0.00011425568967020024,-0.5650995128594728,-0.020548272414981136,-0.22058907133594724,-0.2955203239115412,-0.13952354609457102,0.3472247085313833,-0.3396259673158758,0.06990555419189473,0.3332086403965464,-0.3413016660728688,0.16175017091392133,0.2772743298123254,-0.33659771679777406,0.26507287939242424,0.00242720320825361,-0.15524158431118393
118,True,1.1900000000000008,6.244987799882048,False,False,0.7719114799480803,False,52.579458977561444,-0.0,-0.8685843189366588,0.7108998469530954,-0.20943951023931925,-0.3490658503988657,-0.14165044414635958,0.28331323467082653,-0.3490658503988657,0.06918642152334338,0.2772998143288041,-0.34906585039886573,0.164891854350042,0.22693235043740972,-0.3490658503988659,0.26574985638806037,-0.03888160533175722,-0.18148342980615195,2.285109223018741e-10,-0.5693225569151438,-0.0005069271602624777,-0.22322836127840848,-0.34906574330802687,-0.14165043989272322,0.2833133624935186,-0.3490658315191373,0.06918642296160613,0.2772999261462326,-0.3490658348705281,0.16489184806668725,0.22693245112116714,-0.3490658254626486,0.26574985503410825,-0.03888152271430536,-0.18148337732256592,0.0010964216055257174,-0.5665165421995788,-0.01796882420065653,-0.22174313495820488,-0.309060723053934,-0.1401911870581262,0.3334198879967604,-0.3396156768078289,0.06988855834300632,0.3212448208353687,-0.34113524845254756,0.1628339828540457,0.2665808117093381,-0.3396911624506877,0.26574455656838947,-0.006730569303918514,-0.1609443813849957
119,True,1.2000000000000008,6.249286709713276,False,False,0.7700176469014408,False,49.771832942496985,-0.0,-0.8661399404001404,0.7123649343810692,-0.2094395102393193,-0.3490658503988657,-0.14193376591599208,0.2819845130418185,-0.3490658503988657,0.06928663774207945,0.27575384729935914,-0.34906585039886573,0.16520524792917482,0.2255777950150111,-0.3490658503988659,0.26609643207562994,-0.03993593913711507,-0.18238087673912243,2.1928388254516262e-09,-0.5741114943815617,0.0,-0.22295851611334142,-0.349065770388771,-0.1419337624317937,0.2819846159123627,-0.3490658314985563,0.06928663894592518,0.27575393828112416,-0.3490658345376936,0.16520524318665492,0.22557787702088047,-0.3490658316495275,0.26609643137187994,-0.039935872726508226,-0.18238083386621748,0.002027063875912614,-0.5681258067996785,-0.015596116248182306,-0.22257927179464557,-0.3192163073227878,-0.14076389306270035,0.3218645162365799,-0.3396124006277866,0.06988286594582464,0.3111505990766553,-0.34082246281404127,0.1637847267636129,0.2574729588287603,-0.34106532367537074,0.26636335960028956,-0.014385879920613694,-0.16573843469198138
