frame,scored,sim_time,min_distance_measured_mm,measured_collision,measured_margin_violation,modification_rad,fallback,total_safety_time_ms,q_nominal.right_wrist,q_nominal.right_thumb_mcp,q_nominal.right_thumb_abd,q_nominal.right_thumb_pip,q_nominal.right_thumb_dip,q_nominal.right_index_abd,q_nominal.right_index_mcp,q_nominal.right_index_pip,q_nominal.right_middle_abd,q_nominal.right_middle_mcp,q_nominal.right_middle_pip,q_nominal.right_ring_abd,q_nominal.right_ring_mcp,q_nominal.right_ring_pip,q_nominal.right_pinky_abd,q_nominal.right_pinky_mcp,q_nominal.right_pinky_pip,q_safe.right_wrist,q_safe.right_thumb_mcp,q_safe.right_thumb_abd,q_safe.right_thumb_pip,q_safe.right_thumb_dip,q_safe.right_index_abd,q_safe.right_index_mcp,q_safe.right_index_pip,q_safe.right_middle_abd,q_safe.right_middle_mcp,q_safe.right_middle_pip,q_safe.right_ring_abd,q_safe.right_ring_mcp,q_safe.right_ring_pip,q_safe.right_pinky_abd,q_safe.right_pinky_mcp,q_safe.right_pinky_pip,q_measured.right_wrist,q_measured.right_thumb_mcp,q_measured.right_thumb_abd,q_measured.right_thumb_pip,q_measured.right_thumb_dip,q_measured.right_index_abd,q_measured.right_index_mcp,q_measured.right_index_pip,q_measured.right_middle_abd,q_measured.right_middle_mcp,q_measured.right_middle_pip,q_measured.right_ring_abd,q_measured.right_ring_mcp,q_measured.right_ring_pip,q_measured.right_pinky_abd,q_measured.right_pinky_mcp,q_measured.right_pinky_pip
0,True,0.01,6.228385962484579,False,False,0.0,False,29.31945794261992,-0.15,0.0,-0.73304,-0.58496,-0.50477,-0.4,0.0,0.0,0.0,0.0,0.0,0.17,0.0,0.0,0.52333,0.0,0.0,-0.15,0.0,-0.73304,-0.58496,-0.50477,-0.4,0.0,0.0,0.0,0.0,0.0,0.17,0.0,0.0,0.52333,0.0,0.0,-0.1504636294717452,-0.00024913347586931196,-0.733488708629297,-0.5851219546970908,-0.5047744998339302,-0.40023331337118867,-2.4794459782912207e-05,-1.2086908669606811e-06,1.9421818310665445e-08,-3.829584200719741e-05,-1.202505450442284e-06,0.170156837943458,-2.8209428762938118e-05,-1.017519327709447e-06,0.5236657896662829,-6.383528447448374e-07,-2.4370657384594807e-07
1,True,0.020000000000000004,6.229853884081848,False,False,9.671167264331374e-08,False,28.693375003058463,-0.15,0.0,-0.73304,-0.58496,-0.50477,-0.4,0.009603841536614647,0.019207683073229294,0.0,0.010804321728691477,0.019207683073229294,0.17,0.012004801920768308,0.021608643457382955,0.52333,0.014405762304921969,0.024009603841536616,-0.1500000009259819,-4.977305786491373e-10,-0.7330400008961814,-0.5849600003234633,-0.5047700000089873,-0.4000000004664432,0.00960382230585062,0.019207644708355308,-9.482144038295205e-14,0.010804300072228079,0.019207644708367663,0.17000000031314322,0.012004777887164817,0.02160860029758329,0.5233300006702278,0.01440573353180207,0.024009555887974963,-0.1513260283217816,-0.0007204199640132688,-0.7343356542242412,-0.5854327305216921,-0.5047825479310705,-0.4006661631130253,0.0006028736893200063,0.0014538950362570893,5.528971207135037e-08,0.0006574581560027722,0.0014525546505063916,0.17045027415305944,0.0007700625900435989,0.0016421679708482648,0.5242866825303172,0.001046149578264748,0.0018385590585448105
2,True,0.030000000000000013,6.231480534292174,False,False,1.8637464184484138e-07,False,28.216290986165404,-0.15,0.0,-0.73304,-0.58496,-0.50477,-0.4,0.019207683073229294,0.03841536614645859,0.0,0.021608643457382955,0.03841536614645859,0.17,0.024009603841536616,0.04321728691476591,0.52333,0.028811524609843937,0.04801920768307323,-0.15000000264967936,-1.4397108736305744e-09,-0.7330400025889738,-0.5849600009446044,-0.5047700000250738,-0.4000000013321712,0.01920764588836012,0.03841529227249143,-3.521142339533244e-14,0.021608601581885985,0.038415292269814376,0.1700000009000172,0.024009557392704748,0.04321720381960792,0.5233300019114009,0.028811469115947855,0.04801911538293993,-0.1522800909589745,-0.001247629308588626,-0.7352811264498451,-0.5857844273479123,-0.5047916378911269,-0.4011425439446006,0.0025059564411204632,0.005556518530199567,9.700613334148325e-08,0.0027929241485643206,0.005552656356989553,0.17077572929063983,0.00316738581677968,0.0062674945828729055,0.5249678310023146,0.0040406728278216085,0.006999381523447622
3,True,0.04000000000000002,6.233005688232257,False,False,2.628036837045903e-07,False,28.29916699556634,-0.15,0.0,-0.73304,-0.58496,-0.50477,-0.4,0.028811524609843944,0.05762304921968789,0.0,0.032412965186074436,0.05762304921968789,0.17,0.03601440576230493,0.06482593037214887,0.52333,0.04321728691476591,0.07202881152460985,-0.15000000455754872,-2.4939632845867588e-09,-0.7330400044796435,-0.5849600016478841,-0.5047700000432508,-0.40000000228495985,0.02881147201998209,0.05762294512838018,5.859102300799504e-14,0.03241290596908385,0.057622945120662794,0.17000000155098996,0.0360143400942507,0.06482581330222294,0.5233300032736172,0.043217208593080245,0.07202868151785223,-0.15323218201078934,-0.0017443486768261589,-0.7361700630914864,-0.5861183908378442,-0.5048010940234169,-0.4015867413295248,0.005833370142912274,0.012505300471133858,1.4049335847027477e-07,0.006534181175444879,0.012498839908952387,0.171081154120546,0.00734389623808707,0.014094733762652576,0.5256010752983645,0.009164865171467855,0.015718245594276956
4,True,0.05000000000000003,6.234320440634167,False,False,3.2490118250761907e-07,False,28.5424169851467,-0.15,0.0,-0.73304,-0.58496,-0.50477,-0.4,0.03841536614645859,0.07683073229291718,0.0,0.04321728691476591,0.07683073229291718,0.17,0.04801920768307323,0.08643457382953182,0.52333,0.057623049219687875,0.09603841536614646,-0.15000000646173242,-3.487461398875638e-09,-0.7330400062576687,-0.5849600023158585,-0.504770000062162,-0.4000000031733778,0.03841530099985132,0.07683060367602809,1.637972023520208e-13,0.043217213567414293,0.07683060366311413,0.17000000216192118,0.04801912635367425,0.08643442918804584,0.5233300045402836,0.05762295232904192,0.09603825476818434,-0.15418101719170604,-0.002172777729509358,-0.7369354406343934,-0.5864078271558143,-0.5048104745549218,-0.40196802948483723,0.010483740001527858,0.022047583274499027,1.8418382213931238e-07,0.011767636806448052,0.022039352818300044,0.1713446595980998,0.013173947884365112,0.024839007318407536,0.52614317671767,0.01625185103381085,0.02767535191518284
5,True,0.06000000000000004,6.235397898602039,False,False,3.7388151410027933e-07,False,29.45000003091991,-0.15,0.0,-0.73304,-0.58496,-0.50477,-0.4,0.04801920768307323,0.09603841536614646,0.0,0.05402160864345738,0.09603841536614646,0.17,0.060024009603841535,0.10804321728691477,0.52333,0.07202881152460984,0.12004801920768307,-0.15000000835940794,-4.344480605562168e-09,-0.7330400077887606,-0.5849600028948525,-0.5047700000809232,-0.400000003935973,0.04801913262590628,0.09603826741136225,2.70426688744405e-13,0.05402152415043693,0.09603826739490623,0.17000000268901155,0.06002391592051096,0.10804305090870933,0.5233300056247655,0.07202869999104174,0.12004783449586753,-0.15515066714132258,-0.0025228427900900814,-0.7375602329383159,-0.5866449247271761,-0.5048197178083927,-0.4022795515535144,0.016264048756822424,0.03377764281965282,2.2747746328089008e-07,0.018276791818496264,0.033768992527111595,0.1715607547495933,0.020418187730442856,0.03804404985634718,0.5265850441053794,0.0250081674255579,0.04236256428476897
6,True,0.07000000000000005,6.236251747660034,False,False,4.117635016788094e-07,False,29.608249955344945,-0.15,0.0,-0.73304,-0.58496,-0.50477,-0.4,0.05762304921968789,0.11524609843937578,0.0,0.06482593037214887,0.11524609843937578,0.17,0.07202881152460985,0.12965186074429774,0.52333,0.08643457382953182,0.1440576230492197,-0.15000001029864674,-5.044801630257889e-09,-0.7330400090387293,-0.5849600033691906,-0.5047700000994101,-0.40000000455903245,0.057622966512364995,0.11524593552335707,3.7468551904399963e-13,0.06482583728542812,0.11524593550605769,0.17000000312127075,0.07202870831636381,0.1296516775521559,0.523330006508796,0.0864344509925031,0.14405741968514954,-0.1561625393295151,-0.00279873073501845,-0.7380528510518616,-0.586831966590454,-0.504828857953827,-0.40252598199913125,0.022965373040646032,0.047275233366837935,2.7014891315683106e-07,0.02582687517816603,0.047267696744264814,0.17173209791512148,0.028816508633837525,0.0532373122143332,0.5269338746809197,0.03512086157952607,0.05925456936898252
7,True,0.08000000000000006,6.236912637411445,False,False,4.406612704248627e-07,False,29.455709038302302,-0.15,0.0,-0.73304,-0.58496,-0.50477,-0.4,0.06722689075630253,0.13445378151260506,0.0,0.07563025210084034,0.13445378151260506,0.17,0.08403361344537816,0.1512605042016807,0.52333,0.10084033613445378,0.16806722689075632,-0.15000001232227092,-5.596760558907593e-09,-0.7330400100243272,-0.5849600037434113,-0.5047700001176906,-0.40000000505190564,0.06722680224142516,0.1344536071715627,4.753782345977166e-13,0.0756301525028954,0.1344536071564864,0.1700000034640134,0.08403350302107611,0.15126030817333386,0.5233300072067283,0.10084020470757533,0.16806700928545298,-0.15722633954229595,-0.003010777888137852,-0.7384324244227818,-0.5869757424918799,-0.5048379109877723,-0.4027166366780704,0.030395892279892207,0.062163339810988184,3.1211925485364035e-07,0.034201900504693024,0.06215840051090318,0.17186477713257778,0.03812921622017805,0.06999475306453934,0.5272032648580525,0.04630438627961893,0.07788037566391713
8,True,0.09000000000000007,6.237415488373772,False,False,4.6248344581661843e-07,False,28.104458993766457,-0.15,0.0,-0.73304,-0.58496,-0.50477,-0.4,0.07683073229291718,0.15366146458583435,0.0,0.08643457382953182,0.15366146458583435,0.17,0.09603841536614646,0.17286914765906364,0.52333,0.11524609843937575,0.19207683073229292,-0.15000001444972427,-6.0210358634668615e-09,-0.7330400107837833,-0.5849600040310815,-0.5047700001357969,-0.4000000054331884,0.07683063942940047,0.15366128160183148,5.497972430069165e-13,0.08643446937083574,0.15366128159194575,0.17000000372940524,0.0960382995552007,0.17286894192402885,0.5233300077457275,0.11524596056508975,0.19207660235464738,-0.15833962377779096,-0.003170934839003178,-0.7387206516521225,-0.5870843289202549,-0.5048468792762965,-0.4028618469092981,0.03839256216916978,0.07812649671970763,3.533676052539945e-07,0.043217904072627496,0.07812545371680206,0.17196576203920694,0.04815196805321527,0.08796146274032135,0.527408066310153,0.05831705787479022,0.09784601241982978
9,True,0.10000000000000007,6.237793234656471,False,False,4.788338556539984e-07,False,27.93220797320828,-0.15,0.0,-0.73304,-0.58496,-0.50477,-0.4,0.08643457382953182,0.17286914765906364,0.0,0.09723889555822329,0.17286914765906364,0.17,0.10804321728691477,0.19447779111644659,0.52333,0.12965186074429771,0.21608643457382953,-0.15000001667615218,-6.341438531405619e-09,-0.7330400113604879,-0.5849600042483507,-0.5047700001537336,-0.4000000057237199,0.08643447775012109,0.17286895818306458,7.497613006304524e-13,0.09723878752122066,0.17286895818096787,0.17000000393146134,0.10804309750997995,0.1944775780942328,0.5233300081555503,0.12965171808155937,0.21608619810458085,-0.1594906851773591,-0.0032904747864150874,-0.7389377524941325,-0.5871654213562344,-0.5048557571632133,-0.4029712196944808,0.04682268342211866,0.09491101329833383,3.938963973980234e-07,0.05272485282805258,0.0949149198475431,0.1720416414460423,0.05871808938606882,0.10685196962761517,0.5275619594984333,0.07096294939948157,0.11883476172336643
10,True,0.11000000000000008,6.238074202910858,False,False,4.910060058160676e-07,False,27.773666952271014,-0.15,0.0,-0.73304,-0.58496,-0.50477,-0.4,0.09603841536614646,0.19207683073229292,0.0,0.10804321728691477,0.19207683073229292,0.17,0.12004801920768307,0.21608643457382953,0.52333,0.14405762304921968,0.24009603841536614,-0.15000001897816648,-6.5806248206699836e-09,-0.7330400117948843,-0.5849600044106109,-0.5047700001714897,-0.40000000594245383,0.09603831693810767,0.19207663640771144,8.167291149449878e-13,0.10804310665386044,0.19207663641551093,0.170000004083235,0.1200478965519301,0.21608621611281265,0.5233300084634771,0.14405747686500514,0.24009579590160646,-0.16066223731333876,-0.0033790261333440817,-0.7391008173019007,-0.587225610101797,-0.5048645352482577,-0.403052942794082,0.05558113288016473,0.11231785250264628,4.337174031581974e-07,0.06260365561692119,0.1123275037382514,0.17209809067468143,0.06969535471784355,0.12644227280417128,0.5276765160725214,0.08408749338308862,0.14059824628387682
11,True,0.12000000000000009,6.2382814390848615,False,False,5.000164973280676e-07,False,27.133625000715256,-0.15,0.0,-0.73304,-0.58496,-0.50477,-0.4,0.1056422569027611,0.2112845138055222,0.0,0.11884753901560624,0.2112845138055222,0.17,0.13205282112845138,0.23769507803121248,0.52333,0.15846338535414164,0.26410564225690275,-0.1500000213212097,-6.757808552332323e-09,-0.7330400121211619,-0.5849600045310457,-0.504770000189046,-0.40000000610589154,0.10564215678303851,0.2112843158775486,8.862670351151417e-13,0.11884742653052553,0.21128431589683516,0.17000000419614458,0.13205269641652348,0.23769485553159833,0.5233300086926989,0.15846323660617911,0.2641053952487826,-0.16183476305031325,-0.0034443334692581865,-0.7392234566052942,-0.5872701865659319,-0.5048732031273006,-0.4031136367250073,0.06458611904082248,0.13019336597209621,4.728458887382752e-07,0.07276148515385429,0.13020931522256135,0.1721397315334192,0.08098081588217079,0.14655944984897087,0.5277610299308648,0.09757096419437947,0.16294484016695404
12,True,0.1300000000000001,6.238432997073827,False,False,5.066506321046798e-07,False,27.45612495345995,-0.15,0.0,-0.73304,-0.58496,-0.50477,-0.4,0.11524609843937578,0.23049219687875155,0.0,0.12965186074429774,0.23049219687875155,0.17,0.1440576230492197,0.2593037214885955,0.52333,0.17286914765906364,0.2881152460984394,-0.1500000236662538,-6.888483878361024e-09,-0.7330400123665511,-0.5849600046202413,-0.5047700002063821,-0.4000000062272733,0.11524599712126674,0.230491996285155,9.574641317338881e-13,0.12965174696549134,0.2304919963170361,0.1700000042794345,0.14405749689778502,0.25930349600460534,0.5233300088618096,0.1728689970655346,0.2881149957627023,-0.16298911287086829,-0.00349238069813169,-0.7393160829377099,-0.5873032183280988,-0.5048817509506764,-0.40315846832583996,0.07377481121261072,0.14842024939341678,5.112980540796144e-07,0.08312691978603767,0.1484428393167787,0.1721701871138408,0.09249539156426338,0.16707148860635804,0.5278227086676154,0.11132181476134143,0.18572833927965435
13,True,0.1400000000000001,6.238542641414275,False,False,5.115077159956258e-07,False,27.506958052981645,-0.15,0.0,-0.73304,-0.58496,-0.50477,-0.4,0.12484993997599042,0.24969987995198084,0.0,0.14045618247298922,0.24969987995198084,0.17,0.156062424969988,0.28091236494597843,0.52333,0.1872749099639856,0.312124849939976,-0.1500000259749988,-6.984632338214586e-09,-0.733040012551886,-0.5849600046863365,-0.504770000223478,-0.40000000631691107,0.12484983782707904,0.2496996773958225,9.878917320209975e-13,0.1404560678158836,0.24969967744098395,0.170000004340363,0.156062297837519,0.28091213726769726,0.5233300089852412,0.1872747580599003,0.31212459715083263,-0.16410828353175244,-0.0035276579343630414,-0.7393864395907284,-0.5873278755202315,-0.504890170250467,-0.4031913685957134,0.08309940626669245,0.1669096389258302,5.490898694421669e-07,0.09364555536201433,0.16693903825867787,0.17219222101241596,0.1041789533744739,0.18787839388948108,0.5278670030869199,0.12527070686066624,0.2088380695868083
14,True,0.1500000000000001,6.23862190652314,False,False,5.150411597936155e-07,False,27.26891601923853,-0.15,0.0,-0.73304,-0.58496,-0.50477,-0.4,0.13445378151260506,0.26890756302521013,0.0,0.1512605042016807,0.26890756302521013,0.17,0.16806722689075632,0.3025210084033614,0.52333,0.20168067226890757,0.33613445378151263,-0.15000002821343242,-7.055216810075704e-09,-0.7330400126926603,-0.5849600047356738,-0.5047700002403169,-0.40000000638271593,0.13445367880482803,0.26890735903174556,1.074660585303855e-12,0.15126038897278749,0.2689073590905254,0.17000000438443133,0.16806709911534515,0.30252077912079606,0.5233300090738741,0.20168051945053897,0.3361341991917285,-0.16517845886106614,-0.003553643656451316,-0.7394401744618595,-0.5873469775569051,-0.5048984543731203,-0.40321529624518176,0.09252381722988394,0.18559459241815762,5.86236554942918e-07,0.1042762936939543,0.18563083291554053,0.17220815004443538,0.11598616370654263,0.20890485584820515,0.5278980364854842,0.13936550793149213,0.23219072062302398
15,True,0.16000000000000011,6.238682540793109,False,False,5.175916980340063e-07,False,26.798792008776218,-0.15,0.0,-0.73304,-0.58496,-0.50477,-0.4,0.1440576230492197,0.2881152460984394,0.0,0.16206482593037216,0.2881152460984394,0.17,0.18007202881152462,0.32412965186074433,0.52333,0.21608643457382953,0.36014405762304924,-0.15000003035391357,-7.1072099533733835e-09,-0.7330400128001755,-0.5849600047738931,-0.5047700002568855,-0.4000000064305746,0.1440575199823077,0.2881150410589799,1.1575403896180183e-12,0.16206471035400852,0.28811504113144193,0.1700000044162898,0.18007190064059217,0.32412942141321444,0.5233300091359745,0.2160862811331384,0.360143801718694,-0.1661894606924551,-0.003573523747095133,-0.7394815753005608,-0.5873625671756034,-0.5049065983556749,-0.4032327440871843,0.10202098841002083,0.2044248923710823,6.22752379304455e-07,0.11498832074762756,0.20446790281670002,0.17222033488403266,0.12788309164182513,0.2300943950406009,0.5279194378889112,0.15356725172746868,0.25572384165940937
16,True,0.17000000000000012,6.238732915070687,False,False,5.194142119941178e-07,False,26.815875025931746,-0.15,0.0,-0.73304,-0.58496,-0.50477,-0.4,0.15366146458583435,0.3073229291716687,0.0,0.17286914765906364,0.3073229291716687,0.17,0.19207683073229292,0.3457382953181273,0.52333,0.2304921968787515,0.38415366146458585,-0.15000003237607593,-7.146984085278085e-09,-0.733040012883011,-0.5849600048050819,-0.5047700002731739,-0.400000006465473,0.15366136130538194,0.30732272337704464,1.2372870784584734e-12,0.17286903189789082,0.3073227234630468,0.1700000044406597,0.19207670234536708,0.345738064031942,0.5233300091788017,0.23049204302973003,0.3841534046067705,-0.16713479349632482,-0.0035895296211146182,-0.7395143146537339,-0.5873758882594228,-0.5049145984199804,-0.403246131857526,0.11157076330050052,0.2233629858509119,6.586506310313851e-07,0.12575869815663987,0.22341262148166433,0.1722304577910473,0.1398445162286987,0.25140478714886194,0.5279347372085227,0.16784695926360996,0.2793907606881449
17,True,0.18000000000000013,6.2387778496641255,False,False,5.20698662125801e-07,False,26.893416012171656,-0.15,0.0,-0.73304,-0.58496,-0.50477,-0.4,0.163265306122449,0.326530612244898,0.0,0.1836734693877551,0.326530612244898,0.17,0.20408163265306123,0.3673469387755102,0.52333,0.24489795918367346,0.40816326530612246,-0.15000003426691838,-7.179004534937916e-09,-0.7330400129485134,-0.5849600048317303,-0.5047700002891743,-0.40000000649225065,0.16326520273371883,0.3265304059107994,1.3140689265668954e-12,0.18367335355853598,0.32653040601005223,0.17000000446090557,0.20408150417920423,0.36734670689249105,0.5233300092094156,0.24489780508232853,0.40816300776257086,-0.16801141586563118,-0.003603019629326108,-0.7395410470561309,-0.5873876439701932,-0.5049224519904789,-0.4032571209902221,0.12115822387087367,0.24238086651840957,6.939436822915991e-07,0.13657047964803357,0.24243693337698013,0.17223948755881752,0.1518518215851932,0.27280455013293514,0.5279463945073033,0.18218317710534288,0.303156683347771
18,True,0.19000000000000014,6.238819990879833,False,False,5.215861405969303e-07,False,26.393041014671326,-0.15,0.0,-0.73304,-0.58496,-0.50477,-0.4,0.17286914765906364,0.3457382953181273,0.0,0.19447779111644659,0.3457382953181273,0.17,0.21608643457382953,0.38895558223289317,0.52333,0.25930372148859543,0.43217286914765907,-0.1500000360203486,-7.205990193437373e-09,-0.7330400130019946,-0.5849600048552459,-0.5047700003048818,-0.40000000651423034,0.17286904423746796,0.34573808860420513,1.3880569850472022e-12,0.19447767530203497,0.34573808871632095,0.17000000447896513,0.2160863061048538,0.3889553499318681,0.5233300092327393,0.2593035672480064,0.4321726111164738,-0.1688192773964923,-0.0036147090763416706,-0.7395634455582368,-0.5873983630018884,-0.5049301576756096,-0.40326666253101945,0.1307724086157893,0.26145769300550015,7.286430947807825e-07,0.14741125293510524,0.26151996746953204,0.17224795607306304,0.1638913728832905,0.2942702616668747,0.5279557881878688,0.19656009507985542,0.3269957168472821
19,True,0.20000000000000015,6.238860324238141,False,False,5.221811918167243e-07,False,26.92783297970891,-0.15,0.0,-0.73304,-0.58496,-0.50477,-0.4,0.18247298919567828,0.36494597839135656,0.0,0.20528211284513806,0.36494597839135656,0.17,0.22809123649459784,0.4105642256902761,0.52333,0.2737094837935174,0.4561824729891957,-0.15000003763625755,-7.2293731951354745e-09,-0.7330400130468034,-0.5849600048766868,-0.5047700003202936,-0.4000000065333144,0.18247288579469548,0.36494577141555967,1.4597407392047773e-12,0.20528199710355088,0.3649457715400913,0.17000000449590216,0.22809110809503258,0.4105639931032064,0.5233300092515323,0.2737093294951279,0.4561822146166693,-0.16956073081048192,-0.0036252035354099564,-0.7395826943993026,-0.587408301627813,-0.5049377152560424,-0.40327542780191267,0.14040532991821086,0.28057798509672954,7.627597391764631e-07,0.15827201823439727,0.28064622900382435,0.17225606141005328,0.17595327064459834,0.3157845277621317,0.527964013036102,0.2109661137777615,0.3508886258130497
20,True,0.21000000000000016,6.2388991978240105,False,False,5.225611819172724e-07,False,26.341125019825995,-0.15,0.0,-0.73304,-0.58496,-0.50477,-0.4,0.19207683073229292,0.38415366146458585,0.0,0.21608643457382953,0.38415366146458585,0.17,0.24009603841536614,0.43217286914765907,0.52333,0.28811524609843936,0.4801920768307323,-0.15000003911934406,-7.25036485927158e-09,-0.7330400130853097,-0.5849600048965662,-0.5047700003354091,-0.4000000065508455,0.192076727389418,0.38415345431388775,1.5294559336299126e-12,0.21608631894507516,0.3841534544503589,0.1700000045121128,0.2400959101299313,0.43217263637170145,0.5233300092679849,0.28811509180048256,0.4801918182246684,-0.1702399655975082,-0.0036348279189295034,-0.739599580451387,-0.5874175742092799,-0.5049451252944902,-0.4032837303056528,0.15005121784914688,0.2997302641890668,7.963039197800534e-07,0.16914631928484264,0.29980423585429744,0.17226387352023062,0.1880303960409611,0.3373344496687072,0.5279714738945597,0.22539276100271488,0.37482113812214896
21,True,0.22000000000000017,6.238936716873597,False,False,5.227832891332208e-07,False,26.85841597849503,-0.15,0.0,-0.73304,-0.58496,-0.50477,-0.4,0.20168067226890757,0.40336134453781514,0.0,0.226890756302521,0.40336134453781514,0.17,0.25210084033613445,0.453781512605042,0.52333,0.3025210084033613,0.5042016806722689,-0.15000004047798204,-7.269615661612688e-09,-0.7330400131190883,-0.5849600049151131,-0.5047700003502296,-0.4000000065674509,0.2016805690100896,0.40336113727622136,1.5974916448915176e-12,0.22689064081368834,0.40336113742414864,0.17000000452773703,0.2521007121953046,0.4537812797115434,0.5233300092829085,0.3025208541471176,0.5042014219119133,-0.17086243960586353,-0.0036437242754748123,-0.7396145244745471,-0.5874264239894651,-0.5049523890759134,-0.40329168428719037,0.15970594796850066,0.3189060327119365,8.292854847661022e-07,0.18002958748986714,0.31898549450833014,0.17227141353935843,0.20011768550818496,0.35891048043046003,0.527978310028902,0.23983387917405644,0.39878267192196876
22,True,0.23000000000000018,6.238972895896176,False,False,5.228897518760759e-07,False,26.402916992083192,-0.15,0.0,-0.73304,-0.58496,-0.50477,-0.4,0.2112845138055222,0.4225690276110444,0.0,0.23769507803121248,0.4225690276110444,0.17,0.26410564225690275,0.47539015606242496,0.52333,0.3169267707082833,0.5282112845138055,-0.15000004172308368,-7.28741012152867e-09,-0.7330400131489816,-0.5849600049328139,-0.5047700003647575,-0.40000000658335905,0.21128441064845688,0.42256882028555703,1.6640402223134522e-12,0.23769496270024815,0.42256882044446525,0.17000000454281708,0.26410551428102,0.4753899231036293,0.5233300092965824,0.31692661652271137,0.5282110256572302,-0.17143436971004195,-0.003651977418839669,-0.7396277673564161,-0.5874349984682956,-0.5049595084020216,-0.4032993276929526,0.16936660657079372,0.33809900910264457,8.617139206487661e-07,0.190918639188,0.33818373225488657,0.17227868436579583,0.21221158480823063,0.3805055623945654,0.5279845594516327,0.2542850169851381,0.42276538980364253
23,True,0.24000000000000019,6.239007717089634,False,False,5.229117714765238e-07,False,26.744833041448146,-0.15,0.0,-0.73304,-0.58496,-0.50477,-0.4,0.22088835534213686,0.4417767106842737,0.0,0.24849939975990396,0.4417767106842737,0.17,0.27611044417767105,0.4969987995198079,0.52333,0.33133253301320525,0.5522208883553421,-0.15000004286708063,-7.303917987783182e-09,-0.733040013175472,-0.5849600049499635,-0.5047700003789966,-0.40000000659864593,0.22088825229868914,0.4417765033293257,1.7292392280697573e-12,0.24849928459838352,0.4417765034987572,0.1700000045573588,0.27611031637996475,0.4969985665338369,0.5233300093090827,0.3313323789183566,0.5522206294449368,-0.17196228788445614,-0.0036598753078619715,-0.7396396603768788,-0.5874433567301299,-0.5049664855738076,-0.40330666964587664,0.1790311629282706,0.3573045558928486,8.935984282127251e-07,0.201811295434789,0.3573943230522327,0.17228568240270317,0.2243096321864174,0.4021144822864165,0.5279902224392525,0.2687429686393735,0.44676349651523434
24,True,0.25000000000000017,6.239041152827778,False,False,5.228724216420092e-07,False,25.873542006593198,-0.15,0.0,-0.73304,-0.58496,-0.50477,-0.4,0.23049219687875155,0.4609843937575031,0.0,0.2593037214885955,0.4609843937575031,0.17,0.2881152460984394,0.518607442977191,0.52333,0.3457382953181273,0.5762304921968788,-0.15000004392303593,-7.319714602233712e-09,-0.7330400131992617,-0.5849600049666805,-0.5047700003929512,-0.4000000066133299,0.2304920939567225,0.460984186398248,1.7932040850108144e-12,0.259303606503734,0.4609841865777681,0.17000000457135495,0.28811511848721244,0.5186072099917348,0.5233300093204102,0.34573814132763836,0.576230233263437,-0.1724527020224972,-0.003667531540814952,-0.7396505415209614,-0.587451523324087,-0.5049733230597409,-0.40331370878659273,0.1886982209815324,0.3765192523259865,9.249479850859784e-07,0.2127060928270751,0.37661385837298433,0.17229240207847393,0.2364101478183136,0.42373338908018,0.527995286098949,0.2832054352605683,0.47077269953909634
25,True,0.2600000000000002,6.239073174014668,False,False,5.227887898629287e-07,False,25.58975003194064,-0.15,0.0,-0.73304,-0.58496,-0.50477,-0.4,0.2400960384153662,0.4801920768307324,0.0,0.27010804321728693,0.4801920768307324,0.17,0.3001200480192077,0.5402160864345739,0.52333,0.36014405762304924,0.6002400960384154,-0.15000004490396537,-7.335027620014589e-09,-0.7330400132210267,-0.5849600049830143,-0.5047700004066266,-0.40000000662740814,0.24009593561976303,0.4801918694854788,1.8559995241356067e-12,0.2701079284133706,0.4801918696746772,0.1700000045847944,0.3001199205994012,0.5402158534696169,0.5233300093305391,0.3601439037459563,0.6002398371041414,-0.1729118237671078,-0.0036749926634164526,-0.7396605952289556,-0.5874595099059922,-0.5049800234948897,-0.4033204402746222,0.19836683475585984,0.39574057415974795,9.557713913067355e-07,0.22360207339236754,0.3958398257077541,0.17229883752624103,0.2485120057645471,0.4453594424848382,0.527999733729712,0.29767077558792343,0.49478981980872366
26,True,0.2700000000000002,6.239103752984153,False,False,5.226735430733642e-07,False,25.8887920062989,-0.15,0.0,-0.73304,-0.58496,-0.50477,-0.4,0.24969987995198084,0.4993997599039617,0.0,0.28091236494597843,0.4993997599039617,0.17,0.312124849939976,0.5618247298919569,0.52333,0.3745498199279712,0.624249699879952,-0.1500000458222931,-7.349950305497732e-09,-0.7330400132411363,-0.5849600049989879,-0.5047700004200277,-0.4000000066408711,0.24969977728591763,0.49939955258596735,1.9176781249084557e-12,0.28091225032537626,0.49939955278445725,0.17000000459766537,0.31212472271427755,0.5618244969618,0.5233300093394361,0.37454966617002616,0.6242494409606891,-0.1733453659385912,-0.003682279493615944,-0.7396699234745087,-0.5874673235197564,-0.5049865896439001,-0.40332685840491134,0.20803637536363775,0.4149666626356141,9.860772997601114e-07,0.23449862706323688,0.41507037677978253,0.1723049831668854,0.26061446689276785,0.4669905461671844,0.5280035482961166,0.3121378204982432,0.5188125087657417
27,True,0.2800000000000002,6.239132864383847,False,False,5.225360774566773e-07,False,25.62600001692772,-0.15,0.0,-0.73304,-0.58496,-0.50477,-0.4,0.2593037214885955,0.518607442977191,0.0,0.2917166866746699,0.518607442977191,0.17,0.32412965186074433,0.5834333733493398,0.52333,0.38895558223289317,0.6482593037214887,-0.15000004668944605,-7.3645243592670995e-09,-0.7330400132597948,-0.5849600050146155,-0.5047700004331604,-0.40000000665370733,0.2593036189539276,0.5186072356959942,1.9782816814172867e-12,0.29171657223852965,0.5186072359034098,0.17000000460995676,0.3241295248303624,0.5834331404640893,0.5233300093470669,0.3889554285975084,0.6482590448283806,-0.17375841122173566,-0.003689402995419346,-0.7396785951511751,-0.5874749696309244,-0.5049930243432994,-0.4033329575539195,0.21770643161395942,0.4341961496729186,1.0158742365439832e-06,0.24539537561736127,0.43430415220061863,0.17231083388681698,0.2727170498319235,0.488625149287432,0.5280067136634158,0.326605736963234,0.5428390207926799
28,True,0.2900000000000002,6.239160485288737,False,False,5.223833919656185e-07,False,25.572082959115505,-0.15,0.0,-0.73304,-0.58496,-0.50477,-0.4,0.26890756302521013,0.5378151260504203,0.0,0.3025210084033614,0.5378151260504203,0.17,0.33613445378151263,0.6050420168067228,0.52333,0.40336134453781514,0.6722689075630253,-0.15000004751559134,-7.378771719936811e-09,-0.73304001327714,-0.5849600050299082,-0.5047700004460302,-0.40000000666590557,0.26890746062297,0.537814918812822,2.0378729056521737e-12,0.3025208941520738,0.5378149190288148,0.170000004621658,0.3361343269466914,0.6050417839733819,0.5233300093533991,0.40336119102673607,0.6722686487037229,-0.17415533999657748,-0.003696370326056815,-0.7396866654583846,-0.5874824531713781,-0.5049993304490921,-0.4033387324828516,0.22737673328473101,0.45342801860169824,1.0451706129620436e-06,0.2562920900850421,0.45354014186393327,0.172316385060938,0.2848194431290615,0.5102621014719104,0.5280092149718564,0.341073931019804,0.5668680563246925
29,True,0.3000000000000002,6.239186595032891,False,False,5.222207299857906e-07,False,25.03045799676329,-0.15,0.0,-0.73304,-0.58496,-0.50477,-0.4,0.27851140456182477,0.5570228091236495,0.0,0.3133253301320528,0.5570228091236495,0.17,0.34813925570228094,0.6266506602641057,0.52333,0.4177671068427371,0.6962785114045619,-0.15000004830949165,-7.392706721093267e-09,-0.7330400132932822,-0.5849600050448757,-0.5047700004586427,-0.4000000066774554,0.278511302292504,0.5570226019344163,2.0964565215158637e-12,0.3133252160655503,0.5570226021586512,0.1700000046327602,0.3481391290626421,0.6266504274873758,0.5233300093584033,0.41776695345652054,0.6962782525841159,-0.17453980605926647,-0.0037031871006407194,-0.7396941831356654,-0.5874897788521951,-0.5050055107963064,-0.40334417839712783,0.23704710419184435,0.47266151810842566,1.0739747323773606e-06,0.26718863222145806,0.47277759891237126,0.17232163251882937,0.2969214462434651,0.5319005457492607,0.5280110386867712,0.3555419710463047,0.5908986521398077
30,True,0.3100000000000002,6.239211174979542,False,False,5.220520186143627e-07,False,25.27120802551508,-0.15,0.0,-0.73304,-0.58496,-0.50477,-0.4,0.2881152460984394,0.5762304921968788,0.0,0.32412965186074433,0.5762304921968788,0.17,0.36014405762304924,0.6482593037214887,0.52333,0.43217286914765907,0.7202881152460985,-0.15000004907845652,-7.4063405968056994e-09,-0.733040013308319,-0.5849600050595275,-0.5047700004710037,-0.4000000066883472,0.2881151439621769,0.576230285059274,2.1540473357795493e-12,0.3241295379786826,0.5762302852914242,0.170000004643255,0.36014393117781307,0.6482590710043562,0.5233300093620524,0.4321727158859981,0.720287856467632,-0.17491475175315205,-0.003709858224313906,-0.7397011928493287,-0.5874969512286604,-0.5050115681714381,-0.40334929092495275,0.2467174229961666,0.4918960846322236,1.1022947914039238e-06,0.27808491442690075,0.49201596213088533,0.17232657249864977,0.3090229204655791,0.5535398351713373,0.528012172545924,0.37000953834780725,0.6149300827115712
31,True,0.32000000000000023,6.239234208225629,False,False,5.218802369052499e-07,False,24.420582980383188,-0.15,0.0,-0.73304,-0.58496,-0.50477,-0.4,0.297719087635054,0.595438175270108,0.0,0.3349339735894358,0.595438175270108,0.17,0.3721488595438175,0.6698679471788715,0.52333,0.446578631452581,0.744297719087635,-0.1500000498283726,-7.419683161705853e-09,-0.7330400133223398,-0.5849600050738726,-0.5047700004831188,-0.4000000066985722,0.2977189856317459,0.5954379681862669,2.2106612258640686e-12,0.33493385989129526,0.595437968426011,0.17000000465313486,0.3721487332919267,0.6698677145230286,0.5233300093643218,0.44657847831453107,0.7442974603528196,-0.1752824455495197,-0.003716388144435161,-0.739707889278867,-0.5875039747607901,-0.5050175053101928,-0.4033540660535988,0.2563876002644596,0.5111312930956895,1.1301388772312295e-06,0.28898087140186024,0.5112548069417923,0.17233120158776455,0.3211237613301625,0.5751794855233631,0.5280126054516241,0.38447639310124754,0.6389617992887596
32,True,0.33000000000000024,6.239255679479486,False,False,5.217076540505144e-07,False,24.946374993305653,-0.15,0.0,-0.73304,-0.58496,-0.50477,-0.4,0.3073229291716687,0.6146458583433374,0.0,0.3457382953181273,0.6146458583433374,0.17,0.38415366146458585,0.6914765906362546,0.52333,0.460984393757503,0.7683073229291717,-0.15000005056377863,-7.432743305817863e-09,-0.7330400133357335,-0.58496000508792,-0.5047700004949933,-0.4000000067081224,0.30732282730103216,0.6146456513145453,2.266317507720509e-12,0.34573818180325777,0.6146456515615625,0.17000000466239298,0.3841535354047741,0.6914763580424242,0.5233300093651894,0.4609842407416397,0.768307064238581,-0.1756445518917035,-0.0037227810115562413,-0.7397143922984026,-0.5875108536128395,-0.5050233248485494,-0.40335850010272806,0.26605756569246947,0.5303668269221896,1.1575149685746208e-06,0.2998764472754467,0.5304938155881316,0.17233551669820427,0.3332238830813775,0.5968191292871123,0.52801232742608,0.39894234828757186,0.6629933911571319
33,True,0.34000000000000025,6.239275574873144,False,False,5.215359805638239e-07,False,25.36425000289455,-0.15,0.0,-0.73304,-0.58496,-0.50477,-0.4,0.3169267707082834,0.6338535414165668,0.0,0.3565426170468188,0.6338535414165668,0.17,0.3961584633853542,0.7130852340936376,0.52333,0.475390156062425,0.7923169267707084,-0.15000005128800525,-7.445529337166135e-09,-0.73304001334874,-0.5849600051016781,-0.5047700005066327,-0.40000000671699043,0.31692666896989496,0.6338533344434751,2.3210324198175023e-12,0.3565425037144582,0.6338533346974424,0.1700000046710232,0.39615833751618357,0.7130850015618078,0.5233300093646351,0.4753900031669497,0.7923166681240941,-0.1760022052440644,-0.0037290406977635174,-0.7397207508381777,-0.5875175916938216,-0.5050290293303853,-0.40336258967673966,0.2757272532294378,0.5496024390733586,1.1844309296418436e-06,0.31077158502195923,0.5497327384282811,0.17233951502898634,0.34532320238995057,0.6184584811796869,0.5280113295370432,0.41340725497175845,0.6870245397908316
34,True,0.35000000000000026,6.2392938817982655,False,False,5.213665383934162e-07,False,24.62525002192706,-0.15,0.0,-0.73304,-0.58496,-0.50477,-0.4,0.326530612244898,0.653061224489796,0.0,0.3673469387755102,0.653061224489796,0.17,0.40816326530612246,0.7346938775510204,0.52333,0.4897959183673469,0.8163265306122449,-0.15000005200332278,-7.4580489965205e-09,-0.7330400133614575,-0.5849600051151547,-0.504770000518042,-0.40000000672516955,0.3265305106382021,0.6530610175725622,2.3748212250534833e-12,0.36734682562478255,0.6530610178331512,0.17000000467901982,0.4081631396259884,0.7346936450806082,0.5233300093626412,0.489795765590163,0.8163262720087212,-0.17635608740392164,-0.0037351707939309964,-0.7397269861190309,-0.5875241926873849,-0.5050346212144821,-0.4033663316220464,0.2853965993637578,0.5688379398385252,1.2108945062445197e-06,0.32166622013416574,0.5689713821199415,0.17234319403315454,0.35742163402459814,0.640097316856096,0.5280096038334184,0.4278709858190549,0.7110549969347659
35,True,0.36000000000000026,6.239310588810348,False,False,5.212003459267637e-07,False,26.112249994184822,-0.15,0.0,-0.73304,-0.58496,-0.50477,-0.4,0.3361344537815127,0.6722689075630254,0.0,0.3781512605042017,0.6722689075630254,0.17,0.4201680672268908,0.7563025210084034,0.52333,0.504201680672269,0.8403361344537816,-0.15000005271109604,-7.470309387573593e-09,-0.7330400133739283,-0.584960005128357,-0.504770000529226,-0.40000000673265357,0.33613435230582667,0.6722687007014271,2.4280471597435966e-12,0.3781511475341015,0.6722687009683025,0.17000000468637738,0.4201679417340177,0.7563022885983769,0.5233300093591913,0.5042015280110251,0.8403358758919663,-0.1767065071651838,-0.0037411746265007635,-0.7397331084003184,-0.5875306600551533,-0.5050401028762406,-0.40336972300206075,0.29506553742335107,0.588073175742899,1.2369133216467248e-06,0.3325602797266225,0.5882095887241228,0.17234655139856708,0.36951909233967906,0.661735457279029,0.5280071433096126,0.44233342924762037,0.7350845746023597
36,True,0.3700000000000003,6.239325685567597,False,False,5.210381901205922e-07,False,25.770583015400916,-0.15,0.0,-0.73304,-0.58496,-0.50477,-0.4,0.3457382953181273,0.6914765906362546,0.0,0.38895558223289317,0.6914765906362546,0.17,0.43217286914765907,0.7779111644657863,0.52333,0.5186074429771909,0.8643457382953181,-0.1500000534119437,-7.482317331691801e-09,-0.7330400133861732,-0.5849600051412921,-0.5047700005401896,-0.40000000673943625,0.34573819397263517,0.6914763838297626,2.4800022184816274e-12,0.38895546944227,0.6914763841025798,0.17000000469309223,0.4321727438401012,0.7779109321147555,0.5233300093542722,0.5186072904293126,0.8643454797734529,-0.1770534773098581,-0.003747055280297682,-0.7397391234729864,-0.5875369970416822,-0.5050454766099228,-0.4033727610812681,0.30473400010990787,0.6073080263805503,1.2624948746573467e-06,0.34345368317667113,0.6074472328606311,0.17234958503563605,0.38161548555555547,0.6833727574809405,0.5280039418843793,0.4567944891643683,0.7591131202323974
37,True,0.3800000000000003,6.239339162803276,False,False,5.208806804199103e-07,False,26.10312501201406,-0.15,0.0,-0.73304,-0.58496,-0.50477,-0.4,0.355342136854742,0.710684273709484,0.0,0.3997599039615847,0.710684273709484,0.17,0.4441776710684274,0.7995198079231693,0.52333,0.5330132052821129,0.8883553421368549,-0.15000005410589207,-7.494078907779866e-09,-0.7330400133982037,-0.5849600051539664,-0.5047700005509373,-0.40000000674551234,0.3553420356384932,0.710684066957328,2.5310809564141866e-12,0.3997597913491265,0.7106840672357327,0.1700000046991596,0.4441775459440547,0.7995195756294542,0.5233300093478714,0.5330130528448335,0.888355083652876,-0.17739678632529554,-0.003752815627420939,-0.7397450351946556,-0.5875432066887714,-0.505050744632913,-0.40337544331806896,0.3144019166760109,0.6265423900273656,1.2876465369303958e-06,0.35434634408942534,0.6266842074790815,0.17235229307178465,0.39371071804609953,0.7050090982902318,0.5279999943930263,0.47125407428021454,0.7831405101708685
38,True,0.3900000000000003,6.239351012303206,False,False,5.207282998255562e-07,False,25.945124973077327,-0.15,0.0,-0.73304,-0.58496,-0.50477,-0.4,0.36494597839135656,0.7298919567827131,0.0,0.4105642256902761,0.7298919567827131,0.17,0.4561824729891957,0.8211284513805522,0.52333,0.5474189675870348,0.9123649459783914,-0.15000005479251882,-7.50559986557875e-09,-0.7330400134100273,-0.584960005166386,-0.5047700005614737,-0.40000000675087677,0.36494587730325906,0.7298917500839197,2.581297923661484e-12,0.4105641132544981,0.7298917503675468,0.17000000470457577,0.4561823480456869,0.8211282191422343,0.5233300093399784,0.5474188152574048,0.9123646875299878,-0.17773606139325332,-0.0037584583510025765,-0.7397508464806496,-0.5875492918502182,-0.5050559090901043,-0.40337776735905856,0.3240692172755833,0.6457761853946035,1.3123755524624048e-06,0.36523817263451974,0.6459204258802621,0.17235467384698008,0.4058046962400822,0.7266443756911128,0.5279952965815335,0.4857121053887438,0.8071666461597297
39,True,0.4000000000000003,6.239361226922328,False,False,5.205814170818097e-07,False,26.368665974587202,-0.15,0.0,-0.73304,-0.58496,-0.50477,-0.4,0.37454981992797126,0.7490996398559425,0.0,0.4213685474189676,0.7490996398559425,0.17,0.46818727490996404,0.8427370948379352,0.52333,0.5618247298919569,0.9363745498199281,-0.1500000554710787,-7.516885568419757e-09,-0.7330400134216501,-0.5849600051785566,-0.5047700005718029,-0.4000000067555248,0.37454971896679334,0.7490994332093751,2.6306655961717997e-12,0.4213684351582053,0.7490994334978488,0.17000000470933743,0.46818715014481094,0.842736862652888,0.5233300093305848,0.5618245776668686,0.9363742914045922,-0.1780708242100548,-0.0037639859785172313,-0.7397565597262863,-0.5875552552172898,-0.5050609720604248,-0.4033797310436506,0.3337358309370811,0.6650093407671892,1.3366890368252274e-06,0.37612907802315837,0.6651558109475256,0.17235672591704326,0.41789732488208725,0.7482785070379983,0.5279898451150135,0.5001685072903885,0.8311914539467563
40,True,0.4100000000000003,6.239369800592896,False,False,5.204403148042971e-07,False,27.359250001609325,-0.15,0.0,-0.73304,-0.58496,-0.50477,-0.4,0.38415366146458585,0.7683073229291717,0.0,0.43217286914765907,0.7683073229291717,0.17,0.4801920768307323,0.8643457382953181,0.52333,0.5762304921968787,0.9603841536614646,-0.1500000561406154,-7.527941074756545e-09,-0.7330400134330769,-0.5849600051904836,-0.5047700005819291,-0.4000000067594521,0.38415356062895384,0.7683071163335505,2.6791998647067406e-12,0.4321727570600664,0.7683071166264842,0.17000000471344168,0.48019195224123595,0.8643455061612498,0.523330009319684,0.5762303400730738,0.9603838952765401,-0.17840053672188297,-0.003769400905796239,-0.7397621769847338,-0.5875610993388842,-0.5050659355622296,-0.40338133240667673,0.3434016902056423,0.6842417935938944,1.3605939775387125e-06,0.3870189685450647,0.6843902949632147,0.172358448055362,0.4299885104571963,0.7699114242798742,0.5279836375820621,0.5146232152066357,0.8552148684479006
41,True,0.4200000000000003,6.239376728345909,False,False,5.203052129026403e-07,False,27.57041697623208,-0.15,0.0,-0.73304,-0.58496,-0.50477,-0.4,0.39375750300120055,0.7875150060024011,0.0,0.44297719087635057,0.7875150060024011,0.17,0.49219687875150064,0.8859543817527011,0.52333,0.5906362545018008,0.9843937575030013,-0.150000056800053,-7.53877117416063e-09,-0.7330400134443117,-0.5849600052021723,-0.5047700005918564,-0.40000000676265474,0.3937574022896058,0.7875147994563212,2.7269152347055286e-12,0.44297707895989813,0.7875147997533178,0.17000000471688606,0.4921967543347753,0.8859541496671837,0.5233300093072709,0.5906361024758916,0.984393499145702,-0.1787246380693551,-0.0037747054211316883,-0.7397677000615006,-0.5875668266428946,-0.5050708015588354,-0.4033825696845064,0.35306672888429375,0.7034734965630545,1.384097237654656e-06,0.3979077583883971,0.7036238256365841,0.17235983925719559,0.4420781669068802,0.7915430677017624,0.5279766725028384,0.5290761676037052,0.8792368344345134
42,True,0.4300000000000003,6.23938277178854,False,False,4.866003917933655e-07,False,27.59424998657778,-0.15,0.0,-0.73304,-0.58496,-0.50477,-0.4,0.4,0.8,0.0,0.45,0.8,0.17,0.5,0.9,0.52333,0.6,1.0,-0.15000005744826983,-7.549335567704624e-09,-0.7330400134553581,-0.5849600052136271,-0.5047700006015886,-0.4000000067652345,0.3999999061242321,0.799999806928823,2.9813497556937987e-12,0.44999989580526584,0.7999998072294755,0.17000000471960347,0.4999998841447747,0.8999997830657045,0.5233300092932827,0.5999998581386213,0.9999997584510051,-0.1791033922808646,-0.003780222859424679,-0.7397738206815305,-0.587572696310242,-0.5050756241734436,-0.4033836471271152,0.3624743785935809,0.7221768072868886,1.4071095806475866e-06,0.4085088227332542,0.7223292767418937,0.17236105267775256,0.45384875484965315,0.8125805710238652,0.527969220008048,0.5431417774922639,0.9025987488816002
43,True,0.44000000000000034,6.23938942733716,False,False,3.933849602142837e-07,False,27.460291981697083,-0.15,0.0,-0.73304,-0.58496,-0.50477,-0.4,0.4,0.8,0.0,0.45,0.8,0.17,0.5,0.9,0.52333,0.6,1.0,-0.1500000582056264,-7.56029268833211e-09,-0.7330400134675976,-0.5849600052253661,-0.5047700006112339,-0.4000000067675702,0.3999999249230322,0.7999998443024838,3.3838679640741266e-12,0.4499999169891537,0.7999998446074162,0.17000000472191665,0.49999990766531793,0.8999998251036295,0.523330009278274,0.5999998862450959,0.9999998051336321,-0.1796695107218728,-0.0037865785071366583,-0.739781877759279,-0.5875792149179213,-0.50508050849474,-0.4033849669752287,0.37094345285659597,0.7389601957022446,1.4294595759014297e-06,0.4180600475515231,0.7391161319286409,0.1723623892453639,0.46445441108485125,0.8314597344325724,0.5279594686354975,0.5557948347085626,0.9235625974651163
44,True,0.45000000000000034,6.23939652620317,False,False,3.1021416296017016e-07,False,27.13241701712832,-0.15,0.0,-0.73304,-0.58496,-0.50477,-0.4,0.4,0.8,0.0,0.45,0.8,0.17,0.5,0.9,0.52333,0.6,1.0,-0.1500000593373457,-7.573016134760496e-09,-0.7330400134837064,-0.5849600052384014,-0.5047700006210024,-0.40000000677017616,0.3999999418637284,0.7999998778744741,3.361859936874839e-12,0.4499999360944231,0.7999998781863363,0.17000000472460974,0.4999999288797926,0.8999998628678172,0.5233300092587954,0.5999999115550448,0.9999998470678411,-0.18043365594869126,-0.003793669568808107,-0.7397916472783933,-0.5875863160189383,-0.5050854441071818,-0.40338648158105356,0.3780604247179045,0.7530018993031014,1.4512256698583186e-06,0.42609582092483655,0.753162389805308,0.17236381501304318,0.47337546896447164,0.8472554326838869,0.5279454593184943,0.5664112871332395,0.9410998848257583
45,True,0.46000000000000035,6.239403167443194,False,False,2.415481424432942e-07,False,27.097333048004657,-0.15,0.0,-0.73304,-0.58496,-0.50477,-0.4,0.4,0.8,0.0,0.45,0.8,0.17,0.5,0.9,0.52333,0.6,1.0,-0.15000006086508844,-7.587215013378501e-09,-0.7330400135032407,-0.584960005252602,-0.5047700006308734,-0.4000000067731615,0.3999999561013625,0.799999905965366,3.3187221131292726e-12,0.44999995217004596,0.7999999062863338,0.17000000472748855,0.4999999467265066,0.8999998944676314,0.5233300092308123,0.5999999327935088,0.9999998821517702,-0.18130226177474726,-0.0038010378348804236,-0.7398021528127922,-0.5875936423455974,-0.5050903604185126,-0.40338794138541784,0.3838056743677291,0.7642890310293342,1.4725798141216794e-06,0.43259045615284836,0.7644542422207904,0.17236514879452888,0.4805811939926592,0.859951883453213,0.5279294013579704,0.5749622505995956,0.955192892875955
46,True,0.47000000000000036,6.239408713837416,False,False,1.8774104539406576e-07,False,26.66370797669515,-0.15,0.0,-0.73304,-0.58496,-0.50477,-0.4,0.4,0.8,0.0,0.45,0.8,0.17,0.5,0.9,0.52333,0.6,1.0,-0.1500000626020093,-7.601968974885881e-09,-0.7330400135242497,-0.584960005267254,-0.5047700006407061,-0.4000000067760384,0.3999999675956116,0.7999999285471605,3.2772344186204498e-12,0.4499999651634604,0.7999999288775692,0.17000000473018284,0.4999999611426461,0.8999999198690064,0.5233300091987261,0.5999999499010825,0.9999999103472031,-0.18216644060076248,-0.003808309903665474,-0.7398126047979803,-0.5876008946186224,-0.5050951973686739,-0.40338916447011375,0.38832543860921065,0.7731381584765445,1.493642211483535e-06,0.43770487873210406,0.7733074984452735,0.1723662624381198,0.48625008835761563,0.8699044881338209,0.5279135411574076,0.5816711493945071,0.9662369205978785
47,True,0.48000000000000037,6.239412885261789,False,False,1.4746327537830645e-07,False,27.414874988608062,-0.15,0.0,-0.73304,-0.58496,-0.50477,-0.4,0.4,0.8,0.0,0.45,0.8,0.17,0.5,0.9,0.52333,0.6,1.0,-0.15000006433037566,-7.616529149566398e-09,-0.7330400135451538,-0.5849600052817587,-0.5047700006503801,-0.40000000677844744,0.3999999766384926,0.7999999462520856,3.2461378663870103e-12,0.449999975396015,0.7999999465907535,0.17000000473243346,0.4999999724846394,0.8999999397817228,0.5233300091670268,0.5999999633239197,0.9999999324436004,-0.18293798942444106,-0.0038152616546661047,-0.7398225308637526,-0.587607886718463,-0.5050999172717039,-0.4033900641228834,0.39181850947692404,0.7799625043155864,1.5144705382265698e-06,0.4416602249429244,0.7801349685837086,0.1723670996056897,0.49062893239490524,0.8775780133026566,0.5278989792296057,0.5868414651211943,0.9747490690484434
48,True,0.4900000000000004,6.239415648770384,False,False,1.1877183227304094e-07,False,27.682957996148616,-0.15,0.0,-0.73304,-0.58496,-0.50477,-0.4,0.4,0.8,0.0,0.45,0.8,0.17,0.5,0.9,0.52333,0.6,1.0,-0.150000065873725,-7.630446462614932e-09,-0.7330400135650074,-0.5849600052957437,-0.5047700006598203,-0.4000000067802162,0.39999998362744427,0.7999999599063189,3.2276099712485475e-12,0.44999998330982105,0.7999999602512382,0.170000004734127,0.49999998124585826,0.8999999551350109,0.5233300091379175,0.5999999736687622,0.9999999494748271,-0.18355962499548234,-0.003821786674007779,-0.7398317042366083,-0.5876145242173618,-0.5051045009824507,-0.40339062087492655,0.3944832847196726,0.7851662738698046,1.5350798461364382e-06,0.4446783784304123,0.7853407411934135,0.17236765366873325,0.4939658710606673,0.8834274779683678,0.5278858773033462,0.5907755697524446,0.9812355880911086
49,True,0.5000000000000003,6.239417105584724,False,False,9.950141802430903e-08,False,26.996791013516486,-0.15,0.0,-0.73304,-0.58496,-0.50477,-0.4,0.4,0.8,0.0,0.45,0.8,0.17,0.5,0.9,0.52333,0.6,1.0,-0.150000067117406,-7.643507931188315e-09,-0.7330400135833561,-0.5849600053090196,-0.504770000668988,-0.4000000067813054,0.39999998895926225,0.7999999703182945,3.220963589796821e-12,0.44999998934864455,0.799999970667223,0.17000000473525043,0.49999998792258804,0.8999999668389337,0.5233300091117243,0.5999999815403559,0.9999999624534105,-0.18400361109735347,-0.003827854017540767,-0.7398400527686536,-0.5876207731144567,-0.5051089418331581,-0.4033908528649876,0.39649581413606083,0.7891028469862432,1.5554625517002597e-06,0.4469570380468591,0.7892782709619517,0.1723679449815878,0.49648210010617677,0.8878508670060735,0.5278739167475134,0.5937409277179577,0.9861391884855882
50,True,0.5100000000000003,6.239417414976454,False,False,8.738961382072854e-08,False,27.92770799715072,-0.15,0.0,-0.73304,-0.58496,-0.50477,-0.4,0.4,0.8,0.0,0.45,0.8,0.17,0.5,0.9,0.52333,0.6,1.0,-0.15000006800586502,-7.655651847269379e-09,-0.7330400136000554,-0.5849600053215185,-0.5047700006778701,-0.4000000067817504,0.399999992986107,0.7999999781949103,3.2244526455615035e-12,0.4499999939079488,0.799999978545755,0.17000000473584506,0.49999999295729347,0.8999999756896164,0.5233300090878116,0.5999999874737244,0.9999999722649454,-0.18426591908365558,-0.0038334759651101158,-0.7398475912203423,-0.5876266353749292,-0.5051132407697229,-0.4033907955826341,0.39800317805487395,0.7920637424531983,1.5756020596918552e-06,0.44866196348936305,0.7922392501688815,0.17236800557359003,0.498362931994343,0.8911765626081758,0.5278626561530259,0.5959599569376457,0.9898250291440744
51,True,0.5200000000000004,6.2394167295926835,False,False,8.024399735145326e-08,False,27.59725000942126,-0.15,0.0,-0.73304,-0.58496,-0.50477,-0.4,0.4,0.8,0.0,0.45,0.8,0.17,0.5,0.9,0.52333,0.6,1.0,-0.15000006853097964,-7.666903069879216e-09,-0.7330400136151345,-0.584960005333244,-0.5047700006864684,-0.4000000067816213,0.3999999960022182,0.799999984119373,3.2361108089420265e-12,0.4499999973193395,0.7999999844703874,0.17000000473597554,0.49999999672069734,0.8999999823440135,0.5233300090652974,0.5999999919138267,0.9999999796399613,-0.18436806192514824,-0.0038386746113819705,-0.7398543545115855,-0.5876321205300062,-0.505117400244882,-0.40339048400306765,0.3991231892040822,0.7942812098178218,1.5954779890509095e-06,0.4499261786993466,0.7944561214752432,0.17236786614276312,0.4997570725388468,0.893666219824156,0.527851466653774,0.5976105252444062,0.992583996039385
52,True,0.5300000000000004,6.239415156745145,False,False,7.622085418419833e-08,False,27.31429203413427,-0.15,0.0,-0.73304,-0.58496,-0.50477,-0.4,0.4,0.8,0.0,0.45,0.8,0.17,0.5,0.9,0.52333,0.6,1.0,-0.15000006873570543,-7.677306157558711e-09,-0.7330400136286632,-0.5849600053442153,-0.5047700006947877,-0.400000006780987,0.3999999982433014,0.7999999885563436,3.2540859246616387e-12,0.44999999984895245,0.7999999889061679,0.1700000047357038,0.49999999951031154,0.8999999873256174,0.5233300090429249,0.5999999952165203,0.9999999851604334,-0.18437171082686213,-0.0038434593935360297,-0.739860354301889,-0.587637226412056,-0.5051214200178483,-0.4033899416950504,0.3999473004526412,0.7959361277502033,1.6150687502690436e-06,0.4508528934976481,0.7961099220920287,0.1723675482708646,0.5007800707653006,0.8955236583164453,0.5278394474304436,0.5988311234613132,0.9946426925041152
53,True,0.5400000000000004,6.239412919823506,False,False,7.40432683686098e-08,False,27.078583021648228,-0.15,0.0,-0.73304,-0.58496,-0.50477,-0.4,0.4,0.8,0.0,0.45,0.8,0.17,0.5,0.9,0.52333,0.6,1.0,-0.15000006874327412,-7.686880354896425e-09,-0.7330400136406648,-0.5849600053544282,-0.5047700007028276,-0.400000006779894,0.3999999998923345,0.7999999918677201,3.2767725514595863e-12,0.4500000017032877,0.7999999922153112,0.17000000473507362,0.5000000015573247,0.8999999910422258,0.5233300090188937,0.5999999976588944,0.9999999892797441,-0.18429557572405575,-0.0038479173611391773,-0.739865753971143,-0.5876420283759555,-0.5051253177776319,-0.4033892270561414,0.40055098404920864,0.7971684199200024,1.6343716663278995e-06,0.45152863763125245,0.7973407991731605,0.17236709688095825,0.5015270448207467,0.8969062607150962,0.5278275302213159,0.5997307509930596,0.9961754766642624
54,True,0.5500000000000004,6.239410189668003,False,False,7.284491515666684e-08,False,27.5337080238387,-0.15,0.0,-0.73304,-0.58496,-0.50477,-0.4,0.4,0.8,0.0,0.45,0.8,0.17,0.5,0.9,0.52333,0.6,1.0,-0.15000006859122367,-7.695799787363344e-09,-0.7330400136514658,-0.5849600053640328,-0.5047700007106235,-0.4000000067784585,0.40000000110030554,0.7999999943334619,3.303086951549197e-12,0.45000000305544935,0.7999999946782236,0.17000000473417487,0.5000000030520291,0.8999999938087311,0.5233300089950629,0.5999999994590287,0.9999999923467529,-0.18415446214335213,-0.003852113437844597,-0.7398706762820662,-0.5876465816835232,-0.5051291066329244,-0.40338838462537185,0.40099141082989787,0.7980844561320802,1.6533826366099387e-06,0.45201897322192586,0.7982552979837931,0.1723665463288236,0.5020700392385534,0.8979336581726642,0.5278162685576294,0.6003919901904918,0.997314844404487
55,True,0.5600000000000004,6.239407090248793,False,False,7.211917809316958e-08,False,27.206707978621125,-0.15,0.0,-0.73304,-0.58496,-0.50477,-0.4,0.4,0.8,0.0,0.45,0.8,0.17,0.5,0.9,0.52333,0.6,1.0,-0.15000006830917578,-7.704194582205254e-09,-0.7330400136613118,-0.5849600053731401,-0.5047700007182014,-0.40000000677676895,0.40000000198160635,0.7999999961664005,3.331993814346734e-12,0.45000000403661794,0.7999999965080877,0.1700000047330767,0.5000000041385767,0.8999999958644989,0.5233300089725407,0.6000000007821601,0.9999999946265657,-0.18396530253409107,-0.00385609336499497,-0.7398752076847244,-0.5876509244835528,-0.5051327958506965,-0.4033874465428571,0.4013112267648091,0.7987644653554848,1.6720978042808547e-06,0.4523727056662238,0.7989337671658668,0.17236592154483668,0.5024627549573784,0.8986960769266217,0.5278058496577087,0.600876735072077,0.9981607345493081
56,True,0.5700000000000004,6.239403716422759,False,False,7.160043438763651e-08,False,27.455875009763986,-0.15,0.0,-0.73304,-0.58496,-0.50477,-0.4,0.4,0.8,0.0,0.45,0.8,0.17,0.5,0.9,0.52333,0.6,1.0,-0.15000006793098947,-7.712156444277668e-09,-0.7330400136703756,-0.5849600053818262,-0.5047700007255802,-0.40000000677488934,0.40000000262156865,0.7999999975270654,3.3626844031703124e-12,0.45000000474444934,0.7999999978656726,0.17000000473182925,0.50000000492442,0.8999999973900621,0.5233300089517029,0.6000000017521333,0.9999999963191499,-0.18374494108841272,-0.003859892527164559,-0.7398794151067984,-0.5876550863328942,-0.5051363928186329,-0.40338643744490216,0.40154222917145566,0.7992686887340739,1.6905151416206775e-06,0.4526261703318545,0.7994365246020765,0.17236524160462274,0.5027451651040741,0.8992612433638011,0.5277960232052527,0.6012311862303781,0.9987881548031838
57,True,0.5800000000000004,6.239400142912212,False,False,7.116208980818765e-08,False,27.307291980832815,-0.15,0.0,-0.73304,-0.58496,-0.50477,-0.4,0.4,0.8,0.0,0.45,0.8,0.17,0.5,0.9,0.52333,0.6,1.0,-0.15000006749035327,-7.719756298183583e-09,-0.7330400136787913,-0.5849600053901505,-0.5047700007327743,-0.4000000067728686,0.40000000308381684,0.7999999985359936,3.3945811514524295e-12,0.4500000052516477,0.7999999988716687,0.17000000473047092,0.5000000054895425,0.8999999985209353,0.52333000893205,0.6000000024613926,0.9999999975745888,-0.18350873017741465,-0.0038635395857028534,-0.7398833530770614,-0.587659091554409,-0.5051399037991525,-0.4033853768530492,0.40170810160061116,0.7996422104385503,1.7086345384745385e-06,0.45280639890774343,0.7998086998927858,0.17236452153463236,0.5029469726156767,0.899679818622374,0.5277864821319965,0.6014897163706149,0.9992531980807637
58,True,0.5900000000000004,6.239396429450573,False,False,7.075205485776448e-08,False,26.965833036229014,-0.15,0.0,-0.73304,-0.58496,-0.50477,-0.4,0.4,0.8,0.0,0.45,0.8,0.17,0.5,0.9,0.52333,0.6,1.0,-0.150000067017976,-7.727051578448885e-09,-0.7330400136866679,-0.5849600053981613,-0.5047700007397965,-0.4000000067707456,0.40000000341574016,0.799999999283395,3.4272305372125766e-12,0.45000000561230136,0.7999999996163769,0.1700000047290319,0.5000000058933785,0.8999999993584873,0.5233300089129682,0.6000000029787157,0.9999999985051201,-0.18326974224431136,-0.0038670581445749523,-0.739887067053532,-0.5876629606428745,-0.5051433342309405,-0.40338428049260955,0.40182645264097494,0.7999186875078267,1.7264574500308393e-06,0.452933465263778,0.8000839735056623,0.17236377334693018,0.5030901982069471,0.8999896003422864,0.5277771127146178,0.6016778257644909,0.9995977007926208
59,True,0.6000000000000004,6.239392624070939,False,False,7.035538250853404e-08,False,27.06316695548594,-0.15,0.0,-0.73304,-0.58496,-0.50477,-0.4,0.4,0.8,0.0,0.45,0.8,0.17,0.5,0.9,0.52333,0.6,1.0,-0.15000006654000875,-7.734089586212273e-09,-0.7330400136940965,-0.5849600054058999,-0.5047700007466576,-0.4000000067685516,0.4000000036525725,0.799999999836615,3.460275804361172e-12,0.4500000058665767,0.8000000001671896,0.17000000472753637,0.5000000061799902,0.8999999999783487,0.5233300088942299,0.6000000033551274,0.9999999991944557,-0.1830384301350341,-0.003870467658591881,-0.7398905951987877,-0.587666710936498,-0.505146688864471,-0.40338316111036404,0.40191033961055445,0.8001231975004324,1.7439864805293541e-06,0.4530222324315197,0.8002874314170925,0.17236300670055368,0.5031911179527132,0.9002187326461247,0.5277678792349609,0.6018143830048214,0.9998528042845098
60,True,0.6100000000000004,6.239388765361037,False,False,6.997372317249546e-08,False,26.098124973941594,-0.15,0.0,-0.73304,-0.58496,-0.50477,-0.4,0.4,0.8,0.0,0.45,0.8,0.17,0.5,0.9,0.52333,0.6,1.0,-0.1500000660773643,-7.740909296373444e-09,-0.7330400137011533,-0.5849600054134008,-0.5047700007533671,-0.40000000676631187,0.4000000038204409,0.8000000002458321,3.493458797584683e-12,0.4500000060442138,0.8000000005743021,0.17000000472600368,0.5000000063819456,0.9000000004368343,0.5233300088757631,0.6000000036283831,0.9999999997049075,-0.182822595377445,-0.003873784028256033,-0.7398939694577877,-0.5876703570061158,-0.5051499718373265,-0.40338202902482023,0.4019694102014868,0.8002743959672334,1.7612250203180512e-06,0.45308365908780646,0.8004377276664374,0.17236222935500933,0.5032617151920928,0.90038813838095,0.5277587742618293,0.6019133139629714,1.0000416539503256
61,True,0.6200000000000004,6.239384884136011,False,False,6.961456969454216e-08,False,26.893749949522316,-0.15,0.0,-0.73304,-0.58496,-0.50477,-0.4,0.4,0.8,0.0,0.45,0.8,0.17,0.5,0.9,0.52333,0.6,1.0,-0.1500000656456531,-7.747542561491183e-09,-0.7330400137079023,-0.5849600054206932,-0.5047700007599332,-0.400000006764047,0.4000000039386501,0.8000000005483751,3.526593137870979e-12,0.45000000616714053,0.8000000008750402,0.17000000472444943,0.5000000065232232,0.9000000007758093,0.5233300088575533,0.6000000038263481,1.0000000000827882,-0.18262755976320535,-0.0038770200733909406,-0.73989721634138,-0.5876739109517856,-0.5051531867322374,-0.40338089253274856,0.40201075950928,0.8003861422171227,1.778176964310305e-06,0.45312577977677004,0.8005487137416366,0.1723614475067104,0.5033107692112909,0.9005133514313626,0.5277497996989357,0.6019848693311717,1.0001814321708424
62,True,0.6300000000000004,6.239381004753326,False,False,6.92859559121697e-08,False,27.89304096950218,-0.15,0.0,-0.73304,-0.58496,-0.50477,-0.4,0.4,0.8,0.0,0.45,0.8,0.17,0.5,0.9,0.52333,0.6,1.0,-0.15000006525552542,-7.754015059809743e-09,-0.7330400137143963,-0.5849600054278014,-0.5047700007663631,-0.4000000067617735,0.4000000040213973,0.8000000007719756,3.559544749433629e-12,0.4500000062514337,0.8000000010971201,0.170000004722886,0.5000000066213903,0.9000000010263565,0.5233300088396041,0.6000000039695339,1.0000000003624792,-0.18245645953410136,-0.003880185954749765,-0.7399003575806706,-0.58767738267416,-0.5051563366324092,-0.40337975823110334,0.4020395745029656,0.8004687197544386,1.7948465068145553e-06,0.45315444240565605,0.800630661563427,0.17236066605339742,0.5033446722092434,0.9006058914324665,0.5277409597157626,0.602036572940251,1.0002848827159807
63,True,0.6400000000000005,6.239377146188309,False,False,6.899412001119919e-08,False,28.2689580344595,-0.15,0.0,-0.73304,-0.58496,-0.50477,-0.4,0.4,0.8,0.0,0.45,0.8,0.17,0.5,0.9,0.52333,0.6,1.0,-0.15000006491325982,-7.76034714570703e-09,-0.7330400137206791,-0.5849600054347449,-0.5047700007726631,-0.4000000067595046,0.4000000040790616,0.8000000009372106,3.592213268185747e-12,0.4500000063087951,0.8000000012610953,0.17000000472132332,0.5000000066892378,0.9000000012115259,0.523330008821924,0.6000000040729955,1.0000000005694798,-0.182310601593314,-0.003883289565196126,-0.73990341071871,-0.5876807801403676,-0.5051594241778163,-0.4033786312842493,0.4020596193115949,0.8005297499518772,1.8112379984150005e-06,0.453173864336546,0.8006911789344388,0.1723598888104788,0.5033680427816244,0.9006742921329843,0.5277322582433926,0.6020739296318767,1.0003614501520628
64,True,0.6500000000000005,6.239373322357981,False,False,6.874273335532993e-08,False,28.182959009427577,-0.15,0.0,-0.73304,-0.58496,-0.50477,-0.4,0.4,0.8,0.0,0.45,0.8,0.17,0.5,0.9,0.52333,0.6,1.0,-0.1500000646214751,-7.76655462251391e-09,-0.7330400137267856,-0.5849600054415401,-0.5047700007788384,-0.40000000675725045,0.4000000041191753,0.80000000105933,3.6245309918426496e-12,0.45000000634766374,0.8000000013821887,0.17000000471976898,0.5000000067360079,0.9000000013483934,0.523330008804521,0.6000000041477482,1.0000000007226884,-0.18218979365357513,-0.003886336650436104,-0.73990638913964,-0.5876841094516333,-0.5051624515827129,-0.40337751549520096,0.4020739071586266,0.8005748719746705,1.8273560411625161e-06,0.4531876419882212,0.8007358872222577,0.172359118576117,0.5033842499308065,0.9007248688500594,0.527723697997996,0.602100954632482,1.0004181297485375
65,True,0.6600000000000005,6.239369542877032,False,False,6.853299609775294e-08,False,27.915458020288497,-0.15,0.0,-0.73304,-0.58496,-0.50477,-0.4,0.4,0.8,0.0,0.45,0.8,0.17,0.5,0.9,0.52333,0.6,1.0,-0.1500000643797908,-7.772648998385923e-09,-0.7330400137327426,-0.5849600054481989,-0.5047700007848933,-0.40000000675501873,0.40000000414776676,0.8000000011496176,3.656473888809074e-12,0.4500000063752342,0.8000000014716486,0.17000000471822857,0.5000000067684418,0.9000000014495957,0.5233300087874002,0.6000000042018265,1.0000000008361019,-0.18209268269312334,-0.003889331135485346,-0.7399093025723883,-0.5876873750836782,-0.505165420688267,-0.4033764134955239,0.40208547938865036,0.8006082509511294,1.843205152839082e-06,0.45319893905952596,0.800768940091702,0.172358357283312,0.5033965648154612,0.9007622826962174,0.5277152803498292,0.6021205647504699,1.000460099783486
66,True,0.6700000000000005,6.239365816138655,False,False,6.836417930917431e-08,False,27.44479099055752,-0.15,0.0,-0.73304,-0.58496,-0.50477,-0.4,0.4,0.8,0.0,0.45,0.8,0.17,0.5,0.9,0.52333,0.6,1.0,-0.1500000641855041,-7.778638132054094e-09,-0.7330400137385696,-0.5849600054547303,-0.5047700007908317,-0.40000000675281466,0.40000000417091863,0.8000000012164077,3.688031388537354e-12,0.450000006397835,0.8000000015377863,0.17000000471670604,0.5000000067930822,0.9000000015244595,0.5233300087705647,0.600000004241067,1.0000000009200822,-0.1820172912245671,-0.0038922764676401363,-0.73991215980493,-0.5876905809575783,-0.5051683331851686,-0.40337532757670636,0.4020958833226364,0.8006329733171346,1.858789452768977e-06,0.4532091627451273,0.8007934134751507,0.17235760661945787,0.5034072331595132,0.9007899831114454,0.5277070062949532,0.6021349706597531,1.000491189522635
67,True,0.6800000000000005,6.239362148186723,False,False,6.823380789407363e-08,False,27.218707953579724,-0.15,0.0,-0.73304,-0.58496,-0.50477,-0.4,0.4,0.8,0.0,0.45,0.8,0.17,0.5,0.9,0.52333,0.6,1.0,-0.15000006403466173,-7.784528931620988e-09,-0.7330400137442843,-0.5849600054611422,-0.5047700007966568,-0.4000000067506428,0.40000000419172965,0.8000000012658761,3.719129292635378e-12,0.4500000064182852,0.8000000015867565,0.1700000047152047,0.5000000068144234,0.9000000015798869,0.5233300087540161,0.6000000042698931,1.0000000009822916,-0.18196121976058152,-0.003895175182004448,-0.7399149676148395,-0.5876937301111248,-0.5051711905532142,-0.40337425938923804,0.40210572623361457,0.80065131839747,1.8741130795983944e-06,0.4532188662964676,0.8008115740617989,0.17235686779950216,0.5034171577320842,0.9008105232492508,0.5276988760065958,0.6021466252051746,1.0005142249236751
68,True,0.6900000000000005,6.239358542761218,False,False,6.813818649092337e-08,False,27.506833954248577,-0.15,0.0,-0.73304,-0.58496,-0.50477,-0.4,0.4,0.8,0.0,0.45,0.8,0.17,0.5,0.9,0.52333,0.6,1.0,-0.1500000639224659,-7.790326488066324e-09,-0.7330400137499,-0.5849600054674406,-0.5047700008023717,-0.4000000067485064,0.400000004211417,0.8000000013025838,3.749732845435494e-12,0.45000000643769367,0.8000000016230949,0.17000000471372706,0.5000000068342745,0.9000000016209868,0.5233300087377553,0.6000000042932098,1.0000000010283845,-0.18192182568947554,-0.0038980289247817464,-0.739917730731692,-0.5876968247286718,-0.5051739940715275,-0.4033732099513163,0.4021152485989052,0.8006651810562554,1.889180252768056e-06,0.45322826963685586,0.800825328549879,0.17235614157509585,0.5034266936537556,0.9008258266042004,0.5276908888122659,0.6021570936819335,1.0005313030375491
69,True,0.7000000000000005,6.239355001612516,False,False,6.807287511048318e-08,False,27.523541008122265,-0.15,0.0,-0.73304,-0.58496,-0.50477,-0.4,0.4,0.8,0.0,0.45,0.8,0.17,0.5,0.9,0.52333,0.6,1.0,-0.15000006384363201,-7.796034093027898e-09,-0.7330400137554264,-0.58496000547363,-0.5047700008079788,-0.40000000674640745,0.40000000423046256,0.8000000013303213,3.779834957060176e-12,0.4500000064565011,0.800000001650616,0.1700000047122746,0.5000000068533473,0.9000000016516079,0.5233300087217806,0.6000000043141499,1.000000001062557,-0.18189638093178612,-0.0039008385920018093,-0.7399204520766134,-0.5876998662647624,-0.5051767448471332,-0.4033721797299043,0.4021245474176769,0.8006768092104362,1.903995221922552e-06,0.4532374619553262,0.8008369134134062,0.1723554282977958,0.5034359825132826,0.9008380865040961,0.527683043304371,0.602166994086439,1.0005444228749145
70,True,0.7100000000000005,6.239351525409473,False,False,6.803318035765743e-08,False,27.366333990357816,-0.15,0.0,-0.73304,-0.58496,-0.50477,-0.4,0.4,0.8,0.0,0.45,0.8,0.17,0.5,0.9,0.52333,0.6,1.0,-0.15000006379270425,-7.801653544980275e-09,-0.7330400137608691,-0.5849600054797133,-0.5047700008134806,-0.40000000674434705,0.4000000042490608,0.8000000013535837,3.809437686223003e-12,0.4500000064748863,0.8000000016737917,0.17000000471084803,0.5000000068719258,0.9000000016761359,0.5233300087060893,0.6000000043339523,1.0000000010888075,-0.18188220572344177,-0.003903604740351159,-0.7399231335977982,-0.5877028557959019,-0.5051794438907494,-0.40337116888762564,0.4021336624891317,0.8006874470701295,1.9185620959461625e-06,0.4532464800654402,0.8008475335469593,0.17235472810169172,0.5034450817531418,0.9008490127671457,0.5276753376822121,0.6021765695062542,1.0005557177275575
71,True,0.7200000000000005,6.239348117959916,False,False,6.801435316806413e-08,False,26.910250016953796,-0.15,0.0,-0.73304,-0.58496,-0.50477,-0.4,0.4,0.8,0.0,0.45,0.8,0.17,0.5,0.9,0.52333,0.6,1.0,-0.1500000637643229,-7.807185955447521e-09,-0.7330400137662323,-0.5849600054856924,-0.5047700008188788,-0.40000000674232533,0.4000000042672914,0.8000000013748622,3.838545866729245e-12,0.45000000649292293,0.8000000016950345,0.17000000470944762,0.5000000068901247,0.9000000016979921,0.5233300086906776,0.600000004353104,1.000000001111402,-0.18187509111932826,-0.003906329967485248,-0.7399257808714617,-0.58770579631226,-0.5051820926418897,-0.40337017849007273,0.4021426158496379,0.8006975838581916,1.9328852844968997e-06,0.45325534667376555,0.8008576629913876,0.1723540417520549,0.5034540210456879,0.9008593028516253,0.527667771276265,0.60218591853516,1.000566182729165
72,True,0.7300000000000005,6.239344779570279,False,False,6.800862616429075e-08,False,27.41099998820573,-0.15,0.0,-0.73304,-0.58496,-0.50477,-0.4,0.4,0.8,0.0,0.45,0.8,0.17,0.5,0.9,0.52333,0.6,1.0,-0.1500000637500743,-7.812636516023319e-09,-0.7330400137715269,-0.5849600054915736,-0.5047700008241764,-0.4000000067403445,0.40000000428519855,0.800000001395137,3.867168246311667e-12,0.4500000065106565,0.8000000017152947,0.17000000470807491,0.5000000069080037,0.900000001718574,0.5233300086755445,0.6000000043718026,1.0000000011323344,-0.18187073017771296,-0.003909015160192921,-0.7399283957680763,-0.5877086890773985,-0.5051846921352465,-0.403369208603573,0.40215141714395136,0.800707412659868,1.9469688829654204e-06,0.4532640713162344,0.8008674888644639,0.17235336931008952,0.5034628126935646,0.9008692311650628,0.5276603421824205,0.6021950808724181,1.000576208587179
73,True,0.7400000000000005,6.2393415045439,False,False,6.800797096531124e-08,False,27.090332994703203,-0.15,0.0,-0.73304,-0.58496,-0.50477,-0.4,0.4,0.8,0.0,0.45,0.8,0.17,0.5,0.9,0.52333,0.6,1.0,-0.15000006374134486,-7.81800700826868e-09,-0.7330400137767569,-0.5849600054973593,-0.5047700008293755,-0.40000000673840475,0.40000000430280147,0.8000000014147955,3.895312078536911e-12,0.4500000065281061,0.8000000017349472,0.17000000470673002,0.5000000069255873,0.9000000017384315,0.523330008660686,0.6000000043901278,1.0000000011523873,-0.1818673861543564,-0.0039116580587500805,-0.7399309736639997,-0.5877115322288217,-0.5051872426795254,-0.40336825757575123,0.4021600655928496,0.8007170096040406,1.960816416873352e-06,0.45327265061606326,0.8008770847213684,0.17235270962991942,0.5034714555083553,0.9008789057205041,0.5276530463694222,0.6022040705387081,1.000585949497685
74,True,0.7500000000000006,6.239338287950553,False,False,6.800913461580541e-08,False,27.12625003186986,-0.15,0.0,-0.73304,-0.58496,-0.50477,-0.4,0.4,0.8,0.0,0.45,0.8,0.17,0.5,0.9,0.52333,0.6,1.0,-0.15000006373465402,-7.823292916264712e-09,-0.7330400137819127,-0.5849600055030457,-0.5047700008344768,-0.40000000673650266,0.4000000043200988,0.80000000143399,3.922983337528355e-12,0.4500000065452651,0.8000000017541395,0.17000000470541066,0.5000000069428734,0.9000000017577814,0.523330008646094,0.6000000044081075,1.00000000117187,-0.18186442500552336,-0.003914257014014888,-0.7399335108473892,-0.5877143244345394,-0.5051897446943914,-0.40336732397356306,0.4021685600550779,0.8007264059703654,1.974431456071356e-06,0.4532810813355068,0.8008864807384248,0.17235206171978631,0.5034799475684435,0.9008883703123305,0.5276458801091706,0.6022128934917519,1.000595467610676
75,True,0.7600000000000006,6.239335126545286,False,False,6.801092600397836e-08,False,27.280959009658545,-0.15,0.0,-0.73304,-0.58496,-0.50477,-0.4,0.4,0.8,0.0,0.45,0.8,0.17,0.5,0.9,0.52333,0.6,1.0,-0.1500000637287307,-7.828490940567367e-09,-0.7330400137869871,-0.5849600055086303,-0.5047700008394809,-0.4000000067346354,0.4000000043370881,0.8000000014527833,3.950190497850636e-12,0.4500000065621269,0.8000000017729322,0.17000000470411483,0.5000000069598579,0.900000001776711,0.5233300086317613,0.6000000044257539,1.0000000011909067,-0.1818616152208883,-0.003916811418540781,-0.7399360054851692,-0.5877170653371783,-0.5051921988109519,-0.4033664068470688,0.40217690088372304,0.8007356158681985,1.9878176816132852e-06,0.4532893625807024,0.8008956905595679,0.17235142492681274,0.5034882886666583,0.9008976439711148,0.5276388403105531,0.6022215533941397,1.0006047892464485
76,True,0.7700000000000006,6.239332018250355,False,False,6.801290898098673e-08,False,27.005708019714803,-0.15,0.0,-0.73304,-0.58496,-0.50477,-0.4,0.4,0.8,0.0,0.45,0.8,0.17,0.5,0.9,0.52333,0.6,1.0,-0.1500000637231107,-7.833599866870211e-09,-0.7330400137919766,-0.5849600055141121,-0.5047700008443893,-0.40000000673280117,0.40000000435377014,0.8000000014712035,3.976939832629761e-12,0.45000000657868977,0.8000000017913522,0.1700000047028412,0.5000000069765405,0.9000000017952589,0.5233300086176813,0.6000000044430741,1.0000000012095505,-0.18185887222171118,-0.003919321357062787,-0.7399384570255586,-0.5877197552318082,-0.5051946057971326,-0.40336550558135537,0.4021850895926874,0.8007446468016682,2.0009788265040677e-06,0.45329749518858314,0.8009047214955738,0.1723507988328324,0.5034964799758371,0.9009067361456443,0.527631924335315,0.6022300533036703,1.000613926749785
77,True,0.7800000000000006,6.239328961634131,False,False,6.801492395735032e-08,False,27.66912494553253,-0.15,0.0,-0.73304,-0.58496,-0.50477,-0.4,0.4,0.8,0.0,0.45,0.8,0.17,0.5,0.9,0.52333,0.6,1.0,-0.15000006371762453,-7.83861986344142e-09,-0.7330400137968798,-0.584960005519492,-0.5047700008492033,-0.4000000067309986,0.40000000437014793,0.8000000014892659,4.003239756714545e-12,0.45000000659495537,0.8000000018094146,0.17000000470158902,0.5000000069929235,0.9000000018134436,0.523330008603849,0.6000000044600743,1.0000000012278258,-0.18185616505797478,-0.003921787282467724,-0.7399408656105898,-0.5877223947600263,-0.5051969664872435,-0.40336461974731036,0.40219312834015186,0.8007535037069742,2.013918622288598e-06,0.4533054809502511,0.8009135784037862,0.17235018314961556,0.503504523447809,0.9009156525500126,0.527625129811142,0.6022383961278128,1.0006228869886054
78,True,0.7900000000000006,6.239327200632124,False,False,9.798267976886652e-08,False,27.112833980936557,-0.15,0.0,-0.73304,-0.58496,-0.50477,-0.4,0.39375750300120055,0.7875150060024011,0.0,0.44297719087635057,0.7875150060024011,0.17,0.49219687875150064,0.8859543817527011,0.52333,0.5906362545018008,0.9843937575030013,-0.15000006371221014,-7.843478496034895e-09,-0.733040013801697,-0.5849600055247712,-0.5047700008539249,-0.4000000067293992,0.39375751985522583,0.7875150324449801,4.368694799278559e-12,0.4429772115139571,0.7875150327651288,0.1700000047002442,0.49219690134526045,0.8859544116365269,0.5233300085901514,0.5906362776802604,0.9843937899182468,-0.18191672909157897,-0.003924742799037203,-0.7399443679349238,-0.5877254175970887,-0.50519937073737,-0.4033640873246159,0.40179526385027314,0.7998539037131477,2.0264628965620378e-06,0.4528524995386214,0.8000149141576796,0.1723498280270079,0.5029936660750364,0.8998949624935138,0.5276188992570148,0.6016004826065966,0.9994800096971728
79,True,0.8000000000000006,6.239327736071033,False,False,1.7674428203940548e-07,False,26.927625003736466,-0.15,0.0,-0.73304,-0.58496,-0.50477,-0.4,0.3841536614645859,0.7683073229291718,0.0,0.4321728691476591,0.7683073229291718,0.17,0.48019207683073234,0.8643457382953182,0.52333,0.5762304921968788,0.9603841536614647,-0.15000006383316394,-7.84935349096988e-09,-0.7330400138086987,-0.5849600055308158,-0.5047700008587332,-0.4000000067284161,0.38415369672239974,0.7683073859718521,4.554836785333364e-12,0.4321729104789622,0.7683073862938697,0.1700000046994802,0.48019212240220593,0.8643458093369987,0.5233300085776375,0.5762305428988906,0.960384231790127,-0.18214099344244508,-0.003928589559822909,-0.7399498268345754,-0.5877291495798546,-0.5052018859067773,-0.40336417780981204,0.4003385073468388,0.7967371682147061,2.0384771965519715e-06,0.45120858195455493,0.7969006444614042,0.17234993472565563,0.5011547005398408,0.8963750450229118,0.5276136000130186,0.5993414630132443,0.9955539957262851
80,True,0.8100000000000006,6.239330142605623,False,False,2.53841534183051e-07,False,26.95779100758955,-0.15,0.0,-0.73304,-0.58496,-0.50477,-0.4,0.3745498199279713,0.7490996398559426,0.0,0.4213685474189677,0.7490996398559426,0.17,0.4681872749099641,0.8427370948379354,0.52333,0.5618247298919569,0.9363745498199282,-0.1500000642812415,-7.857056795110284e-09,-0.733040013819611,-0.5849600055382779,-0.5047700008637632,-0.4000000067285688,0.37454987148283503,0.7490997350865518,4.5228943851517635e-12,0.4213686070742456,0.7490997354134968,0.17000000469971246,0.46818734081672264,0.8427372020638694,0.5233300085670546,0.5618248048918643,0.9363746681233448,-0.18253437488226212,-0.003933089802090176,-0.7399567373501359,-0.5877334082660031,-0.5052044762131611,-0.4033647707469861,0.3975084773836981,0.7908367186669976,2.0500715494280368e-06,0.4480236164851001,0.7910036078163522,0.17235041770670473,0.497602306619753,0.8897235894159997,0.5276091091226401,0.5950127919294773,0.9881473436807743
81,True,0.8200000000000006,6.239333622998887,False,False,3.1932271675137607e-07,False,27.40058401832357,-0.15,0.0,-0.73304,-0.58496,-0.50477,-0.4,0.36494597839135656,0.7298919567827131,0.0,0.4105642256902761,0.7298919567827131,0.17,0.4561824729891957,0.8211284513805522,0.52333,0.5474189675870348,0.9123649459783914,-0.15000006506753766,-7.866071174630895e-09,-0.7330400138334281,-0.5849600055467937,-0.5047700008689436,-0.40000000672971814,0.3649460434975934,0.7298920786353925,4.47395209004646e-12,0.4105643005883805,0.7298920789691608,0.1700000047007028,0.4561825558054491,0.8211285885294153,0.523330008558094,0.5474190627467768,0.9123650974972184,-0.18302246470523406,-0.003937817729472579,-0.7399641962590401,-0.5877378580770363,-0.5052070742857955,-0.40336564162655447,0.393329869732704,0.7822481077116762,2.0614138812856192e-06,0.44332393647221513,0.782418454230515,0.17235111664569058,0.4923668039478424,0.8800495405163795,0.5276051824661285,0.5886640277345736,0.9773834409806872
82,True,0.8300000000000006,6.239337656755889,False,False,3.72137714769354e-07,False,27.325334027409554,-0.15,0.0,-0.73304,-0.58496,-0.50477,-0.4,0.355342136854742,0.710684273709484,0.0,0.3997599039615847,0.710684273709484,0.17,0.4441776710684274,0.7995198079231693,0.52333,0.5330132052821129,0.8883553421368549,-0.15000006604345487,-7.875541765609007e-09,-0.7330400138483444,-0.5849600055556928,-0.5047700008741397,-0.40000000673142394,0.35534221281513406,0.7106844168076587,4.425748594865444e-12,0.39975999107302174,0.7106844171483415,0.17000000470212465,0.4441777674278815,0.7995199689494872,0.5233300085502621,0.5330133165613751,0.8883555201562651,-0.18351830681100617,-0.003942453434707668,-0.7399715298381772,-0.5877422419222671,-0.5052096279457247,-0.4033666393119741,0.3879655262241551,0.7713243349587515,2.072612713064143e-06,0.43729034183171556,0.771497545884584,0.172351926871139,0.485649831939049,0.8677502956025424,0.527601676782973,0.58054677593537,0.9637050204486649
83,True,0.8400000000000006,6.239342023802951,False,False,4.135513178950242e-07,False,26.962707983329892,-0.15,0.0,-0.73304,-0.58496,-0.50477,-0.4,0.34573829531812733,0.6914765906362547,0.0,0.3889555822328932,0.6914765906362547,0.17,0.4321728691476591,0.7779111644657865,0.52333,0.518607442977191,0.8643457382953182,-0.15000006703511576,-7.884826988373284e-09,-0.7330400138630118,-0.5849600055644607,-0.5047700008792472,-0.4000000067333875,0.3457383797607598,0.6914767503086396,4.3853980060894096e-12,0.3889556788893536,0.6914767506550529,0.17000000470376628,0.43217297608682653,0.7779113441180845,0.5233300085432699,0.518607566838313,0.8643459369850699,-0.18395002862150425,-0.003946812425535311,-0.7399783515172368,-0.5877464068998369,-0.5052121058195284,-0.4033676943087273,0.3816172907420114,0.7584815870417978,2.08371573023331e-06,0.43014799542624105,0.758656767025635,0.17235280412623527,0.47770240191927965,0.8532940458044098,0.5275985520950532,0.5709680295724775,0.9476328929572279
84,True,0.8500000000000006,6.2393466988384505,False,False,4.4544427874490285e-07,False,27.158582990523428,-0.15,0.0,-0.73304,-0.58496,-0.50477,-0.4,0.33613445378151274,0.6722689075630255,0.0,0.3781512605042018,0.6722689075630255,0.17,0.4201680672268909,0.7563025210084036,0.52333,0.504201680672269,0.8403361344537817,-0.15000006789873402,-7.89355708574746e-09,-0.7330400138766565,-0.5849600055727913,-0.5047700008842031,-0.4000000067354707,0.33613454473805043,0.6722690799705333,4.3549207696186515e-12,0.37815136448758196,0.6722690803208872,0.17000000470553847,0.4201681822841702,0.756302714971393,0.5233300085370365,0.5042018141914234,0.8403363490250381,-0.18426935190430796,-0.0039508109742072105,-0.739984484849782,-0.5877502789793152,-0.5052144925353546,-0.4033687912169262,0.3744803787321694,0.7441130306886931,2.094731745733588e-06,0.42211538977542284,0.7442892295131728,0.1723537433229609,0.46876808224752614,0.8371230367358754,0.527595831124657,0.5602226897405215,0.9296587022235038
85,True,0.8600000000000007,6.239351742133417,False,False,4.696968280416246e-07,False,26.102625008206815,-0.15,0.0,-0.73304,-0.58496,-0.50477,-0.4,0.326530612244898,0.653061224489796,0.0,0.3673469387755102,0.653061224489796,0.17,0.40816326530612246,0.7346938775510204,0.52333,0.4897959183673469,0.8163265306122449,-0.15000006853768844,-7.901564408850648e-09,-0.733040013888925,-0.5849600055805362,-0.5047700008889768,-0.4000000067376427,0.32653070813745405,0.6530614065797345,4.3340473989563854e-12,0.36734704830470866,0.6530614069321287,0.17000000470743115,0.40816338650706835,0.7346940823939733,0.5233300085316073,0.4897960592105402,0.8163267572595349,-0.18445667672233043,-0.003954420454802685,-0.7399898671733656,-0.587753826815324,-0.5052167813548395,-0.4033699393899178,0.36672469564374965,0.7285564202496961,2.105648851763392e-06,0.41338311105374603,0.7287327642562214,0.17235475658251895,0.4590593899783303,0.8196171973403052,0.5275935593441563,0.5485665826898636,0.9102046742022857
86,True,0.8700000000000007,6.239357244473564,False,False,4.879639222325684e-07,False,26.18537499802187,-0.15,0.0,-0.73304,-0.58496,-0.50477,-0.4,0.3169267707082834,0.6338535414165668,0.0,0.3565426170468188,0.6338535414165668,0.17,0.3961584633853542,0.7130852340936376,0.52333,0.475390156062425,0.7923169267707084,-0.1500000689127004,-7.908791815891547e-09,-0.7330400138996918,-0.5849600055876327,-0.5047700008935547,-0.4000000067399216,0.31692687029885086,0.6338537308119037,4.321561769513206e-12,0.3565427307219803,0.6338537311645905,0.17000000470946897,0.39615858918064006,0.7130854471458534,0.5233300085270735,0.47539030240742286,0.792317162533202,-0.18452184860353507,-0.003957642740318858,-0.7399944976371708,-0.5877570437659976,-0.5052189706883915,-0.4033711581411001,0.3584903769797492,0.7120875248494342,2.116448259126834e-06,0.4041086643650083,0.7122632692631579,0.17235586216298682,0.4487518812320708,0.8010867123487831,0.5275917855144964,0.5362099447682702,0.8896153982838415
87,True,0.8800000000000007,6.2393633414701775,False,False,5.01617459743776e-07,False,25.51866602152586,-0.15,0.0,-0.73304,-0.58496,-0.50477,-0.4,0.30732292917166876,0.6146458583433375,0.0,0.34573829531812733,0.6146458583433375,0.17,0.3841536614645859,0.6914765906362547,0.52333,0.46098439375750305,0.7683073229291718,-0.15000006904337987,-7.915243281989004e-09,-0.7330400139089548,-0.5849600055940676,-0.5047700008979336,-0.4000000067423453,0.30732303150259294,0.6146460532187479,4.316017113863336e-12,0.34573841205449485,0.6146460535702377,0.17000000471168897,0.38415379065609834,0.6914768098475934,0.5233300085235331,0.4609845442026682,0.7683075655354299,-0.1844761712528586,-0.003960519278466572,-0.7399984531641216,-0.5877599602325738,-0.5052210672859018,-0.4033724810263188,0.34989091941112654,0.6949250427868453,2.1271155667666066e-06,0.39442026200685015,0.6950996142132486,0.17235708733629626,0.437987820122371,0.7817774480588691,0.5275905685820559,0.5233208216891904,0.8681637207708613
88,True,0.8900000000000007,6.2393701643240265,False,False,5.117547261542904e-07,False,25.922500004526228,-0.15,0.0,-0.73304,-0.58496,-0.50477,-0.4,0.2977190876350541,0.5954381752701082,0.0,0.3349339735894359,0.5954381752701082,0.17,0.37214885954381766,0.6698679471788718,0.52333,0.4465786314525812,0.7442977190876353,-0.15000006895233023,-7.92100186136624e-09,-0.7330400139168677,-0.5849600055999012,-0.5047700009021271,-0.40000000674498026,0.2977191919757465,0.5954383742378201,4.316157097069298e-12,0.33493409255875484,0.5954383745869655,0.1700000047141461,0.3721489912180626,0.6698681709911016,0.5233300085211043,0.4465787849324833,0.7442979668121078,-0.18433168876603626,-0.00396310237444445,-0.7400018323808036,-0.5877626173496842,-0.5052230803467981,-0.40337394177069846,0.3410156424086977,0.6772388925784969,2.1376395281070166e-06,0.3844191380882214,0.6774118832284882,0.17235845848771345,0.42687919461274176,0.761880358486162,0.5275899612006417,0.5100303241629344,0.8460613754820218
89,True,0.9000000000000007,6.23937781296197,False,False,5.192329652451147e-07,False,26.078291004523635,-0.15,0.0,-0.73304,-0.58496,-0.50477,-0.4,0.2881152460984394,0.5762304921968788,0.0,0.32412965186074433,0.5762304921968788,0.17,0.36014405762304924,0.6482593037214887,0.52333,0.43217286914765907,0.7202881152460985,-0.15000006866363758,-7.926172386832353e-09,-0.7330400139236276,-0.5849600056052162,-0.5047700009061534,-0.4000000067478934,0.28811535189701654,0.5762306942090907,4.320801953007432e-12,0.32412977243730046,0.5762306945550757,0.17000000471689358,0.36014419109059115,0.6482595309584362,0.5233300085198931,0.4321730248591902,0.72028836678687,-0.18410504543653694,-0.003965438351998791,-0.740004722616294,-0.5877650514263936,-0.5052250180291059,-0.4033755665007651,0.33193320382604535,0.6591592337118408,2.148011063407289e-06,0.3741831867706297,0.659330365145157,0.1723599957140317,0.41551207300479026,0.7415416686339452,0.5275900008450937,0.49643891517693495,0.823470424428877
90,True,0.9100000000000007,6.239386378141345,False,False,5.247119284219201e-07,False,26.073833054397255,-0.15,0.0,-0.73304,-0.58496,-0.50477,-0.4,0.2785114045618248,0.5570228091236497,0.0,0.3133253301320529,0.5570228091236497,0.17,0.348139255702281,0.6266506602641058,0.52333,0.41776710684273716,0.696278511404562,-0.15000006821057782,-7.930847743288505e-09,-0.7330400139294094,-0.584960005610085,-0.504770000910029,-0.40000000675113645,0.2785115114037756,0.5570230133929878,4.328906375681706e-12,0.31332545184598243,0.5570230137352551,0.17000000471997195,0.348139390445892,0.62665089004217,0.5233300085199746,0.4177672641837993,0.6962787657839773,-0.18380643646318748,-0.003967577857198169,-0.7400072195996834,-0.5877673043036822,-0.5052268898673384,-0.4033773797528287,0.32269650474845457,0.6407850015737132,2.158225567851129e-06,0.3637726304009391,0.640954104355162,0.1723617172683589,0.4039527094006559,0.7208724554186752,0.5275907191390325,0.4826231496867288,0.8005138337797894
91,True,0.9200000000000007,6.239395913369875,False,False,5.286939287388282e-07,False,24.88500002073124,-0.15,0.0,-0.73304,-0.58496,-0.50477,-0.4,0.2689075630252102,0.5378151260504204,0.0,0.30252100840336144,0.5378151260504204,0.17,0.3361344537815127,0.6050420168067229,0.52333,0.4033613445378152,0.6722689075630254,-0.150000067613559,-7.935129383435102e-09,-0.7330400139344044,-0.5849600056145913,-0.5047700009137728,-0.400000006754758,0.26890767060186865,0.5378153319874672,4.3396798809114574e-12,0.30252113090529253,0.5378153323256776,0.17000000472341797,0.3361345894165273,0.6050422484645529,0.5233300085214122,0.4033615030594857,0.6722691640494685,-0.18344866290748413,-0.00396955844296328,-0.7400093938597386,-0.5877694063756703,-0.5052287028640498,-0.40337939639726145,0.31334513781361706,0.6221907351782275,2.168279529728093e-06,0.353232477604135,0.6223577062578886,0.17236363391373044,0.3922506464928697,0.6999563781625949,0.5275921318091422,0.46864045078271643,0.7772842128554768
92,True,0.9300000000000007,6.239406448252623,False,False,5.315583087670882e-07,False,24.85545800300315,-0.15,0.0,-0.73304,-0.58496,-0.50477,-0.4,0.25930372148859554,0.5186074429771911,0.0,0.29171668667467,0.5186074429771911,0.17,0.32412965186074444,0.58343337334934,0.52333,0.38895558223289334,0.6482593037214889,-0.15000006689817605,-7.939092589066832e-09,-0.7330400139387538,-0.5849600056187958,-0.504770000917399,-0.4000000067587875,0.2593038295705176,0.518607650141674,4.352410512517048e-12,0.2917168097052889,0.5186076504756213,0.17000000472725343,0.3241297881016284,0.5834336063929786,0.5233300085242379,0.3889557416011481,0.6482595617686457,-0.18304522181760882,-0.003971410136587453,-0.7400113014980613,-0.5877713819631589,-0.5052304627218602,-0.40338162523332366,0.30390870827236477,0.6034323625444609,2.1781712417607935e-06,0.34259634835619834,0.6035971354079821,0.1723657516069308,0.38044287224565676,0.6788561815731459,0.5275942440777447,0.45453372800811115,0.7538509948131773
93,True,0.9400000000000007,6.239417995506334,False,False,5.335904053213218e-07,False,24.92054196773097,-0.15,0.0,-0.73304,-0.58496,-0.50477,-0.4,0.24969987995198084,0.4993997599039617,0.0,0.28091236494597843,0.4993997599039617,0.17,0.312124849939976,0.5618247298919569,0.52333,0.3745498199279712,0.624249699879952,-0.15000006609142108,-7.942797561159842e-09,-0.7330400139425699,-0.5849600056227473,-0.5047700009209188,-0.4000000067632423,0.2496999883689602,0.49939996796751507,4.3665594296420475e-12,0.28091248831324184,0.4993999682970661,0.17000000473149043,0.3121249865752053,0.5618249639529936,0.5233300085284623,0.374549979894645,0.6242499590804382,-0.18260903081501237,-0.003973157801791892,-0.7400129889741865,-0.5877732514756167,-0.5052321743223754,-0.4033840708218932,0.29440932706221423,0.5845517169862968,2.1879006124505084e-06,0.3318893361471209,0.5847142418106411,0.17236807290894096,0.36855695752222445,0.6576187723592344,0.5275970536430172,0.4403349527351491,0.7302660618763755
94,True,0.9500000000000007,6.239430555034732,False,False,5.35004143326294e-07,False,24.73699999973178,-0.15,0.0,-0.73304,-0.58496,-0.50477,-0.4,0.2400960384153662,0.4801920768307324,0.0,0.27010804321728693,0.4801920768307324,0.17,0.3001200480192077,0.5402160864345739,0.52333,0.36014405762304924,0.6002400960384154,-0.1500000652191309,-7.946294120972364e-09,-0.7330400139459454,-0.5849600056264866,-0.5047700009243421,-0.4000000067681313,0.24009614704143892,0.48019228554869575,4.381715206784636e-12,0.2701081667793613,0.48019228587375096,0.17000000473613422,0.30012018489242587,0.5402163212384551,0.5233300085340808,0.3601442180039494,0.6002403560886589,-0.18215164007560267,-0.003974822253540026,-0.7400144954389248,-0.5877750323326775,-0.5052338419186193,-0.403386734520164,0.28486348453931076,0.5655800282136664,2.1974687543606434e-06,0.32113014603736517,0.5657402593727947,0.17237059780442499,0.3566134150901776,0.6362791405527366,0.5276005524861658,0.4260678912368169,0.7065681003013967
95,True,0.9600000000000007,6.239444116537398,False,False,5.359594899678062e-07,False,24.796333047561347,-0.15,0.0,-0.73304,-0.58496,-0.50477,-0.4,0.23049219687875158,0.46098439375750316,0.0,0.25930372148859554,0.46098439375750316,0.17,0.28811524609843947,0.5186074429771911,0.52333,0.34573829531812733,0.5762304921968789,-0.15000006430440957,-7.9496239816651e-09,-0.7330400139489589,-0.5849600056300486,-0.5047700009276774,-0.400000006773457,0.2304923056209499,0.4609846029477046,4.3975661341261565e-12,0.25930384514107463,0.4609846032681726,0.17000000474118487,0.2881153830943349,0.5186076783193756,0.5233300085410777,0.34573845597661634,0.5762307528707167,-0.18168280962738687,-0.003976420889670539,-0.7400158540373174,-0.5877767394162098,-0.5052354692224278,-0.40338961513076965,0.2752834576538965,0.5465405760027837,2.2068775831399753e-06,0.31033269399387914,0.5466984645979626,0.17237332422629187,0.34462747931612553,0.6148633473155904,0.527604728057159,0.4117501758449944,0.682785907619883
96,True,0.9700000000000008,6.2394586613313425,False,False,5.36575766105204e-07,False,25.513375003356487,-0.15,0.0,-0.73304,-0.58496,-0.50477,-0.4,0.22088835534213686,0.4417767106842737,0.0,0.24849939975990396,0.4417767106842737,0.17,0.27611044417767105,0.4969987995198079,0.52333,0.33133253301320525,0.5522208883553421,-0.150000063366782,-7.95282201291464e-09,-0.7330400139516765,-0.584960005633463,-0.5047700009309322,-0.4000000067792169,0.22088846413205837,0.4417769202111225,4.413795695359495e-12,0.24849952342622644,0.44177692052690554,0.17000000474663846,0.2761105812114154,0.4969990352479016,0.5233300085494278,0.3313326938479271,0.5522211494842328,-0.181210352406587,-0.003977968136717612,-0.7400170927646944,-0.5877783853535702,-0.5052370594566824,-0.403392709351559,0.2656783644273155,0.5274506869762576,2.216129496814146e-06,0.29950730543299675,0.5276061766268351,0.17237624842197818,0.33261043507963034,0.5933907796168308,0.5276095641049409,0.3973948622570606,0.6589408917065028
97,True,0.9800000000000008,6.239474163705188,False,False,5.369417285823316e-07,False,25.245291006285697,-0.15,0.0,-0.73304,-0.58496,-0.50477,-0.4,0.21128451380552227,0.42256902761104453,0.0,0.23769507803121254,0.42256902761104453,0.17,0.2641056422569028,0.4753901560624251,0.52333,0.31692677070828335,0.5282112845138056,-0.15000006242187944,-7.955917054498773e-09,-0.7330400139541542,-0.584960005636755,-0.5047700009341127,-0.4000000067854044,0.21128462259300937,0.42256923737361973,4.4305090585189e-12,0.23769520165547728,0.422569237684605,0.17000000475248708,0.26410577926624806,0.4753903920628259,0.5233300085590985,0.31692693164400587,0.5282115459720443,-0.18074016127181078,-0.00397947581614266,-0.7400182351052969,-0.5877799807409584,-0.5052386153972039,-0.40339601211079673,0.25605495508927034,0.5083232445092866,2.2252271424733422e-06,0.2886616105108542,0.508476269260809,0.17237936522571015,0.3205706106164909,0.5718758481005112,0.5276150412850876,0.38301160402177864,0.6350489485548072
98,True,0.9900000000000008,6.239490591983449,False,False,5.37123208747566e-07,False,25.25170799344778,-0.15,0.0,-0.73304,-0.58496,-0.50477,-0.4,0.20168067226890762,0.40336134453781525,0.0,0.22689075630252106,0.40336134453781525,0.17,0.2521008403361345,0.4537815126050421,0.52333,0.3025210084033614,0.504201680672269,-0.1500000614814928,-7.958932835699928e-09,-0.7330400139564391,-0.5849600056399459,-0.5047700009372247,-0.4000000067920092,0.2016807810173096,0.40336155446097466,4.447344271179415e-12,0.22689087984409467,0.4033615547670303,0.17000000475872082,0.2521009772754973,0.453781748792983,0.5233300085700514,0.3025211693841688,0.5042019423659577,-0.18027635581575452,-0.003980953471532557,-0.7400193005579742,-0.5877815343475099,-0.5052401394129773,-0.4033995168329791,0.2464182063279926,0.48916782122116625,2.234173258708921e-06,0.27780121942174096,0.48931830470128856,0.17238266827242124,0.30851413029934893,0.5503292520565991,0.527621137624004,0.36860752501681515,0.611121882103327
99,True,1.0000000000000007,6.239507909416044,False,False,5.371688860907484e-07,False,25.36970900837332,-0.15,0.0,-0.73304,-0.58496,-0.50477,-0.4,0.192076830732293,0.384153661464586,0.0,0.21608643457382964,0.384153661464586,0.17,0.24009603841536625,0.4321728691476593,0.52333,0.28811524609843947,0.4801920768307325,-0.1500000605538662,-7.961888472303447e-09,-0.7330400139585703,-0.5849600056430532,-0.5047700009402728,-0.4000000067990181,0.19207693941491732,0.3841538714923417,4.464202809856748e-12,0.21608655800330462,0.3841538717933151,0.17000000476532692,0.24009617525141805,0.4321731054597818,0.5233300085822427,0.2881154070826707,0.4801923386895923,-0.17982150099024022,-0.003982408676562301,-0.7400203051101686,-0.5877830533178207,-0.5052416335079603,-0.40340321566390136,0.23677176805729383,0.4699915239572859,2.242970575762231e-06,0.26693023099902513,0.4701393793013921,0.17238615017658618,0.29644547370770896,0.5287589305442365,0.5276278288944655,0.35418786998353874,0.5871684504377794
100,True,1.0100000000000007,6.239526074941559,False,False,5.371146221947135e-07,False,25.307000032626092,-0.15,0.0,-0.73304,-0.58496,-0.50477,-0.4,0.18247298919567828,0.36494597839135656,0.0,0.20528211284513806,0.36494597839135656,0.17,0.22809123649459784,0.4105642256902761,0.52333,0.2737094837935174,0.4561824729891957,-0.15000005964413374,-7.964799131864042e-09,-0.7330400139605796,-0.5849600056460912,-0.5047700009432611,-0.40000000680641534,0.18247309779313597,0.36494618848194116,4.481008826562121e-12,0.20528223614130867,0.3649461887776585,0.17000000477229063,0.22809137320297385,0.4105644620791077,0.5233300085956236,0.2737096447500061,0.4561827349604721,-0.17937686018819587,-0.003983847321874769,-0.7400212616713496,-0.5877845433708224,-0.5052430993635298,-0.40340709966587385,0.227118299739283,0.45079962480145713,2.2516217580282288e-06,0.2560516164621379,0.45094475504479453,0.17238980268564236,0.28436789349383423,0.5071707725152501,0.5276350889290257,0.33975649110054074,0.5631951510255719
101,True,1.0200000000000007,6.239545043862884,False,False,5.369867278916522e-07,False,25.761374970898032,-0.15,0.0,-0.73304,-0.58496,-0.50477,-0.4,0.17286914765906367,0.34573829531812733,0.0,0.1944777911164466,0.34573829531812733,0.17,0.21608643457382956,0.3889555822328932,0.52333,0.2593037214885955,0.4321728691476591,-0.1500000587548258,-7.967676618307606e-09,-0.7330400139624929,-0.5849600056490714,-0.5047700009461928,-0.400000006814183,0.17286925615728732,0.34573850544032264,4.497706376039917e-12,0.19447791426405248,0.34573850573059006,0.1700000047795955,0.21608657113667348,0.3889558186627446,0.5233300086101421,0.25930388239388336,0.43217313119159895,-0.17894265633480397,-0.003985273881821049,-0.7400221804786247,-0.5877860089940584,-0.5052445383808569,-0.4034111589918838,0.21745972378366935,0.431596031759975,2.260129375263552e-06,0.24516750592896533,0.43173833056795113,0.1723936168157629,0.27228373333020894,0.4855691462745276,0.5276428898924292,0.3253162080452798,0.5392068008653913
102,True,1.0300000000000007,6.239564768430665,False,False,5.368044145065719e-07,False,25.91216703876853,-0.15,0.0,-0.73304,-0.58496,-0.50477,-0.4,0.16326530612244905,0.3265306122448981,0.0,0.1836734693877552,0.3265306122448981,0.17,0.2040816326530613,0.3673469387755104,0.52333,0.24489795918367357,0.4081632653061226,-0.15000005788639115,-7.970529890613531e-09,-0.7330400139643305,-0.5849600056520027,-0.504770000949071,-0.4000000068223014,0.16326541451121812,0.3265308223753056,4.514250863276012e-12,0.18367359237579856,0.32653082265991046,0.17000000478722352,0.20408176905720665,0.36734717521943316,0.5233300086257425,0.2448981200199446,0.4081635273926111,-0.17851832018596545,-0.003986691648605898,-0.7400230694540322,-0.5877874536215817,-0.5052459517204199,-0.4034153830365102,0.20779741682274283,0.4123836396474768,2.2684958938539687e-06,0.23427940795606167,0.4125229922081092,0.1723975829691214,0.2601946678907523,0.46395728689890675,0.527651302568262,0.31086908393089324,0.5152069715045046
103,True,1.0400000000000007,6.239585198363669,False,False,5.3658164162644e-07,False,26.10312501201406,-0.15,0.0,-0.73304,-0.58496,-0.50477,-0.4,0.15366146458583443,0.30732292917166887,0.0,0.17286914765906375,0.30732292917166887,0.17,0.19207683073229304,0.3457382953181275,0.52333,0.23049219687875164,0.38415366146458607,-0.1500000570376934,-7.973365545067834e-09,-0.7330400139661085,-0.584960005654892,-0.5047700009518977,-0.4000000068307493,0.15366157285768314,0.3073231392926825,4.53059274065464e-12,0.17286927047956563,0.3073231395713952,0.1700000047951556,0.1920769669679247,0.3457385317556466,0.5233300086425662,0.230492357632318,0.38415392357065503,-0.17810271630348531,-0.003988102939832802,-0.7400239345303183,-0.5877888797974,-0.5052473403386059,-0.4034197605705814,0.1981323547965749,0.39316459140500803,2.276723679253456e-06,0.22338837551252644,0.39330087545497106,0.17240169103847572,0.2481018786368211,0.4423375902771593,0.5276608078504859,0.29641662048983514,0.49119831545106396
104,True,1.0500000000000007,6.239606281416908,False,False,5.363285102696708e-07,False,25.97066597081721,-0.15,0.0,-0.73304,-0.58496,-0.50477,-0.4,0.1440576230492197,0.2881152460984394,0.0,0.16206482593037216,0.2881152460984394,0.17,0.18007202881152462,0.32412965186074433,0.52333,0.21608643457382953,0.36014405762304924,-0.15000005620646328,-7.976188249811389e-09,-0.7330400139678388,-0.5849600056577444,-0.504770000954675,-0.40000000683950415,0.1440577311986353,0.2881154561967411,4.546646352816044e-12,0.16206494857746093,0.28811545646931713,0.17000000480337163,0.18007216487119224,0.3241298882761787,0.5233300086615739,0.21608659523400853,0.3601443197310381,-0.17769434789807886,-0.003989509327389174,-0.7400247800473317,-0.5877902893619505,-0.5052487050289408,-0.40342427988888496,0.18846521821173912,0.37394047256235086,2.284815007767351e-06,0.21249513057842015,0.37407355943479464,0.17240593052134512,0.2360061877588609,0.42071183223695197,0.5276720145279039,0.2819599082987978,0.46718279951106856
105,True,1.0600000000000007,6.239627963849446,False,False,5.36052283760177e-07,False,26.278791017830372,-0.15,0.0,-0.73304,-0.58496,-0.50477,-0.4,0.1344537815126051,0.2689075630252102,0.0,0.15126050420168072,0.2689075630252102,0.17,0.16806722689075634,0.30252100840336144,0.52333,0.2016806722689076,0.3361344537815127,-0.1500000553897082,-7.979001144693687e-09,-0.7330400139695299,-0.5849600056605636,-0.5047700009574044,-0.40000000684854253,0.13445388953543652,0.2689077730906543,4.56240716262824e-12,0.15126062667092943,0.26890777335683635,0.17000000481185043,0.16806736276865442,0.3025212447845834,0.5233300086839829,0.20168083282719865,0.3361347158776962,-0.17729152771959875,-0.0039909118190697875,-0.7400256090707993,-0.5877916836053398,-0.5052500464563741,-0.40342892893110444,0.17879647435679177,0.35471245836918497,2.292772079859271e-06,0.20160015527510178,0.354842214177878,0.17241029061403432,0.22390816064725033,0.3990813320243381,0.527685322049762,0.26749973811491684,0.44316188398366363
106,True,1.0700000000000007,6.239650190797791,False,False,5.357581588264778e-07,False,26.837333047296852,-0.15,0.0,-0.73304,-0.58496,-0.50477,-0.4,0.12484993997599048,0.24969987995198095,0.0,0.1404561824729893,0.24969987995198095,0.17,0.1560624249699881,0.2809123649459786,0.52333,0.18727490996398571,0.3121248499399762,-0.1500000545840542,-7.98180624199396e-09,-0.7330400139711879,-0.584960005663352,-0.5047700009600874,-0.40000000685784043,0.12485004786902196,0.24970008997677362,4.577889640378584e-12,0.14045630476093585,0.24970009023629391,0.17000000482057043,0.1560625606614426,0.28091260128350015,0.5233300087105925,0.18727507041347075,0.3121251120135512,-0.17689251214152704,-0.003992310994647048,-0.7400264236355522,-0.587793063386638,-0.5052513651842904,-0.40343369537738183,0.16912643962763657,0.3354814152066164,2.3005970331764943e-06,0.19070376335976702,0.3356077020483143,0.17241476028667083,0.21180817871189112,0.3774470671125342,0.5277008856377955,0.25303668123677586,0.41913665881702017
107,True,1.0800000000000007,6.239672906599406,False,False,5.354498275014801e-07,False,26.90258400980383,-0.15,0.0,-0.73304,-0.58496,-0.50477,-0.4,0.11524609843937586,0.23049219687875172,0.0,0.12965186074429785,0.23049219687875172,0.17,0.14405762304921982,0.2593037214885957,0.52333,0.17286914765906378,0.28811524609843964,-0.15000005378601416,-7.984604703976939e-09,-0.7330400139728172,-0.5849600056661117,-0.5047700009627248,-0.4000000068673731,0.11524620620002476,0.2304924068568327,4.593111113820078e-12,0.1296519828481082,0.23049240710941538,0.17000000482950955,0.14405775855032016,0.25930395777488485,0.523330008741714,0.17286930799396785,0.28811550814078396,-0.1764956031067337,-0.003993707116713475,-0.7400272249535618,-0.5877944292343444,-0.505252661697286,-0.403438566730392,0.15945532485225988,0.31624798632715617,2.308291955122454e-06,0.1798061536778916,0.3163706634939708,0.17241932834822468,0.1997064971625624,0.3558097641488296,0.5277186173215485,0.23857115349822025,0.39510793577612185
108,True,1.0900000000000007,6.239696055097548,False,False,5.351299111743015e-07,False,26.481208973564208,-0.15,0.0,-0.73304,-0.58496,-0.50477,-0.4,0.10564225690276113,0.21128451380552227,0.0,0.11884753901560627,0.21128451380552227,0.17,0.1320528211284514,0.23769507803121254,0.52333,0.15846338535414167,0.2641056422569028,-0.15000005299219188,-7.987397051927025e-09,-0.7330400139744198,-0.5849600056688434,-0.504770000965318,-0.4000000068771155,0.10564236452886681,0.21128472373211826,4.60809340760364e-12,0.11884766093284434,0.21128472397748202,0.1700000048386455,0.13205295643579767,0.2376953142601912,0.5233300087771717,0.1584635455695219,0.26410590426101843,-0.17609922333533018,-0.003995100232357906,-0.7400280136180075,-0.587795781439783,-0.505253936422073,-0.40344353039236014,0.1497832686672484,0.2970126497469593,2.315858893397747e-06,0.16890744899337007,0.29713157493043163,0.17242398350775331,0.18760328436610846,0.33416996827536777,0.527738158310406,0.22410345946338608,0.37107632496971227
109,True,1.1000000000000008,6.239719579875504,False,False,5.348002773848283e-07,False,26.733457983937114,-0.15,0.0,-0.73304,-0.58496,-0.50477,-0.4,0.0960384153661465,0.192076830732293,0.0,0.10804321728691482,0.192076830732293,0.17,0.12004801920768313,0.21608643457382964,0.52333,0.14405762304921974,0.24009603841536625,-0.15000005219943247,-7.990183376917204e-09,-0.7330400139759972,-0.5849600056715478,-0.5047700009678675,-0.4000000068870427,0.09603852285582574,0.19207704060358732,4.6228648765806965e-12,0.10804333901539023,0.19207704084144755,0.17000000484795563,0.12004815431821231,0.2160866707405104,0.523330008816249,0.14405778314074275,0.24009630037547597,-0.17570196470158855,-0.003996490241716458,-0.7400287897483411,-0.587797120123869,-0.5052551897425958,-0.4034485737231683,0.1401103620735743,0.2777757618203979,2.3232998640816614e-06,0.1580077228506329,0.27789079232008246,0.1724287144215028,0.17549865310481097,0.3125280891186488,0.5277590388731301,0.20963382363265262,0.3470422853551591
110,True,1.1100000000000008,6.239743424465534,False,False,5.344622667124804e-07,False,26.598416035994887,-0.15,0.0,-0.73304,-0.58496,-0.50477,-0.4,0.0864345738295319,0.1728691476590638,0.0,0.09723889555822338,0.1728691476590638,0.17,0.10804321728691486,0.19447779111644675,0.52333,0.12965186074429783,0.21608643457382973,-0.15000005140491923,-7.992963475117465e-09,-0.7330400139775495,-0.5849600056742252,-0.5047700009703742,-0.4000000068971291,0.08643468118108366,0.1728693574719528,4.637437765036016e-12,0.09723901709589305,0.17286935770202408,0.17000000485741737,0.1080433521977898,0.19447802721666196,0.5233300088580066,0.12965202070807935,0.2160866964850747,-0.17530261673619033,-0.003997876955811691,-0.7400295531216158,-0.5877984452944178,-0.5052564220128491,-0.4034536840917152,0.1304366665239205,0.2585375908107874,2.330616858245069e-06,0.14710702037718323,0.2586485846785678,0.17243350973490057,0.1633926815293241,0.2908844377578843,0.5277808342974473,0.19516241727017972,0.32300616699597656
111,True,1.1200000000000008,6.239767532553246,False,False,5.341168701213698e-07,False,26.885291968937963,-0.15,0.0,-0.73304,-0.58496,-0.50477,-0.4,0.07683073229291729,0.15366146458583457,0.0,0.08643457382953194,0.15366146458583457,0.17,0.0960384153661466,0.1728691476590639,0.52333,0.11524609843937592,0.1920768307322932,-0.15000005060623064,-7.995736974429624e-09,-0.7330400139790763,-0.5849600056768757,-0.5047700009728388,-0.4000000069073497,0.07683083950476344,0.15366167433775135,4.651807543460914e-12,0.08643469517444308,0.15366167455974972,0.17000000486700795,0.09603855007468634,0.1728693836892683,0.5233300089015951,0.11524625827187446,0.19207709259051492,-0.17490018198486706,-0.003999260155096127,-0.7400303033117279,-0.5877997569029677,-0.5052576335692879,-0.4034588489262239,0.12076222477684308,0.23929834066424122,2.337811846747683e-06,0.13620537099559207,0.23940515777336888,0.17243835812360891,0.1512854284876682,0.269239255454698,0.5278031083593622,0.18068937442553148,0.2989682395945455
112,True,1.1300000000000008,6.239791848125465,False,False,5.337648457025214e-07,False,26.601749996189028,-0.15,0.0,-0.73304,-0.58496,-0.50477,-0.4,0.06722689075630255,0.1344537815126051,0.0,0.07563025210084036,0.1344537815126051,0.17,0.08403361344537817,0.15126050420168072,0.52333,0.1008403361344538,0.16806722689075634,-0.15000004980137122,-7.998503434233917e-09,-0.7330400139805766,-0.5849600056794989,-0.5047700009752619,-0.40000000691767923,0.06722699782695063,0.13445399120139084,4.665979367744939e-12,0.07563037325109911,0.1344539914150361,0.17000000487670472,0.08403374794901967,0.1512607401588118,0.5233300089461419,0.10084049583239604,0.1680674886923361,-0.17449387698721247,-0.004000639623612436,-0.7400310397803551,-0.5878010548810692,-0.5052588247388243,-0.40346405574958155,0.11108706982185186,0.220058169758233,2.344886783270383e-06,0.12530279860205434,0.22016067279040505,0.17244324832328392,0.13917694352624263,0.2475927304895693,0.5278254218614549,0.16621480419753673,0.2749287157130978
113,True,1.1400000000000008,6.239816315587076,False,False,5.334068027352373e-07,False,27.514208981301636,-0.15,0.0,-0.73304,-0.58496,-0.50477,-0.4,0.05762304921968793,0.11524609843937586,0.0,0.06482593037214893,0.11524609843937586,0.17,0.07202881152460991,0.12965186074429785,0.52333,0.08643457382953189,0.14405762304921982,-0.1500000489887735,-8.001262419114752e-09,-0.7330400139820495,-0.5849600056820948,-0.5047700009776444,-0.4000000069280928,0.05762315614771143,0.11524630806318857,4.6799567395222966e-12,0.06482605132590914,0.1152463082682061,0.17000000488648515,0.0720289458208892,0.1296520966256698,0.5233300089907688,0.08643473338986278,0.1440578847909639,-0.17408312321923491,-0.0040020151710935285,-0.7400317619443743,-0.5878023391656202,-0.5052599958443779,-0.4034692922064454,0.10141123110540537,0.20081720122996496,2.351843605446688e-06,0.114399326854728,0.20091525660054113,0.17244816915305064,0.12706727263739825,0.22594501457805888,0.5278473807542697,0.15173880070969178,0.2508877660376845
114,True,1.1500000000000008,6.239840879850071,False,False,5.330432590383552e-07,False,26.759999978821725,-0.15,0.0,-0.73304,-0.58496,-0.50477,-0.4,0.04801920768307332,0.09603841536614664,0.0,0.05402160864345748,0.09603841536614664,0.17,0.060024009603841647,0.10804321728691496,0.52333,0.07202881152460998,0.12004801920768329,-0.15000004816727985,-8.004013553504497e-09,-0.7330400139834939,-0.5849600056846634,-0.5047700009799866,-0.40000000693856563,0.04801931446710461,0.09603862492339081,4.693738571626198e-12,0.05402172939892043,0.09603862511951337,0.17000000489632688,0.06002414369038678,0.1080434530901454,0.5233300090346874,0.07202897094446271,0.1200482808867398,-0.1736675308530525,-0.00400338664455819,-0.7400324692215646,-0.5878036097144866,-0.5052611472082761,-0.40347454608305383,0.09173473831250191,0.18157553335354015,2.3586842351786634e-06,0.10349498360826162,0.1816690120253025,0.17245310953341308,0.11495646390284137,0.2042962323192124,0.5278687102807035,0.1372614479469495,0.22684553027158524
115,True,1.1600000000000008,6.239865486418651,False,False,5.326746813863905e-07,False,26.636958005838096,-0.15,0.0,-0.73304,-0.58496,-0.50477,-0.4,0.038415366146458574,0.07683073229291715,0.0,0.043217286914765896,0.07683073229291715,0.17,0.04801920768307322,0.08643457382953179,0.52333,0.05762304921968786,0.09603841536614643,-0.15000004733611008,-8.006756470509135e-09,-0.7330400139849086,-0.5849600056872046,-0.5047700009822893,-0.40000000694907345,0.03841547278518945,0.07683094178219374,4.707587481116225e-12,0.04321740747018877,0.07683094196916332,0.1700000049062077,0.0480193415576083,0.08643480955248774,0.523330009077348,0.057623208496363654,0.09603867697994276,-0.17324687996157004,-0.004004753941853404,-0.740033161080176,-0.5878048665224027,-0.5052622791555736,-0.40347980532621364,0.08205762264414034,0.1623332473838766,2.365410578034112e-06,0.09258980177280096,0.1624220255908029,0.17245805850335894,0.10284456937427594,0.18264648878315054,0.5278892110484908,0.1227828242240612,0.20280212539627504
116,True,1.1700000000000008,6.239890081449332,False,False,5.323015101560162e-07,False,26.5377500327304,-0.15,0.0,-0.73304,-0.58496,-0.50477,-0.4,0.028811524609843965,0.05762304921968793,0.0,0.03241296518607446,0.05762304921968793,0.17,0.036014405762304955,0.06482593037214893,0.52333,0.043217286914765944,0.07202881152460991,-0.1500000464948239,-8.009491003595215e-09,-0.7330400139862923,-0.5849600056897183,-0.5047700009845533,-0.40000000695959204,0.028811631102028563,0.05762325863976056,4.721360114442319e-12,0.03241308553978014,0.057623258817329576,0.1700000049161057,0.03601453942265832,0.06482616601290754,0.5233300091183515,0.043217446045722696,0.07202907307080755,-0.17282109902396242,-0.004006117015775649,-0.7400338370670417,-0.5878061096282965,-0.5052633920155464,-0.4034850580557317,0.0723799181661842,0.14309041287657756,2.3720245220990475e-06,0.08168382050112362,0.14317437274604028,0.17246300523247485,0.0907316454251002,0.16099587565401552,0.5279087055468122,0.10830300566784089,0.1787576533914815
117,True,1.1800000000000008,6.239914611791125,False,False,5.319241755649381e-07,False,26.685708959121257,-0.15,0.0,-0.73304,-0.58496,-0.50477,-0.4,0.019207683073229353,0.038415366146458706,0.0,0.02160864345738302,0.038415366146458706,0.17,0.02400960384153669,0.04321728691476604,0.52333,0.028811524609844024,0.04801920768307338,-0.15000004564327785,-8.012217089445328e-09,-0.7330400139876443,-0.5849600056922045,-0.504770000986779,-0.4000000069700977,0.019207789417689997,0.03841557549623015,4.734912682679486e-12,0.021608763607772523,0.0384155756641628,0.17000000492599923,0.024009737285649285,0.043217522471587805,0.523330009157343,0.028811683592691845,0.048019469159537725,-0.1723902418868349,-0.004007475870563141,-0.7400344968176191,-0.587807339115508,-0.505264486121673,-0.40349029257151825,0.06270166213450756,0.12384709015471182,2.3785279363118698e-06,0.07077708538386139,0.12392612024125091,0.17246793902901994,0.0786177538007848,0.13934447485384888,0.527927040714654,0.09382206742377315,0.15471220485594703
118,True,1.1900000000000008,6.239939025017665,False,False,5.315431011073319e-07,False,26.2024580151774,-0.15,0.0,-0.73304,-0.58496,-0.50477,-0.4,0.00960384153661474,0.01920768307322948,0.0,0.010804321728691581,0.01920768307322948,0.17,0.012004801920768424,0.021608643457383163,0.52333,0.014405762304922107,0.024009603841536848,-0.15000004478157924,-8.014932701902455e-09,-0.7330400139889639,-0.5849600056946634,-0.5047700009889673,-0.40000000698057164,0.009603947732248215,0.019207892351723113,4.757726017136013e-12,0.010804441674251201,0.01920789250979653,0.17000000493586437,0.01200493514669801,0.021608878928692607,0.5233300091940136,0.014405921137421437,0.024009865246314654,-0.17195446528306696,-0.004008830556817137,-0.7400351400606217,-0.5878085551098391,-0.5052655618111309,-0.4034954973586664,0.053022895064831294,0.10460333274864689,2.384922668724174e-06,0.059869647209160395,0.10467732849741702,0.17247284934641213,0.06650296097638776,0.117692362157544,0.5279440869760514,0.07934008466892495,0.13066586285656592
119,True,1.2000000000000008,6.239963269447566,False,False,5.311587200381617e-07,False,26.59800002584234,-0.15,0.0,-0.73304,-0.58496,-0.50477,-0.4,0.0,0.0,0.0,0.0,0.0,0.17,0.0,0.0,0.52333,0.0,0.0,-0.15000004391004132,-8.017641997364044e-09,-0.7330400139902504,-0.5849600056970955,-0.5047700009911187,-0.40000000699098137,1.0604578410539078e-07,2.0920634627441537e-07,4.7708949569515884e-12,1.1973932930592346e-07,2.0935435136870684e-07,0.17000000494568507,1.3300595093357348e-07,2.353843731039973e-07,0.5233300092281093,1.5868006161823267e-07,2.6133130406891247e-07,-0.17151400708799008,-0.004010181161904221,-0.7400357666107085,-0.5878097577732386,-0.5052666194233858,-0.40350066108935323,0.043343660289327963,0.08535918977663857,2.3912105445920953e-06,0.04896156140431102,0.08542805390979936,0.17247772578732964,0.05438733770739938,0.0960396085420517,0.5279597882663855,0.06485713337043761,0.10661870538282016
