frame,scored,sim_time,min_distance_measured_mm,measured_collision,measured_margin_violation,modification_rad,fallback,total_safety_time_ms,q_nominal.right_wrist,q_nominal.right_thumb_mcp,q_nominal.right_thumb_abd,q_nominal.right_thumb_pip,q_nominal.right_thumb_dip,q_nominal.right_index_abd,q_nominal.right_index_mcp,q_nominal.right_index_pip,q_nominal.right_middle_abd,q_nominal.right_middle_mcp,q_nominal.right_middle_pip,q_nominal.right_ring_abd,q_nominal.right_ring_mcp,q_nominal.right_ring_pip,q_nominal.right_pinky_abd,q_nominal.right_pinky_mcp,q_nominal.right_pinky_pip,q_safe.right_wrist,q_safe.right_thumb_mcp,q_safe.right_thumb_abd,q_safe.right_thumb_pip,q_safe.right_thumb_dip,q_safe.right_index_abd,q_safe.right_index_mcp,q_safe.right_index_pip,q_safe.right_middle_abd,q_safe.right_middle_mcp,q_safe.right_middle_pip,q_safe.right_ring_abd,q_safe.right_ring_mcp,q_safe.right_ring_pip,q_safe.right_pinky_abd,q_safe.right_pinky_mcp,q_safe.right_pinky_pip,q_measured.right_wrist,q_measured.right_thumb_mcp,q_measured.right_thumb_abd,q_measured.right_thumb_pip,q_measured.right_thumb_dip,q_measured.right_index_abd,q_measured.right_index_mcp,q_measured.right_index_pip,q_measured.right_middle_abd,q_measured.right_middle_mcp,q_measured.right_middle_pip,q_measured.right_ring_abd,q_measured.right_ring_mcp,q_measured.right_ring_pip,q_measured.right_pinky_abd,q_measured.right_pinky_mcp,q_measured.right_pinky_pip
0,True,0.01,6.228385962484579,False,False,0.0,False,29.045458999462426,-0.15,0.0,-0.73304,-0.58496,-0.50477,-0.4,0.0,0.0,0.0,0.0,0.0,0.17,0.0,0.0,0.52333,0.0,0.0,-0.15,0.0,-0.73304,-0.58496,-0.50477,-0.4,0.0,0.0,0.0,0.0,0.0,0.17,0.0,0.0,0.52333,0.0,0.0,-0.1504636294717452,-0.00024913347586931196,-0.733488708629297,-0.5851219546970908,-0.5047744998339302,-0.40023331337118867,-2.4794459782912207e-05,-1.2086908669606811e-06,1.9421818310665445e-08,-3.829584200719741e-05,-1.202505450442284e-06,0.170156837943458,-2.8209428762938118e-05,-1.017519327709447e-06,0.5236657896662829,-6.383528447448374e-07,-2.4370657384594807e-07
1,True,0.020000000000000004,6.229865505548622,False,False,1.6283586082124483e-07,False,28.807666967622936,-0.15,0.0,-0.73304,-0.58496,-0.50477,-0.4,0.028811524609843937,0.028811524609843937,0.0,0.028811524609843937,0.028811524609843937,0.17,0.028811524609843937,0.028811524609843937,0.52333,0.028811524609843937,0.028811524609843937,-0.1500000009259819,-4.979106592631864e-10,-0.7330400008961814,-0.5849600003234633,-0.5047700000089873,-0.40000000046612566,0.02881146701659739,0.028811467063739986,-3.198467485219727e-13,0.028811466986847403,0.028811467063752344,0.1700000003124159,0.02881146700795539,0.0288114670641218,0.523330000669346,0.02881146706487909,0.028811467065667295,-0.1510648282016435,-0.0007289920239442699,-0.7343535178634046,-0.5854399105941932,-0.5047823387793221,-0.4006694965011169,0.0020819178368839614,0.002198879262426188,5.5266468681790356e-08,0.002035833578476207,0.002197718829171113,0.17045259828698386,0.0020578328120351773,0.0021989389227693138,0.5242920979792134,0.002163154230416751,0.0022092404669209103
2,True,0.030000000000000013,6.2315103310755,False,False,3.136697708708699e-07,False,28.682541975285858,-0.15,0.0,-0.73304,-0.58496,-0.50477,-0.4,0.057623049219687875,0.057623049219687875,0.0,0.057623049219687875,0.057623049219687875,0.17,0.057623049219687875,0.057623049219687875,0.52333,0.057623049219687875,0.057623049219687875,-0.15000000212799858,-1.4569983519370847e-09,-0.7330400026246519,-0.5849600009589447,-0.504770000024656,-0.40000000133854124,0.05762293821106448,0.057622938444762566,-2.5072894174484884e-13,0.05762293811639962,0.05762293844244489,0.17000000090399858,0.057622938161262766,0.05762293844488224,0.5233300019214455,0.05762293837341244,0.05762293846545907,-0.15141453274673894,-0.0012696088384224306,-0.7353264136951765,-0.5858027742549153,-0.5047922951982596,-0.4011510407434633,0.008111747709677854,0.0083778395015524,9.69284427962908e-08,0.008019271849218324,0.008374027114418005,0.17078169385137526,0.008049282227633821,0.008376729272598353,0.5249816074236593,0.008268714571793286,0.008403969992111284
3,True,0.04000000000000002,6.233050471791622,False,False,4.421806336073288e-07,False,29.378707986325026,-0.15,0.0,-0.73304,-0.58496,-0.50477,-0.4,0.08643457382953182,0.08643457382953182,0.0,0.08643457382953182,0.08643457382953182,0.17,0.08643457382953182,0.08643457382953182,0.52333,0.08643457382953182,0.08643457382953182,-0.150000002828098,-2.5380320425611586e-09,-0.7330400045701424,-0.5849600016845471,-0.504770000044563,-0.40000000230168953,0.08643441724682857,0.08643441777862469,-1.4599821670469695e-13,0.08643441705977084,0.08643441777100719,0.17000000156235728,0.08643441712053332,0.08643441777640742,0.5233300033005327,0.08643441756057714,0.08643441783084216,-0.1515239645302233,-0.0017772520390166035,-0.7362367798907615,-0.5861457097499965,-0.5048028577581811,-0.40159942492943007,0.018395688540214908,0.018821988976022965,1.4031452321577319e-07,0.018253405431856586,0.0188148434176168,0.1710901265838013,0.018288910996855506,0.01881900107939162,0.525621590236499,0.018628938445793254,0.01886486677262906
4,True,0.05000000000000003,6.234370860321178,False,False,5.466046078899847e-07,False,29.436875018291175,-0.15,0.0,-0.73304,-0.58496,-0.50477,-0.4,0.11524609843937575,0.11524609843937575,0.0,0.11524609843937575,0.11524609843937575,0.17,0.11524609843937575,0.11524609843937575,0.52333,0.11524609843937575,0.11524609843937575,-0.15000000304762198,-3.553364194466141e-09,-0.7330400063910432,-0.5849600023704715,-0.5047700000656864,-0.40000000319851353,0.11524590478988864,0.11524590564206069,-3.2945901078278226e-14,0.1152459045036035,0.11524590562777878,0.17000000217941597,0.11524590457521501,0.11524590563609009,0.5233300045808291,0.11524590525619127,0.11524590572777005,-0.15154947617792672,-0.0022096781562969824,-0.7370083767711677,-0.5864381906152352,-0.504812847230208,-0.4019821798075468,0.03258566761805131,0.033151418100036766,1.8382666034156475e-07,0.03239965181077443,0.03314119631023829,0.17135476897182575,0.03244013694856725,0.03314682774065279,0.5261660168532577,0.03288676149091424,0.033209677827424046
5,True,0.06000000000000004,6.235442956465285,False,False,6.289843600803333e-07,False,29.5307079795748,-0.15,0.0,-0.73304,-0.58496,-0.50477,-0.4,0.14405762304921968,0.14405762304921968,0.0,0.14405762304921968,0.14405762304921968,0.17,0.14405762304921968,0.14405762304921968,0.52333,0.14405762304921968,0.14405762304921968,-0.15000000309887598,-4.418377915274552e-09,-0.7330400079346154,-0.5849600029555709,-0.5047700000856669,-0.400000003964072,0.14405740014596585,0.14405740127708538,8.090314437917929e-14,0.1440573997725446,0.14405740125665034,0.17000000270888163,0.14405739985398203,0.1440574012679091,0.523330005670096,0.1440574007479702,0.1440574013935623,-0.15165565172332818,-0.002556228030660311,-0.7376231888617016,-0.5866719343689901,-0.5048220310630046,-0.40229201633687045,0.050093916099442366,0.0507598247587962,2.2683079852652395e-07,0.04987717515703512,0.050747580947911826,0.17156979469822486,0.049922925977049684,0.05075469207381569,0.5266052107345356,0.05044941312166023,0.05083089827252501
6,True,0.07000000000000005,6.236281425950122,False,False,6.926871939814107e-07,False,29.40545801538974,-0.15,0.0,-0.73304,-0.58496,-0.50477,-0.4,0.17286914765906364,0.17286914765906364,0.0,0.17286914765906364,0.17286914765906364,0.17,0.17286914765906364,0.17286914765906364,0.52333,0.17286914765906364,0.17286914765906364,-0.1500000033110048,-5.111672575237175e-09,-0.7330400091646684,-0.5849600034232191,-0.5047700001040367,-0.40000000458378776,0.17286890214018286,0.17286890347171968,1.9430993868828228e-13,0.1728689017055708,0.17286890344723768,0.17000000313908756,0.17286890179742898,0.1728689034614558,0.5233300065488881,0.17286890285102344,0.1728689036138312,-0.15196408061064134,-0.0028228316900385845,-0.7380935219271005,-0.5868507185895686,-0.5048307649449889,-0.4025339232636412,0.07030021533792107,0.07101926143215846,2.690754578868112e-07,0.07006966741370381,0.07100657584009731,0.17173805523468502,0.07012076365558118,0.07101504501437375,0.5269470505798056,0.07069407481980498,0.07109991962158912
7,True,0.08000000000000006,6.2369188613294515,False,False,7.412397956442798e-07,False,28.156999964267015,-0.15,0.0,-0.73304,-0.58496,-0.50477,-0.4,0.20168067226890757,0.20168067226890757,0.0,0.20168067226890757,0.20168067226890757,0.17,0.20168067226890757,0.20168067226890757,0.52333,0.20168067226890757,0.20168067226890757,-0.15000000392730506,-5.644964999346885e-09,-0.73304001010573,-0.5849600037809379,-0.5047700001215056,-0.40000000506783534,0.20168040953218574,0.20168041097013045,6.012863151452239e-13,0.20168040907036422,0.20168041094476058,0.17000000347587935,0.20168040917267668,0.20168041096169512,0.5233300072330465,0.20168041031979922,0.20168041113142018,-0.15254674145591815,-0.003022340420800453,-0.7384439852739506,-0.5869834800941396,-0.5048393387972747,-0.4027177882246298,0.09264082401987694,0.09336580609867162,3.104686743408163e-07,0.0924146007764595,0.09335449477199559,0.171866027045066,0.09247046321316703,0.0933640266378911,0.5272062467342419,0.09305619133139048,0.0934525183168717
8,True,0.09000000000000007,6.237391797782346,False,False,7.778333433932363e-07,False,27.188084030058235,-0.15,0.0,-0.73304,-0.58496,-0.50477,-0.4,0.2304921968787515,0.2304921968787515,0.0,0.2304921968787515,0.2304921968787515,0.17,0.2304921968787515,0.2304921968787515,0.52333,0.2304921968787515,0.2304921968787515,-0.15000000509187014,-6.044267762510269e-09,-0.733040010806985,-0.584960004046587,-0.5047700001386538,-0.40000000543533654,0.23049192119435494,0.23049192264429993,1.3052750744483354e-13,0.23049192074164548,0.23049192262167356,0.17000000373207513,0.2304919208535352,0.23049192264073431,0.5233300077518762,0.2304919220250288,0.23049192281770742,-0.15344159485784892,-0.00316881700254511,-0.7387008978433524,-0.5870801075203906,-0.5048478554027883,-0.4028544005022728,0.11663829505042202,0.11732681882520765,3.509892505804945e-07,0.11643352227438847,0.11731866920355875,0.17196100375658704,0.11649294752105126,0.11732882849708966,0.5273985659225309,0.11705904202647296,0.1174160709372497
9,True,0.10000000000000007,6.23773513742926,False,False,8.051613568541737e-07,False,26.99429204221815,-0.15,0.0,-0.73304,-0.58496,-0.50477,-0.4,0.25930372148859543,0.25930372148859543,0.0,0.25930372148859543,0.25930372148859543,0.17,0.25930372148859543,0.25930372148859543,0.52333,0.25930372148859543,0.25930372148859543,-0.15000000688071471,-6.337332207617674e-09,-0.7330400113210664,-0.5849600042399409,-0.5047700001556871,-0.40000000570860844,0.25930343617155394,0.259303437548699,3.165398158788479e-13,0.2593034357617375,0.25930343753239105,0.17000000392202352,0.2593034358807316,0.2593034375527079,0.5233300081366689,0.2593034370130314,0.2593034377271959,-0.15464559101984152,-0.0032754856028838005,-0.7388887529322352,-0.5871499730188532,-0.504856343722544,-0.4029539067914515,0.14190612882942322,0.14252200699751363,3.9065007617776133e-07,0.14173811802393213,0.14251865475975387,0.17202996989812683,0.14179932793495856,0.14252889073420158,0.5275386860825323,0.14231735453315003,0.14261042792125023
10,True,0.11000000000000008,6.237978997360595,False,False,8.253999935383684e-07,False,26.481500011868775,-0.15,0.0,-0.73304,-0.58496,-0.50477,-0.4,0.28811524609843936,0.28811524609843936,0.0,0.28811524609843936,0.28811524609843936,0.17,0.28811524609843936,0.28811524609843936,0.52333,0.28811524609843936,0.28811524609843936,-0.15000000928785195,-6.5507455874677656e-09,-0.7330400116969659,-0.5849600043797452,-0.5047700001726638,-0.40000000590767354,0.2881149536905364,0.28811495492249006,5.078895902510593e-13,0.28811495335426596,0.2881149549157723,0.17000000405994609,0.2881149534767804,0.28811495493624406,0.5233300084170251,0.2881149545130122,0.2881149550993338,-0.1561270371344124,-0.0033533729651632547,-0.7390277351085801,-0.5872008758910258,-0.5048648018986952,-0.40302496601033133,0.1681389984542346,0.1686527465306279,4.2948129851815764e-07,0.16802073930853215,0.16865559243433573,0.17207896117969004,0.16808159793326286,0.16866529305757974,0.5276390083762427,0.16852745904671748,0.16873722881169262
11,True,0.12000000000000009,6.2381478881171555,False,False,8.4026572247651e-07,False,26.875208015553653,-0.15,0.0,-0.73304,-0.58496,-0.50477,-0.4,0.3169267707082833,0.3169267707082833,0.0,0.3169267707082833,0.3169267707082833,0.17,0.3169267707082833,0.3169267707082833,0.52333,0.3169267707082833,0.3169267707082833,-0.15000001224997514,-6.706574888753342e-09,-0.7330400119750641,-0.5849600044816029,-0.5047700001895802,-0.4000000060498309,0.3169264731404263,0.3169264741682013,6.684327654260825e-13,0.3169264729036684,0.3169264741738761,0.17000000415792152,0.3169264730254493,0.3169264741932788,0.5233300086177596,0.3169264739174086,0.31692647433717636,-0.15783675216608617,-0.003410982946355975,-0.7391331925010085,-0.5872389721162944,-0.5048732161619159,-0.40307453082469596,0.19509953926373547,0.19548825807692344,4.6752137492365904e-07,0.19504147098956653,0.19549842293843386,0.17211289437426422,0.19509973487385873,0.19550697293397443,0.5277093855858098,0.19545393367095654,0.19556605087759782
12,True,0.1300000000000001,6.2382630101240535,False,False,8.510901549313326e-07,False,25.94825002597645,-0.15,0.0,-0.73304,-0.58496,-0.50477,-0.4,0.3457382953181273,0.3457382953181273,0.0,0.3457382953181273,0.3457382953181273,0.17,0.3457382953181273,0.3457382953181273,0.52333,0.3457382953181273,0.3457382953181273,-0.15000001566877053,-6.821832665166588e-09,-0.7330400121860706,-0.5849600045578304,-0.5047700002064088,-0.4000000061489892,0.3457379940463087,0.3457379948240887,8.052184065539337e-13,0.345737993929935,0.3457379948443982,0.1700000042257834,0.34573799404650873,0.34573799486150136,0.523330008758583,0.34573799475518985,0.3457379949796924,-0.15971712522214287,-0.003454683592508962,-0.7392161349653602,-0.5872691210536626,-0.5048815692696269,-0.4031081656198868,0.22260523755641012,0.2228521160993925,5.048117354610845e-07,0.2226152430147542,0.2228704272240809,0.172136025447862,0.22266877555269912,0.22287725626972274,0.5277575105515253,0.2229163331070178,0.2229208821373606
13,True,0.1400000000000001,6.2383447743487626,False,False,8.588944202263226e-07,False,26.199417014140636,-0.15,0.0,-0.73304,-0.58496,-0.50477,-0.4,0.3745498199279712,0.3745498199279712,0.0,0.3745498199279712,0.3745498199279712,0.17,0.3745498199279712,0.3745498199279712,0.52333,0.3745498199279712,0.3745498199279712,-0.15000001942903973,-6.909259267148804e-09,-0.7330400123520171,-0.58496000461815,-0.5047700002231151,-0.40000000621627957,0.3745495160430058,0.374549516537152,9.23714574212645e-13,0.37454951606277964,0.3745495165737518,0.17000000427204293,0.3745495161698815,0.37454951658741464,0.5233300088548851,0.3745495166653148,0.3745495166747087,-0.16170894285435594,-0.0034893156623793478,-0.739284318286063,-0.5872944103515495,-0.5048898439733863,-0.40313103283478946,0.25051685331517737,0.2506104628781253,5.413934091169942e-07,0.25060041267723,0.2506374637460705,0.1721524541787551,0.25064733589910376,0.2506420796613989,0.5277901076580005,0.2507774689079131,0.2506683001299742
14,True,0.1500000000000001,6.238406521329836,False,False,8.644547769323093e-07,False,25.71116603212431,-0.15,0.0,-0.73304,-0.58496,-0.50477,-0.4,0.40336134453781514,0.40336134453781514,0.0,0.40336134453781514,0.40336134453781514,0.17,0.40336134453781514,0.40336134453781514,0.52333,0.40336134453781514,0.40336134453781514,-0.15000002341236052,-6.978539299380693e-09,-0.7330400124884241,-0.5849600046687419,-0.5047700002396648,-0.40000000626202886,0.4033610388519192,0.4033610390395595,1.0281624525781274e-12,0.40336103901880116,0.40336103909353715,0.17000000430489898,0.40336103911268034,0.40336103910277515,0.523330008920116,0.40336103937328815,0.4033610391552639,-0.16375623349993734,-0.003518119134111036,-0.7393430278527384,-0.587316599344823,-0.5048980245183377,-0.4031473757776921,0.2787287872263132,0.27866228759395145,5.773049271849108e-07,0.27888923224494194,0.27869826286211863,0.17216486073012735,0.27892801415611246,0.2787002697307974,0.5278127739785126,0.27893366772153755,0.2787077218673013
15,True,0.16000000000000011,6.2384565770647615,False,False,8.683571965383572e-07,False,25.427334010601044,-0.15,0.0,-0.73304,-0.58496,-0.50477,-0.4,0.43217286914765907,0.43217286914765907,0.0,0.43217286914765907,0.43217286914765907,0.17,0.43217286914765907,0.43217286914765907,0.52333,0.43217286914765907,0.43217286914765907,-0.15000002750678104,-7.036156230572077e-09,-0.733040012605869,-0.5849600047131283,-0.504770000256026,-0.4000000062947251,0.43217256226175815,0.4321725621291994,1.121563512957493e-12,0.432172562582415,0.4321725622011252,0.17000000432971385,0.4321725626600137,0.4321725622051461,0.5233300089654742,0.4321725626716716,0.432172562220102,-0.165809394181014,-0.0035430487352927312,-0.7393950175083014,-0.5873365328445928,-0.5049060972279007,-0.4031597126387419,0.3071613355950716,0.306931666979259,6.125811299270401e-07,0.3074001596478917,0.3069766764225621,0.17217491803896018,0.30742964622306546,0.3069757799423769,0.5278288926200578,0.3073069509166358,0.306963622710363
16,True,0.17000000000000012,6.2384988370806935,False,False,8.710413676788573e-07,False,25.399333972018212,-0.15,0.0,-0.73304,-0.58496,-0.50477,-0.4,0.460984393757503,0.460984393757503,0.0,0.460984393757503,0.460984393757503,0.17,0.460984393757503,0.460984393757503,0.52333,0.460984393757503,0.460984393757503,-0.15000003161307804,-7.086021984025609e-09,-0.7330400127098666,-0.5849600047530014,-0.5047700002721718,-0.4000000063194059,0.4609840861130443,0.46098408565415677,1.206999756833006e-12,0.46098408659046397,0.4609840857441506,0.1700000043498291,0.4609840866494721,0.46098408574236566,0.5233300089977279,0.46098408640443744,0.46098408571810523,-0.16782683302068468,-0.003565022245459151,-0.7394418839264933,-0.5873547325321504,-0.504914050931619,-0.40316942054449584,0.33575461029148984,0.33536171401448733,6.472526191723646e-07,0.33607180169949363,0.3354156306019153,0.17218340884744515,0.33609120652428953,0.33541163379255073,0.527840799245311,0.33583890851930626,0.3353794704266463
17,True,0.18000000000000013,6.238536745656375,False,False,8.72835457449945e-07,False,25.06087499205023,-0.15,0.0,-0.73304,-0.58496,-0.50477,-0.4,0.4897959183673469,0.4897959183673469,0.0,0.4897959183673469,0.4897959183673469,0.17,0.4897959183673469,0.4897959183673469,0.52333,0.4897959183673469,0.4897959183673469,-0.15000003564804593,-7.1299742845920555e-09,-0.7330400128036134,-0.5849600047894055,-0.5047700002880795,-0.4000000063388266,0.4897956102859472,0.4897956095006052,1.2865630330765901e-12,0.4897956109201074,0.4897956096084136,0.1700000043668099,0.4897956109589499,0.4897956096004286,0.5233300090215507,0.489795610454712,0.489795609536157,-0.1697756145250788,-0.003584598204300029,-0.7394845905130305,-0.5873715106922184,-0.5049218769034742,-0.40317739027168026,0.3644638097418389,0.3639099152965457,6.813457069771811e-07,0.36485818091683647,0.36397246327871624,0.17219102530815053,0.36486704772229595,0.3639652561087754,0.5278495529957866,0.36448595687461616,0.3639130553785128
18,True,0.19000000000000014,6.238571504885196,False,False,8.739832005456833e-07,False,26.365833007730544,-0.15,0.0,-0.73304,-0.58496,-0.50477,-0.4,0.5186074429771909,0.5186074429771909,0.0,0.5186074429771909,0.5186074429771909,0.17,0.5186074429771909,0.5186074429771909,0.52333,0.5186074429771909,0.5186074429771909,-0.15000003954578994,-7.169130876189672e-09,-0.7330400128890379,-0.5849600048229656,-0.5047700003037318,-0.4000000063547692,0.5186071346908223,0.5186071335834785,1.361466621623376e-12,0.5186071354793497,0.5186071337085505,0.17000000438204194,0.5186071354971133,0.518607133694145,0.5233300090390651,0.5186071347352875,0.5186071335897989,-0.17163135126142257,-0.0036022123190366153,-0.7395235135444989,-0.5873869896842357,-0.5049295685098282,-0.40318428466968415,0.39325557813944395,0.3925445728942118,7.148826814279902e-07,0.3937250639739257,0.39261536356451215,0.1721980089768069,0.39372321404819494,0.3926049093253512,0.5278563264366405,0.3932156950533216,0.3925329306909594
19,True,0.20000000000000015,6.238603456208202,False,False,8.746648124403156e-07,False,26.743666967377067,-0.15,0.0,-0.73304,-0.58496,-0.50477,-0.4,0.5474189675870348,0.5474189675870348,0.0,0.5474189675870348,0.5474189675870348,0.17,0.5474189675870348,0.5474189675870348,0.52333,0.5474189675870348,0.5474189675870348,-0.15000004325751193,-7.20436315422221e-09,-0.7330400129668941,-0.5849600048539271,-0.5047700003191152,-0.4000000063685601,0.5474186592609269,0.5474186578393513,1.4331594927141997e-12,0.5474186601996923,0.5474186579809097,0.170000004396008,0.5474186601960197,0.5474186579600102,0.5233300090526157,0.5474186591813315,0.5474186578161077,-0.17337759503183,-0.003618096389397004,-0.7395587448259342,-0.5874011965057416,-0.504937120919616,-0.40319032427522167,0.4221052082880949,0.4212420982156985,7.47882277939676e-07,0.4226471363462006,0.42132066151421177,0.1722044284428951,0.4226346103496987,0.4213069821736687,0.5278617338482074,0.42200413353166816,0.42121570820026744
20,True,0.21000000000000016,6.238632615210711,False,False,8.750129793868644e-07,False,26.337458984926343,-0.15,0.0,-0.73304,-0.58496,-0.50477,-0.4,0.5762304921968787,0.5762304921968787,0.0,0.5762304921968787,0.5762304921968787,0.17,0.5762304921968787,0.5762304921968787,0.52333,0.5762304921968787,0.5762304921968787,-0.15000004675029363,-7.2361351689288755e-09,-0.7330400130373667,-0.5849600048823442,-0.5047700003342205,-0.4000000063806405,0.5762301839468226,0.5762301822210243,1.5018810281302298e-12,0.5762301850304826,0.5762301823781292,0.1700000044088461,0.5762301850054546,0.5762301823507794,0.5233300090634333,0.5762301837448418,0.5762301821682849,-0.17500487914948226,-0.0036323451293726683,-0.7395902917143325,-0.5874141298190824,-0.5049445309282754,-0.40319556051804306,0.45099451317206357,0.4499849741479454,7.803602375431471e-07,0.45160583489825235,0.45007078562509567,0.17221028680631043,0.45158283547168687,0.4500539476650379,0.5278659636947022,0.4508335931973882,0.4499440253034722
21,True,0.22000000000000017,6.238658879318993,False,False,8.751250024909722e-07,False,26.38612501323223,-0.15,0.0,-0.73304,-0.58496,-0.50477,-0.4,0.6050420168067226,0.6050420168067226,0.0,0.6050420168067226,0.6050420168067226,0.17,0.6050420168067226,0.6050420168067226,0.52333,0.6050420168067226,0.6050420168067226,-0.15000005000518254,-7.264636557677978e-09,-0.7330400131004705,-0.5849600049082143,-0.5047700003490408,-0.40000000639111355,0.6050417087121177,0.6050417066934464,1.5682794901380873e-12,0.605041709934576,0.605041706865049,0.17000000442056235,0.6050417098885978,0.6050417068313819,0.5233300090718955,0.6050417083904429,0.6050417066115888,-0.17650957921912938,-0.0036450030798253364,-0.7396184956850834,-0.587425962672256,-0.5049517968472801,-0.40319998177664057,0.47991020448941213,0.478760220812862,8.123298793637061e-07,0.4805876831275277,0.4788527237047465,0.1722155634194393,0.48055452263627274,0.47883282544078387,0.5278690434569476,0.4796911133865111,0.4787050169481645
22,True,0.23000000000000018,6.238682109314584,False,False,8.750719827520108e-07,False,25.55116597795859,-0.15,0.0,-0.73304,-0.58496,-0.50477,-0.4,0.6338535414165666,0.6338535414165666,0.0,0.6338535414165666,0.6338535414165666,0.17,0.6338535414165666,0.6338535414165666,0.52333,0.6338535414165666,0.6338535414165666,-0.15000005301491381,-7.289956437117606e-09,-0.7330400131568875,-0.5849600049318829,-0.504770000363573,-0.40000000639995614,0.633853233530222,0.6338532312306455,1.6328137756717271e-12,0.6338532348850054,0.6338532314156325,0.17000000443111535,0.6338532348187017,0.6338532313758445,0.5233300090780578,0.6338532330922007,0.6338532311202772,-0.1778927488017179,-0.0036563770416885074,-0.7396437667237126,-0.5874368882837887,-0.5049589182338263,-0.403203554773983,0.5088426576289197,0.5075582442676906,8.438026592661382e-07,0.5095830150213054,0.5076568666632292,0.17222023027052227,0.509540071278557,0.507634027653454,0.5278709426483752,0.5085672516545693,0.5074891714177063
23,True,0.24000000000000019,6.238702161518792,False,False,8.749056966628033e-07,False,25.977999961469322,-0.15,0.0,-0.73304,-0.58496,-0.50477,-0.4,0.6626650660264105,0.6626650660264105,0.0,0.6626650660264105,0.6626650660264105,0.17,0.6626650660264105,0.6626650660264105,0.52333,0.6626650660264105,0.6626650660264105,-0.1500000557815817,-7.312707626071224e-09,-0.7330400132074375,-0.5849600049537367,-0.5047700003778162,-0.40000000640710204,0.6626647583818763,0.6626647558134244,1.69582905489232e-12,0.6626647598624285,0.6626647560106521,0.170000004440449,0.6626647597765549,0.6626647559649823,0.5233300090818592,0.6626647578312204,0.6626647556753172,-0.1791589890204713,-0.0036667124070589746,-0.7396663527610415,-0.5874470036859181,-0.5049658954626233,-0.403206240779971,0.5377849603125499,0.5363719591020062,8.747886585313903e-07,0.5385849861247184,0.5364761266633952,0.1722242584529665,0.5385326669736119,0.5364504793712138,0.5278716128851114,0.5374551655607969,0.5362894599239983
24,True,0.25000000000000017,6.2387189002642485,False,False,8.74663792115628e-07,False,27.180958015378565,-0.15,0.0,-0.73304,-0.58496,-0.50477,-0.4,0.6914765906362546,0.6914765906362546,0.0,0.6914765906362546,0.6914765906362546,0.17,0.6914765906362546,0.6914765906362546,0.52333,0.6914765906362546,0.6914765906362546,-0.15000005831437868,-7.3333810287311285e-09,-0.7330400132526169,-0.5849600049739696,-0.504770000391771,-0.40000000641247385,0.691476283253249,0.6914762804276059,1.7575489825085447e-12,0.6914762848531488,0.6914762806359253,0.17000000444850544,0.6914762847485212,0.6914762805846386,0.5233300090832029,0.6914762825938104,0.6914762802626448,-0.18031538068683958,-0.0036761334908707354,-0.7396864087678514,-0.5874563574027858,-0.5049727296631988,-0.4032080018811464,0.5667322035002547,0.5651961428321332,9.052969894442487e-07,0.5675888315762837,0.5653052876772574,0.1722276206727246,0.567527548075481,0.5652769712914439,0.5278710033146713,0.5663499333522577,0.5651006974095224
25,True,0.2600000000000002,6.238732202650762,False,False,8.743735899734109e-07,False,27.878583990968764,-0.15,0.0,-0.73304,-0.58496,-0.50477,-0.4,0.7202881152460985,0.7202881152460985,0.0,0.7202881152460985,0.7202881152460985,0.17,0.7202881152460985,0.7202881152460985,0.52333,0.7202881152460985,0.7202881152460985,-0.15000006062745952,-7.3522255718445895e-09,-0.7330400132927358,-0.5849600049926791,-0.5047700004054397,-0.4000000064159957,0.720287808134516,0.7202878050627393,1.8181285355859582e-12,0.7202878098476304,0.7202878052810147,0.17000000445523006,0.7202878097250711,0.7202878052243894,0.5233300090819872,0.7202878073701215,0.7202878048718844,-0.181370539065759,-0.00368470994549577,-0.7397040708558651,-0.587464983185725,-0.5049794226366884,-0.40320880337838017,0.5956809455633196,0.5940269542163115,9.353361146285466e-07,0.5965913018623971,0.5941405205614889,0.17223029220485656,0.5965214495387146,0.5941096767832709,0.527869066473033,0.5952480445981524,0.5939190665913407
26,True,0.2700000000000002,6.23874196010541,False,False,8.740548842301562e-07,False,28.92412501387298,-0.15,0.0,-0.73304,-0.58496,-0.50477,-0.4,0.7490996398559424,0.7490996398559424,0.0,0.7490996398559424,0.7490996398559424,0.17,0.7490996398559424,0.7490996398559424,0.52333,0.7490996398559424,0.7490996398559424,-0.1500000627380505,-7.369380653019647e-09,-0.7330400133280665,-0.5849600050099326,-0.504770000418826,-0.4000000064175985,0.7490993330187901,0.7490993297111384,1.877840610352474e-12,0.7490993348393703,0.7490993299382585,0.17000000446057334,0.7490993346996706,0.749099329876578,0.5233300090781171,0.7490993321531292,0.7490993294953977,-0.18233381847629626,-0.003692492521853654,-0.7397194826231823,-0.5874729315936965,-0.5049859767185746,-0.403208614627841,0.6246288039900405,0.6228615698189539,9.64914085375511e-07,0.6255902307718664,0.6229790169942945,0.17223225120775545,0.6255121779924347,0.6229457875059063,0.5278657603671402,0.6241470145211588,0.6227417594076122
27,True,0.2800000000000002,6.2387480783830105,False,False,8.737220242662789e-07,False,29.105209046974778,-0.15,0.0,-0.73304,-0.58496,-0.50477,-0.4,0.7779111644657863,0.7779111644657863,0.0,0.7779111644657863,0.7779111644657863,0.17,0.7779111644657863,0.7779111644657863,0.52333,0.7779111644657863,0.7779111644657863,-0.15000006466485818,-7.384947811692882e-09,-0.7330400133588961,-0.5849600050258313,-0.5047700004319347,-0.4000000064172208,0.7779108579013035,0.7779108543671538,1.936756323588464e-12,0.7779108598240327,0.7779108546020369,0.17000000446449157,0.7779108596679303,0.7779108545355846,0.5233300090715086,0.777910856937861,0.7779108541275662,-0.1832146584523463,-0.0036995174063986043,-0.7397330685325962,-0.5874805059667795,-0.5049923947224364,-0.4032074091922953,0.653574150319295,0.6516979139066316,9.940387020814004e-07,0.6545842162175683,0.6518187173231915,0.17223347872374947,0.6544982983653359,0.6517832425867142,0.5278610489882278,0.6530450970410472,0.6515667107975128
28,True,0.2900000000000002,6.238750477279188,False,False,8.733854341881604e-07,False,27.86245901370421,-0.15,0.0,-0.73304,-0.58496,-0.50477,-0.4,0.8067226890756303,0.8067226890756303,0.0,0.8067226890756303,0.8067226890756303,0.17,0.8067226890756303,0.8067226890756303,0.52333,0.8067226890756303,0.8067226890756303,-0.15000006642676136,-7.398999495120823e-09,-0.7330400133860729,-0.584960005040981,-0.5047700004447709,-0.4000000064148097,0.8067223827787973,0.8067223790266318,1.99473738033051e-12,0.8067223847988121,0.8067223792682289,0.17000000446694682,0.8067223846269777,0.8067223791972857,0.5233300090620897,0.8067223817208228,0.8067223787642575,-0.18402210548088968,-0.0037061308012362633,-0.7397452481383887,-0.5874878283410868,-0.5049986797200902,-0.40320516481138713,0.6825158860028595,0.680534462525593,1.022717626515865e-06,0.6835723667461571,0.6806581133545271,0.17223395862189855,0.6834788851572874,0.680620532429108,0.5278549023512036,0.6819410754793928,0.6803924058509639
29,True,0.3000000000000002,6.238749090094789,False,False,8.730527093272258e-07,False,27.951291005592793,-0.15,0.0,-0.73304,-0.58496,-0.50477,-0.4,0.8355342136854742,0.8355342136854742,0.0,0.8355342136854742,0.8355342136854742,0.17,0.8355342136854742,0.8355342136854742,0.52333,0.8355342136854742,0.8355342136854742,-0.15000006804185403,-7.4122272625265495e-09,-0.733040013410436,-0.5849600050556265,-0.5047700004573413,-0.40000000641032074,0.8355339076490728,0.835533903686523,2.0518379056663034e-12,0.8355339097619239,0.8355339039338163,0.1700000044679069,0.8355339095749605,0.8355339038586604,0.5233300090498003,0.8355339064995799,0.8355339034024402,-0.18476448196084466,-0.0037124829467408984,-0.7397562558374654,-0.587494949560416,-0.505004834775918,-0.40320186326488383,0.7114532647991896,0.7093700853690433,1.0509584622513224e-06,0.7125541265059359,0.709496088956947,0.17223367749075405,0.7124533508781904,0.7094565400010009,0.527846515511409,0.7108340956491943,0.7092177238209395
30,True,0.3100000000000002,6.238743862646912,False,False,8.727294296012481e-07,False,28.08191697113216,-0.15,0.0,-0.73304,-0.58496,-0.50477,-0.4,0.8643457382953181,0.8643457382953181,0.0,0.8643457382953181,0.8643457382953181,0.17,0.8643457382953181,0.8643457382953181,0.52333,0.8643457382953181,0.8643457382953181,-0.15000006952678302,-7.42493210578038e-09,-0.7330400134324545,-0.5849600050698694,-0.5047700004696517,-0.4000000064037176,0.8643454325106366,0.864345428344566,2.1081531361687855e-12,0.8643454347122557,0.864345428596566,0.170000004467345,0.864345434510703,0.8643454285174738,0.5233300090330326,0.8643454312724227,0.8643454280398718,-0.1854491571025395,-0.0037186368088795644,-0.7397662278343233,-0.5875018932082373,-0.5050108630424227,-0.4031974901005733,0.7403857773368037,0.7382039413700416,1.0787687765661504e-06,0.7415291545907103,0.738331815265866,0.1722326244398215,0.7414213274387128,0.7382904364115669,0.5278327530923835,0.7397235570275665,0.738041835058018
31,True,0.32000000000000023,6.238734751883767,False,False,8.724196775456225e-07,False,29.020082962233573,-0.15,0.0,-0.73304,-0.58496,-0.50477,-0.4,0.893157262905162,0.893157262905162,0.0,0.893157262905162,0.893157262905162,0.17,0.893157262905162,0.893157262905162,0.52333,0.893157262905162,0.893157262905162,-0.15000007089628925,-7.437240141447421e-09,-0.7330400134524013,-0.5849600050837572,-0.5047700004817086,-0.40000000639497135,0.8931569573624691,0.8931569529990773,2.163942348623111e-12,0.8931569596491247,0.8931569532548194,0.17000000446523963,0.8931569594334678,0.8931569531720669,0.5233300090055218,0.8931569560381495,0.8931569526748921,-0.18608238234943958,-0.0037246213685486417,-0.7397752597729376,-0.5875086722952133,-0.5050167676974457,-0.4031920342527517,0.7693130726447892,0.7670354043121888,1.1061560593978726e-06,0.7704972397295714,0.767164676261541,0.1722307908213866,0.770382581819185,0.7671216066267024,0.5278100137258385,0.7686090378739532,0.7668641273939124
32,True,0.33000000000000024,6.238721725049305,False,False,8.721264524635408e-07,False,29.366291011683643,-0.15,0.0,-0.73304,-0.58496,-0.50477,-0.4,0.921968787515006,0.921968787515006,0.0,0.921968787515006,0.921968787515006,0.17,0.921968787515006,0.921968787515006,0.52333,0.921968787515006,0.921968787515006,-0.1500000721628787,-7.449209415109903e-09,-0.7330400134704678,-0.5849600050973158,-0.5047700004935182,-0.40000000638405997,0.9219684822038685,0.9219684776488045,2.2192729602873757e-12,0.9219684845721086,0.921968477907344,0.17000000446157354,0.9219684843427893,0.9219684778212096,0.5233300089600663,0.9219684807959168,0.9219684773062765,-0.18666924165985216,-0.0037304522014695684,-0.7397834269331981,-0.5875152956113565,-0.5050225518831553,-0.4031854878072971,0.79823489770123,0.7958640048068198,1.1331276932832654e-06,0.7994582389808328,0.7959942107841572,0.17222817006277602,0.7993369553841693,0.795949591490516,0.5277753047086403,0.7974902371485176,0.7956841484501895
33,True,0.34000000000000025,6.238704758920633,False,False,8.718519822978156e-07,False,28.6462499643676,-0.15,0.0,-0.73304,-0.58496,-0.50477,-0.4,0.95078031212485,0.95078031212485,0.0,0.95078031212485,0.95078031212485,0.17,0.95078031212485,0.95078031212485,0.52333,0.95078031212485,0.95078031212485,-0.15000007333672255,-7.460870019449645e-09,-0.7330400134868045,-0.5849600051105628,-0.5047700005050869,-0.40000000637097,0.950780007034328,0.9507800022928081,2.2789451602367455e-12,0.9507800094809316,0.9507800025532169,0.17000000445633012,0.9507800092383529,0.9507800024639829,0.5233300088906762,0.9507800055451217,0.9507800019331197,-0.18721367225416052,-0.0037361393458281668,-0.7397907954586704,-0.5875217700682788,-0.5050282186527666,-0.4031776688205583,0.827151061602986,0.8246893888652684,1.1596909140344873e-06,0.8284120426430627,0.8248200713336518,0.17222475751311728,0.8282843288295236,0.8247740464029018,0.5277281680815528,0.8263669386400011,0.8245015638959998
34,True,0.35000000000000026,6.238683839744182,False,False,8.715979717516666e-07,False,29.033458966296166,-0.15,0.0,-0.73304,-0.58496,-0.50477,-0.4,0.9795918367346939,0.9795918367346939,0.0,0.9795918367346939,0.9795918367346939,0.17,0.9795918367346939,0.9795918367346939,0.52333,0.9795918367346939,0.9795918367346939,-0.15000007442569824,-7.472244331532124e-09,-0.7330400135015437,-0.5849600051235121,-0.5047700005164207,-0.40000000635533245,0.9795915318534655,0.9795915269303797,2.332823652074039e-12,0.9795915343753531,0.9795915271917427,0.17000000444950675,0.979591534119913,0.9795915270996969,0.5233300087964351,0.9795915302853313,0.9795915265547523,-0.18771858720543033,-0.0037416905390423093,-0.7397974254079193,-0.5875281017309418,-0.5050337709734102,-0.4031669301531411,0.8560613978958217,0.8535112932265356,1.1858528118665644e-06,0.8573585378472415,0.8536419996875093,0.1722205504305793,0.8572245855882383,0.8535947167403949,0.5276696989017964,0.8552389718873198,0.8533161320185869
35,True,0.36000000000000026,6.241973486997119,False,False,0.013950036625720927,False,38.939541031140834,-0.15,0.0,-0.73304,-0.58496,-0.50477,-0.4,1.008403361344538,1.008403361344538,0.0,1.008403361344538,1.008403361344538,0.17,1.008403361344538,1.008403361344538,0.52333,1.008403361344538,1.008403361344538,-0.15000007543702354,-7.483349993928773e-09,-0.7330400135148238,-0.5849600051361932,-0.504770000527541,-0.4000000063239857,1.0084030566612205,1.0084030515610214,-0.00922174080052984,1.0066021002564203,1.0078093661005272,0.18024528844471147,1.0074169969027955,1.0082396662097963,0.5233300086808014,1.0084030550163718,1.0084030511706996,-0.18818985772292246,-0.0037471331359422086,-0.7398032866343083,-0.5875343126564393,-0.5050392150701682,-0.40315014970933694,0.8849655388016442,0.8823294886347648,-0.00066278791574137,0.8861613731906484,0.8824145082281658,0.17293509891467063,0.8860827419456755,0.882399314065574,0.5276014518936417,0.884106067735965,0.8821276538604094
36,True,0.3700000000000003,6.248914892478012,False,False,0.017692622149602065,False,38.857583014760166,-0.15,0.0,-0.73304,-0.58496,-0.50477,-0.4,1.0372148859543817,1.0372148859543817,0.0,1.0372148859543817,1.0372148859543817,0.17,1.0372148859543817,1.0372148859543817,0.52333,1.0372148859543817,1.0372148859543817,-0.1500000763795627,-7.494246532374627e-09,-0.7330400135265462,-0.584960005148615,-0.5047700005384291,-0.40000000629736343,1.0372145814562965,1.0372145761842066,-0.011624636707444291,1.034856099056756,1.0364111878775968,0.1830238390854643,1.035794741499409,1.0369919542617785,0.5233300085433035,1.0372145797373578,1.0372145757805378,-0.1886277019093807,-0.0037524633579041605,-0.7398086317743877,-0.5875404008162535,-0.5050445522984187,-0.4031246208620971,0.9138635889178233,0.9111438444921478,-0.0020482200242129887,0.9148038617283573,0.9111302963978708,0.17443896703871078,0.9148399790458926,0.9111854239762658,0.5275252325366124,0.9129682640444546,0.9109360124562134
37,True,0.3800000000000003,6.258144359788421,False,False,0.021673570167656614,False,40.379334008321166,-0.15,0.0,-0.73304,-0.58496,-0.50477,-0.4,1.0660264105642259,1.0660264105642259,0.0,1.0660264105642259,1.0660264105642259,0.17,1.0660264105642259,1.0660264105642259,0.52333,1.0660264105642259,1.0660264105642259,-0.1500000772552493,-7.504906334842437e-09,-0.7330400135372365,-0.5849600051607914,-0.5047700005491036,-0.40000000624595655,1.0660261062391911,1.0660261007997134,-0.014171014153001584,1.0629758937935605,1.06503142807408,0.18597783201068765,1.0642200417602694,1.0657502320685686,0.5233300083925128,1.066026104448545,1.06602610038405,-0.18903006434849814,-0.0037576750446882065,-0.7398137133312662,-0.5875463618296358,-0.505049783450285,-0.40308988137886237,0.9427555609738637,0.93995427374446,-0.003867591705490732,0.9433329340572877,0.939808416998465,0.17643146711564756,0.9435232176168423,0.9399578313296848,0.5274426592610089,0.9418255503736795,0.9397411362129607
38,True,0.3900000000000003,6.2779187441988995,False,False,0.06098779373503321,False,45.31737498473376,-0.15,0.0,-0.73304,-0.58496,-0.50477,-0.4,1.0948379351740696,1.0948379351740696,0.0,1.0948379351740696,1.0948379351740696,0.17,1.0948379351740696,1.0948379351740696,0.52333,1.0948379351740696,1.0948379351740696,-0.15000007805997256,-7.515362095231876e-09,-0.7330400135473996,-0.5849600051727134,-0.5047700005595658,-0.40000000619550835,1.0948376310082257,1.0948376254073662,-0.03657028103950308,1.0771282689976,1.0862644307869909,0.21410111724281922,1.0879677063415836,1.0931409704893884,0.5233300082277306,1.094837629149912,1.094837624981092,-0.18943710710092182,-0.0037629998883096584,-0.7398191274914274,-0.5875523815526718,-0.505054947982026,-0.40304607389387453,0.9716392404344198,0.9687605459518286,-0.007476011684024262,0.9707188972426457,0.9678904435179646,0.180664020726145,0.9717964039754118,0.9686155662537169,0.5273542036007063,0.9706766024032981,0.9685428683580097
39,True,0.4000000000000003,6.308915255842332,False,False,0.07392087948459117,False,49.70108298584819,-0.15,0.0,-0.73304,-0.58496,-0.50477,-0.4,1.1236494597839137,1.1236494597839137,0.0,1.1236494597839137,1.1236494597839137,0.17,1.1236494597839137,1.1236494597839137,0.52333,1.1236494597839137,1.1236494597839137,-0.15000007887405645,-7.517239756452826e-09,-0.7330400135582279,-0.5849600051847528,-0.5047700005698948,-0.40423741334170327,1.1231679234952336,1.1236491500067056,-0.040037169169801046,1.0984605749613223,1.1123580626854657,0.22468893723573652,1.1144190479840181,1.1213960103579281,0.5233300081540789,1.1236491538365287,1.1236491495713512,-0.1898376767253403,-0.0037683475236936774,-0.7398247124366373,-0.5875583922583267,-0.5050600342561457,-0.40324550180823,1.0004797774651222,0.9975631016562553,-0.012545699562383725,0.9966665804177702,0.9953084742654666,0.1872358764765152,0.9995923312139148,0.997142915790813,0.527261879697544,0.9995226609198927,0.9973412780355067
40,True,0.4100000000000003,6.3491180950769905,False,False,0.13400293926532492,False,58.32149996422231,-0.15,0.0,-0.73304,-0.58496,-0.50477,-0.4,1.1524609843937574,1.1524609843937574,0.0,1.1524609843937574,1.1524609843937574,0.17,1.1524609843937574,1.1524609843937574,0.52333,1.1524609843937574,1.1524609843937574,-0.1500000796751941,-7.533741831333013e-09,-0.7330400135693977,-0.5849600051967742,-0.5047700005800674,-0.44946280244898745,1.1432005068540199,1.1561726390428055,0.0012286917454518917,1.0614308173945752,1.1080602666679382,0.24052752616726653,1.1395244598982912,1.1493343654889263,0.5233300079571132,1.1524606785158005,1.1524606741549652,-0.1903544421304533,-0.0037744432458898724,-0.7398320363646306,-0.5875649763621983,-0.5050651624504373,-0.40713912248167894,1.0286025580480676,1.0266596196743916,-0.01468392146637551,1.0170680599074737,1.0199470759044729,0.19565237855650394,1.0269263246591946,1.0255559275393507,0.5271642782573683,1.0283603650537132,1.0261362313223017
41,True,0.4200000000000003,6.38904445038505,False,False,0.14849393500404373,False,62.25625000661239,-0.15,0.0,-0.73304,-0.58496,-0.50477,-0.4,1.1812725090036016,1.1812725090036016,0.0,1.1812725090036016,1.1812725090036016,0.17,1.1812725090036016,1.1812725090036016,0.52333,1.1812725090036016,1.1812725090036016,-0.15000008070872284,-7.548092897675246e-09,-0.7330400135840456,-0.5849600052099423,-0.5047700005903237,-0.44205287165637375,1.1803282994786413,1.1902353157708125,-0.014799964359433797,1.0718851519472092,1.129287785355691,0.23635879816751837,1.1579523248616885,1.1771778873396972,0.5420285450207891,1.1811526554541838,1.1812721987316668,-0.19089629465695315,-0.00378066925491628,-0.7398397695073439,-0.5875716533008281,-0.5050702379513228,-0.41326932071341854,1.0568120032995834,1.0563867839366026,-0.014985477964612954,1.0321915717689516,1.042063609629767,0.2041551282058448,1.0533134680384908,1.053859927111162,0.5284432049402153,1.0571856490755414,1.0549279663848958
42,True,0.4300000000000003,6.41934963438192,False,False,0.17723506433072783,False,65.49566698959097,-0.15,0.0,-0.73304,-0.58496,-0.50477,-0.4,1.2,1.2,0.0,1.2,1.2,0.17,1.2,1.2,0.52333,1.2,1.2,-0.15000008179242572,-7.562417695967244e-09,-0.7330400135995119,-0.5849600052232962,-0.5047700006004747,-0.43786719846990135,1.201324021851233,1.2126020373177377,-0.020894465318609057,1.082151416696506,1.1429288084081333,0.22604205280525771,1.1264803198049342,1.1564274906320244,0.5618004701331576,1.205556512337791,1.21674873785585,-0.19148815174467648,-0.003787351751226264,-0.7398486193911188,-0.5875786817704592,-0.5050753142921485,-0.418998062623615,1.0848504021747578,1.085955875704472,-0.015526013495927731,1.0445254372391033,1.0624347690588631,0.2107539851093712,1.0746382526724438,1.0782741975609493,0.5323493167583551,1.085653592641737,1.0842438122119287
43,True,0.44000000000000034,6.440526569052464,False,False,0.15974076894381234,False,66.50479201925918,-0.15,0.0,-0.73304,-0.58496,-0.50477,-0.4,1.2,1.2,0.0,1.2,1.2,0.17,1.2,1.2,0.52333,1.2,1.2,-0.15000008297613754,-7.579257096067271e-09,-0.7330400136172116,-0.5849600052373531,-0.5047700006106274,-0.42960505402512933,1.2028059290269748,1.2140311757485036,-0.022744587421864023,1.091718062423202,1.1462981391050395,0.22643890426164145,1.138752700986383,1.1636498806076647,0.5522115392686502,1.2040987005112487,1.2141727695039428,-0.19208842314126467,-0.0037943395898728857,-0.739858257208696,-0.5875859480447511,-0.5050803705672398,-0.42308650610077525,1.1105295888932452,1.112979808559062,-0.016465217082351352,1.0553980223426096,1.0804875690341746,0.2154299983779732,1.0911340299527894,1.098004428068514,0.5368843033491097,1.1115257883228973,1.1115121058449375
44,True,0.45000000000000034,6.4553546262964705,False,False,0.1464329982820802,False,65.40216598659754,-0.15,0.0,-0.73304,-0.58496,-0.50477,-0.4,1.2,1.2,0.0,1.2,1.2,0.17,1.2,1.2,0.52333,1.2,1.2,-0.15000008417667793,-7.588503312706829e-09,-0.7330400136364872,-0.5849600052518856,-0.50477000062074,-0.42374456079000944,1.2033686059786781,1.2145918840643566,-0.02399113685628082,1.099948377910778,1.149408711140206,0.22568791221893303,1.147392566361858,1.1688368864561287,0.5460170335057021,1.2028647032432058,1.2121010202931193,-0.19259458142548386,-0.0038012452505229053,-0.7398678514437157,-0.5875931410510878,-0.5050853446481348,-0.42524386567034794,1.132382318275202,1.1359065501194394,-0.017629330288345332,1.0654100180033144,1.095850976686942,0.2187218813347023,1.1048231015166934,1.1141922590016249,0.5402879029139825,1.1331929509347571,1.1344938980252264
45,True,0.46000000000000035,6.465409689134858,False,False,0.13501596861069318,False,66.3850829587318,-0.15,0.0,-0.73304,-0.58496,-0.50477,-0.4,1.2,1.2,0.0,1.2,1.2,0.17,1.2,1.2,0.52333,1.2,1.2,-0.15000008518899247,-7.602386065293232e-09,-0.7330400136556756,-0.5849600052662716,-0.5047700006306881,-0.41948380172457217,1.2033611609936599,1.2144473016589206,-0.024598707494770545,1.1072685211508333,1.1525864854170143,0.2246728367249155,1.1546484108618051,1.1734394793237568,0.541183981945466,1.201918032266661,1.2101791888733742,-0.1929356179380331,-0.003807838439386817,-0.7398769089956068,-0.5876000671764644,-0.5050901972992565,-0.4258704565682687,1.150145831312542,1.1544920938807486,-0.01884768976794799,1.0747877412803322,1.1086891221309292,0.22094997044968076,1.1166403772465667,1.1275994587426308,0.5422073263019578,1.1504910801103254,1.1528089993141246
46,True,0.47000000000000036,6.471036709559016,False,False,0.12524772223788716,False,66.67529098922387,-0.15,0.0,-0.73304,-0.58496,-0.50477,-0.4,1.2,1.2,0.0,1.2,1.2,0.17,1.2,1.2,0.52333,1.2,1.2,-0.15000008587106414,-7.615745339049906e-09,-0.7330400136737907,-0.5849600052801238,-0.5047700006403933,-0.4159873121106088,1.20305435466896,1.2136343064133848,-0.026690057856272355,1.1128016911236471,1.1556783284717131,0.22126089914652464,1.1612704809680605,1.1786593146467197,0.5414644319750331,1.1992476648489836,1.2065845006464622,-0.19308480821866159,-0.0038140199789707565,-0.739885214477157,-0.5876066343818778,-0.5050949096403378,-0.4253918942042262,1.1641312803183836,1.1690642213642877,-0.020133220700989933,1.083525022668606,1.1193628473871304,0.2221745745154886,1.1270930165736743,1.1388902728040233,0.5431243690888349,1.1637312845856742,1.1667234752852191
47,True,0.48000000000000037,6.473504965947995,False,False,0.115435038949346,False,65.46654202975333,-0.15,0.0,-0.73304,-0.58496,-0.50477,-0.4,1.2,1.2,0.0,1.2,1.2,0.17,1.2,1.2,0.52333,1.2,1.2,-0.1500000861694441,-7.627913525213442e-09,-0.7330400136904016,-0.5849600052932582,-0.504770000649818,-0.41336505797210027,1.2027160057317947,1.2127051241532818,-0.026179376728429946,1.119317530547501,1.1592482275824199,0.22063753965626892,1.1673916651642782,1.183014319632487,0.5367740290838404,1.1991727021503542,1.2049694443597143,-0.19308331139930654,-0.0038196955259301914,-0.7398925673650908,-0.5876127481171395,-0.5050994613912622,-0.42417142092798255,1.1748866071056274,1.1801909576282348,-0.02133926022644926,1.0916948948259781,1.1283059149051058,0.22268312791679132,1.1364875841738147,1.148539563216637,0.5432409480589324,1.173643329315332,1.1769505733812489
48,True,0.4900000000000004,6.47435957921015,False,False,0.10642447594987244,False,65.04487502388656,-0.15,0.0,-0.73304,-0.58496,-0.50477,-0.4,1.2,1.2,0.0,1.2,1.2,0.17,1.2,1.2,0.52333,1.2,1.2,-0.15000008616645047,-7.639272496702543e-09,-0.7330400137051073,-0.5849600053054856,-0.5047700006589215,-0.4111719569780168,1.2023848250648024,1.2115972084901117,-0.025484017571812435,1.1254800172701782,1.1628734365916722,0.21997008621988146,1.1730975701278166,1.1871600440649153,0.5323865077890252,1.1993375415278338,1.2034720645349368,-0.1929550406142914,-0.0038248999979503167,-0.739899024010594,-0.587618434528209,-0.5051038593529512,-0.4225129433974579,1.1830129813050796,1.1884882623432274,-0.02230013384030476,1.0994052856656158,1.135919889965505,0.22283396498491037,1.1450262970866263,1.1568832662851591,0.5425272925572482,1.1810336428585606,1.1842979423590572
49,True,0.5000000000000003,6.4741414346264285,False,False,0.09821153318472138,False,65.00475003849715,-0.15,0.0,-0.73304,-0.58496,-0.50477,-0.4,1.2,1.2,0.0,1.2,1.2,0.17,1.2,1.2,0.52333,1.2,1.2,-0.1500000859099094,-7.649684221136543e-09,-0.7330400137180206,-0.5849600053168584,-0.5047700006677174,-0.4092811779685307,1.2020835823779485,1.210376455372805,-0.024707784398967484,1.1312956942863137,1.166486979782433,0.21926184651244665,1.1785426367902991,1.1911952401382917,0.5282958096994199,1.199611613330168,1.2019980547132096,-0.19271737306420983,-0.0038297066180592787,-0.739904722423908,-0.5876237532457611,-0.505108117445978,-0.4206330202561828,1.189067422712604,1.1945225717566608,-0.02296202741227691,1.1067153906805092,1.142525027986165,0.2227544886169941,1.1528574209010014,1.1641943919669313,0.5410655055253011,1.186547375243453,1.1894384017965245
50,True,0.5100000000000003,6.473086536592807,False,False,0.09079702925807262,False,65.05762500455603,-0.15,0.0,-0.73304,-0.58496,-0.50477,-0.4,1.2,1.2,0.0,1.2,1.2,0.17,1.2,1.2,0.52333,1.2,1.2,-0.15000008543457527,-7.659299248660711e-09,-0.7330400137294174,-0.5849600053274959,-0.5047700006762336,-0.4076263730644795,1.201810664649216,1.2090927219418541,-0.023883291607717093,1.1368096933177598,1.1700381799104043,0.21848772210612963,1.183793587550576,1.1951522340533096,0.5245046623705476,1.1999082320516365,1.200499630111267,-0.19239671587376933,-0.0038341771896085127,-0.7399097804272854,-0.5876287535073424,-0.5051122471841623,-0.4186767580581842,1.1935247474687196,1.1987804355626126,-0.023330234332357563,1.1136600107438592,1.1483642877898304,0.22249962295533102,1.1600997516575167,1.1706945891873288,0.5390118866583197,1.190676065871081,1.1929036819992984
51,True,0.5200000000000004,6.470860389733741,False,False,0.08405790796435365,False,64.786541974172,-0.15,0.0,-0.73304,-0.58496,-0.50477,-0.4,1.2,1.2,0.0,1.2,1.2,0.17,1.2,1.2,0.52333,1.2,1.2,-0.15000008479326216,-7.668610745113075e-09,-0.7330400137395334,-0.5849600053374964,-0.5047700006844931,-0.4061310106588884,1.2015468054252723,1.2077357775609403,-0.023276466383815825,1.1419110128816328,1.1734862718736594,0.2161859097981628,1.1858040419543672,1.196515439983339,0.5233300313800971,1.1999999813508593,1.1999999858082793,-0.1920279623960938,-0.003838400471208537,-0.7399143759163864,-0.5876335068487367,-0.5051162646139734,-0.41673439303558635,1.1967691360588988,1.2016600500597832,-0.023487114996601145,1.1202527997594884,1.1536156201228454,0.22199137400106206,1.1666184986996413,1.176363817594934,0.5367158441642658,1.1937689337925972,1.195184524028782
52,True,0.5300000000000004,6.4669820575427615,False,False,0.07755124919114388,False,65.05124998511747,-0.15,0.0,-0.73304,-0.58496,-0.50477,-0.4,1.2,1.2,0.0,1.2,1.2,0.17,1.2,1.2,0.52333,1.2,1.2,-0.15000008405575668,-7.677182321287612e-09,-0.7330400137487244,-0.584960005347003,-0.5047700006925279,-0.4047951792275657,1.2012878383201167,1.2063617254448906,-0.022674642653608138,1.14680421994028,1.176825387877006,0.21324150326845973,1.1863241591636668,1.1966499076251387,0.5233300267963134,1.1999999875359741,1.199999990370309,-0.19164272684647257,-0.0038424414928902974,-0.739918637788117,-0.5876380674067635,-0.5051201823455105,-0.41486025057442805,1.1991018910671791,1.2034809627093421,-0.02353290936089491,1.1265088014836127,1.158407531308684,0.2211185633017316,1.1722036887234266,1.18109500283728,0.5345414504410406,1.1960762626436485,1.1966973340613134
53,True,0.5400000000000004,6.46135060689083,False,False,0.07125109514514254,False,65.8610420068726,-0.15,0.0,-0.73304,-0.58496,-0.50477,-0.4,1.2,1.2,0.0,1.2,1.2,0.17,1.2,1.2,0.52333,1.2,1.2,-0.15000008328528713,-7.685374327388861e-09,-0.733040013757248,-0.5849600053561241,-0.5047700007003634,-0.40360994026718444,1.201030600624414,1.2050073837859998,-0.02198466382889887,1.1516138515388816,1.1800453819522516,0.21040113339501634,1.1868739277217126,1.1967947044512206,0.5233300224553865,1.1999999921500901,1.199999993396144,-0.1912614875847146,-0.0038463210887135346,-0.7399226029488386,-0.5876424547825366,-0.5051240059559036,-0.41308691463269864,1.2007546999333845,1.204498265581195,-0.023470879427286324,1.1324594083543924,1.1628322770563562,0.21986121500001132,1.1768183806580685,1.1849070393762313,0.5326688393475655,1.19779017326482,1.197720528747247
54,True,0.5500000000000004,6.454161946564146,False,False,0.06515486068026681,False,65.95066603040323,-0.15,0.0,-0.73304,-0.58496,-0.50477,-0.4,1.2,1.2,0.0,1.2,1.2,0.17,1.2,1.2,0.52333,1.2,1.2,-0.1500000825228101,-7.693276696685986e-09,-0.7330400137651784,-0.5849600053648989,-0.5047700007080106,-0.402558012441759,1.2007730374414307,1.2036907969923907,-0.021224401299295415,1.1563584366702537,1.1831290072444824,0.20765558735853035,1.1874519648708803,1.1969496276574205,0.5233300187207381,1.1999999955772052,1.1999999954427705,-0.1908967484219859,-0.0038500466981438147,-0.739926282663571,-0.587646677836402,-0.505127738726659,-0.41143248231874374,1.201902797063853,1.204944467195085,-0.02328595775632313,1.1381451956236077,1.1669549194227142,0.21826721908235747,1.1805606871963246,1.1879159052306012,0.5311366698163213,1.1990595734794123,1.1984245443797898
55,True,0.5600000000000004,6.445710540376521,False,False,0.059264337747328734,False,65.43041701661423,-0.15,0.0,-0.73304,-0.58496,-0.50477,-0.4,1.2,1.2,0.0,1.2,1.2,0.17,1.2,1.2,0.52333,1.2,1.2,-0.15000008179333324,-7.700907952122582e-09,-0.7330400137725378,-0.5849600053733449,-0.5047700007154761,-0.4016256846138262,1.2005169350755678,1.2024288135023926,-0.020404026976282283,1.1610430951767041,1.1860614819836337,0.20498925507990182,1.1880573893724948,1.1971135546328653,0.5233300156701798,1.1999999981151057,1.1999999968510415,-0.1905566210677648,-0.0038536282610019566,-0.7399296960046291,-0.5876507472172658,-0.5051313841890213,-0.40990519977437634,1.2026777675945906,1.2050263988531966,-0.022978739095346798,1.1436068285173828,1.1708201248801342,0.21640527816712093,1.183574800014895,1.190263774806274,0.5299212700900288,1.1999978839985874,1.1989160581134883
56,True,0.5700000000000004,6.436292201124914,False,False,0.05358907216626782,False,65.19112503156066,-0.15,0.0,-0.73304,-0.58496,-0.50477,-0.4,1.2,1.2,0.0,1.2,1.2,0.17,1.2,1.2,0.52333,1.2,1.2,-0.1500000811130799,-7.708293960594081e-09,-0.7330400137793645,-0.5849600053814837,-0.504770000722767,-0.4008006988936494,1.2002660826597078,1.2012340373280614,-0.01953362312254417,1.1656644479165459,1.1888328542596158,0.20238893518255352,1.1886888768117527,1.1972849409561173,0.5233300132570687,1.1999999999905908,1.1999999978342943,-0.1902462245589419,-0.0038570783416916284,-0.7399328693872393,-0.5876546754805264,-0.505134946170839,-0.4085067847001602,1.2031787797414957,1.2048242237390145,-0.02255739600566058,1.1488802063955776,1.1744577297671648,0.21434304302016385,1.1860079275619808,1.1920868493878678,0.5289762391330038,1.2006905358451023,1.1992633674749589
57,True,0.5800000000000004,6.426167056446242,False,False,0.048142155386047096,False,66.0159169929102,-0.15,0.0,-0.73304,-0.58496,-0.50477,-0.4,1.2,1.2,0.0,1.2,1.2,0.17,1.2,1.2,0.52333,1.2,1.2,-0.15000008049228813,-7.715499774664514e-09,-0.7330400137857113,-0.5849600053893402,-0.504770000729891,-0.40006689020343456,1.2000230575282154,1.2001059601642938,-0.018634234457116032,1.1702290494843035,1.1914508733128673,0.19984977530293305,1.1893431894861386,1.1974618037478018,0.5233300113918259,1.2000000013743086,1.1999999985291587,-0.18996867273288526,-0.0038604120312756194,-0.7399358357859893,-0.5876584770464425,-0.5051384288091736,-0.40723431463146353,1.2034796304224433,1.2043954256592344,-0.02203430787829998,1.1539954008256257,1.1778882876505732,0.21213896789006556,1.1879914924451773,1.1935028068445617,0.5282512679273607,1.2012013949602305,1.1995111764543431
58,True,0.5900000000000004,6.415275240352406,False,False,0.04277764786913033,False,67.0565830077976,-0.15,0.0,-0.73304,-0.58496,-0.50477,-0.4,1.2,1.2,0.0,1.2,1.2,0.17,1.2,1.2,0.52333,1.2,1.2,-0.15000007993794898,-7.72746998377663e-09,-0.7330400137916359,-0.5849600053969328,-0.5047700007368466,-0.4000000143134657,1.2000000075532689,1.200000010780245,-0.016365891563077526,1.173576602770188,1.1927430522467317,0.19662576940223941,1.1901762234088262,1.1975943076004754,0.5233300095155157,1.2000000024209403,1.199999999026493,-0.18972753962780367,-0.0038636564510129714,-0.7399386547193221,-0.5876621758437898,-0.5051418381220102,-0.40612756940362355,1.2036507200892599,1.2038729656863478,-0.02131904843562086,1.1588891808639923,1.1810349412543946,0.2097827775295671,1.1896469102973188,1.194603923927569,0.5277002603990197,1.201577931173438,1.1996893637033441
59,True,0.6000000000000004,6.403513596805186,False,False,0.03646482476663741,False,71.4689579908736,-0.15,0.0,-0.73304,-0.58496,-0.50477,-0.4,1.2,1.2,0.0,1.2,1.2,0.17,1.2,1.2,0.52333,1.2,1.2,-0.15000007945492033,-7.72731475594951e-09,-0.7330400137972819,-0.5849600054043409,-0.5047700007436748,-0.40000001225492265,1.2000000073017323,1.2000000077469668,-0.013786637239201868,1.1784412583353132,1.195275580882702,0.19328971197305725,1.1900448681097167,1.196683787403107,0.5233300087402856,1.2000000031558458,1.19999999937869,-0.1895221244769337,-0.003866818165414775,-0.7399413419963056,-0.5876657793686976,-0.5051451767560775,-0.4052145522198934,1.2037468012305788,1.2033696228567428,-0.020319828056494817,1.1636283987455736,1.1839451175591613,0.20725294085722173,1.1909973264991969,1.1953815450554857,0.5272842577826486,1.2018554066948814,1.199818257134615
60,True,0.6100000000000004,6.390793072038277,False,False,0.029977965730993653,False,75.78133401693776,-0.15,0.0,-0.73304,-0.58496,-0.50477,-0.4,1.2,1.2,0.0,1.2,1.2,0.17,1.2,1.2,0.52333,1.2,1.2,-0.15000007904409085,-7.733652780672617e-09,-0.7330400138026564,-0.5849600054115479,-0.504770000750352,-0.40000001042850597,1.2000000074938069,1.200000006738953,-0.011135179947378386,1.1833535691584958,1.1975162808237072,0.18959136769458199,1.1903896749734568,1.1960969702878994,0.5233300079069981,1.200000003710834,1.1999999996365098,-0.18934882585763355,-0.00386989591340159,-0.7399438971380674,-0.5876692884625359,-0.5051484459283176,-0.4044868367871202,1.203800654263905,1.2029329956737143,-0.019014017877444504,1.1683201897862663,1.1866906636154209,0.20452831989481918,1.1920867559887256,1.1958550767146703,0.5269717122124553,1.20205990932637,1.199911918744703
61,True,0.6200000000000004,6.3772194806227205,False,False,0.024495659817809497,False,74.53245797660202,-0.15,0.0,-0.73304,-0.58496,-0.50477,-0.4,1.2,1.2,0.0,1.2,1.2,0.17,1.2,1.2,0.52333,1.2,1.2,-0.150000078697971,-7.738957480928066e-09,-0.7330400138077596,-0.5849600054185564,-0.5047700007568814,-0.4000000087513374,1.2000000076272526,1.2000000058616216,-0.008942546083679878,1.1868018814784753,1.198446728675163,0.1861485125433812,1.1916407365850878,1.1964204060392274,0.5233300070138309,1.2000000041332715,1.1999999998104098,-0.1892057909567636,-0.003872903762687996,-0.7399463526795952,-0.5876727158868553,-0.5051516492208462,-0.4039194459585366,1.2038309310122814,1.2025745882340995,-0.017460514290343267,1.1729066243771336,1.1892068843984218,0.20162869707612516,1.1930497062066157,1.1961516401530146,0.5267377085591038,1.202210634579489,1.1999802214886537
62,True,0.6300000000000004,6.363105506729645,False,False,0.019759505449100156,False,74.23041597940028,-0.15,0.0,-0.73304,-0.58496,-0.50477,-0.4,1.2,1.2,0.0,1.2,1.2,0.17,1.2,1.2,0.52333,1.2,1.2,-0.1500000784118185,-7.744741176499148e-09,-0.733040013812671,-0.5849600054254115,-0.5047700007632882,-0.4000000075167671,1.200000007706714,1.2000000051562265,-0.0071243614355706135,1.189306238058725,1.1986765985808385,0.18304817587306074,1.1932667244965052,1.1971748095057937,0.5233300063471371,1.2000000044485735,1.1999999999519972,-0.18909200082258656,-0.003875858835348915,-0.7399487474520469,-0.5876760768124067,-0.5051547906919428,-0.40348354114523405,1.2038489614548544,1.202289901546638,-0.015758898696877015,1.1772480864819588,1.1913892581053172,0.1986188673291141,1.1940202565669746,1.196412669921624,0.5265629487048107,1.2023217270326636,1.2000301684060168
63,True,0.6400000000000005,6.348700632523764,False,False,0.015024799879895,False,73.8372080377303,-0.15,0.0,-0.73304,-0.58496,-0.50477,-0.4,1.2,1.2,0.0,1.2,1.2,0.17,1.2,1.2,0.52333,1.2,1.2,-0.15000007818415823,-7.750355959443289e-09,-0.7330400138174608,-0.5849600054321336,-0.5047700007695712,-0.40000000652364287,1.2000000077665927,1.2000000046019765,-0.005352138640887228,1.1918437859586908,1.1989432875897965,0.1799457438763421,1.1948877808345464,1.1979009171674067,0.5233300057442505,1.200000004687586,1.2000000000567894,-0.18900457092968845,-0.0038787659460137068,-0.7399510936755722,-0.58767937650423,-0.5051578723675187,-0.40315207601846104,1.2038619235079475,1.202068465455619,-0.013985295516424759,1.1812797401480213,1.1932099228491488,0.1955512266386256,1.1950686094566332,1.1967144913286167,0.5264327005936719,1.2024036492449635,1.2000667629899877
64,True,0.6500000000000005,6.3341493077392315,False,False,0.010356989030688438,False,75.44533303007483,-0.15,0.0,-0.73304,-0.58496,-0.50477,-0.4,1.2,1.2,0.0,1.2,1.2,0.17,1.2,1.2,0.52333,1.2,1.2,-0.1500000780092263,-7.755853200560464e-09,-0.7330400138221532,-0.584960005438733,-0.5047700007757348,-0.400000005725183,1.2000000078206816,1.2000000041779793,-0.003646327914468478,1.1943675716398174,1.1992400406961945,0.17687692612498762,1.1964811400457458,1.198587470767304,0.5233300051760931,1.2000000048716368,1.2000000001366233,-0.18893947178810297,-0.0038816246857442103,-0.7399533922718566,-0.58768261579713,-0.5051608953307931,-0.40290186773359077,1.2038728054904824,1.201898628206362,-0.012186330278040567,1.1850093616853064,1.1947034291379424,0.19245653654274356,1.196213679112938,1.1970793308870862,0.5263357948203631,1.202464114975291,1.2000936090910272
65,True,0.6600000000000005,6.319612053580286,False,False,0.005808455971966902,False,75.93783299671486,-0.15,0.0,-0.73304,-0.58496,-0.50477,-0.4,1.2,1.2,0.0,1.2,1.2,0.17,1.2,1.2,0.52333,1.2,1.2,-0.1500000778787878,-7.763470720890259e-09,-0.7330400138267569,-0.5849600054452208,-0.5047700007817891,-0.4000000066755705,1.2000000076709427,1.200000003936734,-0.0023484396682158255,1.1971050329014128,1.1996174651763256,0.17404206234467837,1.1982939960786374,1.1993313393048044,0.5233300064657422,1.2000000049432769,1.200000000335216,-0.1888915521345121,-0.003884428471672442,-0.7399556307157408,-0.5876857903237658,-0.5051638595671997,-0.40271400698223847,1.2038827637766452,1.2017696142497387,-0.010418382426930942,1.1884902918647706,1.1959293947489638,0.18937003522837995,1.1974682500353493,1.197511759390475,0.5262638148311298,1.2025088116862293,1.2001133165027658
66,True,0.6700000000000005,6.305216317246768,False,False,0.0017236137038768532,False,77.21345900790766,-0.15,0.0,-0.73304,-0.58496,-0.50477,-0.4,1.2,1.2,0.0,1.2,1.2,0.17,1.2,1.2,0.52333,1.2,1.2,-0.15000007778294872,-7.768843437918477e-09,-0.7330400138312337,-0.5849600054515698,-0.5047700007877176,-0.4000000054283445,1.2000000077654527,1.200000003539192,-0.0011093379081523764,1.1997083569898503,1.1999999918588786,0.17128652878909112,1.1999987238285175,1.1999999950235338,0.5233300058680681,1.200000005017581,1.2000000002266158,-0.18885707189916773,-0.003887178945963398,-0.7399578138418337,-0.5876889020255055,-0.5051667663076614,-0.4025735018718075,1.2038922538337373,1.201672272705298,-0.008721328134309947,1.191771242109723,1.1969469968628146,0.18632039050129764,1.1988253676756022,1.1980021458692487,0.5262104109210924,1.2025418845060127,1.2001279168941223
67,True,0.6800000000000005,6.2915595292399455,False,False,9.059332592214617e-08,False,76.74483401933685,-0.15,0.0,-0.73304,-0.58496,-0.50477,-0.4,1.2,1.2,0.0,1.2,1.2,0.17,1.2,1.2,0.52333,1.2,1.2,-0.15000007771408322,-7.768932862913663e-09,-0.733040013835594,-0.5849600054577846,-0.5047700007935231,-0.4000000052233683,1.2000000077408925,1.200000003350671,-1.765656893089329e-08,1.1999999834618562,1.1999999939719095,0.17000003290572158,1.199999997791599,1.1999999959985295,0.5233300059749642,1.2000000050968715,1.2000000002946172,-0.18883874877651144,-0.0038899264052000226,-0.7399600496796002,-0.5876919923474553,-0.5051696249033653,-0.40246865922935043,1.2039015054614708,1.20159919975269,-0.0071157425689253205,1.1947146394779833,1.1977763131816737,0.18343227066382162,1.2001368632899858,1.1984853772393826,0.5261707569513288,1.2025662792981637,1.200139814343653
68,True,0.6900000000000005,6.279546346846582,False,False,8.680743084040051e-08,False,77.22049998119473,-0.15,0.0,-0.73304,-0.58496,-0.50477,-0.4,1.2,1.2,0.0,1.2,1.2,0.17,1.2,1.2,0.52333,1.2,1.2,-0.1500000776773926,-7.779877997035611e-09,-0.7330400138400656,-0.5849600054639653,-0.5047700007992404,-0.4000000049373018,1.2000000078028625,1.2000000031977744,-1.4231410988899129e-08,1.19999998942925,1.199999995552459,0.17000002686438176,1.2000000002735642,1.1999999969707855,0.5233300056814291,1.200000005132316,1.2000000002793012,-0.18882879811318268,-0.003892683873734349,-0.7399623646261755,-0.5876950741455741,-0.505172439061011,-0.4023906589622837,1.203910601490454,1.201544507251762,-0.005690710022769684,1.1971915267530087,1.1984325461873682,0.18089480443711312,1.2012809728815916,1.1989097044435717,0.5261414209641173,1.202584401615313,1.2001505309541098
69,True,0.7000000000000005,6.269593415011869,False,False,8.439515880617057e-08,False,76.91504101967439,-0.15,0.0,-0.73304,-0.58496,-0.50477,-0.4,1.2,1.2,0.0,1.2,1.2,0.17,1.2,1.2,0.52333,1.2,1.2,-0.15000007765746828,-7.78538523102737e-09,-0.7330400138446952,-0.5849600054701289,-0.5047700008048688,-0.4000000047813023,1.2000000078210928,1.2000000030885212,-1.1381359469458951e-08,1.1999999943830104,1.1999999968650055,0.1700000217894738,1.2000000025617943,1.1999999978194316,0.5233300056227635,1.2000000051685917,1.2000000003007583,-0.1888218696226473,-0.003895423521839588,-0.7399647003534746,-0.5876981247553463,-0.5051752048421331,-0.4023327440379091,1.203919542993,1.2015036633315646,-0.00450464718921118,1.1991893280996309,1.198941388639671,0.17879469065696976,1.2022248548302268,1.1992604938989084,0.5261197635984883,1.202598074236137,1.2001606703755034
70,True,0.7100000000000005,6.261635957926061,False,False,8.295670004387254e-08,False,78.18470895290375,-0.15,0.0,-0.73304,-0.58496,-0.50477,-0.4,1.2,1.2,0.0,1.2,1.2,0.17,1.2,1.2,0.52333,1.2,1.2,-0.150000077643603,-7.790856664663393e-09,-0.7330400138493666,-0.5849600054762302,-0.5047700008104005,-0.40000000466547353,1.200000007839002,1.2000000030069442,-9.009246686349226e-09,1.199999998378609,1.1999999978827363,0.17000001758927127,1.2000000044495764,1.1999999985210033,0.5233300055794584,1.2000000051959716,1.2000000003210778,-0.1888161714272149,-0.003898118674922,-0.7399670010118263,-0.5877011218506165,-0.5051779182978667,-0.4022897859908228,1.2039283162006746,1.2014732178140732,-0.0035539710029582603,1.2007571496476646,1.1993301809046448,0.1771170459442307,1.2029771104668654,1.199540188113828,0.5261037752696747,1.2026094509736298,1.2001704721599875
71,True,0.7200000000000005,6.25541766107963,False,False,8.217792257246164e-08,False,77.91104097850621,-0.15,0.0,-0.73304,-0.58496,-0.50477,-0.4,1.2,1.2,0.0,1.2,1.2,0.17,1.2,1.2,0.52333,1.2,1.2,-0.15000007763220324,-7.796240039398966e-09,-0.733040013853968,-0.5849600054822245,-0.5047700008158276,-0.4000000045795585,1.200000007856566,1.200000002946143,-7.107905209725873e-09,1.2000000015142531,1.1999999986603453,0.1700000142340041,1.2000000059541074,1.1999999990803856,0.5233300055474919,1.2000000052187558,1.2000000003407254,-0.1888111031220888,-0.0039007541796874526,-0.7399692344494376,-0.5877040528083374,-0.5051805775238001,-0.4022579391732691,1.2039369123716728,1.2014505561246662,-0.0028099956159957215,1.2019646765453949,1.1996240014383517,0.17580693573364228,1.2035630264645056,1.1997580231337908,0.5260916141167605,1.2026198133463175,1.2001800320024083
72,True,0.7300000000000005,6.250632570937006,False,False,8.180020042136877e-08,False,77.12937495671213,-0.15,0.0,-0.73304,-0.58496,-0.50477,-0.4,1.2,1.2,0.0,1.2,1.2,0.17,1.2,1.2,0.52333,1.2,1.2,-0.15000007762206494,-7.80150532630336e-09,-0.7330400138584351,-0.5849600054880866,-0.5047700008211461,-0.40000000451586587,1.20000000787377,1.200000002900891,-5.619962765556624e-09,1.2000000039293104,1.199999999247998,0.17000001161380174,1.2000000071259571,1.1999999995160513,0.5233300055231787,1.2000000052395057,1.2000000003598854,-0.1888064486436833,-0.003903324316959408,-0.7399713879889503,-0.5877069130298346,-0.5051831823095325,-0.402234336504894,1.2039453296135834,1.2014337065636984,-0.0022370244859855615,1.202882386481985,1.1998441988487731,0.17479930477265684,1.2040121316550558,1.1999249846020754,0.526081227828582,1.2026296630332325,1.2001893890472866
73,True,0.7400000000000005,6.246989459240124,False,False,8.164645546095154e-08,False,77.06224999856204,-0.15,0.0,-0.73304,-0.58496,-0.50477,-0.4,1.2,1.2,0.0,1.2,1.2,0.17,1.2,1.2,0.52333,1.2,1.2,-0.15000007761275486,-7.80664109007942e-09,-0.7330400138627423,-0.5849600054938072,-0.5047700008263558,-0.4000000044686587,1.2000000078906126,1.200000002867247,-4.474037995551988e-09,1.2000000057647322,1.1999999996883979,0.1700000095985689,1.2000000080241833,1.1999999998499702,0.5233300055024099,1.200000005259226,1.2000000003786346,-0.18880211156809568,-0.0039058289799602567,-0.7399734605772732,-0.5877097026968199,-0.5051857334476452,-0.4022168465594404,1.2039535703145987,1.201420699687445,-0.0018006059937756445,1.203573074552514,1.2000081558676927,0.1740324547191836,1.204352421631534,1.2000515145828028,0.5260716265779001,1.2026391982777587,1.2001985603672534
74,True,0.7500000000000006,6.244236705527926,False,False,8.160783340085334e-08,False,77.05416600219905,-0.15,0.0,-0.73304,-0.58496,-0.50477,-0.4,1.2,1.2,0.0,1.2,1.2,0.17,1.2,1.2,0.52333,1.2,1.2,-0.15000007760407985,-7.811646960797364e-09,-0.7330400138668878,-0.5849600054993868,-0.5047700008314583,-0.40000000443368006,1.2000000079070987,1.2000000028412765,-3.6012035152955396e-09,1.2000000071461128,1.200000000016314,0.1700000080648769,1.2000000087047762,1.200000000103027,0.523330005483215,1.2000000052783135,1.2000000003970064,-0.18879803178833676,-0.003908270893833654,-0.7399754570454716,-0.5877124244008352,-0.5051882322288087,-0.40220378074442825,1.2039616392972312,1.2014094512876967,-0.0014707852057161258,1.2040891391912132,1.2001296195409574,0.1734531964629666,1.2046080771070578,1.2001466229462738,0.5260624241715299,1.2026484995337068,1.2002075544070876
75,True,0.7600000000000006,6.242168018705325,False,False,8.162228195688973e-08,False,76.42204099101946,-0.15,0.0,-0.73304,-0.58496,-0.50477,-0.4,1.2,1.2,0.0,1.2,1.2,0.17,1.2,1.2,0.52333,1.2,1.2,-0.1500000775959196,-7.816528156505409e-09,-0.7330400138708809,-0.5849600055048303,-0.504770000836456,-0.4000000044075494,1.2000000079232398,1.2000000028188147,-2.9415638072051442e-09,1.2000000081782458,1.2000000002592428,0.17000000690636669,1.2000000092160974,1.2000000002932416,0.5233300054648161,1.2000000052969295,1.2000000004150173,-0.18879416169421223,-0.0039106539199087525,-0.7399773845926431,-0.5877150816982235,-0.5051906801347366,-0.4021930745625742,1.2039695430029598,1.2013990091859128,-0.0012229207237295203,1.2044726170302076,1.2002192435110153,0.17301798772489813,1.2047989260774483,1.200217683859559,0.5260534695016797,1.2026576013902983,1.2002163762361495
76,True,0.7700000000000006,6.240619564749968,False,False,8.165665469307742e-08,False,76.6351250349544,-0.15,0.0,-0.73304,-0.58496,-0.50477,-0.4,1.2,1.2,0.0,1.2,1.2,0.17,1.2,1.2,0.52333,1.2,1.2,-0.15000007758817885,-7.821292188556206e-09,-0.7330400138747362,-0.5849600055101452,-0.5047700008413519,-0.4000000043861378,1.2000000079390494,1.2000000027979576,-2.4458362299448894e-09,1.2000000089452048,1.2000000004384912,0.17000000603595405,1.2000000095978032,1.200000000435362,0.5233300054469114,1.2000000053151436,1.2000000004326787,-0.18879046163817534,-0.003912982031674295,-0.7399792506529025,-0.5877176782405135,-0.5051930786541363,-0.40218338658974934,1.2039772878772221,1.2013889990131084,-0.0010374056691509945,1.204756377179138,1.2002851638240808,0.17269228390723285,1.2049407076136518,1.2002705401178886,0.5260447028917545,1.2026665203664761,1.200225029613647
77,True,0.7800000000000006,6.239463885919088,False,False,8.16945592381178e-08,False,77.04216695856303,-0.15,0.0,-0.73304,-0.58496,-0.50477,-0.4,1.2,1.2,0.0,1.2,1.2,0.17,1.2,1.2,0.52333,1.2,1.2,-0.1500000775807783,-7.825946882721035e-09,-0.7330400138784684,-0.5849600055153383,-0.5047700008461491,-0.4000000043667625,1.2000000079545408,1.2000000027779578,-2.0748071427167253e-09,1.2000000095127277,1.200000000570332,0.1700000053845501,1.2000000098813721,1.2000000005410734,0.5233300054293818,1.2000000053329893,1.200000000449999,-0.18878689864227174,-0.003915258887462805,-0.7399810620039977,-0.5877202174112066,-0.5051954292060222,-0.4021741888610185,1.2039848798320603,1.2013792721237337,-0.0008989704488737557,1.2049656701261335,1.2003335263136024,0.17244923070119933,1.2050456462839099,1.20030972327696,0.5260361001482136,1.2026752657137496,1.2002335177901442
78,True,0.7900000000000006,6.238600979117286,False,False,1.4393373651174882e-07,False,76.82895800098777,-0.15,0.0,-0.73304,-0.58496,-0.50477,-0.4,1.1812725090036016,1.1812725090036016,0.0,1.1812725090036016,1.1812725090036016,0.17,1.1812725090036016,1.1812725090036016,0.52333,1.1812725090036016,1.1812725090036016,-0.1500000775736519,-7.832271799873558e-09,-0.7330400138820913,-0.5849600055204168,-0.5047700008508503,-0.400000004346074,1.1812725543881006,1.1812725491680764,-1.8001240761683288e-09,1.1812725563951416,1.1812725470849528,0.1700000048957769,1.1812725565468067,1.1812725470459091,0.5233300054042344,1.1812725517602467,1.1812725468704812,-0.1888464091956609,-0.0039180916410076075,-0.7399841098909447,-0.5877231942456689,-0.5051978345075716,-0.4021654862129306,1.2026277426885987,1.199910582850638,-0.0007958811406221504,1.2037790687775558,1.1989847254299388,0.17226779068533024,1.2037826787583525,1.1989544201682902,0.52602791887919,1.2013156327603418,1.1988479088715842
79,True,0.8000000000000006,6.237956446513292,False,False,2.8621641532544816e-07,False,77.66629196703434,-0.15,0.0,-0.73304,-0.58496,-0.50477,-0.4,1.1524609843937577,1.1524609843937577,0.0,1.1524609843937577,1.1524609843937577,0.17,1.1524609843937577,1.1524609843937577,0.52333,1.1524609843937577,1.1524609843937577,-0.15000007769249932,-7.838771985679838e-09,-0.7330400138881836,-0.5849600055263693,-0.5047700008556607,-0.40000000432757987,1.152461084668245,1.1524610792210093,-1.5949663311008028e-09,1.1524610870374374,1.1524610773819228,0.17000000453162747,1.152461087032438,1.1524610773336814,0.523330005384118,1.1524610820313228,1.1524610770867358,-0.18906369574985318,-0.003921882511085541,-0.7399892572162697,-0.5877269359269295,-0.5052003623239532,-0.4021573810269703,1.197971680043765,1.1950476281885978,-0.0007192277609777972,1.19928428943803,1.1942902508117932,0.1721323051258891,1.1992323377998775,1.1942552543857141,0.526020391268199,1.1966488784712992,1.1941165403867458
80,True,0.8100000000000006,6.237481567020021,False,False,4.1911635782428003e-07,False,76.20054198196158,-0.15,0.0,-0.73304,-0.58496,-0.50477,-0.4,1.1236494597839137,1.1236494597839137,0.0,1.1236494597839137,1.1236494597839137,0.17,1.1236494597839137,1.1236494597839137,0.52333,1.1236494597839137,1.1236494597839137,-0.1500000781266376,-7.846068481552615e-09,-0.7330400138984725,-0.5849600055338505,-0.504770000860716,-0.40000000431172333,1.123649608376275,1.1236496025164862,-1.4412598818396016e-09,1.1236496110598289,1.1236496010140884,0.17000000426105946,1.1236496109450367,1.1236496009546029,0.5233300053703389,1.1236496057193937,1.123649600646745,-0.18944536067504847,-0.0039263552434728715,-0.739995918796987,-0.5877312269674593,-0.5052029698288015,-0.40214985102233575,1.189167766808795,1.1860061930044061,-0.0006623037403557061,1.1906275233498964,1.1854177088766844,0.17203245180093954,1.1905351871155712,1.185379326602042,0.5260135402678461,1.187828340133361,1.1852104704356934
81,True,0.8200000000000006,6.237143394177841,False,False,5.305771852715014e-07,False,71.7286670114845,-0.15,0.0,-0.73304,-0.58496,-0.50477,-0.4,1.0948379351740696,1.0948379351740696,0.0,1.0948379351740696,1.0948379351740696,0.17,1.0948379351740696,1.0948379351740696,0.52333,1.0948379351740696,1.0948379351740696,-0.15000007888951383,-7.854517385455506e-09,-0.7330400139117915,-0.5849600055424311,-0.5047700008659308,-0.4000000042970799,1.094838123789629,1.0948381174553936,-1.3268000874410227e-09,1.0948381267565797,1.0948381162939478,0.17000000406169422,1.0948381265643716,1.0948381162235432,0.5233300053581865,1.0948381211022318,1.0948381158601002,-0.18992906765337023,-0.003931054255806303,-0.7400031309629905,-0.5877357048460712,-0.5052055837209409,-0.4021428770771576,1.176336341438467,1.1729538183047226,-0.0006200780347047971,1.1779201212103132,1.1725147336790824,0.17196121132966335,1.1777983377406807,1.1724739334703242,0.526007374953162,1.1749800968124142,1.1722789663679274
82,True,0.8300000000000006,6.236917083926079,False,False,6.200112451382215e-07,False,71.1523339850828,-0.15,0.0,-0.73304,-0.58496,-0.50477,-0.4,1.0660264105642259,1.0660264105642259,0.0,1.0660264105642259,1.0660264105642259,0.17,1.0660264105642259,1.0660264105642259,0.52333,1.0660264105642259,1.0660264105642259,-0.15000007985664518,-7.863451127222698e-09,-0.7330400139262143,-0.5849600055513863,-0.5047700008711585,-0.4000000042837494,1.0660266311467517,1.0660266243734986,-1.2416602104131647e-09,1.0660266343532008,1.0660266235112141,0.17000000391979256,1.0660266341040436,1.0660266234333426,0.5233300053475112,1.0660266284292197,1.0660266230217743,-0.19044559145847328,-0.003935643059326011,-0.7400101876151151,-0.5877400971481025,-0.5052081483807312,-0.4021365030785572,1.1599893452272239,1.1564273286132603,-0.0005887852894750357,1.1616690417393498,1.156112237069971,0.17191329350315454,1.1615257199279567,1.1560697052812012,0.5260019764386671,1.1586205097837294,1.1558532375576154
83,True,0.8400000000000006,6.236781774770214,False,False,6.899457090512453e-07,False,72.21275003394112,-0.15,0.0,-0.73304,-0.58496,-0.50477,-0.4,1.037214885954382,1.037214885954382,0.0,1.037214885954382,1.037214885954382,0.17,1.037214885954382,1.037214885954382,0.52333,1.037214885954382,1.037214885954382,-0.15000008088960048,-7.87234553326771e-09,-0.7330400139403279,-0.5849600055601711,-0.504770000876288,-0.40000000427142196,1.037215131473751,1.0372151243427778,-1.178673654771839e-09,1.037215134863439,1.037215123727211,0.1700000038244992,1.0372151345722198,1.0372151236443332,0.5233300053381776,1.037215128732184,1.0372151231934565,-0.19093997308179195,-0.003939930129067845,-0.7400166898527266,-0.5877442450630416,-0.5052106311219724,-0.40213081473823054,1.1407436252366399,1.1370517449553166,-0.0005656145931717978,1.142490832662878,1.136835809637345,0.17188428533842057,1.1423317594371774,1.1367919969949263,0.5259974743744246,1.139368662120982,1.136558390467987
84,True,0.8500000000000006,6.236707399276835,False,False,7.437213275031482e-07,False,71.47241698112339,-0.15,0.0,-0.73304,-0.58496,-0.50477,-0.4,1.008403361344538,1.008403361344538,0.0,1.008403361344538,1.008403361344538,0.17,1.008403361344538,1.008403361344538,0.52333,1.008403361344538,1.008403361344538,-0.15000008187842265,-7.880716524667764e-09,-0.733040013953334,-0.5849600055684676,-0.5047700008812537,-0.40000000426029275,1.0084036260017504,1.0084036186118204,-1.1321163341645665e-09,1.0084036295183822,1.0084036181952072,0.1700000037668892,1.0084036291999796,1.0084036181053844,0.5233300053309032,1.008403623249792,1.0084036176262345,-0.19137552778069725,-0.003943830985162118,-0.7400224621871562,-0.5877480753070415,-0.5052130168029259,-0.4021259119681058,1.1191890119318892,1.1154151051251293,-0.0005484721162756957,1.1209782041515646,1.1152766788687007,0.17186798578598048,1.120807683216426,1.1152318538906474,0.5259940131229136,1.1178148896658682,1.1149848219744987
85,True,0.8600000000000007,6.2366593033578654,False,False,7.845959459243836e-07,False,70.53383300080895,-0.15,0.0,-0.73304,-0.58496,-0.50477,-0.4,0.9795918367346939,0.9795918367346939,0.0,0.9795918367346939,0.9795918367346939,0.17,0.9795918367346939,0.9795918367346939,0.52333,0.9795918367346939,0.9795918367346939,-0.1500000827496921,-7.888309834329366e-09,-0.7330400139648806,-0.5849600055761289,-0.5047700008860253,-0.40000000425082316,0.9795921159110534,0.9795921083584712,-1.097593929156107e-09,0.9795921195064907,0.979592108094231,0.17000000373473576,0.9795921191648658,0.9795921080025355,0.5233300053249267,0.9795921131612154,0.9795921074986473,-0.19173161778909947,-0.003947327741956401,-0.7400274659434467,-0.587751568855032,-0.5052153015861762,-0.4021218907311668,1.0958362785798328,1.092021605606097,-0.0005356953223105057,1.0976463257929163,1.0919429419727145,0.17185730903840113,1.0974676176363538,1.0918972461085192,0.5259917292823917,1.09446943074525,1.091639735624394
86,True,0.8700000000000007,6.23662357438881,False,False,8.154104170662213e-07,False,69.87304100766778,-0.15,0.0,-0.73304,-0.58496,-0.50477,-0.4,0.95078031212485,0.95078031212485,0.0,0.95078031212485,0.95078031212485,0.17,0.95078031212485,0.95078031212485,0.52333,0.95078031212485,0.95078031212485,-0.15000008346208923,-7.895134594704256e-09,-0.7330400139748902,-0.584960005583117,-0.5047700008905952,-0.40000000424305804,0.9507806022230653,0.9507805945900352,-1.0718730199211698e-09,0.9507806058562189,0.9507805944430049,0.17000000371375257,0.9507806054979359,0.9507805943496799,0.5233300053211365,0.9507805994880372,0.9507805938267095,-0.19200220047448183,-0.003950436288291495,-0.740031731056025,-0.5877547343305625,-0.5052174874246411,-0.4021188332026613,1.071104369685409,1.0672822620931832,-0.0005252533990597557,1.0729187763875485,1.0672493458425156,0.17184930086306355,1.072734411537671,1.0672028404765952,0.5259907394662272,1.0697502881900283,1.0669370799306443
87,True,0.8800000000000007,6.23659513777327,False,False,8.385011186757743e-07,False,63.210833992343396,-0.15,0.0,-0.73304,-0.58496,-0.50477,-0.4,0.9219687875150061,0.9219687875150061,0.0,0.9219687875150061,0.9219687875150061,0.17,0.9219687875150061,0.9219687875150061,0.52333,0.9219687875150061,0.9219687875150061,-0.15000008400348872,-7.901206609123301e-09,-0.7330400139834224,-0.5849600055894488,-0.5047700008949672,-0.4000000042371964,0.9219690857761048,0.9219690781288841,-1.0508604632092008e-09,0.9219690894147915,0.9219690780718318,0.1700000036981188,0.9219690890451742,0.9219690779752054,0.5233300053191411,0.9219690830658511,0.9219690774387448,-0.19219612900815763,-0.0039531880190530055,-0.7400353185227401,-0.5877575935028182,-0.5052195790796105,-0.402116804752363,1.045325695163376,1.0415219609788997,-0.0005158168806798825,1.047132147681211,1.041523989974572,0.17184283633783395,1.0469441429154895,1.0414766942960054,0.5259911367032727,1.0439888814518086,1.0412043205147927
88,True,0.8900000000000007,6.236572111285816,False,False,8.557259556792233e-07,False,58.14320797799155,-0.15,0.0,-0.73304,-0.58496,-0.50477,-0.4,0.8931572629051624,0.8931572629051624,0.0,0.8931572629051624,0.8931572629051624,0.17,0.8931572629051624,0.8931572629051624,0.52333,0.8931572629051624,0.8931572629051624,-0.15000008439155582,-7.906599573843931e-09,-0.7330400139905993,-0.584960005595168,-0.5047700008991507,-0.4000000042332946,0.8931575672346512,0.8931575596248772,-1.0318500173224499e-09,0.8931575708548826,0.8931575596365031,0.17000000368547963,0.8931575704772063,0.8931575595361959,0.5233300053218095,0.893157564559407,0.8931575589902175,-0.19232146195422023,-0.0039556291825215036,-0.7400383179979776,-0.587760182743162,-0.5052215846727245,-0.40211585666465477,1.0187587270292306,1.0149923902793283,-0.000506862542959238,1.020548546134095,1.0150211792309372,0.1718374957828053,1.0203585150983019,1.0149731047239314,0.525992994430117,1.0174426355430282,1.0146952975045616
89,True,0.9000000000000007,6.236553821153246,False,False,8.685294259779493e-07,False,58.10179200489074,-0.15,0.0,-0.73304,-0.58496,-0.50477,-0.4,0.8643457382953181,0.8643457382953181,0.0,0.8643457382953181,0.8643457382953181,0.17,0.8643457382953181,0.8643457382953181,0.52333,0.8643457382953181,0.8643457382953181,-0.1500000846424099,-7.911389526132906e-09,-0.7330400139965998,-0.5849600056003472,-0.504770000903162,-0.40000000423161425,0.8643460471158142,0.8643460395813888,-1.0138622758178173e-09,0.8643460507010536,0.8643460396449064,0.17000000367495594,0.864346050318461,0.8643460395436457,0.5233300053257283,0.8643460444822697,0.8643460389875023,-0.19238651461587405,-0.003957809262775111,-0.740040825261254,-0.5877625423407473,-0.50522351328676,-0.4021160265617676,0.9916013914992038,0.9878859039375205,-0.0004981856651637192,0.9933688054476507,0.987935320887933,0.1718331275675947,0.993178043603491,0.9878864895835044,0.5259963671753283,0.990308553348487,0.9876041025891538
90,True,0.9100000000000007,6.236540032251679,False,False,8.780186772330513e-07,False,58.638624963350594,-0.15,0.0,-0.73304,-0.58496,-0.50477,-0.4,0.8355342136854743,0.8355342136854743,0.0,0.8355342136854743,0.8355342136854743,0.17,0.8355342136854743,0.8355342136854743,0.52333,0.8355342136854743,0.8355342136854743,-0.15000008477268076,-7.915722964255134e-09,-0.7330400140016157,-0.584960005605067,-0.5047700009070195,-0.40000000423198373,0.8355345258159556,0.8355345183834918,-9.964905238859026e-10,0.8355345293547793,0.8355345184865948,0.17000000366625548,0.8355345289707448,0.8355345183850165,0.5233300053325421,0.8355345232289209,0.8355345178199122,-0.19239991785199834,-0.003959770924731859,-0.740042922858396,-0.5877647068564814,-0.5052253727579427,-0.4021173382220702,0.9640033969179749,0.9603481020692047,-0.0004897052473399737,0.9657447226165775,0.9604135807758741,0.17182967801832424,0.96555429376312,0.9603640325796885,0.5260012903789767,0.9627356937036987,0.9600777163327657
91,True,0.9200000000000007,6.236530665611814,False,False,8.850306346148185e-07,False,50.965625036042184,-0.15,0.0,-0.73304,-0.58496,-0.50477,-0.4,0.8067226890756304,0.8067226890756304,0.0,0.8067226890756304,0.8067226890756304,0.17,0.8067226890756304,0.8067226890756304,0.52333,0.8067226890756304,0.8067226890756304,-0.15000008479962923,-7.91959660698116e-09,-0.733040014005812,-0.5849600056093965,-0.5047700009107386,-0.4000000042345939,0.8067230036333661,0.8067229963223386,-9.79453718651102e-10,0.8067230071192528,0.8067229964553242,0.17000000365926415,0.806723006736761,0.8067229963544863,0.5233300053423048,0.8067230010976087,0.8067229957815368,-0.1923670885325699,-0.003961556943974157,-0.7400446931171201,-0.5877667121415636,-0.5052271713258196,-0.4021198060565508,0.9360774052627573,0.9324884654932691,-0.00048138834641531746,0.9377905135434312,0.9325666156242408,0.1718271286600173,0.9376012806232531,0.9325164128037486,0.5260077864836523,0.9348361729880914,0.9322266957584346
92,True,0.9300000000000007,6.236525681892656,False,False,8.90197075836114e-07,False,40.68808304145932,-0.15,0.0,-0.73304,-0.58496,-0.50477,-0.4,0.7779111644657867,0.7779111644657867,0.0,0.7779111644657867,0.7779111644657867,0.17,0.7779111644657867,0.7779111644657867,0.52333,0.7779111644657867,0.7779111644657867,-0.15000008473409787,-7.923094925803287e-09,-0.7330400140093534,-0.5849600056134076,-0.5047700009143359,-0.4000000042396078,0.7779114807952,0.7779114736171523,-9.627202294366054e-10,0.7779114842238672,0.7779114737745676,0.17000000365416468,0.7779114838439193,0.7779114736732486,0.523330005355384,0.7779114783126676,0.7779114730935902,-0.19228982014406393,-0.003963204059512485,-0.7400462064142371,-0.5877685891270229,-0.5052289161807912,-0.40212343494509106,0.9079075578423177,0.9043889030698709,-0.0004732206918874537,0.9095913540154399,0.9044772015572108,0.17182547047578023,0.909404021727932,0.9044264276689427,0.5260167903813712,0.9066937613727889,0.9041337835883619
93,True,0.9400000000000007,6.236525033377599,False,False,8.939878421858258e-07,False,40.11662502307445,-0.15,0.0,-0.73304,-0.58496,-0.50477,-0.4,0.7490996398559424,0.7490996398559424,0.0,0.7490996398559424,0.7490996398559424,0.17,0.7490996398559424,0.7490996398559424,0.52333,0.7490996398559424,0.7490996398559424,-0.15000008457968367,-7.92639371412912e-09,-0.7330400140123806,-0.5849600056171619,-0.5047700009178258,-0.40000000424685317,0.7490999574693782,0.7490999504318894,-9.463906140423466e-10,0.7490999608377731,0.7490999506086407,0.17000000365084852,0.7490999604626897,0.7490999505069638,0.5233300053734478,0.7490999550417147,0.7490999499216332,-0.1921730387744004,-0.003964736977789704,-0.740047509554282,-0.587770357775934,-0.5052306120562993,-0.40212821937597293,0.8795561073682695,0.8761104462692121,-0.0004651952770743536,0.8812099937068717,0.8762069937019078,0.1718246933582404,0.8810251725024133,0.8761557502018712,0.5260329105017278,0.8783706000408925,0.8758606618329952
94,True,0.9500000000000007,6.236528659270445,False,False,8.967540246019539e-07,False,38.38745900429785,-0.15,0.0,-0.73304,-0.58496,-0.50477,-0.4,0.7202881152460985,0.7202881152460985,0.0,0.7202881152460985,0.7202881152460985,0.17,0.7202881152460985,0.7202881152460985,0.52333,0.7202881152460985,0.7202881152460985,-0.15000008434623005,-7.929432428374628e-09,-0.7330400140149875,-0.5849600056206995,-0.5047700009212177,-0.4000000042564771,0.7202884337801803,0.7202884268886711,-9.302986416154582e-10,0.7202884370884619,0.720288427081858,0.17000000364934723,0.7202884367185709,0.7202884269792904,0.5233300054057297,0.7202884314090926,0.7202884263890885,-0.19202262259198213,-0.003966175810311562,-0.7400486401309088,-0.5877720343283435,-0.5052322628961872,-0.4021341469336359,0.8510691172828908,0.8476984551007058,-0.0004573079314903519,0.8526927161981596,0.8478017972098939,0.1718247848091554,0.8525109475424294,0.8477502015056491,0.5260610822330102,0.849912732491397,0.8474531917117442
95,True,0.9600000000000007,6.236536487814088,False,False,8.98754543779225e-07,False,38.035959005355835,-0.15,0.0,-0.73304,-0.58496,-0.50477,-0.4,0.6914765906362547,0.6914765906362547,0.0,0.6914765906362547,0.6914765906362547,0.17,0.6914765906362547,0.6914765906362547,0.52333,0.6914765906362547,0.6914765906362547,-0.1500000840454908,-7.932319172170021e-09,-0.7330400140172492,-0.5849600056240528,-0.5047700009245194,-0.4000000042683146,0.691476909819777,0.6914769030782599,-9.145576235344496e-10,0.6914769130673241,0.6914769032850037,0.17000000364953924,0.6914769127036247,0.6914769031817563,0.5233300054620582,0.6914769075069319,0.6914769025877217,-0.19184204571035682,-0.003967540277030984,-0.7400496348204858,-0.5877736353151574,-0.5052338727659896,-0.402141200734669,0.8224807560692489,0.8191865885252263,-0.0004495556039533967,0.824073814563427,0.8192955893218,0.17182573022587416,0.8238955709020758,0.8192437722264131,0.5261024793581898,0.8213542919443559,0.8189454097538
96,True,0.9700000000000008,6.236548436311694,False,False,9.001817944745298e-07,False,28.900333971250802,-0.15,0.0,-0.73304,-0.58496,-0.50477,-0.4,0.6626650660264105,0.6626650660264105,0.0,0.6626650660264105,0.6626650660264105,0.17,0.6626650660264105,0.6626650660264105,0.52333,0.6626650660264105,0.6626650660264105,-0.15000008368442072,-7.935061060483639e-09,-0.7330400140192389,-0.584960005627255,-0.5047700009277393,-0.40000000428239596,0.6626653856565375,0.6626653790680053,-8.991035550082703e-10,0.6626653888427765,0.6626653792859908,0.17000000365144038,0.6626653884862391,0.6626653791823575,0.523330005544837,0.6626653834035315,0.6626653785856373,-0.19163058024443047,-0.0039688498846679274,-0.7400505297319886,-0.5877751776147757,-0.5052354458555074,-0.40215006064609554,0.7938164071138053,0.7905998085974787,-0.00044193569739890703,0.7953787503281801,0.7907135603101089,0.17182751285159792,0.7952044304784414,0.7906616623427197,0.5261560795878808,0.7927205919361907,0.7903625563230909
97,True,0.9800000000000008,6.2365644032342376,False,False,9.01178213331239e-07,False,28.62979198107496,-0.15,0.0,-0.73304,-0.58496,-0.50477,-0.4,0.6338535414165667,0.6338535414165667,0.0,0.6338535414165667,0.6338535414165667,0.17,0.6338535414165667,0.6338535414165667,0.52333,0.6338535414165667,0.6338535414165667,-0.1500000832615756,-7.937681934487573e-09,-0.733040014021029,-0.5849600056303398,-0.5047700009308855,-0.40000000430011284,0.6338538613412535,0.6338538549078558,-8.838694581466723e-10,0.6338538644660432,0.6338538551353459,0.17000000365500675,0.63385386411737,0.6338538550315503,0.5233300056520099,0.6338538591495432,0.6338538544333415,-0.19138704783952828,-0.003970118271879102,-0.7400513494490488,-0.5877766727400736,-0.5052369851476995,-0.4021633664207444,0.765094655219227,0.761956577083681,-0.0004344458113162273,0.7666260518991219,0.7620743281141241,0.17183011217058755,0.7664560078228055,0.7620224968685668,0.5262199518878635,0.7640302298049562,0.7617233059968455
98,True,0.9900000000000008,6.236584271676419,False,False,9.0184810805347e-07,False,28.232415963429958,-0.15,0.0,-0.73304,-0.58496,-0.50477,-0.4,0.6050420168067228,0.6050420168067228,0.0,0.6050420168067228,0.6050420168067228,0.17,0.6050420168067228,0.6050420168067228,0.52333,0.6050420168067228,0.6050420168067228,-0.15000008277459995,-7.940220871430204e-09,-0.7330400140226686,-0.5849600056333302,-0.5047700009339643,-0.400000004326721,0.6050423369111124,0.6050423306347528,-8.688962108952154e-10,0.6050423399739928,0.6050423308702433,0.17000000366020765,0.6050423396338857,0.6050423307665809,0.5233300057797323,0.6050423347821796,0.6050423301682006,-0.19111054002832545,-0.0039713552380475714,-0.7400521108323348,-0.5877781287306496,-0.5052384928504624,-0.4021839099819189,0.7363290811061346,0.733270531638813,-0.00042708364229336046,0.7378291692826605,0.7333916351412274,0.17183350459281593,0.7376637244498175,0.7333400234387384,0.5262919684371045,0.735296846440078,0.7330414589877011
99,True,1.0000000000000007,6.236607912479084,False,False,9.022681617215815e-07,False,28.533749980852008,-0.15,0.0,-0.73304,-0.58496,-0.50477,-0.4,0.5762304921968789,0.5762304921968789,0.0,0.5762304921968789,0.5762304921968789,0.17,0.5762304921968789,0.5762304921968789,0.52333,0.5762304921968789,0.5762304921968789,-0.15000008222167613,-7.942696331371402e-09,-0.7330400140241915,-0.5849600056362422,-0.5047700009369798,-0.4000000043678069,0.57623081239329,0.5762308062759846,-8.541740508806982e-10,0.5762308153935479,0.5762308065181818,0.170000003666992,0.5762308150626447,0.576230806414958,0.5233300059237449,0.5762308103287362,0.5762308058178286,-0.1908003273600621,-0.0039725683490730536,-0.7400528261346444,-0.587779551659864,-0.5052399707381261,-0.402212949573382,0.7075296200230602,0.7045517427141355,-0.0004198469458284764,0.7089978799083805,0.7046756212954539,0.17183766407663595,0.7088373390004293,0.7046243856713087,0.526370134106432,0.7065304510862568,0.7043272082823222
100,True,1.0100000000000007,6.236635186071926,False,False,9.02494676664175e-07,False,27.342458022758365,-0.15,0.0,-0.73304,-0.58496,-0.50477,-0.4,0.5474189675870348,0.5474189675870348,0.0,0.5474189675870348,0.5474189675870348,0.17,0.5474189675870348,0.5474189675870348,0.52333,0.5474189675870348,0.5474189675870348,-0.15000008160134473,-7.9451241410608e-09,-0.7330400140256222,-0.5849600056390881,-0.5047700009399356,-0.40000000442588507,0.547419287807666,0.5474192818517014,-8.397024086801395e-10,0.5474192907442644,0.5474192820994505,0.1700000036753106,0.5474192904231728,0.5474192819969783,0.5233300060800603,0.5474192858092413,0.547419281402621,-0.19045580089015843,-0.00397376367475937,-0.7400535044721471,-0.5877809463141193,-0.5052414203030586,-0.40224988903942055,0.6787035500077534,0.6758076464085258,-0.0004127335217135742,0.6801393049322971,0.675933768112738,0.17184256249656596,0.6799839588519044,0.6758830674760323,0.526452708180982,0.6777383920177026,0.6755880805348723
101,True,1.0200000000000007,6.236665940073135,False,False,9.025690286848514e-07,False,26.34216600563377,-0.15,0.0,-0.73304,-0.58496,-0.50477,-0.4,0.518607442977191,0.518607442977191,0.0,0.518607442977191,0.518607442977191,0.17,0.518607442977191,0.518607442977191,0.52333,0.518607442977191,0.518607442977191,-0.15000008091238753,-7.947516199834082e-09,-0.733040014026979,-0.5849600056418776,-0.5047700009428348,-0.4000000044997631,0.5186077631688046,0.5186077573767836,-8.254769498700944e-10,0.518607766040392,0.5186077576290202,0.17000000368510726,0.5186077657296922,0.5186077575276178,0.5233300062451967,0.518607761238399,0.518607756937639,-0.19007845539557958,-0.003974943950900844,-0.7400541483659384,-0.5877823143766168,-0.5052428423329884,-0.40229337250035646,0.6498560844407997,0.6470437081218584,-0.0004057412083220888,0.6512584688488684,0.6471715664100658,0.17184816916041404,0.6511086103929218,0.6471215622193003,0.5265381771950808,0.6489259870232829,0.6468296125656718
102,True,1.0300000000000007,6.236700014614192,False,False,9.025215627903856e-07,False,25.839250010903925,-0.15,0.0,-0.73304,-0.58496,-0.50477,-0.4,0.48979591836734715,0.48979591836734715,0.0,0.48979591836734715,0.48979591836734715,0.17,0.48979591836734715,0.48979591836734715,0.52333,0.48979591836734715,0.48979591836734715,-0.15000008015778832,-7.949877906150704e-09,-0.7330400140282669,-0.5849600056446137,-0.5047700009456789,-0.4000000045867293,0.4897962384871379,0.4897962328621668,-8.114934184691447e-10,0.4897962412919847,0.4897962331178781,0.17000000369632054,0.48979624099226127,0.489796233017868,0.5233300064161267,0.48979623662685046,0.4897962324339614,-0.18967074600746955,-0.003976111287005963,-0.7400547590727229,-0.5877836570799883,-0.5052442375198308,-0.40234188198728427,0.6209910574726125,0.6182639692007771,-0.0003988678805681128,0.6223590377172016,0.6183930726985732,0.1718544518767407,0.622214960396655,0.6183439279834295,0.5266252944488913,0.6200971494722277,0.61805589593313
103,True,1.0400000000000007,6.236737247045116,False,False,9.023748862294968e-07,False,25.866417039651424,-0.15,0.0,-0.73304,-0.58496,-0.50477,-0.4,0.4609843937575033,0.4609843937575033,0.0,0.4609843937575033,0.4609843937575033,0.17,0.4609843937575033,0.4609843937575033,0.52333,0.4609843937575033,0.4609843937575033,-0.1500000793424547,-7.95221347365399e-09,-0.7330400140294885,-0.5849600056472992,-0.5047700009484694,-0.4000000046837476,0.4609847137703378,0.46098470831593763,-7.977476272885003e-10,0.46098471650637785,0.46098470857414064,0.17000000370888607,0.46098471621821735,0.4609847084758491,0.5233300065903562,0.46098471198242585,0.4609847078997753,-0.1892340028224555,-0.003977269450833858,-0.7400553411192536,-0.587784977414704,-0.5052456069627748,-0.40239402376175415,0.5921114245573451,0.5894714481937688,-0.00039211144918554726,0.5934438870149976,0.5896013183631599,0.17186137789821238,0.5933058693641688,0.5895531949770226,0.5267130929955991,0.59125484072079,0.5892699747249389
104,True,1.0500000000000007,6.236777745827228,False,False,9.021460997948048e-07,False,25.524541037157178,-0.15,0.0,-0.73304,-0.58496,-0.50477,-0.4,0.43217286914765907,0.43217286914765907,0.0,0.43217286914765907,0.43217286914765907,0.17,0.43217286914765907,0.43217286914765907,0.52333,0.43217286914765907,0.43217286914765907,-0.15000007846904995,-7.954530456197317e-09,-0.7330400140306526,-0.5849600056499399,-0.5047700009512083,-0.4000000047880306,0.43217318902431745,0.4321731837441357,-7.842354479573391e-10,0.4321731916893243,0.4321731840038734,0.1700000037227383,0.43217319141328303,0.43217318390762405,0.5233300067659509,0.4321731873110506,0.43217318334117144,-0.18876731642553846,-0.003978423888505617,-0.7400559023732265,-0.5877862800967447,-0.5052469521554006,-0.40244861713063323,0.5632195295708994,0.5606684171237815,-0.00038546986027890805,0.5645153618874038,0.5607985889108216,0.17186896888474307,0.5643836527332184,0.5607516444383364,0.5268008370776763,0.5624013449173214,0.5604741248906548
105,True,1.0600000000000007,6.236823467412456,False,False,9.018481473463631e-07,False,25.71887499652803,-0.15,0.0,-0.73304,-0.58496,-0.50477,-0.4,0.4033613445378152,0.4033613445378152,0.0,0.4033613445378152,0.4033613445378152,0.17,0.4033613445378152,0.4033613445378152,0.52333,0.4033613445378152,0.4033613445378152,-0.15000007753576136,-7.956839812896244e-09,-0.7330400140317752,-0.5849600056525454,-0.5047700009538988,-0.40000000489721677,0.4033616642537669,0.4033616591513077,-7.709529466649184e-10,0.40336166684551644,0.40336165941165003,0.17000000373792057,0.4033616665820917,0.403361659317758,0.5233300069414384,0.4033616626172952,0.40336165876270436,-0.18826770448479685,-0.00397958043158519,-0.7400564514553132,-0.5877875702475891,-0.5052482746794569,-0.4025046838323523,0.5343172075501972,0.5318565876470757,-0.0003789410948550912,0.535575331107798,0.5319866090454073,0.17187761736568236,0.5354501455053412,0.531940994859386,0.5268879429520659,0.5335384099321913,0.531670048355111
106,True,1.0700000000000007,6.236878602497138,False,False,9.014906485640103e-07,False,24.3687920155935,-0.15,0.0,-0.73304,-0.58496,-0.50477,-0.4,0.37454981992797143,0.37454981992797143,0.0,0.37454981992797143,0.37454981992797143,0.17,0.37454981992797143,0.37454981992797143,0.52333,0.37454981992797143,0.37454981992797143,-0.15000007653663003,-7.959153245327977e-09,-0.7330400140328733,-0.5849600056551256,-0.5047700009565439,-0.40000000500934957,0.3745501394623573,0.3745501345408785,-7.578961058458782e-10,0.37455014197869285,0.37455013480092114,0.17000000375521787,0.37455014172831413,0.3745501347096893,0.523330007115651,0.3745501379046569,0.37455013416777927,-0.18773297581030934,-0.003980741823956079,-0.7400569909097012,-0.5877888499723473,-0.5052495754179761,-0.40256137112048174,0.5054056969632789,0.5030372176965875,-0.0003725231682297219,0.5066250036979821,0.5031666425542258,0.17188816432986304,0.5065065441150676,0.5031225057202839,0.5269738580167698,0.5046672546854022,0.5028589958524495
107,True,1.0800000000000007,6.236946362813585,False,False,9.010804027834126e-07,False,24.568416993133724,-0.15,0.0,-0.73304,-0.58496,-0.50477,-0.4,0.34573829531812755,0.34573829531812755,0.0,0.34573829531812755,0.34573829531812755,0.17,0.34573829531812755,0.34573829531812755,0.52333,0.34573829531812755,0.34573829531812755,-0.1500000754672714,-7.961476271647894e-09,-0.7330400140339522,-0.5849600056576851,-0.5047700009591454,-0.4000000051227236,0.34573861465256717,0.34573860991536465,-7.450609111874645e-10,0.3457386170912727,0.3457386101742155,0.17000000377631222,0.34573861685434515,0.345738610085938,0.5233300072874834,0.3457386131755745,0.34573860955889885,-0.18716163320742354,-0.003981909576407519,-0.7400575207110058,-0.5877901201718345,-0.5052508549751501,-0.4026179613387277,0.4764858711950998,0.47421124438710055,-0.0003662141298283063,0.47766520376584193,0.47433962908180244,0.17190125444981888,0.4775536688121242,0.47429711301603256,0.5270580846708031,0.4757887523705285,0.47404189550237147
108,True,1.0900000000000007,6.237028430835192,False,False,9.006224115309458e-07,False,24.308458028826863,-0.15,0.0,-0.73304,-0.58496,-0.50477,-0.4,0.31692677070828335,0.31692677070828335,0.0,0.31692677070828335,0.31692677070828335,0.17,0.31692677070828335,0.31692677070828335,0.52333,0.31692677070828335,0.31692677070828335,-0.15000007432468918,-7.96381193889778e-09,-0.733040014035012,-0.5849600056602255,-0.5047700009617045,-0.4000000052359035,0.31692708982614404,0.31692708527664126,-7.324434744154264e-10,0.316927092184905,0.3169270855334131,0.17000000380249292,0.31692709196182556,0.31692708544837667,0.52333000745594,0.31692708843179546,0.31692708493791977,-0.18655278464725872,-0.003983084724949552,-0.7400580397600343,-0.587791381285797,-0.505252113846954,-0.4026738616958721,0.4475583740246262,0.44537937473609557,-0.000360012062962979,0.44869653026812517,0.4455062773221687,0.1719172256287157,0.448592117080847,0.44546552172578646,0.5271401853439499,0.4469035450655809,0.4452194413629236
109,True,1.1000000000000008,6.237124297206059,False,False,9.001205134666158e-07,False,24.830917012877762,-0.15,0.0,-0.73304,-0.58496,-0.50477,-0.4,0.28811524609843947,0.28811524609843947,0.0,0.28811524609843947,0.28811524609843947,0.17,0.28811524609843947,0.28811524609843947,0.52333,0.28811524609843947,0.28811524609843947,-0.15000007310709768,-7.966162324408999e-09,-0.73304001403605,-0.5849600056627479,-0.5047700009642223,-0.4000000053477037,0.2881155649843765,0.2881155606261237,-7.200399724702732e-10,0.28811556726078913,0.2881155608799324,0.17000000383443575,0.28811556705195185,0.2881155607984165,0.523330007620146,0.2881155636746049,0.2881155603062316,-0.18590606229425732,-0.003984268145204078,-0.7400585465508795,-0.5877926336037098,-0.505253352491408,-0.4027285868397853,0.41862370944894217,0.4165421585991674,-0.0003539150845637506,0.4197194495878526,0.41666713956054496,0.1719359759559645,0.4196223532102345,0.4166282799695925,0.5272197790925306,0.418012126733429,0.4163921655536409
110,True,1.1100000000000008,6.237231687771515,False,False,8.995778220873283e-07,False,25.635833968408406,-0.15,0.0,-0.73304,-0.58496,-0.50477,-0.4,0.25930372148859565,0.25930372148859565,0.0,0.25930372148859565,0.25930372148859565,0.17,0.25930372148859565,0.25930372148859565,0.52333,0.25930372148859565,0.25930372148859565,-0.15000007181375974,-7.96852918025226e-09,-0.7330400140370636,-0.5849600056652524,-0.5047700009666997,-0.4000000054571535,0.259304040128273,0.2593040359649116,-7.078466439294079e-10,0.25930404231985765,0.2593040362148783,0.17000000387193692,0.25930404212565283,0.259304036137154,0.5233300077793391,0.259304038904991,0.25930403566489874,-0.18522154648745434,-0.003985460676004784,-0.7400590394700671,-0.5877938773911449,-0.5052545713565118,-0.4027817403423443,0.3896822954132147,0.38770003516961143,-0.0003479213448663563,0.39073435939925344,0.3878226588554392,0.17195704929776393,0.39064477090626676,0.3877858260090486,0.5272965350659902,0.3891148933637008,0.3875604846805738
111,True,1.1200000000000008,6.23734845021875,False,False,8.989970020168852e-07,False,25.33191698603332,-0.15,0.0,-0.73304,-0.58496,-0.50477,-0.4,0.23049219687875183,0.23049219687875183,0.0,0.23049219687875183,0.23049219687875183,0.17,0.23049219687875183,0.23049219687875183,0.52333,0.23049219687875183,0.23049219687875183,-0.1500000704448348,-7.97091419171142e-09,-0.7330400140380495,-0.5849600056677401,-0.5047700009691375,-0.40000000556345994,0.23049251525866943,0.23049251129388373,-6.958597944281379e-10,0.23049251736290602,0.2304925115391371,0.17000000391408418,0.23049251718371577,0.23049251146546595,0.5233300079328577,0.23049251412374602,0.23049251101475465,-0.18449969775296118,-0.003986663160106697,-0.7400595169289326,-0.5877951129356414,-0.5052557708898778,-0.40283299769965897,0.36073449580871925,0.3588533643066025,-0.00034202902707363233,0.36174162125218307,0.3589732008288792,0.17198001390526083,0.3616597255247402,0.35893851997283355,0.5273701652813733,0.3602121745237191,0.3587247314581067
112,True,1.1300000000000008,6.237471677444101,False,False,8.983804354019667e-07,False,25.168165971990675,-0.15,0.0,-0.73304,-0.58496,-0.50477,-0.4,0.2016806722689076,0.2016806722689076,0.0,0.2016806722689076,0.2016806722689076,0.17,0.2016806722689076,0.2016806722689076,0.52333,0.2016806722689076,0.2016806722689076,-0.1500000690012429,-7.973319051876593e-09,-0.7330400140390045,-0.5849600056702111,-0.5047700009715366,-0.40000000566597416,0.20168099037629328,0.20168098661375958,-6.840757923228663e-10,0.20168099239065726,0.20168098685343988,0.17000000396001397,0.2016809922268513,0.20168098678407245,0.5233300080801254,0.20168098933152884,0.20168098635646448,-0.18374129899991162,-0.003987876468512921,-0.7400599774595462,-0.5877963405735444,-0.5052569515438642,-0.40288209183043866,0.3317806445022596,0.33000245302788306,-0.00033623634699570003,0.33274158083677957,0.33011908032752907,0.17200428639504795,0.332667554407963,0.3300866705144704,0.5274404178748721,0.3313042584560122,0.3298851816689332
113,True,1.1400000000000008,6.237598195000169,False,False,8.977303423161008e-07,False,25.47225001035258,-0.15,0.0,-0.73304,-0.58496,-0.50477,-0.4,0.17286914765906378,0.17286914765906378,0.0,0.17286914765906378,0.17286914765906378,0.17,0.17286914765906378,0.17286914765906378,0.52333,0.17286914765906378,0.17286914765906378,-0.15000006748454894,-7.975745325468353e-09,-0.7330400140399256,-0.5849600056726665,-0.5047700009738979,-0.40000000576416234,0.17286946548181323,0.17286946192515426,-6.724902707725029e-10,0.1728694674038022,0.17286946215841728,0.17000000400855833,0.17286946725573424,0.17286946209359158,0.5233300082206378,0.17286946452891677,0.17286946169058082,-0.18294740205067703,-0.00398910149274157,-0.7400604197371758,-0.587797560688112,-0.5052581137746508,-0.4029288013122851,0.3028210606637292,0.30114757400145303,-0.0003305415526683828,0.3037345827344584,0.30126057988905475,0.1720292295400159,0.3036685918569117,0.30123055330423704,0.527507071413244,0.30239140889928495,0.3010420731534762
114,True,1.1500000000000008,6.237725031616753,False,False,8.970488659637017e-07,False,26.322040997911245,-0.15,0.0,-0.73304,-0.58496,-0.50477,-0.4,0.14405762304921996,0.14405762304921996,0.0,0.14405762304921996,0.14405762304921996,0.17,0.14405762304921996,0.14405762304921996,0.52333,0.14405762304921996,0.14405762304921996,-0.15000006589685586,-7.978195109767383e-09,-0.7330400140408102,-0.5849600056751068,-0.5047700009762225,-0.40000000585758094,0.14405794057586732,0.1440579372286128,-6.611011000245103e-10,0.14405794240303121,0.14405793745463405,0.17000000405844465,0.14405794227103322,0.14405793739457448,0.5233300083539533,0.144057939716437,0.1440579370175791,-0.18211928242065853,-0.003990339133667127,-0.7400608425899664,-0.587798773702918,-0.505259258040295,-0.4029729410153491,0.2738560588329023,0.2722889790390606,-0.00032494292395965216,0.27472097497227604,0.2723979632083927,0.17205424671354733,0.2746631739764938,0.27237042454035315,0.5275699301888241,0.2734738768211002,0.27219561980796625
115,True,1.1600000000000008,6.237849605058746,False,False,8.96338118153782e-07,False,26.11608395818621,-0.15,0.0,-0.73304,-0.58496,-0.50477,-0.4,0.11524609843937572,0.11524609843937572,0.0,0.11524609843937572,0.11524609843937572,0.17,0.11524609843937572,0.11524609843937572,0.52333,0.11524609843937572,0.11524609843937572,-0.15000006424071405,-7.980670068373497e-09,-0.733040014041656,-0.5849600056775327,-0.504770000978511,-0.40000000594586,0.11524641565908417,0.11524641252463824,-6.499042106344541e-10,0.11524641738903918,0.11524641274261721,0.17000000410847863,0.11524641727341947,0.1152464126875331,0.5233300084796796,0.11524641489459117,0.11524641233788674,-0.18125840122909392,-0.003991590288680878,-0.7400612449994035,-0.5877999800728597,-0.5052603847983441,-0.40301435481101977,0.24488595217627,0.24342690538732425,-0.00031943877216306663,0.245701113731361,0.24353148123138882,0.1720788192241914,0.24565164366922798,0.24350652709442933,0.5276288204806389,0.24455190522176357,0.24334601834849257
116,True,1.1700000000000008,6.2379697639199065,False,False,8.956002015585661e-07,False,26.419333007652313,-0.15,0.0,-0.73304,-0.58496,-0.50477,-0.4,0.08643457382953189,0.08643457382953189,0.0,0.08643457382953189,0.08643457382953189,0.17,0.08643457382953189,0.08643457382953189,0.52333,0.08643457382953189,0.08643457382953189,-0.1500000625190452,-7.983172044430387e-09,-0.7330400140424609,-0.5849600056799455,-0.5047700009807646,-0.40000000602868724,0.08643489073209093,0.08643488781370612,-6.388963892981457e-10,0.08643489236253993,0.0864348880228695,0.17000000415762379,0.08643489226358073,0.08643488797295423,0.5233300085974698,0.08643489006386598,0.08643488765189802,-0.18036637290557775,-0.003992855835554023,-0.7400616260886084,-0.5878011802718686,-0.5052614945028492,-0.4030529099947301,0.2159110574785123,0.21456158290890434,-0.0003140274395801965,0.21667536687487665,0.21466137922894,0.1721025147440406,0.2166343544140948,0.21463909763913858,0.5276835876740288,0.2156257355235072,0.21449345592732574
117,True,1.1800000000000008,6.2380837619126766,False,False,8.948372318170595e-07,False,25.6474589696154,-0.15,0.0,-0.73304,-0.58496,-0.50477,-0.4,0.05762304921968805,0.05762304921968805,0.0,0.05762304921968805,0.05762304921968805,0.17,0.05762304921968805,0.05762304921968805,0.52333,0.05762304921968805,0.05762304921968805,-0.1500000607350778,-7.985702798682381e-09,-0.733040014043223,-0.584960005682346,-0.5047700009829841,-0.40000000610579717,0.05762336579552077,0.057623363096275665,-6.280742848008801e-10,0.05762336732426854,0.05762336329588105,0.17000000420501557,0.05762336724222458,0.057623363251310566,0.5233300087070148,0.057623365224743955,0.05762336295998685,-0.1794449389129928,-0.00399413661988853,-0.740061985113899,-0.5878023747830236,-0.5052625876019424,-0.40308849305349603,0.18693169700985413,0.18569324008678578,-0.00030870729909472584,0.18764411358483024,0.18578790268116407,0.1721249821877739,0.1876116701279425,0.1857683725887735,0.5277340940575248,0.18669561062315207,0.18563811653186194
118,True,1.1900000000000008,6.238190765305098,False,False,8.940513488444392e-07,False,25.920624961145222,-0.15,0.0,-0.73304,-0.58496,-0.50477,-0.4,0.028811524609844215,0.028811524609844215,0.0,0.028811524609844215,0.028811524609844215,0.17,0.028811524609844215,0.028811524609844215,0.52333,0.028811524609844215,0.028811524609844215,-0.15000005889229437,-7.988263996464018e-09,-0.7330400140439411,-0.5849600056847349,-0.5047700009851703,-0.4000000061769629,0.028811840850018144,0.028811838372803905,-6.174345486384576e-10,0.02881184227498307,0.02881183856214281,0.17000000424995124,0.028811842210077432,0.028811838523075173,0.5233300088080387,0.028811840377710923,0.02881183826252126,-0.17849594549749173,-0.003995433439342536,-0.7400623214455615,-0.587803564085843,-0.5052636645349243,-0.40312100651496613,0.15794820047976038,0.1568221058269684,-0.00030347675373723886,0.15860774455922957,0.15691129895945816,0.1721460536806707,0.1585839655426541,0.15689458983550578,0.5277802172083591,0.1577617778158929,0.15678018313895034
119,True,1.2000000000000008,6.238290157206544,False,False,8.932447206959908e-07,False,25.732250011060387,-0.15,0.0,-0.73304,-0.58496,-0.50477,-0.4,0.0,0.0,0.0,0.0,0.0,0.17,0.0,0.0,0.52333,0.0,0.0,-0.15000005699438715,-7.990857240659788e-09,-0.7330400140446139,-0.5849600056871136,-0.5047700009873242,-0.4000000062419895,3.158962422200595e-07,3.136437483064469e-07,-6.069739824686796e-10,3.1721546464580364e-07,3.138221492671178e-07,0.17000000429209502,3.1716788825852937e-07,3.1378872331067065e-07,0.5233300089002966,3.1552326101857986e-07,3.135598668213557e-07,-0.17752132660689082,-0.0039967470379096105,-0.740062634566864,-0.5878047486515189,-0.5052647257310491,-0.4031503665948807,0.12896090538643526,0.12794841150436226,-0.0002983342362432025,0.12956666198010222,0.12803181924821885,0.17216560487911095,0.1295516263343446,0.12801799072529613,0.5278218487858353,0.12882448994047216,0.1279198400777188
