frame,scored,sim_time,min_distance_measured_mm,measured_collision,measured_margin_violation,modification_rad,fallback,total_safety_time_ms,q_nominal.right_wrist,q_nominal.right_thumb_mcp,q_nominal.right_thumb_abd,q_nominal.right_thumb_pip,q_nominal.right_thumb_dip,q_nominal.right_index_abd,q_nominal.right_index_mcp,q_nominal.right_index_pip,q_nominal.right_middle_abd,q_nominal.right_middle_mcp,q_nominal.right_middle_pip,q_nominal.right_ring_abd,q_nominal.right_ring_mcp,q_nominal.right_ring_pip,q_nominal.right_pinky_abd,q_nominal.right_pinky_mcp,q_nominal.right_pinky_pip,q_safe.right_wrist,q_safe.right_thumb_mcp,q_safe.right_thumb_abd,q_safe.right_thumb_pip,q_safe.right_thumb_dip,q_safe.right_index_abd,q_safe.right_index_mcp,q_safe.right_index_pip,q_safe.right_middle_abd,q_safe.right_middle_mcp,q_safe.right_middle_pip,q_safe.right_ring_abd,q_safe.right_ring_mcp,q_safe.right_ring_pip,q_safe.right_pinky_abd,q_safe.right_pinky_mcp,q_safe.right_pinky_pip,q_measured.right_wrist,q_measured.right_thumb_mcp,q_measured.right_thumb_abd,q_measured.right_thumb_pip,q_measured.right_thumb_dip,q_measured.right_index_abd,q_measured.right_index_mcp,q_measured.right_index_pip,q_measured.right_middle_abd,q_measured.right_middle_mcp,q_measured.right_middle_pip,q_measured.right_ring_abd,q_measured.right_ring_mcp,q_measured.right_ring_pip,q_measured.right_pinky_abd,q_measured.right_pinky_mcp,q_measured.right_pinky_pip
0,True,0.01,6.228385962484579,False,False,0.0,False,,-0.15,0.0,-0.73304,-0.58496,-0.50477,-0.4,0.0,0.0,0.0,0.0,0.0,0.17,0.0,0.0,0.52333,0.0,0.0,-0.15,0.0,-0.73304,-0.58496,-0.50477,-0.4,0.0,0.0,0.0,0.0,0.0,0.17,0.0,0.0,0.52333,0.0,0.0,-0.1504636294717452,-0.00024913347586931196,-0.733488708629297,-0.5851219546970908,-0.5047744998339302,-0.40023331337118867,-2.4794459782912207e-05,-1.2086908669606811e-06,1.9421818310665445e-08,-3.829584200719741e-05,-1.202505450442284e-06,0.170156837943458,-2.8209428762938118e-05,-1.017519327709447e-06,0.5236657896662829,-6.383528447448374e-07,-2.4370657384594807e-07
1,True,0.020000000000000004,6.229844568071035,False,False,0.0,False,,-0.15,0.0,-0.73304,-0.58496,-0.50477,-0.4,0.0,0.0,0.0,0.0,0.0,0.17,0.0,0.0,0.52333,0.0,0.0,-0.15,0.0,-0.73304,-0.58496,-0.50477,-0.4,0.0,0.0,0.0,0.0,0.0,0.17,0.0,0.0,0.52333,0.0,0.0,-0.15153608456319037,-0.000713524705756533,-0.7343212865158333,-0.5854269552484189,-0.5047827157534847,-0.4006634860753612,-5.484940244257024e-05,-3.1663329853701383e-06,5.530149897099091e-08,-8.77216164621526e-05,-3.091344333968945e-06,0.17044841109048103,-6.0949275989593736e-05,-2.5944822401521287e-06,0.5242823459075645,-1.2619264013459466e-06,-5.03932426632384e-07
2,True,0.030000000000000013,6.231455258452887,False,False,0.0,False,,-0.15,0.0,-0.73304,-0.58496,-0.50477,-0.4,0.0,0.0,0.0,0.0,0.0,0.17,0.0,0.0,0.52333,0.0,0.0,-0.15,0.0,-0.73304,-0.58496,-0.50477,-0.4,0.0,0.0,0.0,0.0,0.0,0.17,0.0,0.0,0.52333,0.0,0.0,-0.1530140342731925,-0.001228707278579176,-0.7352421419308921,-0.585768633540797,-0.5047921876498082,-0.4011352987042617,-7.151411047532708e-05,-5.092739781567203e-06,9.704372631131921e-08,-0.00011548412452387077,-4.8685682292991595e-06,0.17077066979088884,-7.75911082341027e-05,-4.048709788651866e-06,0.5249561521353916,-1.2401197840741382e-06,-5.511124907767063e-07
3,True,0.04000000000000002,6.2329670482941015,False,False,0.0,False,,-0.15,0.0,-0.73304,-0.58496,-0.50477,-0.4,0.0,0.0,0.0,0.0,0.0,0.17,0.0,0.0,0.52333,0.0,0.0,-0.15,0.0,-0.73304,-0.58496,-0.50477,-0.4,0.0,0.0,0.0,0.0,0.0,0.17,0.0,0.0,0.52333,0.0,0.0,-0.1547249450255994,-0.0017148694974693692,-0.7361102875344581,-0.586093916399915,-0.504802012938354,-0.40157568620498635,-8.056242170084206e-05,-6.749387327766307e-06,1.405705816627895e-07,-0.0001281011267999016,-6.311585044275264e-06,0.1710734127350683,-8.552144203231629e-05,-5.1873546850421385e-06,0.5255833460184668,-4.2844027547140976e-07,-3.310647466851556e-07
4,True,0.05000000000000003,6.234277275419275,False,False,0.0,False,,-0.15,0.0,-0.73304,-0.58496,-0.50477,-0.4,0.0,0.0,0.0,0.0,0.0,0.17,0.0,0.0,0.52333,0.0,0.0,-0.15,0.0,-0.73304,-0.58496,-0.50477,-0.4,0.0,0.0,0.0,0.0,0.0,0.17,0.0,0.0,0.52333,0.0,0.0,-0.15652653752223314,-0.002138679742360145,-0.7368680031990172,-0.5863797677875734,-0.5048118656883432,-0.4019556906410819,-8.596990977056108e-05,-8.095271876204971e-06,1.8431890775764922e-07,-0.00013395006628441722,-7.3960837355394755e-06,0.17133600502668858,-8.92507110303087e-05,-5.9900841729317975e-06,0.5261235099117114,1.1133164968007279e-06,1.3751281842689348e-07
5,True,0.06000000000000004,6.235360659593713,False,False,0.0,False,,-0.15,0.0,-0.73304,-0.58496,-0.50477,-0.4,0.0,0.0,0.0,0.0,0.0,0.17,0.0,0.0,0.52333,0.0,0.0,-0.15,0.0,-0.73304,-0.58496,-0.50477,-0.4,0.0,0.0,0.0,0.0,0.0,0.17,0.0,0.0,0.52333,0.0,0.0,-0.15830751285369093,-0.0024911606049290947,-0.7375003348009646,-0.5866192760545208,-0.5048216291539211,-0.40226888538573663,-8.943731024459205e-05,-9.159926656441764e-06,2.2769567428448045e-07,-0.0001364956321361714,-8.163725821652858e-06,0.1715532836997892,-9.072415450041431e-05,-6.497685293491121e-06,0.5265682096920382,3.2607210303900055e-06,8.123903862155382e-07
6,True,0.07000000000000005,6.23622926245909,False,False,0.0,False,,-0.15,0.0,-0.73304,-0.58496,-0.50477,-0.4,0.0,0.0,0.0,0.0,0.0,0.17,0.0,0.0,0.52333,0.0,0.0,-0.15,0.0,-0.73304,-0.58496,-0.50477,-0.4,0.0,0.0,0.0,0.0,0.0,0.17,0.0,0.0,0.52333,0.0,0.0,-0.1599861834029675,-0.0027752335852664414,-0.7380127843123281,-0.5868136281214952,-0.5048312602953429,-0.4025194490495857,-9.175542170055694e-05,-9.994042262803247e-06,2.704816949484653e-07,-0.00013725992833903773,-8.675732442039586e-06,0.17172758457085596,-9.08592303854476e-05,-6.7682123157377265e-06,0.5269238356771269,5.879991930268724e-06,1.6474758820737243e-06
7,True,0.08000000000000006,6.236910623213205,False,False,0.0,False,,-0.15,0.0,-0.73304,-0.58496,-0.50477,-0.4,0.0,0.0,0.0,0.0,0.0,0.17,0.0,0.0,0.52333,0.0,0.0,-0.15,0.0,-0.73304,-0.58496,-0.50477,-0.4,0.0,0.0,0.0,0.0,0.0,0.17,0.0,0.0,0.52333,0.0,0.0,-0.16150728225314545,-0.002998917474604635,-0.7384193953194864,-0.5869676302847899,-0.5048407412019463,-0.4027157846192941,-9.334057268931948e-05,-1.065069783442199e-05,3.1260136571122673e-07,-0.00013698209124572363,-8.994504816204252e-06,0.17186437263830792,-9.014838000157807e-05,-6.860199981262586e-06,0.5272025474129598,8.846581085508858e-06,2.599649289097872e-06
8,True,0.09000000000000007,6.237436354617826,False,False,0.0,False,,-0.15,0.0,-0.73304,-0.58496,-0.50477,-0.4,0.0,0.0,0.0,0.0,0.0,0.17,0.0,0.0,0.52333,0.0,0.0,-0.15,0.0,-0.73304,-0.58496,-0.50477,-0.4,0.0,0.0,0.0,0.0,0.0,0.17,0.0,0.0,0.52333,0.0,0.0,-0.16283794778891073,-0.0031717596233332922,-0.7387366441623784,-0.587087304773001,-0.5048500625415431,-0.40286726511284765,-9.44452725658098e-05,-1.1178403260887909e-05,3.5403382689623064e-07,-0.00013607189274085995,-9.176550533624781e-06,0.17196995321867986,-8.889607130824499e-05,-6.826414948870627e-06,0.5274177229326511,1.2051000471903031e-05,3.6310067046964756e-06
9,True,0.10000000000000007,6.237836624842963,False,False,0.0,False,,-0.15,0.0,-0.73304,-0.58496,-0.50477,-0.4,0.0,0.0,0.0,0.0,0.0,0.17,0.0,0.0,0.52333,0.0,0.0,-0.15,0.0,-0.73304,-0.58496,-0.50477,-0.4,0.0,0.0,0.0,0.0,0.0,0.17,0.0,0.0,0.52333,0.0,0.0,-0.16396348677148836,-0.0033030803713610755,-0.7389805106934014,-0.5871786747994371,-0.5048592183701174,-0.4029827034918445,-9.524174422497932e-05,-1.1618744129381472e-05,3.947787874363825e-07,-0.00013478816334000276,-9.270031200263458e-06,0.17205035877825992,-8.731285907722104e-05,-6.711772373114238e-06,0.5275818568807028,1.5400216576853312e-05,4.709443637470499e-06
10,True,0.11000000000000008,6.2381378508984415,False,False,0.0,False,,-0.15,0.0,-0.73304,-0.58496,-0.50477,-0.4,0.0,0.0,0.0,0.0,0.0,0.17,0.0,0.0,0.52333,0.0,0.0,-0.15,0.0,-0.73304,-0.58496,-0.50477,-0.4,0.0,0.0,0.0,0.0,0.0,0.17,0.0,0.0,0.52333,0.0,0.0,-0.16488328183133377,-0.003401207109569426,-0.7391652423240936,-0.5872472110539646,-0.5048682047042465,-0.4030697435436896,-9.585584732689988e-05,-1.2005871513469232e-05,4.3484346783682347e-07,-0.00013331015000771874,-9.31425994462329e-06,0.1721108800885755,-8.555372638615697e-05,-6.552959569861669e-06,0.5277057473850448,1.8817420243678848e-05,5.808600128390913e-06
11,True,0.12000000000000009,6.23836206635853,False,False,0.0,False,,-0.15,0.0,-0.73304,-0.58496,-0.50477,-0.4,0.0,0.0,0.0,0.0,0.0,0.17,0.0,0.0,0.52333,0.0,0.0,-0.15,0.0,-0.73304,-0.58496,-0.50477,-0.4,0.0,0.0,0.0,0.0,0.0,0.17,0.0,0.0,0.52333,0.0,0.0,-0.16560705798502837,-0.0034732273784821117,-0.7393029827472946,-0.5872976322584534,-0.5048770191784214,-0.4031347190975305,-9.638176706214069e-05,-1.236677139613731e-05,4.742376813596949e-07,-0.00013176738348842472,-9.340064732932651e-06,0.17215593479522817,-8.373487467179506e-05,-6.37880369887878e-06,0.5277983276526189,2.224109954162852e-05,6.9075250868309225e-06
12,True,0.1300000000000001,6.238527099024643,False,False,0.0,False,,-0.15,0.0,-0.73304,-0.58496,-0.50477,-0.4,0.0,0.0,0.0,0.0,0.0,0.17,0.0,0.0,0.52333,0.0,0.0,-0.15,0.0,-0.73304,-0.58496,-0.50477,-0.4,0.0,0.0,0.0,0.0,0.0,0.17,0.0,0.0,0.52333,0.0,0.0,-0.16615162259719363,-0.003524997528742925,-0.7394038130931556,-0.5873338845694435,-0.5048856609164278,-0.4031827323414759,-9.688932963722801e-05,-1.2721885777096755e-05,5.129720281875868e-07,-0.00013025357075985788,-9.37055629630868e-06,0.17218910005045276,-8.194228334303015e-05,-6.210986063047233e-06,0.5278667930170563,2.5623739427407994e-05,7.990194514001607e-06
13,True,0.1400000000000001,6.238647087431286,False,False,0.0,False,,-0.15,0.0,-0.73304,-0.58496,-0.50477,-0.4,0.0,0.0,0.0,0.0,0.0,0.17,0.0,0.0,0.52333,0.0,0.0,-0.15,0.0,-0.73304,-0.58496,-0.50477,-0.4,0.0,0.0,0.0,0.0,0.0,0.17,0.0,0.0,0.52333,0.0,0.0,-0.16653812566138243,-0.003561263567676805,-0.7394759660691759,-0.5873592028546007,-0.5048941303811803,-0.40321781852079447,-9.742852494793845e-05,-1.3085896293941858e-05,5.510572603890134e-07,-0.00012883436916443424,-9.422084319197275e-06,0.1722132143279627,-8.023716639225369e-05,-6.064919636751949e-06,0.5279168404057643,2.893029486292113e-05,9.044947304101495e-06
14,True,0.1500000000000001,6.238733091217459,False,False,0.0,False,,-0.15,0.0,-0.73304,-0.58496,-0.50477,-0.4,0.0,0.0,0.0,0.0,0.0,0.17,0.0,0.0,0.52333,0.0,0.0,-0.15,0.0,-0.73304,-0.58496,-0.50477,-0.4,0.0,0.0,0.0,0.0,0.0,0.17,0.0,0.0,0.52333,0.0,0.0,-0.1667898404793078,-0.0035858154807732884,-0.739526090628126,-0.5873763049665375,-0.5049024292093292,-0.4032431299082119,-9.803297671321938e-05,-1.3468577771519954e-05,5.885040725567949e-07,-0.0001275528106297096,-9.505270826139943e-06,0.17223049887281033,-7.866026272158304e-05,-5.950695514602525e-06,0.5279529293597134,3.2136523788634534e-05,1.0063875829197952e-05
15,True,0.16000000000000011,6.238795208749046,False,False,0.0,False,,-0.15,0.0,-0.73304,-0.58496,-0.50477,-0.4,0.0,0.0,0.0,0.0,0.0,0.17,0.0,0.0,0.52333,0.0,0.0,-0.15,0.0,-0.73304,-0.58496,-0.50477,-0.4,0.0,0.0,0.0,0.0,0.0,0.17,0.0,0.0,0.52333,0.0,0.0,-0.16693041880851503,-0.0036018487849223103,-0.7395595014752515,-0.5873887580683929,-0.5049105604295309,-0.40326110815292066,-9.872319133684753e-05,-1.3875722194158324e-05,6.253230388177715e-07,-0.0001264340492913352,-9.62611537011773e-06,0.17224298264424676,-7.723590377293048e-05,-5.874096905049616e-06,0.5279785238388065,3.522711512740231e-05,1.1042157571527968e-05
16,True,0.17000000000000012,6.238845879882613,False,False,0.0,False,,-0.15,0.0,-0.73304,-0.58496,-0.50477,-0.4,0.0,0.0,0.0,0.0,0.0,0.17,0.0,0.0,0.52333,0.0,0.0,-0.15,0.0,-0.73304,-0.58496,-0.50477,-0.4,0.0,0.0,0.0,0.0,0.0,0.17,0.0,0.0,0.52333,0.0,0.0,-0.1669877947502529,-0.003613443462807938,-0.7395802952012643,-0.5873992348742453,-0.5049185259677831,-0.40327398929799996,-9.953037127474344e-05,-1.4316615452390977e-05,6.615247582160848e-07,-0.00012551845782280942,-9.794895707352149e-06,0.1722531658671763,-7.600212059132376e-05,-5.84479601983632e-06,0.5279962003179504,3.8180213818288e-05,1.1972555581615573e-05
17,True,0.18000000000000013,6.238891615279308,False,False,0.0,False,,-0.15,0.0,-0.73304,-0.58496,-0.50477,-0.4,0.0,0.0,0.0,0.0,0.0,0.17,0.0,0.0,0.52333,0.0,0.0,-0.15,0.0,-0.73304,-0.58496,-0.50477,-0.4,0.0,0.0,0.0,0.0,0.0,0.17,0.0,0.0,0.52333,0.0,0.0,-0.16700643084029673,-0.0036231584367972277,-0.7395936171884495,-0.5874087870895471,-0.5049263236669062,-0.4032844553595105,-0.0001005199102623393,-1.4811412459850338e-05,6.971200028187674e-07,-0.000124894238155649,-1.0034940253476172e-05,0.17226235719257024,-7.504033480904771e-05,-5.884425813830963e-06,0.5280087695356878,4.09521634831189e-05,1.2840008556794829e-05
18,True,0.19000000000000014,6.23893496890426,False,False,0.0,False,,-0.15,0.0,-0.73304,-0.58496,-0.50477,-0.4,0.0,0.0,0.0,0.0,0.0,0.17,0.0,0.0,0.52333,0.0,0.0,-0.15,0.0,-0.73304,-0.58496,-0.50477,-0.4,0.0,0.0,0.0,0.0,0.0,0.17,0.0,0.0,0.52333,0.0,0.0,-0.16701091158746564,-0.003632022448241445,-0.7396038480917291,-0.5874178513150505,-0.5049339599846228,-0.40329388183173964,-0.00010164506814882256,-1.534519641976057e-05,7.321185599209855e-07,-0.00012449492688722518,-1.0328089063676998e-05,0.1722710699843073,-7.429037893076937e-05,-5.976322703972976e-06,0.528019140358149,4.357342760509351e-05,1.3655545060780738e-05
19,True,0.20000000000000015,6.238976957301996,False,False,0.0,False,,-0.15,0.0,-0.73304,-0.58496,-0.50477,-0.4,0.0,0.0,0.0,0.0,0.0,0.17,0.0,0.0,0.52333,0.0,0.0,-0.15,0.0,-0.73304,-0.58496,-0.50477,-0.4,0.0,0.0,0.0,0.0,0.0,0.17,0.0,0.0,0.52333,0.0,0.0,-0.1670102302278583,-0.0036404554639706955,-0.7396127701855478,-0.5874266158380118,-0.5049414428371687,-0.40330280927582196,-0.00010283800310824604,-1.589659525474206e-05,7.665299259085212e-07,-0.00012422544247615684,-1.0648692634980394e-05,0.17227950857446978,-7.366565131553171e-05,-6.096861665093131e-06,0.5280285564168948,4.6088893599135934e-05,1.4435154029361666e-05
20,True,0.21000000000000016,6.239017988757386,False,False,0.0,False,,-0.15,0.0,-0.73304,-0.58496,-0.50477,-0.4,0.0,0.0,0.0,0.0,0.0,0.17,0.0,0.0,0.52333,0.0,0.0,-0.15,0.0,-0.73304,-0.58496,-0.50477,-0.4,0.0,0.0,0.0,0.0,0.0,0.17,0.0,0.0,0.52333,0.0,0.0,-0.16700767592227758,-0.003648629063487436,-0.739621089470698,-0.5874351617982214,-0.5049487783394497,-0.4033114509341625,-0.00010405414862171478,-1.645162690240342e-05,8.003636258618713e-07,-0.00012402325637010986,-1.0979970311191774e-05,0.17228775502692667,-7.310909960541932e-05,-6.2305525262832e-06,0.5280375053043895,4.852855859249365e-05,1.518948556376514e-05
21,True,0.22000000000000017,6.239058231288497,False,False,0.0,False,,-0.15,0.0,-0.73304,-0.58496,-0.50477,-0.4,0.0,0.0,0.0,0.0,0.0,0.17,0.0,0.0,0.52333,0.0,0.0,-0.15,0.0,-0.73304,-0.58496,-0.50477,-0.4,0.0,0.0,0.0,0.0,0.0,0.17,0.0,0.0,0.52333,0.0,0.0,-0.16700440782246512,-0.0036566140246664085,-0.7396290862818005,-0.5874435248634817,-0.504955971040913,-0.4033198918311718,-0.00010526945392207024,-1.700278695788618e-05,8.336291819658464e-07,-0.00012385438421059637,-1.1312873506860456e-05,0.17229584310756396,-7.258964704667829e-05,-6.36901091103392e-06,0.5280461791380153,5.090914924851623e-05,1.5924462502235798e-05
22,True,0.23000000000000018,6.2390977579403915,False,False,0.0,False,,-0.15,0.0,-0.73304,-0.58496,-0.50477,-0.4,0.0,0.0,0.0,0.0,0.0,0.17,0.0,0.0,0.52333,0.0,0.0,-0.15,0.0,-0.73304,-0.58496,-0.50477,-0.4,0.0,0.0,0.0,0.0,0.0,0.17,0.0,0.0,0.52333,0.0,0.0,-0.16700081621712326,-0.0036644402685883423,-0.739636872609227,-0.587451721508013,-0.5049630245242379,-0.40332816674580607,-0.00010647235318156541,-1.7546506184508006e-05,8.663360500054656e-07,-0.0001237021800041817,-1.1643042064655904e-05,0.17230378749069583,-7.209200793307092e-05,-6.5081642033418105e-06,0.5280546545328699,5.3239279550460766e-05,1.664312327797809e-05
23,True,0.24000000000000019,6.239136604036794,False,False,0.0,False,,-0.15,0.0,-0.73304,-0.58496,-0.50477,-0.4,0.0,0.0,0.0,0.0,0.0,0.17,0.0,0.0,0.52333,0.0,0.0,-0.15,0.0,-0.73304,-0.58496,-0.50477,-0.4,0.0,0.0,0.0,0.0,0.0,0.17,0.0,0.0,0.52333,0.0,0.0,-0.16699716016402005,-0.0036721210727904993,-0.7396444936785403,-0.5874597600411406,-0.5049699418166927,-0.40333629071708627,-0.00010765814381132296,-1.80813761619517e-05,8.984935777674207e-07,-0.00012355951999840013,-1.1968687725763698e-05,0.1723115952678629,-7.160957398655283e-05,-6.646306485811957e-06,0.5280629628803879,5.5523084584657987e-05,1.7346915610597557e-05
24,True,0.25000000000000017,6.239174790249758,False,False,0.0,False,,-0.15,0.0,-0.73304,-0.58496,-0.50477,-0.4,0.0,0.0,0.0,0.0,0.0,0.17,0.0,0.0,0.52333,0.0,0.0,-0.15,0.0,-0.73304,-0.58496,-0.50477,-0.4,0.0,0.0,0.0,0.0,0.0,0.17,0.0,0.0,0.52333,0.0,0.0,-0.1669935698223226,-0.0036796632523439397,-0.7396519688559906,-0.5874676456109647,-0.5049767257110493,-0.40334427112816296,-0.00010882474016039252,-1.8606811566300665e-05,9.301109748725172e-07,-0.00012342291431772812,-1.2289002384200166e-05,0.172319270585484,-7.113904801219907e-05,-6.782634206183767e-06,0.5280711180348382,5.776298129389781e-05,1.8036676919708127e-05
25,True,0.2600000000000002,6.239212331469561,False,False,0.0,False,,-0.15,0.0,-0.73304,-0.58496,-0.50477,-0.4,0.0,0.0,0.0,0.0,0.0,0.17,0.0,0.0,0.52333,0.0,0.0,-0.15,0.0,-0.73304,-0.58496,-0.50477,-0.4,0.0,0.0,0.0,0.0,0.0,0.17,0.0,0.0,0.52333,0.0,0.0,-0.1669900252027063,-0.0036870710788036026,-0.7396593074416968,-0.5874753821042105,-0.5049833788793104,-0.40335211237110735,-0.00010997109611457372,-1.9122553323831718e-05,9.61197303530685e-07,-0.0001232903220184097,-1.2603567489131846e-05,0.1723268164279616,-7.067845366414057e-05,-6.916703023950234e-06,0.5280791270228616,5.996069320381012e-05,1.8712998288250916e-05
26,True,0.2700000000000002,6.23924924000857,False,False,0.0,False,,-0.15,0.0,-0.73304,-0.58496,-0.50477,-0.4,0.0,0.0,0.0,0.0,0.0,0.17,0.0,0.0,0.52333,0.0,0.0,-0.15,0.0,-0.73304,-0.58496,-0.50477,-0.4,0.0,0.0,0.0,0.0,0.0,0.17,0.0,0.0,0.52333,0.0,0.0,-0.16698651133755768,-0.003694347622305763,-0.7396665144386801,-0.5874829727068696,-0.5049899038763594,-0.40335981758757017,-0.0001110970597388808,-1.9628622466051026e-05,9.91761480300807e-07,-0.00012316094950297216,-1.291229909802299e-05,0.1723342352617625,-7.022695394651126e-05,-7.048377680540168e-06,0.528086994088251,6.211734159177302e-05,1.9376257323563237e-05
27,True,0.2800000000000002,6.239285527071538,False,False,0.0,False,,-0.15,0.0,-0.73304,-0.58496,-0.50477,-0.4,0.0,0.0,0.0,0.0,0.0,0.17,0.0,0.0,0.52333,0.0,0.0,-0.15,0.0,-0.73304,-0.58496,-0.50477,-0.4,0.0,0.0,0.0,0.0,0.0,0.17,0.0,0.0,0.52333,0.0,0.0,-0.16698302265314793,-0.0037014954623229464,-0.739673593158407,-0.5874904203024178,-0.5049963031827955,-0.40336738941002875,-0.00011220282616602052,-2.012514781385429e-05,1.0218122745153054e-06,-0.00012303449285013646,-1.3215243063518409e-05,0.17234152933101404,-6.978416046960427e-05,-7.177643507605839e-06,0.5280947223691803,6.42338021838978e-05,2.002674478702449e-05
28,True,0.2900000000000002,6.239321203334652,False,False,0.0,False,,-0.15,0.0,-0.73304,-0.58496,-0.50477,-0.4,0.0,0.0,0.0,0.0,0.0,0.17,0.0,0.0,0.52333,0.0,0.0,-0.15,0.0,-0.73304,-0.58496,-0.50477,-0.4,0.0,0.0,0.0,0.0,0.0,0.17,0.0,0.0,0.52333,0.0,0.0,-0.1669795570193684,-0.003708516970556409,-0.7396805462455066,-0.5874977276329998,-0.505002579223391,-0.4033748302517708,-0.00011328870437321475,-2.061229259369181e-05,1.0513583090542208e-06,-0.00012291081532372948,-1.3512487934350288e-05,0.17234870077389416,-6.934983932635743e-05,-7.304526232724354e-06,0.5281023145529654,6.631085771999996e-05,2.0664718706691827e-05
29,True,0.3000000000000002,6.2393562791657455,False,False,0.0,False,,-0.15,0.0,-0.73304,-0.58496,-0.50477,-0.4,0.0,0.0,0.0,0.0,0.0,0.17,0.0,0.0,0.52333,0.0,0.0,-0.15,0.0,-0.73304,-0.58496,-0.50477,-0.4,0.0,0.0,0.0,0.0,0.0,0.17,0.0,0.0,0.52333,0.0,0.0,-0.16697611356878594,-0.003715414416471346,-0.7396873760668544,-0.5875048973579532,-0.5050087343737115,-0.4033821424180171,-0.0001143550372995542,-2.1090229339882517e-05,1.0804080622357457e-06,-0.000122789837056408,-1.380413520682252e-05,0.17235575166689227,-6.892381044964287e-05,-7.4290645721765305e-06,0.5281097731277541,6.83492505105757e-05,2.1290423003803725e-05
30,True,0.3100000000000002,6.239390764709195,False,False,0.0,False,,-0.15,0.0,-0.73304,-0.58496,-0.50477,-0.4,0.0,0.0,0.0,0.0,0.0,0.17,0.0,0.0,0.52333,0.0,0.0,-0.15,0.0,-0.73304,-0.58496,-0.50477,-0.4,0.0,0.0,0.0,0.0,0.0,0.17,0.0,0.0,0.52333,0.0,0.0,-0.166972691897283,-0.003722190006964042,-0.739694084859673,-0.5875119320753964,-0.5050147709628219,-0.4033893281487815,-0.00011540217479647275,-2.15591314225994e-05,1.1089698700562115e-06,-0.00012267149767757128,-1.4090289284181378e-05,0.1723626840418745,-6.850591349115649e-05,-7.551300965768132e-06,0.5281171004795943,7.034970048432045e-05,2.1904093882205814e-05
31,True,0.32000000000000023,6.239424669919838,False,False,0.0,False,,-0.15,0.0,-0.73304,-0.58496,-0.50477,-0.4,0.0,0.0,0.0,0.0,0.0,0.17,0.0,0.0,0.52333,0.0,0.0,-0.15,0.0,-0.73304,-0.58496,-0.50477,-0.4,0.0,0.0,0.0,0.0,0.0,0.17,0.0,0.0,0.52333,0.0,0.0,-0.16696929177108225,-0.0037288459015480105,-0.7397006747882063,-0.5875188343305451,-0.5050206912747187,-0.4033963896356616,-0.00011643046462838109,-2.201917025078845e-05,1.1370519285195372e-06,-0.00012255574380022654,-1.4371054147735839e-05,0.17236949989288525,-6.80959963725624e-05,-7.67127849123588e-06,0.5281242989301584,7.231291142257312e-05,2.2505962032314165e-05
32,True,0.33000000000000024,6.239458004577464,False,False,0.0,False,,-0.15,0.0,-0.73304,-0.58496,-0.50477,-0.4,0.0,0.0,0.0,0.0,0.0,0.17,0.0,0.0,0.52333,0.0,0.0,-0.15,0.0,-0.73304,-0.58496,-0.50477,-0.4,0.0,0.0,0.0,0.0,0.0,0.17,0.0,0.0,0.52333,0.0,0.0,-0.16696591301936858,-0.003735384218431309,-0.7397071479656768,-0.5875256066192623,-0.5050264975493532,-0.4034033290286632,-0.00011744024957591709,-2.247051439127234e-05,1.1646622959693383e-06,-0.00012244252488898927,-1.4646532288358003e-05,0.17237620117906888,-6.769391148166673e-05,-7.78903986040836e-06,0.5281313707516775,7.423957318820588e-05,2.3096253417372096e-05
33,True,0.34000000000000025,6.239490778294213,False,False,0.0,False,,-0.15,0.0,-0.73304,-0.58496,-0.50477,-0.4,0.0,0.0,0.0,0.0,0.0,0.17,0.0,0.0,0.52333,0.0,0.0,-0.15,0.0,-0.73304,-0.58496,-0.50477,-0.4,0.0,0.0,0.0,0.0,0.0,0.17,0.0,0.0,0.52333,0.0,0.0,-0.16696255549493355,-0.003741807037197987,-0.7397135064630476,-0.5875322513898987,-0.5050321919835201,-0.4034101484392098,-0.00011843186657509158,-2.2913329325826777e-05,1.1918088953952145e-06,-0.0001223317919159097,-1.4916824388405999e-05,0.1723827898261203,-6.729951441228909e-05,-7.904627106878713e-06,0.5281383181731135,7.613036261116746e-05,2.3675189584888376e-05
34,True,0.35000000000000026,6.239523000518928,False,False,0.0,False,,-0.15,0.0,-0.73304,-0.58496,-0.50477,-0.4,0.0,0.0,0.0,0.0,0.0,0.17,0.0,0.0,0.52333,0.0,0.0,-0.15,0.0,-0.73304,-0.58496,-0.50477,-0.4,0.0,0.0,0.0,0.0,0.0,0.17,0.0,0.0,0.52333,0.0,0.0,-0.1669592190597493,-0.003748116400218149,-0.7397197523127612,-0.5875387710445076,-0.5050377767316961,-0.4034168499416855,-0.00011940564652353948,-2.33477774165366e-05,1.2184995167046154e-06,-0.00012222349692768457,-1.5182029248005628e-05,0.172389267727174,-6.691266353625242e-05,-8.018081499158752e-06,0.5281451433829599,7.798594392866721e-05,2.4242987820926442e-05
35,True,0.36000000000000026,6.239554680540604,False,False,0.0,False,,-0.15,0.0,-0.73304,-0.58496,-0.50477,-0.4,0.0,0.0,0.0,0.0,0.0,0.17,0.0,0.0,0.52333,0.0,0.0,-0.15,0.0,-0.73304,-0.58496,-0.50477,-0.4,0.0,0.0,0.0,0.0,0.0,0.17,0.0,0.0,0.52333,0.0,0.0,-0.16695590357967857,-0.0037543143135772244,-0.739725887510561,-0.5875451679398314,-0.5050432539068568,-0.4034234355744105,-0.00012036191429965485,-2.3774017937082073e-05,1.2447418189577632e-06,-0.00012211759290406282,-1.5442243788667333e-05,0.17239563674347497,-6.653321984170389e-05,-8.129443525464016e-06,0.5281518485307369,7.980696907882233e-05,2.4799861252791277e-05
36,True,0.3700000000000003,6.239585827491344,False,False,0.0,False,,-0.15,0.0,-0.73304,-0.58496,-0.50477,-0.4,0.0,0.0,0.0,0.0,0.0,0.17,0.0,0.0,0.52333,0.0,0.0,-0.15,0.0,-0.73304,-0.58496,-0.50477,-0.4,0.0,0.0,0.0,0.0,0.0,0.17,0.0,0.0,0.52333,0.0,0.0,-0.16695260892253308,-0.0037604027478189144,-0.7397319140165739,-0.5875514443881954,-0.5050486255812743,-0.40342990734039313,-0.00012130098884664479,-2.4192207123695353e-05,1.2705433325653714e-06,-0.00012201403370642127,-1.569756308021767e-05,0.17240189870496125,-6.616104685433436e-05,-8.238752900350072e-06,0.5281584357279787,8.159407794549898e-05,2.5346018934561466e-05
37,True,0.3800000000000003,6.2396164503490015,False,False,0.0,False,,-0.15,0.0,-0.73304,-0.58496,-0.50477,-0.4,0.0,0.0,0.0,0.0,0.0,0.17,0.0,0.0,0.52333,0.0,0.0,-0.15,0.0,-0.73304,-0.58496,-0.50477,-0.4,0.0,0.0,0.0,0.0,0.0,0.17,0.0,0.0,0.52333,0.0,0.0,-0.16694933495735878,-0.003766383638611639,-0.7397378337561074,-0.587557602658358,-0.5050538937873013,-0.4034362672079895,-0.00012222318327450107,-2.4602498231146782e-05,1.2959114614495648e-06,-0.00012191277405305837,-1.5948080374054394e-05,0.17240805541080795,-6.579601058357501e-05,-8.346048577532035e-06,0.528164907049017,8.334789858559706e-05,2.5881665926449324e-05
38,True,0.3900000000000003,6.239646557940001,False,False,0.0,False,,-0.15,0.0,-0.73304,-0.58496,-0.50477,-0.4,0.0,0.0,0.0,0.0,0.0,0.17,0.0,0.0,0.52333,0.0,0.0,-0.15,0.0,-0.73304,-0.58496,-0.50477,-0.4,0.0,0.0,0.0,0.0,0.0,0.17,0.0,0.0,0.52333,0.0,0.0,-0.16694608155417076,-0.0037722588873795562,-0.7397436486203286,-0.5875636449763364,-0.5050590605181391,-0.40344251711152096,-0.0001231288049654946,-2.5005041589306013e-05,1.3208534851685238e-06,-0.00012181376950192773,-1.6193887137596818e-05,0.1724141086299508,-6.543797947615855e-05,-8.45136876415087e-06,0.5281712645316796,8.506904744847796e-05,2.6407003371384203e-05
39,True,0.4000000000000003,6.23967615894168,False,False,0.0,False,,-0.15,0.0,-0.73304,-0.58496,-0.50477,-0.4,0.0,0.0,0.0,0.0,0.0,0.17,0.0,0.0,0.52333,0.0,0.0,-0.15,0.0,-0.73304,-0.58496,-0.50477,-0.4,0.0,0.0,0.0,0.0,0.0,0.17,0.0,0.0,0.52333,0.0,0.0,-0.1669428485838528,-0.0037780303619135863,-0.7397493604668941,-0.5875695735262134,-0.5050641277285922,-0.40344865895186993,-0.0001240181556790345,-2.5399984659008418e-05,1.3453765610054583e-06,-0.000121716976435291,-1.643507308848504e-05,0.17242006010159697,-6.508682437199068e-05,-8.554750935144518e-06,0.5281775101779506,8.675812959043537e-05,2.6922228569828162e-05
40,True,0.4100000000000003,6.239705261885109,False,False,0.0,False,,-0.15,0.0,-0.73304,-0.58496,-0.50477,-0.4,0.0,0.0,0.0,0.0,0.0,0.17,0.0,0.0,0.52333,0.0,0.0,-0.15,0.0,-0.73304,-0.58496,-0.50477,-0.4,0.0,0.0,0.0,0.0,0.0,0.17,0.0,0.0,0.52333,0.0,0.0,-0.16693963591811753,-0.0037836998969683288,-0.7397549711205516,-0.587575390450928,-0.5050690973358074,-0.40345469459706035,-0.00012489153165481714,-2.578747208691089e-05,1.369487726022447e-06,-0.0001216223520448661,-1.667172622817138e-05,0.1724259115357255,-6.474241846101975e-05,-8.656231847387539e-06,0.5281836459546061,8.841573888504366e-05,2.742753505311244e-05
41,True,0.4200000000000003,6.239733875157332,False,False,0.0,False,,-0.15,0.0,-0.73304,-0.58496,-0.50477,-0.4,0.0,0.0,0.0,0.0,0.0,0.17,0.0,0.0,0.52333,0.0,0.0,-0.15,0.0,-0.73304,-0.58496,-0.50477,-0.4,0.0,0.0,0.0,0.0,0.0,0.17,0.0,0.0,0.52333,0.0,0.0,-0.1669364434294885,-0.0037892692948471884,-0.739760482373727,-0.5875810978530505,-0.5050739712199993,-0.403460625882827,-0.00012574922371405922,-2.616764575928742e-05,1.3931938990798204e-06,-0.0001215298543171806,-1.6903932874845708e-05,0.17243166461357898,-6.44046372408276e-05,-8.755847553538694e-06,0.5281896737938364,9.004245822962947e-05,2.7923112655379037e-05
42,True,0.4300000000000003,6.239762007003891,False,False,0.0,False,,-0.15,0.0,-0.73304,-0.58496,-0.50477,-0.4,0.0,0.0,0.0,0.0,0.0,0.17,0.0,0.0,0.52333,0.0,0.0,-0.15,0.0,-0.73304,-0.58496,-0.50477,-0.4,0.0,0.0,0.0,0.0,0.0,0.17,0.0,0.0,0.52333,0.0,0.0,-0.16693327099129063,-0.003794740325976684,-0.739765895987098,-0.5875866977955427,-0.5050787512251619,-0.4034664546131738,-0.00012659151735882576,-2.6540644854779394e-05,1.416501882821566e-06,-0.00012143944201911188,-1.7131777695706074e-05,0.17243732098814651,-6.407335847491483e-05,-8.853633415600507e-06,0.5281955955938551,9.163885974795902e-05,2.840914758416006e-05
43,True,0.44000000000000034,6.2397896655312595,False,False,0.0,False,,-0.15,0.0,-0.73304,-0.58496,-0.50477,-0.4,0.0,0.0,0.0,0.0,0.0,0.17,0.0,0.0,0.52333,0.0,0.0,-0.15,0.0,-0.73304,-0.58496,-0.50477,-0.4,0.0,0.0,0.0,0.0,0.0,0.17,0.0,0.0,0.52333,0.0,0.0,-0.1669301184776434,-0.0038001147294704288,-0.7397712136901564,-0.5875921923025051,-0.5050834391597661,-0.40347218256092243,-0.0001274186928695044,-2.690660589612658e-05,1.4394183656274496e-06,-0.00012135107468363925,-1.7355343738596203e-05,0.17244288228463847,-6.374846215169394e-05,-8.949624118204563e-06,0.5282014132194965,9.32055049892033e-05,2.888582248961723e-05
44,True,0.45000000000000034,6.239816858709123,False,False,0.0,False,,-0.15,0.0,-0.73304,-0.58496,-0.50477,-0.4,0.0,0.0,0.0,0.0,0.0,0.17,0.0,0.0,0.52333,0.0,0.0,-0.15,0.0,-0.73304,-0.58496,-0.50477,-0.4,0.0,0.0,0.0,0.0,0.0,0.17,0.0,0.0,0.52333,0.0,0.0,-0.16692698576345547,-0.0038053942136830675,-0.7397764371817617,-0.587597583359908,-0.5050880367974441,-0.40347781146825135,-0.00012823102540047429,-2.7265662800903555e-05,1.4619499235323057e-06,-0.0001212647125958289,-1.7574712463028977e-05,0.17244835010095358,-6.342983044419947e-05,-9.04385368163418e-06,0.5282071285028035,9.474294512324073e-05,2.9353316532463765e-05
45,True,0.46000000000000035,6.239843594372787,False,False,0.0,False,,-0.15,0.0,-0.73304,-0.58496,-0.50477,-0.4,0.0,0.0,0.0,0.0,0.0,0.17,0.0,0.0,0.52333,0.0,0.0,-0.15,0.0,-0.73304,-0.58496,-0.50477,-0.4,0.0,0.0,0.0,0.0,0.0,0.17,0.0,0.0,0.52333,0.0,0.0,-0.1669238727244193,-0.0038105804567543913,-0.7397815681306827,-0.5876028729163101,-0.5050925458776606,-0.40348334304722555,-0.00012902878507401263,-2.7617946931283545e-05,1.484103022113137e-06,-0.00012118031677906103,-1.778996377061167e-05,0.17245372600813758,-6.311734767051472e-05,-9.136355474593197e-06,0.528212743243603,9.625172113235927e-05,2.9811805450591528e-05
46,True,0.47000000000000036,6.239869880225341,False,False,0.0,False,,-0.15,0.0,-0.73304,-0.58496,-0.50477,-0.4,0.0,0.0,0.0,0.0,0.0,0.17,0.0,0.0,0.52333,0.0,0.0,-0.15,0.0,-0.73304,-0.58496,-0.50477,-0.4,0.0,0.0,0.0,0.0,0.0,0.17,0.0,0.0,0.52333,0.0,0.0,-0.16692077923700643,-0.003815675107143815,-0.7397866081761313,-0.5876080628835633,-0.5050969681063711,-0.40348877898031704,-0.00012981223707247622,-2.7963587142850066e-05,1.5058840183444242e-06,-0.000121097848981502,-1.8001176034886388e-05,0.17245901155083468,-6.281090025490889e-05,-9.227162226727567e-06,0.5282182592100737,9.773236399942119e-05,3.0261461624427147e-05
47,True,0.48000000000000037,6.239895723840015,False,False,0.0,False,,-0.15,0.0,-0.73304,-0.58496,-0.50477,-0.4,0.0,0.0,0.0,0.0,0.0,0.17,0.0,0.0,0.52333,0.0,0.0,-0.15,0.0,-0.73304,-0.58496,-0.50477,-0.4,0.0,0.0,0.0,0.0,0.0,0.17,0.0,0.0,0.52333,0.0,0.0,-0.16691770517846244,-0.0038206797841553995,-0.7397915589282854,-0.5876131551375042,-0.505101305156667,-0.4034941209209163,-0.00013058164172879104,-2.8302709832475186e-05,1.5272991624223695e-06,-0.00012101727166282059,-1.8208426130597977e-05,0.1724642082477312,-6.251037668967473e-05,-9.316306040905446e-06,0.5282236781393019,9.918539489255477e-05,3.070245414104073e-05
48,True,0.4900000000000004,6.239921132662271,False,False,0.0,False,,-0.15,0.0,-0.73304,-0.58496,-0.50477,-0.4,0.0,0.0,0.0,0.0,0.0,0.17,0.0,0.0,0.52333,0.0,0.0,-0.15,0.0,-0.73304,-0.58496,-0.50477,-0.4,0.0,0.0,0.0,0.0,0.0,0.17,0.0,0.0,0.52333,0.0,0.0,-0.16691465042680223,-0.003825596078453584,-0.7397964219688039,-0.5876181515186324,-0.505105558669409,-0.4034993704938349,-0.00013133725461528294,-2.8635438985282644e-05,1.5483545995584232e-06,-0.00012093854798114536,-1.8411789462400692e-05,0.1724693175919918,-6.22156674976555e-05,-9.403818405260802e-06,0.5282290017378284,0.0001006113253464359,3.1134948857030786e-05
49,True,0.5000000000000003,6.239946114012028,False,False,0.0,False,,-0.15,0.0,-0.73304,-0.58496,-0.50477,-0.4,0.0,0.0,0.0,0.0,0.0,0.17,0.0,0.0,0.52333,0.0,0.0,-0.15,0.0,-0.73304,-0.58496,-0.50477,-0.4,0.0,0.0,0.0,0.0,0.0,0.17,0.0,0.0,0.52333,0.0,0.0,-0.16691161486080516,-0.0038304255525697948,-0.7398011988513307,-0.5876230538327762,-0.505109730253848,-0.4035045292957996,-0.00013207932663087998,-2.8961896220713486e-05,1.5690563717427553e-06,-0.00012086164178025936,-1.861133999301466e-05,0.17247434105168824,-6.19266651954493e-05,-9.489730205005248e-06,0.5282342316821851,0.00010201065744022255,3.155910846020862e-05
50,True,0.5100000000000003,6.239970675085791,False,False,0.0,False,,-0.15,0.0,-0.73304,-0.58496,-0.50477,-0.4,0.0,0.0,0.0,0.0,0.0,0.17,0.0,0.0,0.52333,0.0,0.0,-0.15,0.0,-0.73304,-0.58496,-0.50477,-0.4,0.0,0.0,0.0,0.0,0.0,0.17,0.0,0.0,0.52333,0.0,0.0,-0.16690859836001037,-0.003835169741400091,-0.7398058911019916,-0.5876278638517461,-0.5051138214882338,-0.4035095988959376,-0.0001328081040867162,-2.9282200837711474e-05,1.5894104194780347e-06,-0.00012078651757702841,-1.8807150270842754e-05,0.17247928007022117,-6.164326425727902e-05,-9.57407173401268e-06,0.5282393696194236,0.00010338388397220355,3.197509253010506e-05
51,True,0.5200000000000004,6.239994822958672,False,False,0.0,False,,-0.15,0.0,-0.73304,-0.58496,-0.50477,-0.4,0.0,0.0,0.0,0.0,0.0,0.17,0.0,0.0,0.52333,0.0,0.0,-0.15,0.0,-0.73304,-0.58496,-0.50477,-0.4,0.0,0.0,0.0,0.0,0.0,0.17,0.0,0.0,0.52333,0.0,0.0,-0.16690560080471195,-0.003839830152694007,-0.7398105002198819,-0.5876325833139753,-0.505117833920413,-0.40351458083625374,-0.0001335238287901667,-2.9596469859044968e-05,1.6094225834841262e-06,-0.00012071314054905855,-1.8999291457058194e-05,0.1724841360667347,-6.136536107951575e-05,-9.656872706181078e-06,0.5282444171676327,0.00010473148863122267,3.2383057597322e-05
52,True,0.5300000000000004,6.240018564586529,False,False,0.0,False,,-0.15,0.0,-0.73304,-0.58496,-0.50477,-0.4,0.0,0.0,0.0,0.0,0.0,0.17,0.0,0.0,0.52333,0.0,0.0,-0.15,0.0,-0.73304,-0.58496,-0.50477,-0.4,0.0,0.0,0.0,0.0,0.0,0.17,0.0,0.0,0.52333,0.0,0.0,-0.1669026220759543,-0.0038444082675347492,-0.739815027677545,-0.5876372139251481,-0.5051217690684136,-0.4035194766320992,-0.00013422673812734233,-2.990481807478201e-05,1.6290986063741582e-06,-0.00012064147652257858,-1.9187833352173138e-05,0.17248891043652406,-6.109285394584414e-05,-9.7381622665758e-06,0.5282493759164484,0.00010605394616493691,3.278315720175068e-05
53,True,0.5400000000000004,6.240041906807916,False,False,0.0,False,,-0.15,0.0,-0.73304,-0.58496,-0.50477,-0.4,0.0,0.0,0.0,0.0,0.0,0.17,0.0,0.0,0.52333,0.0,0.0,-0.15,0.0,-0.73304,-0.58496,-0.50477,-0.4,0.0,0.0,0.0,0.0,0.0,0.17,0.0,0.0,0.52333,0.0,0.0,-0.16689966205552745,-0.0038489055408108966,-0.7398194749214424,-0.5876417573588179,-0.5051256284210198,-0.4035242877726323,-0.00013491706514407256,-3.020735808493464e-05,1.6484441343024418e-06,-0.00012057149196054387,-1.937284442209811e-05,0.17249360455143625,-6.0825642993057705e-05,-9.817969002358567e-06,0.5282542474275534,0.00010735172254496805,3.31755419496786e-05
54,True,0.5500000000000004,6.240064856346135,False,False,0.0,False,,-0.15,0.0,-0.73304,-0.58496,-0.50477,-0.4,0.0,0.0,0.0,0.0,0.0,0.17,0.0,0.0,0.52333,0.0,0.0,-0.15,0.0,-0.73304,-0.58496,-0.50477,-0.4,0.0,0.0,0.0,0.0,0.0,0.17,0.0,0.0,0.52333,0.0,0.0,-0.16689672062596247,-0.0038533234016797538,-0.7398238433724154,-0.5876462152570113,-0.5051294134383361,-0.403529015721271,-0.0001355950386254044,-3.050420034128837e-05,1.6674647185846565e-06,-0.00012050315395095712,-1.95543918237021e-05,0.1724982197602642,-6.056363017747332e-05,-9.896320953506254e-06,0.5282590332351697,0.00010862527512900447,3.3560359569806e-05
55,True,0.5600000000000004,6.240087419811089,False,False,0.0,False,,-0.15,0.0,-0.73304,-0.58496,-0.50477,-0.4,0.0,0.0,0.0,0.0,0.0,0.17,0.0,0.0,0.52333,0.0,0.0,-0.15,0.0,-0.73304,-0.58496,-0.50477,-0.4,0.0,0.0,0.0,0.0,0.0,0.17,0.0,0.0,0.52333,0.0,0.0,-0.16689379767052673,-0.003857663254022515,-0.7398281344261396,-0.5876505892308228,-0.5051331255523389,-0.4035336619161381,-0.00013626088317364403,-3.079545318843244e-05,1.6861658172908942e-06,-0.00012043643019540222,-1.9732541429882885e-05,0.17250275738913415,-6.0306719241953025e-05,-9.973245623323551e-06,0.5282637348465398,0.00010987505281990957,3.393775496819289e-05
56,True,0.5700000000000004,6.2401096037013,False,False,0.0,False,,-0.15,0.0,-0.73304,-0.58496,-0.50477,-0.4,0.0,0.0,0.0,0.0,0.0,0.17,0.0,0.0,0.52333,0.0,0.0,-0.15,0.0,-0.73304,-0.58496,-0.50477,-0.4,0.0,0.0,0.0,0.0,0.0,0.17,0.0,0.0,0.52333,0.0,0.0,-0.1668908930732195,-0.0038619264768913687,-0.7398323494535705,-0.5876548808609973,-0.5051367661674191,-0.40353822777049836,-0.0001369148192849683,-3.108122290400599e-05,1.7045527968118796e-06,-0.00012037128899778743,-1.9907357854156905e-05,0.17250721874188657,-6.0054815683522704e-05,-1.0048769988753443e-05,0.528268353742403,0.00011110149622189222,3.430787028215705e-05
57,True,0.5800000000000004,6.24013141440575,False,False,0.0,False,,-0.15,0.0,-0.73304,-0.58496,-0.50477,-0.4,0.0,0.0,0.0,0.0,0.0,0.17,0.0,0.0,0.52333,0.0,0.0,-0.15,0.0,-0.73304,-0.58496,-0.50477,-0.4,0.0,0.0,0.0,0.0,0.0,0.17,0.0,0.0,0.52333,0.0,0.0,-0.16688800671876722,-0.0038661144249486977,-0.739836489801381,-0.5876590916985014,-0.5051403366609122,-0.4035427146731879,-0.00013755706342463223,-3.136161373817537e-05,1.722630933398931e-06,-0.00012030769925329378,-2.0078904474778033e-05,0.1725116051004506,-5.980782672157652e-05,-1.0122920510489392e-05,0.5282728913774603,0.00011230503779379334,3.467084493314293e-05
58,True,0.5900000000000004,6.2401528582056836,False,False,0.0,False,,-0.15,0.0,-0.73304,-0.58496,-0.50477,-0.4,0.0,0.0,0.0,0.0,0.0,0.17,0.0,0.0,0.52333,0.0,0.0,-0.15,0.0,-0.73304,-0.58496,-0.50477,-0.4,0.0,0.0,0.0,0.0,0.0,0.17,0.0,0.0,0.52333,0.0,0.0,-0.166885138492619,-0.003870228428898507,-0.7398405567923915,-0.5876632232650851,-0.5051438383836213,-0.40354712398903686,-0.00013818782810079812,-3.1636727952357004e-05,1.7404054146780461e-06,-0.00012024563043752544,-2.0247243458394108e-05,0.17251591772521238,-5.956566126665666e-05,-1.0195723142893072e-05,0.5282773491808321,0.00011348610199954186,3.502681567858117e-05
59,True,0.6000000000000004,6.240173941276531,False,False,0.0,False,,-0.15,0.0,-0.73304,-0.58496,-0.50477,-0.4,0.0,0.0,0.0,0.0,0.0,0.17,0.0,0.0,0.52333,0.0,0.0,-0.15,0.0,-0.73304,-0.58496,-0.50477,-0.4,0.0,0.0,0.0,0.0,0.0,0.17,0.0,0.0,0.52333,0.0,0.0,-0.16688228828094226,-0.003874269795910221,-0.7398445517259928,-0.5876672770538316,-0.5051472726603267,-0.403551457059284,-0.00013880732193701151,-3.1906665857200394e-05,1.7578813411385116e-06,-0.00012018505259585789,-2.0412435783250228e-05,0.17252015785537692,-5.932822988979802e-05,-1.026720334372135e-05,0.5282817285565089,0.00011464510545583251,3.537591666275807e-05
60,True,0.6100000000000004,6.240194669689608,False,False,0.0,False,,-0.15,0.0,-0.73304,-0.58496,-0.50477,-0.4,0.0,0.0,0.0,0.0,0.0,0.17,0.0,0.0,0.52333,0.0,0.0,-0.15,0.0,-0.73304,-0.58496,-0.50477,-0.4,0.0,0.0,0.0,0.0,0.0,0.17,0.0,0.0,0.52333,0.0,0.0,-0.1668794559706181,-0.0038782398100349843,-0.7398484758785606,-0.5876712545296974,-0.5051506407902878,-0.40355571520198463,-0.00013941574974334927,-3.2171525849845466e-05,1.7750637275965755e-06,-0.00012012593633298052,-2.0574541261947358e-05,0.1725243267093242,-5.909544479242736e-05,-1.0337386083666208e-05,0.5282860308837921,0.00011578245707707637,3.571827946671371e-05
61,True,0.6200000000000004,6.240215049413914,False,False,0.0,False,,-0.15,0.0,-0.73304,-0.58496,-0.50477,-0.4,0.0,0.0,0.0,0.0,0.0,0.17,0.0,0.0,0.52333,0.0,0.0,-0.15,0.0,-0.73304,-0.58496,-0.50477,-0.4,0.0,0.0,0.0,0.0,0.0,0.17,0.0,0.0,0.52333,0.0,0.0,-0.1668766414492369,-0.003882139732614596,-0.7398523305038635,-0.5876751571300427,-0.5051539440477352,-0.40355989971241124,-0.00014001331258626325,-3.243140445046789e-05,1.791957504634483e-06,-0.00012006825280263014,-2.073361856376494e-05,0.17252842548495895,-5.8867219776807326e-05,-1.040629585571121e-05,0.5282902575177293,0.00011689855821767494,3.605403315718753e-05
62,True,0.6300000000000004,6.240235086317878,False,False,0.0,False,,-0.15,0.0,-0.73304,-0.58496,-0.50477,-0.4,0.0,0.0,0.0,0.0,0.0,0.17,0.0,0.0,0.52333,0.0,0.0,-0.15,0.0,-0.73304,-0.58496,-0.50477,-0.4,0.0,0.0,0.0,0.0,0.0,0.17,0.0,0.0,0.52333,0.0,0.0,-0.16687384460509389,-0.0038859708026832114,-0.739856116833463,-0.5876789862651506,-0.5051571836823521,-0.4035640118634473,-0.00014060020785714445,-3.268639633812623e-05,1.8085675200153682e-06,-0.00012001197369751179,-2.0889725236555668e-05,0.17253245536005496,-5.8643470217015045e-05,-1.0473956684308016e-05,0.5282944097895397,0.00011799380281166692,3.638330433462931e-05
63,True,0.6400000000000005,6.240254786171001,False,False,0.0,False,,-0.15,0.0,-0.73304,-0.58496,-0.50477,-0.4,0.0,0.0,0.0,0.0,0.0,0.17,0.0,0.0,0.52333,0.0,0.0,-0.15,0.0,-0.73304,-0.58496,-0.50477,-0.4,0.0,0.0,0.0,0.0,0.0,0.17,0.0,0.0,0.52333,0.0,0.0,-0.16687106532718476,-0.0038897342373619393,-0.739859836077107,-0.5876827433187376,-0.5051603609197474,-0.40356805290597436,-0.0001411766293396302,-3.29365943859241e-05,1.8248985400743747e-06,-0.00011995707123940366,-2.1042917728220813e-05,0.1725364174925932,-5.8424113030445967e-05,-1.0540392134376422e-05,0.5282984890070336,0.00011906857750979623,3.670621718029362e-05
64,True,0.6500000000000005,6.240274154645579,False,False,0.0,False,,-0.15,0.0,-0.73304,-0.58496,-0.50477,-0.4,0.0,0.0,0.0,0.0,0.0,0.17,0.0,0.0,0.52333,0.0,0.0,-0.15,0.0,-0.73304,-0.58496,-0.50477,-0.4,0.0,0.0,0.0,0.0,0.0,0.17,0.0,0.0,0.52333,0.0,0.0,-0.16686830350520135,-0.0038934312322464544,-0.7398634894231169,-0.5876864296484536,-0.5051634769619197,-0.4035720240692522,-0.0001417427672756782,-3.31820896955005e-05,1.8409552510863879e-06,-0.00011990351816944243,-2.119325140777398e-05,0.1725403130210945,-5.8209066649833274e-05,-1.060562532013134e-05,0.528302496455024,0.0001201232618140489,3.702289350243504e-05
65,True,0.6600000000000005,6.240293197318352,False,False,0.0,False,,-0.15,0.0,-0.73304,-0.58496,-0.50477,-0.4,0.0,0.0,0.0,0.0,0.0,0.17,0.0,0.0,0.52333,0.0,0.0,-0.15,0.0,-0.73304,-0.58496,-0.50477,-0.4,0.0,0.0,0.0,0.0,0.0,0.17,0.0,0.0,0.52333,0.0,0.0,-0.16686555902952732,-0.0038970629617877577,-0.7398670780387655,-0.5876900465863738,-0.5051665329877117,-0.4035759265612925,-0.00014229880843042938,-3.3422971630861136e-05,1.8567422606108238e-06,-0.00011985128773858609,-2.13407805860013e-05,0.17254414306494645,-5.799825099577355e-05,-1.066967891374e-05,0.5283064333957309,0.0001211582282097056,3.733345278162144e-05
66,True,0.6700000000000005,6.240311919672076,False,False,0.0,False,,-0.15,0.0,-0.73304,-0.58496,-0.50477,-0.4,0.0,0.0,0.0,0.0,0.0,0.17,0.0,0.0,0.52333,0.0,0.0,-0.15,0.0,-0.73304,-0.58496,-0.50477,-0.4,0.0,0.0,0.0,0.0,0.0,0.17,0.0,0.0,0.52333,0.0,0.0,-0.16686283179123365,-0.003900630579666198,-0.7398706030706514,-0.5876935954394795,-0.5051695301532568,-0.40357976156922637,-0.0001428449361558823,-3.3659327851563346e-05,1.872264098813821e-06,-0.00011980035369825078,-2.148555853572574e-05,0.1725479087247252,-5.779158744974964e-05,-1.0732575153812672e-05,0.5283103010691789,0.00012217384229495565,3.7638012215182114e-05
67,True,0.6800000000000005,6.240330327097107,False,False,0.0,False,,-0.15,0.0,-0.73304,-0.58496,-0.50477,-0.4,0.0,0.0,0.0,0.0,0.0,0.17,0.0,0.0,0.52333,0.0,0.0,-0.15,0.0,-0.73304,-0.58496,-0.50477,-0.4,0.0,0.0,0.0,0.0,0.0,0.17,0.0,0.0,0.52333,0.0,0.0,-0.16686012168207454,-0.0039041352191588777,-0.7398740656450644,-0.5876970774901314,-0.5051724695924164,-0.4035835302596649,-0.00014338133045340036,-3.389124434526694e-05,1.8875252197682013e-06,-0.00011975069029111856,-2.1627637511683094e-05,0.1725516110825113,-5.758899882764161e-05,-1.0794335853730112e-05,0.5283141006935865,0.00012317046290811755,3.7936686760807325e-05
68,True,0.6900000000000005,6.240348424893028,False,False,0.0,False,,-0.15,0.0,-0.73304,-0.58496,-0.50477,-0.4,0.0,0.0,0.0,0.0,0.0,0.17,0.0,0.0,0.52333,0.0,0.0,-0.15,0.0,-0.73304,-0.58496,-0.50477,-0.4,0.0,0.0,0.0,0.0,0.0,0.17,0.0,0.0,0.52333,0.0,0.0,-0.1668574285944831,-0.003907577993500561,-0.7398774668683451,-0.5877004939965333,-0.5051753524172083,-0.40358723377905426,-0.0001439081680350738,-3.411880545966313e-05,1.9025300027316308e-06,-0.00011970227224211306,-2.176706877001716e-05,0.1725552512022007,-5.7390409353717025e-05,-1.0854982409810858e-05,0.5283178334657507,0.00012414844225251012,3.8229589179315405e-05
69,True,0.7000000000000005,6.240366218270126,False,False,0.0,False,,-0.15,0.0,-0.73304,-0.58496,-0.50477,-0.4,0.0,0.0,0.0,0.0,0.0,0.17,0.0,0.0,0.52333,0.0,0.0,-0.15,0.0,-0.73304,-0.58496,-0.50477,-0.4,0.0,0.0,0.0,0.0,0.0,0.17,0.0,0.0,0.52333,0.0,0.0,-0.16685475242156717,-0.003910959996238193,-0.7398808078272388,-0.5877038461931873,-0.5051781797182291,-0.40359087325402376,-0.00014442562238395687,-3.4342093933793385e-05,1.9172827534032947e-06,-0.00011965507474953975,-2.190390258740137e-05,0.1725588301298102,-5.719574463509198e-05,-1.091453580932146e-05,0.5283215005614229,0.00012510812601901802,3.8516830076603334e-05
70,True,0.7100000000000005,6.240383712350886,False,False,0.0,False,,-0.15,0.0,-0.73304,-0.58496,-0.50477,-0.4,0.0,0.0,0.0,0.0,0.0,0.17,0.0,0.0,0.52333,0.0,0.0,-0.15,0.0,-0.73304,-0.58496,-0.50477,-0.4,0.0,0.0,0.0,0.0,0.0,0.17,0.0,0.0,0.52333,0.0,0.0,-0.166852093057105,-0.003914282301579156,-0.7398840895892417,-0.5877071352913397,-0.5051809525650648,-0.40359444979172876,-0.0001449338638132013,-3.4561190928769915e-05,1.931787705159432e-06,-0.00011960907347638799,-2.203818827979401e-05,0.172562348893778,-5.700493163665411e-05,-1.0973016638332664e-05,0.5283251031356796,0.00012604985350639342,3.879851794479638e-05
71,True,0.7200000000000005,6.240400912171504,False,False,0.0,False,,-0.15,0.0,-0.73304,-0.58496,-0.50477,-0.4,0.0,0.0,0.0,0.0,0.0,0.17,0.0,0.0,0.52333,0.0,0.0,-0.15,0.0,-0.73304,-0.58496,-0.50477,-0.4,0.0,0.0,0.0,0.0,0.0,0.17,0.0,0.0,0.52333,0.0,0.0,-0.16684945039554103,-0.00391754596473335,-0.739887313202943,-0.5877103624794201,-0.5051836720066971,-0.40359796448018703,-0.00014543305952410598,-3.477617605790916e-05,1.9460490202681817e-06,-0.00011956424454179209,-2.2169974220834054e-05,0.17256580850525913,-5.6817898656439467e-05,-1.103044508942454e-05,0.5283286423232854,0.00012697395773933663,3.907475920261215e-05
72,True,0.7300000000000005,6.240417822683418,False,False,0.0,False,,-0.15,0.0,-0.73304,-0.58496,-0.50477,-0.4,0.0,0.0,0.0,0.0,0.0,0.17,0.0,0.0,0.52333,0.0,0.0,-0.15,0.0,-0.73304,-0.58496,-0.50477,-0.4,0.0,0.0,0.0,0.0,0.0,0.17,0.0,0.0,0.52333,0.0,0.0,-0.16684682433198197,-0.003920752022249245,-0.7398904796983586,-0.5877135289234704,-0.5051863390718997,-0.4036014183886098,-0.00014592337366310282,-3.498712741628955e-05,1.9600707910839754e-06,-0.00011952056451264787,-2.2299307859884586e-05,0.17256920995841576,-5.6634575301454994e-05,-1.1086840969243393e-05,0.5283321192390502,0.00012788076558439582,3.934565823495391e-05
73,True,0.7400000000000005,6.24043444875455,False,False,0.0,False,,-0.15,0.0,-0.73304,-0.58496,-0.50477,-0.4,0.0,0.0,0.0,0.0,0.0,0.17,0.0,0.0,0.52333,0.0,0.0,-0.15,0.0,-0.73304,-0.58496,-0.50477,-0.4,0.0,0.0,0.0,0.0,0.0,0.17,0.0,0.0,0.52333,0.0,0.0,-0.16684421476219244,-0.003923901492343964,-0.7398935900872611,-0.5877166357675667,-0.5051889547696277,-0.40360481256772646,-0.0001464049673776984,-3.5194121609744554e-05,1.9738570412218915e-06,-0.00011947801039538274,-2.2426235739730432e-05,0.17257255423070286,-5.645489246393852e-05,-1.1142223705913397e-05,0.5283355349781802,0.00012877059786372676,3.961131743174808e-05
74,True,0.7500000000000006,6.240450795170885,False,False,0.0,False,,-0.15,0.0,-0.73304,-0.58496,-0.50477,-0.4,0.0,0.0,0.0,0.0,0.0,0.17,0.0,0.0,0.52333,0.0,0.0,-0.15,0.0,-0.73304,-0.58496,-0.50477,-0.4,0.0,0.0,0.0,0.0,0.0,0.17,0.0,0.0,0.52333,0.0,0.0,-0.16684162158259092,-0.003926995375227539,-0.7398966453635022,-0.5877196841342337,-0.5051915200893993,-0.40360814805010437,-0.00014687799887139034,-3.5397233783301725e-05,1.9874117267122562e-06,-0.00011943655962787576,-2.255080351393673e-05,0.17257584228314896,-5.627878229804826e-05,-1.1196612356305663e-05,0.5283388906166228,0.00012964376946675158,3.9871837226040135e-05
75,True,0.7600000000000006,6.240466866637805,False,False,0.0,False,,-0.15,0.0,-0.73304,-0.58496,-0.50477,-0.4,0.0,0.0,0.0,0.0,0.0,0.17,0.0,0.0,0.52333,0.0,0.0,-0.15,0.0,-0.73304,-0.58496,-0.50477,-0.4,0.0,0.0,0.0,0.0,0.0,0.17,0.0,0.0,0.52333,0.0,0.0,-0.16683904469024577,-0.003930034653421436,-0.7398996465033303,-0.5877226751248497,-0.5051940360016703,-0.4036114258504625,-0.0001473426234575771,-3.559653764907841e-05,2.0007387371358713e-06,-0.00011939619007152531,-2.2673055963874852e-05,0.17257907506063208,-5.610617819697431e-05,-1.1250025613167551e-05,0.5283421872114048,0.00013050058945975567,4.012731613136326e-05
76,True,0.7700000000000006,6.240482667781435,False,False,0.0,False,,-0.15,0.0,-0.73304,-0.58496,-0.50477,-0.4,0.0,0.0,0.0,0.0,0.0,0.17,0.0,0.0,0.52333,0.0,0.0,-0.15,0.0,-0.73304,-0.58496,-0.50477,-0.4,0.0,0.0,0.0,0.0,0.0,0.17,0.0,0.0,0.52333,0.0,0.0,-0.16683648398287104,-0.003933020292071432,-0.7399025944657023,-0.5877256098200457,-0.5051965034582019,-0.40361464696598015,-0.00014779899361248047,-3.5792105513644526e-05,2.0138418967401887e-06,-0.00011935688000346163,-2.2793037015422195e-05,0.17258225349215134,-5.593701477046424e-05,-1.1302481812114861e-05,0.5283454258009657,0.00013134136119346065,4.037785077839344e-05
77,True,0.7800000000000006,6.24049820314994,False,False,0.0,False,,-0.15,0.0,-0.73304,-0.58496,-0.50477,-0.4,0.0,0.0,0.0,0.0,0.0,0.17,0.0,0.0,0.52333,0.0,0.0,-0.15,0.0,-0.73304,-0.58496,-0.50477,-0.4,0.0,0.0,0.0,0.0,0.0,0.17,0.0,0.0,0.52333,0.0,0.0,-0.1668339393588225,-0.003935953239254972,-0.7399054901925899,-0.5877284892800964,-0.5051989233924193,-0.4036178123765999,-0.00014824725902709738,-3.598400830486246e-05,2.026724965536684e-06,-0.00011931860810890161,-2.291078975534187e-05,0.17258537849109362,-5.5771227822755444e-05,-1.1353998938489574e-05,0.5283486074054838,0.0001321663824086109,4.0623535950904866e-05
78,True,0.7900000000000006,6.240513477214955,False,False,0.0,False,,-0.15,0.0,-0.73304,-0.58496,-0.50477,-0.4,0.0,0.0,0.0,0.0,0.0,0.17,0.0,0.0,0.52333,0.0,0.0,-0.15,0.0,-0.73304,-0.58496,-0.50477,-0.4,0.0,0.0,0.0,0.0,0.0,0.17,0.0,0.0,0.52333,0.0,0.0,-0.16683141071709365,-0.003938834426283072,-0.7399083346092807,-0.5877313145453028,-0.5052012967197669,-0.40362092304532576,-0.0001486875666582004,-3.6172315598214234e-05,2.039391640379857e-06,-0.00011928135347364318,-2.302635644734865e-05,0.17258845095549602,-5.560875433090685e-05,-1.1404594634085714e-05,0.5283517330271982,0.00013297594533961013,4.086446462103873e-05
79,True,0.8000000000000006,6.240528494372778,False,False,0.0,False,,-0.15,0.0,-0.73304,-0.58496,-0.50477,-0.4,0.0,0.0,0.0,0.0,0.0,0.17,0.0,0.0,0.52333,0.0,0.0,-0.15,0.0,-0.73304,-0.58496,-0.50477,-0.4,0.0,0.0,0.0,0.0,0.0,0.17,0.0,0.0,0.52333,0.0,0.0,-0.1668288979573117,-0.003941664767996896,-0.7399111286246732,-0.5877340866363691,-0.5052036243380527,-0.4036239799185158,-0.00014912006077840302,-3.6357095642625646e-05,2.051845556028076e-06,-0.00011924509557669668,-2.3139778547867048e-05,0.17259147176830378,-5.5449532423522795e-05,-1.1454286203745884e-05,0.5283548036507231,0.0001337703368162442,4.110072798389877e-05
80,True,0.8100000000000006,6.240543258945684,False,False,0.0,False,,-0.15,0.0,-0.73304,-0.58496,-0.50477,-0.4,0.0,0.0,0.0,0.0,0.0,0.17,0.0,0.0,0.52333,0.0,0.0,-0.15,0.0,-0.73304,-0.58496,-0.50477,-0.4,0.0,0.0,0.0,0.0,0.0,0.17,0.0,0.0,0.52333,0.0,0.0,-0.16682640097973359,-0.003944445163059083,-0.7399138731315673,-0.5877368065547717,-0.5052059071277897,-0.4036269839261698,-0.00014954488302530797,-3.6538415385797e-05,2.0640902861866212e-06,-0.00011920981428305098,-2.3251096721487476e-05,0.1725944417976239,-5.529350135986192e-05,-1.1503090621830928e-05,0.5283578202433588,0.0001345498383635254,4.133241549148622e-05
81,True,0.8200000000000006,6.240557775183135,False,False,0.0,False,,-0.15,0.0,-0.73304,-0.58496,-0.50477,-0.4,0.0,0.0,0.0,0.0,0.0,0.17,0.0,0.0,0.52333,0.0,0.0,-0.15,0.0,-0.73304,-0.58496,-0.50477,-0.4,0.0,0.0,0.0,0.0,0.0,0.17,0.0,0.0,0.52333,0.0,0.0,-0.16682391968524216,-0.003947176494239912,-0.7399165690069497,-0.5877394752831218,-0.5052081459525283,-0.40362993598221225,-0.00014996217244975468,-3.671634049904991e-05,2.0761293445331577e-06,-0.00011917548983657162,-2.336035085612625e-05,0.1725973618969744,-5.514060150932419e-05,-1.1551024538565207e-05,0.5283607837553955,0.00013531472629969287,4.15596148859869e-05
82,True,0.8300000000000006,6.240572047263047,False,False,0.0,False,,-0.15,0.0,-0.73304,-0.58496,-0.50477,-0.4,0.0,0.0,0.0,0.0,0.0,0.17,0.0,0.0,0.52333,0.0,0.0,-0.15,0.0,-0.73304,-0.58496,-0.50477,-0.4,0.0,0.0,0.0,0.0,0.0,0.17,0.0,0.0,0.52333,0.0,0.0,-0.16682145397534212,-0.003949859628698418,-0.7399192171122735,-0.5877420937855201,-0.5052103416591832,-0.4036328369847699,-0.00015037206556318248,-3.689093540169936e-05,2.0879661857260697e-06,-0.00011914210285302867,-2.3467580077895153e-05,0.17260023290552962,-5.499077433130912e-05,-1.1598104286259856e-05,0.5283636951204129,0.00013606527183240342,4.178241223242284e-05
83,True,0.8400000000000006,6.240586079293023,False,False,0.0,False,,-0.15,0.0,-0.73304,-0.58496,-0.50477,-0.4,0.0,0.0,0.0,0.0,0.0,0.17,0.0,0.0,0.52333,0.0,0.0,-0.15,0.0,-0.73304,-0.58496,-0.50477,-0.4,0.0,0.0,0.0,0.0,0.0,0.17,0.0,0.0,0.52333,0.0,0.0,-0.16681900375215625,-0.003952495418258521,-0.7399218182937336,-0.5877446630079062,-0.5052124950783539,-0.4036356878164453,-0.00015077469638412596,-3.706226328496019e-05,2.0996042063957922e-06,-0.00011910963431325202,-2.357282276568608e-05,0.17260305564836126,-5.4843962355438594e-05,-1.1644345885416343e-05,0.5283665552555732,0.0001368017411531456,4.2000891950680386e-05
84,True,0.8500000000000006,6.2405998753114345,False,False,0.0,False,,-0.15,0.0,-0.73304,-0.58496,-0.50477,-0.4,0.0,0.0,0.0,0.0,0.0,0.17,0.0,0.0,0.52333,0.0,0.0,-0.15,0.0,-0.73304,-0.58496,-0.50477,-0.4,0.0,0.0,0.0,0.0,0.0,0.17,0.0,0.0,0.52333,0.0,0.0,-0.16681656891842148,-0.003955084699680288,-0.7399243733825371,-0.5877471838784,-0.5052146070246385,-0.4036384893445845,-0.00015117019648385835,-3.72303861353967e-05,2.111046746119484e-06,-0.0001190780655564116,-2.3676116565476233e-05,0.17260583093667528,-5.470010916213756e-05,-1.1689765050712703e-05,0.5283693650619105,0.00013752439552991086,4.2215136846926926e-05
85,True,0.8600000000000007,6.240613439288753,False,False,0.0,False,,-0.15,0.0,-0.73304,-0.58496,-0.50477,-0.4,0.0,0.0,0.0,0.0,0.0,0.17,0.0,0.0,0.52333,0.0,0.0,-0.15,0.0,-0.73304,-0.58496,-0.50477,-0.4,0.0,0.0,0.0,0.0,0.0,0.17,0.0,0.0,0.52333,0.0,0.0,-0.1668141493774851,-0.003957628294926375,-0.7399268831951684,-0.587749657307638,-0.5052166782969432,-0.40364124242154115,-0.00015155869503119838,-3.739536475792443e-05,2.122297088379377e-06,-0.00011904737827342045,-2.377749840435927e-05,0.172608559568045,-5.455915936356629e-05,-1.1734377196874629e-05,0.5283721254246143,0.00013823349139815264,4.242522814442776e-05
86,True,0.8700000000000007,6.24062677512848,False,False,0.0,False,,-0.15,0.0,-0.73304,-0.58496,-0.50477,-0.4,0.0,0.0,0.0,0.0,0.0,0.17,0.0,0.0,0.52333,0.0,0.0,-0.15,0.0,-0.73304,-0.58496,-0.50477,-0.4,0.0,0.0,0.0,0.0,0.0,0.17,0.0,0.0,0.52333,0.0,0.0,-0.16681174503330087,-0.003960127011423774,-0.7399293485336501,-0.5877520841891027,-0.5052187096787832,-0.40364394788493546,-0.0001519403188364962,-3.755725879837231e-05,2.1333584615050097e-06,-0.0001190175545004583,-2.3877004504307584e-05,0.1726112423266401,-5.442105858489766e-05,-1.1778197444433675e-05,0.5283748372133082,0.00013892928045006623,4.2631245513774565e-05
87,True,0.8800000000000007,6.240639886668494,False,False,0.0,False,,-0.15,0.0,-0.73304,-0.58496,-0.50477,-0.4,0.0,0.0,0.0,0.0,0.0,0.17,0.0,0.0,0.52333,0.0,0.0,-0.15,0.0,-0.73304,-0.58496,-0.50477,-0.4,0.0,0.0,0.0,0.0,0.0,0.17,0.0,0.0,0.52333,0.0,0.0,-0.16680935579042538,-0.003962581642320921,-0.7399317701857995,-0.5877544653994453,-0.50522070193858,-0.40364660655790907,-0.00015231519239481306,-3.771612676561389e-05,2.144234039599629e-06,-0.00011898857661261339,-2.3974670395670917e-05,0.1726138799834519,-5.428575344593338e-05,-1.1821240625374744e-05,0.5283775012823231,0.00013961200972221956,4.2833267102536826e-05
88,True,0.8900000000000007,6.240652777682025,False,False,0.0,False,,-0.15,0.0,-0.73304,-0.58496,-0.50477,-0.4,0.0,0.0,0.0,0.0,0.0,0.17,0.0,0.0,0.52333,0.0,0.0,-0.15,0.0,-0.73304,-0.58496,-0.50477,-0.4,0.0,0.0,0.0,0.0,0.0,0.17,0.0,0.0,0.52333,0.0,0.0,-0.1668069815540141,-0.0039649929667402535,-0.7399341489254796,-0.5877568017988029,-0.5052226558299517,-0.40364921924937514,-0.00015268343792831,-3.787202605327566e-05,2.1549269434510145e-06,-0.00011896042731764058,-2.407053093041635e-05,0.1726164732965149,-5.415319154305295e-05,-1.1863521288674973e-05,0.5283801184709664,0.0001402819216815658,4.3031369564347056e-05
89,True,0.9000000000000007,6.240665451878762,False,False,0.0,False,,-0.15,0.0,-0.73304,-0.58496,-0.50477,-0.4,0.0,0.0,0.0,0.0,0.0,0.17,0.0,0.0,0.52333,0.0,0.0,-0.15,0.0,-0.73304,-0.58496,-0.50477,-0.4,0.0,0.0,0.0,0.0,0.0,0.17,0.0,0.0,0.52333,0.0,0.0,-0.1668046222298178,-0.003967361750026311,-0.7399364855128466,-0.5877590942311096,-0.5052245720919993,-0.4036517867542642,-0.0001530451754278594,-3.8025012961030675e-05,2.1654402414270344e-06,-0.00011893308964983341,-2.416462029511462e-05,0.17261902301112433,-5.4023321431489275e-05,-1.1905053705736105e-05,0.5283826896037865,0.00014093925430986763,4.322562808743077e-05
90,True,0.9100000000000007,6.240677912905974,False,False,0.0,False,,-0.15,0.0,-0.73304,-0.58496,-0.50477,-0.4,0.0,0.0,0.0,0.0,0.0,0.17,0.0,0.0,0.52333,0.0,0.0,-0.15,0.0,-0.73304,-0.58496,-0.50477,-0.4,0.0,0.0,0.0,0.0,0.0,0.17,0.0,0.0,0.52333,0.0,0.0,-0.16680227772417866,-0.003969688743989433,-0.739938780694593,-0.5877613435244025,-0.5052264514495847,-0.4036543098537662,-0.00015340052269389448,-3.817514271548539e-05,2.1757769503561655e-06,-0.00011890654696400823,-2.425697202367764e-05,0.17262152986005058,-5.389609260792523e-05,-1.1945851875712425e-05,0.5283852154908316,0.00014158424118656233,4.3416116422591754e-05
91,True,0.9200000000000007,6.240690164349514,False,False,0.0,False,,-0.15,0.0,-0.73304,-0.58496,-0.50477,-0.4,0.0,0.0,0.0,0.0,0.0,0.17,0.0,0.0,0.52333,0.0,0.0,-0.15,0.0,-0.73304,-0.58496,-0.50477,-0.4,0.0,0.0,0.0,0.0,0.0,0.17,0.0,0.0,0.52333,0.0,0.0,-0.16679994794402672,-0.003971974687145157,-0.7399410352041847,-0.5877635504911196,-0.5052282946136059,-0.40365678931556764,-0.00015374959537650985,-3.8322469490667416e-05,2.1859400363931534e-06,-0.00011888078292959808,-2.434761900985194e-05,0.17262399456374927,-5.3771455493405164e-05,-1.198592953073623e-05,0.5283876969279053,0.0001422171115700964,4.360290691066299e-05
92,True,0.9300000000000007,6.240702209734871,False,False,0.0,False,,-0.15,0.0,-0.73304,-0.58496,-0.50477,-0.4,0.0,0.0,0.0,0.0,0.0,0.17,0.0,0.0,0.52333,0.0,0.0,-0.15,0.0,-0.73304,-0.58496,-0.50477,-0.4,0.0,0.0,0.0,0.0,0.0,0.17,0.0,0.0,0.52333,0.0,0.0,-0.16679763279687615,-0.003974220304949375,-0.7399432497620977,-0.5877657159283953,-0.5052301022812661,-0.4036592258940851,-0.0001540925070148276,-3.846704642812185e-05,2.1959324158702035e-06,-0.0001188557815248548,-2.4436593519472804e-05,0.17262641783056845,-5.3649361416555714e-05,-1.202530014104282e-05,0.5283901346968171,0.00014283809047775848,4.378607050943352e-05
93,True,0.9400000000000007,6.2407140525281655,False,False,0.0,False,,-0.15,0.0,-0.73304,-0.58496,-0.50477,-0.4,0.0,0.0,0.0,0.0,0.0,0.17,0.0,0.0,0.52333,0.0,0.0,-0.15,0.0,-0.73304,-0.58496,-0.50477,-0.4,0.0,0.0,0.0,0.0,0.0,0.17,0.0,0.0,0.52333,0.0,0.0,-0.16679533219082157,-0.003976426310029335,-0.7399454250760454,-0.5877678406183475,-0.5052318751363374,-0.4036616203306946,-0.00015442936907564158,-3.860892565662374e-05,2.2057569561338573e-06,-0.00011883152703115677,-2.4523927202483573e-05,0.17262880035695194,-5.352976259711039e-05,-1.2063976919996966e-05,0.5283925295656279,0.00014344739876403763,4.3965676820061235e-05
94,True,0.9500000000000007,6.240725696137226,False,False,0.0,False,,-0.15,0.0,-0.73304,-0.58496,-0.50477,-0.4,0.0,0.0,0.0,0.0,0.0,0.17,0.0,0.0,0.52333,0.0,0.0,-0.15,0.0,-0.73304,-0.58496,-0.50477,-0.4,0.0,0.0,0.0,0.0,0.0,0.17,0.0,0.0,0.52333,0.0,0.0,-0.1667930460345345,-0.003978593402410548,-0.739947561841207,-0.5877699253283613,-0.5052336138494193,-0.403663973353957,-0.00015476029099135405,-3.874815831151392e-05,2.2154164763678186e-06,-0.000118808004027421,-2.460965110472472e-05,0.1726311428276395,-5.341261212973236e-05,-1.2101972829022703e-05,0.5283948822888921,0.00014404525319753472,4.414179411298129e-05
95,True,0.9600000000000007,6.240737143912475,False,False,0.0,False,,-0.15,0.0,-0.73304,-0.58496,-0.50477,-0.4,0.0,0.0,0.0,0.0,0.0,0.17,0.0,0.0,0.52333,0.0,0.0,-0.15,0.0,-0.73304,-0.58496,-0.50477,-0.4,0.0,0.0,0.0,0.0,0.0,0.17,0.0,0.0,0.52333,0.0,0.0,-0.1667907742372596,-0.003980722269739697,-0.7399496607404479,-0.5877719708113656,-0.505235319078193,-0.40366628567983953,-0.0001550853801972168,-3.88847945536654e-05,2.224913748401929e-06,-0.000118785197384617,-2.4693795679497024e-05,0.1726334459158634,-5.3297863968130126e-05,-1.213930058243835e-05,0.5283971936078954,0.00014463186653645345,4.431448935332e-05
96,True,0.9700000000000008,6.240748399147951,False,False,0.0,False,,-0.15,0.0,-0.73304,-0.58496,-0.50477,-0.4,0.0,0.0,0.0,0.0,0.0,0.17,0.0,0.0,0.52333,0.0,0.0,-0.15,0.0,-0.73304,-0.58496,-0.50477,-0.4,0.0,0.0,0.0,0.0,0.0,0.17,0.0,0.0,0.52333,0.0,0.0,-0.16678851670881126,-0.0039828135875035805,-0.7399517224445384,-0.5877739778061067,-0.5052369914676696,-0.40366855801193363,-0.00015540474216789012,-3.90188835880875e-05,2.2342514975075685e-06,-0.00011876309226038126,-2.477639079890322e-05,0.17263571028354197,-5.3185472909460676e-05,-1.2175972652198564e-05,0.5283994642508874,0.0001452074476026969,4.4483828225823394e-05
97,True,0.9800000000000008,6.2407594650822755,False,False,0.0,False,,-0.15,0.0,-0.73304,-0.58496,-0.50477,-0.4,0.0,0.0,0.0,0.0,0.0,0.17,0.0,0.0,0.52333,0.0,0.0,-0.15,0.0,-0.73304,-0.58496,-0.50477,-0.4,0.0,0.0,0.0,0.0,0.0,0.17,0.0,0.0,0.52333,0.0,0.0,-0.1667862733595699,-0.003984868019244202,-0.7399537476123683,-0.5877759470374146,-0.5052386316504345,-0.40367079104166836,-0.00015571848045333172,-3.915047368217453e-05,2.243432403179723e-06,-0.00011874167409372998,-2.485746576497238e-05,0.17263793658146942,-5.307539457901505e-05,-1.2212001272545203e-05,0.5284016949333115,0.0001457722013545963,4.464987515930994e-05
98,True,0.9900000000000008,6.240770344899495,False,False,0.0,False,,-0.15,0.0,-0.73304,-0.58496,-0.50477,-0.4,0.0,0.0,0.0,0.0,0.0,0.17,0.0,0.0,0.52333,0.0,0.0,-0.15,0.0,-0.73304,-0.58496,-0.50477,-0.4,0.0,0.0,0.0,0.0,0.0,0.17,0.0,0.0,0.52333,0.0,0.0,-0.1667840441004785,-0.003986886216770047,-0.7399557368911565,-0.5877778792164653,-0.5052402402468867,-0.40367298544852126,-0.00015602669671402797,-3.9279612183605784e-05,2.2524590999058602e-06,-0.00011872092859986851,-2.493704932057113e-05,0.17264012544950316,-5.296758541518108e-05,-1.2247398444568773e-05,0.5284038863580297,0.00014632632895829608,4.481269335065634e-05
99,True,1.0000000000000007,6.240781041730143,False,False,0.0,False,,-0.15,0.0,-0.73304,-0.58496,-0.50477,-0.4,0.0,0.0,0.0,0.0,0.0,0.17,0.0,0.0,0.52333,0.0,0.0,-0.15,0.0,-0.73304,-0.58496,-0.50477,-0.4,0.0,0.0,0.0,0.0,0.0,0.17,0.0,0.0,0.52333,0.0,0.0,-0.1667818288430391,-0.003988868820363622,-0.7399576909166585,-0.5877797750410381,-0.505241817865474,-0.4036751419002244,-0.0001563294907555798,-3.940634553790373e-05,2.2613341779219505e-06,-0.00011870084176509574,-2.5015169660105873e-05,0.17264227751674724,-5.286200265467844e-05,-1.2282175940682178e-05,0.5284060392155439,0.0001468700278578208,4.497234478832534e-05
100,True,1.0100000000000007,6.2407914093373265,False,False,0.0,False,,-0.15,0.0,-0.73304,-0.58496,-0.50477,-0.39991637333333335,0.0,0.0,-5.309629629629632e-05,0.0,0.0,0.17,0.0,0.0,0.52333,0.0,0.0,-0.15,0.0,-0.73304,-0.58496,-0.50477,-0.39991637333333335,0.0,0.0,-5.309629629629632e-05,0.0,0.0,0.17,0.0,0.0,0.52333,0.0,0.0,-0.1667796273077573,-0.0039908164818920995,-0.7399596103615349,-0.5877816352148671,-0.5052433651069239,-0.40367665698894173,-0.00015662689700618367,-3.9530701725710236e-05,1.8957344735170417e-06,-0.00011868131286939966,-2.5091834551661597e-05,0.17264439340798585,-5.275852454116343e-05,-1.2316326967533124e-05,0.5284081541989101,0.00014740353384609862,4.512890363521739e-05
101,True,1.0200000000000007,6.2408010282148005,False,False,0.0,False,,-0.15,0.0,-0.73304,-0.58496,-0.50477,-0.39966698666666667,0.0,0.0,-0.00021143703703703707,0.0,0.0,0.17,0.0,0.0,0.52333,0.0,0.0,-0.15,0.0,-0.73304,-0.58496,-0.50477,-0.39966698666666667,0.0,0.0,-0.00021143703703703707,0.0,0.0,0.17,0.0,0.0,0.52333,0.0,0.0,-0.16677743901157355,-0.003992729866416521,-0.7399614959385736,-0.5877834604490391,-0.5052448825647049,-0.40367582134885877,-0.00015691888111966945,-3.965268935881958e-05,9.631703217585745e-08,-0.00011866214898166241,-2.5167030131344558e-05,0.17264647374424938,-5.265694526426628e-05,-1.2349825048812093e-05,0.5284102320048815,0.00014792712382339865,4.528245708953503e-05
102,True,1.0300000000000007,6.240809313686682,False,False,0.0,False,,-0.15,0.0,-0.73304,-0.58496,-0.50477,-0.39925408,0.0,0.0,-0.0004736,0.0,0.0,0.17,0.0,0.0,0.52333,0.0,0.0,-0.15,0.0,-0.73304,-0.58496,-0.50477,-0.39925408,0.0,0.0,-0.0004736,0.0,0.0,0.17,0.0,0.0,0.52333,0.0,0.0,-0.16677526203639192,-0.003994609799017574,-0.7399633487092004,-0.5877852515844679,-0.5052463708508532,-0.40366552017923385,-0.00015720493451473058,-3.9772185550580995e-05,-4.611216125586885e-06,-0.0001186425083342501,-2.5240593644978033e-05,0.17264851918301424,-5.255646431092056e-05,-1.238250665123074e-05,0.5284122734281941,0.00014844138470346719,4.543319090777293e-05
103,True,1.0400000000000007,6.240808355228796,False,False,0.0,False,,-0.15,0.0,-0.73304,-0.58496,-0.50477,-0.39867989333333337,0.0,0.0,-0.0008381629629629632,0.0,0.0,0.17,0.0,0.0,0.52333,0.0,0.0,-0.15,0.0,-0.73304,-0.58496,-0.50477,-0.39867989333333337,0.0,0.0,-0.0008381629629629632,0.0,0.0,0.17,0.0,0.0,0.52333,0.0,0.0,-0.16677308549012512,-0.003996458165005394,-0.7399651719765024,-0.5877870103423629,-0.5052478307533237,-0.40360605625279655,-0.00015748158218839637,-3.9888246766268343e-05,-3.207948194792028e-05,-0.00011861748210457968,-2.531143209572393e-05,0.17265053066406602,-5.245255113367755e-05,-1.2413350618521073e-05,0.5284142799393765,0.00014894886441353214,4.558191442099348e-05
104,True,1.0500000000000007,6.240786719922288,False,False,0.0,False,,-0.15,0.0,-0.73304,-0.58496,-0.50477,-0.39794666666666667,0.0,0.0,-0.0013037037037037036,0.0,0.0,0.17,0.0,0.0,0.52333,0.0,0.0,-0.15,0.0,-0.73304,-0.58496,-0.50477,-0.39794666666666667,0.0,0.0,-0.0013037037037037036,0.0,0.0,0.17,0.0,0.0,0.52333,0.0,0.0,-0.166770906129247,-0.003998275913437543,-0.7399669670894027,-0.5877887376585249,-0.5052492628869694,-0.4034562548982334,-0.00015774795185100643,-4.000065047068417e-05,-0.00011107793841809041,-0.00011858566920258971,-2.537925623697375e-05,0.17265250886483877,-5.234389361337575e-05,-1.2442077385403728e-05,0.5284162524049311,0.00014945041489960583,4.5728896575754726e-05
105,True,1.0600000000000007,6.2407361959034695,False,False,0.0,False,,-0.15,0.0,-0.73304,-0.58496,-0.50477,-0.39705664,0.0,0.0,-0.0018688,0.0,0.0,0.17,0.0,0.0,0.52333,0.0,0.0,-0.15,0.0,-0.73304,-0.58496,-0.50477,-0.39705664,0.0,0.0,-0.0018688,0.0,0.0,0.17,0.0,0.0,0.52333,0.0,0.0,-0.1667687268175191,-0.004000063217466851,-0.7399687337740326,-0.5877904338182394,-0.5052506677223306,-0.40319051331948536,-0.00015800535493332022,-4.0109777391872147e-05,-0.0002625679092414203,-0.00011854858309260188,-2.5444442191301288e-05,0.17265445424402814,-5.2231854340361865e-05,-1.2469021489016635e-05,0.5284181911879867,0.00014994547501484299,4.587395704824856e-05
106,True,1.0700000000000007,6.2406521931402406,False,False,0.0,False,,-0.15,0.0,-0.73304,-0.58496,-0.50477,-0.39601205333333334,0.0,0.0,-0.00253202962962963,0.0,0.0,0.17,0.0,0.0,0.52333,0.0,0.0,-0.15,0.0,-0.73304,-0.58496,-0.50477,-0.39601205333333334,0.0,0.0,-0.00253202962962963,0.0,0.0,0.17,0.0,0.0,0.52333,0.0,0.0,-0.16676655099820265,-0.004001820145320044,-0.7399704715446218,-0.587792099016474,-0.5052520457032119,-0.4027931263157326,-0.00015825541206683806,-4.021609261589628e-05,-0.0004988778744654592,-0.00011850810320257364,-2.5507448045881353e-05,0.17265636722479832,-5.2118133142812223e-05,-1.2494593596851973e-05,0.5284200965789179,0.0001504333015709929,4.601685807084507e-05
107,True,1.0800000000000007,6.240532479611778,False,False,0.0,False,,-0.15,0.0,-0.73304,-0.58496,-0.50477,-0.39481514666666667,0.0,0.0,-0.0032919703703703715,0.0,0.0,0.17,0.0,0.0,0.52333,0.0,0.0,-0.15,0.0,-0.73304,-0.58496,-0.50477,-0.39481514666666667,0.0,0.0,-0.0032919703703703715,0.0,0.0,0.17,0.0,0.0,0.52333,0.0,0.0,-0.16676438127540835,-0.004003546843955634,-0.7399721800911906,-0.5877937335111745,-0.5052533972788816,-0.40225470521058393,-0.00015849952533431757,-4.0319999890405436e-05,-0.0008269812650438868,-0.00011846577315495732,-2.5568653796585806e-05,0.17265824824506443,-5.200412330702552e-05,-1.2519132859622917e-05,0.5284219689139307,0.0001509133095219579,4.6157412474070096e-05
108,True,1.0900000000000007,6.240376382656856,False,False,0.0,False,,-0.15,0.0,-0.73304,-0.58496,-0.50477,-0.39346816,0.0,0.0,-0.004147199999999999,0.0,0.0,0.17,0.0,0.0,0.52333,0.0,0.0,-0.15,0.0,-0.73304,-0.58496,-0.50477,-0.39346816,0.0,0.0,-0.004147199999999999,0.0,0.0,0.17,0.0,0.0,0.52333,0.0,0.0,-0.16676221928185322,-0.004005243563364676,-0.7399738593314562,-0.5877953376435151,-0.5052547229084128,-0.4015699169710758,-0.00015873879752380701,-4.042181955523392e-05,-0.0012505435171821448,-0.0001184227065259368,-2.5628340192662878e-05,0.17266009776426938,-5.1890824880008875e-05,-1.2542887323389266e-05,0.5284238085911361,0.00015138511832686618,4.6295498280464114e-05
109,True,1.1000000000000008,6.240184282053651,False,False,0.0,False,,-0.15,0.0,-0.73304,-0.58496,-0.50477,-0.39197333333333334,0.0,0.0,-0.005096296296296297,0.0,0.0,0.17,0.0,0.0,0.52333,0.0,0.0,-0.15,0.0,-0.73304,-0.58496,-0.50477,-0.39197333333333334,0.0,0.0,-0.005096296296296297,0.0,0.0,0.17,0.0,0.0,0.52333,0.0,0.0,-0.1667600658721434,-0.00400691063747513,-0.7399755093708346,-0.5877969118219329,-0.5052560230574585,-0.40073604266656776,-0.00015897407675274426,-4.052180104357273e-05,-0.0017711966325776383,-0.00011837965932132171,-2.5686705545217866e-05,0.17266191625829785,-5.177891092455253e-05,-1.2566029364980474e-05,0.5284256160585186,0.00015184851732992388,4.64310476042284e-05
110,True,1.1100000000000008,6.239957287397374,False,False,0.0,False,,-0.15,0.0,-0.73304,-0.58496,-0.50477,-0.3903329066666667,0.0,0.0,-0.0061378370370370385,0.0,0.0,0.17,0.0,0.0,0.52333,0.0,0.0,-0.15,0.0,-0.73304,-0.58496,-0.50477,-0.3903329066666667,0.0,0.0,-0.0061378370370370385,0.0,0.0,0.17,0.0,0.0,0.52333,0.0,0.0,-0.16675792134866824,-0.004008548458745899,-0.7399771304488425,-0.5877984565009129,-0.5052572981939433,-0.39975205617181037,-0.00015920602200074143,-4.062014109031823e-05,-0.002389329909282483,-0.00011833712728251275,-2.574388809930714e-05,0.17266370421265592,-5.1668816642053786e-05,-1.258867628457453e-05,0.5284273917977186,0.00015230341887413368,4.656403169493164e-05
111,True,1.1200000000000008,6.239697032131295,False,False,0.0,False,,-0.15,0.0,-0.73304,-0.58496,-0.50477,-0.38854912,0.0,0.0,-0.007270400000000001,0.0,0.0,0.17,0.0,0.0,0.52333,0.0,0.0,-0.15,0.0,-0.73304,-0.58496,-0.50477,-0.38854912,0.0,0.0,-0.007270400000000001,0.0,0.0,0.17,0.0,0.0,0.52333,0.0,0.0,-0.16675578564386817,-0.004010157456893459,-0.7399787228940723,-0.5877999721632401,-0.5052585487844842,-0.39861803694678527,-0.0001594351592690702,-4.071699930616717e-05,-0.003104578448578022,-0.0001182954277342419,-2.579998480815163e-05,0.17266546211677167,-5.156081440234787e-05,-1.2610907603835696e-05,0.5284291363104178,0.00015274981875557304,4.669444834073657e-05
112,True,1.1300000000000008,6.239405541271396,False,False,0.0,False,,-0.15,0.0,-0.73304,-0.58496,-0.50477,-0.38662421333333336,0.0,0.0,-0.008492562962962963,0.0,0.0,0.17,0.0,0.0,0.52333,0.0,0.0,-0.15,0.0,-0.73304,-0.58496,-0.50477,-0.38662421333333336,0.0,0.0,-0.008492562962962963,0.0,0.0,0.17,0.0,0.0,0.52333,0.0,0.0,-0.16675365844870152,-0.004011738083643315,-0.7399802870918186,-0.5878014593072971,-0.505259775291871,-0.3973347896323489,-0.00015966192226722512,-4.081250945196762e-05,-0.003916123570969079,-0.00011825475851466512,-2.5855064836173565e-05,0.17266719045993698,-5.145506781242289e-05,-1.2632777519134019e-05,0.528430850108578,0.0001531877677040535,4.682231279051081e-05
113,True,1.1400000000000008,6.239085145580518,False,False,0.0,False,,-0.15,0.0,-0.73304,-0.58496,-0.50477,-0.3845604266666667,0.0,0.0,-0.009802903703703706,0.0,0.0,0.17,0.0,0.0,0.52333,0.0,0.0,-0.15,0.0,-0.73304,-0.58496,-0.50477,-0.3845604266666667,0.0,0.0,-0.009802903703703706,0.0,0.0,0.17,0.0,0.0,0.52333,0.0,0.0,-0.16675153929955777,-0.00401329080233708,-0.739981823461939,-0.5878029184384239,-0.5052609781733953,-0.395903596222244,-0.00015988668036907226,-4.0906787183383125e-05,-0.0048228764460274244,-0.00011821523834436366,-2.5909178804501606e-05,0.17266888972857178,-5.135166879513599e-05,-1.2654323437834022e-05,0.528432533707802,0.00015361735182499892,4.6947651531119965e-05
114,True,1.1500000000000008,6.238738424901663,False,False,0.0,False,,-0.15,0.0,-0.73304,-0.58496,-0.50477,-0.38236000000000003,0.0,0.0,-0.011200000000000002,0.0,0.0,0.17,0.0,0.0,0.52333,0.0,0.0,-0.15,0.0,-0.73304,-0.58496,-0.50477,-0.38236000000000003,0.0,0.0,-0.011200000000000002,0.0,0.0,0.17,0.0,0.0,0.52333,0.0,0.0,-0.16674942763600956,-0.004014816081020846,-0.7399833324440639,-0.5878043500631921,-0.5052621578797858,-0.39432605478266336,-0.000160109757365268,-4.0999935246402456e-05,-0.005823589439315298,-0.00011817693385448148,-2.5962364980457844e-05,0.17267056040443718,-5.125066244788424e-05,-1.2675571700790037e-05,0.5284341876229348,0.00015403867949563243,4.7070498119564295e-05
115,True,1.1600000000000008,6.238368169546348,False,False,0.0,False,,-0.15,0.0,-0.73304,-0.58496,-0.50477,-0.38002517333333335,0.0,0.0,-0.012682429629629633,0.0,0.0,0.17,0.0,0.0,0.52333,0.0,0.0,-0.15,0.0,-0.73304,-0.58496,-0.50477,-0.38002517333333335,0.0,0.0,-0.012682429629629633,0.0,0.0,0.17,0.0,0.0,0.52333,0.0,0.0,-0.1667473228386444,-0.004016314387941588,-0.7399848144878983,-0.5878057546856934,-0.5052633148545653,-0.39260397389286567,-0.00016033144382063995,-4.109204690273045e-05,-0.006916923344906659,-0.00011813987737464195,-2.601465335212489e-05,0.1726722029635038,-5.115206343093006e-05,-1.2696541355858887e-05,0.5284358123652205,0.00015445187273851237,4.719089043989676e-05
116,True,1.1700000000000008,6.237977352990303,False,False,0.0,False,,-0.15,0.0,-0.73304,-0.58496,-0.50477,-0.3775581866666667,0.0,0.0,-0.01424877037037037,0.0,0.0,0.17,0.0,0.0,0.52333,0.0,0.0,-0.15,0.0,-0.73304,-0.58496,-0.50477,-0.3775581866666667,0.0,0.0,-0.01424877037037037,0.0,0.0,0.17,0.0,0.0,0.52333,0.0,0.0,-0.1667452242543931,-0.00401778618856808,-0.7399862700467494,-0.5878071328051034,-0.5052644495336699,-0.3907393053420469,-0.00016055200538685525,-4.118320823604602e-05,-0.008101487322664472,-0.00011810407886208783,-2.6066068362642056e-05,0.17267381787523492,-5.1055866980445496e-05,-1.2717246695095921e-05,0.5284374084404412,0.00015485706143846683,4.730886886471014e-05
117,True,1.1800000000000008,6.237569111523634,False,False,0.0,False,,-0.15,0.0,-0.73304,-0.58496,-0.50477,-0.37496128,0.0,0.0,-0.015897599999999998,0.0,0.0,0.17,0.0,0.0,0.52333,0.0,0.0,-0.15,0.0,-0.73304,-0.58496,-0.50477,-0.37496128,0.0,0.0,-0.015897599999999998,0.0,0.0,0.17,0.0,0.0,0.52333,0.0,0.0,-0.16674313121119608,-0.0040192319439110984,-0.7399876995738036,-0.5878084849143322,-0.5052655623452937,-0.3887340955519197,-0.00016077168762829213,-4.1273499493583006e-05,-0.009375862269595416,-0.00011806953284983042,-2.6116630505305645e-05,0.1726754056022228,-5.0962055347793796e-05,-1.2737698740143379e-05,0.5284389763478942,0.00015525437997673388,4.742447518552416e-05
118,True,1.1900000000000008,6.237146728071265,False,False,0.0,False,,-0.15,0.0,-0.73304,-0.58496,-0.50477,-0.37223669333333337,0.0,0.0,-0.0176274962962963,0.0,0.0,0.17,0.0,0.0,0.52333,0.0,0.0,-0.15,0.0,-0.73304,-0.58496,-0.50477,-0.37223669333333337,0.0,0.0,-0.0176274962962963,0.0,0.0,0.17,0.0,0.0,0.52333,0.0,0.0,-0.16674104302934584,-0.0040206521092589894,-0.739989103519289,-0.5878098114990207,-0.5052666537098047,-0.3865904560024624,-0.00016099071977779462,-4.1362996131988224e-05,-0.010738614480295164,-0.00011803622378288736,-2.6166357550577443e-05,0.17267696659993648,-5.087060275408434e-05,-1.2757906386596957e-05,0.5284405165796379,0.00015564396465331452,4.75377517936656e-05
119,True,1.2000000000000008,6.236713618623803,False,False,0.0,False,,-0.15,0.0,-0.73304,-0.58496,-0.50477,-0.3693866666666667,0.0,0.0,-0.01943703703703704,0.0,0.0,0.17,0.0,0.0,0.52333,0.0,0.0,-0.15,0.0,-0.73304,-0.58496,-0.50477,-0.3693866666666667,0.0,0.0,-0.01943703703703704,0.0,0.0,0.17,0.0,0.0,0.52333,0.0,0.0,-0.16673895902809874,-0.00402204713348777,-0.7399904823288538,-0.5878111130370184,-0.505267724039757,-0.38431054310971874,-0.00016120931695551882,-4.145176943781054e-05,-0.01218830334691018,-0.00011800412915282151,-2.6215265269394808e-05,0.17267850131662543,-5.0781478318441116e-05,-1.2777877082175901e-05,0.5284420296201079,0.0001560259521795439,4.7648741201641935e-05
120,True,1.2100000000000009,6.236273320290933,False,False,0.0,False,,-0.15,0.0,-0.73304,-0.58496,-0.50477,-0.36641344000000003,0.0,0.0,-0.021324800000000005,0.0,0.0,0.17,0.0,0.0,0.52333,0.0,0.0,-0.15,0.0,-0.73304,-0.58496,-0.50477,-0.36641344000000003,0.0,0.0,-0.021324800000000005,0.0,0.0,0.17,0.0,0.0,0.52333,0.0,0.0,-0.1667368785297568,-0.004023417458682339,-0.7399918364426061,-0.5878123899981194,-0.5052687737399553,-0.38189654333322876,-0.00016142768156054464,-4.1539886919212115e-05,-0.013723485453404169,-0.0001179732214346843,-2.6263367882856887e-05,0.1726800101933061,-5.069464788099068e-05,-1.2797617250879396e-05,0.5284435159459322,0.000156400478755099,4.77574857502969e-05
121,True,1.2200000000000009,6.23582948028116,False,False,0.0,False,,-0.15,0.0,-0.73304,-0.58496,-0.50477,-0.36331925333333337,0.0,0.0,-0.023289362962962967,0.0,0.0,0.17,0.0,0.0,0.52333,0.0,0.0,-0.15,0.0,-0.73304,-0.58496,-0.50477,-0.36331925333333337,0.0,0.0,-0.023289362962962967,0.0,0.0,0.17,0.0,0.0,0.52333,0.0,0.0,-0.16673480086259007,-0.004024763519899944,-0.73999316629446,-0.5878136428439165,-0.5052698032075428,-0.37935066332566236,-0.0001616460042955006,-4.1627412596129306e-05,-0.015342716813108058,-0.00011794346947280962,-2.6310678385967217e-05,0.17268149366378618,-5.06100753138366e-05,-1.2817132599409557e-05,0.5284449760258388,0.00015676767941583358,4.786402740205147e-05
122,True,1.2300000000000009,6.235385845561442,False,False,0.0,False,,-0.15,0.0,-0.73304,-0.58496,-0.50477,-0.3601063466666667,0.0,0.0,-0.0253293037037037,0.0,0.0,0.17,0.0,0.0,0.52333,0.0,0.0,-0.15,0.0,-0.73304,-0.58496,-0.50477,-0.3601063466666667,0.0,0.0,-0.0253293037037037,0.0,0.0,0.17,0.0,0.0,0.52333,0.0,0.0,-0.16673272536350975,-0.0040260857449647665,-0.7399944723115487,-0.5878148720276811,-0.5052708128320906,-0.37667512557215194,-0.00016186446512683235,-4.1714407272561515e-05,-0.017044553731717538,-0.00011791483974051795,-2.635720884252569e-05,0.17268295215469587,-5.052772371029636e-05,-1.2836428395508594e-05,0.5284464103205823,0.00015712768744621358,4.796840755467258e-05
123,True,1.2400000000000009,6.234946252779636,False,False,0.0,False,,-0.15,0.0,-0.73304,-0.58496,-0.50477,-0.35677696000000003,0.0,0.0,-0.0274432,0.0,0.0,0.17,0.0,0.0,0.52333,0.0,0.0,-0.15,0.0,-0.73304,-0.58496,-0.50477,-0.35677696000000003,0.0,0.0,-0.0274432,0.0,0.0,0.17,0.0,0.0,0.52333,0.0,0.0,-0.16673065137802898,-0.004027384554588496,-0.7399957549143287,-0.5878160779945136,-0.505271802995743,-0.3738721614533674,-0.0001620832333498678,-4.180092856093267e-05,-0.018827553561971133,-0.00011788729635657268,-2.6402970395525673e-05,0.17268438608560654,-5.0447555427816004e-05,-1.2855509482503088e-05,0.5284478192830784,0.00015748063439524875,4.807066704704533e-05
124,True,1.2500000000000009,6.23451461863607,False,False,0.0,False,,-0.15,0.0,-0.73304,-0.58496,-0.50477,-0.3533333333333334,0.0,0.0,-0.02962962962962963,0.0,0.0,0.17,0.0,0.0,0.52333,0.0,0.0,-0.15,0.0,-0.73304,-0.58496,-0.50477,-0.3533333333333334,0.0,0.0,-0.02962962962962963,0.0,0.0,0.17,0.0,0.0,0.52333,0.0,0.0,-0.16672857826202914,-0.0040286603622759765,-0.739997014516235,-0.587817261181314,-0.5052727740733215,-0.3709440093838271,-0.00016230246826291314,-4.1887031075116466e-05,-0.02069027452912571,-0.00011786080191032456,-2.6447973462806223e-05,0.17268579586908941,-5.0369532867401075e-05,-1.2874380463431766e-05,0.5284492033584011,0.0001578266497048897,4.8170846041504386e-05
125,True,1.260000000000001,6.234094930371643,False,False,0.0,False,,-0.15,0.0,-0.73304,-0.58496,-0.50477,-0.3497777066666667,0.0,0.0,-0.03188717037037037,0.0,0.0,0.17,0.0,0.0,0.52333,0.0,0.0,-0.15,0.0,-0.73304,-0.58496,-0.50477,-0.3497777066666667,0.0,0.0,-0.03188717037037037,0.0,0.0,0.17,0.0,0.0,0.52333,0.0,0.0,-0.1667265053821226,-0.0040299135743966106,-0.7399982515236881,-0.5878184220168899,-0.5052737264324564,-0.367892913242204,-0.00016252231938985515,-4.1972766498192836e-05,-0.02263127575218456,-0.00011783531765521015,-2.6492227787874737e-05,0.172687181910818,-5.029361866820595e-05,-1.2893045750303631e-05,0.5284505629838847,0.00015816586064554806,4.826898400397857e-05
126,True,1.270000000000001,6.233691236451145,False,False,0.0,False,,-0.15,0.0,-0.73304,-0.58496,-0.50477,-0.34611232000000003,0.0,0.0,-0.0342144,0.0,0.0,0.17,0.0,0.0,0.52333,0.0,0.0,-0.15,0.0,-0.73304,-0.58496,-0.50477,-0.34611232000000003,0.0,0.0,-0.0342144,0.0,0.0,0.17,0.0,0.0,0.52333,0.0,0.0,-0.1667244321156427,-0.004031144590301696,-0.7399994663361998,-0.5878195609221014,-0.5052746604337244,-0.3647211199709784,-0.00016274292657757813,-4.20581836155209e-05,-0.024649117160056626,-0.00011781080352248803,-2.653574244970578e-05,0.17268854460968197,-5.021977573237472e-05,-1.2911509574377497e-05,0.5284518985892543,0.00015849839234075773,4.836511971240751e-05
127,True,1.280000000000001,6.233307637441498,False,False,0.0,False,,-0.15,0.0,-0.73304,-0.58496,-0.50477,-0.34233941333333334,0.0,0.0,-0.036609896296296296,0.0,0.0,0.17,0.0,0.0,0.52333,0.0,0.0,-0.15,0.0,-0.73304,-0.58496,-0.50477,-0.34233941333333334,0.0,0.0,-0.036609896296296296,0.0,0.0,0.17,0.0,0.0,0.52333,0.0,0.0,-0.16672235785156853,-0.004032353802328638,-0.7400006593462444,-0.5878206783099111,-0.5052755764307624,-0.36143088037673193,-0.00016296442041496,-4.2143328436730333e-05,-0.02674235922760341,-0.00011778721856062624,-2.6578525969864585e-05,0.1726898843578685,-5.014796763556764e-05,-1.292977608506802e-05,0.5284532105966829,0.00015882436758825498,4.845929120036739e-05
128,True,1.290000000000001,6.232948276976154,False,False,0.0,False,,-0.15,0.0,-0.73304,-0.58496,-0.50477,-0.33846122666666667,0.0,0.0,-0.039072237037037036,0.0,0.0,0.17,0.0,0.0,0.52333,0.0,0.0,-0.15,0.0,-0.73304,-0.58496,-0.50477,-0.33846122666666667,0.0,0.0,-0.039072237037037036,0.0,0.0,0.17,0.0,0.0,0.52333,0.0,0.0,-0.16672028198870936,-0.004033541596133048,-0.7400018309398214,-0.587821774585707,-0.5052764747704388,-0.3580244435900496,-0.000163186921736267,-4.2228244064004944e-05,-0.028909563065064783,-0.00011776452012714905,-2.6620586134100588e-05,0.17269120154103199,-5.007815788833993e-05,-1.294784918440112e-05,0.528454499421058,0.00015914390728530964,4.855153589294967e-05
129,True,1.300000000000001,6.232617332970148,False,False,0.0,False,,-0.15,0.0,-0.73304,-0.58496,-0.50477,-0.33448,0.0,0.0,-0.04160000000000001,0.0,0.0,0.17,0.0,0.0,0.52333,0.0,0.0,-0.15,0.0,-0.73304,-0.58496,-0.50477,-0.33448,0.0,0.0,-0.04160000000000001,0.0,0.0,0.17,0.0,0.0,0.52333,0.0,0.0,-0.1667182039381037,-0.004034708350514767,-0.7400029814959579,-0.5878228501472009,-0.5052773557929321,-0.35450406026165315,-0.0001634105425436395,-4.231297095337938e-05,-0.03114928998651056,-0.00011774266499566751,-2.6661930252335792e-05,0.17269249653832427,-5.001031095034241e-05,-1.2965732764841111e-05,0.5284557654699237,0.00015945712993110876,4.864189044884589e-05
130,True,1.310000000000001,6.232319008895919,False,False,0.0,False,,-0.15,0.0,-0.73304,-0.58496,-0.50477,-0.3303979733333333,0.0,0.0,-0.04419176296296297,0.0,0.0,0.17,0.0,0.0,0.52333,0.0,0.0,-0.15,0.0,-0.73304,-0.58496,-0.50477,-0.3303979733333333,0.0,0.0,-0.04419176296296297,0.0,0.0,0.17,0.0,0.0,0.52333,0.0,0.0,-0.1667161231226939,-0.004035854437566551,-0.7400041113868897,-0.5878239053845972,-0.5052782198318644,-0.35087198385141616,-0.0001636353860348806,-4.239754692782432e-05,-0.033460101555801654,-0.00011772160923852613,-2.6702565137879195e-05,0.17269376972251163,-4.994439211680931e-05,-1.2983430687093993e-05,0.5284570091436261,0.00015976415172140444,4.87303907911034e-05
131,True,1.320000000000001,6.232057525234192,False,False,0.0,False,,-0.15,0.0,-0.73304,-0.58496,-0.50477,-0.32621738666666666,0.0,0.0,-0.04684610370370371,0.0,0.0,0.17,0.0,0.0,0.52333,0.0,0.0,-0.15,0.0,-0.73304,-0.58496,-0.50477,-0.32621738666666666,0.0,0.0,-0.04684610370370371,0.0,0.0,0.17,0.0,0.0,0.52333,0.0,0.0,-0.16671403897654427,-0.004036980222881154,-0.7400052209783693,-0.5878249406808066,-0.505279067214444,-0.3471304686740091,-0.0001638615464617583,-4.248200714346705e-05,-0.035840559582735236,-0.00011770130788166518,-2.6742497034810122e-05,0.1726950214601064,-4.9880367192161405e-05,-1.3000946709197551e-05,0.5284582308354988,0.00016006508675518003,4.8817072173352334e-05
132,True,1.330000000000001,6.231837111080206,False,False,0.0,False,,-0.15,0.0,-0.73304,-0.58496,-0.50477,-0.32194048000000003,0.0,0.0,-0.049561600000000004,0.0,0.0,0.17,0.0,0.0,0.52333,0.0,0.0,-0.15,0.0,-0.73304,-0.58496,-0.50477,-0.32194048000000003,0.0,0.0,-0.049561600000000004,0.0,0.0,0.17,0.0,0.0,0.52333,0.0,0.0,-0.16671195094481261,-0.004038086065666746,-0.7400063106297825,-0.5878259564115854,-0.5052798982615885,-0.34328176895285645,-0.00016408910924530244,-4.2566384126883424e-05,-0.038289226224147634,-0.00011768171490374368,-2.6781731624136098e-05,0.17269625211147252,-4.981820247552731e-05,-1.3018284487354845e-05,0.5284594309319856,0.00016036004707653783,4.8901969193554945e-05
133,True,1.340000000000001,6.231661995957908,False,False,0.0,False,,-0.15,0.0,-0.73304,-0.58496,-0.50477,-0.31756949333333334,0.0,0.0,-0.052336829629629635,0.0,0.0,0.17,0.0,0.0,0.52333,0.0,0.0,-0.15,0.0,-0.73304,-0.58496,-0.50477,-0.31756949333333334,0.0,0.0,-0.052336829629629635,0.0,0.0,0.17,0.0,0.0,0.52333,0.0,0.0,-0.1667098584838747,-0.004039172318841822,-0.7400073806942247,-0.5878269529456553,-0.5052807132880431,-0.3393281384220448,-0.00016431815115079018,-4.2650707828757094e-05,-0.04080466358834708,-0.00011766278331014862,-2.6820274046962004e-05,0.17269746203092412,-4.975786481121461e-05,-1.3035447591585423e-05,0.5284606098127514,0.00016064914268166148,4.898511579664701e-05
134,True,1.350000000000001,6.231536401729897,False,False,0.0,False,,-0.15,0.0,-0.73304,-0.58496,-0.50477,-0.3131066666666667,0.0,0.0,-0.05517037037037037,0.0,0.0,0.17,0.0,0.0,0.52333,0.0,0.0,-0.15,0.0,-0.73304,-0.58496,-0.50477,-0.3131066666666667,0.0,0.0,-0.05517037037037037,0.0,0.0,0.17,0.0,0.0,0.52333,0.0,0.0,-0.16670776106143714,-0.004040239329129951,-0.740008431518579,-0.5878279306448219,-0.5052815126024967,-0.3352718302137964,-0.00016454874046486822,-4.273500567798015e-05,-0.043385433824112106,-0.00011764446520467026,-2.6858128927026765e-05,0.17269865156682293,-4.969932163322432e-05,-1.305243951989513e-05,0.5284617678507919,0.00016093248152824157,4.906654527796376e-05
135,True,1.360000000000001,6.231464534687554,False,False,0.0,False,,-0.15,0.0,-0.73304,-0.58496,-0.50477,-0.30855424000000004,0.0,0.0,-0.0580608,0.0,0.0,0.17,0.0,0.0,0.52333,0.0,0.0,-0.15,0.0,-0.73304,-0.58496,-0.50477,-0.30855424000000004,0.0,0.0,-0.0580608,0.0,0.0,0.17,0.0,0.0,0.52333,0.0,0.0,-0.16670565815729674,-0.004041287437075721,-0.7400094634434302,-0.587828889864027,-0.5052822965076814,-0.3311150990768126,-0.00016478093739634423,-4.281930269757943e-05,-0.04603009888955998,-0.00011762671215663977,-2.6895300460703e-05,0.17269982106165302,-4.9642541277655845e-05,-1.3069263773944933e-05,0.5284629054124895,0.0001612101694032459,4.9146290241601715e-05
136,True,1.370000000000001,6.231450577776771,False,False,0.0,False,,-0.15,0.0,-0.73304,-0.58496,-0.50477,-0.30391445333333333,0.0,0.0,-0.061006696296296306,0.0,0.0,0.17,0.0,0.0,0.52333,0.0,0.0,-0.15,0.0,-0.73304,-0.58496,-0.50477,-0.30391445333333333,0.0,0.0,-0.061006696296296306,0.0,0.0,0.17,0.0,0.0,0.52333,0.0,0.0,-0.166703549262739,-0.0040423169772239075,-0.7400104768033245,-0.5878298309515374,-0.5052830653005009,-0.32686020110005115,-0.00016501479401767204,-4.290362149322879e-05,-0.04873722099899069,-0.00011760947494571072,-2.693179236445908e-05,0.1727009708521387,-4.958749272055881e-05,-1.3085923802407956e-05,0.5284640228577763,0.00016148231009247574,4.9224382654821066e-05
137,True,1.380000000000001,6.231498683029934,False,False,0.0,False,,-0.15,0.0,-0.73304,-0.58496,-0.50477,-0.29918954666666664,0.0,0.0,-0.06400663703703706,0.0,0.0,0.17,0.0,0.0,0.52333,0.0,0.0,-0.15,0.0,-0.73304,-0.58496,-0.50477,-0.29918954666666664,0.0,0.0,-0.06400663703703706,0.0,0.0,0.17,0.0,0.0,0.52333,0.0,0.0,-0.16670143387946523,-0.004043328278356161,-0.7400114719271522,-0.5878307542491781,-0.5052838192721645,-0.3225093901559895,-0.0001652503540388992,-4.298798219531816e-05,-0.05150536239696014,-0.00011759270308341264,-2.696760777140749e-05,0.17270210126937746,-4.95341451079191e-05,-1.3102422896668368e-05,0.5284651205403316,0.00016174900565926197,4.9300853937055195e-05
138,True,1.390000000000001,6.231612964144355,False,False,0.0,False,,-0.15,0.0,-0.73304,-0.58496,-0.50477,-0.29438176,0.0,0.0,-0.06705920000000001,0.0,0.0,0.17,0.0,0.0,0.52333,0.0,0.0,-0.15,0.0,-0.73304,-0.58496,-0.50477,-0.29438176,0.0,0.0,-0.06705920000000001,0.0,0.0,0.17,0.0,0.0,0.52333,0.0,0.0,-0.1666993115216847,-0.004044321663344457,-0.7400124491377269,-0.587831660092248,-0.5052845587082537,-0.3180649220627285,-0.0001654876536645411,-4.3072402700980726e-05,-0.0543330853777902,-0.00011757634578533153,-2.700274945969136e-05,0.17270321263886676,-4.9482468613743646e-05,-1.3118764391958056e-05,0.5284661988075328,0.00016201035602344236,4.937573482626959e-05
139,True,1.400000000000001,6.231797489228499,False,False,0.0,False,,-0.15,0.0,-0.73304,-0.58496,-0.50477,-0.2894933333333333,0.0,0.0,-0.07016296296296297,0.0,0.0,0.17,0.0,0.0,0.52333,0.0,0.0,-0.15,0.0,-0.73304,-0.58496,-0.50477,-0.2894933333333333,0.0,0.0,-0.07016296296296297,0.0,0.0,0.17,0.0,0.0,0.52333,0.0,0.0,-0.16669718171402578,-0.004045297449505131,-0.7400134087524185,-0.5878325488098501,-0.5052852838888748,-0.3135290507689753,-0.00016572672104106886,-4.3156898525251305e-05,-0.05721895229105587,-0.0001175603510429492,-2.7037219645678147e-05,0.1727043052806664,-4.943243355104592e-05,-1.3134951466230351e-05,0.5284672580007264,0.00016226645945898778,4.944905553774062e-05
140,True,1.410000000000001,6.232056273752722,False,False,0.0,False,,-0.15,0.0,-0.73304,-0.58496,-0.50477,-0.2845265066666667,0.0,0.0,-0.0733165037037037,0.0,0.0,0.17,0.0,0.0,0.52333,0.0,0.0,-0.15,0.0,-0.73304,-0.58496,-0.50477,-0.2845265066666667,0.0,0.0,-0.0733165037037037,0.0,0.0,0.17,0.0,0.0,0.52333,0.0,0.0,-0.16669504399342663,-0.004046255948475668,-0.7400143510827858,-0.5878334207248247,-0.5052859950887247,-0.3089040312336222,-0.00016596757704599916,-4.3241483024159686e-05,-0.06016152593603498,-0.0001175446664989573,-2.7071020190152554e-05,0.17270537950942988,-4.938401113563173e-05,-1.3150987319587292e-05,0.5284682984551933,0.00016251741222170202,4.952084564583607e-05
141,True,1.420000000000001,6.232393273527995,False,False,0.0,False,,-0.15,0.0,-0.73304,-0.58496,-0.50477,-0.27948352,0.0,0.0,-0.07651840000000001,0.0,0.0,0.17,0.0,0.0,0.52333,0.0,0.0,-0.15,0.0,-0.73304,-0.58496,-0.50477,-0.27948352,0.0,0.0,-0.07651840000000001,0.0,0.0,0.17,0.0,0.0,0.52333,0.0,0.0,-0.16669289790875202,-0.004047197466361037,-0.7400152764347766,-0.587834276153905,-0.5052866925772043,-0.3041921206441963,-0.0001662102353230597,-4.332616740849024e-05,-0.06315936834785985,-0.00011752923929996937,-2.7104152569954175e-05,0.1727064356345079,-4.933717330838357e-05,-1.3166875136582898e-05,0.5284693205002846,0.00016276330867127188,4.959113412329424e-05
142,True,1.430000000000001,6.232812377899713,False,False,0.0,False,,-0.15,0.0,-0.73304,-0.58496,-0.50477,-0.27436661333333334,0.0,0.0,-0.07976722962962964,0.0,0.0,0.17,0.0,0.0,0.52333,0.0,0.0,-0.15,0.0,-0.73304,-0.58496,-0.50477,-0.27436661333333334,0.0,0.0,-0.07976722962962964,0.0,0.0,0.17,0.0,0.0,0.52333,0.0,0.0,-0.166690743019395,-0.0040481223040050385,-0.7400161851091926,-0.5878351154079774,-0.5052873766185495,-0.2993955743152088,-0.0001664547019544102,-4.341096065700168e-05,-0.06621104112438977,-0.00011751401547024036,-2.7136617740377933e-05,0.17270747396008507,-4.929189211428927e-05,-1.3182617946848202e-05,0.5284703244596382,0.00016300424162665167,4.965994945457324e-05
143,True,1.440000000000001,6.233317403273121,False,False,0.0,False,,-0.15,0.0,-0.73304,-0.58496,-0.50477,-0.2691780266666667,0.0,0.0,-0.08306157037037037,0.0,0.0,0.17,0.0,0.0,0.52333,0.0,0.0,-0.15,0.0,-0.73304,-0.58496,-0.50477,-0.2691780266666667,0.0,0.0,-0.08306157037037037,0.0,0.0,0.17,0.0,0.0,0.52333,0.0,0.0,-0.16668857889664887,-0.004049030756925458,-0.7400170774014514,-0.5878359387920599,-0.5052880474719041,-0.2945166473856047,-0.00016670097608392746,-4.349586969319021e-05,-0.06931510643871819,-0.00011749894055494023,-2.716841628798559e-05,0.17270849478522382,-4.924814024596111e-05,-1.3198218753607303e-05,0.5284713106511781,0.0001632403021079868,4.972731955395941e-05
144,True,1.450000000000001,6.2339120867314035,False,False,0.0,False,,-0.15,0.0,-0.73304,-0.58496,-0.50477,-0.26392000000000004,0.0,0.0,-0.0864,0.0,0.0,0.17,0.0,0.0,0.52333,0.0,0.0,-0.15,0.0,-0.73304,-0.58496,-0.50477,-0.26392000000000004,0.0,0.0,-0.0864,0.0,0.0,0.17,0.0,0.0,0.52333,0.0,0.0,-0.16668640512367597,-0.004049923115414944,-0.7400179536016959,-0.5878367466054187,-0.5052887053914192,-0.2895575956259588,-0.00016694905007662563,-4.3580899433184655e-05,-0.07247012689072033,-0.00011748395963324426,-2.7199548438816807e-05,0.17270949840395267,-4.920589100645617e-05,-1.3213680528237571e-05,0.5284722793872203,0.00016347157938323512,4.97932717807554e-05
145,True,1.460000000000001,6.234600079627458,False,False,0.0,False,,-0.15,0.0,-0.73304,-0.58496,-0.50477,-0.25859477333333336,0.0,0.0,-0.08978109629629628,0.0,0.0,0.17,0.0,0.0,0.52333,0.0,0.0,-0.15,0.0,-0.73304,-0.58496,-0.50477,-0.25859477333333336,0.0,0.0,-0.08978109629629628,0.0,0.0,0.17,0.0,0.0,0.52333,0.0,0.0,-0.1666842212952141,-0.004050799664674318,-0.7400188139949746,-0.5878375391417107,-0.5052893506263558,-0.2845206746338616,-0.00016719890958169351,-4.366605280689617e-05,-0.0756746645801856,-0.00011746901720445486,-2.7230014037678946e-05,0.172710485105362,-4.9165118152516594e-05,-1.3229006177412873e-05,0.5284732309745973,0.00016369816107750243,4.9857832974342016e-05
146,True,1.470000000000001,6.23538494154444,False,False,0.0,False,,-0.15,0.0,-0.73304,-0.58496,-0.50477,-0.2532045866666667,0.0,0.0,-0.09320343703703704,0.0,0.0,0.17,0.0,0.0,0.52333,0.0,0.0,-0.15,0.0,-0.73304,-0.58496,-0.50477,-0.2532045866666667,0.0,0.0,-0.09320343703703704,0.0,0.0,0.17,0.0,0.0,0.52333,0.0,0.0,-0.16668202701763754,-0.004051660684901998,-0.740019658861333,-0.5878383166890887,-0.5052899834211795,-0.27940813951872845,-0.00016745053371829496,-4.375133081309876e-05,-0.07892728154412267,-0.00011745405723707165,-2.725981256469435e-05,0.17271145517368738,-4.912579588505611e-05,-1.3244198544090269e-05,0.5284741657147553,0.00016392013320439873,4.992102946440287e-05
147,True,1.480000000000001,6.236270134281685,False,False,0.0,False,,-0.15,0.0,-0.73304,-0.58496,-0.50477,-0.24775168000000003,0.0,0.0,-0.0966656,0.0,0.0,0.17,0.0,0.0,0.52333,0.0,0.0,-0.15,0.0,-0.73304,-0.58496,-0.50477,-0.24775168000000003,0.0,0.0,-0.0966656,0.0,0.0,0.17,0.0,0.0,0.52333,0.0,0.0,-0.16667982190976097,-0.00405250645129203,-0.7400204884757123,-0.5878390795302302,-0.505290604015637,-0.2742222470285741,-0.00016770389552185264,-4.383673264660785e-05,-0.08222653942933322,-0.00011743902356006835,-2.7288943229963584e-05,0.17271240888836648,-4.908789915275061e-05,-1.325926048040474e-05,0.5284750839037909,0.00016413758003201733,4.998288702854473e-05
148,True,1.490000000000001,6.237259016354512,False,False,0.0,False,,-0.15,0.0,-0.73304,-0.58496,-0.50477,-0.24223829333333338,0.0,0.0,-0.10016616296296295,0.0,0.0,0.17,0.0,0.0,0.52333,0.0,0.0,-0.15,0.0,-0.73304,-0.58496,-0.50477,-0.24223829333333338,0.0,0.0,-0.10016616296296295,0.0,0.0,0.17,0.0,0.0,0.52333,0.0,0.0,-0.1666776056019813,-0.004053337234231858,-0.740021303108271,-0.5878398279425315,-0.505291212644866,-0.2689652541444365,-0.00016795896182134496,-4.392225566753155e-05,-0.08557100045076609,-0.00011742385949413383,-2.731740489422255e-05,0.17271334652414982,-4.905140325533693e-05,-1.3274194759349892e-05,0.5284759858326166,0.00016435058431698478,5.004343096704994e-05
149,True,1.500000000000001,6.238354837180408,False,False,0.0,False,,-0.15,0.0,-0.73304,-0.58496,-0.50477,-0.2366666666666667,0.0,0.0,-0.1037037037037037,0.0,0.0,0.17,0.0,0.0,0.52333,0.0,0.0,-0.15,0.0,-0.73304,-0.58496,-0.50477,-0.2366666666666667,0.0,0.0,-0.1037037037037037,0.0,0.0,0.17,0.0,0.0,0.52333,0.0,0.0,-0.16667537773628252,-0.0040541532993960076,-0.740022103024489,-0.5878405621982149,-0.5052918095394854,-0.2636394168916271,-0.00016821569340664727,-4.400789545094908e-05,-0.08895922642830706,-0.00011740850787169176,-2.7345196078567757e-05,0.17271426835118225,-4.9016283802916057e-05,-1.3289004068511469e-05,0.5284768717870566,0.00016455922735094002,5.0102686117838606e-05
150,True,1.5100000000000011,6.23956073187114,False,False,0.0,False,,-0.15,0.0,-0.73304,-0.58496,-0.50477,-0.23103904,0.0,0.0,-0.10727680000000002,0.0,0.0,0.17,0.0,0.0,0.52333,0.0,0.0,-0.15,0.0,-0.73304,-0.58496,-0.50477,-0.23103904,0.0,0.0,-0.10727680000000002,0.0,0.0,0.17,0.0,0.0,0.52333,0.0,0.0,-0.16667313796725775,-0.0040549549077138905,-0.7400228884850095,-0.5878412825643294,-0.5052923949256625,-0.25824699268955953,-0.00016847404555690292,-4.409364593654675e-05,-0.0923897794508113,-0.00011739291153202066,-2.7372315082705747e-05,0.17271517463504882,-4.898251710928847e-05,-1.3303691103455655e-05,0.5284777420478644,0.00016476358877786336,5.016067679856979e-05
151,True,1.5200000000000011,6.240879716164447,False,False,0.0,False,,-0.15,0.0,-0.73304,-0.58496,-0.50477,-0.22535765333333332,0.0,0.0,-0.11088402962962965,0.0,0.0,0.17,0.0,0.0,0.52333,0.0,0.0,-0.15,0.0,-0.73304,-0.58496,-0.50477,-0.22535765333333332,0.0,0.0,-0.11088402962962965,0.0,0.0,0.17,0.0,0.0,0.52333,0.0,0.0,-0.16667088596097268,-0.004055742315597221,-0.7400236597460267,-0.5878419893029688,-0.5052929690252237,-0.25279023797599387,-0.00016873396782782012,-4.4179499372557044e-05,-0.09586122216278294,-0.00011737701282828106,-2.7398759876942775e-05,0.17271606563689104,-4.895007967691885e-05,-1.331825845202961e-05,0.5284785968909033,0.000164963746889009,5.021742690073222e-05
152,True,1.5300000000000011,6.242314680804723,False,False,0.0,False,,-0.15,0.0,-0.73304,-0.58496,-0.50477,-0.2196247466666667,0.0,0.0,-0.11452397037037038,0.0,0.0,0.17,0.0,0.0,0.52333,0.0,0.0,-0.15,0.0,-0.73304,-0.58496,-0.50477,-0.2196247466666667,0.0,0.0,-0.11452397037037038,0.0,0.0,0.17,0.0,0.0,0.52333,0.0,0.0,-0.16666862139597044,-0.004056515774908596,-0.7400244170591324,-0.587842682671272,-0.5052935320557187,-0.24727140946022869,-0.00016899540457205098,-4.426544646305508e-05,-0.09937211620790821,-0.00011736075411070345,-2.7424528217684728e-05,0.17271694161345139,-4.891894857679823e-05,-1.3332708684681008e-05,0.5284794365871621,0.00016515977844665144,5.02729598337051e-05
153,True,1.5400000000000011,6.243868386988736,False,False,0.0,False,,-0.15,0.0,-0.73304,-0.58496,-0.50477,-0.21384256000000001,0.0,0.0,-0.11819520000000001,0.0,0.0,0.17,0.0,0.0,0.52333,0.0,0.0,-0.15,0.0,-0.73304,-0.58496,-0.50477,-0.21384256000000001,0.0,0.0,-0.11819520000000001,0.0,0.0,0.17,0.0,0.0,0.52333,0.0,0.0,-0.16666634396318364,-0.004057275533059008,-0.7400251606714346,-0.5878433629215308,-0.505294084230506,-0.24169276468963535,-0.00016925829509505067,-4.435147641390593e-05,-0.10292102324050392,-0.00011734407771993111,-2.744961765056789e-05,0.172717802817152,-4.888910137614132e-05,-1.3347044340461408e-05,0.5284802614028522,0.00016535175874503487,5.032729854439725e-05
154,True,1.5500000000000012,6.245543461903946,False,False,0.0,False,,-0.15,0.0,-0.73304,-0.58496,-0.50477,-0.20801333333333338,0.0,0.0,-0.12189629629629628,0.0,0.0,0.17,0.0,0.0,0.52333,0.0,0.0,-0.15,0.0,-0.73304,-0.58496,-0.50477,-0.20801333333333338,0.0,0.0,-0.12189629629629628,0.0,0.0,0.17,0.0,0.0,0.52333,0.0,0.0,-0.16666405336566734,-0.004058021833127444,-0.7400258908257237,-0.5878440303013155,-0.5052946257588405,-0.23605656111969955,-0.00016952257374237327,-4.443757695966926e-05,-0.10650650539630745,-0.00011732692589002374,-2.7474025492923312e-05,0.1727186494961787,-4.88605159835402e-05,-1.3361267894135646e-05,0.528481071599518,0.00016553976171458995,5.0380465550577996e-05
155,True,1.5600000000000012,6.247342393816149,False,False,0.0,False,,-0.15,0.0,-0.73304,-0.58496,-0.50477,-0.20213930666666668,0.0,0.0,-0.12562583703703706,0.0,0.0,0.17,0.0,0.0,0.52333,0.0,0.0,-0.15,0.0,-0.73304,-0.58496,-0.50477,-0.20213930666666668,0.0,0.0,-0.12562583703703706,0.0,0.0,0.17,0.0,0.0,0.52333,0.0,0.0,-0.1666617493190298,-0.004058754913894371,-0.7400266077604599,-0.5878446850535279,-0.5052951568459455,-0.23036505683332487,-0.00016978817023134064,-4.452373445820294e-05,-0.11012712436482755,-0.00011730924097435254,-2.7497748890068086e-05,0.17271948189454084,-4.883317078922696e-05,-1.3375381791128885e-05,0.5284818674340924,0.00016572385987037678,5.0432482924633735e-05
156,True,1.5700000000000012,6.249267528197274,False,False,0.0,False,,-0.15,0.0,-0.73304,-0.58496,-0.50477,-0.19622272000000002,0.0,0.0,-0.1293824,0.0,0.0,0.17,0.0,0.0,0.52333,0.0,0.0,-0.15,0.0,-0.73304,-0.58496,-0.50477,-0.19622272000000002,0.0,0.0,-0.1293824,0.0,0.0,0.17,0.0,0.0,0.52333,0.0,0.0,-0.16665943155127408,-0.004059475009944813,-0.7400273117099083,-0.5878453274165122,-0.5052956776930944,-0.22462051026756152,-0.00017005500978262505,-4.460993392962084e-05,-0.11378144235963866,-0.00011729096540499612,-2.7520784810515262e-05,0.17272030025214893,-4.8807044558944305e-05,-1.3389388425684574e-05,0.5284826491589951,0.00016590412438972118,5.048337231845091e-05
157,True,1.5800000000000012,6.2513210634183904,False,False,0.0,False,,-0.15,0.0,-0.73304,-0.58496,-0.50477,-0.19026581333333337,0.0,0.0,-0.13316456296296295,0.0,0.0,0.17,0.0,0.0,0.52333,0.0,0.0,-0.15,0.0,-0.73304,-0.58496,-0.50477,-0.19026581333333337,0.0,0.0,-0.13316456296296295,0.0,0.0,0.17,0.0,0.0,0.52333,0.0,0.0,-0.16665709980273224,-0.004060182351759339,-0.7400280029042496,-0.5878459576241551,-0.5052961884976909,-0.21882517952211972,-0.0001703230132823764,-4.4696159103664414e-05,-0.11746802170431643,-0.00011727204169239357,-2.7543130050348444e-05,0.1727211048048885,-4.878211636496814e-05,-1.340329012759448e-05,0.5284834170222243,0.00016608062516999624,5.053315498193932e-05
158,True,1.5900000000000012,6.253505046185448,False,False,0.0,False,,-0.15,0.0,-0.73304,-0.58496,-0.50477,-0.1842708266666667,0.0,0.0,-0.1369709037037037,0.0,0.0,0.17,0.0,0.0,0.52333,0.0,0.0,-0.15,0.0,-0.73304,-0.58496,-0.50477,-0.1842708266666667,0.0,0.0,-0.1369709037037037,0.0,0.0,0.17,0.0,0.0,0.52333,0.0,0.0,-0.16665475382620365,-0.0040608771657784275,-0.7400286815696365,-0.587846575905963,-0.5052966894533407,-0.2129813221141733,-0.00017059209751865668,-4.478239248759045e-05,-0.12118542381250332,-0.0001172524125234817,-2.7564781260107645e-05,0.17272189578468553,-4.875836560554968e-05,-1.3417089169213253e-05,0.5284841712674289,0.00016625343083943064,5.058185176660503e-05
159,True,1.6000000000000012,6.255821368066133,False,False,0.0,False,,-0.15,0.0,-0.73304,-0.58496,-0.50477,-0.17823999999999995,0.0,0.0,-0.14080000000000004,0.0,0.0,0.17,0.0,0.0,0.52333,0.0,0.0,-0.15,0.0,-0.73304,-0.58496,-0.50477,-0.17823999999999995,0.0,0.0,-0.14080000000000004,0.0,0.0,0.17,0.0,0.0,0.52333,0.0,0.0,-0.1666523933874433,-0.004061559674422609,-0.7400293479281584,-0.587847182487102,-0.5052971807499171,-0.20709119605185292,-0.00017086217554394896,-4.4868615468941895e-05,-0.1249322099035293,-0.00011723202102324375,-2.7585735008928877e-05,0.17272267341955955,-4.873577217421143e-05,-1.3430787806855023e-05,0.5284849121339525,0.00016642260868859267,5.0629483103895605e-05
160,True,1.6100000000000012,6.2582717624454025,False,False,0.0,False,,-0.15,0.0,-0.73304,-0.58496,-0.50477,-0.17217557333333333,0.0,0.0,-0.14465042962962965,0.0,0.0,0.17,0.0,0.0,0.52333,0.0,0.0,-0.15,0.0,-0.73304,-0.58496,-0.50477,-0.17217557333333333,0.0,0.0,-0.14465042962962965,0.0,0.0,0.17,0.0,0.0,0.52333,0.0,0.0,-0.16665001826497264,-0.0040622300961934135,-0.7400300021979777,-0.5878477775885047,-0.5052976625736374,-0.20115705973090967,-0.0001711331568039681,-4.495480835335095e-05,-0.1287069418916223,-0.00011721081070535621,-2.7605987777384915e-05,0.17272343793369732,-4.8714316343662835e-05,-1.3444388256450916e-05,0.5284856398569296,0.00016658822475166957,5.06760690312208e-05
161,True,1.6200000000000012,6.260857800690699,False,False,0.0,False,,-0.15,0.0,-0.73304,-0.58496,-0.50477,-0.1660797866666667,0.0,0.0,-0.14852077037037037,0.0,0.0,0.17,0.0,0.0,0.52333,0.0,0.0,-0.15,0.0,-0.73304,-0.58496,-0.50477,-0.1660797866666667,0.0,0.0,-0.14852077037037037,0.0,0.0,0.17,0.0,0.0,0.52333,0.0,0.0,-0.16664762825030685,-0.004062888645723267,-0.7400306445933594,-0.5878483614269338,-0.5052981351071297,-0.1951811724093663,-0.00017140494740888065,-4.50409504418216e-05,-0.13250818163411118,-0.00011718872561135394,-2.7625535993452568e-05,0.17272418954751262,-4.869397882278491e-05,-1.3457892709044631e-05,0.528486354667347,0.00016675034379639377,5.0721629188866885e-05
162,True,1.6300000000000012,6.263580889050804,False,False,0.0,False,,-0.15,0.0,-0.73304,-0.58496,-0.50477,-0.15995488000000005,0.0,0.0,-0.1524096,0.0,0.0,0.17,0.0,0.0,0.52333,0.0,0.0,-0.15,0.0,-0.73304,-0.58496,-0.50477,-0.15995488000000005,0.0,0.0,-0.1524096,0.0,0.0,0.17,0.0,0.0,0.52333,0.0,0.0,-0.1666452231474156,-0.004063535533916612,-0.7400312753248948,-0.5878489342151219,-0.5052985985295156,-0.18916579270390033,-0.00017167745013889053,-4.512702003417153e-05,-0.13633449112830628,-0.00011716571010224622,-2.7644375988952027e-05,0.17272492847772938,-4.867474049206621e-05,-1.347130327226223e-05,0.5284870567921641,0.00016690902948281698,5.076618287063453e-05
163,True,1.6400000000000012,6.266442265283248,False,False,0.0,False,,-0.15,0.0,-0.73304,-0.58496,-0.50477,-0.15380309333333333,0.0,0.0,-0.15631549629629632,0.0,0.0,0.17,0.0,0.0,0.52333,0.0,0.0,-0.15,0.0,-0.73304,-0.58496,-0.50477,-0.15380309333333333,0.0,0.0,-0.15631549629629632,0.0,0.0,0.17,0.0,0.0,0.52333,0.0,0.0,-0.16664280277362972,-0.004064170967914394,-0.7400318945993545,-0.5878494961617627,-0.5052990530164594,-0.1831131801997009,-0.00017195056495453696,-4.521299457253362e-05,-0.14018443205725845,-0.00011714170931253111,-2.766250410745317e-05,0.17272565493741648,-4.865658274961686e-05,-1.3484622052259422e-05,0.5284877464543196,0.00016706434420041692,5.0809748972091135e-05
164,True,1.6500000000000012,6.2694429968722405,False,False,0.0,False,,-0.15,0.0,-0.73304,-0.58496,-0.50477,-0.14762666666666668,0.0,0.0,-0.16023703703703707,0.0,0.0,0.17,0.0,0.0,0.52333,0.0,0.0,-0.15,0.0,-0.73304,-0.58496,-0.50477,-0.14762666666666668,0.0,0.0,-0.16023703703703707,0.0,0.0,0.17,0.0,0.0,0.52333,0.0,0.0,-0.16664036695902484,-0.0040647951512408015,-0.7400325026199259,-0.5878500474716541,-0.5052994987402487,-0.17702559444519853,-0.00017222418898206425,-4.5298850638966904e-05,-0.1440565672238212,-0.00011711666891265535,-2.767991665379288e-05,0.17272636913607128,-4.863948721962612e-05,-1.349785108881358e-05,0.5284884238728539,0.00016721634924021973,5.085234604548184e-05
165,True,1.6600000000000013,6.272583976323332,False,False,0.0,False,,-0.15,0.0,-0.73304,-0.58496,-0.50477,-0.14142784000000003,0.0,0.0,-0.1641728,0.0,0.0,0.17,0.0,0.0,0.52333,0.0,0.0,-0.15,0.0,-0.73304,-0.58496,-0.50477,-0.14142784000000003,0.0,0.0,-0.1641728,0.0,0.0,0.17,0.0,0.0,0.52333,0.0,0.0,-0.1666379155467794,-0.004065408283831629,-0.7400330995862037,-0.5878505883457426,-0.505299935869854,-0.17090529506340574,-0.00017249821683298686,-4.538456404585809e-05,-0.14794945786729916,-0.00011709053531276386,-2.7696609944593646e-05,0.17272707127967007,-4.862343586799445e-05,-1.3510992384209962e-05,0.5284890892629553,0.0001673651047525094,5.089399228633367e-05
166,True,1.6700000000000013,5.9490567949239725,False,False,0.0,False,,-0.15,0.0,-0.73304,-0.58496,-0.50477,-0.13520885333333338,0.0,0.0,-0.16812136296296296,0.0,0.0,0.17,0.0,0.0,0.52333,0.0,0.0,-0.15,0.0,-0.73304,-0.58496,-0.50477,-0.13520885333333338,0.0,0.0,-0.16812136296296296,0.0,0.0,0.17,0.0,0.0,0.52333,0.0,0.0,-0.16663544839317831,-0.004066010562102955,-0.7400336856942649,-0.5878511189811993,-0.5053003645709927,-0.16475454182362012,-0.00017277254080684158,-4.547010989374754e-05,-0.15186166581643265,-0.00011706325571358566,-2.7712580323746474e-05,0.17272776157072914,-4.860841097459579e-05,-1.352404789899059e-05,0.5284897428360319,0.0001675106697794713,5.0934705543949345e-05
167,True,1.6800000000000013,5.46677632404499,False,False,0.0,False,,-0.15,0.0,-0.73304,-0.58496,-0.50477,-0.12897194666666673,0.0,0.0,-0.17208130370370367,0.0,0.0,0.17,0.0,0.0,0.52333,0.0,0.0,-0.15,0.0,-0.73304,-0.58496,-0.50477,-0.12897194666666673,0.0,0.0,-0.17208130370370367,0.0,0.0,0.17,0.0,0.0,0.52333,0.0,0.0,-0.16663296536754374,-0.004066602179027631,-0.7400342611367633,-0.5878516395715047,-0.5053007850061947,-0.15857559412087482,-0.00017304705106658644,-4.5555462621511174e-05,-0.15579175282931135,-0.00011703477811929697,-2.7727824169005592e-05,0.17272844020836686,-4.859439507420702e-05,-1.3537019540510145e-05,0.5284903847997875,0.00016765310230408288,5.097450333703947e-05
168,True,1.6900000000000013,4.9832589572696815,False,True,0.0,False,,-0.15,0.0,-0.73304,-0.58496,-0.50477,-0.12271936,0.0,0.0,-0.17605120000000002,0.0,0.0,0.17,0.0,0.0,0.52333,0.0,0.0,-0.15,0.0,-0.73304,-0.58496,-0.50477,-0.12271936,0.0,0.0,-0.17605120000000002,0.0,0.0,0.17,0.0,0.0,0.52333,0.0,0.0,-0.16663046635266218,-0.004067183324149756,-0.7400348261028941,-0.5878521503064783,-0.5053011973348557,-0.15237071190199936,-0.00017332163599037185,-4.564059610543669e-05,-0.15973828026675757,-0.00011700505158325905,-2.7742337951880225e-05,0.17272910738834854,-4.8581371109768405e-05,-1.3549909200278845e-05,0.5284910153582577,0.00016779245918688355,5.101340283368226e-05
169,True,1.7000000000000013,4.498748505656144,False,True,0.0,False,,-0.15,0.0,-0.73304,-0.58496,-0.50477,-0.11645333333333335,0.0,0.0,-0.18002962962962965,0.0,0.0,0.17,0.0,0.0,0.52333,0.0,0.0,-0.15,0.0,-0.73304,-0.58496,-0.50477,-0.11645333333333335,0.0,0.0,-0.18002962962962965,0.0,0.0,0.17,0.0,0.0,0.52333,0.0,0.0,-0.1666279512445815,-0.004067754183674079,-0.7400353807785159,-0.5878526513723726,-0.5053016017133024,-0.1461421554868257,-0.00017359618230415122,-4.57254836973441e-05,-0.16369981008606055,-0.00011697402616567266,-2.7756118231459816e-05,0.1727297633031508,-4.856932232143569e-05,-1.356271873043957e-05,0.5284916347118938,0.000167928796241436,5.105142087542928e-05
170,True,1.7100000000000013,4.013492841998545,False,True,0.0,False,,-0.15,0.0,-0.73304,-0.58496,-0.50477,-0.11017610666666672,0.0,0.0,-0.18401517037037038,0.0,0.0,0.17,0.0,0.0,0.52333,0.0,0.0,-0.15,0.0,-0.73304,-0.58496,-0.50477,-0.11017610666666672,0.0,0.0,-0.18401517037037038,0.0,0.0,0.17,0.0,0.0,0.52333,0.0,0.0,-0.16662541995265692,-0.004068314940524272,-0.7400359253462107,-0.5878531429519395,-0.5053019982948518,-0.13989218545890494,-0.0001738705752986155,-4.5810098286088866e-05,-0.16767490414900763,-0.00011694165300368654,-2.776916167395245e-05,0.1727304081420169,-4.8558232239972165e-05,-1.3575449944281904e-05,0.5284922430576251,0.00016806216825466277,5.108857398383287e-05
171,True,1.7200000000000013,3.5277465507239945,False,True,0.0,False,,-0.15,0.0,-0.73304,-0.58496,-0.50477,-0.10388992000000002,0.0,0.0,-0.18800640000000002,0.0,0.0,0.17,0.0,0.0,0.52333,0.0,0.0,-0.15,0.0,-0.73304,-0.58496,-0.50477,-0.10388992000000002,0.0,0.0,-0.18800640000000002,0.0,0.0,0.17,0.0,0.0,0.52333,0.0,0.0,-0.16662287239948373,-0.004068865774413043,-0.7400364599853679,-0.5878536252245067,-0.5053023872298713,-0.13362306233329463,-0.00017414469900820886,-4.58944123484483e-05,-0.17166212445214574,-0.00011690788433389741,-2.7781465061292347e-05,0.1727310420910148,-4.8548084635637315e-05,-1.3588104606462236e-05,0.5284928405889299,0.00016819262903025175,5.112487837431735e-05
172,True,1.7300000000000013,3.0417763724615536,False,True,0.0,False,,-0.15,0.0,-0.73304,-0.58496,-0.50477,-0.09759701333333337,0.0,0.0,-0.1920018962962963,0.0,0.0,0.17,0.0,0.0,0.52333,0.0,0.0,-0.15,0.0,-0.73304,-0.58496,-0.50477,-0.09759701333333337,0.0,0.0,-0.1920018962962963,0.0,0.0,0.17,0.0,0.0,0.52333,0.0,0.0,-0.16662030852106532,-0.004069406861882081,-0.7400369848722078,-0.5878540983660282,-0.5053027686658323,-0.12733704670404647,-0.00017441843647319938,-4.597839802301422e-05,-0.1756600326904992,-0.00011687267362362106,-2.779302532453246e-05,0.172731665333086,-4.853886356861569e-05,-1.3600684446558473e-05,0.5284934274958856,0.00016832023137832282,5.116034995294024e-05
173,True,1.7400000000000013,2.555872994043903,False,True,0.0,False,,-0.15,0.0,-0.73304,-0.58496,-0.50477,-0.09129962666666669,0.0,0.0,-0.19600023703703706,0.0,0.0,0.17,0.0,0.0,0.52333,0.0,0.0,-0.15,0.0,-0.73304,-0.58496,-0.50477,-0.09129962666666669,0.0,0.0,-0.19600023703703706,0.0,0.0,0.17,0.0,0.0,0.52333,0.0,0.0,-0.1666177282669165,-0.004069938376348086,-0.7400375001798171,-0.5878545625491399,-0.5053031427473647,-0.12103639959155615,-0.0001746916699809638,-4.606202717822922e-05,-0.17966719062526595,-0.0001168359756757056,-2.7803839571101366e-05,0.1727322780480956,-4.853055341509299e-05,-1.3613191166948763e-05,0.5284940039652227,0.0001684450271175607,5.119500431713252e-05
174,True,1.7500000000000013,2.0703458372410926,False,True,0.0,False,,-0.15,0.0,-0.73304,-0.58496,-0.50477,-0.08500000000000002,0.0,0.0,-0.2,0.0,0.0,0.17,0.0,0.0,0.52333,0.0,0.0,-0.15,0.0,-0.73304,-0.58496,-0.50477,-0.08500000000000002,0.0,0.0,-0.2,0.0,0.0,0.17,0.0,0.0,0.52333,0.0,0.0,-0.16661513160005634,-0.004070460488160887,-0.7400380060782122,-0.5878550179432246,-0.5053035096163115,-0.11472338256171234,-0.00017496428126782517,-4.614527146940712e-05,-0.18368216079263305,-0.00011679774668224478,-2.7813905100261886e-05,0.17273288041288526,-4.8523138847911056e-05,-1.3625626440210976e-05,0.5284945701803865,0.000168567067100982,5.122885676395223e-05
175,True,1.7600000000000013,1.5852588185743857,False,True,0.0,False,,-0.15,0.0,-0.73304,-0.58496,-0.50477,-0.0787003733333333,0.0,0.0,-0.203999762962963,0.0,0.0,0.17,0.0,0.0,0.52333,0.0,0.0,-0.15,0.0,-0.73304,-0.58496,-0.50477,-0.0787003733333333,0.0,0.0,-0.203999762962963,0.0,0.0,0.17,0.0,0.0,0.52333,0.0,0.0,-0.16661251849665637,-0.004070973364702069,-0.7400385027344886,-0.5878554647145103,-0.5053038694117913,-0.10840025663499438,-0.0001752361515977166,-4.622810236148481e-05,-0.1877035045906986,-0.00011675794412208559,-2.782321938284913e-05,0.1727334726013362,-4.851660467277928e-05,-1.3637991873291869e-05,0.528495126321623,0.00016868640131748259,5.126192232243097e-05
176,True,1.7700000000000014,1.1007885926522734,False,True,0.0,False,,-0.15,0.0,-0.73304,-0.58496,-0.50477,-0.07240298666666667,0.0,0.0,-0.20799810370370372,0.0,0.0,0.17,0.0,0.0,0.52333,0.0,0.0,-0.15,0.0,-0.73304,-0.58496,-0.50477,-0.07240298666666667,0.0,0.0,-0.20799810370370372,0.0,0.0,0.17,0.0,0.0,0.52333,0.0,0.0,-0.16660988894650275,-0.0040714771703829694,-0.7400389903127588,-0.5878559030260848,-0.5053042222702402,-0.10206928296894967,-0.00017550716212778666,-4.6310491231438145e-05,-0.19172978367923987,-0.00011671652703411786,-2.7831780126948882e-05,0.17273405478440443,-4.8510936011518234e-05,-1.3650289051501931e-05,0.5284956725660017,0.0001688030788104617,5.129421572769962e-05
177,True,1.7800000000000014,0.6171636619739644,False,True,0.0,False,,-0.15,0.0,-0.73304,-0.58496,-0.50477,-0.06611008000000002,0.0,0.0,-0.2119936,0.0,0.0,0.17,0.0,0.0,0.52333,0.0,0.0,-0.15,0.0,-0.73304,-0.58496,-0.50477,-0.06611008000000002,0.0,0.0,-0.2119936,0.0,0.0,0.17,0.0,0.0,0.52333,0.0,0.0,-0.1666072429530355,-0.004071972066691889,-0.7400394689741963,-0.5878563330379505,-0.5053045683254633,-0.09573272343703121,-0.00017577719412912075,-4.639240943034156e-05,-0.19575956115105989,-0.00011667345609810531,-2.7839585299248157e-05,0.17273462713016866,-4.850611831140849e-05,-1.3662519542369794e-05,0.5284962090874685,0.00016891714768755563,5.1325751424147135e-05
178,True,1.7900000000000014,0.13461083874399096,False,True,0.0,False,,-0.15,0.0,-0.73304,-0.58496,-0.50477,-0.05982389333333338,0.0,0.0,-0.21598482962962962,0.0,0.0,0.17,0.0,0.0,0.52333,0.0,0.0,-0.15,0.0,-0.73304,-0.58496,-0.50477,-0.05982389333333338,0.0,0.0,-0.21598482962962962,0.0,0.0,0.17,0.0,0.0,0.52333,0.0,0.0,-0.1666045805328887,-0.004072458212301167,-0.7400399388772045,-0.5878567549071284,-0.505304907708695,-0.08939283944127527,-0.0001760461290268014,-4.647382829521179e-05,-0.199791399208502,-0.00011662869348710786,-2.784663309423768e-05,0.1727351898038942,-4.850213714269172e-05,-1.3674684850796422e-05,0.5284967360569361,0.0001690286552417187,5.135654360397429e-05
179,True,1.8000000000000014,0.0,True,True,0.0,False,,-0.15,0.0,-0.73304,-0.58496,-0.50477,-0.05354666666666669,0.0,0.0,-0.21997037037037037,0.0,0.0,0.17,0.0,0.0,0.52333,0.0,0.0,-0.15,0.0,-0.73304,-0.58496,-0.50477,-0.05354666666666669,0.0,0.0,-0.21997037037037037,0.0,0.0,0.17,0.0,0.0,0.52333,0.0,0.0,-0.16659802370133406,-0.004072905964827,-0.740040336475857,-0.5878571447585867,-0.5053052356324867,-0.08410221280821396,-0.0001810811825200017,-4.639452394387127e-05,-0.20293791968330532,-0.00012836842725954967,-2.8704346320619587e-05,0.17273573464871086,-4.86042693760099e-05,-1.3710088026793556e-05,0.5284972340968038,0.00016908202482873247,5.136931357417282e-05
180,True,1.8100000000000014,0.0,True,True,0.0,False,,-0.15,0.0,-0.73304,-0.58496,-0.50477,-0.047280639999999985,0.0,0.0,-0.22394880000000003,0.0,0.0,0.17,0.0,0.0,0.52333,0.0,0.0,-0.15,0.0,-0.73304,-0.58496,-0.50477,-0.047280639999999985,0.0,0.0,-0.22394880000000003,0.0,0.0,0.17,0.0,0.0,0.52333,0.0,0.0,-0.16658565477712572,-0.004073295584197749,-0.7400406202867259,-0.5878574856449397,-0.5053055485827045,-0.08182938237482727,-0.00020791945145049945,-4.574624605325254e-05,-0.20347407102622103,-0.00018155353800468002,-3.222467782936142e-05,0.172736256438723,-4.888203732977268e-05,-1.3785203908251769e-05,0.5284976906804357,0.00016904066248780926,5.135220926361876e-05
181,True,1.8200000000000014,0.0,True,True,0.0,False,,-0.15,0.0,-0.73304,-0.58496,-0.50477,-0.04102805333333337,0.0,0.0,-0.2279186962962963,0.0,0.0,0.17,0.0,0.0,0.52333,0.0,0.0,-0.15,0.0,-0.73304,-0.58496,-0.50477,-0.04102805333333337,0.0,0.0,-0.2279186962962963,0.0,0.0,0.17,0.0,0.0,0.52333,0.0,0.0,-0.1665775510760477,-0.004073694034564396,-0.7400409328509422,-0.5878578315976712,-0.5053058577193948,-0.08096197936385854,-0.0002544067869444812,-4.467752652160646e-05,-0.20271361910615557,-0.00026516821461940106,-3.750552632123572e-05,0.1727367738879084,-4.910039221588312e-05,-1.384796634183485e-05,0.5284981496092402,0.000169028729439593,5.134385588884428e-05
182,True,1.8300000000000014,0.0,True,True,0.0,False,,-0.15,0.0,-0.73304,-0.58496,-0.50477,-0.03479114666666672,0.0,0.0,-0.23187863703703704,0.0,0.0,0.17,0.0,0.0,0.52333,0.0,0.0,-0.15,0.0,-0.73304,-0.58496,-0.50477,-0.03479114666666672,0.0,0.0,-0.23187863703703704,0.0,0.0,0.17,0.0,0.0,0.52333,0.0,0.0,-0.16657300378071732,-0.0040741150322384035,-0.7400413016602094,-0.58785819519166,-0.5053061659196797,-0.08060200661042616,-0.0003149012046251073,-4.348963255410615e-05,-0.20146361125791323,-0.0003658573451559298,-4.3697666177105394e-05,0.17273729062830398,-4.921347340299827e-05,-1.3886646434126394e-05,0.5284986192675144,0.00016907025980521137,5.1352420608170186e-05
183,True,1.8400000000000014,0.0,True,True,0.0,False,,-0.15,0.0,-0.73304,-0.58496,-0.50477,-0.028572159999999958,0.0,0.0,-0.23582720000000004,0.0,0.0,0.17,0.0,0.0,0.52333,0.0,0.0,-0.15,0.0,-0.73304,-0.58496,-0.50477,-0.028572159999999958,0.0,0.0,-0.23582720000000004,0.0,0.0,0.17,0.0,0.0,0.52333,0.0,0.0,-0.16656970769058346,-0.004074551607967519,-0.7400417115042516,-0.5878585712395555,-0.505306472261167,-0.08033622772746955,-0.00038537805583122606,-4.244248617621518e-05,-0.2001247538401479,-0.00047415450466046946,-5.0230840441360927e-05,0.1727378047983413,-4.924622317331967e-05,-1.390637571388862e-05,0.5284990950895766,0.00016915211301461852,5.137398878669752e-05
184,True,1.8500000000000014,0.0,True,True,0.0,False,,-0.15,0.0,-0.73304,-0.58496,-0.50477,-0.022373333333333356,0.0,0.0,-0.23976296296296296,0.0,0.0,0.17,0.0,0.0,0.52333,0.0,0.0,-0.15,0.0,-0.73304,-0.58496,-0.50477,-0.022373333333333356,0.0,0.0,-0.23976296296296296,0.0,0.0,0.17,0.0,0.0,0.52333,0.0,0.0,-0.16656684947707842,-0.004074993541336234,-0.7400421409347263,-0.5878589512516678,-0.5053067750483649,-0.07999317673655451,-0.0004640053135493263,-4.16057442984777e-05,-0.1988636556734249,-0.0005849493979028103,-5.684528882247166e-05,0.17273831376055415,-4.9234222479659475e-05,-1.3915356989703941e-05,0.5284995706642763,0.000169255620681927,5.140261241301271e-05
185,True,1.8600000000000014,0.0,True,True,0.0,False,,-0.15,0.0,-0.73304,-0.58496,-0.50477,-0.016196906666666677,0.0,0.0,-0.2436845037037037,0.0,0.0,0.17,0.0,0.0,0.52333,0.0,0.0,-0.15,0.0,-0.73304,-0.58496,-0.50477,-0.016196906666666677,0.0,0.0,-0.2436845037037037,0.0,0.0,0.17,0.0,0.0,0.52333,0.0,0.0,-0.16656414906846176,-0.004075433988230522,-0.7400425755948424,-0.5878593294607467,-0.505307073145248,-0.07952924833489042,-0.0005460621944299647,-4.144999052546364e-05,-0.1977301184415049,-0.0007004394243209463,-6.321021765047032e-05,0.17273881579723438,-4.920143503604671e-05,-1.3919202488557519e-05,0.5285000417403336,0.00016936821542045975,5.143424925951885e-05
186,True,1.8700000000000014,0.0,True,True,0.0,False,,-0.15,0.0,-0.73304,-0.58496,-0.50477,-0.010045120000000018,0.0,0.0,-0.2475904,0.0,0.0,0.17,0.0,0.0,0.52333,0.0,0.0,-0.15,0.0,-0.73304,-0.58496,-0.50477,-0.010045120000000018,0.0,0.0,-0.2475904,0.0,0.0,0.17,0.0,0.0,0.52333,0.0,0.0,-0.1665615116104329,-0.004075869100389885,-0.7400430073483056,-0.5878597026147593,-0.5053073659452594,-0.07895076014014389,-0.0006275978852189068,-4.2301157353194345e-05,-0.19671764435544475,-0.0008239364330484789,-6.915173985766786e-05,0.1727393099903406,-4.916155777324758e-05,-1.3921135821430303e-05,0.528500505953517,0.0001694827217658706,5.1466584897275346e-05
187,True,1.8800000000000014,0.0,True,True,0.0,False,,-0.15,0.0,-0.73304,-0.58496,-0.50477,-0.003920213333333367,0.0,0.0,-0.25147922962962965,0.0,0.0,0.17,0.0,0.0,0.52333,0.0,0.0,-0.15,0.0,-0.73304,-0.58496,-0.50477,-0.003920213333333367,0.0,0.0,-0.25147922962962965,0.0,0.0,0.17,0.0,0.0,0.52333,0.0,0.0,-0.16655890625147243,-0.004076296820725465,-0.7400434317715877,-0.5878600689821643,-0.5053076531631481,-0.07827843452730629,-0.0007099241940605164,-4.3635566216251076e-05,-0.19579858595099753,-0.0009542666706162055,-7.483033896068271e-05,0.1727397958967021,-4.912214076782882e-05,-1.392293481827972e-05,0.528500962064342,0.00016959519524395225,5.1498347097369984e-05
188,True,1.8900000000000015,0.0,True,True,0.0,False,,-0.15,0.0,-0.73304,-0.58496,-0.50477,0.002175573333333347,0.0,0.0,-0.2553495703703704,0.0,0.0,0.17,0.0,0.0,0.52333,0.0,0.0,-0.15,0.0,-0.73304,-0.58496,-0.50477,0.002175573333333347,0.0,0.0,-0.2553495703703704,0.0,0.0,0.17,0.0,0.0,0.52333,0.0,0.0,-0.16655632097195916,-0.0040767164473730945,-0.740043847265029,-0.5878604279794524,-0.5053079347552141,-0.07753436452376435,-0.0007931021981894544,-4.495577194775621e-05,-0.19494436947337995,-0.001091385959010543,-8.032037729248282e-05,0.1727402734344182,-4.908604931690431e-05,-1.392528000234238e-05,0.5285014096899444,0.00016970415733638346,5.152905695410413e-05
189,True,1.9000000000000015,0.0,True,True,0.0,False,,-0.15,0.0,-0.73304,-0.58496,-0.50477,0.00823999999999997,0.0,0.0,-0.25920000000000004,0.0,0.0,0.17,0.0,0.0,0.52333,0.0,0.0,-0.15,0.0,-0.73304,-0.58496,-0.50477,0.00823999999999997,0.0,0.0,-0.25920000000000004,0.0,0.0,0.17,0.0,0.0,0.52333,0.0,0.0,-0.16655375126897803,-0.004077127739231993,-0.740044253188443,-0.5878607794168514,-0.50530821075997,-0.07673713501673383,-0.0008784694946404733,-4.6262321687310984e-05,-0.19413127029183247,-0.0012336584303831186,-8.575971089960481e-05,0.17274074264220884,-4.905455056848167e-05,-1.39284742575661e-05,0.5285018487370344,0.00016980897207562773,5.155850805341939e-05
190,True,1.9100000000000015,0.0,True,True,0.0,False,,-0.15,0.0,-0.73304,-0.58496,-0.50477,0.01427082666666668,0.0,0.0,-0.26302909629629634,0.0,0.0,0.17,0.0,0.0,0.52333,0.0,0.0,-0.15,0.0,-0.73304,-0.58496,-0.50477,0.01427082666666668,0.0,0.0,-0.26302909629629634,0.0,0.0,0.17,0.0,0.0,0.52333,0.0,0.0,-0.16655119500940313,-0.004077530708252317,-0.7400446494310566,-0.5878611233200924,-0.5053084812601536,-0.07590111761496718,-0.0009669910786806461,-4.7654797467402445e-05,-0.19334235266638733,-0.0013793280713965768,-9.126110166272298e-05,0.17274120362456125,-4.9028027925468435e-05,-1.3932612329640478e-05,0.5285022792714792,0.00016990946936206014,5.158664433011174e-05
191,True,1.9200000000000015,0.0,True,True,0.0,False,,-0.15,0.0,-0.73304,-0.58496,-0.50477,0.02026581333333327,0.0,0.0,-0.26683543703703705,0.0,0.0,0.17,0.0,0.0,0.52333,0.0,0.0,-0.15,0.0,-0.73304,-0.58496,-0.50477,0.02026581333333327,0.0,0.0,-0.26683543703703705,0.0,0.0,0.17,0.0,0.0,0.52333,0.0,0.0,-0.1665486504474526,-0.004077925529833766,-0.7400450362262648,-0.587861459853028,-0.5053087463661965,-0.07503708665917418,-0.0010587122297128805,-4.918323885856903e-05,-0.19256659142338672,-0.0015272641289408486,-9.687756722978781e-05,0.17274165652819282,-4.900628924480817e-05,-1.3937654419754187e-05,0.5285027014621841,0.0001700057823372099,5.1613507127646e-05
192,True,1.9300000000000015,0.0,True,True,0.0,False,,-0.15,0.0,-0.73304,-0.58496,-0.50477,0.026222719999999977,0.0,0.0,-0.2706176,0.0,0.0,0.17,0.0,0.0,0.52333,0.0,0.0,-0.15,0.0,-0.73304,-0.58496,-0.50477,0.026222719999999977,0.0,0.0,-0.2706176,0.0,0.0,0.17,0.0,0.0,0.52333,0.0,0.0,-0.166546115640892,-0.004078312483355771,-0.7400454140278325,-0.5878617892666985,-0.5053090062054183,-0.07415271598949978,-0.0011533226721787083,-5.0876931461480835e-05,-0.19179658889950366,-0.0016766785559006573,-0.00010263372199103828,0.172742101526264,-4.898877290710078e-05,-1.3943474880967032e-05,0.5285031155435073,0.00017009823855940396,5.163920000006078e-05
193,True,1.9400000000000015,0.0,True,True,0.0,False,,-0.15,0.0,-0.73304,-0.58496,-0.50477,0.032139306666666645,0.0,0.0,-0.27437416296296296,0.0,0.0,0.17,0.0,0.0,0.52333,0.0,0.0,-0.15,0.0,-0.73304,-0.58496,-0.50477,0.032139306666666645,0.0,0.0,-0.27437416296296296,0.0,0.0,0.17,0.0,0.0,0.52333,0.0,0.0,-0.16654358754289428,-0.004078692013786174,-0.7400457836399554,-0.5878621119500114,-0.5053092609325898,-0.0732510923967601,-0.0012501969960857114,-5.2750737512194715e-05,-0.19102385499848587,-0.0018273434408112752,-0.00010853653366605361,0.17274253883541874,-4.897433297992397e-05,-1.3949813492073174e-05,0.528503521855052,0.0001701874729305109,5.1663924335305504e-05
194,True,1.9500000000000015,0.0,True,True,0.0,False,,-0.15,0.0,-0.73304,-0.58496,-0.50477,0.03801333333333329,0.0,0.0,-0.2781037037037037,0.0,0.0,0.17,0.0,0.0,0.52333,0.0,0.0,-0.15,0.0,-0.73304,-0.58496,-0.50477,0.03801333333333329,0.0,0.0,-0.2781037037037037,0.0,0.0,0.17,0.0,0.0,0.52333,0.0,0.0,-0.16654106458154738,-0.004079064402361673,-0.74004614552505,-0.5878624281547608,-0.5053095106723071,-0.07233429502714135,-0.001348758800162166,-5.481571464981057e-05,-0.1902427816548285,-0.0019790639674134108,-0.00011458602714848893,0.17274296862601388,-4.896238619430204e-05,-1.3956539560686171e-05,0.5285039206305062,0.00017027382373760525,5.168778707371574e-05
195,True,1.9600000000000015,0.0,True,True,0.0,False,,-0.15,0.0,-0.73304,-0.58496,-0.50477,0.043842559999999975,0.0,0.0,-0.2818048,0.0,0.0,0.17,0.0,0.0,0.52333,0.0,0.0,-0.15,0.0,-0.73304,-0.58496,-0.50477,0.043842559999999975,0.0,0.0,-0.2818048,0.0,0.0,0.17,0.0,0.0,0.52333,0.0,0.0,-0.1665385461556872,-0.004079429816917007,-0.7400464999087373,-0.5878627380376722,-0.505309755527874,-0.07140492372803595,-0.0014486071748763627,-5.708376462565844e-05,-0.18945160369680264,-0.002131501277199811,-0.00012077954960158274,0.1727433910358757,-4.8952738972946225e-05,-1.3963611856814148e-05,0.528504312029624,0.00017035742313937824,5.171082962737348e-05
196,True,1.9700000000000015,0.0,True,True,0.0,False,,-0.15,0.0,-0.73304,-0.58496,-0.50477,0.04962474666666661,0.0,0.0,-0.28547602962962965,0.0,0.0,0.17,0.0,0.0,0.52333,0.0,0.0,-0.15,0.0,-0.73304,-0.58496,-0.50477,0.04962474666666661,0.0,0.0,-0.28547602962962965,0.0,0.0,0.17,0.0,0.0,0.52333,0.0,0.0,-0.16653603162247702,-0.004079788431989463,-0.7400468470324553,-0.5878630417606003,-0.5053099956023207,-0.0704654445316513,-0.0015494536394626648,-5.956807133344359e-05,-0.18865027265894874,-0.002284310255619159,-0.0001271128536152876,0.17274380620311966,-4.8945168918540146e-05,-1.3970982366710824e-05,0.5285046962153455,0.0001704384175748584,5.173309799934418e-05
197,True,1.9800000000000015,0.0,True,True,0.0,False,,-0.15,0.0,-0.73304,-0.58496,-0.50477,0.05535765333333326,0.0,0.0,-0.28911597037037035,0.0,0.0,0.17,0.0,0.0,0.52333,0.0,0.0,-0.15,0.0,-0.73304,-0.58496,-0.50477,0.05535765333333326,0.0,0.0,-0.28911597037037035,0.0,0.0,0.17,0.0,0.0,0.52333,0.0,0.0,-0.16653351953909187,-0.004080140518333797,-0.7400471873420023,-0.5878633395651386,-0.5053102310140407,-0.0695171037845322,-0.0016511569559634596,-6.229533853746648e-05,-0.187838027730352,-0.0024372921903857672,-0.0001335851973741541,0.17274421429062803,-4.8939112220883966e-05,-1.397852454659272e-05,0.5285050734113959,0.00017051713257262673,5.175469515026288e-05
198,True,1.9900000000000015,0.0,True,True,0.0,False,,-0.15,0.0,-0.73304,-0.58496,-0.50477,0.06103903999999999,0.0,0.0,-0.2927232,0.0,0.0,0.17,0.0,0.0,0.52333,0.0,0.0,-0.15,0.0,-0.73304,-0.58496,-0.50477,0.06103903999999999,0.0,0.0,-0.2927232,0.0,0.0,0.17,0.0,0.0,0.52333,0.0,0.0,-0.16653100929902384,-0.00408048625050364,-0.7400475210832094,-0.587863631612092,-0.5053104618631634,-0.06856101573677036,-0.0017536033085103178,-6.528870781816919e-05,-0.1870147794036955,-0.002590263755725283,-0.00014019429883531577,0.17274461543357153,-4.893433324895541e-05,-1.3986187444154438e-05,0.528505443778964,0.00017059372039240184,5.177566884358146e-05
199,True,2.0000000000000013,0.0,True,True,0.0,False,,-0.15,0.0,-0.73304,-0.58496,-0.50477,0.0666666666666666,0.0,0.0,-0.2962962962962963,0.0,0.0,0.17,0.0,0.0,0.52333,0.0,0.0,-0.15,0.0,-0.73304,-0.58496,-0.50477,0.0666666666666666,0.0,0.0,-0.2962962962962963,0.0,0.0,0.17,0.0,0.0,0.52333,0.0,0.0,-0.16652850090438842,-0.0040808257309401744,-0.7400478483520739,-0.5878639180016879,-0.5053106882358477,-0.06759869836509023,-0.001856655752829553,-6.856178292096848e-05,-0.18618164109926255,-0.002742994613475256,-0.00014693424412065887,0.17274500974598478,-4.893084195503862e-05,-1.3993976476241259e-05,0.528505807431976,0.00017066820323052178,5.179602549452188e-05
200,True,2.0100000000000002,0.0,True,True,0.0,False,,-0.15,0.0,-0.73304,-0.58496,-0.50477,0.07223829333333331,0.0,0.0,-0.29983383703703703,0.0,0.0,0.17,0.0,0.0,0.52333,0.0,0.0,-0.15,0.0,-0.73304,-0.58496,-0.50477,0.07223829333333331,0.0,0.0,-0.29983383703703703,0.0,0.0,0.17,0.0,0.0,0.52333,0.0,0.0,-0.1665259943445449,-0.004081159063295143,-0.7400481692489697,-0.587864198834781,-0.5053109102171321,-0.06663176766482486,-0.0019601791850286823,-7.21240069188226e-05,-0.18534018701973332,-0.0028952500940988006,-0.0001537975721055146,0.17274539734080263,-4.892863834798473e-05,-1.40018946435652e-05,0.5285061644841826,0.00017074060782652545,5.18157730022075e-05
201,True,2.019999999999999,0.0,True,True,0.0,False,,-0.15,0.0,-0.73304,-0.58496,-0.50477,0.07775168000000005,0.0,0.0,-0.30333440000000006,0.0,0.0,0.17,0.0,0.0,0.52333,0.0,0.0,-0.15,0.0,-0.73304,-0.58496,-0.50477,0.07775168000000005,0.0,0.0,-0.30333440000000006,0.0,0.0,0.17,0.0,0.0,0.52333,0.0,0.0,-0.16652348951947446,-0.004081486362293728,-0.7400484838995437,-0.587864474221083,-0.5053111278926736,-0.06566181303864456,-0.0020640495994388138,-7.598264215025486e-05,-0.1844921041407098,-0.0030468096001831043,-0.00016077632682826625,0.17274577833258273,-4.8927677726662186e-05,-1.4009934591329798e-05,0.5285065150555821,0.00017081098390583,5.183492659181461e-05
202,True,2.029999999999998,0.0,True,True,0.0,False,,-0.15,0.0,-0.73304,-0.58496,-0.50477,0.08320458666666669,0.0,0.0,-0.306796562962963,0.0,0.0,0.17,0.0,0.0,0.52333,0.0,0.0,-0.15,0.0,-0.73304,-0.58496,-0.50477,0.08320458666666669,0.0,0.0,-0.306796562962963,0.0,0.0,0.17,0.0,0.0,0.52333,0.0,0.0,-0.1665209862805106,-0.004081807749209034,-0.7400487924452491,-0.5878647442753863,-0.5053113413479761,-0.06469035161554056,-0.0021681560443588288,-8.01434841407868e-05,-0.1836390413151415,-0.0031974726402882363,-0.0001678625451073295,0.17274615283629693,-4.8927886334511733e-05,-1.4018082241699831e-05,0.5285068592695638,0.00017087939600027906,5.185350619821878e-05
203,True,2.039999999999997,0.0,True,True,0.0,False,,-0.15,0.0,-0.73304,-0.58496,-0.50477,0.08859477333333332,0.0,0.0,-0.31021890370370375,0.0,0.0,0.17,0.0,0.0,0.52333,0.0,0.0,-0.15,0.0,-0.73304,-0.58496,-0.50477,0.08859477333333332,0.0,0.0,-0.31021890370370375,0.0,0.0,0.17,0.0,0.0,0.52333,0.0,0.0,-0.1665184844736307,-0.004082123346661952,-0.7400490950323896,-0.5878650091132305,-0.5053115506675043,-0.06371881331082326,-0.002272399553821532,-8.461114019531462e-05,-0.182782549964347,-0.0033470592474634906,-0.00017504846170083498,0.1727465209659361,-4.892917955003021e-05,-1.402632098721093e-05,0.5285071972495928,0.00017094591388707724,5.187153342022044e-05
204,True,2.049999999999996,0.0,True,True,0.0,False,,-0.15,0.0,-0.73304,-0.58496,-0.50477,0.09391999999999995,0.0,0.0,-0.3136,0.0,0.0,0.17,0.0,0.0,0.52333,0.0,0.0,-0.15,0.0,-0.73304,-0.58496,-0.50477,0.09391999999999995,0.0,0.0,-0.3136,0.0,0.0,0.17,0.0,0.0,0.52333,0.0,0.0,-0.16651598396503156,-0.004082433275381233,-0.740049391805262,-0.587865268848207,-0.505311755934143,-0.06274853723442614,-0.002376691056258173,-8.938915912120115e-05,-0.18192406612736686,-0.003495408145224478,-0.00018232657825778873,0.1727468828336482,-4.8931473307651315e-05,-1.403463431708562e-05,0.5285075291171422,0.000171010606576957,5.1889029608542225e-05
205,True,2.0599999999999947,0.0,True,True,0.0,False,,-0.15,0.0,-0.73304,-0.58496,-0.50477,0.09917802666666664,0.0,0.0,-0.31693842962962965,0.0,0.0,0.17,0.0,0.0,0.52333,0.0,0.0,-0.15,0.0,-0.73304,-0.58496,-0.50477,0.09917802666666664,0.0,0.0,-0.31693842962962965,0.0,0.0,0.17,0.0,0.0,0.52333,0.0,0.0,-0.1665134846526227,-0.004082737652618714,-0.7400496829027791,-0.5878655235906468,-0.5053119572289452,-0.06178077323984736,-0.0024809492006853534,-9.448011749619523e-05,-0.18106491131621624,-0.003642374198537691,-0.0001896896653873133,0.1727472385493276,-4.893468975278827e-05,-1.404300711461693e-05,0.5285078549906839,0.00017107353933767036,5.19060149207803e-05
206,True,2.0699999999999936,0.0,True,True,0.0,False,,-0.15,0.0,-0.73304,-0.58496,-0.50477,0.10436661333333341,0.0,0.0,-0.32023277037037046,0.0,0.0,0.17,0.0,0.0,0.52333,0.0,0.0,-0.15,0.0,-0.73304,-0.58496,-0.50477,0.10436661333333341,0.0,0.0,-0.32023277037037046,0.0,0.0,0.17,0.0,0.0,0.52333,0.0,0.0,-0.16651098646874887,-0.00408303659163461,-0.7400499684573472,-0.5878657734472018,-0.505312154631067,-0.06081668569787997,-0.0025850984994906533,-9.988569337269683e-05,-0.18020630099874838,-0.0037878259012811967,-0.00019713073564176802,0.17274758822049607,-4.893875915351941e-05,-1.4051426093643321e-05,0.528508174985371,0.00017113477269179304,5.192250800444843e-05
207,True,2.0799999999999925,0.0,True,True,0.0,False,,-0.15,0.0,-0.73304,-0.58496,-0.50477,0.10948351999999995,0.0,0.0,-0.32348160000000004,0.0,0.0,0.17,0.0,0.0,0.52333,0.0,0.0,-0.15,0.0,-0.73304,-0.58496,-0.50477,0.10948351999999995,0.0,0.0,-0.32348160000000004,0.0,0.0,0.17,0.0,0.0,0.52333,0.0,0.0,-0.16650848833142717,-0.004083330331547261,-0.7400502488677295,-0.5878660186291401,-0.5053123482404853,-0.05985641707594768,-0.002688308396920959,-0.00010574306835787601,-0.17934846134335766,-0.003932415446747282,-0.00020460023252561444,0.1727479319877638,-4.894316808603946e-05,-1.4059775865085202e-05,0.5285084892963123,0.00017119460021667907,5.193860166099278e-05
208,True,2.0899999999999914,0.0,True,True,0.0,False,,-0.15,0.0,-0.73304,-0.58496,-0.50477,0.11452650666666664,0.0,0.0,-0.32668349629629634,0.0,0.0,0.17,0.0,0.0,0.52333,0.0,0.0,-0.15,0.0,-0.73304,-0.58496,-0.50477,0.11452650666666664,0.0,0.0,-0.32668349629629634,0.0,0.0,0.17,0.0,0.0,0.52333,0.0,0.0,-0.16650598778904913,-0.004083619281927433,-0.7400505248938203,-0.5878662594892649,-0.5053125381856773,-0.058896917566642004,-0.0027873318137258975,-0.00011263222513926064,-0.17848865378156703,-0.004079297384464775,-0.00021190956799792398,0.17274827003707813,-4.894680165136014e-05,-1.406780318356007e-05,0.5285087982276333,0.00017125363224942866,5.195448923214391e-05
209,True,2.0999999999999903,0.0,True,True,0.0,False,,-0.15,0.0,-0.73304,-0.58496,-0.50477,0.11949333333333323,0.0,0.0,-0.32983703703703704,0.0,0.0,0.17,0.0,0.0,0.52333,0.0,0.0,-0.15,0.0,-0.73304,-0.58496,-0.50477,0.11949333333333323,0.0,0.0,-0.32983703703703704,0.0,0.0,0.17,0.0,0.0,0.52333,0.0,0.0,-0.16650348909389343,-0.004083903012075103,-0.7400507955299881,-0.5878664956793657,-0.5053127244472168,-0.057941567692845586,-0.0028840523838844414,-0.00012021051403179684,-0.1776302400715938,-0.00422641734232472,-0.00021915997564011494,0.17274860232378833,-4.895146755545174e-05,-1.4075926671055491e-05,0.5285091015433883,0.0001713109395964859,5.196987439149494e-05
210,True,2.109999999999989,0.0,True,True,0.0,False,,-0.15,0.0,-0.73304,-0.58496,-0.50477,0.12438176000000001,0.0,0.0,-0.33294080000000004,0.0,0.0,0.17,0.0,0.0,0.52333,0.0,0.0,-0.15,0.0,-0.73304,-0.58496,-0.50477,0.12438176000000001,0.0,0.0,-0.33294080000000004,0.0,0.0,0.17,0.0,0.0,0.52333,0.0,0.0,-0.16650099295513604,-0.004084181529447819,-0.7400510606921846,-0.5878667272166851,-0.5053129070813087,-0.05699290228172129,-0.0029795654042557933,-0.00012826547333686695,-0.17677567846623193,-0.004372492058525696,-0.0002264121353209872,0.17274892892156676,-4.895744562166345e-05,-1.4084212831495569e-05,0.5285093992874494,0.00017136639616875551,5.1984716626828987e-05
211,True,2.119999999999988,0.0,True,True,0.0,False,,-0.15,0.0,-0.73304,-0.58496,-0.50477,0.1291895466666667,0.0,0.0,-0.335993362962963,0.0,0.0,0.17,0.0,0.0,0.52333,0.0,0.0,-0.15,0.0,-0.73304,-0.58496,-0.50477,0.1291895466666667,0.0,0.0,-0.335993362962963,0.0,0.0,0.17,0.0,0.0,0.52333,0.0,0.0,-0.166498499000724,-0.004084454981163892,-0.7400513205924801,-0.5878669542346828,-0.5053130861674588,-0.056052472089815876,-0.003074256932432114,-0.00013671022961865082,-0.17592646245780116,-0.004516957235445636,-0.00023368704543659787,0.17274924994104282,-4.896452187596977e-05,-1.4092614716721593e-05,0.5285096915928941,0.00017142013594313385,5.199905809548541e-05
212,True,2.129999999999987,0.0,True,True,0.0,False,,-0.15,0.0,-0.73304,-0.58496,-0.50477,0.1339144533333333,0.0,0.0,-0.33899330370370373,0.0,0.0,0.17,0.0,0.0,0.52333,0.0,0.0,-0.15,0.0,-0.73304,-0.58496,-0.50477,0.1339144533333333,0.0,0.0,-0.33899330370370373,0.0,0.0,0.17,0.0,0.0,0.52333,0.0,0.0,-0.1664960068639506,-0.004084723516659087,-0.7400515754500646,-0.5878671768684194,-0.5053132617844789,-0.05512135280003002,-0.0031682386315234927,-0.00014550762719174585,-0.17508363473035374,-0.004659533639055193,-0.00024098976396995036,0.17274956549233617,-4.897246759839063e-05,-1.4101082124831101e-05,0.5285099785938265,0.00017147230060587715,5.20129433295276e-05
213,True,2.139999999999986,0.0,True,True,0.0,False,,-0.15,0.0,-0.73304,-0.58496,-0.50477,0.13855423999999994,0.0,0.0,-0.3419392,0.0,0.0,0.17,0.0,0.0,0.52333,0.0,0.0,-0.15,0.0,-0.73304,-0.58496,-0.50477,0.13855423999999994,0.0,0.0,-0.3419392,0.0,0.0,0.17,0.0,0.0,0.52333,0.0,0.0,-0.1664935163561373,-0.0040849872639657225,-0.7400518254409697,-0.5878673952347767,-0.5053134340063787,-0.05420037814225838,-0.0032615161957134015,-0.00015463996501473195,-0.1742480174561629,-0.004800056573205118,-0.00024831895780762307,0.1727498756785913,-4.898112305643792e-05,-1.4109580762805251e-05,0.5285102604100224,0.0001715229952211969,5.2026405175764325e-05
214,True,2.149999999999985,0.0,True,True,0.0,False,,-0.15,0.0,-0.73304,-0.58496,-0.50477,0.14310666666666672,0.0,0.0,-0.34482962962962965,0.0,0.0,0.17,0.0,0.0,0.52333,0.0,0.0,-0.15,0.0,-0.73304,-0.58496,-0.50477,0.14310666666666672,0.0,0.0,-0.34482962962962965,0.0,0.0,0.17,0.0,0.0,0.52333,0.0,0.0,-0.16649102743400843,-0.004085246332739733,-0.7400520707042291,-0.5878676094350033,-0.505313602902929,-0.05329024896570447,-0.003354054662742941,-0.0001640969699592285,-0.17342031664630864,-0.004938408583783257,-0.00025567072908323275,0.1727501805968169,-4.8990387516380574e-05,-1.4118089891177128e-05,0.5285105371488109,0.0001715722933815798,5.203946646109659e-05
215,True,2.1599999999999837,0.0,True,True,0.0,False,,-0.15,0.0,-0.73304,-0.58496,-0.50477,0.14756949333333325,0.0,0.0,-0.34766317037037037,0.0,0.0,0.17,0.0,0.0,0.52333,0.0,0.0,-0.15,0.0,-0.73304,-0.58496,-0.50477,0.14756949333333325,0.0,0.0,-0.34766317037037037,0.0,0.0,0.17,0.0,0.0,0.52333,0.0,0.0,-0.1664885401461993,-0.004085500820592427,-0.7400523113551197,-0.5878678195600151,-0.5053137685407925,-0.052391586679954257,-0.003445803915929838,-0.000173871052028068,-0.17260117126223742,-0.005074492784876216,-0.00026304013864148276,0.17275048033963067,-4.900019738573313e-05,-1.4126597273940035e-05,0.5285108089091316,0.0001716202486956168,5.205214365817421e-05
216,True,2.1699999999999826,0.0,True,True,0.0,False,,-0.15,0.0,-0.73304,-0.58496,-0.50477,0.15194048000000004,0.0,0.0,-0.35043840000000004,0.0,0.0,0.17,0.0,0.0,0.52333,0.0,0.0,-0.15,0.0,-0.73304,-0.58496,-0.50477,0.15194048000000004,0.0,0.0,-0.35043840000000004,0.0,0.0,0.17,0.0,0.0,0.52333,0.0,0.0,-0.1664860545761778,-0.004085750819973847,-0.7400525474996101,-0.5878680256961526,-0.50531393098475,-0.0515049591198203,-0.003536706555472099,-0.00018397764938481303,-0.17179117554969603,-0.0052082235890254,-0.00027042198131043695,0.17275077499715571,-4.901050230604972e-05,-1.413509367307111e-05,0.5285110757859626,0.00017166690738681811,5.206445089718275e-05
217,True,2.1799999999999815,0.0,True,True,0.0,False,,-0.15,0.0,-0.73304,-0.58496,-0.50477,0.15621738666666662,0.0,0.0,-0.35315389629629634,0.0,0.0,0.17,0.0,0.0,0.52333,0.0,0.0,-0.15,0.0,-0.73304,-0.58496,-0.50477,0.15621738666666662,0.0,0.0,-0.35315389629629634,0.0,0.0,0.17,0.0,0.0,0.52333,0.0,0.0,-0.1664835705241195,-0.004085996455105051,-0.7400527793120012,-0.5878682279559875,-0.5053140903041723,-0.05063090152086012,-0.0036266678993950915,-0.00019487190219484444,-0.17099089977417525,-0.0053395524770233575,-0.0002778141594183596,0.17275106466711942,-4.902113656112584e-05,-1.4143543281062546e-05,0.5285113378940337,0.0001717123760146512,5.207642150768794e-05
218,True,2.1899999999999804,0.0,True,True,0.0,False,,-0.15,0.0,-0.73304,-0.58496,-0.50477,0.1603979733333334,0.0,0.0,-0.35580823703703707,0.0,0.0,0.17,0.0,0.0,0.52333,0.0,0.0,-0.15,0.0,-0.73304,-0.58496,-0.50477,0.1603979733333334,0.0,0.0,-0.35580823703703707,0.0,0.0,0.17,0.0,0.0,0.52333,0.0,0.0,-0.16648108775818016,-0.0040862378531056134,-0.7400530069743696,-0.5878684264542019,-0.5053142465679714,-0.049769923382699664,-0.003715552727847177,-0.0002075321896142633,-0.17020089994091386,-0.005468474693647585,-0.00028521838018114276,0.17275134944700027,-4.903191929114498e-05,-1.4151906857713908e-05,0.5285115953493864,0.00017175676882408294,5.208809122837793e-05
219,True,2.1999999999999793,0.0,True,True,0.0,False,,-0.15,0.0,-0.73304,-0.58496,-0.50477,0.16448000000000007,0.0,0.0,-0.35840000000000005,0.0,0.0,0.17,0.0,0.0,0.52333,0.0,0.0,-0.15,0.0,-0.73304,-0.58496,-0.50477,0.16448000000000007,0.0,0.0,-0.35840000000000005,0.0,0.0,0.17,0.0,0.0,0.52333,0.0,0.0,-0.1664786067774207,-0.004086475054738234,-0.7400532304886692,-0.5878686212331983,-0.5053143998290442,-0.0489224806267931,-0.003803281622520331,-0.0002222203703822383,-0.1694217029676994,-0.0055949319059929534,-0.0002926303517663038,0.17275162940967356,-4.904296596503466e-05,-1.4160213270867787e-05,0.5285118482120339,0.00017180004363748835,5.209944604097635e-05
220,True,2.209999999999978,0.0,True,True,0.0,False,,-0.15,0.0,-0.73304,-0.58496,-0.50477,0.16846122666666663,0.0,0.0,-0.360927762962963,0.0,0.0,0.17,0.0,0.0,0.52333,0.0,0.0,-0.15,0.0,-0.73304,-0.58496,-0.50477,0.16846122666666663,0.0,0.0,-0.360927762962963,0.0,0.0,0.17,0.0,0.0,0.52333,0.0,0.0,-0.1664761281351567,-0.004086708092717978,-0.7400534498412171,-0.5878688123284781,-0.5053145501380012,-0.048088989765070665,-0.0038898010717467973,-0.00023881759087799811,-0.16865381336408572,-0.0057188322309191806,-0.00030004232349944824,0.17275190462479256,-4.9054416025449775e-05,-1.4168496766893587e-05,0.5285120965361555,0.00017184214517972698,5.211046780944363e-05
221,True,2.219999999999977,0.0,True,True,0.0,False,,-0.15,0.0,-0.73304,-0.58496,-0.50477,0.17233941333333336,0.0,0.0,-0.3633901037037037,0.0,0.0,0.17,0.0,0.0,0.52333,0.0,0.0,-0.15,0.0,-0.73304,-0.58496,-0.50477,0.17233941333333336,0.0,0.0,-0.3633901037037037,0.0,0.0,0.17,0.0,0.0,0.52333,0.0,0.0,-0.16647365224977934,-0.004086937014722646,-0.7400536650512101,-0.5878689997878371,-0.5053146975471966,-0.0472698482304953,-0.003975067271458857,-0.00025706319191532773,-0.16789771221583427,-0.0058400715214501535,-0.00030744527497380647,0.17275217516509114,-4.9066352387705944e-05,-1.4176778500729921e-05,0.5285123403849349,0.00017188304757506976,5.212114778010048e-05
222,True,2.229999999999976,0.0,True,True,0.0,False,,-0.15,0.0,-0.73304,-0.58496,-0.50477,0.17611232,0.0,0.0,-0.3657856,0.0,0.0,0.17,0.0,0.0,0.52333,0.0,0.0,-0.15,0.0,-0.73304,-0.58496,-0.50477,0.17611232,0.0,0.0,-0.3657856,0.0,0.0,0.17,0.0,0.0,0.52333,0.0,0.0,-0.16647117941810552,-0.004087161882490414,-0.7400538761689013,-0.5878691836706008,-0.5053148421105792,-0.04646544267196774,-0.004059039462476753,-0.0002766646989835939,-0.16715385719912157,-0.005958544384915815,-0.0003148299318922326,0.17275244110615848,-4.9078804404904076e-05,-1.4185067259911605e-05,0.5285125798300323,0.0001719227528553255,5.213148608814343e-05
223,True,2.239999999999975,0.0,True,True,0.0,False,,-0.15,0.0,-0.73304,-0.58496,-0.50477,0.1797777066666666,0.0,0.0,-0.36811282962962966,0.0,0.0,0.17,0.0,0.0,0.52333,0.0,0.0,-0.15,0.0,-0.73304,-0.58496,-0.50477,0.1797777066666666,0.0,0.0,-0.36811282962962966,0.0,0.0,0.17,0.0,0.0,0.52333,0.0,0.0,-0.1664687098639445,-0.004087382766346987,-0.7400540832640908,-0.5878693640430523,-0.5053149838827473,-0.04567615385037615,-0.004141677504738888,-0.00029734513817624087,-0.16642268666596596,-0.006074149290225748,-0.0003221871914398326,0.1727527025249634,-4.909176696083249e-05,-1.4193363875416536e-05,0.528512814948093,0.0001719612809249631,5.2141488556450816e-05
224,True,2.249999999999974,0.0,True,True,0.0,False,,-0.15,0.0,-0.73304,-0.58496,-0.50477,0.18333333333333335,0.0,0.0,-0.37037037037037046,0.0,0.0,0.17,0.0,0.0,0.52333,0.0,0.0,-0.15,0.0,-0.73304,-0.58496,-0.50477,0.18333333333333335,0.0,0.0,-0.37037037037037046,0.0,0.0,0.17,0.0,0.0,0.52333,0.0,0.0,-0.16646624377838848,-0.004087599740469237,-0.7400542864161295,-0.5878695409744782,-0.5053151229181355,-0.0449023573643396,-0.0042229408870471125,-0.0003188602596390484,-0.16570462239342146,-0.006186790391413334,-0.00032950828071783657,0.17275295949857813,-4.910521708781726e-05,-1.4201665049185283e-05,0.5285130458177131,0.00017199866080659228,5.21511639081306e-05
225,True,2.2599999999999727,0.0,True,True,0.0,False,,-0.15,0.0,-0.73304,-0.58496,-0.50477,0.18677695999999988,0.0,0.0,-0.37255679999999997,0.0,0.0,0.17,0.0,0.0,0.52333,0.0,0.0,-0.15,0.0,-0.73304,-0.58496,-0.50477,0.18677695999999988,0.0,0.0,-0.37255679999999997,0.0,0.0,0.17,0.0,0.0,0.52333,0.0,0.0,-0.16646378134450163,-0.004087812879885334,-0.7400544857075652,-0.5878697145346663,-0.5053152592705061,-0.044144423996481295,-0.0043027885028960825,-0.0003410020974177249,-0.16500007284777993,-0.006296377826650578,-0.00033678479116919116,0.1727532121033752,-4.911912455157179e-05,-1.4209965788013742e-05,0.5285132725175173,0.00017203492505853956,5.216052199101738e-05
226,True,2.2699999999999716,0.0,True,True,0.0,False,,-0.15,0.0,-0.73304,-0.58496,-0.50477,0.1901063466666667,0.0,0.0,-0.37467069629629635,0.0,0.0,0.17,0.0,0.0,0.52333,0.0,0.0,-0.15,0.0,-0.73304,-0.58496,-0.50477,0.1901063466666667,0.0,0.0,-0.37467069629629635,0.0,0.0,0.17,0.0,0.0,0.52333,0.0,0.0,-0.16646132275152903,-0.004088022258703192,-0.740054681220378,-0.5878698847924329,-0.5053153929926566,-0.04340271868284641,-0.004381178443391259,-0.00036359658506746956,-0.16430943460829397,-0.006402827154116354,-0.0003440086654941399,0.1727534604145588,-4.913345814292602e-05,-1.4218260848469776e-05,0.528513495125024,0.00017207010645597424,5.216957272302719e-05
227,True,2.2799999999999705,0.0,True,True,0.0,False,,-0.15,0.0,-0.73304,-0.58496,-0.50477,0.19331925333333344,0.0,0.0,-0.3767106370370371,0.0,0.0,0.17,0.0,0.0,0.52333,0.0,0.0,-0.15,0.0,-0.73304,-0.58496,-0.50477,0.19331925333333344,0.0,0.0,-0.3767106370370371,0.0,0.0,0.17,0.0,0.0,0.52333,0.0,0.0,-0.16645886820056105,-0.004088227949350113,-0.740054873034347,-0.5878700518149919,-0.5053155241363027,-0.04267760094550484,-0.0044580681065136876,-0.00038649922588452566,-0.16363309487746105,-0.0065060586553225734,-0.0003511721625913092,0.17275370450597263,-4.914818842878402e-05,-1.422654536737485e-05,0.5285137137161631,0.0001721042365404742,5.217832563198057e-05
228,True,2.2899999999999694,0.0,True,True,0.0,False,,-0.15,0.0,-0.73304,-0.58496,-0.50477,0.19641343999999994,0.0,0.0,-0.3786752,0.0,0.0,0.17,0.0,0.0,0.52333,0.0,0.0,-0.15,0.0,-0.73304,-0.58496,-0.50477,0.19641343999999994,0.0,0.0,-0.3786752,0.0,0.0,0.17,0.0,0.0,0.52333,0.0,0.0,-0.16645641790660035,-0.004088430022265596,-0.7400550612263755,-0.5878702156677055,-0.5053156527520403,-0.0419694248379412,-0.004533414285656057,-0.00040959034365447834,-0.16297143284523444,-0.006605996604558275,-0.0003582678218163186,0.17275394445003062,-4.916328890765315e-05,-1.4234815126116896e-05,0.5285139283650854,0.00017213734501343467,5.2186789663536097e-05
229,True,2.2999999999999683,0.0,True,True,0.0,False,,-0.15,0.0,-0.73304,-0.58496,-0.50477,0.1993866666666667,0.0,0.0,-0.380562962962963,0.0,0.0,0.17,0.0,0.0,0.52333,0.0,0.0,-0.15,0.0,-0.73304,-0.58496,-0.50477,0.1993866666666667,0.0,0.0,-0.380562962962963,0.0,0.0,0.17,0.0,0.0,0.52333,0.0,0.0,-0.16645397209908414,-0.004088628545794649,-0.7400552458702421,-0.587870376414,-0.5053157788893432,-0.04127853936549335,-0.004607173189652573,-0.0004327706778185443,-0.16232482089291797,-0.006702568504702524,-0.0003652884285417536,0.17275418031770245,-4.917873645614541e-05,-1.4243066652425084e-05,0.5285141391441025,0.00017216945950503774,5.219497310835871e-05
230,True,2.309999999999967,0.0,True,True,0.0,False,,-0.15,0.0,-0.73304,-0.58496,-0.50477,0.20223669333333327,0.0,0.0,-0.3823725037037037,0.0,0.0,0.17,0.0,0.0,0.52333,0.0,0.0,-0.15,0.0,-0.73304,-0.58496,-0.50477,0.20223669333333327,0.0,0.0,-0.3823725037037037,0.0,0.0,0.17,0.0,0.0,0.52333,0.0,0.0,-0.1664515310208476,-0.004088823586279599,-0.7400554270367705,-0.5878705341154487,-0.5053159025965935,-0.04060528885374609,-0.004679300496193037,-0.0004559575677551499,-0.1616936254304299,-0.006795704470023251,-0.0003722269853377666,0.17275441217855317,-4.9194511077744494e-05,-1.4251297162064837e-05,0.528514346123754,0.00017220060571179478,5.220288364636267e-05
231,True,2.319999999999966,0.0,True,True,0.0,False,,-0.15,0.0,-0.73304,-0.58496,-0.50477,0.20496128000000002,0.0,0.0,-0.3841024,0.0,0.0,0.17,0.0,0.0,0.52333,0.0,0.0,-0.15,0.0,-0.73304,-0.58496,-0.50477,0.20496128000000002,0.0,0.0,-0.3841024,0.0,0.0,0.17,0.0,0.0,0.52333,0.0,0.0,-0.16644909492655846,-0.0040890152082244235,-0.7400556047941549,-0.587870688831914,-0.5053160239211256,-0.039950013687519194,-0.004749751487362683,-0.00047908180026768796,-0.16107820793881628,-0.006885336777548411,-0.0003790766872658332,0.17275464010080213,-4.921059539460972e-05,-1.4259504441832679e-05,0.5285145493729217,0.00017223080767009253,5.221052843403554e-05
232,True,2.329999999999965,0.0,True,True,0.0,False,,-0.15,0.0,-0.73304,-0.58496,-0.50477,0.2075581866666666,0.0,0.0,-0.38575122962962966,0.0,0.0,0.17,0.0,0.0,0.52333,0.0,0.0,-0.15,0.0,-0.73304,-0.58496,-0.50477,0.2075581866666666,0.0,0.0,-0.38575122962962966,0.0,0.0,0.17,0.0,0.0,0.52333,0.0,0.0,-0.16644666408188286,-0.004089203474385674,-0.7400557792081298,-0.5878708406216289,-0.5053161429092569,-0.039313050514527645,-0.004818481043835998,-0.0005020849687359947,-0.16047892517881035,-0.00697139941843601,-0.00038583090310632186,0.17275486415136185,-4.922697439262631e-05,-1.426768679105905e-05,0.5285147489588972,0.00017226008789663044,5.221791414928922e-05
233,True,2.339999999999964,0.0,True,True,0.0,False,,-0.15,0.0,-0.73304,-0.58496,-0.50477,0.21002517333333337,0.0,0.0,-0.3873175703703704,0.0,0.0,0.17,0.0,0.0,0.52333,0.0,0.0,-0.15,0.0,-0.73304,-0.58496,-0.50477,0.21002517333333337,0.0,0.0,-0.3873175703703704,0.0,0.0,0.17,0.0,0.0,0.52333,0.0,0.0,-0.16644423876174716,-0.004089388445968582,-0.7400559503423636,-0.5878709895413653,-0.5053162596063356,-0.03869473327207891,-0.004885443817221615,-0.0005249174167415397,-0.1598961303197793,-0.0070538278541850815,-0.000392483157924532,0.17275508439590534,-4.924363479945679e-05,-1.4275842878754476e-05,0.528514944947516,0.0001722884677218832,5.222504709769178e-05
234,True,2.349999999999963,0.0,True,True,0.0,False,,-0.15,0.0,-0.73304,-0.58496,-0.50477,0.21236,0.0,0.0,-0.38880000000000003,0.0,0.0,0.17,0.0,0.0,0.52333,0.0,0.0,-0.15,0.0,-0.73304,-0.58496,-0.50477,0.21236,0.0,0.0,-0.38880000000000003,0.0,0.0,0.17,0.0,0.0,0.52333,0.0,0.0,-0.16644181924999799,-0.0040895701826700204,-0.7400561182585285,-0.5878711356464749,-0.5053163740567628,-0.03809539373010546,-0.004950594232668132,-0.0005475365295148581,-0.15933017334773455,-0.007132558709677831,-0.00039902711957859826,0.17275530089889138,-4.9260564994360826e-05,-1.428397172328493e-05,0.528515137403195,0.0001723159673436115,5.223193322952604e-05
235,True,2.3599999999999617,0.0,True,True,0.0,False,,-0.15,0.0,-0.73304,-0.58496,-0.50477,0.21456042666666664,0.0,0.0,-0.3901970962962963,0.0,0.0,0.17,0.0,0.0,0.52333,0.0,0.0,-0.15,0.0,-0.73304,-0.58496,-0.50477,0.21456042666666664,0.0,0.0,-0.3901970962962963,0.0,0.0,0.17,0.0,0.0,0.52333,0.0,0.0,-0.16643940583824518,-0.0040897487428157644,-0.7400562830165701,-0.587871278991008,-0.5053164863040293,-0.03751536189984404,-0.005013886544524503,-0.0005699053652121611,-0.1587814014226946,-0.007207529587331919,-0.00040545658841109605,0.17275551372361525,-4.9277754590022285e-05,-1.4292072596500498e-05,0.5285153263890269,0.00017234260605260363,5.223857821168724e-05
236,True,2.3699999999999606,0.0,True,True,0.0,False,,-0.15,0.0,-0.73304,-0.58496,-0.50477,0.21662421333333337,0.0,0.0,-0.39150743703703705,0.0,0.0,0.17,0.0,0.0,0.52333,0.0,0.0,-0.15,0.0,-0.73304,-0.58496,-0.50477,0.21662421333333337,0.0,0.0,-0.39150743703703705,0.0,0.0,0.17,0.0,0.0,0.52333,0.0,0.0,-0.16643699882523572,-0.004089924183439729,-0.7400564446748553,-0.5878714196277843,-0.5053165963907432,-0.036954966389657354,-0.005075274878925632,-0.0005919915548297336,-0.15825015916424276,-0.007278678919325627,-0.00041176548882147735,0.17275572293224353,-4.9295194215055626e-05,-1.4300144974182851e-05,0.5285155119668411,0.0001723684023527367,5.22449874658791e-05
237,True,2.3799999999999595,0.0,True,True,0.0,False,,-0.15,0.0,-0.73304,-0.58496,-0.50477,0.21854912000000004,0.0,0.0,-0.3927296,0.0,0.0,0.17,0.0,0.0,0.52333,0.0,0.0,-0.15,0.0,-0.73304,-0.58496,-0.50477,0.21854912000000004,0.0,0.0,-0.3927296,0.0,0.0,0.17,0.0,0.0,0.52333,0.0,0.0,-0.1664345985166472,-0.0040900965603142886,-0.7400566032902164,-0.5878715576084222,-0.5053167043586486,-0.03641453524085767,-0.00513471324364741,-0.0006137664450344677,-0.15773678935081373,-0.00734594578824355,-0.0004179478600420541,0.17275592858583527,-4.931287546665114e-05,-1.4308188525586565e-05,0.5285156941972305,0.00017239337399117097,5.225116617823095e-05
238,True,2.3899999999999584,0.0,True,True,0.0,False,,-0.15,0.0,-0.73304,-0.58496,-0.50477,0.2203329066666666,0.0,0.0,-0.393862162962963,0.0,0.0,0.17,0.0,0.0,0.52333,0.0,0.0,-0.15,0.0,-0.73304,-0.58496,-0.50477,0.2203329066666666,0.0,0.0,-0.393862162962963,0.0,0.0,0.17,0.0,0.0,0.52333,0.0,0.0,-0.16643220522437202,-0.004090265928042738,-0.7400567589181268,-0.5878716929834203,-0.5053168102486535,-0.03589439603835169,-0.005192155539089987,-0.0006352043736426016,-0.15724163296301064,-0.007409269833264474,-0.0004239978509284018,0.1727561307443798,-4.933079064636545e-05,-1.4316203053084187e-05,0.5285158731396182,0.00017241753810248077,5.225711934516785e-05
239,True,2.3999999999999573,0.0,True,True,0.0,False,,-0.15,0.0,-0.73304,-0.58496,-0.50477,0.22197333333333336,0.0,0.0,-0.39490370370370376,0.0,0.0,0.17,0.0,0.0,0.52333,0.0,0.0,-0.15,0.0,-0.73304,-0.58496,-0.50477,0.22197333333333336,0.0,0.0,-0.39490370370370376,0.0,0.0,0.17,0.0,0.0,0.52333,0.0,0.0,-0.1664298192660392,-0.004090432340122523,-0.7400569116128162,-0.5878718258022136,-0.505316914100854,-0.035394876830524946,-0.00524755564798547,-0.0006562821519405208,-0.15676503008479623,-0.007468591199870661,-0.0004299097126134103,0.17275632946682656,-4.9348932596508254e-05,-1.4324188455029467e-05,0.5285160488523066,0.0001724409112997626,5.2262851802369574e-05
240,True,2.409999999999956,0.0,True,True,0.0,False,,-0.15,0.0,-0.73304,-0.58496,-0.50477,0.22346816000000003,0.0,0.0,-0.39585280000000006,0.0,0.0,0.17,0.0,0.0,0.52333,0.0,0.0,-0.15,0.0,-0.73304,-0.58496,-0.50477,0.22346816000000003,0.0,0.0,-0.39585280000000006,0.0,0.0,0.17,0.0,0.0,0.52333,0.0,0.0,-0.16642744096468343,-0.004090595848993486,-0.7400570614273528,-0.587871956113218,-0.505317015954555,-0.03491630697108674,-0.0053008675120486265,-0.0006769786520487461,-0.1563073207133357,-0.00752385050192707,-0.00043567779201926797,0.17275652481111062,-4.936729458818015e-05,-1.4332144700505641e-05,0.5285162213925154,0.00017246350973836513,5.2268368245012156e-05
241,True,2.419999999999955,0.0,True,True,0.0,False,,-0.15,0.0,-0.73304,-0.58496,-0.50477,0.22481514666666658,0.0,0.0,-0.39670802962962964,0.0,0.0,0.17,0.0,0.0,0.52333,0.0,0.0,-0.15,0.0,-0.73304,-0.58496,-0.50477,0.22481514666666658,0.0,0.0,-0.39670802962962964,0.0,0.0,0.17,0.0,0.0,0.52333,0.0,0.0,-0.16642507064895573,-0.004090756506027221,-0.740057208413604,-0.5878720839638247,-0.5053171158482801,-0.034459016624328785,-0.005352045014844656,-0.0006972743575427144,-0.1558688440893818,-0.007574988704322511,-0.00044129653036000156,0.17275671683416152,-4.9385870413663355e-05,-1.434007185106616e-05,0.528516390816382,0.00017248534907187657,5.22736732137306e-05
242,True,2.429999999999954,0.0,True,True,0.0,False,,-0.15,0.0,-0.73304,-0.58496,-0.50477,0.2260120533333333,0.0,0.0,-0.39746797037037035,0.0,0.0,0.17,0.0,0.0,0.52333,0.0,0.0,-0.15,0.0,-0.73304,-0.58496,-0.50477,0.2260120533333333,0.0,0.0,-0.39746797037037035,0.0,0.0,0.17,0.0,0.0,0.52333,0.0,0.0,-0.16642270865296888,-0.004090914361554268,-0.7400573526222747,-0.5878722094004275,-0.5053172138197882,-0.03402333706713189,-0.005401041938628988,-0.0007171510513609076,-0.15544993888239828,-0.007621947033504288,-0.0004467604591031389,0.17275690559192294,-4.940465434659067e-05,-1.434797005196991e-05,0.5285165571789867,0.00017250644447750271,5.227877110269645e-05
243,True,2.439999999999953,0.0,True,True,0.0,False,,-0.15,0.0,-0.73304,-0.58496,-0.50477,0.22705663999999992,0.0,0.0,-0.3981312,0.0,0.0,0.17,0.0,0.0,0.52333,0.0,0.0,-0.15,0.0,-0.73304,-0.58496,-0.50477,0.22705663999999992,0.0,0.0,-0.3981312,0.0,0.0,0.17,0.0,0.0,0.52333,0.0,0.0,-0.16642035531570848,-0.004091069464941826,-0.7400574941030537,-0.5878723324684896,-0.5053173099060985,-0.0336096016233414,-0.005447812056239104,-0.0007365916327455422,-0.1550509441326217,-0.007664666988036036,-0.00045206419421802736,0.1727570911393853,-4.942364092506842e-05,-1.4355839482741596e-05,0.5285167205344088,0.00017252681077461755,5.228366619731322e-05
244,True,2.4499999999999518,0.0,True,True,0.0,False,,-0.15,0.0,-0.73304,-0.58496,-0.50477,0.22794666666666663,0.0,0.0,-0.3986962962962963,0.0,0.0,0.17,0.0,0.0,0.52333,0.0,0.0,-0.15,0.0,-0.73304,-0.58496,-0.50477,0.22794666666666663,0.0,0.0,-0.3986962962962963,0.0,0.0,0.17,0.0,0.0,0.52333,0.0,0.0,-0.16641801098080816,-0.004091221864631843,-0.7400576329046766,-0.5878724532125799,-0.5053174041435086,-0.03321814636484159,-0.005492309199034337,-0.0007555799594363764,-0.15467219993439582,-0.007703090351721142,-0.00045720243144580034,0.17275727353060766,-4.94428248715857e-05,-1.4363680339272907e-05,0.5285168809357585,0.000172546462471282,5.22883626889541e-05
245,True,2.4599999999999507,0.0,True,True,0.0,False,,-0.15,0.0,-0.73304,-0.58496,-0.50477,0.22867989333333327,0.0,0.0,-0.39916183703703706,0.0,0.0,0.17,0.0,0.0,0.52333,0.0,0.0,-0.15,0.0,-0.73304,-0.58496,-0.50477,0.22867989333333327,0.0,0.0,-0.39916183703703706,0.0,0.0,0.17,0.0,0.0,0.52333,0.0,0.0,-0.16641567599703053,-0.004091371608099872,-0.740057769074823,-0.5878725716763415,-0.505317496567598,-0.03284930990614007,-0.005534487135431872,-0.0007741006270732526,-0.1543140470374112,-0.0077371590906757486,-0.0004621699445050416,0.17275745281871785,-4.946220128824685e-05,-1.4371492879211173e-05,0.5285170384351575,0.0001725654136656523,5.229286464354544e-05
246,True,2.4699999999999496,0.0,True,True,0.0,False,,-0.15,0.0,-0.73304,-0.58496,-0.50477,0.22925407999999992,0.0,0.0,-0.3995264,0.0,0.0,0.17,0.0,0.0,0.52333,0.0,0.0,-0.15,0.0,-0.73304,-0.58496,-0.50477,0.22925407999999992,0.0,0.0,-0.3995264,0.0,0.0,0.17,0.0,0.0,0.52333,0.0,0.0,-0.16641335071804259,-0.004091518741892477,-0.7400579026601769,-0.5878726879025267,-0.5053175872132462,-0.032503433417041705,-0.0055742995127330925,-0.0007921388047920675,-0.1539768267479948,-0.007766815304204742,-0.0004669615828821191,0.17275762905593384,-4.948176557813735e-05,-1.4379277404241478e-05,0.528517193083769,0.0001725836780913486,5.229717601600047e-05
247,True,2.4799999999999485,0.0,True,True,0.0,False,,-0.15,0.0,-0.73304,-0.58496,-0.50477,0.22966698666666674,0.0,0.0,-0.399788562962963,0.0,0.0,0.17,0.0,0.0,0.52333,0.0,0.0,-0.15,0.0,-0.73304,-0.58496,-0.50477,0.22966698666666674,0.0,0.0,-0.399788562962963,0.0,0.0,0.17,0.0,0.0,0.52333,0.0,0.0,-0.16641103550176958,-0.004091663311711346,-0.7400580337065886,-0.5878728019330695,-0.5053176761146572,-0.03218086189046606,-0.005611700006799646,-0.0008096802186833472,-0.15366088225157576,-0.007792001297414418,-0.0004715722655628352,0.17275780229359736,-4.950151320265701e-05,-1.4387034204723805e-05,0.5285173449318585,0.00017260126924922611,5.230130069210022e-05
248,True,2.4899999999999474,0.0,True,True,0.0,False,,-0.15,0.0,-0.73304,-0.58496,-0.50477,0.22991637333333326,0.0,0.0,-0.3999469037037037,0.0,0.0,0.17,0.0,0.0,0.52333,0.0,0.0,-0.15,0.0,-0.73304,-0.58496,-0.50477,0.22991637333333326,0.0,0.0,-0.3999469037037037,0.0,0.0,0.17,0.0,0.0,0.52333,0.0,0.0,-0.1664087307109352,-0.004091805362366629,-0.7400581622589602,-0.5878729138090503,-0.5053177633053624,-0.03188194414794233,-0.005646642233118764,-0.0008267110240643606,-0.1533665584412369,-0.007812659512333606,-0.0004759969788072856,0.17275797258217213,-4.952143989307412e-05,-1.4394763608873827e-05,0.5285174940287708,0.000172618200300004,5.230524245425452e-05
249,True,2.4999999999999463,0.0,True,True,0.0,False,,-0.15,0.0,-0.73304,-0.58496,-0.50477,0.22999999999999998,0.0,0.0,-0.4,0.0,0.0,0.17,0.0,0.0,0.52333,0.0,0.0,-0.15,0.0,-0.73304,-0.58496,-0.50477,0.22999999999999998,0.0,0.0,-0.4,0.0,0.0,0.17,0.0,0.0,0.52333,0.0,0.0,-0.16640643671281788,-0.0040919449378165286,-0.7400582883613123,-0.5878730235707318,-0.5053178488182373,-0.03160703315430207,-0.005679079730842337,-0.0008432177244821252,-0.15309420214210565,-0.00782873251350161,-0.00048023077320800576,0.17275813997126513,-4.954154156180827e-05,-1.4402465962720447e-05,0.5285176404229606,0.00017263448411468802,5.2309004997534386e-05
250,True,2.509999999999945,0.0,True,True,0.0,False,,-0.15,0.0,-0.73304,-0.58496,-0.50477,0.22999999999999998,0.0,0.0,-0.4,0.0,0.0,0.17,0.0,0.0,0.52333,0.0,0.0,-0.15,0.0,-0.73304,-0.58496,-0.50477,0.22999999999999998,0.0,0.0,-0.4,0.0,0.0,0.17,0.0,0.0,0.52333,0.0,0.0,-0.1664041490411507,-0.004092082636831107,-0.7400584132248783,-0.5878731317209197,-0.5053179327825978,-0.031355924009925554,-0.005709643072428122,-0.0008592626753835096,-0.15284379788227676,-0.007841013551999749,-0.0004842688769788057,0.1727583046612988,-4.955987960740519e-05,-1.4409696700530902e-05,0.528517784518435,0.00017265115173954116,5.2312915931166093e-05
251,True,2.519999999999944,0.0,True,True,0.0,False,,-0.15,0.0,-0.73304,-0.58496,-0.50477,0.22999999999999998,0.0,0.0,-0.4,0.0,0.0,0.17,0.0,0.0,0.52333,0.0,0.0,-0.15,0.0,-0.73304,-0.58496,-0.50477,0.22999999999999998,0.0,0.0,-0.4,0.0,0.0,0.17,0.0,0.0,0.52333,0.0,0.0,-0.16640186222410844,-0.004092219173726318,-0.7400585383068119,-0.5878732388579052,-0.5053180153471258,-0.031127399476054734,-0.005739753766992877,-0.000874986375619124,-0.15261462238290083,-0.007851307446797151,-0.000488108752847837,0.17275846688376104,-4.957410537778282e-05,-1.4415918194947275e-05,0.5285179267938889,0.00017266945111872606,5.2317371295481435e-05
252,True,2.529999999999943,0.0,True,True,0.0,False,,-0.15,0.0,-0.73304,-0.58496,-0.50477,0.22999999999999998,0.0,0.0,-0.4,0.0,0.0,0.17,0.0,0.0,0.52333,0.0,0.0,-0.15,0.0,-0.73304,-0.58496,-0.50477,0.22999999999999998,0.0,0.0,-0.4,0.0,0.0,0.17,0.0,0.0,0.52333,0.0,0.0,-0.16639957888593673,-0.004092354314503411,-0.7400586630707535,-0.5878733447886075,-0.5053180964942198,-0.03091969572084652,-0.005770031090213208,-0.0008903951615713742,-0.15240543993268402,-0.00786048194414227,-0.000491755109780648,0.1727586266107266,-4.958517223888869e-05,-1.4421352417709603e-05,0.5285180671190829,0.00017268889109404092,5.2322213768340396e-05
253,True,2.539999999999942,0.0,True,True,0.0,False,,-0.15,0.0,-0.73304,-0.58496,-0.50477,0.22999999999999998,0.0,0.0,-0.4,0.0,0.0,0.17,0.0,0.0,0.52333,0.0,0.0,-0.15,0.0,-0.73304,-0.58496,-0.50477,0.22999999999999998,0.0,0.0,-0.4,0.0,0.0,0.17,0.0,0.0,0.52333,0.0,0.0,-0.1663973024179201,-0.00409248771650712,-0.7400587867503093,-0.5878734492295804,-0.5053181761870422,-0.03073095960913359,-0.005800639220419015,-0.0009054361974810654,-0.1522148239530638,-0.00786887850757195,-0.0004952157980308363,0.1727587837839209,-4.9594415644560816e-05,-1.4426308241186772e-05,0.5285182052927555,0.00017270877764166088,5.232722192632455e-05
254,True,2.5499999999999408,0.0,True,True,0.0,False,,-0.15,0.0,-0.73304,-0.58496,-0.50477,0.22999999999999998,0.0,0.0,-0.4,0.0,0.0,0.17,0.0,0.0,0.52333,0.0,0.0,-0.15,0.0,-0.73304,-0.58496,-0.50477,0.22999999999999998,0.0,0.0,-0.4,0.0,0.0,0.17,0.0,0.0,0.52333,0.0,0.0,-0.16639503505572079,-0.004092619161251547,-0.7400589088401929,-0.5878735520012114,-0.5053182544101462,-0.030559428072829478,-0.005831563178608504,-0.0009200482453108233,-0.15204130881347505,-0.007876631751587584,-0.0004984996865904027,0.17275893837832643,-4.960273782335389e-05,-1.4430994333313358e-05,0.5285183411926563,0.00017272864422044018,5.2332246970906263e-05
255,True,2.5599999999999397,0.0,True,True,0.0,False,,-0.15,0.0,-0.73304,-0.58496,-0.50477,0.22999999999999998,0.0,0.0,-0.4,0.0,0.0,0.17,0.0,0.0,0.52333,0.0,0.0,-0.15,0.0,-0.73304,-0.58496,-0.50477,0.22999999999999998,0.0,0.0,-0.4,0.0,0.0,0.17,0.0,0.0,0.52333,0.0,0.0,-0.16639277802848262,-0.00409274854418057,-0.7400590290756981,-0.5878736530190566,-0.5053183311676087,-0.030403486801023446,-0.005862722460328231,-0.0009341804865278409,-0.15188346315791987,-0.007883795914068228,-0.0005016158305546981,0.17275909039943918,-4.9610640848125035e-05,-1.4435527145022372e-05,0.528518474769394,0.0001727482350149539,5.233720722386761e-05
256,True,2.5699999999999386,0.0,True,True,0.0,False,,-0.15,0.0,-0.73304,-0.58496,-0.50477,0.22999999999999998,0.0,0.0,-0.4,0.0,0.0,0.17,0.0,0.0,0.52333,0.0,0.0,-0.15,0.0,-0.73304,-0.58496,-0.50477,0.22999999999999998,0.0,0.0,-0.4,0.0,0.0,0.17,0.0,0.0,0.52333,0.0,0.0,-0.16639053195898068,-0.0040928758308829425,-0.740059147340872,-0.5878737522572209,-0.5053184064753441,-0.030261678155100908,-0.005894017473499238,-0.0009477974833204354,-0.15173992664663494,-0.007890394799860473,-0.000504573118987026,0.17275923987134242,-4.961837860951793e-05,-1.4439966025994194e-05,0.5285186060184555,0.000172767425069069,5.234206264416475e-05
257,True,2.5799999999999375,0.0,True,True,0.0,False,,-0.15,0.0,-0.73304,-0.58496,-0.50477,0.22999999999999998,0.0,0.0,-0.4,0.0,0.0,0.17,0.0,0.0,0.52333,0.0,0.0,-0.15,0.0,-0.73304,-0.58496,-0.50477,0.22999999999999998,0.0,0.0,-0.4,0.0,0.0,0.17,0.0,0.0,0.52333,0.0,0.0,-0.1663882971504666,-0.004093001024275553,-0.7400592635994254,-0.5878738497209242,-0.5053184803553609,-0.030132690306337775,-0.005925348185215122,-0.0009608785715685643,-0.15160942780062722,-0.007896441379780876,-0.0005073801137664482,0.17275938682776149,-4.96260714294313e-05,-1.4444339626942698e-05,0.5285187349591293,0.0001727861598805983,5.2346795591218194e-05
258,True,2.5899999999999364,0.0,True,True,0.0,False,,-0.15,0.0,-0.73304,-0.58496,-0.50477,0.22999999999999998,0.0,0.0,-0.4,0.0,0.0,0.17,0.0,0.0,0.52333,0.0,0.0,-0.15,0.0,-0.73304,-0.58496,-0.50477,0.22999999999999998,0.0,0.0,-0.4,0.0,0.0,0.17,0.0,0.0,0.52333,0.0,0.0,-0.16638607374889872,-0.004093124145541644,-0.740059377854499,-0.5878739454305681,-0.5053185528324337,-0.030015341428180624,-0.005956621281771482,-0.0009734153921260406,-0.15149079108865446,-0.007901945373576578,-0.0005100449738884688,0.17275953130686866,-4.963377291589838e-05,-1.444866127361181e-05,0.5285188616222275,0.00017280442010216197,5.2351399595714354e-05
259,True,2.5999999999999353,0.0,True,True,0.0,False,,-0.15,0.0,-0.73304,-0.58496,-0.50477,0.22999999999999998,0.0,0.0,-0.4,0.0,0.0,0.17,0.0,0.0,0.52333,0.0,0.0,-0.15,0.0,-0.73304,-0.58496,-0.50477,0.22999999999999998,0.0,0.0,-0.4,0.0,0.0,0.17,0.0,0.0,0.52333,0.0,0.0,-0.16638386182576143,-0.004093245224188353,-0.7400594901276297,-0.5878740394134288,-0.5053186239323737,-0.029908564312356105,-0.005987752586904374,-0.0009854091282086362,-0.15138293755778834,-0.007906916090538762,-0.0005125754237694191,0.17275967334857642,-4.964150496924872e-05,-1.4452937006081207e-05,0.5285189860436662,0.00017282220303061052,5.235587347604083e-05
260,True,2.609999999999934,0.0,True,True,0.0,False,,-0.15,0.0,-0.73304,-0.58496,-0.50477,0.22999999999999998,0.0,0.0,-0.4,0.0,0.0,0.17,0.0,0.0,0.52333,0.0,0.0,-0.15,0.0,-0.73304,-0.58496,-0.50477,0.22999999999999998,0.0,0.0,-0.4,0.0,0.0,0.17,0.0,0.0,0.52333,0.0,0.0,-0.1663816614180051,-0.0040933642931604616,-0.7400596004483875,-0.5878741316995719,-0.505318693681184,-0.029811393037463177,-0.006018667532229843,-0.0009968680378178382,-0.151284881610554,-0.007911363411766969,-0.0005149787466636802,0.172759812993211,-4.9649275057855255e-05,-1.4457169541730756e-05,0.5285191082613063,0.0001728395134605257,5.236021843317447e-05
261,True,2.619999999999933,0.0,True,True,0.0,False,,-0.15,0.0,-0.73304,-0.58496,-0.50477,0.22999999999999998,0.0,0.0,-0.4,0.0,0.0,0.17,0.0,0.0,0.52333,0.0,0.0,-0.15,0.0,-0.73304,-0.58496,-0.50477,0.22999999999999998,0.0,0.0,-0.4,0.0,0.0,0.17,0.0,0.0,0.52333,0.0,0.0,-0.16637947253898475,-0.004093481387416525,-0.740059708851324,-0.5878742223206639,-0.5053187621048181,-0.029722952112718755,-0.006049298530402742,-0.0010078221052099185,-0.1511957259726242,-0.007915298267641547,-0.0005172619397790253,0.17275995028113167,-4.9657081344931214e-05,-1.4461359447394452e-05,0.5285192283140272,0.00017285636095601647,5.236443718599414e-05
262,True,2.629999999999932,0.0,True,True,0.0,False,,-0.15,0.0,-0.73304,-0.58496,-0.50477,0.22999999999999998,0.0,0.0,-0.4,0.0,0.0,0.17,0.0,0.0,0.52333,0.0,0.0,-0.15,0.0,-0.73304,-0.58496,-0.50477,0.22999999999999998,0.0,0.0,-0.4,0.0,0.0,0.17,0.0,0.0,0.52333,0.0,0.0,-0.16637729514420227,-0.004093596547841181,-0.7400598153841674,-0.5878743113132316,-0.505318829229872,-0.029642449585297246,-0.006079565399684913,-0.001018458640766121,-0.15111465813901015,-0.007918734440557167,-0.0005194329424639206,0.1727600852538069,-4.966489915659175e-05,-1.446550202739806e-05,0.5285193462442351,0.00017287276696410404,5.236853623433351e-05
263,True,2.639999999999931,0.0,True,True,0.0,False,,-0.15,0.0,-0.73304,-0.58496,-0.50477,0.22999999999999998,0.0,0.0,-0.4,0.0,0.0,0.17,0.0,0.0,0.52333,0.0,0.0,-0.15,0.0,-0.73304,-0.58496,-0.50477,0.22999999999999998,0.0,0.0,-0.4,0.0,0.0,0.17,0.0,0.0,0.52333,0.0,0.0,-0.16637512923824938,-0.004093709808701809,-0.7400599200814344,-0.5878743987081991,-0.5053188950813982,-0.02956916579062628,-0.006109400591029867,-0.0010289364761231997,-0.15104093985566094,-0.007921686276491265,-0.0005214990292194931,0.1727602179503994,-4.9672724719624e-05,-1.4469597385980738e-05,0.5285194620898195,0.00017288874178676187,5.2372518531500065e-05
264,True,2.6499999999999297,0.0,True,True,0.0,False,,-0.15,0.0,-0.73304,-0.58496,-0.50477,0.22999999999999998,0.0,0.0,-0.4,0.0,0.0,0.17,0.0,0.0,0.52333,0.0,0.0,-0.15,0.0,-0.73304,-0.58496,-0.50477,0.22999999999999998,0.0,0.0,-0.4,0.0,0.0,0.17,0.0,0.0,0.52333,0.0,0.0,-0.16637297485602273,-0.004093821199711332,-0.7400600229687162,-0.5878744845326166,-0.5053189596832773,-0.029502445103308537,-0.0061387582848995694,-0.0010393151734382317,-0.15097389897229652,-0.007924167641159214,-0.000523466206295247,0.1727603484083357,-4.968056811289757e-05,-1.447364879026856e-05,0.5285195758854647,0.00017290428827064987,5.2376384665488266e-05
265,True,2.6599999999999286,0.0,True,True,0.0,False,,-0.15,0.0,-0.73304,-0.58496,-0.50477,0.22999999999999998,0.0,0.0,-0.4,0.0,0.0,0.17,0.0,0.0,0.52333,0.0,0.0,-0.15,0.0,-0.73304,-0.58496,-0.50477,0.22999999999999998,0.0,0.0,-0.4,0.0,0.0,0.17,0.0,0.0,0.52333,0.0,0.0,-0.16637083202360572,-0.004093930750665923,-0.7400601240724207,-0.5878745688135324,-0.5053190230590375,-0.029441690956784495,-0.006167605093440638,-0.0010496148316961648,-0.15091292447398127,-0.007926192462083379,-0.0005253397681886043,0.17276047666457986,-4.968843714112376e-05,-1.4477658960720483e-05,0.5285196876656324,0.00017291941030271225,5.2380135562201035e-05
266,True,2.6699999999999275,0.0,True,True,0.0,False,,-0.15,0.0,-0.73304,-0.58496,-0.50477,0.22999999999999998,0.0,0.0,-0.4,0.0,0.0,0.17,0.0,0.0,0.52333,0.0,0.0,-0.15,0.0,-0.73304,-0.58496,-0.50477,0.22999999999999998,0.0,0.0,-0.4,0.0,0.0,0.17,0.0,0.0,0.52333,0.0,0.0,-0.16636870075553503,-0.004094038491848045,-0.7400602234206191,-0.5878746515783306,-0.5053190852319304,-0.029386360902564523,-0.006195915745149067,-0.0010598404402171766,-0.15085746130059544,-0.00792777485671362,-0.0005271245431002717,0.1727606027557519,-4.969633593868808e-05,-1.448162975397008e-05,0.5285197974648285,0.00017293411355498854,5.2383772720714255e-05
267,True,2.6799999999999264,0.0,True,True,0.0,False,,-0.15,0.0,-0.73304,-0.58496,-0.50477,0.22999999999999998,0.0,0.0,-0.4,0.0,0.0,0.17,0.0,0.0,0.52333,0.0,0.0,-0.15,0.0,-0.73304,-0.58496,-0.50477,0.22999999999999998,0.0,0.0,-0.4,0.0,0.0,0.17,0.0,0.0,0.52333,0.0,0.0,-0.16636658105830932,-0.00409414445365665,-0.7400603210422604,-0.5878747328544229,-0.5053191462248732,-0.029335961896911518,-0.006223670978909784,-0.0010699913657210187,-0.15080700534737929,-0.007928929113684343,-0.00052882500431154,0.17276072671803488,-4.97042662837048e-05,-1.4485562467267484e-05,0.5285199053173718,0.00017294840479781145,5.2387297993865666e-05
268,True,2.6899999999999253,0.0,True,True,0.0,False,,-0.15,0.0,-0.73304,-0.58496,-0.50477,0.22999999999999998,0.0,0.0,-0.4,0.0,0.0,0.17,0.0,0.0,0.52333,0.0,0.0,-0.15,0.0,-0.73304,-0.58496,-0.50477,0.22999999999999998,0.0,0.0,-0.4,0.0,0.0,0.17,0.0,0.0,0.52333,0.0,0.0,-0.16636447293332982,-0.004094248666280936,-0.740060416966474,-0.5878748126689782,-0.5053192060603992,-0.029290045903174716,-0.006250856370245381,-0.001080065035699374,-0.15076109881303068,-0.007929669632034042,-0.0005304453271274079,0.17276084858709367,-4.971222877010149e-05,-1.4489458108910777e-05,0.5285200112571901,0.00017296229128513406,5.23907133924067e-05
269,True,2.6999999999999242,0.0,True,True,0.0,False,,-0.15,0.0,-0.73304,-0.58496,-0.50477,0.22999999999999998,0.0,0.0,-0.4,0.0,0.0,0.17,0.0,0.0,0.52333,0.0,0.0,-0.15,0.0,-0.73304,-0.58496,-0.50477,0.22999999999999998,0.0,0.0,-0.4,0.0,0.0,0.17,0.0,0.0,0.52333,0.0,0.0,-0.16636237637857804,-0.004094351159515385,-0.7400605112221689,-0.5878748910487697,-0.5053192647606315,-0.029248205834507674,-0.006277461568054187,-0.001090058356999088,-0.15071932593942444,-0.007930010853655117,-0.0005319894231282522,0.17276096839803184,-4.97202234896968e-05,-1.4493317555432098e-05,0.5285201153177048,0.00017297578039714585,5.239402097125614e-05
270,True,2.709999999999923,0.0,True,True,0.0,False,,-0.15,0.0,-0.73304,-0.58496,-0.50477,0.22999999999999998,0.0,0.0,-0.4,0.0,0.0,0.17,0.0,0.0,0.52333,0.0,0.0,-0.15,0.0,-0.73304,-0.58496,-0.50477,0.22999999999999998,0.0,0.0,-0.4,0.0,0.0,0.17,0.0,0.0,0.52333,0.0,0.0,-0.16636029138944677,-0.004094451962673973,-0.7400606038378408,-0.5878749680201044,-0.5053193223472752,-0.029210071833842725,-0.006303479727095896,-0.0010999682514922756,-0.1506813091359557,-0.007929967200014676,-0.0005334609644304444,0.17276108618537575,-4.9728250367662904e-05,-1.4497141628930379e-05,0.5285202175317797,0.00017298887946544725,5.239722277389278e-05
271,True,2.719999999999922,0.0,True,True,0.0,False,,-0.15,0.0,-0.73304,-0.58496,-0.50477,0.22999999999999998,0.0,0.0,-0.4,0.0,0.0,0.17,0.0,0.0,0.52333,0.0,0.0,-0.15,0.0,-0.73304,-0.58496,-0.50477,0.22999999999999998,0.0,0.0,-0.4,0.0,0.0,0.17,0.0,0.0,0.52333,0.0,0.0,-0.1663582179591251,-0.004094551104558312,-0.7400606948414942,-0.5878750436087994,-0.5053193788416179,-0.02917530787574204,-0.006328907046327865,-0.0011097918483797878,-0.15064670546241185,-0.00792955301601148,-0.0005348634030880839,0.17276120198307332,-4.973630930852015e-05,-1.4500931130835088e-05,0.5285203179317048,0.00017300159569819942,5.2400320808549146e-05
272,True,2.729999999999921,0.0,True,True,0.0,False,,-0.15,0.0,-0.73304,-0.58496,-0.50477,0.22999999999999998,0.0,0.0,-0.4,0.0,0.0,0.17,0.0,0.0,0.52333,0.0,0.0,-0.15,0.0,-0.73304,-0.58496,-0.50477,0.22999999999999998,0.0,0.0,-0.4,0.0,0.0,0.17,0.0,0.0,0.52333,0.0,0.0,-0.1663561560787738,-0.00409464861345173,-0.7400607842606182,-0.5878751178401772,-0.5053194342645361,-0.02914360866952944,-0.006353742374091997,-0.0011195265437320616,-0.15061520343906576,-0.007928782521212152,-0.0005361999877561518,0.1727613158244993,-4.974440025027168e-05,-1.4504686854578076e-05,0.5285204165491967,0.00017301393615380925,5.240331703982826e-05
273,True,2.73999999999992,0.0,True,True,0.0,False,,-0.15,0.0,-0.73304,-0.58496,-0.50477,0.22999999999999998,0.0,0.0,-0.4,0.0,0.0,0.17,0.0,0.0,0.52333,0.0,0.0,-0.15,0.0,-0.73304,-0.58496,-0.50477,0.22999999999999998,0.0,0.0,-0.4,0.0,0.0,0.17,0.0,0.0,0.52333,0.0,0.0,-0.16635410573761125,-0.004094744517124802,-0.7400608721221883,-0.5878751907390731,-0.5053194886365013,-0.029114696841238394,-0.006377986862026206,-0.0011291700094129837,-0.15058652015312304,-0.007927669767950268,-0.0005374737785317735,0.17276142774246417,-4.975252317754833e-05,-1.4508409588866776e-05,0.5285205134154058,0.0001730259077362869,5.2406213387200236e-05
274,True,2.7499999999999187,0.0,True,True,0.0,False,,-0.15,0.0,-0.73304,-0.58496,-0.50477,0.22999999999999998,0.0,0.0,-0.4,0.0,0.0,0.17,0.0,0.0,0.52333,0.0,0.0,-0.15,0.0,-0.73304,-0.58496,-0.50477,0.22999999999999998,0.0,0.0,-0.4,0.0,0.0,0.17,0.0,0.0,0.52333,0.0,0.0,-0.16635206692296423,-0.004094838842845446,-0.7400609584526775,-0.5878752623298443,-0.5053195419775888,-0.02908832037174124,-0.006401643658252232,-0.0011387201833689725,-0.15056039863307336,-0.007926228605608418,-0.0005386876604046147,0.17276153776922373,-4.9760678117969375e-05,-1.4512100117114161e-05,0.528520608560927,0.00017303751719947023,5.240901172630974e-05
275,True,2.7599999999999176,0.0,True,True,0.0,False,,-0.15,0.0,-0.73304,-0.58496,-0.50477,0.22999999999999998,0.0,0.0,-0.4,0.0,0.0,0.17,0.0,0.0,0.52333,0.0,0.0,-0.15,0.0,-0.73304,-0.58496,-0.50477,0.22999999999999998,0.0,0.0,-0.4,0.0,0.0,0.17,0.0,0.0,0.52333,0.0,0.0,-0.16635003962030742,-0.004094931617390525,-0.7400610432780698,-0.587875332636382,-0.5053195943074855,-0.029064250269159854,-0.006424717634106538,-0.001148175253680065,-0.1505366054653564,-0.007924472650416084,-0.0005398443555474886,0.172761645936489,-4.976886513254556e-05,-1.4515759215506505e-05,0.5285207020158111,0.00017304877115437904,5.241171389127358e-05
276,True,2.7699999999999165,0.0,True,True,0.0,False,,-0.15,0.0,-0.73304,-0.58496,-0.50477,0.22999999999999998,0.0,0.0,-0.4,0.0,0.0,0.17,0.0,0.0,0.52333,0.0,0.0,-0.15,0.0,-0.73304,-0.58496,-0.50477,0.22999999999999998,0.0,0.0,-0.4,0.0,0.0,0.17,0.0,0.0,0.52333,0.0,0.0,-0.16634802381330147,-0.004095022867057666,-0.7400611266238758,-0.587875401682122,-0.505319645645498,-0.02904227845486997,-0.0064472151403661354,-0.0011575336411272727,-0.15051492863046145,-0.007922415260152615,-0.000540946434592632,0.1727617522754364,-4.977708430470869e-05,-1.4519387650757712e-05,0.5285207938095766,0.0001730596760772656,5.24143216771965e-05
277,True,2.7799999999999154,0.0,True,True,0.0,False,,-0.15,0.0,-0.73304,-0.58496,-0.50477,0.22999999999999998,0.0,0.0,-0.4,0.0,0.0,0.17,0.0,0.0,0.52333,0.0,0.0,-0.15,0.0,-0.73304,-0.58496,-0.50477,0.22999999999999998,0.0,0.0,-0.4,0.0,0.0,0.17,0.0,0.0,0.52333,0.0,0.0,-0.1663460194838321,-0.0040951126176767905,-0.7400612085151478,-0.5878754694900562,-0.5053196960105607,-0.02902221584385697,-0.006469143789768071,-0.0011667939820524625,-0.15049517553797323,-0.007920069513206125,-0.0005419963269997411,0.1727618568167173,-4.9785335729781356e-05,-1.4522986177964243e-05,0.52852088397122,0.00017307023831739736,5.241683684260013e-05
278,True,2.7899999999999143,0.0,True,True,0.0,False,,-0.15,0.0,-0.73304,-0.58496,-0.50477,0.22999999999999998,0.0,0.0,-0.4,0.0,0.0,0.17,0.0,0.0,0.52333,0.0,0.0,-0.15,0.0,-0.73304,-0.58496,-0.50477,0.22999999999999998,0.0,0.0,-0.4,0.0,0.0,0.17,0.0,0.0,0.52333,0.0,0.0,-0.16634402661205258,-0.004095200894621175,-0.7400612889764924,-0.5878755360827432,-0.5053197454212426,-0.029003890601700673,-0.006490512263112678,-0.0011759551121308543,-0.15047717124214577,-0.00791744819149603,-0.0005429963306015424,0.1727619595904679,-4.97936195055224e-05,-1.4526555538705153e-05,0.5285209725292279,0.0001730804641042332,5.241926111165791e-05
279,True,2.7999999999999132,0.0,True,True,0.0,False,,-0.15,0.0,-0.73304,-0.58496,-0.50477,0.22999999999999998,0.0,0.0,-0.4,0.0,0.0,0.17,0.0,0.0,0.52333,0.0,0.0,-0.15,0.0,-0.73304,-0.58496,-0.50477,0.22999999999999998,0.0,0.0,-0.4,0.0,0.0,0.17,0.0,0.0,0.52333,0.0,0.0,-0.16634204517642817,-0.004095287722818019,-0.7400613680320843,-0.5878756014823185,-0.5053197938957559,-0.028987146561974923,-0.006511330136574767,-0.0011850160512311158,-0.15046075682138485,-0.007914563766817826,-0.000543948620400541,0.17276206062631816,-4.980193572390286e-05,-1.4530096459421923e-05,0.5285210595115867,0.00017309035955391047,5.2421596176210435e-05
280,True,2.809999999999912,0.0,True,True,0.0,False,,-0.15,0.0,-0.73304,-0.58496,-0.50477,0.22999999999999998,0.0,0.0,-0.4,0.0,0.0,0.17,0.0,0.0,0.52333,0.0,0.0,-0.15,0.0,-0.73304,-0.58496,-0.50477,0.22999999999999998,0.0,0.0,-0.4,0.0,0.0,0.17,0.0,0.0,0.52333,0.0,0.0,-0.1663400751537833,-0.004095373126758507,-0.7400614457056784,-0.587875665710504,-0.5053198414519624,-0.02897184178928458,-0.006531607728103868,-0.0011939759893703106,-0.15044578790658994,-0.00791142839021413,-0.0005448552566821332,0.1727621599534011,-4.9810284464083026e-05,-1.453360965007087e-05,0.5285211449457927,0.00017309993067505885,5.242384369756619e-05
281,True,2.819999999999911,0.0,True,True,0.0,False,,-0.15,0.0,-0.73304,-0.58496,-0.50477,0.22999999999999998,0.0,0.0,-0.4,0.0,0.0,0.17,0.0,0.0,0.52333,0.0,0.0,-0.15,0.0,-0.73304,-0.58496,-0.50477,0.22999999999999998,0.0,0.0,-0.4,0.0,0.0,0.17,0.0,0.0,0.52333,0.0,0.0,-0.1663381165193504,-0.00409545713050742,-0.7400615220206207,-0.5878757287886178,-0.505319888107381,-0.028957847274506614,-0.006551355961009591,-0.0012028342737109832,-0.15043213334470654,-0.007908053884016525,-0.0005457181925026708,0.17276225760036157,-4.9818665786496745e-05,-1.4537095803026248e-05,0.5285212288588624,0.0001731091833739906,5.242600530810403e-05
282,True,2.82999999999991,0.0,True,True,0.0,False,,-0.15,0.0,-0.73304,-0.58496,-0.50477,0.22999999999999998,0.0,0.0,-0.4,0.0,0.0,0.17,0.0,0.0,0.52333,0.0,0.0,-0.15,0.0,-0.73304,-0.58496,-0.50477,0.22999999999999998,0.0,0.0,-0.4,0.0,0.0,0.17,0.0,0.0,0.52333,0.0,0.0,-0.1663361692468203,-0.004095539757712312,-0.7400615969998586,-0.587875790737583,-0.5053199338791947,-0.028945045750036823,-0.0065705862430149925,-0.0012115903965292793,-0.15041967398509035,-0.00790445173623922,-0.0005465392806055122,0.17276235359536488,-4.982707972793375e-05,-1.454055559220874e-05,0.5285213112773415,0.00017311812345932622,5.2428082612696015e-05
283,True,2.839999999999909,0.0,True,True,0.0,False,,-0.15,0.0,-0.73304,-0.58496,-0.50477,0.22999999999999998,0.0,0.0,-0.4,0.0,0.0,0.17,0.0,0.0,0.52333,0.0,0.0,-0.15,0.0,-0.73304,-0.58496,-0.50477,0.22999999999999998,0.0,0.0,-0.4,0.0,0.0,0.17,0.0,0.0,0.52333,0.0,0.0,-0.16633423330839345,-0.004095621031612288,-0.7400616706659514,-0.587875851577936,-0.5053199787842566,-0.02893333061397425,-0.006589310359227308,-0.0012202439840803688,-0.15040830157741922,-0.007900633097038217,-0.000547320279813261,0.17276244796610513,-4.9835526297511383e-05,-1.4543989672414271e-05,0.5285213922273138,0.0001731267566461131,5.243007718996918e-05
284,True,2.8499999999999077,0.0,True,True,0.0,False,,-0.15,0.0,-0.73304,-0.58496,-0.50477,0.22999999999999998,0.0,0.0,-0.4,0.0,0.0,0.17,0.0,0.0,0.52333,0.0,0.0,-0.15,0.0,-0.73304,-0.58496,-0.50477,0.22999999999999998,0.0,0.0,-0.4,0.0,0.0,0.17,0.0,0.0,0.52333,0.0,0.0,-0.1663323086748385,-0.004095700975046427,-0.7400617430410793,-0.5878759113298351,-0.5053200228390976,-0.028922604736067784,-0.006607540353955635,-0.0012287947840409113,-0.1503979175275762,-0.007896608774398612,-0.0005480628617662478,0.17276254073981354,-4.984400547344436e-05,-1.4547398678823634e-05,0.5285214717344107,0.00017313508855948734,5.2431990593421405e-05
285,True,2.8599999999999066,0.0,True,True,0.0,False,,-0.15,0.0,-0.73304,-0.58496,-0.50477,0.22999999999999998,0.0,0.0,-0.4,0.0,0.0,0.17,0.0,0.0,0.52333,0.0,0.0,-0.15,0.0,-0.73304,-0.58496,-0.50477,0.22999999999999998,0.0,0.0,-0.4,0.0,0.0,0.17,0.0,0.0,0.52333,0.0,0.0,-0.16633039531040847,-0.004095779611382365,-0.7400618141489869,-0.5878759700138355,-0.5053200660600922,-0.02891265626875241,-0.006625276724861012,-0.0012372414568263676,-0.15038830069844086,-0.007892388665161421,-0.000548769131759239,0.17276263194351776,-4.985251399509234e-05,-1.4550782489956383e-05,0.5285215498244099,0.0001731431264252853,5.2433824889004905e-05
286,True,2.8699999999999055,0.0,True,True,0.0,False,,-0.15,0.0,-0.73304,-0.58496,-0.50477,0.22999999999999998,0.0,0.0,-0.4,0.0,0.0,0.17,0.0,0.0,0.52333,0.0,0.0,-0.15,0.0,-0.73304,-0.58496,-0.50477,0.22999999999999998,0.0,0.0,-0.4,0.0,0.0,0.17,0.0,0.0,0.52333,0.0,0.0,-0.16632849316723186,-0.004095856964894752,-0.7400618840157757,-0.5878760276512052,-0.5053201084635297,-0.028903129517886886,-0.006642508291760602,-0.0012455814054620218,-0.15037908752280538,-0.007887983015573117,-0.0005494418230390208,0.17276272160415101,-4.9861044059413564e-05,-1.4554139929867684e-05,0.5285216265234834,0.0001731508797609291,5.2435582874061275e-05
287,True,2.8799999999999044,0.0,True,True,0.0,False,,-0.15,0.0,-0.73304,-0.58496,-0.50477,0.22999999999999998,0.0,0.0,-0.4,0.0,0.0,0.17,0.0,0.0,0.52333,0.0,0.0,-0.15,0.0,-0.73304,-0.58496,-0.50477,0.22999999999999998,0.0,0.0,-0.4,0.0,0.0,0.17,0.0,0.0,0.52333,0.0,0.0,-0.16632660221548082,-0.004095933056560637,-0.7400619526610511,-0.5878760842604205,-0.5053201500648855,-0.02889385442590132,-0.0066592401689777,-0.0012538138027755185,-0.15037010803088302,-0.007883402164285003,-0.0005500828181953483,0.17276280974740987,-4.986959799958699e-05,-1.4557472142528468e-05,0.5285217018555011,0.0001731583526468491,5.243726561930432e-05
288,True,2.8899999999999033,0.0,True,True,0.0,False,,-0.15,0.0,-0.73304,-0.58496,-0.50477,0.22999999999999998,0.0,0.0,-0.4,0.0,0.0,0.17,0.0,0.0,0.52333,0.0,0.0,-0.15,0.0,-0.73304,-0.58496,-0.50477,0.22999999999999998,0.0,0.0,-0.4,0.0,0.0,0.17,0.0,0.0,0.52333,0.0,0.0,-0.1663247224270226,-0.004096007906560473,-0.7400620201031669,-0.5878761398592541,-0.5053201908792622,-0.028884763829692916,-0.006675485891970382,-0.001261938783193574,-0.15036129607359278,-0.007878656122251367,-0.0005506934899750756,0.17276289639844222,-4.987817961668215e-05,-1.4560780595721948e-05,0.5285217758436364,0.00017316554828751118,5.243887392108028e-05
289,True,2.899999999999902,0.0,True,True,0.0,False,,-0.15,0.0,-0.73304,-0.58496,-0.50477,0.22999999999999998,0.0,0.0,-0.4,0.0,0.0,0.17,0.0,0.0,0.52333,0.0,0.0,-0.15,0.0,-0.73304,-0.58496,-0.50477,0.22999999999999998,0.0,0.0,-0.4,0.0,0.0,0.17,0.0,0.0,0.52333,0.0,0.0,-0.1663228537697612,-0.004096081535132156,-0.7400620863610164,-0.5878761944654881,-0.5053202309215434,-0.02887583046296028,-0.006691261986427882,-0.0012699568707141328,-0.15035262527063625,-0.007873754594336556,-0.0005512749893320432,0.17276298158208594,-4.988679121648669e-05,-1.4564066400807e-05,0.5285218485109183,0.0001731724705764148,5.2440408798741426e-05
290,True,2.909999999999901,0.0,True,True,0.0,False,,-0.15,0.0,-0.73304,-0.58496,-0.50477,0.22999999999999998,0.0,0.0,-0.4,0.0,0.0,0.17,0.0,0.0,0.52333,0.0,0.0,-0.15,0.0,-0.73304,-0.58496,-0.50477,0.22999999999999998,0.0,0.0,-0.4,0.0,0.0,0.17,0.0,0.0,0.52333,0.0,0.0,-0.1663209962083618,-0.004096153962497325,-0.7400621514538744,-0.5878762480968539,-0.505320270206386,-0.02886704253837405,-0.006706585746310939,-0.0012778687582792275,-0.15034408447908215,-0.007868706942008993,-0.0005518283590616694,0.1727630653228541,-4.989543388178394e-05,-1.4567330376469152e-05,0.5285219198801893,0.0001731791239564656,5.2441871449762925e-05
291,True,2.9199999999999,0.0,True,True,0.0,False,,-0.15,0.0,-0.73304,-0.58496,-0.50477,0.22999999999999998,0.0,0.0,-0.4,0.0,0.0,0.17,0.0,0.0,0.52333,0.0,0.0,-0.15,0.0,-0.73304,-0.58496,-0.50477,0.22999999999999998,0.0,0.0,-0.4,0.0,0.0,0.17,0.0,0.0,0.52333,0.0,0.0,-0.1663191497053637,-0.004096225208710741,-0.7400622154010724,-0.5878763007709071,-0.5053203087481973,-0.028858394269175656,-0.006721474336207492,-0.0012856752218291824,-0.15033566841245768,-0.007863522155807852,-0.0005523545789224853,0.17276314764489928,-4.990410801845832e-05,-1.4570573174853322e-05,0.5285219899740109,0.0001731855131345323,5.2443263158741054e-05
292,True,2.929999999999899,0.0,True,True,0.0,False,,-0.15,0.0,-0.73304,-0.58496,-0.50477,0.22999999999999998,0.0,0.0,-0.4,0.0,0.0,0.17,0.0,0.0,0.52333,0.0,0.0,-0.15,0.0,-0.73304,-0.58496,-0.50477,0.22999999999999998,0.0,0.0,-0.4,0.0,0.0,0.17,0.0,0.0,0.52333,0.0,0.0,-0.16631731422183293,-0.004096295293569679,-0.7400622782218008,-0.5878763525049533,-0.5053203465611243,-0.028849882187842492,-0.006735944440115236,-0.0012933770860013409,-0.1503273740559067,-0.00785820884547059,-0.0005528545839657403,0.17276322857199397,-4.991281369450303e-05,-1.4573795359792952e-05,0.5285220588146095,0.0001731916429044207,5.2444585241007574e-05
293,True,2.939999999999898,0.0,True,True,0.0,False,,-0.15,0.0,-0.73304,-0.58496,-0.50477,0.22999999999999998,0.0,0.0,-0.4,0.0,0.0,0.17,0.0,0.0,0.52333,0.0,0.0,-0.15,0.0,-0.73304,-0.58496,-0.50477,0.22999999999999998,0.0,0.0,-0.4,0.0,0.0,0.17,0.0,0.0,0.52333,0.0,0.0,-0.16631548971767524,-0.004096364236573443,-0.7400623399350167,-0.5878764033160149,-0.5053203836590503,-0.028841503719041053,-0.006750012135344019,-0.0013009752096695504,-0.15031919929381335,-0.00785277524262026,-0.000553329272424706,0.1727633081275247,-4.992155080424134e-05,-1.457699744476585e-05,0.5285221264238524,0.0001731975180617804,5.244583901552495e-05
294,True,2.9499999999998967,0.0,True,True,0.0,False,,-0.15,0.0,-0.73304,-0.58496,-0.50477,0.22999999999999998,0.0,0.0,-0.4,0.0,0.0,0.17,0.0,0.0,0.52333,0.0,0.0,-0.15,0.0,-0.73304,-0.58496,-0.50477,0.22999999999999998,0.0,0.0,-0.4,0.0,0.0,0.17,0.0,0.0,0.52333,0.0,0.0,-0.16631367615178408,-0.004096432056909519,-0.7400624005594066,-0.58787645322082,-0.5053204200555965,-0.02883325663044619,-0.006763692858687461,-0.0013084704791394008,-0.15031114238059898,-0.007847229210475226,-0.0005537795095346647,0.17276338633449306,-4.993031913903187e-05,-1.4580179909337081e-05,0.5285221928232422,0.0001732031433683032,5.2447025793464486e-05
295,True,2.9599999999998956,0.0,True,True,0.0,False,,-0.15,0.0,-0.73304,-0.58496,-0.50477,0.22999999999999998,0.0,0.0,-0.4,0.0,0.0,0.17,0.0,0.0,0.52333,0.0,0.0,-0.15,0.0,-0.73304,-0.58496,-0.50477,0.22999999999999998,0.0,0.0,-0.4,0.0,0.0,0.17,0.0,0.0,0.52333,0.0,0.0,-0.16631187348212179,-0.004096498773451545,-0.7400624601133761,-0.5878765022358028,-0.5053204557641267,-0.028825138825118855,-0.006777001409886501,-0.0013158638043265552,-0.15030320173306846,-0.007841578256892452,-0.0005542061297504441,0.1727634632155204,-4.993911841611238e-05,-1.458334320598221e-05,0.5285222580339176,0.00017320852353801863,5.244814687380961e-05
296,True,2.9699999999998945,0.0,True,True,0.0,False,,-0.15,0.0,-0.73304,-0.58496,-0.50477,0.22999999999999998,0.0,0.0,-0.4,0.0,0.0,0.17,0.0,0.0,0.52333,0.0,0.0,-0.15,0.0,-0.73304,-0.58496,-0.50477,0.22999999999999998,0.0,0.0,-0.4,0.0,0.0,0.17,0.0,0.0,0.52333,0.0,0.0,-0.166310081665778,-0.004096564404761878,-0.7400625186150475,-0.5878765503771057,-0.5053204907977502,-0.02881714826595766,-0.006789951969639306,-0.0013231561161245933,-0.15029537584615013,-0.007835829548663173,-0.0005546099383116257,0.1727635387928531,-4.994794829077003e-05,-1.4586487763081104e-05,0.5285223220766586,0.000173213663232396,5.244920354175713e-05
297,True,2.9799999999998934,0.0,True,True,0.0,False,,-0.15,0.0,-0.73304,-0.58496,-0.50477,0.22999999999999998,0.0,0.0,-0.4,0.0,0.0,0.17,0.0,0.0,0.52333,0.0,0.0,-0.15,0.0,-0.73304,-0.58496,-0.50477,0.22999999999999998,0.0,0.0,-0.4,0.0,0.0,0.17,0.0,0.0,0.52333,0.0,0.0,-0.1663083006590207,-0.004096628969095762,-0.7400625760822624,-0.5878765976605839,-0.5053205251693282,-0.028809282950355578,-0.0068025581227774586,-0.0013303483642740164,-0.1502876632568256,-0.007829989925996553,-0.0005549917125209444,0.17276361308836868,-4.9956808362522774e-05,-1.458961398653525e-05,0.5285223849718919,0.00017321856705860208,5.245019706812079e-05
298,True,2.9899999999998923,0.0,True,True,0.0,False,,-0.15,0.0,-0.73304,-0.58496,-0.50477,0.22999999999999998,0.0,0.0,-0.4,0.0,0.0,0.17,0.0,0.0,0.52333,0.0,0.0,-0.15,0.0,-0.73304,-0.58496,-0.50477,0.22999999999999998,0.0,0.0,-0.4,0.0,0.0,0.17,0.0,0.0,0.52333,0.0,0.0,-0.16630653041734555,-0.004096692484405904,-0.7400626325325849,-0.58787664410181,-0.5053205588914771,-0.028801540903208828,-0.0068148328827785975,-0.001337441515469068,-0.15028006252757894,-0.007824065916692515,-0.0005553522028778852,0.1727636861235817,-4.996569817936987e-05,-1.4592722260938866e-05,0.5285224467396954,0.00017322323956876372,5.245112870905423e-05
299,True,2.999999999999891,0.0,True,True,0.0,False,,-0.15,0.0,-0.73304,-0.58496,-0.50477,0.22999999999999998,0.0,0.0,-0.4,0.0,0.0,0.17,0.0,0.0,0.52333,0.0,0.0,-0.15,0.0,-0.73304,-0.58496,-0.50477,0.22999999999999998,0.0,0.0,-0.4,0.0,0.0,0.17,0.0,0.0,0.52333,0.0,0.0,-0.1663047708955234,-0.004096754968347112,-0.7400626879833041,-0.587876689716079,-0.5053205919765734,-0.028793920176068605,-0.006826788716089352,-0.0013444365516024394,-0.1502725722382586,-0.00781806374979631,-0.0005556921341245438,0.17276375791964962,-4.997461724147487e-05,-1.4595812950616011e-05,0.5285225073998051,0.00017322768525950924,5.2451999705863085e-05
300,True,3.00999999999989,0.0,True,True,0.0,False,,-0.15,0.0,-0.73304,-0.58496,-0.50477,0.22999999999999998,0.0,0.0,-0.4,0.0,0.0,0.17,0.0,0.0,0.52333,0.0,0.0,-0.15,0.0,-0.73304,-0.58496,-0.50477,0.22999999999999998,0.0,0.0,-0.4,0.0,0.0,0.17,0.0,0.0,0.52333,0.0,0.0,-0.16630302204764685,-0.004096816438280873,-0.7400627424514387,-0.5878767345184126,-0.5053206244367586,-0.028786418847923705,-0.006838437565684295,-0.0013513344681104344,-0.15026519098188437,-0.00781198936866798,-0.0005560122062284465,0.1727638284973786,-4.998356500466147e-05,-1.459888640061051e-05,0.5285225669716198,0.00017323190857158581,5.2452811284841903e-05
301,True,3.019999999999889,0.0,True,True,0.0,False,,-0.15,0.0,-0.73304,-0.58496,-0.50477,0.22999999999999998,0.0,0.0,-0.4,0.0,0.0,0.17,0.0,0.0,0.52333,0.0,0.0,-0.15,0.0,-0.73304,-0.58496,-0.50477,0.22999999999999998,0.0,0.0,-0.4,0.0,0.0,0.17,0.0,0.0,0.52333,0.0,0.0,-0.16630128382717496,-0.004096876911279866,-0.7400627959537388,-0.5878767785235643,-0.5053206562839435,-0.028779035026081312,-0.006849790873674742,-0.0013581362724045542,-0.15025791736247676,-0.007805848443463085,-0.0005563130953144691,0.1727638978772291,-4.9992540883788033e-05,-1.4601942937643771e-05,0.5285226254742074,0.00017323591388951638,5.245356465712444e-05
302,True,3.029999999999888,0.0,True,True,0.0,False,,-0.15,0.0,-0.73304,-0.58496,-0.50477,0.22999999999999998,0.0,0.0,-0.4,0.0,0.0,0.17,0.0,0.0,0.52333,0.0,0.0,-0.15,0.0,-0.73304,-0.58496,-0.50477,0.22999999999999998,0.0,0.0,-0.4,0.0,0.0,0.17,0.0,0.0,0.52333,0.0,0.0,-0.16629955618697628,-0.004096936404132408,-0.7400628485066908,-0.5878768217460232,-0.5053206875298122,-0.028771766846729115,-0.0068608596029348014,-0.0013648429823838702,-0.15025074999399932,-0.007799646383046237,-0.0005565954545527801,0.17276396607932173,-5.0001544255990385e-05,-1.4604982871038146e-05,0.5285226829263093,0.00017323970554130187,5.245426101854912e-05
303,True,3.039999999999887,0.0,True,True,0.0,False,,-0.15,0.0,-0.73304,-0.58496,-0.50477,0.22999999999999998,0.0,0.0,-0.4,0.0,0.0,0.17,0.0,0.0,0.52333,0.0,0.0,-0.15,0.0,-0.73304,-0.58496,-0.50477,0.22999999999999998,0.0,0.0,-0.4,0.0,0.0,0.17,0.0,0.0,0.52333,0.0,0.0,-0.16629783907936999,-0.004096994933346844,-0.7400629001265191,-0.5878768642000186,-0.5053207181858265,-0.028764612475148475,-0.006871654257768964,-0.0013714556250252032,-0.15024368749993494,-0.007793388346366856,-0.0005568599150073703,0.17276403312344263,-5.001057446377573e-05,-1.4608006493601983e-05,0.5285227393463465,0.0001732432877981776,5.2454901549542536e-05
304,True,3.0499999999998857,0.0,True,True,0.0,False,,-0.15,0.0,-0.73304,-0.58496,-0.50477,0.22999999999999998,0.0,0.0,-0.4,0.0,0.0,0.17,0.0,0.0,0.52333,0.0,0.0,-0.15,0.0,-0.73304,-0.58496,-0.50477,0.22999999999999998,0.0,0.0,-0.4,0.0,0.0,0.17,0.0,0.0,0.52333,0.0,0.0,-0.1662961324561652,-0.004097052515155887,-0.7400629508291902,-0.587876905899525,-0.5053207482632303,-0.028757570105657455,-0.006882184903663587,-0.0013779752350487223,-0.15023672851322575,-0.007787079253327067,-0.0005571070864484607,0.17276409902904893,-5.001963081795987e-05,-1.4611014082474696e-05,0.5285227947524243,0.00017324666487442827,5.2455487415022384e-05
305,True,3.0599999999998846,0.0,True,True,0.0,False,,-0.15,0.0,-0.73304,-0.58496,-0.50477,0.22999999999999998,0.0,0.0,-0.4,0.0,0.0,0.17,0.0,0.0,0.52333,0.0,0.0,-0.15,0.0,-0.73304,-0.58496,-0.50477,0.22999999999999998,0.0,0.0,-0.4,0.0,0.0,0.17,0.0,0.0,0.52333,0.0,0.0,-0.1662944362507497,-0.004097109167559242,-0.7400630006346998,-0.5878769468599659,-0.5053207777734098,-0.028750637966387334,-0.006892465067180009,-0.0013844025630982946,-0.15022987181953415,-0.007780725375283138,-0.0005573376537935154,0.17276416381583032,-5.0028705507519805e-05,-1.4614004267888558e-05,0.5285228491636443,0.00017324984466007858,5.2456020952218016e-05
306,True,3.0699999999998835,0.0,True,True,0.0,False,,-0.15,0.0,-0.73304,-0.58496,-0.50477,0.22999999999999998,0.0,0.0,-0.4,0.0,0.0,0.17,0.0,0.0,0.52333,0.0,0.0,-0.15,0.0,-0.73304,-0.58496,-0.50477,0.22999999999999998,0.0,0.0,-0.4,0.0,0.0,0.17,0.0,0.0,0.52333,0.0,0.0,-0.16629275022124432,-0.004097164928204675,-0.740063049604673,-0.5878769871131204,-0.5053208067310185,-0.0287438143725383,-0.006902559669413757,-0.0013907344765133555,-0.15022311812719277,-0.007774353868408218,-0.0005575535595342394,0.1727642275085946,-5.003772131280174e-05,-1.4616959718266235e-05,0.5285229026115846,0.00017325287152207704,5.2456516101352803e-05
307,True,3.0799999999998824,0.0,True,True,0.0,False,,-0.15,0.0,-0.73304,-0.58496,-0.50477,0.22999999999999998,0.0,0.0,-0.4,0.0,0.0,0.17,0.0,0.0,0.52333,0.0,0.0,-0.15,0.0,-0.73304,-0.58496,-0.50477,0.22999999999999998,0.0,0.0,-0.4,0.0,0.0,0.17,0.0,0.0,0.52333,0.0,0.0,-0.16629107428783066,-0.004097219815815715,-0.7400630977613049,-0.58787702667494,-0.505320835147234,-0.02873709762026541,-0.006912529647019792,-0.0013969681082770195,-0.1502164680452865,-0.007767990158203889,-0.0005577566336627348,0.1727642901267465,-5.004666586240509e-05,-1.4619878041962895e-05,0.528522955115573,0.00017325575564561472,5.245697591533642e-05
308,True,3.0899999999998813,0.0,True,True,0.0,False,,-0.15,0.0,-0.73304,-0.58496,-0.50477,0.22999999999999998,0.0,0.0,-0.4,0.0,0.0,0.17,0.0,0.0,0.52333,0.0,0.0,-0.15,0.0,-0.73304,-0.58496,-0.50477,0.22999999999999998,0.0,0.0,-0.4,0.0,0.0,0.17,0.0,0.0,0.52333,0.0,0.0,-0.16628940850060425,-0.004097273833452142,-0.7400631450940969,-0.5878770655482933,-0.5053208630303434,-0.028730485945188115,-0.006922399706121676,-0.0014031033212311718,-0.1502099209018132,-0.007761644664604813,-0.000557947790296894,0.17276435168517582,-5.0055580575842895e-05,-1.4622769192306408e-05,0.5285230066847338,0.00017325847878851366,5.245739441411264e-05
309,True,3.09999999999988,0.0,True,True,0.0,False,,-0.15,0.0,-0.73304,-0.58496,-0.50477,0.22999999999999998,0.0,0.0,-0.4,0.0,0.0,0.17,0.0,0.0,0.52333,0.0,0.0,-0.15,0.0,-0.73304,-0.58496,-0.50477,0.22999999999999998,0.0,0.0,-0.4,0.0,0.0,0.17,0.0,0.0,0.52333,0.0,0.0,-0.16628775288685868,-0.004097326986182863,-0.7400631915970222,-0.587877103737715,-0.5053208903888371,-0.028723977579802516,-0.006932179912206696,-0.001409141092320058,-0.15020347551804542,-0.007755321631940667,-0.0005581275631644421,0.17276441219908464,-5.006449908212642e-05,-1.4625641299868954e-05,0.5285230573293345,0.00017326102671554213,5.245776690549822e-05
310,True,3.109999999999879,0.0,True,True,0.0,False,,-0.15,0.0,-0.73304,-0.58496,-0.50477,0.22999999999999998,0.0,0.0,-0.4,0.0,0.0,0.17,0.0,0.0,0.52333,0.0,0.0,-0.15,0.0,-0.73304,-0.58496,-0.50477,0.22999999999999998,0.0,0.0,-0.4,0.0,0.0,0.17,0.0,0.0,0.52333,0.0,0.0,-0.16628610743681238,-0.004097379283004735,-0.740063237272598,-0.5878771412510035,-0.5053209172317442,-0.02871757078763381,-0.006941874652921797,-0.001415082823477447,-0.15019713051894618,-0.007749022863215588,-0.0005582963322741919,0.17276447168451656,-5.0073440437775125e-05,-1.4628499127091845e-05,0.528523107062036,0.0001732633927984877,5.2458091123996354e-05
311,True,3.119999999999878,0.0,True,True,0.0,False,,-0.15,0.0,-0.73304,-0.58496,-0.50477,0.22999999999999998,0.0,0.0,-0.4,0.0,0.0,0.17,0.0,0.0,0.52333,0.0,0.0,-0.15,0.0,-0.73304,-0.58496,-0.50477,0.22999999999999998,0.0,0.0,-0.4,0.0,0.0,0.17,0.0,0.0,0.52333,0.0,0.0,-0.16628447211599484,-0.00409743073554647,-0.7400632821291728,-0.5878771780981373,-0.5053209435684068,-0.028711263877623024,-0.00695148611087392,-0.0014209300675878302,-0.15019088445170753,-0.007742749193908596,-0.0005584544134547899,0.17276453015800747,-5.0082413615614854e-05,-1.4631345108800706e-05,0.5285231558970697,0.0001732655756642239,5.2458366478877774e-05
312,True,3.129999999999877,0.0,True,True,0.0,False,,-0.15,0.0,-0.73304,-0.58496,-0.50477,0.22999999999999998,0.0,0.0,-0.4,0.0,0.0,0.17,0.0,0.0,0.52333,0.0,0.0,-0.15,0.0,-0.73304,-0.58496,-0.50477,0.22999999999999998,0.0,0.0,-0.4,0.0,0.0,0.17,0.0,0.0,0.52333,0.0,0.0,-0.16628284687666858,-0.004097481356786999,-0.7400633261782265,-0.587877214290203,-0.5053209694082582,-0.028705055206822597,-0.0069610156092420146,-0.0014266844197266461,-0.15018473583398032,-0.007736501073320236,-0.0005586020937186357,0.17276458763623984,-5.00914219855558e-05,-1.4634180385479083e-05,0.528523203849419,0.00017326757683650703,5.2458593302719296e-05
313,True,3.139999999999876,0.0,True,True,0.0,False,,-0.15,0.0,-0.73304,-0.58496,-0.50477,0.22999999999999998,0.0,0.0,-0.4,0.0,0.0,0.17,0.0,0.0,0.52333,0.0,0.0,-0.15,0.0,-0.73304,-0.58496,-0.50477,0.22999999999999998,0.0,0.0,-0.4,0.0,0.0,0.17,0.0,0.0,0.52333,0.0,0.0,-0.16628123166470388,-0.004097531160261802,-0.7400633694326924,-0.5878772498387335,-0.5053209947606868,-0.028698943177509307,-0.006970464133143503,-0.0014323474741759097,-0.1501786831759283,-0.00773027879376618,-0.000558739645247034,0.17276464413582954,-5.0100466107413704e-05,-1.4637005446003443e-05,0.5285232509343092,0.00017326939926347546,5.245877238277878e-05
314,True,3.1499999999998747,0.0,True,True,0.0,False,,-0.15,0.0,-0.73304,-0.58496,-0.50477,0.22999999999999998,0.0,0.0,-0.4,0.0,0.0,0.17,0.0,0.0,0.52333,0.0,0.0,-0.15,0.0,-0.73304,-0.58496,-0.50477,0.22999999999999998,0.0,0.0,-0.4,0.0,0.0,0.17,0.0,0.0,0.52333,0.0,0.0,-0.16627962642314872,-0.004097580159643083,-0.7400634119060656,-0.5878772847553568,-0.5053210196349655,-0.028692926232399812,-0.006979832531625463,-0.001437920807607993,-0.15017272499189635,-0.0077240825809021816,-0.0005588673309493755,0.17276469967321503,-5.010954522042525e-05,-1.4639820469974679e-05,0.5285232971669392,0.00017327104653151339,5.245890471103003e-05
315,True,3.1599999999998736,0.0,True,True,0.0,False,,-0.15,0.0,-0.73304,-0.58496,-0.50477,0.22999999999999998,0.0,0.0,-0.4,0.0,0.0,0.17,0.0,0.0,0.52333,0.0,0.0,-0.15,0.0,-0.73304,-0.58496,-0.50477,0.22999999999999998,0.0,0.0,-0.4,0.0,0.0,0.17,0.0,0.0,0.52333,0.0,0.0,-0.16627803109394682,-0.004097628368535612,-0.7400634536119662,-0.5878773190516269,-0.5053210440402184,-0.02868700284984777,-0.00698912159591955,-0.001443405972680809,-0.15016685980735822,-0.007717912629330697,-0.0005589854067067485,0.17276475426460502,-5.011865797740157e-05,-1.4642625496287374e-05,0.5285233425623513,0.00017327252247775215,5.245899136103769e-05
316,True,3.1699999999998725,0.0,True,True,0.0,False,,-0.15,0.0,-0.73304,-0.58496,-0.50477,0.22999999999999998,0.0,0.0,-0.4,0.0,0.0,0.17,0.0,0.0,0.52333,0.0,0.0,-0.15,0.0,-0.73304,-0.58496,-0.50477,0.22999999999999998,0.0,0.0,-0.4,0.0,0.0,0.17,0.0,0.0,0.52333,0.0,0.0,-0.16627644561872743,-0.00409767580038326,-0.7400634945639363,-0.5878773527389451,-0.5053210679854081,-0.028681171539792497,-0.00699833208977135,-0.0014488044957775476,-0.15016108616329849,-0.007711769116670152,-0.0005590941223136735,0.17276480792595644,-5.012780278959082e-05,-1.4645420502280882e-05,0.5285233871353727,0.00017327383100836598,5.245903343025135e-05
317,True,3.1799999999998714,0.0,True,True,0.0,False,,-0.15,0.0,-0.73304,-0.58496,-0.50477,0.22999999999999998,0.0,0.0,-0.4,0.0,0.0,0.17,0.0,0.0,0.52333,0.0,0.0,-0.15,0.0,-0.73304,-0.58496,-0.50477,0.22999999999999998,0.0,0.0,-0.4,0.0,0.0,0.17,0.0,0.0,0.52333,0.0,0.0,-0.16627486993915705,-0.004097722468428817,-0.7400635347753491,-0.5878773858285281,-0.5053210914793306,-0.028675430840637457,-0.007007464761217857,-0.0014541178763976103,-0.15015540261897845,-0.007705652209160124,-0.0005591937219100361,0.17276486067296687,-5.0136977983397515e-05,-1.4648205439729787e-05,0.5285234309005908,0.00017327497601647495,5.245903201393829e-05
318,True,3.1899999999998703,0.0,True,True,0.0,False,,-0.15,0.0,-0.73304,-0.58496,-0.50477,0.22999999999999998,0.0,0.0,-0.4,0.0,0.0,0.17,0.0,0.0,0.52333,0.0,0.0,-0.15,0.0,-0.73304,-0.58496,-0.50477,0.22999999999999998,0.0,0.0,-0.4,0.0,0.0,0.17,0.0,0.0,0.52333,0.0,0.0,-0.1662733039970922,-0.004097768385698429,-0.7400635742593731,-0.5878774183313944,-0.5053211145306151,-0.028669779316968413,-0.007016520347190822,-0.001459347587205443,-0.15014980775361214,-0.007699562063947484,-0.0005592844442139238,0.1727649125210738,-5.01461818697876e-05,-1.465098025082668e-05,0.5285234738723456,0.00017327596134633343,5.245898819380737e-05
319,True,3.199999999999869,0.0,True,True,0.0,False,,-0.15,0.0,-0.73304,-0.58496,-0.50477,0.22999999999999998,0.0,0.0,-0.4,0.0,0.0,0.17,0.0,0.0,0.52333,0.0,0.0,-0.15,0.0,-0.73304,-0.58496,-0.50477,0.22999999999999998,0.0,0.0,-0.4,0.0,0.0,0.17,0.0,0.0,0.52333,0.0,0.0,-0.1662717477346448,-0.00409781356499706,-0.7400636130289561,-0.587877450258362,-0.5053211371477262,-0.028664215557931128,-0.007025499575350401,-0.0014644950743403972,-0.15014430016729852,-0.007693498830074843,-0.0005593665226767289,0.17276496348545642,-5.015541277428873e-05,-1.465374487514436e-05,0.5285235160647279,0.00017327679077842642,5.245890303326487e-05
320,True,3.209999999999868,0.0,True,True,0.0,False,,-0.15,0.0,-0.73304,-0.58496,-0.50477,0.22999999999999998,0.0,0.0,-0.4,0.0,0.0,0.17,0.0,0.0,0.52333,0.0,0.0,-0.15,0.0,-0.73304,-0.58496,-0.50477,0.22999999999999998,0.0,0.0,-0.4,0.0,0.0,0.17,0.0,0.0,0.52333,0.0,0.0,-0.16627020109420915,-0.004097858018908792,-0.7400636510968225,-0.5878774816200488,-0.5053211593389664,-0.02865873817608434,-0.0070344031648520095,-0.0014695617578282657,-0.1501388784814559,-0.007687462648963369,-0.0005594401856075772,0.17276501358103938,-5.016466904956729e-05,-1.4656499252612476e-05,0.5285235574915825,0.00017327746802381334,5.245877757560162e-05
321,True,3.219999999999867,0.0,True,True,0.0,False,,-0.15,0.0,-0.73304,-0.58496,-0.50477,0.22999999999999998,0.0,0.0,-0.4,0.0,0.0,0.17,0.0,0.0,0.52333,0.0,0.0,-0.15,0.0,-0.73304,-0.58496,-0.50477,0.22999999999999998,0.0,0.0,-0.4,0.0,0.0,0.17,0.0,0.0,0.52333,0.0,0.0,-0.16626866401847307,-0.004097901759799176,-0.7400636884754737,-0.5878775124268748,-0.5053211811124786,-0.028653345806575036,-0.0070432318267035195,-0.0014745490320299452,-0.1501335413389352,-0.007681453654699053,-0.0005595056562851435,0.17276506282249632,-5.0173949080421765e-05,-1.4659243324760161e-05,0.52852359816651,0.00017327799672249103,5.245861284345379e-05
322,True,3.229999999999866,0.0,True,True,0.0,False,,-0.15,0.0,-0.73304,-0.58496,-0.50477,0.22999999999999998,0.0,0.0,-0.4,0.0,0.0,0.17,0.0,0.0,0.52333,0.0,0.0,-0.15,0.0,-0.73304,-0.58496,-0.50477,0.22999999999999998,0.0,0.0,-0.4,0.0,0.0,0.17,0.0,0.0,0.52333,0.0,0.0,-0.16626713645042182,-0.004097944799818424,-0.7400637251771904,-0.5878775426890659,-0.5053212024762496,-0.02864803710652182,-0.007051986263965555,-0.001479458266100819,-0.1501282874039332,-0.007675471974242247,-0.0005595631530636615,0.17276511122425406,-5.018325128551807e-05,-1.4661977035213296e-05,0.5285236381028717,0.00017327838044347565,5.245840983880786e-05
323,True,3.2399999999998648,0.0,True,True,0.0,False,,-0.15,0.0,-0.73304,-0.58496,-0.50477,0.22999999999999998,0.0,0.0,-0.4,0.0,0.0,0.17,0.0,0.0,0.52333,0.0,0.0,-0.15,0.0,-0.73304,-0.58496,-0.50477,0.22999999999999998,0.0,0.0,-0.4,0.0,0.0,0.17,0.0,0.0,0.52333,0.0,0.0,-0.16626561833333947,-0.0040979871509049335,-0.740063761214036,-0.5878775724166567,-0.5053212234381123,-0.028642810754527195,-0.007060667171891583,-0.001484290804449854,-0.15012311536178816,-0.007669517727606517,-0.0005596128894756351,0.17276515880049662,-5.019257411774168e-05,-1.4664700329874612e-05,0.5285236773137933,0.00017327862268560443,5.245816954323359e-05
324,True,3.2499999999998637,0.0,True,True,0.0,False,,-0.15,0.0,-0.73304,-0.58496,-0.50477,0.22999999999999998,0.0,0.0,-0.4,0.0,0.0,0.17,0.0,0.0,0.52333,0.0,0.0,-0.15,0.0,-0.73304,-0.58496,-0.50477,0.22999999999999998,0.0,0.0,-0.4,0.0,0.0,0.17,0.0,0.0,0.52333,0.0,0.0,-0.16626410961080873,-0.004098028824788893,-0.7400637965978607,-0.5878776016194944,-0.5053212440057494,-0.028637665450266633,-0.007069275238044549,-0.001489047967193823,-0.15011802391870954,-0.007663591028024288,-0.0005596550743321381,0.17276520556516928,-5.02019160639706e-05,-1.4667413156970103e-05,0.5285237158121694,0.00017327872687862854,5.245789291820927e-05
325,True,3.2599999999998626,0.0,True,True,0.0,False,,-0.15,0.0,-0.73304,-0.58496,-0.50477,0.22999999999999998,0.0,0.0,-0.4,0.0,0.0,0.17,0.0,0.0,0.52333,0.0,0.0,-0.15,0.0,-0.73304,-0.58496,-0.50477,0.22999999999999998,0.0,0.0,-0.4,0.0,0.0,0.17,0.0,0.0,0.52333,0.0,0.0,-0.16626261022671068,-0.004098069832995906,-0.7400638313403042,-0.5878776303072422,-0.505321264186696,-0.02863259991412234,-0.007077811142403883,-0.0014937310506047024,-0.15011301180147454,-0.0076576919821057495,-0.0005596899118210139,0.17276525153198266,-5.0211275644611165e-05,-1.4670115467039684e-05,0.5285237536106665,0.0001732786963844152,5.245758090548146e-05
326,True,3.2699999999998615,0.0,True,True,0.0,False,,-0.15,0.0,-0.73304,-0.58496,-0.50477,0.22999999999999998,0.0,0.0,-0.4,0.0,0.0,0.17,0.0,0.0,0.52333,0.0,0.0,-0.15,0.0,-0.73304,-0.58496,-0.50477,0.22999999999999998,0.0,0.0,-0.4,0.0,0.0,0.17,0.0,0.0,0.52333,0.0,0.0,-0.16626112012522387,-0.004098110186850567,-0.7400638654528005,-0.5878776584893822,-0.5053212839883422,-0.02862761288684229,-0.007086275557467975,-0.0014983413275494648,-0.15010807775711024,-0.007651820689993451,-0.0005597176016030833,0.17276529671441648,-5.022065141304081e-05,-1.4672807212905023e-05,0.5285237907217282,0.0001732785344981816,5.245723442743511e-05
327,True,3.2799999999998604,0.0,True,True,0.0,False,,-0.15,0.0,-0.73304,-0.58496,-0.50477,0.22999999999999998,0.0,0.0,-0.4,0.0,0.0,0.17,0.0,0.0,0.52333,0.0,0.0,-0.15,0.0,-0.73304,-0.58496,-0.50477,0.22999999999999998,0.0,0.0,-0.4,0.0,0.0,0.17,0.0,0.0,0.52333,0.0,0.0,-0.1662596392508236,-0.004098149897479996,-0.7400638989465805,-0.58787768617522,-0.505321303417936,-0.028622703129213774,-0.007094669148354031,-0.0015028800479219876,-0.1501032205525716,-0.0076459772455134125,-0.0005597383389064087,0.1727653411257237,-5.023004195501841e-05,-1.4675488349628307e-05,0.5285238271575784,0.00017327824444972887,5.2456854387463705e-05
328,True,3.2899999999998593,0.0,True,True,0.0,False,,-0.15,0.0,-0.73304,-0.58496,-0.50477,0.22999999999999998,0.0,0.0,-0.4,0.0,0.0,0.17,0.0,0.0,0.52333,0.0,0.0,-0.15,0.0,-0.73304,-0.58496,-0.50477,0.22999999999999998,0.0,0.0,-0.4,0.0,0.0,0.17,0.0,0.0,0.52333,0.0,0.0,-0.16625816754828115,-0.004098188975817303,-0.7400639318326766,-0.5878777133738866,-0.5053213224825865,-0.028617869421745733,-0.0071029925728959865,-0.0015073484390670285,-0.1500984389744215,-0.007640161736323076,-0.0005597523146186497,0.17276538477893402,-5.0239445888087586e-05,-1.467815883446777e-05,0.5285238629302255,0.000173277829404663,5.245644167033542e-05
329,True,3.299999999999858,0.0,True,True,0.0,False,,-0.15,0.0,-0.73304,-0.58496,-0.50477,0.22999999999999998,0.0,0.0,-0.4,0.0,0.0,0.17,0.0,0.0,0.52333,0.0,0.0,-0.15,0.0,-0.73304,-0.58496,-0.50477,0.22999999999999998,0.0,0.0,-0.4,0.0,0.0,0.17,0.0,0.0,0.52333,0.0,0.0,-0.1662567049626628,-0.004098227432605009,-0.7400639641219251,-0.587877740094343,-0.505321341189266,-0.02861311056435695,-0.007111246481740736,-0.001511747706196349,-0.15009373182851465,-0.0076343742440562745,-0.0005597597153775388,0.1727654276868579,-5.0248861860983206e-05,-1.4680818626832346e-05,0.5285238980514653,0.00017327729246559693,5.245599714255353e-05
330,True,3.309999999999857,0.0,True,True,0.0,False,,-0.15,0.0,-0.73304,-0.58496,-0.50477,0.22999999999999998,0.0,0.0,-0.4,0.0,0.0,0.17,0.0,0.0,0.52333,0.0,0.0,-0.15,0.0,-0.73304,-0.58496,-0.50477,0.22999999999999998,0.0,0.0,-0.4,0.0,0.0,0.17,0.0,0.0,0.52333,0.0,0.0,-0.16625525143932884,-0.004098265278398394,-0.7400639958249705,-0.5878777663453825,-0.5053213595448127,-0.02860842537606889,-0.007119431518442802,-0.0015160790327970785,-0.15008909793968753,-0.007628614844465264,-0.0005597607236595215,0.17276546986209007,-5.025828855304554e-05,-1.468346768823647e-05,0.5285239325328864,0.0001732766366733323,5.245552165271044e-05
331,True,3.319999999999856,0.0,True,True,0.0,False,,-0.15,0.0,-0.73304,-0.58496,-0.50477,0.22999999999999998,0.0,0.0,-0.4,0.0,0.0,0.17,0.0,0.0,0.52333,0.0,0.0,-0.15,0.0,-0.73304,-0.58496,-0.50477,0.22999999999999998,0.0,0.0,-0.4,0.0,0.0,0.17,0.0,0.0,0.52333,0.0,0.0,-0.16625380692393305,-0.0040983025235687915,-0.7400640269522687,-0.5878777921356337,-0.5053213775559339,-0.02860381269470276,-0.007127548319557495,-0.0015203435810324567,-0.1500845361514531,-0.00762288360755992,-0.000559755517866589,0.17276551131701331,-5.026772467364353e-05,-1.4686105982255406e-05,0.5285239663858723,0.00017327586500802004,5.2455016031835254e-05
332,True,3.329999999999855,0.0,True,True,0.0,False,,-0.15,0.0,-0.73304,-0.58496,-0.50477,0.22999999999999998,0.0,0.0,-0.4,0.0,0.0,0.17,0.0,0.0,0.52333,0.0,0.0,-0.15,0.0,-0.73304,-0.58496,-0.50477,0.22999999999999998,0.0,0.0,-0.4,0.0,0.0,0.17,0.0,0.0,0.52333,0.0,0.0,-0.16625237136242133,-0.004098339178306828,-0.7400640575140899,-0.5878778174735647,-0.5053213952292074,-0.02859927137658062,-0.007135597514732613,-0.0015245424921351094,-0.15008004532570193,-0.007617180597744137,-0.0005597442724113414,0.17276555206380184,-5.027716896160797e-05,-1.468873347448129e-05,0.5285239996216061,0.00017327498039029969,5.245448109373476e-05
333,True,3.3399999999998538,0.0,True,True,0.0,False,,-0.15,0.0,-0.73304,-0.58496,-0.50477,0.22999999999999998,0.0,0.0,-0.4,0.0,0.0,0.17,0.0,0.0,0.52333,0.0,0.0,-0.15,0.0,-0.73304,-0.58496,-0.50477,0.22999999999999998,0.0,0.0,-0.4,0.0,0.0,0.17,0.0,0.0,0.52333,0.0,0.0,-0.166250944701031,-0.004098375252625601,-0.7400640875205226,-0.5878778423674851,-0.5053214125710849,-0.028594800296230755,-0.007143579726798718,-0.0015286768867929777,-0.15007562434240818,-0.0076115058739495076,-0.0005597271578003197,0.1727655921144249,-5.028662018467452e-05,-1.4691350132479906e-05,0.5285240322510729,0.00017327398568241817,5.2453917635327954e-05
334,True,3.3499999999998527,0.0,True,True,0.0,False,,-0.15,0.0,-0.73304,-0.58496,-0.50477,0.22999999999999998,0.0,0.0,-0.4,0.0,0.0,0.17,0.0,0.0,0.52333,0.0,0.0,-0.15,0.0,-0.73304,-0.58496,-0.50477,0.22999999999999998,0.0,0.0,-0.4,0.0,0.0,0.17,0.0,0.0,0.52333,0.0,0.0,-0.16624952688628983,-0.004098410756363798,-0.7400641169814762,-0.5878778668255492,-0.5053214295878945,-0.028590398346097327,-0.007151495571858028,-0.0015327478655280567,-0.15007127209934093,-0.007605859489766343,-0.0005597043407156445,0.1727656314806503,-5.02960771389367e-05,-1.4693955925748265e-05,0.5285240642850646,0.00017327288368932772,5.245332643697424e-05
335,True,3.3599999999998515,0.0,True,True,0.0,False,,-0.15,0.0,-0.73304,-0.58496,-0.50477,0.22999999999999998,0.0,0.0,-0.4,0.0,0.0,0.17,0.0,0.0,0.52333,0.0,0.0,-0.15,0.0,-0.73304,-0.58496,-0.50477,0.22999999999999998,0.0,0.0,-0.4,0.0,0.0,0.17,0.0,0.0,0.52333,0.0,0.0,-0.1662481178650151,-0.004098445699188774,-0.7400641459066846,-0.5878778908557591,-0.5053214462858422,-0.028586064436254343,-0.0071593456593719365,-0.0015367565090680605,-0.1500669875117802,-0.00760024149357205,-0.0005596759840949935,0.1727656701740477,-5.0305538648308574e-05,-1.4696550825672929e-05,0.5285240957341822,0.00017327167715976366,5.245270826279535e-05
336,True,3.3699999999998504,0.0,True,True,0.0,False,,-0.15,0.0,-0.73304,-0.58496,-0.50477,0.22999999999999998,0.0,0.0,-0.4,0.0,0.0,0.17,0.0,0.0,0.52333,0.0,0.0,-0.15,0.0,-0.73304,-0.58496,-0.50477,0.22999999999999998,0.0,0.0,-0.4,0.0,0.0,0.17,0.0,0.0,0.52333,0.0,0.0,-0.1662467175843126,-0.004098480090599555,-0.740064174305709,-0.5878779144659676,-0.5053214626710149,-0.028581797494124,-0.007167130592247204,-0.001540703878711173,-0.15006276951223793,-0.0075946519286569794,-0.0005596422472099476,0.17276570820599194,-5.0315003563997115e-05,-1.4699134805489104e-05,0.52852412660884,0.00017327036878730232,5.245206386099113e-05
337,True,3.3799999999998493,0.0,True,True,0.0,False,,-0.15,0.0,-0.73304,-0.58496,-0.50477,0.22999999999999998,0.0,0.0,-0.4,0.0,0.0,0.17,0.0,0.0,0.52333,0.0,0.0,-0.15,0.0,-0.73304,-0.58496,-0.50477,0.22999999999999998,0.0,0.0,-0.4,0.0,0.0,0.17,0.0,0.0,0.52333,0.0,0.0,-0.16624532599157568,-0.004098513939929805,-0.7400642021879412,-0.5878779376638806,-0.5053214787493829,-0.02857759646419946,-0.007174850966920836,-0.0015445910166839998,-0.1500586170501835,-0.007589090833347753,-0.0005596032857427462,0.1727657455876663,-5.032447076398395e-05,-1.4701707840240493e-05,0.528524156919268,0.00017326896121139915,5.245139396414936e-05
338,True,3.3899999999998482,0.0,True,True,0.0,False,,-0.15,0.0,-0.73304,-0.58496,-0.50477,0.22999999999999998,0.0,0.0,-0.4,0.0,0.0,0.17,0.0,0.0,0.52333,0.0,0.0,-0.15,0.0,-0.73304,-0.58496,-0.50477,0.22999999999999998,0.0,0.0,-0.4,0.0,0.0,0.17,0.0,0.0,0.52333,0.0,0.0,-0.16624394303448428,-0.004098547256350732,-0.7400642295626063,-0.5878779604570606,-0.5053214945268016,-0.028573460307771987,-0.00718250737344368,-0.0015484189464928535,-0.1500545290917733,-0.007583558241128125,-0.0005595592518614774,0.17276578233006581,-5.033393915251642e-05,-1.4704269906739867e-05,0.5285241866755158,0.00017326745701840829,5.245069928954956e-05
339,True,3.399999999999847,0.0,True,True,0.0,False,,-0.15,0.0,-0.73304,-0.58496,-0.50477,0.22999999999999998,0.0,0.0,-0.4,0.0,0.0,0.17,0.0,0.0,0.52333,0.0,0.0,-0.15,0.0,-0.73304,-0.58496,-0.50477,0.22999999999999998,0.0,0.0,-0.4,0.0,0.0,0.17,0.0,0.0,0.52333,0.0,0.0,-0.1662425686610039,-0.0040985800488739475,-0.740064256438766,-0.5878779828529287,-0.5053215100090138,-0.02856938800266234,-0.007190100395562749,-0.0015521886732684919,-0.15005050461958533,-0.007578054180757438,-0.0005595102942937439,0.1727658184440003,-5.034340765960782e-05,-1.4706820983530385e-05,0.5285242158874557,0.00017326585874258277,5.2449980539461155e-05
340,True,3.409999999999846,0.0,True,True,0.0,False,,-0.15,0.0,-0.73304,-0.58496,-0.50477,0.22999999999999998,0.0,0.0,-0.4,0.0,0.0,0.17,0.0,0.0,0.52333,0.0,0.0,-0.15,0.0,-0.73304,-0.58496,-0.50477,0.22999999999999998,0.0,0.0,-0.4,0.0,0.0,0.17,0.0,0.0,0.52333,0.0,0.0,-0.16624120281938468,-0.00409861232635427,-0.7400642828253212,-0.587878004858767,-0.5053215252016522,-0.02856537854295661,-0.007197630610802321,-0.001555901184104439,-0.15004654263235734,-0.007572578676386698,-0.0005594565583988233,0.17276585394009755,-5.035287524054653e-05,-1.4709361050847603e-05,0.5285242445647854,0.00017326416886705658,5.244923840143581e-05
341,True,3.419999999999845,0.0,True,True,0.0,False,,-0.15,0.0,-0.73304,-0.58496,-0.50477,0.22999999999999998,0.0,0.0,-0.4,0.0,0.0,0.17,0.0,0.0,0.52333,0.0,0.0,-0.15,0.0,-0.73304,-0.58496,-0.50477,0.22999999999999998,0.0,0.0,-0.4,0.0,0.0,0.17,0.0,0.0,0.52333,0.0,0.0,-0.16623984545816034,-0.004098644097492482,-0.7400643087310149,-0.5878780264817224,-0.5053215401102413,-0.028561430938746104,-0.007205098590543795,-0.001559557448389013,-0.15004264214472965,-0.00756713174767234,-0.0005593981862383595,0.1727658888288065,-5.0362340875413945e-05,-1.4711890090582186e-05,0.5285242727170318,0.00017326238982480832,5.244847354859429e-05
342,True,3.429999999999844,0.0,True,True,0.0,False,,-0.15,0.0,-0.73304,-0.58496,-0.50477,0.22999999999999998,0.0,0.0,-0.4,0.0,0.0,0.17,0.0,0.0,0.52333,0.0,0.0,-0.15,0.0,-0.73304,-0.58496,-0.50477,0.22999999999999998,0.0,0.0,-0.4,0.0,0.0,0.17,0.0,0.0,0.52333,0.0,0.0,-0.1662384965261471,-0.004098675370838044,-0.7400643341644353,-0.5878780477288081,-0.5053215547401997,-0.028557544215871502,-0.007212504900104366,-0.0015631584181311647,-0.15003880218699187,-0.007561713409887707,-0.0005593353166456161,0.17276592312040004,-5.0371803568611116e-05,-1.4714408086243327e-05,0.5285243003535535,0.0001732605239996075,5.24476866399078e-05
343,True,3.4399999999998427,0.0,True,True,0.0,False,,-0.15,0.0,-0.73304,-0.58496,-0.50477,0.22999999999999998,0.0,0.0,-0.4,0.0,0.0,0.17,0.0,0.0,0.52333,0.0,0.0,-0.15,0.0,-0.73304,-0.58496,-0.50477,0.22999999999999998,0.0,0.0,-0.4,0.0,0.0,0.17,0.0,0.0,0.52333,0.0,0.0,-0.16623715597244285,-0.004098706154791747,-0.740064359134018,-0.5878780686069066,-0.5053215690968413,-0.02855371741567109,-0.007219850098814514,-0.0015667050282802495,-0.15003502180483377,-0.007556323674032283,-0.0005592680852933217,0.17276595682497806,-5.038126234839386e-05,-1.4716915022922806e-05,0.5285243274835435,0.0001732585737269428,5.244687832047399e-05
344,True,3.4499999999998416,0.0,True,True,0.0,False,,-0.15,0.0,-0.73304,-0.58496,-0.50477,0.22999999999999998,0.0,0.0,-0.4,0.0,0.0,0.17,0.0,0.0,0.52333,0.0,0.0,-0.15,0.0,-0.73304,-0.58496,-0.50477,0.22999999999999998,0.0,0.0,-0.4,0.0,0.0,0.17,0.0,0.0,0.52333,0.0,0.0,-0.16623582374642587,-0.004098736457608333,-0.7400643836480493,-0.5878780891227717,-0.5053215831853787,-0.02854994959473299,-0.007227134740094327,-0.001570198197039861,-0.15003130005909987,-0.007550962546938751,-0.000559196624760123,0.17276598995247036,-5.0390716266416184e-05,-1.4719410887259747e-05,0.5285243541160328,0.0001732565412949338,5.244604922178766e-05
345,True,3.4599999999998405,0.0,True,True,0.0,False,,-0.15,0.0,-0.73304,-0.58496,-0.50477,0.22999999999999998,0.0,0.0,-0.4,0.0,0.0,0.17,0.0,0.0,0.52333,0.0,0.0,-0.15,0.0,-0.73304,-0.58496,-0.50477,0.22999999999999998,0.0,0.0,-0.4,0.0,0.0,0.17,0.0,0.0,0.52333,0.0,0.0,-0.166234499797754,-0.004098766287399057,-0.7400644077146682,-0.5878781092830317,-0.5053215970109239,-0.028546239824651452,-0.007234359371528692,-0.001573638826175808,-0.15002763602554817,-0.0075456300313778805,-0.0005591210645956939,0.17276602251263953,-5.040016439728199e-05,-1.4721895667406006e-05,0.5285243802598929,0.00017325442894522544,5.244519996200636e-05
346,True,3.4699999999998394,0.0,True,True,0.0,False,,-0.15,0.0,-0.73304,-0.58496,-0.50477,0.22999999999999998,0.0,0.0,-0.4,0.0,0.0,0.17,0.0,0.0,0.52333,0.0,0.0,-0.15,0.0,-0.73304,-0.58496,-0.50477,0.22999999999999998,0.0,0.0,-0.4,0.0,0.0,0.17,0.0,0.0,0.52333,0.0,0.0,-0.16623318407636353,-0.004098795652134214,-0.7400644313418695,-0.5878781290941909,-0.5053216105784911,-0.028542587191786935,-0.007241524534941354,-0.0015770278013183682,-0.1500240287946127,-0.007540326126161318,-0.0005590415313845114,0.17276605451508373,-5.040960583810476e-05,-1.4724369352992208e-05,0.5285244059238384,0.00017325223887386607,5.2444331146210836e-05
347,True,3.4799999999998383,0.0,True,True,0.0,False,,-0.15,0.0,-0.73304,-0.58496,-0.50477,0.22999999999999998,0.0,0.0,-0.4,0.0,0.0,0.17,0.0,0.0,0.52333,0.0,0.0,-0.15,0.0,-0.73304,-0.58496,-0.50477,0.22999999999999998,0.0,0.0,-0.4,0.0,0.0,0.17,0.0,0.0,0.52333,0.0,0.0,-0.16623187653246813,-0.004098824559645614,-0.7400644545375062,-0.5878781485626322,-0.5053216238929978,-0.028538990797030137,-0.007248630766467886,-0.0015803659922589176,-0.15002047747116987,-0.0075350508262422775,-0.0005589581488083292,0.17276608596923945,-5.04190397080752e-05,-1.4726831935094412e-05,0.5285244311164303,0.00017324997323216944,5.2443443366660584e-05
348,True,3.4899999999998372,0.0,True,True,0.0,False,,-0.15,0.0,-0.73304,-0.58496,-0.50477,0.22999999999999998,0.0,0.0,-0.4,0.0,0.0,0.17,0.0,0.0,0.52333,0.0,0.0,-0.15,0.0,-0.73304,-0.58496,-0.50477,0.22999999999999998,0.0,0.0,-0.4,0.0,0.0,0.17,0.0,0.0,0.52333,0.0,0.0,-0.16623057711655784,-0.004098853017629014,-0.740064477309292,-0.5878781676946199,-0.5053216369592677,-0.028535449755569695,-0.007255678596627548,-0.0015836542532410385,-0.15001698117430826,-0.007529804122814231,-0.0005588710377073807,0.17276611688438429,-5.042846514803661e-05,-1.4729283406201375e-05,0.5285244558460782,0.00017324763412756046,5.244253720304449e-05
349,True,3.499999999999836,0.0,True,True,0.0,False,,-0.15,0.0,-0.73304,-0.58496,-0.50477,0.22999999999999998,0.0,0.0,-0.4,0.0,0.0,0.17,0.0,0.0,0.52333,0.0,0.0,-0.15,0.0,-0.73304,-0.58496,-0.50477,0.22999999999999998,0.0,0.0,-0.4,0.0,0.0,0.17,0.0,0.0,0.52333,0.0,0.0,-0.16622928577939786,-0.0040988810336465165,-0.7400644996648036,-0.5878781864963011,-0.5053216497820312,-0.028531963196663734,-0.007262668550394114,-0.0015868934232462172,-0.1500135390371025,-0.007524586003407568,-0.0005587803161403291,0.17276614726963951,-5.043788132006798e-05,-1.473172376018246e-05,0.528524480121043,0.0001732452236244058,5.244161322272672e-05
350,True,3.509999999999835,0.0,True,True,0.0,False,,-0.15,0.0,-0.73304,-0.58496,-0.50477,0.22991637333333326,0.0,0.0,-0.3999469037037037,0.0,0.0,0.17,0.0,0.0,0.52333,0.0,0.0,-0.15,0.0,-0.73304,-0.58496,-0.50477,0.22991637333333326,0.0,0.0,-0.3999469037037037,0.0,0.0,0.17,0.0,0.0,0.52333,0.0,0.0,-0.16622800259070494,-0.004098908601168447,-0.740064521582131,-0.587878204962069,-0.5053216623634897,-0.028528694053603355,-0.007269591361513714,-0.0015900828248040183,-0.15001017055119528,-0.007519382146425767,-0.0005586847025160665,0.17276617713016204,-5.044733602763225e-05,-1.4734164170929223e-05,0.5285245039404829,0.00017324271814723132,5.244066383896197e-05
351,True,3.519999999999834,0.0,True,True,0.0,False,,-0.15,0.0,-0.73304,-0.58496,-0.50477,0.22966698666666663,0.0,0.0,-0.39978856296296295,0.0,0.0,0.17,0.0,0.0,0.52333,0.0,0.0,-0.15,0.0,-0.73304,-0.58496,-0.50477,0.22966698666666663,0.0,0.0,-0.39978856296296295,0.0,0.0,0.17,0.0,0.0,0.52333,0.0,0.0,-0.16622672774605968,-0.004098935698862715,-0.7400645430083433,-0.5878782230739854,-0.5053216747031994,-0.02852609249969832,-0.007276419335376036,-0.0015932187942931965,-0.15000694509119508,-0.0075141515805602285,-0.0005585802872691345,0.17276620646695007,-5.0456928283294646e-05,-1.473662755894384e-05,0.5285245272939819,0.0001732400671087732,5.2439672885351704e-05
352,True,3.529999999999833,0.0,True,True,0.0,False,,-0.15,0.0,-0.73304,-0.58496,-0.50477,0.22925408000000003,0.0,0.0,-0.39952640000000006,0.0,0.0,0.17,0.0,0.0,0.52333,0.0,0.0,-0.15,0.0,-0.73304,-0.58496,-0.50477,0.22925408000000003,0.0,0.0,-0.39952640000000006,0.0,0.0,0.17,0.0,0.0,0.52333,0.0,0.0,-0.16622546139671962,-0.004098962311062018,-0.7400645639025205,-0.5878782408188601,-0.5053216868016513,-0.028524752402555004,-0.0072831124045852295,-0.0015962953045196256,-0.15000399226774655,-0.0075088361598756705,-0.0005584614154973201,0.17276623528243046,-5.046673701878046e-05,-1.4739132187195892e-05,0.528524550174683,0.00017323723044694773,5.2438627561646856e-05
353,True,3.5399999999998317,0.0,True,True,0.0,False,,-0.15,0.0,-0.73304,-0.58496,-0.50477,0.22867989333333327,0.0,0.0,-0.39916183703703706,0.0,0.0,0.17,0.0,0.0,0.52333,0.0,0.0,-0.15,0.0,-0.73304,-0.58496,-0.50477,0.22867989333333327,0.0,0.0,-0.39916183703703706,0.0,0.0,0.17,0.0,0.0,0.52333,0.0,0.0,-0.16622420360400905,-0.004098988433620507,-0.7400645842481259,-0.5878782581931277,-0.5053216986612911,-0.028525269421090002,-0.007289625059001676,-0.001599304818026387,-0.15000150238345938,-0.007503371119686101,-0.0005583216952861203,0.172766263582062,-5.047680053671871e-05,-1.4741686959326297e-05,0.5285245725830712,0.0001732341894822113,5.243752187695723e-05
354,True,3.5499999999998306,0.0,True,True,0.0,False,,-0.15,0.0,-0.73304,-0.58496,-0.50477,0.22794666666666663,0.0,0.0,-0.3986962962962963,0.0,0.0,0.17,0.0,0.0,0.52333,0.0,0.0,-0.15,0.0,-0.73304,-0.58496,-0.50477,0.22794666666666663,0.0,0.0,-0.3986962962962963,0.0,0.0,0.17,0.0,0.0,0.52333,0.0,0.0,-0.16622295437167542,-0.0040990140702441905,-0.7400646040453134,-0.5878782751997755,-0.5053217102858738,-0.02852819251582584,-0.00729590923927542,-0.0016022387119231168,-0.1499997204170385,-0.007497689377402514,-0.000558154426881856,0.17276629137333732,-5.048712924245739e-05,-1.4744294364192287e-05,0.528524594524631,0.00017323094022844007,5.2436354514210615e-05
355,True,3.5599999999998295,0.0,True,True,0.0,False,,-0.15,0.0,-0.73304,-0.58496,-0.50477,0.22705663999999992,0.0,0.0,-0.3981312,0.0,0.0,0.17,0.0,0.0,0.52333,0.0,0.0,-0.15,0.0,-0.73304,-0.58496,-0.50477,0.22705663999999992,0.0,0.0,-0.3981312,0.0,0.0,0.17,0.0,0.0,0.52333,0.0,0.0,-0.1662217136768987,-0.004099039228772797,-0.7400646233031,-0.5878782918452369,-0.5053217216798152,-0.028534015071668927,-0.007301915798644424,-0.0016050876052760784,-0.14999893447133789,-0.007491723496702492,-0.0005579528202727775,0.1727663186647705,-5.049771862612189e-05,-1.4746953466501682e-05,0.5285246160074595,0.0001732274865520076,5.243512665153628e-05
356,True,3.5699999999998284,0.0,True,True,0.0,False,,-0.15,0.0,-0.73304,-0.58496,-0.50477,0.2260120533333333,0.0,0.0,-0.3974679703703704,0.0,0.0,0.17,0.0,0.0,0.52333,0.0,0.0,-0.15,0.0,-0.73304,-0.58496,-0.50477,0.2260120533333333,0.0,0.0,-0.3974679703703704,0.0,0.0,0.17,0.0,0.0,0.52333,0.0,0.0,-0.16622048193527864,-0.004099063865293149,-0.7400646419218385,-0.5878783080927923,-0.5053217328384296,-0.028544251170322478,-0.007307597163455028,-0.0016078479264615409,-0.15000024216855312,-0.007485359855625097,-0.0005577029164492761,0.1727663454506432,-5.050874396768515e-05,-1.4749704668917487e-05,0.5285246370064018,0.00017322373764982888,5.2433809354024275e-05
357,True,3.5799999999998273,0.0,True,True,0.0,False,,-0.15,0.0,-0.73304,-0.58496,-0.50477,0.22481514666666658,0.0,0.0,-0.39670802962962964,0.0,0.0,0.17,0.0,0.0,0.52333,0.0,0.0,-0.15,0.0,-0.73304,-0.58496,-0.50477,0.22481514666666658,0.0,0.0,-0.39670802962962964,0.0,0.0,0.17,0.0,0.0,0.52333,0.0,0.0,-0.166219259292598,-0.004099087969466778,-0.7400646598724901,-0.5878783239337627,-0.5053217437628584,-0.028560478847952066,-0.007312905309657674,-0.0016105161458780039,-0.1500048786090181,-0.007478479400170583,-0.0005573898763927996,0.1727663717342902,-5.052026347802799e-05,-1.4752561379112748e-05,0.5285246575177437,0.00017321966426338105,5.2432393298509465e-05
358,True,3.589999999999826,0.0,True,True,0.0,False,,-0.15,0.0,-0.73304,-0.58496,-0.50477,0.22346815999999992,0.0,0.0,-0.3958528,0.0,0.0,0.17,0.0,0.0,0.52333,0.0,0.0,-0.15,0.0,-0.73304,-0.58496,-0.50477,0.22346815999999992,0.0,0.0,-0.3958528,0.0,0.0,0.17,0.0,0.0,0.52333,0.0,0.0,-0.16621804635820875,-0.004099111473884394,-0.740064677006227,-0.5878783393119025,-0.5053217544442186,-0.02858697035120943,-0.007317922314438616,-0.0016131349974375338,-0.15001737409017057,-0.007470932466957362,-0.0005569840784037087,0.17276639750336575,-5.053253350441011e-05,-1.4755582559437488e-05,0.5285246775011317,0.0001732151328532493,5.24308359922194e-05
359,True,3.599999999999825,0.0,True,True,0.0,False,,-0.15,0.0,-0.73304,-0.58496,-0.50477,0.22197333333333336,0.0,0.0,-0.39490370370370376,0.0,0.0,0.17,0.0,0.0,0.52333,0.0,0.0,-0.15,0.0,-0.73304,-0.58496,-0.50477,0.22197333333333336,0.0,0.0,-0.39490370370370376,0.0,0.0,0.17,0.0,0.0,0.52333,0.0,0.0,-0.16621684335244283,-0.004099134361804852,-0.7400646932807522,-0.5878783542132814,-0.5053217648824495,-0.028628620491608185,-0.007322772017152535,-0.001615760577643692,-0.15004310328788947,-0.007462571287065509,-0.0005564531322212335,0.17276642275924484,-5.054563382356713e-05,-1.4758786471149927e-05,0.5285246969486158,0.00017321010274634884,5.2429124528739475e-05
360,True,3.609999999999824,0.0,True,True,0.0,False,,-0.15,0.0,-0.73304,-0.58496,-0.50477,0.2203329066666666,0.0,0.0,-0.393862162962963,0.0,0.0,0.17,0.0,0.0,0.52333,0.0,0.0,-0.15,0.0,-0.73304,-0.58496,-0.50477,0.2203329066666666,0.0,0.0,-0.393862162962963,0.0,0.0,0.17,0.0,0.0,0.52333,0.0,0.0,-0.1662156508159233,-0.004099156589121937,-0.740064708596537,-0.5878783686011592,-0.5053217750726501,-0.02868834737442504,-0.007327419295146744,-0.0016184045775760728,-0.15008523305993246,-0.007453070249330218,-0.0005557817559446211,0.17276644749574002,-5.0559738642812654e-05,-1.4762213121401408e-05,0.5285247158347097,0.00017320448364837538,5.2427230202429863e-05
361,True,3.619999999999823,0.0,True,True,0.0,False,,-0.15,0.0,-0.73304,-0.58496,-0.50477,0.21854912000000004,0.0,0.0,-0.3927296,0.0,0.0,0.17,0.0,0.0,0.52333,0.0,0.0,-0.15,0.0,-0.73304,-0.58496,-0.50477,0.21854912000000004,0.0,0.0,-0.3927296,0.0,0.0,0.17,0.0,0.0,0.52333,0.0,0.0,-0.16621447111560653,-0.0040991779054919296,-0.7400647224205426,-0.5878783822668906,-0.5053217849738576,-0.028767739486844232,-0.007331542061199994,-0.0016210166421506092,-0.15014540877642718,-0.007441528426870794,-0.0005549768614930012,0.1727664716502684,-5.057574003722916e-05,-1.4766067515546955e-05,0.5285247340015482,0.00017319780730434494,5.242500411006506e-05
362,True,3.629999999999822,0.0,True,True,0.0,False,,-0.15,0.0,-0.73304,-0.58496,-0.50477,0.21662421333333337,0.0,0.0,-0.39150743703703705,0.0,0.0,0.17,0.0,0.0,0.52333,0.0,0.0,-0.15,0.0,-0.73304,-0.58496,-0.50477,0.21662421333333337,0.0,0.0,-0.39150743703703705,0.0,0.0,0.17,0.0,0.0,0.52333,0.0,0.0,-0.16621330407049753,-0.00409919835805844,-0.7400647348447909,-0.58787839525016,-0.505321794597135,-0.028867722060917846,-0.007334858113335361,-0.0016235479995765428,-0.1502245439059713,-0.007427219570842328,-0.0005540463547719235,0.17276649524131363,-5.059349481293484e-05,-1.4770316214250516e-05,0.5285247514818568,0.00017319015019531074,5.242247080732114e-05
363,True,3.6399999999998207,0.0,True,True,0.0,False,,-0.15,0.0,-0.73304,-0.58496,-0.50477,0.21456042666666664,0.0,0.0,-0.39019709629629634,0.0,0.0,0.17,0.0,0.0,0.52333,0.0,0.0,-0.15,0.0,-0.73304,-0.58496,-0.50477,0.21456042666666664,0.0,0.0,-0.39019709629629634,0.0,0.0,0.17,0.0,0.0,0.52333,0.0,0.0,-0.16621214828433287,-0.004099218142024729,-0.7400647462736122,-0.5878784077140208,-0.5053218039792904,-0.028988862513048132,-0.0073372291465828325,-0.0016259725309111651,-0.150323181946661,-0.007409815075789573,-0.000552991616996181,0.17276651832771756,-5.0612341430919144e-05,-1.4774806897122973e-05,0.5285247684036706,0.00017318186223830176,5.241974168926701e-05
364,True,3.6499999999998196,0.0,True,True,0.0,False,,-0.15,0.0,-0.73304,-0.58496,-0.50477,0.21236,0.0,0.0,-0.38880000000000003,0.0,0.0,0.17,0.0,0.0,0.52333,0.0,0.0,-0.15,0.0,-0.73304,-0.58496,-0.50477,0.21236,0.0,0.0,-0.38880000000000003,0.0,0.0,0.17,0.0,0.0,0.52333,0.0,0.0,-0.1662110027602468,-0.0040992374104078765,-0.7400647570232568,-0.5878784197861524,-0.5053218131496278,-0.029131536899903967,-0.007338578181872476,-0.0016282735158567473,-0.15044167664105568,-0.007389155217023268,-0.0005518114540733028,0.1727665409567505,-5.0631763756391813e-05,-1.4779420984988986e-05,0.5285247848681248,0.00017317321705049698,5.241690374002744e-05
365,True,3.6599999999998185,0.0,True,True,0.0,False,,-0.15,0.0,-0.73304,-0.58496,-0.50477,0.21002517333333326,0.0,0.0,-0.3873175703703704,0.0,0.0,0.17,0.0,0.0,0.52333,0.0,0.0,-0.15,0.0,-0.73304,-0.58496,-0.50477,0.21002517333333326,0.0,0.0,-0.3873175703703704,0.0,0.0,0.17,0.0,0.0,0.52333,0.0,0.0,-0.16620986700209286,-0.004099256258960478,-0.7400647672896568,-0.5878784315463345,-0.5053218221273524,-0.029296007873319048,-0.00733885504162938,-0.0016304381707805493,-0.15058027454854092,-0.007365154652272837,-0.0005505037606858953,0.17276656315997677,-5.065144498348907e-05,-1.4784085857609001e-05,0.528524800939566,0.00017316438321408767,5.2414010474832254e-05
366,True,3.6699999999998174,0.0,True,True,0.0,False,,-0.15,0.0,-0.73304,-0.58496,-0.50477,0.2075581866666666,0.0,0.0,-0.38575122962962966,0.0,0.0,0.17,0.0,0.0,0.52333,0.0,0.0,-0.15,0.0,-0.73304,-0.58496,-0.50477,0.2075581866666666,0.0,0.0,-0.38575122962962966,0.0,0.0,0.17,0.0,0.0,0.52333,0.0,0.0,-0.16620874084742635,-0.004099274744209267,-0.7400647771861705,-0.587878443041546,-0.5053218309247495,-0.02948246286440345,-0.007338021899400545,-0.0016324554142175332,-0.15073915318543651,-0.007337763158036928,-0.0005490662135139273,0.17276658495817002,-5.067120525224192e-05,-1.4788760409327622e-05,0.5285248166570508,0.00017315545701214328,5.2411092398791936e-05
367,True,3.6799999999998163,0.0,True,True,0.0,False,,-0.15,0.0,-0.73304,-0.58496,-0.50477,0.20496128000000002,0.0,0.0,-0.3841024,0.0,0.0,0.17,0.0,0.0,0.52333,0.0,0.0,-0.15,0.0,-0.73304,-0.58496,-0.50477,0.20496128000000002,0.0,0.0,-0.3841024,0.0,0.0,0.17,0.0,0.0,0.52333,0.0,0.0,-0.1662076243209296,-0.004099292900221567,-0.7400647867788437,-0.5878784542999853,-0.5053218395501261,-0.029691034170872193,-0.007336047234824776,-0.0016343149706339701,-0.15091843945884081,-0.0073069491545675195,-0.0005474965537666447,0.17276660636588845,-5.069094319345915e-05,-1.4793421573478667e-05,0.5285248320451059,0.00017314649322061693,5.2408166817518184e-05
368,True,3.689999999999815,0.0,True,True,0.0,False,,-0.15,0.0,-0.73304,-0.58496,-0.50477,0.20223669333333327,0.0,0.0,-0.38237250370370374,0.0,0.0,0.17,0.0,0.0,0.52333,0.0,0.0,-0.15,0.0,-0.73304,-0.58496,-0.50477,0.20223669333333327,0.0,0.0,-0.38237250370370374,0.0,0.0,0.17,0.0,0.0,0.52333,0.0,0.0,-0.166206517544734,-0.00409931074913263,-0.7400647961086047,-0.5878784653398714,-0.5053218480096552,-0.02992180986194584,-0.0073329032461966785,-0.001636007008065826,-0.15111821842448908,-0.007272692635178671,-0.0005457927003315189,0.17276662739434975,-5.071059907347542e-05,-1.4798055842310537e-05,0.5285248471205076,0.00017313752456088504,5.2405244027540515e-05
369,True,3.699999999999814,0.0,True,True,0.0,False,,-0.15,0.0,-0.73304,-0.58496,-0.50477,0.1993866666666666,0.0,0.0,-0.380562962962963,0.0,0.0,0.17,0.0,0.0,0.52333,0.0,0.0,-0.15,0.0,-0.73304,-0.58496,-0.50477,0.1993866666666666,0.0,0.0,-0.380562962962963,0.0,0.0,0.17,0.0,0.0,0.52333,0.0,0.0,-0.16620542069055438,-0.004099328306857783,-0.7400648052033326,-0.5878784761742215,-0.5053218563083767,-0.030174841369916883,-0.007328564748557268,-0.0016375220100062903,-0.15133853921985924,-0.0072349819554357675,-0.000543952786559309,0.17276664805299227,-5.0730134730809704e-05,-1.4802654656780668e-05,0.5285248618959697,0.000173128572306657,5.2402330688949006e-05
370,True,3.709999999999813,0.0,True,True,0.0,False,,-0.15,0.0,-0.73304,-0.58496,-0.50477,0.19641343999999994,0.0,0.0,-0.3786752,0.0,0.0,0.17,0.0,0.0,0.52333,0.0,0.0,-0.15,0.0,-0.73304,-0.58496,-0.50477,0.19641343999999994,0.0,0.0,-0.3786752,0.0,0.0,0.17,0.0,0.0,0.52333,0.0,0.0,-0.1662043339552269,-0.0040993455860385405,-0.7400648140840909,-0.5878784868133138,-0.5053218644507123,-0.030450148397313012,-0.0073230086617848515,-0.0016388507285341127,-0.1515794187422916,-0.007193812268129563,-0.0005419751697021992,0.17276666835028123,-5.0749523201656524e-05,-1.480721202510794e-05,0.5285248763820504,0.00017311965177631153,5.239943157067292e-05
371,True,3.719999999999812,0.0,True,True,0.0,False,,-0.15,0.0,-0.73304,-0.58496,-0.50477,0.19331925333333333,0.0,0.0,-0.37671063703703705,0.0,0.0,0.17,0.0,0.0,0.52333,0.0,0.0,-0.15,0.0,-0.73304,-0.58496,-0.50477,0.19331925333333333,0.0,0.0,-0.37671063703703705,0.0,0.0,0.17,0.0,0.0,0.52333,0.0,0.0,-0.16620325754876503,-0.004099362597478325,-0.7400648227681685,-0.5878784972658896,-0.5053218724407181,-0.030747722757871427,-0.0073162137536869265,-0.0016399841727816613,-0.15184084472430648,-0.007149184636761048,-0.0005398584277557283,0.1727666882941022,-5.076874365261951e-05,-1.4811723360588013e-05,0.5285248905880844,0.00017311077501945446,5.239655040373079e-05
372,True,3.729999999999811,0.0,True,True,0.0,False,,-0.15,0.0,-0.73304,-0.58496,-0.50477,0.1901063466666667,0.0,0.0,-0.37467069629629635,0.0,0.0,0.17,0.0,0.0,0.52333,0.0,0.0,-0.15,0.0,-0.73304,-0.58496,-0.50477,0.1901063466666667,0.0,0.0,-0.37467069629629635,0.0,0.0,0.17,0.0,0.0,0.52333,0.0,0.0,-0.1662021916881612,-0.004099379350872377,-0.7400648312706277,-0.5878785075397636,-0.5053218802822133,-0.031067531133263566,-0.007308160494138358,-0.0016409136082332514,-0.15212277812889224,-0.0071011054855393795,-0.0005376013535624893,0.1727667078919618,-5.0787778803361224e-05,-1.4816184890676925e-05,0.5285249045226573,0.00017310195218467954,5.239369031554323e-05
373,True,3.7399999999998097,0.0,True,True,0.0,False,,-0.15,0.0,-0.73304,-0.58496,-0.50477,0.18677696,0.0,0.0,-0.3725568,0.0,0.0,0.17,0.0,0.0,0.52333,0.0,0.0,-0.15,0.0,-0.73304,-0.58496,-0.50477,0.18677696,0.0,0.0,-0.3725568,0.0,0.0,0.17,0.0,0.0,0.52333,0.0,0.0,-0.1662011418937214,-0.004099395248558744,-0.7400648383295699,-0.5878785171363604,-0.5053218878728923,-0.03140950792671814,-0.007297801372095265,-0.0016416461072003361,-0.15242508944732588,-0.007048655919995088,-0.0005351976889503355,0.17276672698550535,-5.080872651411024e-05,-1.4821079123574049e-05,0.5285249178046025,0.00017309207976951005,5.2390500217575624e-05
374,True,3.7499999999998086,0.0,True,True,0.0,False,,-0.15,0.0,-0.73304,-0.58496,-0.50477,0.18333333333333335,0.0,0.0,-0.3703703703703704,0.0,0.0,0.17,0.0,0.0,0.52333,0.0,0.0,-0.15,0.0,-0.73304,-0.58496,-0.50477,0.18333333333333335,0.0,0.0,-0.3703703703703704,0.0,0.0,0.17,0.0,0.0,0.52333,0.0,0.0,-0.16620011622233039,-0.004099409406414721,-0.7400648420796225,-0.5878785253188785,-0.5053218950606227,-0.03177355510615923,-0.007282912317912099,-0.0016422075289023107,-0.15274755045952668,-0.00698986580457756,-0.000532635401485508,0.17276674533802042,-5.0834684867066434e-05,-1.4827117629681952e-05,0.5285249298683727,0.0001730795269525712,5.238646170525355e-05
375,True,3.7599999999998075,0.0,True,True,0.0,False,,-0.15,0.0,-0.73304,-0.58496,-0.50477,0.1797777066666666,0.0,0.0,-0.36811282962962966,0.0,0.0,0.17,0.0,0.0,0.52333,0.0,0.0,-0.15,0.0,-0.73304,-0.58496,-0.50477,0.1797777066666666,0.0,0.0,-0.36811282962962966,0.0,0.0,0.17,0.0,0.0,0.52333,0.0,0.0,-0.16619911306041493,-0.004099422063606721,-0.7400648430162018,-0.587878532288106,-0.5053219018898043,-0.032159563316016763,-0.007261990026547798,-0.0016426158042396415,-0.1530899596620028,-0.006923446194333053,-0.000529905938864982,0.1727667630192158,-5.08648414157827e-05,-1.4834111642723507e-05,0.5285249408686091,0.00017306472124066694,5.238171164711763e-05
376,True,3.7699999999998064,0.0,True,True,0.0,False,,-0.15,0.0,-0.73304,-0.58496,-0.50477,0.17611232,0.0,0.0,-0.3657856,0.0,0.0,0.17,0.0,0.0,0.52333,0.0,0.0,-0.15,0.0,-0.73304,-0.58496,-0.50477,0.17611232,0.0,0.0,-0.3657856,0.0,0.0,0.17,0.0,0.0,0.52333,0.0,0.0,-0.16619812611075102,-0.004099434022716556,-0.7400648428229945,-0.5878785387142229,-0.5053219085029325,-0.03256741937675776,-0.00723484742636105,-0.0016428730555470127,-0.15345218246870965,-0.00684933979556179,-0.0005270062908142042,0.17276678025266645,-5.089641188353269e-05,-1.4841420289913761e-05,0.5285249513228562,0.00017304913050528048,5.237671725963104e-05
377,True,3.7799999999998053,0.0,True,True,0.0,False,,-0.15,0.0,-0.73304,-0.58496,-0.50477,0.17233941333333336,0.0,0.0,-0.3633901037037037,0.0,0.0,0.17,0.0,0.0,0.52333,0.0,0.0,-0.15,0.0,-0.73304,-0.58496,-0.50477,0.17233941333333336,0.0,0.0,-0.3633901037037037,0.0,0.0,0.17,0.0,0.0,0.52333,0.0,0.0,-0.1661971508220243,-0.004099445894743793,-0.7400648427829111,-0.5878785451068367,-0.5053219150086515,-0.03299700103301091,-0.007201871822264045,-0.001642975135393288,-0.153834105398126,-0.006768034726384912,-0.0005239355085840373,0.17276679720971766,-5.09272745059796e-05,-1.4848556295518548e-05,0.5285249616265283,0.00017303387486336378,5.237183456543079e-05
378,True,3.789999999999804,0.0,True,True,0.0,False,,-0.15,0.0,-0.73304,-0.58496,-0.50477,0.16846122666666663,0.0,0.0,-0.36092776296296303,0.0,0.0,0.17,0.0,0.0,0.52333,0.0,0.0,-0.15,0.0,-0.73304,-0.58496,-0.50477,0.16846122666666663,0.0,0.0,-0.36092776296296303,0.0,0.0,0.17,0.0,0.0,0.52333,0.0,0.0,-0.1661961850269983,-0.004099458010916624,-0.7400648435904563,-0.5878785517416694,-0.5053219214665182,-0.033448173403673016,-0.0071636501698272535,-0.0016429153774865856,-0.15423561195736285,-0.006680207076771117,-0.0005206934939889605,0.17276681398532748,-5.095628295585192e-05,-1.4855257158717964e-05,0.5285249719954342,0.00017301956051226714,5.236725588943493e-05
379,True,3.799999999999803,0.0,True,True,0.0,False,,-0.15,0.0,-0.73304,-0.58496,-0.50477,0.16447999999999996,0.0,0.0,-0.35840000000000005,0.0,0.0,0.17,0.0,0.0,0.52333,0.0,0.0,-0.15,0.0,-0.73304,-0.58496,-0.50477,0.16447999999999996,0.0,0.0,-0.35840000000000005,0.0,0.0,0.17,0.0,0.0,0.52333,0.0,0.0,-0.16619522824666502,-0.004099470497157804,-0.7400648455075028,-0.5878785587229344,-0.505321927900136,-0.033920789344708185,-0.0071207896536938705,-0.0016426861041046192,-0.1546565731926891,-0.006586546352807929,-0.0005172805948090865,0.17276683061834563,-5.0983008875294925e-05,-1.4861425481554685e-05,0.5285249825132221,0.00017300641482027258,5.236305304497021e-05
380,True,3.809999999999802,0.0,True,True,0.0,False,,-0.15,0.0,-0.73304,-0.58496,-0.50477,0.1603979733333334,0.0,0.0,-0.35580823703703707,0.0,0.0,0.17,0.0,0.0,0.52333,0.0,0.0,-0.15,0.0,-0.73304,-0.58496,-0.50477,0.1603979733333334,0.0,0.0,-0.35580823703703707,0.0,0.0,0.17,0.0,0.0,0.52333,0.0,0.0,-0.1661942809469569,-0.004099483359519154,-0.7400648485429775,-0.5878785660547826,-0.5053219343121435,-0.03441468979484878,-0.007073840070878044,-0.00164227924230298,-0.15509684381390104,-0.006487679363155054,-0.0005136974812832726,0.1727668471148188,-5.1007443967477e-05,-1.486706028967072e-05,0.5285249931862048,0.000172994443260562,5.235922733561998e-05
381,True,3.819999999999801,0.0,True,True,0.0,False,,-0.15,0.0,-0.73304,-0.58496,-0.50477,0.15621738666666662,0.0,0.0,-0.35315389629629634,0.0,0.0,0.17,0.0,0.0,0.52333,0.0,0.0,-0.15,0.0,-0.73304,-0.58496,-0.50477,0.15621738666666662,0.0,0.0,-0.35315389629629634,0.0,0.0,0.17,0.0,0.0,0.52333,0.0,0.0,-0.16619334402226937,-0.004099496545563136,-0.7400648525822492,-0.5878785736926078,-0.5053219406949604,-0.03492970400554554,-0.007023267547820534,-0.0016416865867165847,-0.15555626088418964,-0.006384144740492415,-0.0005099451098238175,0.17276686346474543,-5.102978519771498e-05,-1.4872207613647668e-05,0.5285250039828685,0.00017298354275446594,5.235574562244098e-05
382,True,3.8299999999998,0.0,True,True,0.0,False,,-0.15,0.0,-0.73304,-0.58496,-0.50477,0.15194047999999993,0.0,0.0,-0.35043840000000004,0.0,0.0,0.17,0.0,0.0,0.52333,0.0,0.0,-0.15,0.0,-0.73304,-0.58496,-0.50477,0.15194047999999993,0.0,0.0,-0.35043840000000004,0.0,0.0,0.17,0.0,0.0,0.52333,0.0,0.0,-0.16619241849208236,-0.004099509981503512,-0.7400648574655411,-0.587878581574076,-0.5053219470372808,-0.03546565002521826,-0.006969452944045125,-0.0016408999278381385,-0.15603464424240374,-0.006276392069634517,-0.0005060247082726813,0.1727668796522182,-5.105030450050995e-05,-1.4876930557878449e-05,0.5285250148578275,0.00017297357050517813,5.235256220708168e-05
383,True,3.8399999999997987,0.0,True,True,0.0,False,,-0.15,0.0,-0.73304,-0.58496,-0.50477,0.14756949333333325,0.0,0.0,-0.34766317037037037,0.0,0.0,0.17,0.0,0.0,0.52333,0.0,0.0,-0.15,0.0,-0.73304,-0.58496,-0.50477,0.14756949333333325,0.0,0.0,-0.34766317037037037,0.0,0.0,0.17,0.0,0.0,0.52333,0.0,0.0,-0.1661915053448824,-0.004099523592029051,-0.74006486302984,-0.5878785896356782,-0.5053219533275332,-0.03602233601630418,-0.006912700855442059,-0.001639911130067226,-0.1565317983635603,-0.006164791561368169,-0.0005019377610117559,0.17276689566084036,-5.106927908832736e-05,-1.4881293316130779e-05,0.5285250257646353,0.00017296438085409545,5.234963053744281e-05
384,True,3.8499999999997976,0.0,True,True,0.0,False,,-0.15,0.0,-0.73304,-0.58496,-0.50477,0.14310666666666672,0.0,0.0,-0.34482962962962965,0.0,0.0,0.17,0.0,0.0,0.52333,0.0,0.0,-0.15,0.0,-0.73304,-0.58496,-0.50477,0.14310666666666672,0.0,0.0,-0.34482962962962965,0.0,0.0,0.17,0.0,0.0,0.52333,0.0,0.0,-0.16619060546994155,-0.0040995373095313115,-0.7400648691284344,-0.5878785978204248,-0.5053219595554869,-0.03659956060356246,-0.006853251956649809,-0.001638712175138436,-0.15704751340898684,-0.006049647112775866,-0.0004976859976382338,0.1727669114762486,-5.108695894108978e-05,-1.4885353731677685e-05,0.5285250366617591,0.00017295584249321048,5.234690866674633e-05
385,True,3.8599999999997965,0.0,True,True,0.0,False,,-0.15,0.0,-0.73304,-0.58496,-0.50477,0.13855424000000005,0.0,0.0,-0.34193920000000005,0.0,0.0,0.17,0.0,0.0,0.52333,0.0,0.0,-0.15,0.0,-0.73304,-0.58496,-0.50477,0.13855424000000005,0.0,0.0,-0.34193920000000005,0.0,0.0,0.17,0.0,0.0,0.52333,0.0,0.0,-0.16618971963676094,-0.004099551077420573,-0.7400648756379523,-0.5878786060806029,-0.505321965712826,-0.03719711412189589,-0.006791295550018324,-0.0016372952025760317,-0.1575815673257619,-0.005931209411966671,-0.0004932713778555594,0.17276692708702124,-5.1103555084312264e-05,-1.4889160628922162e-05,0.5285250475147364,0.00017294784468288007,5.234436121913709e-05
386,True,3.8699999999997954,0.0,True,True,0.0,False,,-0.15,0.0,-0.73304,-0.58496,-0.50477,0.1339144533333333,0.0,0.0,-0.33899330370370373,0.0,0.0,0.17,0.0,0.0,0.52333,0.0,0.0,-0.15,0.0,-0.73304,-0.58496,-0.50477,0.1339144533333333,0.0,0.0,-0.33899330370370373,0.0,0.0,0.17,0.0,0.0,0.52333,0.0,0.0,-0.1661888484983658,-0.004099564850386995,-0.7400648824589335,-0.5878786143779793,-0.5053219717931902,-0.0378147787199892,-0.006726980614810934,-0.0016356525415450202,-0.15813372615327395,-0.00580968754818625,-0.0004886960854368431,0.17276694248475175,-5.111923862902587e-05,-1.4892753611655968e-05,0.5285250582963533,0.0001729402977727865,5.2341959546734874e-05
387,True,3.8799999999997943,0.0,True,True,0.0,False,,-0.15,0.0,-0.73304,-0.58496,-0.50477,0.1291895466666666,0.0,0.0,-0.335993362962963,0.0,0.0,0.17,0.0,0.0,0.52333,0.0,0.0,-0.15,0.0,-0.73304,-0.58496,-0.50477,0.1291895466666666,0.0,0.0,-0.335993362962963,0.0,0.0,0.17,0.0,0.0,0.52333,0.0,0.0,-0.16618799259265332,-0.004099578594650431,-0.7400648895163533,-0.5878786226839967,-0.5053219777922155,-0.038452332089688714,-0.006660427231807395,-0.001633777097280852,-0.15870373678973873,-0.005685260922031722,-0.00048396261560770695,0.17276695766411868,-5.113413991865414e-05,-1.4896162879753804e-05,0.5285250689868058,0.000172933133649476,5.2339681866125854e-05
388,True,3.889999999999793,0.0,True,True,0.0,False,,-0.15,0.0,-0.73304,-0.58496,-0.50477,0.12438176000000001,0.0,0.0,-0.33294080000000004,0.0,0.0,0.17,0.0,0.0,0.52333,0.0,0.0,-0.15,0.0,-0.73304,-0.58496,-0.50477,0.12438176000000001,0.0,0.0,-0.33294080000000004,0.0,0.0,0.17,0.0,0.0,0.52333,0.0,0.0,-0.16618715235731432,-0.004099592286511845,-0.7400648967565686,-0.587878630978552,-0.5053219837072773,-0.0391095516056749,-0.006591736456479261,-0.0016316627881844603,-0.15929132134175358,-0.005558089322437154,-0.00047907384768795076,0.17276697262249172,-5.11483536094128e-05,-1.4899410409043866e-05,0.5285250795727697,0.0001729263030550617,5.233751240011406e-05
389,True,3.899999999999792,0.0,True,True,0.0,False,,-0.15,0.0,-0.73304,-0.58496,-0.50477,0.11949333333333323,0.0,0.0,-0.32983703703703704,0.0,0.0,0.17,0.0,0.0,0.52333,0.0,0.0,-0.15,0.0,-0.73304,-0.58496,-0.50477,0.11949333333333323,0.0,0.0,-0.32983703703703704,0.0,0.0,0.17,0.0,0.0,0.52333,0.0,0.0,-0.16618632816807585,-0.004099605908116503,-0.7400649041383921,-0.5878786392464511,-0.5053219895367477,-0.03978620841691085,-0.006520993385192258,-0.001629304179245922,-0.1598961882181941,-0.005428316052727401,-0.0004740329088586473,0.17276698735877652,-5.116195348789401e-05,-1.4902513365066596e-05,0.528525090044676,0.00017291976777276532,5.233543888893935e-05
390,True,3.909999999999791,0.0,True,True,0.0,False,,-0.15,0.0,-0.73304,-0.58496,-0.50477,0.11452650666666664,0.0,0.0,-0.32668349629629634,0.0,0.0,0.17,0.0,0.0,0.52333,0.0,0.0,-0.15,0.0,-0.73304,-0.58496,-0.50477,0.11452650666666664,0.0,0.0,-0.32668349629629634,0.0,0.0,0.17,0.0,0.0,0.52333,0.0,0.0,-0.16618552035623574,-0.004099619445510729,-0.7400649116289815,-0.5878786474757824,-0.5053219952796554,-0.04048206441983798,-0.0064482696264588964,-0.0016266962356609488,-0.16051804015063212,-0.0052960704032233566,-0.00046884308227020756,0.17276700187288474,-5.117499931274767e-05,-1.4905485677137005e-05,0.5285251003954557,0.00017291349700855485,5.233345143886993e-05
391,True,3.91999999999979,0.0,True,True,0.0,False,,-0.15,0.0,-0.73304,-0.58496,-0.50477,0.10948351999999995,0.0,0.0,-0.32348160000000004,0.0,0.0,0.17,0.0,0.0,0.52333,0.0,0.0,-0.15,0.0,-0.73304,-0.58496,-0.50477,0.10948351999999995,0.0,0.0,-0.32348160000000004,0.0,0.0,0.17,0.0,0.0,0.52333,0.0,0.0,-0.16618472921589403,-0.004099632887875739,-0.7400649192022106,-0.5878786556572722,-0.5053220009355526,-0.04119687161822933,-0.006373625895458535,-0.0016238342344066386,-0.1611565769541678,-0.005161470285600267,-0.000463507767665747,0.17276701616552562,-5.11875395383458e-05,-1.4908338665183837e-05,0.5285251106200431,0.00017290746594526173,5.233154206200931e-05
392,True,3.9299999999997888,0.0,True,True,0.0,False,,-0.15,0.0,-0.73304,-0.58496,-0.50477,0.1043666133333333,0.0,0.0,-0.3202327703703704,0.0,0.0,0.17,0.0,0.0,0.52333,0.0,0.0,-0.15,0.0,-0.73304,-0.58496,-0.50477,0.1043666133333333,0.0,0.0,-0.3202327703703704,0.0,0.0,0.17,0.0,0.0,0.52333,0.0,0.0,-0.16618395500825428,-0.004099646227094911,-0.7400649268377465,-0.5878786637839198,-0.5053220065044385,-0.04193037287660113,-0.006297114503551497,-0.0016207137443362415,-0.16181149642708662,-0.005024624733122652,-0.0004580304618551228,0.17276703023808865,-5.11996128608526e-05,-1.4911081396373796e-05,0.5285251207150936,0.00017290165492064012,5.232970441432573e-05
393,True,3.9399999999997877,0.0,True,True,0.0,False,,-0.15,0.0,-0.73304,-0.58496,-0.50477,0.09917802666666664,0.0,0.0,-0.31693842962962965,0.0,0.0,0.17,0.0,0.0,0.52333,0.0,0.0,-0.15,0.0,-0.73304,-0.58496,-0.50477,0.09917802666666664,0.0,0.0,-0.31693842962962965,0.0,0.0,0.17,0.0,0.0,0.52333,0.0,0.0,-0.16618319796655368,-0.004099659457243561,-0.7400649345199676,-0.5878786718505693,-0.5053220119866695,-0.04268230228767173,-0.006218781279196969,-0.0016173306194195117,-0.16248249347662208,-0.004885635880860748,-0.0004524147493658808,0.17276704409250518,-5.121125002434211e-05,-1.4913721101822144e-05,0.5285251306786538,0.00017289604847087268,5.2327933490750006e-05
394,True,3.9499999999997866,0.0,True,True,0.0,False,,-0.15,0.0,-0.73304,-0.58496,-0.50477,0.09392,0.0,0.0,-0.31360000000000005,0.0,0.0,0.17,0.0,0.0,0.52333,0.0,0.0,-0.15,0.0,-0.73304,-0.58496,-0.50477,0.09392,0.0,0.0,-0.31360000000000005,0.0,0.0,0.17,0.0,0.0,0.52333,0.0,0.0,-0.16618245829962094,-0.004099672574220495,-0.7400649422371818,-0.5878786798535982,-0.5053220173828957,-0.04345238615750115,-0.006138667261282952,-0.0016136810071033212,-0.16316925991469983,-0.004744600641833657,-0.0004466642936207889,0.1727670577311485,-5.122247512892906e-05,-1.4916263478494553e-05,0.5285251405099232,0.00017289063463728387,5.2326225404137304e-05
395,True,3.9599999999997855,0.0,True,True,0.0,False,,-0.15,0.0,-0.73304,-0.58496,-0.50477,0.08859477333333332,0.0,0.0,-0.31021890370370375,0.0,0.0,0.17,0.0,0.0,0.52333,0.0,0.0,-0.15,0.0,-0.73304,-0.58496,-0.50477,0.08859477333333332,0.0,0.0,-0.31021890370370375,0.0,0.0,0.17,0.0,0.0,0.52333,0.0,0.0,-0.1661817361957397,-0.0040996855753366685,-0.7400649499807536,-0.5878786877905731,-0.5053220226939887,-0.0442403436204007,-0.006056809965399961,-0.0016097613535646519,-0.16387148405631638,-0.004601611957254143,-0.00044078282948673545,0.17276707115672246,-5.123330708398875e-05,-1.4918713024382506e-05,0.5285251502089889,0.00017288540419766818,5.232457714029052e-05
396,True,3.9699999999997844,0.0,True,True,0.0,False,,-0.15,0.0,-0.73304,-0.58496,-0.50477,0.08320458666666664,0.0,0.0,-0.306796562962963,0.0,0.0,0.17,0.0,0.0,0.52333,0.0,0.0,-0.15,0.0,-0.73304,-0.58496,-0.50477,0.08320458666666664,0.0,0.0,-0.306796562962963,0.0,0.0,0.17,0.0,0.0,0.52333,0.0,0.0,-0.16618103182560096,-0.0040996984589987545,-0.7400649577444337,-0.5878786956599832,-0.5053220279209862,-0.04504588691666017,-0.005973244351445703,-0.0016055684064052098,-0.16458885035779558,-0.004456759745752827,-0.00043477415671253804,0.17276708437217578,-5.1243760728779886e-05,-1.4921073296854387e-05,0.5285251597766212,0.00017288035007321357,5.2322986368998576e-05
397,True,3.9799999999997833,0.0,True,True,0.0,False,,-0.15,0.0,-0.73304,-0.58496,-0.50477,0.07775167999999999,0.0,0.0,-0.3033344,0.0,0.0,0.17,0.0,0.0,0.52333,0.0,0.0,-0.15,0.0,-0.73304,-0.58496,-0.50477,0.07775167999999999,0.0,0.0,-0.3033344,0.0,0.0,0.17,0.0,0.0,0.52333,0.0,0.0,-0.1661803453448576,-0.004099711224431249,-0.7400649655237695,-0.5878787034610078,-0.5053220330650441,-0.04586872202086257,-0.005888003597577934,-0.001601099219744768,-0.165321039735895,-0.004310131604606082,-0.000428642131362561,0.17276709738062704,-5.125384781609716e-05,-1.4923347139366273e-05,0.5285251692140936,0.00017287546680817476,5.232145127828323e-05
398,True,3.989999999999782,0.0,True,True,0.0,False,,-0.15,0.0,-0.73304,-0.58496,-0.50477,0.07223829333333331,0.0,0.0,-0.29983383703703703,0.0,0.0,0.17,0.0,0.0,0.52333,0.0,0.0,-0.15,0.0,-0.73304,-0.58496,-0.50477,0.07223829333333331,0.0,0.0,-0.29983383703703703,0.0,0.0,0.17,0.0,0.0,0.52333,0.0,0.0,-0.16617967689599958,-0.004099723871473916,-0.7400649733156746,-0.5878787111933456,-0.505322038127401,-0.046708548708408605,-0.005801119660384079,-0.0015963511540643925,-0.1660677295618147,-0.004161813324986492,-0.0004223906590612308,0.17276711018531013,-5.1263577731612726e-05,-1.4925536847226033e-05,0.5285251785230529,0.00017287075018915585,5.2319970453133684e-05
399,True,3.999999999999781,0.0,True,True,0.0,False,,-0.15,0.0,-0.73304,-0.58496,-0.50477,0.0666666666666666,0.0,0.0,-0.2962962962962963,0.0,0.0,0.17,0.0,0.0,0.52333,0.0,0.0,-0.15,0.0,-0.73304,-0.58496,-0.50477,0.0666666666666666,0.0,0.0,-0.2962962962962963,0.0,0.0,0.17,0.0,0.0,0.52333,0.0,0.0,-0.16617902661010744,-0.004099736400390828,-0.7400649811180228,-0.5878787188570548,-0.5053220431093453,-0.047565060140014735,-0.0057126236137067165,-0.0015913218701753707,-0.16682859326276095,-0.004011889214104487,-0.00041602368969079353,0.1727671227895228,-5.127295817078551e-05,-1.4927644323527696e-05,0.5285251877053955,0.00017286619688720075,5.2318542761529896e-05
400,True,4.00999999999978,0.0,True,True,0.0,False,,-0.15,0.0,-0.73304,-0.58496,-0.50477,0.06103903999999999,0.0,0.0,-0.2927232,0.0,0.0,0.17,0.0,0.0,0.52333,0.0,0.0,-0.15,0.0,-0.73304,-0.58496,-0.50477,0.06103903999999999,0.0,0.0,-0.2927232,0.0,0.0,0.17,0.0,0.0,0.52333,0.0,0.0,-0.16617839460790984,-0.00409974881175498,-0.7400649889294028,-0.5878787264524563,-0.5053220480121959,-0.04843794297505459,-0.005622545965677833,-0.001586009328111561,-0.16760330062818907,-0.0038604423405841064,-0.0004095452099763061,0.1727671351965958,-5.128199555127948e-05,-1.4929671174140397e-05,0.5285251967631923,0.00017286180423942818,5.231716728491338e-05
401,True,4.019999999999779,0.0,True,True,0.0,False,,-0.15,0.0,-0.73304,-0.58496,-0.50477,0.05535765333333326,0.0,0.0,-0.28911597037037035,0.0,0.0,0.17,0.0,0.0,0.52333,0.0,0.0,-0.15,0.0,-0.73304,-0.58496,-0.50477,0.05535765333333326,0.0,0.0,-0.28911597037037035,0.0,0.0,0.17,0.0,0.0,0.52333,0.0,0.0,-0.1661777811270971,-0.004099761089922896,-0.7400649967143584,-0.5878787339663588,-0.5053220528344174,-0.04932770463212737,-0.005530980472987619,-0.001580414723319861,-0.1683920447936868,-0.0037075376033728715,-0.0004029560928608715,0.17276714740538202,-5.129075259972344e-05,-1.493163194181769e-05,0.5285252056880827,0.0001728575399246804,5.231583367541169e-05
402,True,4.029999999999778,0.0,True,True,0.0,False,,-0.15,0.0,-0.73304,-0.58496,-0.50477,0.049624746666666664,0.0,0.0,-0.28547602962962965,0.0,0.0,0.17,0.0,0.0,0.52333,0.0,0.0,-0.15,0.0,-0.73304,-0.58496,-0.50477,0.049624746666666664,0.0,0.0,-0.28547602962962965,0.0,0.0,0.17,0.0,0.0,0.52333,0.0,0.0,-0.16617718652123833,-0.004099773203609883,-0.7400650044045866,-0.5878787413725477,-0.5053220575717243,-0.05023592108035533,-0.0054381018029366485,-0.0015745428901722787,-0.1691957280409498,-0.0035532135394335906,-0.0003962531534742922,0.17276715941041282,-5.1299346371393154e-05,-1.4933553639247317e-05,0.528525214461637,0.00017285334300190058,5.2314522491456914e-05
403,True,4.039999999999777,0.0,True,True,0.0,False,,-0.15,0.0,-0.73304,-0.58496,-0.50477,0.043842559999999975,0.0,0.0,-0.2818048,0.0,0.0,0.17,0.0,0.0,0.52333,0.0,0.0,-0.15,0.0,-0.73304,-0.58496,-0.50477,0.043842559999999975,0.0,0.0,-0.2818048,0.0,0.0,0.17,0.0,0.0,0.52333,0.0,0.0,-0.16617661092235014,-0.004099785150179674,-0.7400650119920158,-0.5878787486687284,-0.5053220622248246,-0.05116385608763954,-0.005344057465726426,-0.001568396989362408,-0.1700151455151371,-0.003397505406673514,-0.0003894342463908101,0.1727671712139865,-5.130779410539203e-05,-1.4935440282114774e-05,0.5285252230837575,0.00017284920503847221,5.231323101510924e-05
404,True,4.049999999999776,0.0,True,True,0.0,False,,-0.15,0.0,-0.73304,-0.58496,-0.50477,0.03801333333333329,0.0,0.0,-0.2781037037037037,0.0,0.0,0.17,0.0,0.0,0.52333,0.0,0.0,-0.15,0.0,-0.73304,-0.58496,-0.50477,0.03801333333333329,0.0,0.0,-0.2781037037037037,0.0,0.0,0.17,0.0,0.0,0.52333,0.0,0.0,-0.16617605551334103,-0.004099796796125794,-0.7400650191936445,-0.5878787557434856,-0.5053220667715342,-0.05211278555660157,-0.005250010102193031,-0.0015617882872215282,-0.17085180325806137,-0.003239377286392074,-0.0003825605418094483,0.1727671827826346,-5.13165681757419e-05,-1.493740058332484e-05,0.5285252314704262,0.00017284487809555684,5.2311880321990625e-05
405,True,4.059999999999775,0.0,True,True,0.0,False,,-0.15,0.0,-0.73304,-0.58496,-0.50477,0.03213930666666659,0.0,0.0,-0.27437416296296296,0.0,0.0,0.17,0.0,0.0,0.52333,0.0,0.0,-0.15,0.0,-0.73304,-0.58496,-0.50477,0.03213930666666659,0.0,0.0,-0.27437416296296296,0.0,0.0,0.17,0.0,0.0,0.52333,0.0,0.0,-0.1661755205342006,-0.004099808125117812,-0.7400650259721652,-0.5878787625833146,-0.505322071210213,-0.053083912802927236,-0.005157600489360203,-0.001554440643135376,-0.17170755517555067,-0.0030772859185005203,-0.00037572427239236905,0.172767194114787,-5.1325734478431925e-05,-1.4939449409399215e-05,0.5285252396124781,0.00017284032778959864,5.2310459593181626e-05
406,True,4.069999999999774,0.0,True,True,0.0,False,,-0.15,0.0,-0.73304,-0.58496,-0.50477,0.026222719999999977,0.0,0.0,-0.2706176,0.0,0.0,0.17,0.0,0.0,0.52333,0.0,0.0,-0.15,0.0,-0.73304,-0.58496,-0.50477,0.026222719999999977,0.0,0.0,-0.2706176,0.0,0.0,0.17,0.0,0.0,0.52333,0.0,0.0,-0.16617500350819212,-0.004099819467295831,-0.7400650330198432,-0.5878787694634652,-0.5053220755996308,-0.054074369894681965,-0.005064953918061663,-0.001546671393806607,-0.17257953487007394,-0.002913107354888091,-0.00036883113818306267,0.17276720530344533,-5.133414936611275e-05,-1.4941323912297239e-05,0.5285252477234503,0.00017283615718380606,5.23091605949394e-05
407,True,4.079999999999773,0.0,True,True,0.0,False,,-0.15,0.0,-0.73304,-0.58496,-0.50477,0.020265813333333382,0.0,0.0,-0.2668354370370371,0.0,0.0,0.17,0.0,0.0,0.52333,0.0,0.0,-0.15,0.0,-0.73304,-0.58496,-0.50477,0.020265813333333382,0.0,0.0,-0.2668354370370371,0.0,0.0,0.17,0.0,0.0,0.52333,0.0,0.0,-0.16617450506817097,-0.004099830763307683,-0.7400650402104041,-0.5878787763342159,-0.5053220799304176,-0.055083585637294055,-0.004971283080581208,-0.001538615073824293,-0.17346690241410095,-0.0027475702585523956,-0.0003618390601675412,0.17276721633527498,-5.1342024812407666e-05,-1.4943073228351423e-05,0.5285252557671055,0.0001728322558082822,5.230794799486288e-05
408,True,4.089999999999772,0.0,True,True,0.0,False,,-0.15,0.0,-0.73304,-0.58496,-0.50477,0.01427082666666668,0.0,0.0,-0.26302909629629634,0.0,0.0,0.17,0.0,0.0,0.52333,0.0,0.0,-0.15,0.0,-0.73304,-0.58496,-0.50477,0.01427082666666668,0.0,0.0,-0.26302909629629634,0.0,0.0,0.17,0.0,0.0,0.52333,0.0,0.0,-0.16617402864286743,-0.004099841612969741,-0.7400650467003433,-0.5878787828617256,-0.5053220841336956,-0.05611627144222499,-0.0048764888705881615,-0.0015302950788104752,-0.17437284680664214,-0.002580363095370362,-0.00035472447143307265,0.17276722710383738,-5.13507614181781e-05,-1.4945019559098488e-05,0.5285252634882331,0.00017282788696661592,5.230658737188434e-05
409,True,4.0999999999997705,0.0,True,True,0.0,False,,-0.15,0.0,-0.73304,-0.58496,-0.50477,0.008239999999999914,0.0,0.0,-0.2592,0.0,0.0,0.17,0.0,0.0,0.52333,0.0,0.0,-0.15,0.0,-0.73304,-0.58496,-0.50477,0.008239999999999914,0.0,0.0,-0.2592,0.0,0.0,0.17,0.0,0.0,0.52333,0.0,0.0,-0.1661735744361829,-0.0040998520025859984,-0.740065052457688,-0.5878787890348104,-0.5053220882082553,-0.057176905241791504,-0.004780234263208231,-0.0015216493554166077,-0.17530039233243017,-0.002411577599063189,-0.00034744591789209755,0.17276723760807836,-5.13604162622745e-05,-1.4947175523097255e-05,0.5285252708790996,0.0001728230206332903,5.2305069393723496e-05
410,True,4.109999999999769,0.0,True,True,0.0,False,,-0.15,0.0,-0.73304,-0.58496,-0.50477,0.0021755733333332916,0.0,0.0,-0.25534957037037037,0.0,0.0,0.17,0.0,0.0,0.52333,0.0,0.0,-0.15,0.0,-0.73304,-0.58496,-0.50477,0.0021755733333332916,0.0,0.0,-0.25534957037037037,0.0,0.0,0.17,0.0,0.0,0.52333,0.0,0.0,-0.1661731401964764,-0.004099862222505588,-0.74006505809079,-0.5878787950957645,-0.5053220922059201,-0.05826769743269438,-0.004681148626299641,-0.001512485252873862,-0.1762504749598802,-0.0022428099116366946,-0.00033989984131053996,0.17276724792992765,-5.136998466696899e-05,-1.4949309903252666e-05,0.528525278127431,0.00017281818642180034,5.230356260982634e-05
411,True,4.119999999999768,0.0,True,True,0.0,False,,-0.15,0.0,-0.73304,-0.58496,-0.50477,-0.003920213333333367,0.0,0.0,-0.25147922962962965,0.0,0.0,0.17,0.0,0.0,0.52333,0.0,0.0,-0.15,0.0,-0.73304,-0.58496,-0.50477,-0.003920213333333367,0.0,0.0,-0.25147922962962965,0.0,0.0,0.17,0.0,0.0,0.52333,0.0,0.0,-0.16617272478332074,-0.004099872431076531,-0.7400650639314901,-0.5878788011765285,-0.5053220961553004,-0.059388753796307606,-0.004578099562653212,-0.0015025557389529729,-0.17722290678035274,-0.002075500089172693,-0.0003320092088927464,0.17276725811529547,-5.137891915005476e-05,-1.4951297129859296e-05,0.5285252853366492,0.00017281367381609907,5.230215894783901e-05
412,True,4.129999999999767,0.0,True,True,0.0,False,,-0.15,0.0,-0.73304,-0.58496,-0.50477,-0.010045120000000018,0.0,0.0,-0.2475904,0.0,0.0,0.17,0.0,0.0,0.52333,0.0,0.0,-0.15,0.0,-0.73304,-0.58496,-0.50477,-0.010045120000000018,0.0,0.0,-0.2475904,0.0,0.0,0.17,0.0,0.0,0.52333,0.0,0.0,-0.16617232963835504,-0.004099882476006727,-0.7400650696582444,-0.5878788071499084,-0.5053221000306989,-0.060538883562365406,-0.004471211726148917,-0.0014897429826304025,-0.17821689730380658,-0.0019097672136768416,-0.00032376514596958245,0.1727672681252593,-5.138775489390935e-05,-1.4953260606653506e-05,0.5285252924107361,0.0001728092020624614,5.2300768932013796e-05
413,True,4.139999999999766,0.0,True,True,0.0,False,,-0.15,0.0,-0.73304,-0.58496,-0.50477,-0.016196906666666677,0.0,0.0,-0.2436845037037037,0.0,0.0,0.17,0.0,0.0,0.52333,0.0,0.0,-0.15,0.0,-0.73304,-0.58496,-0.50477,-0.016196906666666677,0.0,0.0,-0.2436845037037037,0.0,0.0,0.17,0.0,0.0,0.52333,0.0,0.0,-0.16617195470167773,-0.004099892365246997,-0.7400650752855528,-0.5878788130225067,-0.5053221038344894,-0.06171694375277278,-0.004362073870538448,-0.001473717875394765,-0.17923121902425956,-0.0017442851463164949,-0.0003152644637637453,0.17276727796454994,-5.1396471161252605e-05,-1.4955195507540028e-05,0.5285252993560886,0.00017280478251511665,5.229939618818538e-05
414,True,4.149999999999765,0.0,True,True,0.0,False,,-0.15,0.0,-0.73304,-0.58496,-0.50477,-0.022373333333333356,0.0,0.0,-0.23976296296296296,0.0,0.0,0.17,0.0,0.0,0.52333,0.0,0.0,-0.15,0.0,-0.73304,-0.58496,-0.50477,-0.022373333333333356,0.0,0.0,-0.23976296296296296,0.0,0.0,0.17,0.0,0.0,0.52333,0.0,0.0,-0.16617160187144256,-0.004099901898447464,-0.7400650803907848,-0.5878788186270778,-0.5053221075325539,-0.06292472316991687,-0.004250572605204065,-0.0014558461331304177,-0.18026901824784422,-0.0015786729176132214,-0.00030652754507865047,0.17276728758104254,-5.1405770599385626e-05,-1.4957263683502785e-05,0.5285253060457575,0.000172800046135383,5.2297923185092206e-05
415,True,4.159999999999764,0.0,True,True,0.0,False,,-0.15,0.0,-0.73304,-0.58496,-0.50477,-0.028572160000000013,0.0,0.0,-0.23582720000000001,0.0,0.0,0.17,0.0,0.0,0.52333,0.0,0.0,-0.15,0.0,-0.73304,-0.58496,-0.50477,-0.028572160000000013,0.0,0.0,-0.23582720000000001,0.0,0.0,0.17,0.0,0.0,0.52333,0.0,0.0,-0.16617127405989693,-0.004099910770221527,-0.7400650843281761,-0.587878823709385,-0.5053221110726972,-0.06417199201442714,-0.00413236907509896,-0.0014384228649207454,-0.1813441712045073,-0.0014150405776377853,-0.0002973432737160614,0.17276729689377984,-5.1416727290685294e-05,-1.4959711239116866e-05,0.5285253122844139,0.00017279442692012405,5.229617026315905e-05
416,True,4.169999999999763,0.0,True,True,0.0,False,,-0.15,0.0,-0.73304,-0.58496,-0.50477,-0.03479114666666666,0.0,0.0,-0.23187863703703707,0.0,0.0,0.17,0.0,0.0,0.52333,0.0,0.0,-0.15,0.0,-0.73304,-0.58496,-0.50477,-0.03479114666666666,0.0,0.0,-0.23187863703703707,0.0,0.0,0.17,0.0,0.0,0.52333,0.0,0.0,-0.16617096193455771,-0.004099920101301007,-0.7400650894529818,-0.5878788292041717,-0.5053221146516693,-0.06545835278326151,-0.004004054399948793,-0.0014245958609227173,-0.18244461334042758,-0.0012578787182336516,-0.00028709271068603554,0.1727673062111247,-5.1425441675395154e-05,-1.4961641460301905e-05,0.5285253187927251,0.0001727899790081304,5.229479085061695e-05
417,True,4.179999999999762,0.0,True,True,0.0,False,,-0.15,0.0,-0.73304,-0.58496,-0.50477,-0.041028053333333314,0.0,0.0,-0.22791869629629635,0.0,0.0,0.17,0.0,0.0,0.52333,0.0,0.0,-0.15,0.0,-0.73304,-0.58496,-0.50477,-0.041028053333333314,0.0,0.0,-0.22791869629629635,0.0,0.0,0.17,0.0,0.0,0.52333,0.0,0.0,-0.16617067135240368,-0.004099929207437077,-0.7400650943275238,-0.5878788345402112,-0.5053221181505093,-0.06678645817512387,-0.003866749534820573,-0.0014133428819360866,-0.18356535608141458,-0.0011065452468102996,-0.0002744635177768528,0.1727673153488607,-5.1434295679946614e-05,-1.4963603367494885e-05,0.5285253251341402,0.00017278545060387074,5.229338614023917e-05
418,True,4.189999999999761,0.0,True,True,0.0,False,,-0.15,0.0,-0.73304,-0.58496,-0.50477,-0.04728064000000004,0.0,0.0,-0.22394879999999998,0.0,0.0,0.17,0.0,0.0,0.52333,0.0,0.0,-0.15,0.0,-0.73304,-0.58496,-0.50477,-0.04728064000000004,0.0,0.0,-0.22394879999999998,0.0,0.0,0.17,0.0,0.0,0.52333,0.0,0.0,-0.16617040764821658,-0.004099937438447681,-0.7400650975813834,-0.5878788391755401,-0.5053221214566572,-0.06816399042422616,-0.00372607737335194,-0.0014028343302989515,-0.18470751433276153,-0.000955364799314294,-0.0002608033156296295,0.172767324131821,-5.1445563581265714e-05,-1.4966119294409998e-05,0.5285253308921337,0.0001727796438663008,5.2291575368086574e-05
419,True,4.1999999999997595,0.0,True,True,0.0,False,,-0.15,0.0,-0.73304,-0.58496,-0.50477,-0.05354666666666669,0.0,0.0,-0.21997037037037037,0.0,0.0,0.17,0.0,0.0,0.52333,0.0,0.0,-0.15,0.0,-0.73304,-0.58496,-0.50477,-0.05354666666666669,0.0,0.0,-0.21997037037037037,0.0,0.0,0.17,0.0,0.0,0.52333,0.0,0.0,-0.16617017723260472,-0.004099944047123825,-0.7400650976405191,-0.5878788424877505,-0.5053221244407148,-0.0696070102532425,-0.003587911456604171,-0.001389555876861687,-0.18588995216677925,-0.0007982030188696116,-0.00024858812820863696,0.17276733235829186,-5.146185611033805e-05,-1.4969788590195338e-05,0.5285253355880128,0.00017277118413482298,5.228892168467337e-05
420,True,4.209999999999758,0.0,True,True,0.0,False,,-0.15,0.0,-0.73304,-0.58496,-0.50477,-0.05982389333333338,0.0,0.0,-0.21598482962962962,0.0,0.0,0.17,0.0,0.0,0.52333,0.0,0.0,-0.15,0.0,-0.73304,-0.58496,-0.50477,-0.05982389333333338,0.0,0.0,-0.21598482962962962,0.0,0.0,0.17,0.0,0.0,0.52333,0.0,0.0,-0.16616997728662827,-0.004099949421978299,-0.7400650953171792,-0.5878788448024055,-0.5053221271720436,-0.0711252714681762,-0.0034552171127298636,-0.0013701797750624073,-0.1871268964651133,-0.0006321329676154635,-0.00023771317395823884,0.17276734013639597,-5.148183196165897e-05,-1.4974300552480611e-05,0.5285253394710281,0.0001727607765450692,5.2285650422159754e-05
421,True,4.219999999999757,0.0,True,True,0.0,False,,-0.15,0.0,-0.73304,-0.58496,-0.50477,-0.06611008000000002,0.0,0.0,-0.2119936,0.0,0.0,0.17,0.0,0.0,0.52333,0.0,0.0,-0.15,0.0,-0.73304,-0.58496,-0.50477,-0.06611008000000002,0.0,0.0,-0.2119936,0.0,0.0,0.17,0.0,0.0,0.52333,0.0,0.0,-0.16616979449804106,-0.004099955238709618,-0.7400650941358088,-0.5878788475174263,-0.5053221299442914,-0.0727064382155364,-0.0033266654175863634,-0.001342817836304397,-0.18838648542965836,-0.0004604040267805324,-0.00022759056411867057,0.1727673479258301,-5.1499651911920574e-05,-1.4978312613419022e-05,0.5285253436186492,0.0001727514978971622,5.228274024801155e-05
422,True,4.229999999999756,0.0,True,True,0.0,False,,-0.15,0.0,-0.73304,-0.58496,-0.50477,-0.07240298666666667,0.0,0.0,-0.20799810370370372,0.0,0.0,0.17,0.0,0.0,0.52333,0.0,0.0,-0.15,0.0,-0.73304,-0.58496,-0.50477,-0.07240298666666667,0.0,0.0,-0.20799810370370372,0.0,0.0,0.17,0.0,0.0,0.52333,0.0,0.0,-0.1661696254201832,-0.0040999621485568825,-0.7400650954692941,-0.5878788511748636,-0.5053221328715094,-0.07437176939895997,-0.003173006698301725,-0.0012982461735038572,-0.18965403877465747,-0.0003127445653129743,-0.00021862376959575172,0.17276735590686185,-5.1513039876614875e-05,-1.4981303613833025e-05,0.5285253484520728,0.00017274455014091236,5.22805724880699e-05
423,True,4.239999999999755,0.0,True,True,0.0,False,,-0.15,0.0,-0.73304,-0.58496,-0.50477,-0.0787003733333333,0.0,0.0,-0.203999762962963,0.0,0.0,0.17,0.0,0.0,0.52333,0.0,0.0,-0.15,0.0,-0.73304,-0.58496,-0.50477,-0.0787003733333333,0.0,0.0,-0.203999762962963,0.0,0.0,0.17,0.0,0.0,0.52333,0.0,0.0,-0.16616949421867103,-0.0040999675889128165,-0.7400650939312469,-0.5878788536366187,-0.5053221355062965,-0.07616527271589808,-0.0029424559356690133,-0.0012284117395396266,-0.19092648452656327,-0.00023063821547266548,-0.0002113818908250572,0.17276736338246448,-5.153091870996349e-05,-1.4985327216047303e-05,0.5285253523296625,0.00017273523768782993,5.227765258983048e-05
424,True,4.249999999999754,0.0,True,True,0.0,False,,-0.15,0.0,-0.73304,-0.58496,-0.50477,-0.08500000000000002,0.0,0.0,-0.2,0.0,0.0,0.17,0.0,0.0,0.52333,0.0,0.0,-0.15,0.0,-0.73304,-0.58496,-0.50477,-0.08500000000000002,0.0,0.0,-0.2,0.0,0.0,0.17,0.0,0.0,0.52333,0.0,0.0,-0.16616952846754138,-0.004099956816765827,-0.740065058515993,-0.5878788426120578,-0.5053221352750882,-0.07810708736378152,-0.0025988283574789627,-0.0011311564872287306,-0.19220574648566205,-0.00020060380158921448,-0.00020612895130624442,0.1727673663302447,-5.160465473879357e-05,-1.5002190308069728e-05,0.5285253457907315,0.0001726965138953527,5.226537900885898e-05
425,True,4.259999999999753,0.02605146500466087,False,True,0.0,False,,-0.15,0.0,-0.73304,-0.58496,-0.50477,-0.09129962666666674,0.0,0.0,-0.19600023703703703,0.0,0.0,0.17,0.0,0.0,0.52333,0.0,0.0,-0.15,0.0,-0.73304,-0.58496,-0.50477,-0.09129962666666674,0.0,0.0,-0.19600023703703703,0.0,0.0,0.17,0.0,0.0,0.52333,0.0,0.0,-0.16616952980781644,-0.004099951774223222,-0.740065035314383,-0.5878788364157619,-0.5053221360193709,-0.08031403504973826,-0.0022288782518008355,-0.0010245359979899906,-0.19337526546492895,-0.00018978020015223313,-0.0002020701159623919,0.17276737073855702,-5.165792714985246e-05,-1.5014316184272331e-05,0.528525342896902,0.00017266853811020148,5.225653882792101e-05
426,True,4.269999999999752,0.11705640125265955,False,True,0.0,False,,-0.15,0.0,-0.73304,-0.58496,-0.50477,-0.09759701333333337,0.0,0.0,-0.1920018962962963,0.0,0.0,0.17,0.0,0.0,0.52333,0.0,0.0,-0.15,0.0,-0.73304,-0.58496,-0.50477,-0.09759701333333337,0.0,0.0,-0.1920018962962963,0.0,0.0,0.17,0.0,0.0,0.52333,0.0,0.0,-0.16616949173724266,-0.004099953313938114,-0.7400650261802435,-0.5878788357491281,-0.5053221378830542,-0.08302217544664571,-0.0018991237468439233,-0.0009259084264060074,-0.1940626417624282,-0.0001848710876232821,-0.00019850220892855263,0.17276737684510196,-5.1687611357480646e-05,-1.5021011248094487e-05,0.5285253442218768,0.0001726529946073603,5.225165649768039e-05
427,True,4.279999999999751,0.26759005307836353,False,True,0.0,False,,-0.15,0.0,-0.73304,-0.58496,-0.50477,-0.10388992000000002,0.0,0.0,-0.18800640000000002,0.0,0.0,0.17,0.0,0.0,0.52333,0.0,0.0,-0.15,0.0,-0.73304,-0.58496,-0.50477,-0.10388992000000002,0.0,0.0,-0.18800640000000002,0.0,0.0,0.17,0.0,0.0,0.52333,0.0,0.0,-0.16616946230032906,-0.0040999564036195485,-0.740065020539212,-0.5878788364089338,-0.5053221399852302,-0.08635018473845082,-0.0016236622099187234,-0.0008418807914576658,-0.19409653266116644,-0.0001822736628411478,-0.000195161894880975,0.17276738327924412,-5.1711225171784355e-05,-1.5026311956873973e-05,0.5285253465414793,0.00017264066416276095,5.224779557436476e-05
428,True,4.28999999999975,0.47905461612485034,False,True,0.0,False,,-0.15,0.0,-0.73304,-0.58496,-0.50477,-0.11017610666666666,0.0,0.0,-0.1840151703703704,0.0,0.0,0.17,0.0,0.0,0.52333,0.0,0.0,-0.15,0.0,-0.73304,-0.58496,-0.50477,-0.11017610666666666,0.0,0.0,-0.1840151703703704,0.0,0.0,0.17,0.0,0.0,0.52333,0.0,0.0,-0.16616945316932458,-0.004099960185929129,-0.7400650165778007,-0.5878788376780415,-0.5053221421765912,-0.09028147750774329,-0.0014023134379258777,-0.0007735702550287422,-0.19343554574870067,-0.00018058546284442997,-0.0001919465227282374,0.17276738980891698,-5.173178730769227e-05,-1.5030912010382574e-05,0.5285253493030824,0.00017262995092493297,5.224444860315521e-05
429,True,4.2999999999997485,0.7473050494444268,False,True,0.0,False,,-0.15,0.0,-0.73304,-0.58496,-0.50477,-0.11645333333333335,0.0,0.0,-0.18002962962962965,0.0,0.0,0.17,0.0,0.0,0.52333,0.0,0.0,-0.15,0.0,-0.73304,-0.58496,-0.50477,-0.11645333333333335,0.0,0.0,-0.18002962962962965,0.0,0.0,0.17,0.0,0.0,0.52333,0.0,0.0,-0.16616946651280118,-0.004099964762285199,-0.7400650145021841,-0.5878788396400086,-0.5053221444755208,-0.09474164522068215,-0.001228878515292756,-0.0007196560951489155,-0.1920998428274341,-0.00017926050290102574,-0.00018881566692066827,0.1727673964637593,-5.1748965520820305e-05,-1.5034734431198602e-05,0.5285253525706582,0.0001726210260224273,5.2241670266909476e-05
430,True,4.309999999999747,1.0644235597040281,False,True,0.0,False,,-0.15,0.0,-0.73304,-0.58496,-0.50477,-0.12271936000000006,0.0,0.0,-0.1760512,0.0,0.0,0.17,0.0,0.0,0.52333,0.0,0.0,-0.15,0.0,-0.73304,-0.58496,-0.50477,-0.12271936000000006,0.0,0.0,-0.1760512,0.0,0.0,0.17,0.0,0.0,0.52333,0.0,0.0,-0.1661695027903277,-0.004099970293124705,-0.7400650146463633,-0.5878788424277509,-0.5053221469105803,-0.09963880698038727,-0.0010953138924605734,-0.0006779418161607223,-0.19017192685717801,-0.00017808640610747855,-0.00018575305757432224,0.17276740328963494,-5.17622116961568e-05,-1.503765340657687e-05,0.528525356447515,0.00017261417661637826,5.2239551790304636e-05
431,True,4.319999999999746,1.4216366342271363,False,True,0.0,False,,-0.15,0.0,-0.73304,-0.58496,-0.50477,-0.12897194666666667,0.0,0.0,-0.17208130370370373,0.0,0.0,0.17,0.0,0.0,0.52333,0.0,0.0,-0.15,0.0,-0.73304,-0.58496,-0.50477,-0.12897194666666667,0.0,0.0,-0.17208130370370373,0.0,0.0,0.17,0.0,0.0,0.52333,0.0,0.0,-0.1661695625877471,-0.004099976821103528,-0.7400650170982654,-0.5878788460759005,-0.5053221494896531,-0.1048832453239411,-0.0009937057075689022,-0.0006461124412323128,-0.18775351723630895,-0.00017698081481642218,-0.00018275182743488866,0.17276741030032225,-5.177138378159404e-05,-1.5039636931494906e-05,0.5285253609619993,0.00017260947697154283,5.223811647635964e-05
432,True,4.329999999999745,1.8107058065515358,False,True,0.0,False,,-0.15,0.0,-0.73304,-0.58496,-0.50477,-0.13520885333333332,0.0,0.0,-0.16812136296296298,0.0,0.0,0.17,0.0,0.0,0.52333,0.0,0.0,-0.15,0.0,-0.73304,-0.58496,-0.50477,-0.13520885333333332,0.0,0.0,-0.16812136296296298,0.0,0.0,0.17,0.0,0.0,0.52333,0.0,0.0,-0.16616964682187918,-0.004099984282742466,-0.7400650217230285,-0.5878788505305569,-0.5053221522020457,-0.11039579137603958,-0.0009170902720133338,-0.0006220668167701701,-0.18494413875074853,-0.0001759120552237058,-0.0001798087795224359,0.17276741748064023,-5.177670846083681e-05,-1.504073788155291e-05,0.5285253660744814,0.0001726068073489193,5.223732587387646e-05
433,True,4.339999999999744,2.224490342086872,False,True,0.0,False,,-0.15,0.0,-0.73304,-0.58496,-0.50477,-0.14142784000000008,0.0,0.0,-0.16417279999999998,0.0,0.0,0.17,0.0,0.0,0.52333,0.0,0.0,-0.15,0.0,-0.73304,-0.58496,-0.50477,-0.14142784000000008,0.0,0.0,-0.16417279999999998,0.0,0.0,0.17,0.0,0.0,0.52333,0.0,0.0,-0.16616975657479544,-0.004099992554024032,-0.7400650282584782,-0.5878788556873922,-0.5053221550264966,-0.1161103483605319,-0.0008596936412956377,-0.000604033167165232,-0.1818317561370034,-0.00017486817493859712,-0.00017692214852190738,0.17276742479886295,-5.177862331855883e-05,-1.5041057548856792e-05,0.5285253717064473,0.00017260593689729062,5.2237106223590465e-05
434,True,4.349999999999743,2.657084292366146,False,True,0.0,False,,-0.15,0.0,-0.73304,-0.58496,-0.50477,-0.14762666666666668,0.0,0.0,-0.16023703703703707,0.0,0.0,0.17,0.0,0.0,0.52333,0.0,0.0,-0.15,0.0,-0.73304,-0.58496,-0.50477,-0.14762666666666668,0.0,0.0,-0.16023703703703707,0.0,0.0,0.17,0.0,0.0,0.52333,0.0,0.0,-0.1661698930900822,-0.004100001468573006,-0.7400650363533454,-0.5878788614068694,-0.5053221579343699,-0.12197356559591654,-0.0008169015191649262,-0.0005903442722994095,-0.17848982278838632,-0.0001738449144946166,-0.00017409073876763039,0.17276743221166724,-5.177771346807304e-05,-1.50407310211067e-05,0.5285253777521557,0.00017260655705592462,5.2237359105942385e-05
435,True,4.359999999999742,3.1038908806562744,False,True,0.0,False,,-0.15,0.0,-0.73304,-0.58496,-0.50477,-0.15380309333333333,0.0,0.0,-0.15631549629629632,0.0,0.0,0.17,0.0,0.0,0.52333,0.0,0.0,-0.15,0.0,-0.73304,-0.58496,-0.50477,-0.15380309333333333,0.0,0.0,-0.15631549629629632,0.0,0.0,0.17,0.0,0.0,0.52333,0.0,0.0,-0.16617005782600172,-0.004100010822434528,-0.7400650455772757,-0.5878788675182929,-0.5053221608905121,-0.12794329702256674,-0.000785117122937376,-0.0005788250215255828,-0.17497751864181627,-0.00017284104519346574,-0.00017131359448005766,0.17276743966542346,-5.177469492421635e-05,-1.5039923293636151e-05,0.528525384081686,0.00017260829032349196,5.223796425986763e-05
436,True,4.369999999999741,3.5611760411396687,False,True,0.0,False,,-0.15,0.0,-0.73304,-0.58496,-0.50477,-0.15995488,0.0,0.0,-0.15240960000000003,0.0,0.0,0.17,0.0,0.0,0.52333,0.0,0.0,-0.15,0.0,-0.73304,-0.58496,-0.50477,-0.15995488,0.0,0.0,-0.15240960000000003,0.0,0.0,0.17,0.0,0.0,0.52333,0.0,0.0,-0.16617025127993204,-0.004100020515841613,-0.7400650557190332,-0.5878788739380421,-0.5053221638780182,-0.13398669354000725,-0.0007615642610046705,-0.0005682677355859926,-0.1713413989536425,-0.0001718560347507694,-0.00016858975305257987,0.17276744713488965,-5.17699204642083e-05,-1.503871566568821e-05,0.5285253906319484,0.00017261095052144377,5.223886236342587e-05
437,True,4.37999999999974,4.0259542941504645,False,True,0.0,False,,-0.15,0.0,-0.73304,-0.58496,-0.50477,-0.1660797866666667,0.0,0.0,-0.14852077037037037,0.0,0.0,0.17,0.0,0.0,0.52333,0.0,0.0,-0.15,0.0,-0.73304,-0.58496,-0.50477,-0.1660797866666667,0.0,0.0,-0.14852077037037037,0.0,0.0,0.17,0.0,0.0,0.52333,0.0,0.0,-0.16617047362548582,-0.004100030484297183,-0.7400650666419182,-0.5878788806120017,-0.5053221668861451,-0.14007834660965512,-0.0007441310456729435,-0.0005581992812803846,-0.1676174932498792,-0.00017088961183083748,-0.00016591825737544234,0.1727674546044168,-5.176361888214e-05,-1.50371609350402e-05,0.5285253973626004,0.00017261441702539455,5.224001494484172e-05
438,True,4.3899999999997386,4.495921612159743,False,True,0.0,False,,-0.15,0.0,-0.73304,-0.58496,-0.50477,-0.17217557333333341,0.0,0.0,-0.1446504296296296,0.0,0.0,0.17,0.0,0.0,0.52333,0.0,0.0,-0.15,0.0,-0.73304,-0.58496,-0.50477,-0.17217557333333341,0.0,0.0,-0.1446504296296296,0.0,0.0,0.17,0.0,0.0,0.52333,0.0,0.0,-0.1661707257197113,-0.004100040585560078,-0.7400650780460679,-0.5878788874212857,-0.5053221698905611,-0.14619865429911114,-0.0007309822406626644,-0.0005484330721681466,-0.16383338136839992,-0.0001699419284418378,-0.0001632982363823189,0.17276746203710167,-5.175628885433506e-05,-1.503537397988731e-05,0.5285254041835068,0.00017261842734083102,5.224133839370234e-05
439,True,4.3999999999997375,4.969298844203831,False,True,0.0,False,,-0.15,0.0,-0.73304,-0.58496,-0.50477,-0.17824000000000004,0.0,0.0,-0.1408,0.0,0.0,0.17,0.0,0.0,0.52333,0.0,0.0,-0.15,0.0,-0.73304,-0.58496,-0.50477,-0.17824000000000004,0.0,0.0,-0.1408,0.0,0.0,0.17,0.0,0.0,0.52333,0.0,0.0,-0.16617100950449132,-0.004100050554483133,-0.7400650893729175,-0.5878788941447248,-0.5053221728455275,-0.15233246814835413,-0.0007199259549899443,-0.0005388941030284929,-0.16001003545301476,-0.0001690136350845554,-0.00016072893874813132,0.17276746936242846,-5.174885766766864e-05,-1.5033567972285775e-05,0.5285254109255219,0.00017262249318662776,5.2242677396704416e-05
440,True,4.409999999999736,5.4447083186760254,False,False,0.0,False,,-0.15,0.0,-0.73304,-0.58496,-0.50477,-0.18427082666666672,0.0,0.0,-0.13697090370370368,0.0,0.0,0.17,0.0,0.0,0.52333,0.0,0.0,-0.15,0.0,-0.73304,-0.58496,-0.50477,-0.18427082666666672,0.0,0.0,-0.13697090370370368,0.0,0.0,0.17,0.0,0.0,0.52333,0.0,0.0,-0.16617132398508622,-0.004100060459214694,-0.7400651007646174,-0.5878789008393123,-0.505322175763598,-0.15846800974741362,-0.0007097890303358554,-0.0005295516981382585,-0.15616335890060937,-0.00016810412739570548,-0.000158209338633029,0.17276747660079372,-5.174109166914819e-05,-1.503168889959659e-05,0.5285254176332831,0.00017262673753790038,5.224407118862996e-05
441,True,4.419999999999735,5.9210745179849,False,False,0.0,False,,-0.15,0.0,-0.73304,-0.58496,-0.50477,-0.19026581333333334,0.0,0.0,-0.13316456296296297,0.0,0.0,0.17,0.0,0.0,0.52333,0.0,0.0,-0.15,0.0,-0.73304,-0.58496,-0.50477,-0.19026581333333334,0.0,0.0,-0.13316456296296297,0.0,0.0,0.17,0.0,0.0,0.52333,0.0,0.0,-0.16617166779346262,-0.004100070414197324,-0.7400651124615305,-0.5878789076005441,-0.5053221786653312,-0.16459602505387255,-0.0007001131380913105,-0.0005203922520689813,-0.15230542243076972,-0.00016721261639295734,-0.00015573838327436035,0.1727674837852289,-5.173259366910982e-05,-1.50296454645437e-05,0.5285254243814611,0.00017263137003397947,5.224558642735336e-05
442,True,4.429999999999734,6.273242850027947,False,False,0.0,False,,-0.15,0.0,-0.73304,-0.58496,-0.50477,-0.19622272000000004,0.0,0.0,-0.12938239999999998,0.0,0.0,0.17,0.0,0.0,0.52333,0.0,0.0,-0.15,0.0,-0.73304,-0.58496,-0.50477,-0.19622272000000004,0.0,0.0,-0.12938239999999998,0.0,0.0,0.17,0.0,0.0,0.52333,0.0,0.0,-0.16617204015435855,-0.004100080467058205,-0.7400651245638004,-0.5878789144680855,-0.5053221815595544,-0.17070913546980912,-0.0006907181216444381,-0.000511408602084397,-0.14844543104678581,-0.0001663385565493944,-0.00015331509148566624,0.17276749093050855,-5.172319856108761e-05,-1.5027399913033243e-05,0.5285254312019441,0.00017263647828132954,5.224725087170917e-05
443,True,4.439999999999733,6.270119204463104,False,False,0.0,False,,-0.15,0.0,-0.73304,-0.58496,-0.50477,-0.2021393066666667,0.0,0.0,-0.12562583703703703,0.0,0.0,0.17,0.0,0.0,0.52333,0.0,0.0,-0.15,0.0,-0.73304,-0.58496,-0.50477,-0.2021393066666667,0.0,0.0,-0.12562583703703703,0.0,0.0,0.17,0.0,0.0,0.52333,0.0,0.0,-0.16617244071758908,-0.0041000906152149795,-0.7400651370658531,-0.5878789214396872,-0.5053221844463048,-0.17680134761788643,-0.0006815320715628617,-0.0005025960315081956,-0.1445904676890125,-0.00016548158681336045,-0.0001509385401777784,0.17276749803766464,-5.171291653776545e-05,-1.5024954805855501e-05,0.5285254380943244,0.00017264205749229156,5.224906288742096e-05
444,True,4.449999999999732,6.267125733296206,False,False,0.0,False,,-0.15,0.0,-0.73304,-0.58496,-0.50477,-0.20801333333333336,0.0,0.0,-0.12189629629629631,0.0,0.0,0.17,0.0,0.0,0.52333,0.0,0.0,-0.15,0.0,-0.73304,-0.58496,-0.50477,-0.20801333333333336,0.0,0.0,-0.12189629629629631,0.0,0.0,0.17,0.0,0.0,0.52333,0.0,0.0,-0.16617286931197092,-0.004100100833337993,-0.7400651499140767,-0.5878789284941346,-0.5053221873216449,-0.18286768661238614,-0.0006725252062510588,-0.0004939507703382497,-0.1407460560450022,-0.0001646414299915281,-0.00014860784122464334,0.17276750510147706,-5.1701837565016426e-05,-1.5022330992036591e-05,0.5285254450434914,0.00017264806074819976,5.225100746367054e-05
445,True,4.459999999999731,6.2642646862361735,False,False,0.0,False,,-0.15,0.0,-0.73304,-0.58496,-0.50477,-0.21384256000000004,0.0,0.0,-0.1181952,0.0,0.0,0.17,0.0,0.0,0.52333,0.0,0.0,-0.15,0.0,-0.73304,-0.58496,-0.50477,-0.21384256000000004,0.0,0.0,-0.1181952,0.0,0.0,0.17,0.0,0.0,0.52333,0.0,0.0,-0.16617332579735208,-0.004100111090473639,-0.7400651630428898,-0.5878789356055459,-0.5053221901806588,-0.18890392325393082,-0.0006636841488746428,-0.00048546943455217954,-0.13691657942376673,-0.00016381783037790011,-0.00014632212702481395,0.17276751211514826,-5.1690071542272033e-05,-1.5019553846671451e-05,0.5285254520306438,0.00017265443055368808,5.2253066251707987e-05
446,True,4.46999999999973,6.26153718262002,False,False,0.0,False,,-0.15,0.0,-0.73304,-0.58496,-0.50477,-0.21962474666666665,0.0,0.0,-0.11452397037037039,0.0,0.0,0.17,0.0,0.0,0.52333,0.0,0.0,-0.15,0.0,-0.73304,-0.58496,-0.50477,-0.21962474666666665,0.0,0.0,-0.11452397037037039,0.0,0.0,0.17,0.0,0.0,0.52333,0.0,0.0,-0.16617380999824763,-0.004100121358020639,-0.7400651763915866,-0.5878789427500293,-0.5053221930188425,-0.19490637131398306,-0.0006550019231784628,-0.0004771488173599672,-0.13310559232917674,-0.0001630105253537367,-0.00014408054379786873,0.17276751907248292,-5.167772031839616e-05,-1.50166468510125e-05,0.5285254590384365,0.00017266111362053082,5.225522226087451e-05
447,True,4.479999999999729,6.258943499768804,False,False,0.0,False,,-0.15,0.0,-0.73304,-0.58496,-0.50477,-0.2253576533333333,0.0,0.0,-0.11088402962962968,0.0,0.0,0.17,0.0,0.0,0.52333,0.0,0.0,-0.15,0.0,-0.73304,-0.58496,-0.50477,-0.2253576533333333,0.0,0.0,-0.11088402962962968,0.0,0.0,0.17,0.0,0.0,0.52333,0.0,0.0,-0.16617432168332286,-0.004100131612389305,-0.7400651899099738,-0.5878789499078956,-0.5053221958325671,-0.20087173948457254,-0.0006464740651465404,-0.00046898581202405303,-0.1293160498167957,-0.00016221923665758506,-0.0001418822493548297,0.1727675259686157,-5.166486830743374e-05,-1.5013629449688217e-05,0.528525466052705,0.00017266806583905042,5.225746143316647e-05
448,True,4.4899999999997275,6.256483277484238,False,False,0.0,False,,-0.15,0.0,-0.73304,-0.58496,-0.50477,-0.23103904000000003,0.0,0.0,-0.1072768,0.0,0.0,0.17,0.0,0.0,0.52333,0.0,0.0,-0.15,0.0,-0.73304,-0.58496,-0.50477,-0.23103904000000003,0.0,0.0,-0.1072768,0.0,0.0,0.17,0.0,0.0,0.52333,0.0,0.0,-0.16617486056516945,-0.004100141835230103,-0.7400652035588714,-0.5878789570638443,-0.5053221986191143,-0.20679702359466767,-0.000638097113256044,-0.00046097738351786943,-0.1255504736215354,-0.00016144367051858593,-0.00013972641287936336,0.1727675328000752,-5.165158164324317e-05,-1.5010516867072094e-05,0.5285254730626224,0.0001726752527359079,5.22597727839632e-05
449,True,4.499999999999726,6.254155664698485,False,False,0.0,False,,-0.15,0.0,-0.73304,-0.58496,-0.50477,-0.23666666666666666,0.0,0.0,-0.10370370370370373,0.0,0.0,0.17,0.0,0.0,0.52333,0.0,0.0,-0.15,0.0,-0.73304,-0.58496,-0.50477,-0.23666666666666666,0.0,0.0,-0.10370370370370373,0.0,0.0,0.17,0.0,0.0,0.52333,0.0,0.0,-0.1661754263066117,-0.004100152012837446,-0.7400652173088637,-0.5878789642064605,-0.5053222013765724,-0.21267942559258365,-0.0006298680230621168,-0.00045312055806235425,-0.12181107497347078,-0.00016068352065233966,-0.00013761221535442698,0.1727675395646221,-5.163791025074399e-05,-1.5007320590310308e-05,0.528525480060318,0.00017268264838541186,5.2262148052631856e-05
450,True,4.509999999999725,6.251959423111421,False,False,0.0,False,,-0.15,0.0,-0.73304,-0.58496,-0.50477,-0.24223829333333335,0.0,0.0,-0.10016616296296298,0.0,0.0,0.17,0.0,0.0,0.52333,0.0,0.0,-0.15,0.0,-0.73304,-0.58496,-0.50477,-0.24223829333333335,0.0,0.0,-0.10016616296296298,0.0,0.0,0.17,0.0,0.0,0.52333,0.0,0.0,-0.16617601853048417,-0.004100162135091431,-0.7400652311380702,-0.5878789713273256,-0.5053222041036483,-0.21851629864205535,-0.000621783941515674,-0.00044541241933371685,-0.11809984316700033,-0.00015993847280415855,-0.00013553885033859743,0.17276754626096108,-5.1623891546614966e-05,-1.5004049224376083e-05,0.528525487040198,0.0001726902334578842,5.226458107983613e-05
451,True,4.519999999999724,6.249892999626404,False,False,0.0,False,,-0.15,0.0,-0.73304,-0.58496,-0.50477,-0.24775168000000009,0.0,0.0,-0.09666559999999996,0.0,0.0,0.17,0.0,0.0,0.52333,0.0,0.0,-0.15,0.0,-0.73304,-0.58496,-0.50477,-0.24775168000000009,0.0,0.0,-0.09666559999999996,0.0,0.0,0.17,0.0,0.0,0.52333,0.0,0.0,-0.16617663682649822,-0.004100172194717799,-0.7400652450305829,-0.5878789784203983,-0.5053222067995383,-0.22430510426865372,-0.0006138421196828303,-0.0004378501067167576,-0.11441860758081444,-0.00015920820793400496,-0.0001335055244303727,0.17276755288853932,-5.160955304006333e-05,-1.5000709092214723e-05,0.5285254939984685,0.00017269799384498898,5.226706736928309e-05
452,True,4.529999999999723,6.247954579234599,False,False,0.0,False,,-0.15,0.0,-0.73304,-0.58496,-0.50477,-0.25320458666666673,0.0,0.0,-0.09320343703703703,0.0,0.0,0.17,0.0,0.0,0.52333,0.0,0.0,-0.15,0.0,-0.73304,-0.58496,-0.50477,-0.25320458666666673,0.0,0.0,-0.09320343703703703,0.0,0.0,0.17,0.0,0.0,0.52333,0.0,0.0,-0.1661772807577925,-0.0041001821865655,-0.7400652589749407,-0.5878789854814069,-0.5053222094638017,-0.23004338164432264,-0.0006060398795713927,-0.0004304308143862569,-0.11076908433240037,-0.0001584924052144161,-0.00013151145769097264,0.17276755944734978,-5.1594914870353114e-05,-1.4997304819662303e-05,0.5285255009326701,0.00017270591931879274,5.226960366051283e-05
453,True,4.539999999999722,6.246142122163322,False,False,0.0,False,,-0.15,0.0,-0.73304,-0.58496,-0.50477,-0.25859477333333336,0.0,0.0,-0.0897810962962963,0.0,0.0,0.17,0.0,0.0,0.52333,0.0,0.0,-0.15,0.0,-0.73304,-0.58496,-0.50477,-0.25859477333333336,0.0,0.0,-0.0897810962962963,0.0,0.0,0.17,0.0,0.0,0.52333,0.0,0.0,-0.16617794986658901,-0.004100192106975328,-0.740065272962796,-0.5878789925073219,-0.5053222120962492,-0.23572872780237036,-0.0005983746017428724,-0.00042315179062631754,-0.10715290835345978,-0.00015779074459840517,-0.00012955588397100355,0.1727675659377593,-5.157999202502805e-05,-1.499383984625142e-05,0.5285255078412707,0.00017271400235942472,5.2272187555635414e-05
454,True,4.549999999999721,6.244453391307192,False,False,0.0,False,,-0.15,0.0,-0.73304,-0.58496,-0.50477,-0.26391999999999993,0.0,0.0,-0.08640000000000003,0.0,0.0,0.17,0.0,0.0,0.52333,0.0,0.0,-0.15,0.0,-0.73304,-0.58496,-0.50477,-0.26391999999999993,0.0,0.0,-0.08640000000000003,0.0,0.0,0.17,0.0,0.0,0.52333,0.0,0.0,-0.1661786436769829,-0.004100201953486046,-0.740065286988291,-0.5878789994961083,-0.505322214696892,-0.241358779885911,-0.0005908437201362161,-0.000416010337000941,-0.10357165704282588,-0.0001571029080445734,-0.00012763805093307933,0.17276757236042867,-5.156479537937961e-05,-1.4990316664581052e-05,0.528525514723475,0.00017272223760415422,5.227481734391979e-05
455,True,4.55999999999972,6.242885972372899,False,False,0.0,False,,-0.15,0.0,-0.73304,-0.58496,-0.50477,-0.2691780266666667,0.0,0.0,-0.08306157037037037,0.0,0.0,0.17,0.0,0.0,0.52333,0.0,0.0,-0.15,0.0,-0.73304,-0.58496,-0.50477,-0.2691780266666667,0.0,0.0,-0.08306157037037037,0.0,0.0,0.17,0.0,0.0,0.52333,0.0,0.0,-0.16617936169814684,-0.0041002117244849446,-0.7400653010473206,-0.5878790064464333,-0.5053222172658807,-0.24693120350119233,-0.0005834447202352521,-0.0004090038076221952,-0.10002686682061943,-0.0001564285809045112,-0.00012575722011547386,0.1727675787162178,-5.1549332924631715e-05,-1.4986737103143107e-05,0.5285255215789996,0.00017273062119827252,5.227749179511867e-05
456,True,4.569999999999719,6.2414372894492605,False,False,0.0,False,,-0.15,0.0,-0.73304,-0.58496,-0.50477,-0.27436661333333345,0.0,0.0,-0.0797672296296296,0.0,0.0,0.17,0.0,0.0,0.52333,0.0,0.0,-0.15,0.0,-0.73304,-0.58496,-0.50477,-0.27436661333333345,0.0,0.0,-0.0797672296296296,0.0,0.0,0.17,0.0,0.0,0.52333,0.0,0.0,-0.16618010342684603,-0.004100221418935347,-0.7400653151369551,-0.5878790133574379,-0.5053222198034575,-0.25244368560888464,-0.0005761751382528773,-0.00040212960838489404,-0.0965200454959836,-0.00015576745298531944,-0.00012391266692525127,0.17276758500611164,-5.1533610726364726e-05,-1.4983102546849178e-05,0.5285255284078976,0.00017273915028844086,5.22802099982357e-05
457,True,4.579999999999718,6.240104617094102,False,False,0.0,False,,-0.15,0.0,-0.73304,-0.58496,-0.50477,-0.27948352,0.0,0.0,-0.07651840000000001,0.0,0.0,0.17,0.0,0.0,0.52333,0.0,0.0,-0.15,0.0,-0.73304,-0.58496,-0.50477,-0.27948352,0.0,0.0,-0.07651840000000001,0.0,0.0,0.17,0.0,0.0,0.52333,0.0,0.0,-0.16618086834902063,-0.004100231036214502,-0.740065329255098,-0.5878790202286006,-0.5053222223099276,-0.25789392908008224,-0.000569032560481977,-0.0003953851961330231,-0.09305268090620947,-0.00015511921916975876,-0.00012210368053439048,0.1727675912311762,-5.1517633496108085e-05,-1.4979414068514307e-05,0.5285255352104536,0.00017274782272026036,5.228297126529893e-05
458,True,4.5899999999997165,6.238885089846522,False,False,0.0,False,,-0.15,0.0,-0.73304,-0.58496,-0.50477,-0.2845265066666667,0.0,0.0,-0.07331650370370371,0.0,0.0,0.17,0.0,0.0,0.52333,0.0,0.0,-0.15,0.0,-0.73304,-0.58496,-0.50477,-0.2845265066666667,0.0,0.0,-0.07331650370370371,0.0,0.0,0.17,0.0,0.0,0.52333,0.0,0.0,-0.1661816559402356,-0.004100240576087145,-0.7400653434004292,-0.5878790270597165,-0.5053222247856552,-0.26327964638890217,-0.0005620146224513001,-0.00038876807773597185,-0.08962624613074244,-0.0001544835795032891,-0.00012032956365827418,0.17276759739255193,-5.150140468844735e-05,-1.4975672451238837e-05,0.5285255419871671,0.00017275663698614605,5.228577511475541e-05
459,True,4.599999999999715,6.237775710467617,False,False,0.0,False,,-0.15,0.0,-0.73304,-0.58496,-0.50477,-0.2894933333333333,0.0,0.0,-0.07016296296296298,0.0,0.0,0.17,0.0,0.0,0.52333,0.0,0.0,-0.15,0.0,-0.73304,-0.58496,-0.50477,-0.2894933333333333,0.0,0.0,-0.07016296296296298,0.0,0.0,0.17,0.0,0.0,0.52333,0.0,0.0,-0.1661824656678479,-0.004100250038469898,-0.7400653575719073,-0.5878790338506986,-0.5053222272310226,-0.26859855908585506,-0.0005551190087588884,-0.0003822758093470431,-0.08624220314473993,-0.00015386024005866077,-0.0001185896325163928,0.17276760349138967,-5.1484927324551244e-05,-1.497187837792979e-05,0.5285255487386001,0.0001727655917912309,5.2288621133313076e-05
460,True,4.609999999999714,6.236773357914828,False,False,0.0,False,,-0.15,0.0,-0.73304,-0.58496,-0.50477,-0.29438176,0.0,0.0,-0.06705920000000001,0.0,0.0,0.17,0.0,0.0,0.52333,0.0,0.0,-0.15,0.0,-0.73304,-0.58496,-0.50477,-0.29438176,0.0,0.0,-0.06705920000000001,0.0,0.0,0.17,0.0,0.0,0.52333,0.0,0.0,-0.16618329699146303,-0.004100259423399895,-0.7400653717687036,-0.5878790406015524,-0.5053222296464238,-0.27384839661623755,-0.0005483434523526256,-0.00037590599551431264,-0.08290200726596784,-0.00015324891301970694,-0.00011688321661853256,0.17276760952884243,-5.146820410510365e-05,-1.4968032457105703e-05,0.528525555465358,0.00017277468599322904,5.2291508956885654e-05
461,True,4.619999999999713,6.235874794058812,False,False,0.0,False,,-0.15,0.0,-0.73304,-0.58496,-0.50477,-0.29918954666666675,0.0,0.0,-0.064006637037037,0.0,0.0,0.17,0.0,0.0,0.52333,0.0,0.0,-0.15,0.0,-0.73304,-0.58496,-0.50477,-0.29918954666666675,0.0,0.0,-0.064006637037037,0.0,0.0,0.17,0.0,0.0,0.52333,0.0,0.0,-0.16618414936166911,-0.004100268731213485,-0.740065385990577,-0.587879047312525,-0.5053222320322972,-0.2790268894636515,-0.0005416857332326482,-0.00036965628814185624,-0.07960710907301084,-0.00015264931596100504,-0.00011520965837162898,0.17276761550611466,-5.145123678949271e-05,-1.4964135080172797e-05,0.528525562168204,0.0001727839189290817,5.229443837448662e-05
462,True,4.629999999999712,6.235076670040666,False,False,0.0,False,,-0.15,0.0,-0.73304,-0.58496,-0.50477,-0.30391445333333333,0.0,0.0,-0.06100669629629629,0.0,0.0,0.17,0.0,0.0,0.52333,0.0,0.0,-0.15,0.0,-0.73304,-0.58496,-0.50477,-0.30391445333333333,0.0,0.0,-0.06100669629629629,0.0,0.0,0.17,0.0,0.0,0.52333,0.0,0.0,-0.16618502222304532,-0.004100277962206878,-0.7400654002371606,-0.5878790539838212,-0.5053222343890655,-0.2841317725975574,-0.0005351436786460176,-0.00036352438587699133,-0.07635895549044455,-0.00015206117308220286,-0.00011356831313809292,0.17276762142436985,-5.143402737760954e-05,-1.496018669346699e-05,0.5285255688478417,0.00017279328979297813,5.2297409130242344e-05
463,True,4.639999999999711,6.234375532566642,False,False,0.0,False,,-0.15,0.0,-0.73304,-0.58496,-0.50477,-0.30855424,0.0,0.0,-0.058060800000000024,0.0,0.0,0.17,0.0,0.0,0.52333,0.0,0.0,-0.15,0.0,-0.73304,-0.58496,-0.50477,-0.30855424,0.0,0.0,-0.058060800000000024,0.0,0.0,0.17,0.0,0.0,0.52333,0.0,0.0,-0.16618591501276245,-0.004100287116825038,-0.7400654145083582,-0.5878790606157616,-0.5053222367171689,-0.2891607821807002,-0.0005287151617796834,-0.00035750803309303773,-0.07315899067214533,-0.00015148421443969486,-0.00011195854883971635,0.1727676272847826,-5.1416577454911366e-05,-1.495618764732258e-05,0.5285255755050361,0.00017280279798061936,5.230042103305442e-05
464,True,4.64999999999971,6.233767830256472,False,False,0.0,False,,-0.15,0.0,-0.73304,-0.58496,-0.50477,-0.3131066666666667,0.0,0.0,-0.05517037037037036,0.0,0.0,0.17,0.0,0.0,0.52333,0.0,0.0,-0.15,0.0,-0.73304,-0.58496,-0.50477,-0.3131066666666667,0.0,0.0,-0.05517037037037036,0.0,0.0,0.17,0.0,0.0,0.52333,0.0,0.0,-0.16618682716196526,-0.004100296195518513,-0.7400654288040428,-0.5878790672086627,-0.5053222390170403,-0.29411165615544155,-0.0005223981014104388,-0.0003516050191504466,-0.07000865709457507,-0.00015091817642958196,-0.00011037974585248394,0.17276763308849974,-5.139888869027058e-05,-1.4952138310778307e-05,0.5285255821405221,0.00017281244282747575,5.2303473873234676e-05
465,True,4.659999999999709,6.233249919833459,False,False,0.0,False,,-0.15,0.0,-0.73304,-0.58496,-0.50477,-0.31756949333333334,0.0,0.0,-0.05233682962962965,0.0,0.0,0.17,0.0,0.0,0.52333,0.0,0.0,-0.15,0.0,-0.73304,-0.58496,-0.50477,-0.31756949333333334,0.0,0.0,-0.05233682962962965,0.0,0.0,0.17,0.0,0.0,0.52333,0.0,0.0,-0.1661877580961219,-0.0041003051987211206,-0.7400654431240102,-0.5878790737628192,-0.5053222412891022,-0.2989821354587045,-0.0005161904612146847,-0.00034581317757560937,-0.06690939569267554,-0.00015036280181206105,-0.00010883129680017918,0.17276763883663473,-5.1380962914974616e-05,-1.4948039089571645e-05,0.5285255887549906,0.00017282222356702415,5.230656740929802e-05
466,True,4.669999999999708,6.232818072519064,False,False,0.0,False,,-0.15,0.0,-0.73304,-0.58496,-0.50477,-0.3219404800000001,0.0,0.0,-0.04956159999999996,0.0,0.0,0.17,0.0,0.0,0.52333,0.0,0.0,-0.15,0.0,-0.73304,-0.58496,-0.50477,-0.3219404800000001,0.0,0.0,-0.04956159999999996,0.0,0.0,0.17,0.0,0.0,0.52333,0.0,0.0,-0.16618870723414195,-0.004100314126978124,-0.7400654574682485,-0.5878790802786101,-0.5053222435337883,-0.3037699609459816,-0.0005100902486584209,-0.0003401303851356628,-0.06386264648029044,-0.00014981783916090085,-0.00010731260622066529,0.17276764453030308,-5.1362801676471796e-05,-1.4943890323492212e-05,0.5285255953491708,0.00017283213956580787,5.2309701442750336e-05
467,True,4.679999999999707,6.2324684804575865,False,False,0.0,False,,-0.15,0.0,-0.73304,-0.58496,-0.50477,-0.32621738666666666,0.0,0.0,-0.046846103703703706,0.0,0.0,0.17,0.0,0.0,0.52333,0.0,0.0,-0.15,0.0,-0.73304,-0.58496,-0.50477,-0.32621738666666666,0.0,0.0,-0.046846103703703706,0.0,0.0,0.17,0.0,0.0,0.52333,0.0,0.0,-0.16618967398912488,-0.004100322980877063,-0.7400654718367916,-0.5878790867564411,-0.5053222457515321,-0.30847287315224575,-0.0005040955144578912,-0.00033455456108363966,-0.06086984879810566,-0.00014928304305803029,-0.00010582309040672856,0.17276765017060355,-5.134440647840836e-05,-1.4939692341731761e-05,0.5285256019237864,0.00017284219019739948,5.2312875777924807e-05
468,True,4.6899999999997055,6.232197263284966,False,False,0.0,False,,-0.15,0.0,-0.73304,-0.58496,-0.50477,-0.3303979733333334,0.0,0.0,-0.04419176296296295,0.0,0.0,0.17,0.0,0.0,0.52333,0.0,0.0,-0.15,0.0,-0.73304,-0.58496,-0.50477,-0.3303979733333334,0.0,0.0,-0.04419176296296295,0.0,0.0,0.17,0.0,0.0,0.52333,0.0,0.0,-0.1661906577689647,-0.00410033176099312,-0.7400654862296061,-0.5878790931966992,-0.505322247942757,-0.3130886133488577,-0.0004982043520043419,-0.0003290836664052225,-0.057932441758606734,-0.00014875817423181555,-0.00010436217723769344,0.17276765575860392,-5.132577897125701e-05,-1.4935445506671886e-05,0.5285256084795207,0.000172852374742082,5.231609019009077e-05
469,True,4.699999999999704,6.2320004747712545,False,False,0.0,False,,-0.15,0.0,-0.73304,-0.58496,-0.50477,-0.3344800000000001,0.0,0.0,-0.04159999999999995,0.0,0.0,0.17,0.0,0.0,0.52333,0.0,0.0,-0.15,0.0,-0.73304,-0.58496,-0.50477,-0.3344800000000001,0.0,0.0,-0.04159999999999995,0.0,0.0,0.17,0.0,0.0,0.52333,0.0,0.0,-0.1661916579764935,-0.004100340467890098,-0.7400655006465925,-0.5878790995997539,-0.5053222501078773,-0.31761492394459395,-0.0004924148966357841,-0.00032371570303459075,-0.0550518642035777,-0.00014824299948215457,-0.00010292930596606186,0.17276766129534138,-5.130692094907438e-05,-1.493115021306285e-05,0.5285256150170173,0.00017286269238862736,5.2319344426053296e-05
470,True,4.709999999999703,6.231874109637225,False,False,0.0,False,,-0.15,0.0,-0.73304,-0.58496,-0.50477,-0.33846122666666667,0.0,0.0,-0.039072237037037064,0.0,0.0,0.17,0.0,0.0,0.52333,0.0,0.0,-0.15,0.0,-0.73304,-0.58496,-0.50477,-0.33846122666666667,0.0,0.0,-0.039072237037037064,0.0,0.0,0.17,0.0,0.0,0.52333,0.0,0.0,-0.16619267400954058,-0.004100349102131785,-0.740065515087609,-0.5878791059659664,-0.5053222522472997,-0.32204954855393003,-0.00048672532488501947,-0.0003184487130750425,-0.05222955470644244,-0.00014773729156313927,-0.00010152392699820496,0.1727676667818261,-5.128783430969495e-05,-1.4926806878832005e-05,0.5285256215368883,0.00017287314225541547,5.232263821088786e-05
471,True,4.719999999999702,6.2318141105354075,False,False,0.0,False,,-0.15,0.0,-0.73304,-0.58496,-0.50477,-0.3423394133333334,0.0,0.0,-0.036609896296296275,0.0,0.0,0.17,0.0,0.0,0.52333,0.0,0.0,-0.15,0.0,-0.73304,-0.58496,-0.50477,-0.3423394133333334,0.0,0.0,-0.036609896296296275,0.0,0.0,0.17,0.0,0.0,0.52333,0.0,0.0,-0.16619370526100477,-0.004100357664291348,-0.7400655295524918,-0.5878791122956971,-0.5053222543614253,-0.3263902319109481,-0.0004811338537393202,-0.0003132807780339765,-0.049466951467462765,-0.00014724082907081494,-0.00010014550167991294,0.1727676722190441,-5.1268521021571486e-05,-1.492241593744699e-05,0.5285256280397198,0.0001728837234080951,5.232597125356311e-05
472,True,4.729999999999701,6.231816375204026,False,False,0.0,False,,-0.15,0.0,-0.73304,-0.58496,-0.50477,-0.34611232,0.0,0.0,-0.03421440000000003,0.0,0.0,0.17,0.0,0.0,0.52333,0.0,0.0,-0.15,0.0,-0.73304,-0.58496,-0.50477,-0.34611232,0.0,0.0,-0.03421440000000003,0.0,0.0,0.17,0.0,0.0,0.52333,0.0,0.0,-0.1661947511175839,-0.004100366155121655,-0.7400655440414134,-0.587879118589449,-0.5053222564506795,-0.33063471534021405,-0.000475638739453848,-0.00030821001794519297,-0.046765492704928295,-0.0001467533957180527,-9.879350194540374e-05,0.1727676776080041,-5.124898253007776e-05,-1.4917977701418985e-05,0.5285256345261821,0.00017289443517236086,5.232934334642547e-05
473,True,4.7399999999997,6.231876763748786,False,False,0.0,False,,-0.15,0.0,-0.73304,-0.58496,-0.50477,-0.34977770666666663,0.0,0.0,-0.03188717037037039,0.0,0.0,0.17,0.0,0.0,0.52333,0.0,0.0,-0.15,0.0,-0.73304,-0.58496,-0.50477,-0.34977770666666663,0.0,0.0,-0.03188717037037039,0.0,0.0,0.17,0.0,0.0,0.52333,0.0,0.0,-0.16619581096254235,-0.0041003745752378005,-0.740065558554216,-0.5878791248476014,-0.505322258515457,-0.3347807417082467,-0.00047023827775091303,-0.00030323459088598455,-0.04412661656187193,-0.00014627478145708413,-9.746741039266602e-05,0.1727676829496512,-5.122922086169391e-05,-1.4913492616444924e-05,0.5285256409968263,0.0001729052765530731,5.233275418030907e-05
474,True,4.749999999999699,6.231991106099825,False,False,0.0,False,,-0.15,0.0,-0.73304,-0.58496,-0.50477,-0.35333333333333344,0.0,0.0,-0.029629629629629586,0.0,0.0,0.17,0.0,0.0,0.52333,0.0,0.0,-0.15,0.0,-0.73304,-0.58496,-0.50477,-0.35333333333333344,0.0,0.0,-0.029629629629629586,0.0,0.0,0.17,0.0,0.0,0.52333,0.0,0.0,-0.16619688417468753,-0.004100382925252301,-0.740065573090694,-0.5878791310705237,-0.5053222605561446,-0.33882605529942567,-0.00046493080274045295,-0.0002983526921498381,-0.04155176106448808,-0.00014580478188548247,-9.616671996899077e-05,0.17276768824490407,-5.1209238154873945e-05,-1.4908961153149221e-05,0.5285256474521716,0.00017291624648089435,5.23362034231651e-05
475,True,4.759999999999698,6.232155209625096,False,False,0.0,False,,-0.15,0.0,-0.73304,-0.58496,-0.50477,-0.3567769599999999,0.0,0.0,-0.027443200000000046,0.0,0.0,0.17,0.0,0.0,0.52333,0.0,0.0,-0.15,0.0,-0.73304,-0.58496,-0.50477,-0.3567769599999999,0.0,0.0,-0.027443200000000046,0.0,0.0,0.17,0.0,0.0,0.52333,0.0,0.0,-0.1661979701281888,-0.004100391205813137,-0.7400655876506762,-0.5878791372586069,-0.5053222625731292,-0.3427684004856491,-0.0004597146861212909,-0.00029356255350764616,-0.03904236425014227,-0.00014534319801514593,-9.489093374343748e-05,0.17276769349466584,-5.1189036526115487e-05,-1.4904383776383892e-05,0.528525653892729,0.0001729273438832119,5.23396907425773e-05
476,True,4.769999999999697,6.232364866924402,False,False,0.0,False,,-0.15,0.0,-0.73304,-0.58496,-0.50477,-0.36010634666666674,0.0,0.0,-0.025329303703703676,0.0,0.0,0.17,0.0,0.0,0.52333,0.0,0.0,-0.15,0.0,-0.73304,-0.58496,-0.50477,-0.36010634666666674,0.0,0.0,-0.025329303703703676,0.0,0.0,0.17,0.0,0.0,0.52333,0.0,0.0,-0.16619906819296143,-0.00410039941757112,-0.7400656022339561,-0.5878791434122367,-0.505322264566791,-0.3466055222525053,-0.00045458833658769735,-0.0002888624425358022,-0.03659986395184605,-0.0001448898363078816,-9.363956474351353e-05,0.17276769869981531,-5.1168618182924496e-05,-1.4899760971226605e-05,0.5285256603189817,0.00017293856762489438,5.234321578690503e-05
477,True,4.779999999999696,6.232615863750572,False,False,0.0,False,,-0.15,0.0,-0.73304,-0.58496,-0.50477,-0.3633192533333334,0.0,0.0,-0.023289362962962912,0.0,0.0,0.17,0.0,0.0,0.52333,0.0,0.0,-0.15,0.0,-0.73304,-0.58496,-0.50477,-0.3633192533333334,0.0,0.0,-0.023289362962962912,0.0,0.0,0.17,0.0,0.0,0.52333,0.0,0.0,-0.1662001777340877,-0.004100407561261802,-0.7400656168404653,-0.5878791495318616,-0.5053222665375189,-0.35033516418158017,-0.0004495501989189563,-0.00028425066186635767,-0.034225698121639545,-0.00014444450827409737,-9.241213569515168e-05,0.17276770386122978,-5.114798513807873e-05,-1.4895093177262385e-05,0.5285256667314379,0.0001729499166588872,5.2346778233193285e-05
478,True,4.7899999999996945,6.232903987134774,False,False,0.0,False,,-0.15,0.0,-0.73304,-0.58496,-0.50477,-0.36641344,0.0,0.0,-0.021324800000000012,0.0,0.0,0.17,0.0,0.0,0.52333,0.0,0.0,-0.15,0.0,-0.73304,-0.58496,-0.50477,-0.36641344,0.0,0.0,-0.021324800000000012,0.0,0.0,0.17,0.0,0.0,0.52333,0.0,0.0,-0.16620129811319861,-0.004100415637550622,-0.7400656314699477,-0.5878791556178639,-0.5053222684856828,-0.3539550710037012,-0.0004445987537405486,-0.00027972554863296505,-0.03192130456167179,-0.00014400703096718292,-9.120817897087214e-05,0.1727677089797431,-5.1127139747872454e-05,-1.489038091245461e-05,0.5285256731305311,0.00017296138974314361,5.2350377697078825e-05
479,True,4.799999999999693,6.233225033651335,False,False,0.0,False,,-0.15,0.0,-0.73304,-0.58496,-0.50477,-0.36938666666666675,0.0,0.0,-0.01943703703703701,0.0,0.0,0.17,0.0,0.0,0.52333,0.0,0.0,-0.15,0.0,-0.73304,-0.58496,-0.50477,-0.36938666666666675,0.0,0.0,-0.01943703703703701,0.0,0.0,0.17,0.0,0.0,0.52333,0.0,0.0,-0.16620242868760354,-0.004100423647146444,-0.7400656461221982,-0.5878791616706543,-0.5053222704116543,-0.35746298743480437,-0.00043973251653292507,-0.00027528547371768856,-0.029688121012465523,-0.00014357722645821244,-9.002723630753769e-05,0.17276771405617697,-5.110608431717683e-05,-1.4885624682137715e-05,0.5285256795166939,0.0001729729856484717,5.2354013798993266e-05
480,True,4.809999999999692,6.233574817841246,False,False,0.0,False,,-0.15,0.0,-0.73304,-0.58496,-0.50477,-0.3722366933333333,0.0,0.0,-0.01762749629629634,0.0,0.0,0.17,0.0,0.0,0.52333,0.0,0.0,-0.15,0.0,-0.73304,-0.58496,-0.50477,-0.3722366933333333,0.0,0.0,-0.01762749629629634,0.0,0.0,0.17,0.0,0.0,0.52333,0.0,0.0,-0.16620356881051684,-0.0041004315907846095,-0.7400656607970278,-0.5878791676906584,-0.5053222723158034,-0.3608566576487791,-0.0004349500370127204,-0.0002709288411105561,-0.027527585201463145,-0.00014315492180162173,-8.886885863981714e-05,0.1727677190913365,-5.108482115708499e-05,-1.4880824992386604e-05,0.5285256858903475,0.00017298470312855264,5.235768615457223e-05
481,True,4.819999999999691,6.233949180798332,False,False,0.0,False,,-0.15,0.0,-0.73304,-0.58496,-0.50477,-0.37496128,0.0,0.0,-0.0158976,0.0,0.0,0.17,0.0,0.0,0.52333,0.0,0.0,-0.15,0.0,-0.73304,-0.58496,-0.50477,-0.37496128,0.0,0.0,-0.0158976,0.0,0.0,0.17,0.0,0.0,0.52333,0.0,0.0,-0.16620471783145874,-0.004100439469186229,-0.7400656754941785,-0.5878791736782824,-0.5053222741984911,-0.36413382621949264,-0.00043024989858486755,-0.0002666540872977594,-0.025441134861122615,-0.00014273994908948868,-8.773260595677962e-05,0.1727677240859997,-5.106335272626778e-05,-1.487598238250014e-05,0.5285256922518756,0.00017299654084565607,5.236139435103294e-05
482,True,4.82999999999969,6.234343998918498,False,False,0.0,False,,-0.15,0.0,-0.73304,-0.58496,-0.50477,-0.3775581866666667,0.0,0.0,-0.01424877037037038,0.0,0.0,0.17,0.0,0.0,0.52333,0.0,0.0,-0.15,0.0,-0.73304,-0.58496,-0.50477,-0.3775581866666667,0.0,0.0,-0.01424877037037038,0.0,0.0,0.17,0.0,0.0,0.52333,0.0,0.0,-0.16620587509628182,-0.0041004472830616576,-0.7400656902133298,-0.5878791796339153,-0.5053222760600711,-0.367292238494877,-0.0004256307176735688,-0.00026245968062524344,-0.0234302077352268,-0.00014233214533559553,-8.661804712248188e-05,0.1727677290409184,-5.104168161846565e-05,-1.4871097422072053e-05,0.5285256986016265,0.00017300849737734688,5.236513794933023e-05
483,True,4.839999999999689,6.234755192834924,False,False,0.0,False,,-0.15,0.0,-0.73304,-0.58496,-0.50477,-0.3800251733333334,0.0,0.0,-0.0126824296296296,0.0,0.0,0.17,0.0,0.0,0.52333,0.0,0.0,-0.15,0.0,-0.73304,-0.58496,-0.50477,-0.3800251733333334,0.0,0.0,-0.0126824296296296,0.0,0.0,0.17,0.0,0.0,0.52333,0.0,0.0,-0.1662070399464393,-0.004100455033204384,-0.7400657049542972,-0.5878791855580091,-0.5053222779009057,-0.37032963848721673,-0.0004210911428041574,-0.0002583441206021709,-0.021496241476617908,-0.00014193135201335394,-8.552475962032804e-05,0.1727677339568445,-5.10198102348435e-05,-1.4866170635635395e-05,0.5285257049399746,0.00017302057138915932,5.2368916539089874e-05
484,True,4.849999999999688,6.23517873648617,False,False,0.0,False,,-0.15,0.0,-0.73304,-0.58496,-0.50477,-0.38236000000000003,0.0,0.0,-0.01120000000000001,0.0,0.0,0.17,0.0,0.0,0.52333,0.0,0.0,-0.15,0.0,-0.73304,-0.58496,-0.50477,-0.38236000000000003,0.0,0.0,-0.01120000000000001,0.0,0.0,0.17,0.0,0.0,0.52333,0.0,0.0,-0.16620821172029257,-0.004100462720338963,-0.7400657197167133,-0.5878791914509504,-0.5053222797213393,-0.37324377137057496,-0.00041662985437855907,-0.0002543059374051337,-0.019640673709020073,-0.00014153741552409892,-8.445232951320428e-05,0.17276773883448865,-5.0997741312372625e-05,-1.4861202624277141e-05,0.528525711267223,0.000173032761356739,5.237272965016673e-05
485,True,4.859999999999687,6.235610666332123,False,False,0.0,False,,-0.15,0.0,-0.73304,-0.58496,-0.50477,-0.3845604266666666,0.0,0.0,-0.009802903703703736,0.0,0.0,0.17,0.0,0.0,0.52333,0.0,0.0,-0.15,0.0,-0.73304,-0.58496,-0.50477,-0.3845604266666666,0.0,0.0,-0.009802903703703736,0.0,0.0,0.17,0.0,0.0,0.52333,0.0,0.0,-0.1662093897521769,-0.004100470345235302,-0.7400657345002667,-0.5878791973131566,-0.5053222815217184,-0.37603238228258035,-0.00041224556370676713,-0.0002503436911846051,-0.017864942124145505,-0.00014115018665344372,-8.340035117463505e-05,0.17276774367455164,-5.097547752617532e-05,-1.4856193974013606e-05,0.5285257175836762,0.00017304506577512242,5.237657681929995e-05
486,True,4.869999999999686,6.236047090794106,False,False,0.0,False,,-0.15,0.0,-0.73304,-0.58496,-0.50477,-0.38662421333333336,0.0,0.0,-0.008492562962962946,0.0,0.0,0.17,0.0,0.0,0.52333,0.0,0.0,-0.15,0.0,-0.73304,-0.58496,-0.50477,-0.38662421333333336,0.0,0.0,-0.008492562962962946,0.0,0.0,0.17,0.0,0.0,0.52333,0.0,0.0,-0.16621057337257292,-0.004100477908691358,-0.7400657493046675,-0.5878792031450617,-0.5053222833023894,-0.3786932157762191,-0.00040793701241079866,-0.0002464559714830684,-0.01617048431414363,-0.00014076952052246143,-8.23684271361782e-05,0.17276774847772008,-5.0953021548353954e-05,-1.4851145269437778e-05,0.5285257238896299,0.00017305748312812467,5.238045758031895e-05
487,True,4.879999999999685,6.2364841998072205,False,False,0.0,False,,-0.15,0.0,-0.73304,-0.58496,-0.50477,-0.38854912,0.0,0.0,-0.0072703999999999885,0.0,0.0,0.17,0.0,0.0,0.52333,0.0,0.0,-0.15,0.0,-0.73304,-0.58496,-0.50477,-0.38854912,0.0,0.0,-0.0072703999999999885,0.0,0.0,0.17,0.0,0.0,0.52333,0.0,0.0,-0.16621176190845202,-0.004100485411491906,-0.7400657641295598,-0.5878792089470807,-0.5053222850636905,-0.38122401674858547,-0.0004037029718990299,-0.00024264139668064082,-0.014558737837771249,-0.00014039527662797663,-8.135616795773314e-05,0.1727677532446554,-5.093037619115944e-05,-1.4846057126622773e-05,0.5285257301853458,0.00017307001181308767,5.23843714402116e-05
488,True,4.8899999999996835,6.236918274534475,False,False,0.0,False,,-0.15,0.0,-0.73304,-0.58496,-0.50477,-0.3903329066666667,0.0,0.0,-0.006137837037037031,0.0,0.0,0.17,0.0,0.0,0.52333,0.0,0.0,-0.15,0.0,-0.73304,-0.58496,-0.50477,-0.3903329066666667,0.0,0.0,-0.006137837037037031,0.0,0.0,0.17,0.0,0.0,0.52333,0.0,0.0,-0.16621295468324387,-0.004100492854411661,-0.7400657789745293,-0.5878792147196139,-0.5053222868059531,-0.3836225308063215,-0.00039954224271845587,-0.0002388986134148546,-0.013031140270777892,-0.00014002731871182435,-8.036319206133045e-05,0.17276775797599506,-5.090754439569692e-05,-1.4840930190473708e-05,0.5285257364710519,0.0001730826501469319,5.2388317881070954e-05
489,True,4.899999999999682,6.237345697276218,False,False,0.0,False,,-0.15,0.0,-0.73304,-0.58496,-0.50477,-0.3919733333333334,0.0,0.0,-0.005096296296296288,0.0,0.0,0.17,0.0,0.0,0.52333,0.0,0.0,-0.15,0.0,-0.73304,-0.58496,-0.50477,-0.3919733333333334,0.0,0.0,-0.005096296296296288,0.0,0.0,0.17,0.0,0.0,0.52333,0.0,0.0,-0.16621415101673387,-0.004100500238226065,-0.7400657938391255,-0.5878792204630554,-0.5053222885295032,-0.38588650434194044,-0.0003954536538877896,-0.00023522629600298674,-0.011589129139963225,-0.00013966551459799673,-7.938912556018482e-05,0.17276776267235572,-5.0884529193778834e-05,-1.4835765125931799e-05,0.5285257427469516,0.00017309539638639924,5.239229636654369e-05
490,True,4.909999999999681,6.237762961520229,False,False,0.0,False,,-0.15,0.0,-0.73304,-0.58496,-0.50477,-0.39346816000000007,0.0,0.0,-0.004147199999999973,0.0,0.0,0.17,0.0,0.0,0.52333,0.0,0.0,-0.15,0.0,-0.73304,-0.58496,-0.50477,-0.39346816000000007,0.0,0.0,-0.004147199999999973,0.0,0.0,0.17,0.0,0.0,0.52333,0.0,0.0,-0.16621535022427694,-0.004100507563802885,-0.740065808723055,-0.5878792261778689,-0.505322290234678,-0.3880136822812273,-0.0003914360620082657,-0.0002316231458105838,-0.010234141947367137,-0.00013930973571998217,-7.843360201945264e-05,0.17276776733435847,-5.086133338818874e-05,-1.4830562544458763e-05,0.5285257490132814,0.00017310824889656693,5.2396306395430374e-05
491,True,4.91999999999968,6.2381666821526,False,False,0.0,False,,-0.15,0.0,-0.73304,-0.58496,-0.50477,-0.39481514666666667,0.0,0.0,-0.0032919703703703897,0.0,0.0,0.17,0.0,0.0,0.52333,0.0,0.0,-0.15,0.0,-0.73304,-0.58496,-0.50477,-0.39481514666666667,0.0,0.0,-0.0032919703703703897,0.0,0.0,0.17,0.0,0.0,0.52333,0.0,0.0,-0.1662165516173714,-0.004100514832029074,-0.7400658236260284,-0.5878792318645275,-0.5053222919218128,-0.3900018083293177,-0.0003874883508383505,-0.00022808789075600815,-0.008967616199728001,-0.0001389598572702084,-7.74962623618987e-05,0.17276777196260926,-5.083795980625111e-05,-1.4825323062480335e-05,0.5285257552702652,0.00017312120601765014,5.240034745925114e-05
492,True,4.929999999999679,6.238553605852293,False,False,0.0,False,,-0.15,0.0,-0.73304,-0.58496,-0.50477,-0.3960120533333333,0.0,0.0,-0.002532029629629662,0.0,0.0,0.17,0.0,0.0,0.52333,0.0,0.0,-0.15,0.0,-0.73304,-0.58496,-0.50477,-0.3960120533333333,0.0,0.0,-0.002532029629629662,0.0,0.0,0.17,0.0,0.0,0.52333,0.0,0.0,-0.1662177545047045,-0.004100522043678059,-0.7400658385474804,-0.5878792375234028,-0.5053222935912182,-0.3918486285017904,-0.00038360943103582637,-0.0002246192848684887,-0.007790989377665531,-0.0001386157585739408,-7.657675482710798e-05,0.1727677765576628,-5.0814411761979377e-05,-1.4820047407582546e-05,0.5285257615180291,0.000173134265821707,5.2404418964884035e-05
493,True,4.939999999999678,6.238920621636142,False,False,0.0,False,,-0.15,0.0,-0.73304,-0.58496,-0.50477,-0.39705664,0.0,0.0,-0.0018688000000000038,0.0,0.0,0.17,0.0,0.0,0.52333,0.0,0.0,-0.15,0.0,-0.73304,-0.58496,-0.50477,-0.39705664,0.0,0.0,-0.0018688000000000038,0.0,0.0,0.17,0.0,0.0,0.52333,0.0,0.0,-0.16621895818998791,-0.00410052919966128,-0.7400658534870999,-0.5878792431549748,-0.505322295243224,-0.39355188694095683,-0.00037979823882921924,-0.00022121610755705952,-0.006705698956754782,-0.000138277322001913,-7.56747345987375e-05,0.1727677811200916,-5.079069218040841e-05,-1.4814736216964075e-05,0.5285257677567625,0.0001731474265735866,5.2408520381279724e-05
494,True,4.949999999999677,6.239264771581941,False,False,0.0,False,,-0.15,0.0,-0.73304,-0.58496,-0.50477,-0.39794666666666667,0.0,0.0,-0.0013037037037037181,0.0,0.0,0.17,0.0,0.0,0.52333,0.0,0.0,-0.15,0.0,-0.73304,-0.58496,-0.50477,-0.39794666666666667,0.0,0.0,-0.0013037037037037181,0.0,0.0,0.17,0.0,0.0,0.52333,0.0,0.0,-0.16622016197333103,-0.004100536300856725,-0.7400658684444689,-0.5878792487596888,-0.5053222968781493,-0.3951093275207866,-0.0003760537358712023,-0.000217877163214058,-0.005713182391693294,-0.0001379444334831903,-7.478986380062947e-05,0.1727677856504394,-5.076680419259844e-05,-1.4809390174541471e-05,0.5285257739866094,0.0001731606864182151,5.2412651139853996e-05
495,True,4.959999999999676,6.239583261716637,False,False,0.0,False,,-0.15,0.0,-0.73304,-0.58496,-0.50477,-0.3986798933333333,0.0,0.0,-0.0008381629629629739,0.0,0.0,0.17,0.0,0.0,0.52333,0.0,0.0,-0.15,0.0,-0.73304,-0.58496,-0.50477,-0.3986798933333333,0.0,0.0,-0.0008381629629629739,0.0,0.0,0.17,0.0,0.0,0.52333,0.0,0.0,-0.1662213651513025,-0.004100543348089344,-0.7400658834190221,-0.5878792543379394,-0.5053222984962995,-0.39651869569754966,-0.00037237490867051115,-0.00021460128070856542,-0.004814877110027656,-0.00013761698244149813,-7.392181136284047e-05,0.17276779014921603,-5.0742751204526816e-05,-1.4804010026601386e-05,0.5285257802076551,0.00017317404334417618,5.2416810622987105e-05
496,True,4.969999999999675,6.239873473063244,False,False,0.0,False,,-0.15,0.0,-0.73304,-0.58496,-0.50477,-0.39925407999999996,0.0,0.0,-0.00047360000000002956,0.0,0.0,0.17,0.0,0.0,0.52333,0.0,0.0,-0.15,0.0,-0.73304,-0.58496,-0.50477,-0.39925407999999996,0.0,0.0,-0.00047360000000002956,0.0,0.0,0.17,0.0,0.0,0.52333,0.0,0.0,-0.16622256701637125,-0.004100550342187058,-0.7400658984101649,-0.5878792598901175,-0.5053223000979754,-0.39777773802217525,-0.00036876076781263345,-0.00021138731282834583,-0.004012220532677621,-0.00013729486144038378,-7.30702528234713e-05,0.17276779461691294,-5.0718536701625374e-05,-1.4798596536797632e-05,0.528525786419963,0.00017318749528674103,5.24209981968224e-05
497,True,4.979999999999674,6.240132972864086,False,False,0.0,False,,-0.15,0.0,-0.73304,-0.58496,-0.50477,-0.3996669866666667,0.0,0.0,-0.00021143703703701002,0.0,0.0,0.17,0.0,0.0,0.52333,0.0,0.0,-0.15,0.0,-0.73304,-0.58496,-0.50477,-0.3996669866666667,0.0,0.0,-0.00021143703703701002,0.0,0.0,0.17,0.0,0.0,0.52333,0.0,0.0,-0.16622376685597362,-0.004100557284080503,-0.7400659134174824,-0.5878792654166926,-0.5053223016834917,-0.39888419959396504,-0.0003652103470605849,-0.00020823413569539504,-0.0033066500737736542,-0.00013697796565889035,-7.223487009403821e-05,0.1727677990540307,-5.069416390062634e-05,-1.4793150406128802e-05,0.5285257926236383,0.00017320104031137574,5.2425213269623573e-05
498,True,4.9899999999996725,6.24035952597564,False,False,0.0,False,,-0.15,0.0,-0.73304,-0.58496,-0.50477,-0.39991637333333335,0.0,0.0,-5.309629629630664e-05,0.0,0.0,0.17,0.0,0.0,0.52333,0.0,0.0,-0.15,0.0,-0.73304,-0.58496,-0.50477,-0.39991637333333335,0.0,0.0,-5.309629629630664e-05,0.0,0.0,0.17,0.0,0.0,0.52333,0.0,0.0,-0.16622496395302586,-0.004100564174727649,-0.7400659284405824,-0.5878792709181508,-0.5053223032531629,-0.39983582416383723,-0.0003617227029458883,-0.00020514064832378648,-0.0026996031356119354,-0.00013666619302867727,-7.141535137842734e-05,0.17276780346105866,-5.06696360110033e-05,-1.4787672333213101e-05,0.5285257988187807,0.00017321467647639753,5.24294552480118e-05
499,True,4.999999999999671,6.240551106431959,False,False,0.0,False,,-0.15,0.0,-0.73304,-0.58496,-0.50477,-0.4,0.0,0.0,0.0,0.0,0.0,0.17,0.0,0.0,0.52333,0.0,0.0,-0.15,0.0,-0.73304,-0.58496,-0.50477,-0.4,0.0,0.0,0.0,0.0,0.0,0.17,0.0,0.0,0.52333,0.0,0.0,-0.1662261575862226,-0.0041005710150605,-0.7400659434789828,-0.5878792763949502,-0.5053223048072947,-0.40063035541250985,-0.00035829691429983146,-0.00020210577216726497,-0.002192517111276167,-0.00013635944428559292,-7.061139107417743e-05,0.1727678078384606,-5.064495642079199e-05,-1.4782163056963343e-05,0.5285258050054497,0.000173228401735129,5.2433723505863765e-05
500,True,5.00999999999967,6.240707390567587,False,False,0.0,False,,-0.15,0.0,-0.73304,-0.58496,-0.50477,-0.4,0.0,0.0,0.0,0.0,0.0,0.17,0.0,0.0,0.52333,0.0,0.0,-0.15,0.0,-0.73304,-0.58496,-0.50477,-0.4,0.0,0.0,0.0,0.0,0.0,0.17,0.0,0.0,0.52333,0.0,0.0,-0.1662273489987822,-0.004100577570486519,-0.7400659580369584,-0.5878792816511761,-0.5053223063050521,-0.4012717428468798,-0.0003549327351494808,-0.00019912863139984196,-0.0017829628843304157,-0.0001360585168326485,-6.982289406124662e-05,0.17276781212239115,-5.062094888138798e-05,-1.4776811925430186e-05,0.5285258110325635,0.00017324178212770283,5.243788003804297e-05
501,True,5.019999999999669,6.240831112888801,False,False,0.0,False,,-0.15,0.0,-0.73304,-0.58496,-0.50477,-0.4,0.0,0.0,0.0,0.0,0.0,0.17,0.0,0.0,0.52333,0.0,0.0,-0.15,0.0,-0.73304,-0.58496,-0.50477,-0.4,0.0,0.0,0.0,0.0,0.0,0.17,0.0,0.0,0.52333,0.0,0.0,-0.16622854155800088,-0.004100583352771482,-0.740065971084819,-0.5878792862796944,-0.5053223076614037,-0.4017754322976501,-0.00035163063835554385,-0.00019620856435857484,-0.001461290173871718,-0.00013576517460430642,-6.904999112391645e-05,0.17276781617970896,-5.059932206203011e-05,-1.4772011335045846e-05,0.5285258165860074,0.00017325391744066172,5.244163872112655e-05
502,True,5.029999999999668,6.24092692606271,False,False,0.0,False,,-0.15,0.0,-0.73304,-0.58496,-0.50477,-0.4,0.0,0.0,0.0,0.0,0.0,0.17,0.0,0.0,0.52333,0.0,0.0,-0.15,0.0,-0.73304,-0.58496,-0.50477,-0.4,0.0,0.0,0.0,0.0,0.0,0.17,0.0,0.0,0.52333,0.0,0.0,-0.16622973774982133,-0.004100587986098317,-0.7400659818285696,-0.5878792899675985,-0.5053223088111356,-0.4021633310789159,-0.00034839078538745984,-0.00019334483809992778,-0.0012136989590886846,-0.0001354807581312366,-6.829272076969125e-05,0.17276781990787865,-5.05813944207471e-05,-1.4768063330220337e-05,0.5285258214234883,0.00017326411259285633,5.2444778970130134e-05
503,True,5.039999999999667,6.240999895480293,False,False,0.0,False,,-0.15,0.0,-0.73304,-0.58496,-0.50477,-0.4,0.0,0.0,0.0,0.0,0.0,0.17,0.0,0.0,0.52333,0.0,0.0,-0.15,0.0,-0.73304,-0.58496,-0.50477,-0.4,0.0,0.0,0.0,0.0,0.0,0.17,0.0,0.0,0.52333,0.0,0.0,-0.16623093816177933,-0.0041005913369878775,-0.7400659899841667,-0.5878792926043936,-0.505322309731452,-0.4024577775409343,-0.0003452126534423271,-0.00019053654529804624,-0.0010260157773103534,-0.00013520568892334462,-6.755091627481346e-05,0.17276782327048112,-5.056763889919166e-05,-1.4765075333434286e-05,0.5285258254583367,0.00017327211803253747,5.2447222015723874e-05
504,True,5.049999999999666,6.241054747627846,False,False,0.0,False,,-0.15,0.0,-0.73304,-0.58496,-0.50477,-0.4,0.0,0.0,0.0,0.0,0.0,0.17,0.0,0.0,0.52333,0.0,0.0,-0.15,0.0,-0.73304,-0.58496,-0.50477,-0.4,0.0,0.0,0.0,0.0,0.0,0.17,0.0,0.0,0.52333,0.0,0.0,-0.16623214202969455,-0.004100593451101299,-0.7400659956451318,-0.587879294229062,-0.5053223104308384,-0.4026788456519056,-0.00034209520657374595,-0.0001877826515749922,-0.0008854274122942105,-0.0001349397085619637,-6.682426065831745e-05,0.17276782628000004,-5.0557901925614364e-05,-1.4763010849577332e-05,0.5285258287191713,0.00017327801470142716,5.2448994153232945e-05
505,True,5.059999999999665,6.241095555215802,False,False,0.0,False,,-0.15,0.0,-0.73304,-0.58496,-0.50477,-0.4,0.0,0.0,0.0,0.0,0.0,0.17,0.0,0.0,0.52333,0.0,0.0,-0.15,0.0,-0.73304,-0.58496,-0.50477,-0.4,0.0,0.0,0.0,0.0,0.0,0.17,0.0,0.0,0.52333,0.0,0.0,-0.16623334791550884,-0.004100594470007631,-0.7400659991074281,-0.5878792949604885,-0.5053223109344737,-0.40284341011721503,-0.00033903712812803784,-0.00018508205961739307,-0.0007811117296421857,-0.00013468219516486095,-6.611235909549196e-05,0.17276782897511586,-5.0551693804718807e-05,-1.476175636576755e-05,0.528525831296458,0.00017328206101782724,5.245017800977735e-05
506,True,5.069999999999664,6.241125660685499,False,False,0.0,False,,-0.15,0.0,-0.73304,-0.58496,-0.50477,-0.4,0.0,0.0,0.0,0.0,0.0,0.17,0.0,0.0,0.52333,0.0,0.0,-0.15,0.0,-0.73304,-0.58496,-0.50477,-0.4,0.0,0.0,0.0,0.0,0.0,0.17,0.0,0.0,0.52333,0.0,0.0,-0.16623455418563865,-0.004100594570398229,-0.740066000741327,-0.587879294946682,-0.5053223112735973,-0.40296508726794855,-0.0003360369935850336,-0.00018243365670911004,-0.0007043059551698829,-0.0001344323949436267,-6.54147917673328e-05,0.1727678314041145,-5.05484014144014e-05,-1.4761170258543588e-05,0.5285258333033844,0.00017328458064413095,5.245087684320499e-05
507,True,5.079999999999663,6.241147718633992,False,False,0.0,False,,-0.15,0.0,-0.73304,-0.58496,-0.50477,-0.4,0.0,0.0,0.0,0.0,0.0,0.17,0.0,0.0,0.52333,0.0,0.0,-0.15,0.0,-0.73304,-0.58496,-0.50477,-0.4,0.0,0.0,0.0,0.0,0.0,0.17,0.0,0.0,0.52333,0.0,0.0,-0.16623575928185008,-0.004100593928288942,-0.7400660009158391,-0.5878792943348919,-0.50532231147926,-0.4030545670064843,-0.0003330933748141547,-0.00017983634325827554,-0.0006481153217151258,-0.00013418955871341044,-6.473114492100719e-05,0.1727678336151121,-5.054741374318883e-05,-1.4761111611219332e-05,0.5285258348527747,0.00017328589617542143,5.245119347061919e-05
508,True,5.0899999999996615,6.2411637884922015,False,False,0.0,False,,-0.15,0.0,-0.73304,-0.58496,-0.50477,-0.4,0.0,0.0,0.0,0.0,0.0,0.17,0.0,0.0,0.52333,0.0,0.0,-0.15,0.0,-0.73304,-0.58496,-0.50477,-0.4,0.0,0.0,0.0,0.0,0.0,0.17,0.0,0.0,0.52333,0.0,0.0,-0.16623696184643585,-0.004100592701363183,-0.7400659999613869,-0.5878792932568878,-0.5053223115792487,-0.40312008001010946,-0.0003302048937485714,-0.00017728904733185338,-0.0006072259125879933,-0.00013395300924109755,-6.406102610916138e-05,0.17276783565123077,-5.05481839382781e-05,-1.4761454424867656e-05,0.5285258360456787,0.0001732862963315767,5.2451219857871915e-05
509,True,5.09999999999966,6.241175440260865,False,False,0.0,False,,-0.15,0.0,-0.73304,-0.58496,-0.50477,-0.4,0.0,0.0,0.0,0.0,0.0,0.17,0.0,0.0,0.52333,0.0,0.0,-0.15,0.0,-0.73304,-0.58496,-0.50477,-0.4,0.0,0.0,0.0,0.0,0.0,0.17,0.0,0.0,0.52333,0.0,0.0,-0.16623816076049863,-0.004100591022460089,-0.7400659981560083,-0.5878792918235506,-0.5053223115969613,-0.4031678730104246,-0.00032737024447152295,-0.0001747907304642569,-0.0005776054948183133,-0.00013372216604348012,-6.34040697117558e-05,0.17276783754881764,-5.055025225648215e-05,-1.4762092847324088e-05,0.528525836967151,0.00017328602380411968,5.2451033275702055e-05
510,True,5.109999999999659,6.241183854829334,False,False,0.0,False,,-0.15,0.0,-0.73304,-0.58496,-0.50477,-0.4,0.0,0.0,0.0,0.0,0.0,0.17,0.0,0.0,0.52333,0.0,0.0,-0.15,0.0,-0.73304,-0.58496,-0.50477,-0.4,0.0,0.0,0.0,0.0,0.0,0.17,0.0,0.0,0.52333,0.0,0.0,-0.16623935513648885,-0.004100588999147154,-0.7400659957244194,-0.5878792901245445,-0.505322311551342,-0.4032026354138124,-0.0003245881976483198,-0.00017234038859676858,-0.0005562312127920163,-0.00013349654693521737,-6.27599371576126e-05,0.1727678393373256,-5.055324762898319e-05,-1.4762941496191522e-05,0.5285258376859606,0.00017328527441197217,5.24506960479839e-05
511,True,5.119999999999658,6.241189911045264,False,False,0.0,False,,-0.15,0.0,-0.73304,-0.58496,-0.50477,-0.4,0.0,0.0,0.0,0.0,0.0,0.17,0.0,0.0,0.52333,0.0,0.0,-0.15,0.0,-0.73304,-0.58496,-0.50477,-0.4,0.0,0.0,0.0,0.0,0.0,0.17,0.0,0.0,0.52333,0.0,0.0,-0.16624054429022492,-0.004100586716193853,-0.7400659928432197,-0.5878792882304088,-0.5053223114573229,-0.40322785769464903,-0.0003218575961768011,-0.00016993705060088635,-0.0005408586781388051,-0.000133275758486382,-6.212831462459593e-05,0.17276784103998669,-5.0556879008707614e-05,-1.476393344288947e-05,0.5285258382561773,0.00017328420166549046,5.245025701559893e-05
512,True,5.129999999999657,6.241194464729086,False,False,0.0,False,,-0.15,0.0,-0.73304,-0.58496,-0.50477,-0.4,0.0,0.0,0.0,0.0,0.0,0.17,0.0,0.0,0.52333,0.0,0.0,-0.15,0.0,-0.73304,-0.58496,-0.50477,-0.4,0.0,0.0,0.0,0.0,0.0,0.17,0.0,0.0,0.52333,0.0,0.0,-0.16624172770650814,-0.004100584239118548,-0.7400659896483737,-0.587879286195541,-0.5053223113264509,-0.40324612046267266,-0.0003191773472271776,-0.00016757977581384134,-0.0005293077703945318,-0.00013305948239163463,-6.150890981526866e-05,0.1727678426747793,-5.056092292502831e-05,-1.4765017332703701e-05,0.5285258387194554,0.00017328292334137748,5.244975363627827e-05
513,True,5.139999999999656,6.241198357945665,False,False,0.0,False,,-0.15,0.0,-0.73304,-0.58496,-0.50477,-0.4,0.0,0.0,0.0,0.0,0.0,0.17,0.0,0.0,0.52333,0.0,0.0,-0.15,0.0,-0.73304,-0.58496,-0.50477,-0.4,0.0,0.0,0.0,0.0,0.0,0.17,0.0,0.0,0.52333,0.0,0.0,-0.16624290505532438,-0.00410058161190139,-0.7400659862304395,-0.5878792840563118,-0.5053223111664927,-0.40325945306770167,-0.0003165464299545464,-0.00016526765592014367,-0.0005194367146345754,-0.00013284748394518323,-6.090145380203733e-05,0.1727678442538033,-5.056523132572269e-05,-1.4766159177530019e-05,0.5285258391035804,0.00017328151738483518,5.2449210685881595e-05
514,True,5.149999999999655,6.241201960680657,False,False,0.0,False,,-0.15,0.0,-0.73304,-0.58496,-0.50477,-0.4,0.0,0.0,0.0,0.0,0.0,0.17,0.0,0.0,0.52333,0.0,0.0,-0.15,0.0,-0.73304,-0.58496,-0.50477,-0.4,0.0,0.0,0.0,0.0,0.0,0.17,0.0,0.0,0.52333,0.0,0.0,-0.16624407632434385,-0.004100578840858713,-0.7400659826006578,-0.5878792818176501,-0.5053223109786285,-0.4032702257258955,-0.0003139639411103663,-0.00016299982730677884,-0.000510304784352955,-0.0001326396731849208,-6.0305714899608085e-05,0.1727678457788757,-5.0569787725429424e-05,-1.476735523615263e-05,0.5285258394121188,0.00017327999235279245,5.244863087037152e-05
515,True,5.159999999999654,6.241205416365798,False,False,0.0,False,,-0.15,0.0,-0.73304,-0.58496,-0.50477,-0.4,0.0,0.0,0.0,0.0,0.0,0.17,0.0,0.0,0.52333,0.0,0.0,-0.15,0.0,-0.73304,-0.58496,-0.50477,-0.4,0.0,0.0,0.0,0.0,0.0,0.17,0.0,0.0,0.52333,0.0,0.0,-0.16624524123430387,-0.004100575964793178,-0.7400659788384611,-0.5878792795115654,-0.505322310769714,-0.4032799074008065,-0.000311428900151122,-0.00016077541689781533,-0.0005015474644704038,-0.00013243583847529056,-5.972143762512293e-05,0.17276784726067704,-5.0574462815878545e-05,-1.4768575796356617e-05,0.5285258396694306,0.000173278416098479,5.244803577062473e-05
516,True,5.169999999999653,6.241208780970864,False,False,0.0,False,,-0.15,0.0,-0.73304,-0.58496,-0.50477,-0.4,0.0,0.0,0.0,0.0,0.0,0.17,0.0,0.0,0.52333,0.0,0.0,-0.15,0.0,-0.73304,-0.58496,-0.50477,-0.4,0.0,0.0,0.0,0.0,0.0,0.17,0.0,0.0,0.52333,0.0,0.0,-0.1662463994641067,-0.004100573028371847,-0.7400659750356858,-0.5878792771749183,-0.505322310547613,-0.40328907177023987,-0.00030894032339391235,-0.00015859356249441802,-0.0004930226017886437,-0.00013223574704131796,-5.9148365696794756e-05,0.17276784871149295,-5.057910671064225e-05,-1.476978646309893e-05,0.5285258399036643,0.0001732768673228473,5.244745039577013e-05
517,True,5.1799999999996515,6.2412120766762,False,False,0.0,False,,-0.15,0.0,-0.73304,-0.58496,-0.50477,-0.4,0.0,0.0,0.0,0.0,0.0,0.17,0.0,0.0,0.52333,0.0,0.0,-0.15,0.0,-0.73304,-0.58496,-0.50477,-0.4,0.0,0.0,0.0,0.0,0.0,0.17,0.0,0.0,0.52333,0.0,0.0,-0.16624755082627227,-0.004100570060446118,-0.7400659712509392,-0.5878792748313448,-0.5053223103174115,-0.40329794238470407,-0.00030649728529354435,-0.00015645342948874714,-0.0004846738686142829,-0.00013203922739008867,-5.8586260792788255e-05,0.1727678501392949,-5.058362458319241e-05,-1.4770965536497396e-05,0.5285258401328286,0.00017327539572117496,5.244689051235985e-05
518,True,5.1899999999996504,6.241215312602805,False,False,0.0,False,,-0.15,0.0,-0.73304,-0.58496,-0.50477,-0.4,0.0,0.0,0.0,0.0,0.0,0.17,0.0,0.0,0.52333,0.0,0.0,-0.15,0.0,-0.73304,-0.58496,-0.50477,-0.4,0.0,0.0,0.0,0.0,0.0,0.17,0.0,0.0,0.52333,0.0,0.0,-0.16624869524084246,-0.004100567076745501,-0.7400659675152127,-0.5878792724935186,-0.5053223100818965,-0.4033066073340444,-0.00030409891160825794,-0.00015435420872997666,-0.00047647807857933565,-0.00013184615918776174,-5.803490013059574e-05,0.17276785154847257,-5.0587967407545966e-05,-1.4772101854530507e-05,0.5285258403664984,0.00017327402682838295,5.2446364198515075e-05
519,True,5.199999999999649,6.241218492819129,False,False,0.0,False,,-0.15,0.0,-0.73304,-0.58496,-0.50477,-0.4,0.0,0.0,0.0,0.0,0.0,0.17,0.0,0.0,0.52333,0.0,0.0,-0.15,0.0,-0.73304,-0.58496,-0.50477,-0.4,0.0,0.0,0.0,0.0,0.0,0.17,0.0,0.0,0.52333,0.0,0.0,-0.1662498326899571,-0.004100564085240845,-0.7400659638431577,-0.5878792701676352,-0.505322309842497,-0.40331510228281087,-0.00030174436465229995,-0.0001522951122172919,-0.00046842485757283637,-0.00013165645285977533,-5.7494071714883945e-05,0.17276785294129654,-5.0592113267834015e-05,-1.4773190483242299e-05,0.5285258406092554,0.00017327277186252705,5.244587498066386e-05
520,True,5.209999999999648,6.241221619433478,False,False,0.0,False,,-0.15,0.0,-0.73304,-0.58496,-0.50477,-0.4,0.0,0.0,0.0,0.0,0.0,0.17,0.0,0.0,0.52333,0.0,0.0,-0.15,0.0,-0.73304,-0.58496,-0.50477,-0.4,0.0,0.0,0.0,0.0,0.0,0.17,0.0,0.0,0.52333,0.0,0.0,-0.16625096318726165,-0.004100561089871543,-0.7400659602409408,-0.5878792678565293,-0.5053223095999364,-0.4033234425895214,-0.0002994328328255081,-0.00015027536998734402,-0.00046050879918225324,-0.00013147003535216817,-5.69635710064033e-05,0.1727678543189359,-5.05960543175234e-05,-1.4774229715818883e-05,0.5285258408630866,0.00017327163460579789,5.244542402345231e-05
521,True,5.219999999999647,6.241224693788461,False,False,0.0,False,,-0.15,0.0,-0.73304,-0.58496,-0.50477,-0.4,0.0,0.0,0.0,0.0,0.0,0.17,0.0,0.0,0.52333,0.0,0.0,-0.15,0.0,-0.73304,-0.58496,-0.50477,-0.4,0.0,0.0,0.0,0.0,0.0,0.17,0.0,0.0,0.52333,0.0,0.0,-0.1662520867612725,-0.004100558092619749,-0.7400659567106248,-0.5878792655614077,-0.5053223093545955,-0.40333163573113623,-0.00029716352462512657,-0.00014829422824817425,-0.00045272643739915685,-0.00013128684217354495,-5.64431990323231e-05,0.1727678556820243,-5.059978949902213e-05,-1.4775219399600555e-05,0.5285258411287223,0.00017327061525197014,5.2445011353136554e-05
522,True,5.229999999999646,6.241227716922427,False,False,0.0,False,,-0.15,0.0,-0.73304,-0.58496,-0.50477,-0.4,0.0,0.0,0.0,0.0,0.0,0.17,0.0,0.0,0.52333,0.0,0.0,-0.15,0.0,-0.73304,-0.58496,-0.50477,-0.4,0.0,0.0,0.0,0.0,0.0,0.17,0.0,0.0,0.52333,0.0,0.0,-0.16625320344717173,-0.004100555094554962,-0.740065953252377,-0.5878792632827224,-0.5053223091066952,-0.4033396861094149,-0.0002949356654830091,-0.0001463509482991095,-0.00044507507811522915,-0.00013110681336609935,-5.5932761397027254e-05,0.17276785703094538,-5.0603320866966355e-05,-1.4776160092233661e-05,0.5285258414063119,0.00017326971235218742,5.2444636475821566e-05
523,True,5.239999999999645,6.241230689747851,False,False,0.0,False,,-0.15,0.0,-0.73304,-0.58496,-0.50477,-0.4,0.0,0.0,0.0,0.0,0.0,0.17,0.0,0.0,0.52333,0.0,0.0,-0.15,0.0,-0.73304,-0.58496,-0.50477,-0.4,0.0,0.0,0.0,0.0,0.0,0.17,0.0,0.0,0.52333,0.0,0.0,-0.16625431328298,-0.00410055209633096,-0.7400659498655232,-0.5878792610205865,-0.5053223088563826,-0.40334759691051364,-0.00029274849611846354,-0.00014444480587363242,-0.0004375523478554462,-0.00013092989157389404,-5.5432067773483136e-05,0.17276785836596853,-5.060665183499806e-05,-1.477705265975731e-05,0.5285258416957455,0.00017326892374402983,5.244429867244153e-05
524,True,5.249999999999644,6.241233613120327,False,False,0.0,False,,-0.15,0.0,-0.73304,-0.58496,-0.50477,-0.4,0.0,0.0,0.0,0.0,0.0,0.17,0.0,0.0,0.52333,0.0,0.0,-0.15,0.0,-0.73304,-0.58496,-0.50477,-0.4,0.0,0.0,0.0,0.0,0.0,0.17,0.0,0.0,0.52333,0.0,0.0,-0.1662554163078354,-0.004100549098413693,-0.7400659465490296,-0.5878792587749644,-0.5053223086037726,-0.4033553708247438,-0.0002906012716422581,-0.00014257509069362845,-0.00043015601927004043,-0.0001307560211449477,-5.494093163186362e-05,0.17276785968731123,-5.060978637055244e-05,-1.4777898092238536e-05,0.5285258419968022,0.00017326824697871615,5.244399713429496e-05
525,True,5.259999999999643,6.241236487865336,False,False,0.0,False,,-0.15,0.0,-0.73304,-0.58496,-0.50477,-0.4,0.0,0.0,0.0,0.0,0.0,0.17,0.0,0.0,0.52333,0.0,0.0,-0.15,0.0,-0.73304,-0.58496,-0.50477,-0.4,0.0,0.0,0.0,0.0,0.0,0.17,0.0,0.0,0.52333,0.0,0.0,-0.1662565125612388,-0.004100546101183169,-0.7400659433017198,-0.587879256545757,-0.5053223083489635,-0.40336301032542354,-0.00028849326101659036,-0.00014074110612571027,-0.00042288394342269065,-0.0001305851477191163,-5.4459170080202046e-05,0.17276786099516683,-5.0612728634959134e-05,-1.4778697421485056e-05,0.5285258423092158,0.00017326767951221663,5.2443731023624236e-05
526,True,5.269999999999642,6.241239314788753,False,False,0.0,False,,-0.15,0.0,-0.73304,-0.58496,-0.50477,-0.4,0.0,0.0,0.0,0.0,0.0,0.17,0.0,0.0,0.52333,0.0,0.0,-0.15,0.0,-0.73304,-0.58496,-0.50477,-0.4,0.0,0.0,0.0,0.0,0.0,0.17,0.0,0.0,0.52333,0.0,0.0,-0.1662576020827289,-0.004100543104978197,-0.7400659401223689,-0.5878792543328389,-0.5053223080920464,-0.40337051777717525,-0.000286423746679722,-0.00013894216888672624,-0.00041573402329329304,-0.00013041721803713383,-5.3986603756673354e-05,0.17276786228971677,-5.0615482826102764e-05,-1.4779451685141704e-05,0.5285258426327044,0.00017326721878882392,5.244349950007366e-05
527,True,5.2799999999996405,6.241242094680886,False,False,0.0,False,,-0.15,0.0,-0.73304,-0.58496,-0.50477,-0.4,0.0,0.0,0.0,0.0,0.0,0.17,0.0,0.0,0.52333,0.0,0.0,-0.15,0.0,-0.73304,-0.58496,-0.50477,-0.4,0.0,0.0,0.0,0.0,0.0,0.17,0.0,0.0,0.52333,0.0,0.0,-0.16625868491174509,-0.004100540110115792,-0.7400659370097442,-0.5878792521360745,-0.5053223078331072,-0.403377895478244,-0.0002843920242464147,-0.00013717760877386323,-0.00040870420318995355,-0.00013025217984814712,-5.3523056745520015e-05,0.17276786357113605,-5.0618053111120044e-05,-1.4780161911383336e-05,0.5285258429669821,0.00017326686227685608,5.244330173196931e-05
528,True,5.289999999999639,6.24124482831842,False,False,0.0,False,,-0.15,0.0,-0.73304,-0.58496,-0.50477,-0.4,0.0,0.0,0.0,0.0,0.0,0.17,0.0,0.0,0.52333,0.0,0.0,-0.15,0.0,-0.73304,-0.58496,-0.50477,-0.4,0.0,0.0,0.0,0.0,0.0,0.17,0.0,0.0,0.52333,0.0,0.0,-0.16625976108756968,-0.004100537116899549,-0.7400659339626223,-0.5878792499553247,-0.5053223075722295,-0.4033851456772868,-0.0002823974022440147,-0.00013544676840820496,-0.0004017924643058049,-0.0001300899818604632,-5.306835650401225e-05,0.17276786483959528,-5.062044359842459e-05,-1.4780829112595085e-05,0.5285258433117651,0.0001732666074834238,5.244313690096444e-05
529,True,5.299999999999638,6.241247516465039,False,False,0.0,False,,-0.15,0.0,-0.73304,-0.58496,-0.50477,-0.4,0.0,0.0,0.0,0.0,0.0,0.17,0.0,0.0,0.52333,0.0,0.0,-0.15,0.0,-0.73304,-0.58496,-0.50477,-0.4,0.0,0.0,0.0,0.0,0.0,0.17,0.0,0.0,0.52333,0.0,0.0,-0.1662608306493044,-0.004100534125623258,-0.7400659309797964,-0.5878792477904499,-0.5053223073094946,-0.40339227058028065,-0.0002804392018663935,-0.00013374900298677335,-0.0003949968226528655,-0.00012993057371109987,-5.262233379486767e-05,0.17276786609526185,-5.062265832667285e-05,-1.4781454282919772e-05,0.528525843666773,0.00017326645196016845,5.244300420382577e-05
530,True,5.309999999999637,6.24125015987186,False,False,0.0,False,,-0.15,0.0,-0.73304,-0.58496,-0.50477,-0.4,0.0,0.0,0.0,0.0,0.0,0.17,0.0,0.0,0.52333,0.0,0.0,-0.15,0.0,-0.73304,-0.58496,-0.50477,-0.4,0.0,0.0,0.0,0.0,0.0,0.17,0.0,0.0,0.52333,0.0,0.0,-0.16626189363586066,-0.0041005311365725095,-0.7400659280600794,-0.5878792456413114,-0.5053223070449814,-0.4033992723536004,-0.0002785167567379553,-0.00013208368004084093,-0.00038831532791900887,-0.0001297739059435282,-5.218482262169593e-05,0.17276786733830038,-5.0624701260941265e-05,-1.478203839744916e-05,0.5285258440317306,0.0001732663933051533,5.244290285300248e-05
531,True,5.319999999999636,6.241252759277838,False,False,0.0,False,,-0.15,0.0,-0.73304,-0.58496,-0.50477,-0.4,0.0,0.0,0.0,0.0,0.0,0.17,0.0,0.0,0.52333,0.0,0.0,-0.15,0.0,-0.73304,-0.58496,-0.50477,-0.4,0.0,0.0,0.0,0.0,0.0,0.17,0.0,0.0,0.52333,0.0,0.0,-0.16626295008595604,-0.004100528150025442,-0.7400659252023039,-0.5878792435077719,-0.5053223067787672,-0.4034061531256084,-0.0002766294126843212,-0.00013045017919951251,-0.0003817460626869311,-0.00012961992998904853,-5.175566016641115e-05,0.17276786856887283,-5.0626576291937876e-05,-1.4782582412105517e-05,0.5285258444063675,0.00017326642916313539,5.24428320766837e-05
532,True,5.329999999999635,6.241255315409849,False,False,0.0,False,,-0.15,0.0,-0.73304,-0.58496,-0.50477,-0.4,0.0,0.0,0.0,0.0,0.0,0.17,0.0,0.0,0.52333,0.0,0.0,-0.15,0.0,-0.73304,-0.58496,-0.50477,-0.4,0.0,0.0,0.0,0.0,0.0,0.17,0.0,0.0,0.52333,0.0,0.0,-0.16626400003811279,-0.004100525166253129,-0.7400659224053227,-0.5878792413896953,-0.5053223065109276,-0.4034129149876618,-0.00027477652750820103,-0.00012884789195810172,-0.0003752871417985096,-0.0001294685981498582,-5.133468672814972e-05,0.17276786978713868,-5.062828723647318e-05,-1.478308726380856e-05,0.5285258447904186,0.00017326655722516658,5.244279111864435e-05
533,True,5.339999999999634,6.241257828982968,False,False,0.0,False,,-0.15,0.0,-0.73304,-0.58496,-0.50477,-0.4,0.0,0.0,0.0,0.0,0.0,0.17,0.0,0.0,0.52333,0.0,0.0,-0.15,0.0,-0.73304,-0.58496,-0.50477,-0.4,0.0,0.0,0.0,0.0,0.0,0.17,0.0,0.0,0.52333,0.0,0.0,-0.1662650435306577,-0.00410052218551982,-0.740065919668009,-0.5878792392869471,-0.5053223062415362,-0.40341955999488754,-0.0002729574707697837,-0.0001272762214510516,-0.00036893671178087707,-0.00012931986358299046,-5.092174566348578e-05,0.1727678709932549,-5.062983783844199e-05,-1.4783553870757258e-05,0.5285258451836238,0.00017326677522792349,5.2442779238006204e-05
534,True,5.349999999999633,6.241260300700677,False,False,0.0,False,,-0.15,0.0,-0.73304,-0.58496,-0.50477,-0.4,0.0,0.0,0.0,0.0,0.0,0.17,0.0,0.0,0.52333,0.0,0.0,-0.15,0.0,-0.73304,-0.58496,-0.50477,-0.4,0.0,0.0,0.0,0.0,0.0,0.17,0.0,0.0,0.52333,0.0,0.0,-0.16626608060172215,-0.004100519208083108,-0.7400659169892564,-0.5878792371993941,-0.5053223059706649,-0.40342609016686093,-0.0002711716235713199,-0.00012573458222924668,-0.0003626929503018289,-0.00012917368028477773,-5.0516683327844865e-05,0.17276787218737616,-5.063123177000323e-05,-1.478398313275527e-05,0.5285258455857279,0.00017326708095293425,5.244279570896681e-05
535,True,5.359999999999632,6.241262731254951,False,False,0.0,False,,-0.15,0.0,-0.73304,-0.58496,-0.50477,-0.4,0.0,0.0,0.0,0.0,0.0,0.17,0.0,0.0,0.52333,0.0,0.0,-0.15,0.0,-0.73304,-0.58496,-0.50477,-0.4,0.0,0.0,0.0,0.0,0.0,0.17,0.0,0.0,0.52333,0.0,0.0,-0.16626711128924238,-0.0041005162341940845,-0.7400659143679776,-0.5878792351269048,-0.5053223056983842,-0.40343250748824006,-0.0002694183783457205,-0.00012422240004160488,-0.00035655406564197767,-0.0001290300030756912,-5.0119349018061304e-05,0.17276787336965474,-5.0632472632827724e-05,-1.4784375931550408e-05,0.5285258459964809,0.00017326747222577146,5.244283982051866e-05
536,True,5.369999999999631,6.241265121326524,False,False,0.0,False,,-0.15,0.0,-0.73304,-0.58496,-0.50477,-0.4,0.0,0.0,0.0,0.0,0.0,0.17,0.0,0.0,0.52333,0.0,0.0,-0.15,0.0,-0.73304,-0.58496,-0.50477,-0.4,0.0,0.0,0.0,0.0,0.0,0.17,0.0,0.0,0.52333,0.0,0.0,-0.16626813563095996,-0.004100513264097466,-0.7400659118031049,-0.5878792330693491,-0.505322305424763,-0.40343881390937764,-0.0002676971386490557,-0.0001227391116208559,-0.00035051829617870555,-0.00012888878758549358,-4.972959491604492e-05,0.17276787454024065,-5.0633563959360095e-05,-1.4784733131175967e-05,0.5285258464156376,0.0001732679469152404,5.244291087616729e-05
537,True,5.3799999999996295,6.241267471585096,False,False,0.0,False,,-0.15,0.0,-0.73304,-0.58496,-0.50477,-0.4,0.0,0.0,0.0,0.0,0.0,0.17,0.0,0.0,0.52333,0.0,0.0,-0.15,0.0,-0.73304,-0.58496,-0.50477,-0.4,0.0,0.0,0.0,0.0,0.0,0.17,0.0,0.0,0.52333,0.0,0.0,-0.16626915366442216,-0.004100510298031728,-0.7400659092935893,-0.5878792310265983,-0.5053223051498682,-0.40344501134691635,-0.0002660073189568657,-0.00012128416447342105,-0.000344583909879916,-0.00012874999023867553,-4.934727603353017e-05,0.1727678756992816,-5.0634509214073085e-05,-1.4785055578288994e-05,0.5285258468429577,0.00017326850293257416,5.2443008193652346e-05
538,True,5.389999999999628,6.241269782689349,False,False,0.0,False,,-0.15,0.0,-0.73304,-0.58496,-0.50477,-0.4,0.0,0.0,0.0,0.0,0.0,0.17,0.0,0.0,0.52333,0.0,0.0,-0.15,0.0,-0.73304,-0.58496,-0.50477,-0.4,0.0,0.0,0.0,0.0,0.0,0.17,0.0,0.0,0.52333,0.0,0.0,-0.16627016542698228,-0.004100507336229221,-0.7400659068384006,-0.5878792289985255,-0.5053223048737656,-0.40345110168437326,-0.00026434834446420653,-0.00011985701667331457,-0.00033874920380672665,-0.00012861356824016076,-4.897225015788504e-05,0.17276787684692307,-5.0635311794705565e-05,-1.478534410250353e-05,0.5285258472782053,0.00017326913823064003,5.244313110467284e-05
539,True,5.399999999999627,6.241272055287348,False,False,0.0,False,,-0.15,0.0,-0.73304,-0.58496,-0.50477,-0.4,0.0,0.0,0.0,0.0,0.0,0.17,0.0,0.0,0.52333,0.0,0.0,-0.15,0.0,-0.73304,-0.58496,-0.50477,-0.4,0.0,0.0,0.0,0.0,0.0,0.17,0.0,0.0,0.52333,0.0,0.0,-0.16627117095580027,-0.004100504378916297,-0.7400659044365271,-0.5878792269850045,-0.5053223045965194,-0.40345708677271214,-0.00026271965088935887,-0.00011845713665998817,-0.0003330125036246823,-0.00012847947956127147,-4.8604377798958395e-05,0.17276787798330845,-5.063597503348067e-05,-1.478559951671809e-05,0.5285258477211495,0.0001732698508031594,5.2443278954617244e-05
540,True,5.409999999999626,6.2412742900165075,False,False,0.0,False,,-0.15,0.0,-0.73304,-0.58496,-0.50477,-0.4,0.0,0.0,0.0,0.0,0.0,0.17,0.0,0.0,0.52333,0.0,0.0,-0.15,0.0,-0.73304,-0.58496,-0.50477,-0.4,0.0,0.0,0.0,0.0,0.0,0.17,0.0,0.0,0.52333,0.0,0.0,-0.16627217028784316,-0.004100501426313426,-0.7400659020869749,-0.587879224985911,-0.505322304318192,-0.40346296843090657,-0.0002611206842811328,-0.00011708400304004348,-0.0003273721631232443,-0.00012834768292594728,-4.824352213694548e-05,0.17276787910857885,-5.063650219830322e-05,-1.478582261743717e-05,0.5285258481715637,0.00017327063868394132,5.2443451102298506e-05
541,True,5.419999999999625,6.241276487503875,False,False,0.0,False,,-0.15,0.0,-0.73304,-0.58496,-0.50477,-0.4,0.0,0.0,0.0,0.0,0.0,0.17,0.0,0.0,0.52333,0.0,0.0,-0.15,0.0,-0.73304,-0.58496,-0.50477,-0.4,0.0,0.0,0.0,0.0,0.0,0.17,0.0,0.0,0.52333,0.0,0.0,-0.16627316345988533,-0.004100498478635309,-0.7400658997887679,-0.5878792230011223,-0.5053223040388447,-0.4034687484464931,-0.000259550900829701,-0.00011573710439273796,-0.0003218265637433753,-0.00012821813779721283,-4.7889548971252044e-05,0.17276788022287337,-5.063689649393589e-05,-1.478601418508674e-05,0.5285258486292257,0.0001732714999461299,5.2443646919694076e-05
542,True,5.429999999999624,6.241278648366214,False,False,0.0,False,,-0.15,0.0,-0.73304,-0.58496,-0.50477,-0.4,0.0,0.0,0.0,0.0,0.0,0.17,0.0,0.0,0.52333,0.0,0.0,-0.15,0.0,-0.73304,-0.58496,-0.50477,-0.4,0.0,0.0,0.0,0.0,0.0,0.17,0.0,0.0,0.52333,0.0,0.0,-0.16627415050850938,-0.004100495536090996,-0.7400658975409472,-0.5878792210305165,-0.505322303758537,-0.40347442857611426,-0.0002580097666808963,-0.00011441593907921186,-0.00031637411411307014,-0.00012809080436388935,-4.7542326670337854e-05,0.172767881326329,-5.063716106315455e-05,-1.4786174984323794e-05,0.5285258490939179,0.0001732724327014655,5.244386579169083e-05
543,True,5.439999999999623,6.241280773210301,False,False,0.0,False,,-0.15,0.0,-0.73304,-0.58496,-0.50477,-0.4,0.0,0.0,0.0,0.0,0.0,0.17,0.0,0.0,0.52333,0.0,0.0,-0.15,0.0,-0.73304,-0.58496,-0.50477,-0.4,0.0,0.0,0.0,0.0,0.0,0.17,0.0,0.0,0.52333,0.0,0.0,-0.16627513147010622,-0.0041004925988839935,-0.7400658953425714,-0.5878792190739736,-0.5053223034773274,-0.40348001054605254,-0.00025649675775391023,-0.00011312001505536485,-0.00031101324959069063,-0.00012796564352754512,-4.7201726122520765e-05,0.17276788241908064,-5.0637298987882836e-05,-1.4786305764340026e-05,0.5285258495654269,0.00017327343509955975,5.244410711583486e-05
544,True,5.449999999999622,6.24128286263292,False,False,0.0,False,,-0.15,0.0,-0.73304,-0.58496,-0.50477,-0.4,0.0,0.0,0.0,0.0,0.0,0.17,0.0,0.0,0.52333,0.0,0.0,-0.15,0.0,-0.73304,-0.58496,-0.50477,-0.4,0.0,0.0,0.0,0.0,0.0,0.17,0.0,0.0,0.52333,0.0,0.0,-0.16627610638087584,-0.004100489667212374,-0.7400658931927152,-0.5878792171313744,-0.5053223031952728,-0.40348549605275535,-0.0002550113595623293,-0.00011184884968831257,-0.0003057424318159735,-0.00012784261688968126,-4.6867620687723024e-05,0.1727678835012612,-5.063731329030636e-05,-1.4786407259159768e-05,0.5285258500435435,0.0001732745053271835,5.244437030208603e-05
545,True,5.459999999999621,6.241284917221087,False,False,0.0,False,,-0.15,0.0,-0.73304,-0.58496,-0.50477,-0.4,0.0,0.0,0.0,0.0,0.0,0.17,0.0,0.0,0.52333,0.0,0.0,-0.15,0.0,-0.73304,-0.58496,-0.50477,-0.4,0.0,0.0,0.0,0.0,0.0,0.17,0.0,0.0,0.52333,0.0,0.0,-0.16627707527682783,-0.004100486741268885,-0.7400658910904704,-0.5878792152026011,-0.5053223029124289,-0.4034908867633505,-0.0002535530670384487,-0.00011060196957635461,-0.00030056014826858026,-0.0001277216867391479,-4.653988615014169e-05,0.17276788457300168,-5.0637206933966934e-05,-1.4786480187932259e-05,0.5285258505280627,0.00017327564160756802,5.244465477257714e-05
546,True,5.46999999999962,6.241286937552315,False,False,0.0,False,,-0.15,0.0,-0.73304,-0.58496,-0.50477,-0.4,0.0,0.0,0.0,0.0,0.0,0.17,0.0,0.0,0.52333,0.0,0.0,-0.15,0.0,-0.73304,-0.58496,-0.50477,-0.4,0.0,0.0,0.0,0.0,0.0,0.17,0.0,0.0,0.52333,0.0,0.0,-0.1662780381937817,-0.0041004838212410554,-0.7400658890349446,-0.5878792132875376,-0.5053223026288497,-0.4034961843161527,-0.0002521213843608035,-0.00010937891037238667,-0.0002954649118340624,-0.00012760281603978727,-4.6218400671825495e-05,0.17276788563443102,-5.06369828248371e-05,-1.4786525255218376e-05,0.5285258510187836,0.00017327684219971924,5.244495996137778e-05
547,True,5.4799999999996185,6.241288924194541,False,False,0.0,False,,-0.15,0.0,-0.73304,-0.58496,-0.50477,-0.4,0.0,0.0,0.0,0.0,0.0,0.17,0.0,0.0,0.52333,0.0,0.0,-0.15,0.0,-0.73304,-0.58496,-0.50477,-0.4,0.0,0.0,0.0,0.0,0.0,0.17,0.0,0.0,0.52333,0.0,0.0,-0.1662789951673676,-0.004100480907311295,-0.7400658870252617,-0.5878792113860686,-0.5053223023445884,-0.40350139032116217,-0.0002507158247848578,-0.00010817921661069114,-0.00029045526037711707,-0.00012748596841829872,-4.5903044747140784e-05,0.17276788668567622,-5.063664381237535e-05,-1.4786543151271915e-05,0.5285258515155092,0.00017327810539774442,5.2445285314262576e-05
548,True,5.489999999999617,6.2412908777064775,False,False,0.0,False,,-0.15,0.0,-0.73304,-0.58496,-0.50477,-0.4,0.0,0.0,0.0,0.0,0.0,0.17,0.0,0.0,0.52333,0.0,0.0,-0.15,0.0,-0.73304,-0.58496,-0.50477,-0.4,0.0,0.0,0.0,0.0,0.0,0.17,0.0,0.0,0.52333,0.0,0.0,-0.16627994623302678,-0.004100477999657001,-0.7400658850605607,-0.5878792094980803,-0.5053223020596966,-0.40350650636055324,-0.0002493359104767941,-0.00010700244153704121,-0.00028552975632201096,-0.00012737110815232267,-4.5593701158109514e-05,0.17276788772686258,-5.063619269056239e-05,-1.478653455231555e-05,0.5285258520180465,0.00017327942953019134,5.244563028848393e-05
549,True,5.499999999999616,6.241292798637703,False,False,0.0,False,,-0.15,0.0,-0.73304,-0.58496,-0.50477,-0.4,0.0,0.0,0.0,0.0,0.0,0.17,0.0,0.0,0.52333,0.0,0.0,-0.15,0.0,-0.73304,-0.58496,-0.50477,-0.4,0.0,0.0,0.0,0.0,0.0,0.17,0.0,0.0,0.52333,0.0,0.0,-0.16628089142601213,-0.004100475098450653,-0.7400658831399967,-0.58787920762346,-0.5053223017742248,-0.4035115339891559,-0.0002479811723503469,-0.00010584814694205539,-0.0002806869862400519,-0.0001272582001587389,-4.529025493060262e-05,0.17276788875811336,-5.0635632198918736e-05,-1.478650012081151e-05,0.5285258525262063,0.0001732808129593995,5.244599435254905e-05
550,True,5.509999999999615,6.241294687528702,False,False,0.0,False,,-0.15,0.0,-0.73304,-0.58496,-0.50477,-0.4,0.0,0.0,0.0,0.0,0.0,0.17,0.0,0.0,0.52333,0.0,0.0,-0.15,0.0,-0.73304,-0.58496,-0.50477,-0.4,0.0,0.0,0.0,0.0,0.0,0.17,0.0,0.0,0.52333,0.0,0.0,-0.1662818307813888,-0.004100472203859914,-0.7400658812627392,-0.5878792057620964,-0.5053223014882223,-0.4035164747349279,-0.00024665114990662403,-0.00010471590299774014,-0.0002759255604439896,-0.00012714720998217524,-4.499259329137227e-05,0.1727678897795501,-5.063496502350404e-05,-1.4786440505727173e-05,0.5285258530398034,0.00017328225408086344,5.244637698600121e-05
551,True,5.519999999999614,6.241296544911216,False,False,0.0,False,,-0.15,0.0,-0.73304,-0.58496,-0.50477,-0.4,0.0,0.0,0.0,0.0,0.0,0.17,0.0,0.0,0.52333,0.0,0.0,-0.15,0.0,-0.73304,-0.58496,-0.50477,-0.4,0.0,0.0,0.0,0.0,0.0,0.17,0.0,0.0,0.52333,0.0,0.0,-0.16628276433403483,-0.004100469316047728,-0.7400658794279726,-0.5878792039138794,-0.5053223012017374,-0.4035213300994197,-0.0002453453910768608,-0.0001036052880971596,-0.00027124411258922925,-0.00012703810378372364,-4.4700605625907126e-05,0.1727678907912925,-5.063419379789844e-05,-1.4786356342795571e-05,0.5285258535586562,0.00017328375132260777,5.244677767920527e-05
552,True,5.529999999999613,6.241298371308136,False,False,0.0,False,,-0.15,0.0,-0.73304,-0.58496,-0.50477,-0.4,0.0,0.0,0.0,0.0,0.0,0.17,0.0,0.0,0.52333,0.0,0.0,-0.15,0.0,-0.73304,-0.58496,-0.50477,-0.4,0.0,0.0,0.0,0.0,0.0,0.17,0.0,0.0,0.52333,0.0,0.0,-0.1662836921186415,-0.004100466435172407,-0.7400658776348965,-0.5878792020786997,-0.5053223009148167,-0.4035261015582302,-0.00024406345206805406,-0.00010251588869717244,-0.00026664129928174367,-0.00012693084832985873,-4.4414183437094655e-05,0.17276789179345856,-5.06333211041662e-05,-1.4786248254770967e-05,0.5285258540825867,0.00017328530314457373,5.244719593313718e-05
553,True,5.539999999999612,6.241300167233865,False,False,0.0,False,,-0.15,0.0,-0.73304,-0.58496,-0.50477,-0.4,0.0,0.0,0.0,0.0,0.0,0.17,0.0,0.0,0.52333,0.0,0.0,-0.15,0.0,-0.73304,-0.58496,-0.50477,-0.4,0.0,0.0,0.0,0.0,0.0,0.17,0.0,0.0,0.52333,0.0,0.0,-0.16628461416971407,-0.004100463561387731,-0.7400658758827239,-0.5878792002564495,-0.505322300627506,-0.4035307905614559,-0.00024280489721142313,-0.00010144729916417768,-0.00026211579969257116,-0.00012682541098155655,-4.413322030467515e-05,0.17276789278616447,-5.063234947380212e-05,-1.4786116851679573e-05,0.5285258546114202,0.00017328690803801686,5.2447631259177513e-05
554,True,5.549999999999611,6.241301933194351,False,False,0.0,False,,-0.15,0.0,-0.73304,-0.58496,-0.50477,-0.4,0.0,0.0,0.0,0.0,0.0,0.17,0.0,0.0,0.52333,0.0,0.0,-0.15,0.0,-0.73304,-0.58496,-0.50477,-0.4,0.0,0.0,0.0,0.0,0.0,0.17,0.0,0.0,0.52333,0.0,0.0,-0.1662855305215724,-0.004100460694843037,-0.7400658741706825,-0.587879198447022,-0.5053223003398502,-0.4035353985341313,-0.00024156929881364523,-0.00010039912162281109,-0.00025766631517878914,-0.00012672175968360836,-4.385761184547227e-05,0.1727678937695247,-5.063128138866079e-05,-1.47859627310655e-05,0.5285258551449862,0.00017328856452491622,5.2448083178908995e-05
555,True,5.55999999999961,6.241303669687208,False,False,0.0,False,,-0.15,0.0,-0.73304,-0.58496,-0.50477,-0.4,0.0,0.0,0.0,0.0,0.0,0.17,0.0,0.0,0.52333,0.0,0.0,-0.15,0.0,-0.73304,-0.58496,-0.50477,-0.4,0.0,0.0,0.0,0.0,0.0,0.17,0.0,0.0,0.52333,0.0,0.0,-0.1662864412083515,-0.004100457835683305,-0.7400658724980136,-0.5878791966503116,-0.5053223000518926,-0.4035399268766622,-0.0002403562370108156,-9.937096580753657e-05,-0.0002532915689108537,-0.00012661986295412774,-4.358725567438523e-05,0.17276789474365212,-5.06301192818692e-05,-1.478578647823205e-05,0.528525855683117,0.00017329027115739386,5.244855122391784e-05
556,True,5.569999999999609,6.241305377201886,False,False,0.0,False,,-0.15,0.0,-0.73304,-0.58496,-0.50477,-0.4,0.0,0.0,0.0,0.0,0.0,0.17,0.0,0.0,0.52333,0.0,0.0,-0.15,0.0,-0.73304,-0.58496,-0.50477,-0.4,0.0,0.0,0.0,0.0,0.0,0.17,0.0,0.0,0.52333,0.0,0.0,-0.16628734626400202,-0.004100454984049252,-0.7400658708639721,-0.5878791948662141,-0.5053222997636759,-0.4035443769652512,-0.0002391652996250818,-9.836244891707649e-05,-0.0002489903055061992,-0.00012651968987424566,-4.3322051366128015e-05,0.1727678957086579,-5.062886553872291e-05,-1.47855886664784e-05,0.528525856225649,0.00017329202651714565,5.24490349355989e-05
557,True,5.5799999999996075,6.241307056219775,False,False,0.0,False,,-0.15,0.0,-0.73304,-0.58496,-0.50477,-0.4,0.0,0.0,0.0,0.0,0.0,0.17,0.0,0.0,0.52333,0.0,0.0,-0.15,0.0,-0.73304,-0.58496,-0.50477,-0.4,0.0,0.0,0.0,0.0,0.0,0.17,0.0,0.0,0.52333,0.0,0.0,-0.16628824572229103,-0.004100452140077411,-0.7400658692678264,-0.587879193094626,-0.5053222994752414,-0.40354875015231617,-0.00023799608202390316,-9.73731954716269e-05,-0.000244761290668992,-0.00012642121007799172,-4.306190041770138e-05,0.17276789666465153,-5.062752249756606e-05,-1.4785369857331815e-05,0.5285258567724213,0.00017329382921488226,5.244953386496452e-05
558,True,5.589999999999606,6.241308707214385,False,False,0.0,False,,-0.15,0.0,-0.73304,-0.58496,-0.50477,-0.4,0.0,0.0,0.0,0.0,0.0,0.17,0.0,0.0,0.52333,0.0,0.0,-0.15,0.0,-0.73304,-0.58496,-0.50477,-0.4,0.0,0.0,0.0,0.0,0.0,0.17,0.0,0.0,0.52333,0.0,0.0,-0.16628913961680253,-0.004100449303900217,-0.7400658677088576,-0.5878791913354448,-0.5053222991866297,-0.4035530477669012,-0.00023684818698188772,-9.640283717280454e-05,-0.0002406033108359357,-0.0001263243937423572,-4.280670621158353e-05,0.17276789761174108,-5.062609245065559e-05,-1.4785130600775438e-05,0.5285258573232764,0.00017329567788978035,5.2450047572457015e-05
559,True,5.599999999999605,6.241310330651417,False,False,0.0,False,,-0.15,0.0,-0.73304,-0.58496,-0.50477,-0.4,0.0,0.0,0.0,0.0,0.0,0.17,0.0,0.0,0.52333,0.0,0.0,-0.15,0.0,-0.73304,-0.58496,-0.50477,-0.4,0.0,0.0,0.0,0.0,0.0,0.17,0.0,0.0,0.52333,0.0,0.0,-0.1662900279809382,-0.004100446475646095,-0.74006586618636,-0.5878791895885693,-0.50532229889788,-0.4035572711150807,-0.0002357212245451592,-9.545101276627293e-05,-0.0002365151728280253,-0.00012622921157753704,-4.255637397962579e-05,0.17276789855003288,-5.062457764500981e-05,-1.478487143547173e-05,0.5285258578780603,0.0001732975712089442,5.245057562776479e-05
560,True,5.609999999999604,6.241311926988917,False,False,0.0,False,,-0.15,0.0,-0.73304,-0.58496,-0.50477,-0.4,0.0,0.0,0.0,0.0,0.0,0.17,0.0,0.0,0.52333,0.0,0.0,-0.15,0.0,-0.73304,-0.58496,-0.50477,-0.4,0.0,0.0,0.0,0.0,0.0,0.17,0.0,0.0,0.52333,0.0,0.0,-0.16629091084791783,-0.004100443655439535,-0.7400658646996404,-0.5878791878538997,-0.5053222986090308,-0.4035614214803563,-0.00023461481189820761,-9.451736790699678e-05,-0.00023249570350815114,-0.00012613563481734746,-4.231081076763964e-05,0.17276789947963178,-5.06229802832418e-05,-1.4784592888981695e-05,0.5285258584366219,0.00017329950786687707,5.245111760964187e-05
561,True,5.619999999999603,6.2413134966774,False,False,0.0,False,,-0.15,0.0,-0.73304,-0.58496,-0.50477,-0.4,0.0,0.0,0.0,0.0,0.0,0.17,0.0,0.0,0.52333,0.0,0.0,-0.15,0.0,-0.73304,-0.58496,-0.50477,-0.4,0.0,0.0,0.0,0.0,0.0,0.17,0.0,0.0,0.52333,0.0,0.0,-0.16629178825078011,-0.0041004408434011765,-0.7400658632480182,-0.5878791861313367,-0.5053222983201195,-0.4035655001240468,-0.0002335285732331783,-9.360155502707394e-05,-0.00022854374944445414,-0.00012604363520981612,-4.206992540066207e-05,0.17276790040064105,-5.062130252437769e-05,-1.4784295477979913e-05,0.5285258589988135,0.0001733014865849624,5.245167310573099e-05
562,True,5.629999999999602,6.241315040159945,False,False,0.0,False,,-0.15,0.0,-0.73304,-0.58496,-0.50477,-0.4,0.0,0.0,0.0,0.0,0.0,0.17,0.0,0.0,0.52333,0.0,0.0,-0.15,0.0,-0.73304,-0.58496,-0.50477,-0.4,0.0,0.0,0.0,0.0,0.0,0.17,0.0,0.0,0.52333,0.0,0.0,-0.1662926602223832,-0.004100438039647881,-0.7400658618308245,-0.5878791844207822,-0.5053222980311828,-0.403569508285672,-0.00023246213962155437,-9.270323320609605e-05,-0.00022465817657933547,-0.0001259531850079416,-4.1833628448886054e-05,0.1727679013131625,-5.0619546484660256e-05,-1.47839797084655e-05,0.5285258595644903,0.00017330350611095447,5.2452241712389957e-05
563,True,5.639999999999601,6.241316557872333,False,False,0.0,False,,-0.15,0.0,-0.73304,-0.58496,-0.50477,-0.4,0.0,0.0,0.0,0.0,0.0,0.17,0.0,0.0,0.52333,0.0,0.0,-0.15,0.0,-0.73304,-0.58496,-0.50477,-0.4,0.0,0.0,0.0,0.0,0.0,0.17,0.0,0.0,0.52333,0.0,0.0,-0.16629352679540535,-0.0041004352442928155,-0.7400658604474029,-0.5878791827221392,-0.5053222977422563,-0.4035734471833291,-0.00023141514888818906,-9.182206804398919e-05,-0.00022083786990402616,-0.00012586425696061937,-4.160183219424354e-05,0.17276790221729646,-5.061771423833807e-05,-1.4783646075969056e-05,0.5285258601335101,0.00017330556521847872,5.24528230345214e-05
564,True,5.6499999999996,6.241318050243183,False,False,0.0,False,,-0.15,0.0,-0.73304,-0.58496,-0.50477,-0.4,0.0,0.0,0.0,0.0,0.0,0.17,0.0,0.0,0.52333,0.0,0.0,-0.15,0.0,-0.73304,-0.58496,-0.50477,-0.4,0.0,0.0,0.0,0.0,0.0,0.17,0.0,0.0,0.52333,0.0,0.0,-0.16629438800234567,-0.004100432457445524,-0.7400658590971089,-0.5878791810353116,-0.5053222974533745,-0.4035773180140629,-0.0002303872454876448,-9.095773153628712e-05,-0.0002170817331386227,-0.00012577682430373082,-4.137445059762843e-05,0.17276790311314189,-5.0615807818440323e-05,-1.478329506575566e-05,0.5285258607057343,0.00017330766270654083,5.2453416685405704e-05
565,True,5.659999999999599,6.241319517694057,False,False,0.0,False,,-0.15,0.0,-0.73304,-0.58496,-0.50477,-0.4,0.0,0.0,0.0,0.0,0.0,0.17,0.0,0.0,0.52333,0.0,0.0,-0.15,0.0,-0.73304,-0.58496,-0.50477,-0.4,0.0,0.0,0.0,0.0,0.0,0.17,0.0,0.0,0.52333,0.0,0.0,-0.16629524387552458,-0.0041004296792120035,-0.7400658577793089,-0.5878791793602044,-0.5053222971645713,-0.40358112195422996,-0.00022937808038279702,-9.010990195179078e-05,-0.0002133886884174972,-0.0001256908607513928,-4.115139926674723e-05,0.17276790400079617,-5.06138292175378e-05,-1.4782927153024026e-05,0.5285258612810266,0.00017330979739904547,5.245402228653718e-05
566,True,5.669999999999598,6.241320960639529,False,False,0.0,False,,-0.15,0.0,-0.73304,-0.58496,-0.50477,-0.4,0.0,0.0,0.0,0.0,0.0,0.17,0.0,0.0,0.52333,0.0,0.0,-0.15,0.0,-0.73304,-0.58496,-0.50477,-0.4,0.0,0.0,0.0,0.0,0.0,0.17,0.0,0.0,0.52333,0.0,0.0,-0.16629609444708474,-0.004100426909694774,-0.7400658564933813,-0.5878791776967233,-0.5053222968758797,-0.403584860159856,-0.00022838731092566044,-8.927826371256811e-05,-0.00020975767597999193,-0.0001256063404873648,-4.093259542458545e-05,0.1727679048803554,-5.061178038849005e-05,-1.4782542803101862e-05,0.528525861859254,0.00017331196814432352,5.2454639467463386e-05
567,True,5.6799999999995965,6.2413223794873804,False,False,0.0,False,,-0.15,0.0,-0.73304,-0.58496,-0.50477,-0.4,0.0,0.0,0.0,0.0,0.0,0.17,0.0,0.0,0.52333,0.0,0.0,-0.15,0.0,-0.73304,-0.58496,-0.50477,-0.4,0.0,0.0,0.0,0.0,0.0,0.17,0.0,0.0,0.52333,0.0,0.0,-0.16629693974899143,-0.0041004241489929535,-0.7400658552387152,-0.5878791760447754,-0.5053222965873316,-0.40358853376698706,-0.00022741460074039832,-8.846250727624965e-05,-0.00020618765386630898,-0.00012552323815661061,-4.071795787847788e-05,0.17276790575191425,-5.060966324517915e-05,-1.4782142471637508e-05,0.5285258624402862,0.00017331417381466805,5.245526786562742e-05
568,True,5.689999999999595,6.241323774638638,False,False,0.0,False,,-0.15,0.0,-0.73304,-0.58496,-0.50477,-0.4,0.0,0.0,0.0,0.0,0.0,0.17,0.0,0.0,0.52333,0.0,0.0,-0.15,0.0,-0.73304,-0.58496,-0.50477,-0.4,0.0,0.0,0.0,0.0,0.0,0.17,0.0,0.0,0.52333,0.0,0.0,-0.16629777981303331,-0.004100421397202323,-0.740065854014711,-0.5878791744042684,-0.5053222962989583,-0.4035921438920352,-0.0002264596196084737,-8.766232902057576e-05,-0.00020267759761850816,-0.00012544152885701204,-4.050740698977121e-05,0.17276790661556604,-5.0607479663230195e-05,-1.4781726604787932e-05,0.5285258630239952,0.00017331641330587904,5.2455907126213364e-05
569,True,5.699999999999594,6.241325146487714,False,False,0.0,False,,-0.15,0.0,-0.73304,-0.58496,-0.50477,-0.4,0.0,0.0,0.0,0.0,0.0,0.17,0.0,0.0,0.52333,0.0,0.0,-0.15,0.0,-0.73304,-0.58496,-0.50477,-0.4,0.0,0.0,0.0,0.0,0.0,0.17,0.0,0.0,0.52333,0.0,0.0,-0.16629861467082327,-0.004100418654415399,-0.7400658528207799,-0.5878791727751111,-0.5053222960107904,-0.4035956916321176,-0.00022552204335590383,-8.687743113015278e-05,-0.0001992264999865275,-0.00012536118813123162,-4.0300864644067685e-05,0.17276790747140275,-5.060523148071881e-05,-1.4781295639403149e-05,0.5285258636102561,0.0001733186855368165,5.24565569019945e-05
570,True,5.709999999999593,6.241326495422525,False,False,0.0,False,,-0.15,0.0,-0.73304,-0.58496,-0.50477,-0.4,0.0,0.0,0.0,0.0,0.0,0.17,0.0,0.0,0.52333,0.0,0.0,-0.15,0.0,-0.73304,-0.58496,-0.50477,-0.4,0.0,0.0,0.0,0.0,0.0,0.17,0.0,0.0,0.52333,0.0,0.0,-0.16629944435379881,-0.004100415920721504,-0.7400658516563433,-0.5878791711572133,-0.5053222957228574,-0.40359917806539003,-0.00022460155374257946,-8.610752148537532e-05,-0.00019583337063914128,-0.00012528219195872173,-4.009825422203854e-05,0.17276790831951508,-5.06029204988659e-05,-1.4780850003207146e-05,0.5285258641989465,0.0001733209894489616,5.245721685318464e-05
571,True,5.719999999999592,6.241327821824548,False,False,0.0,False,,-0.15,0.0,-0.73304,-0.58496,-0.50477,-0.4,0.0,0.0,0.0,0.0,0.0,0.17,0.0,0.0,0.52333,0.0,0.0,-0.15,0.0,-0.73304,-0.58496,-0.50477,-0.4,0.0,0.0,0.0,0.0,0.0,0.17,0.0,0.0,0.52333,0.0,0.0,-0.166300268893223,-0.004100413196206825,-0.7400658505208334,-0.5878791695504855,-0.505322295435188,-0.4036026042513747,-0.0002236978383536107,-8.535231355347368e-05,-0.00019249723587977364,-0.00012520451674787785,-3.989950057079648e-05,0.17276790915999238,-5.060054848271986e-05,-1.4780390114975318e-05,0.5285258647899469,0.00017332332400598623,5.245788664729209e-05
572,True,5.729999999999591,6.241329126069046,False,False,0.0,False,,-0.15,0.0,-0.73304,-0.58496,-0.50477,-0.4,0.0,0.0,0.0,0.0,0.0,0.17,0.0,0.0,0.52333,0.0,0.0,-0.15,0.0,-0.73304,-0.58496,-0.50477,-0.4,0.0,0.0,0.0,0.0,0.0,0.17,0.0,0.0,0.52333,0.0,0.0,-0.16630108832018484,-0.004100410480954483,-0.7400658494136925,-0.587879167954839,-0.5053222951478107,-0.4036059712312821,-0.0002228105904926626,-8.461152628164558e-05,-0.00018921713836708522,-0.00012512813932833268,-3.970452997581634e-05,0.17276790999292274,-5.0598117161826484e-05,-1.4779916384708588e-05,0.5285258653831396,0.00017332568819333042,5.245856595897655e-05
573,True,5.73999999999959,6.241330408524967,False,False,0.0,False,,-0.15,0.0,-0.73304,-0.58496,-0.50477,-0.4,0.0,0.0,0.0,0.0,0.0,0.17,0.0,0.0,0.52333,0.0,0.0,-0.15,0.0,-0.73304,-0.58496,-0.50477,-0.4,0.0,0.0,0.0,0.0,0.0,0.17,0.0,0.0,0.52333,0.0,0.0,-0.16630190266560024,-0.004100407775044599,-0.7400658483343728,-0.5878791663701864,-0.5053222948607525,-0.40360928002832774,-0.0002219395090772441,-8.388488399223228e-05,-0.00018599213684025354,-0.0001250530369433893,-3.951327013339357e-05,0.17276791081839302,-5.059562823088679e-05,-1.4779429213804157e-05,0.5285258659784101,0.00017332808101778741,5.2459254469908694e-05
574,True,5.749999999999589,6.24133166955523,False,False,0.0,False,,-0.15,0.0,-0.73304,-0.58496,-0.50477,-0.4,0.0,0.0,0.0,0.0,0.0,0.17,0.0,0.0,0.52333,0.0,0.0,-0.15,0.0,-0.73304,-0.58496,-0.50477,-0.4,0.0,0.0,0.0,0.0,0.0,0.17,0.0,0.0,0.52333,0.0,0.0,-0.16630271196021265,-0.00410040507855435,-0.7400658472823366,-0.5878791647964409,-0.5053222945740401,-0.4036125316480429,-0.00022108429853591458,-8.317211627990019e-05,-0.00018282130584886748,-0.00012497918724259016,-3.932565012363006e-05,0.17276791163648883,-5.059308335040299e-05,-1.477892899522305e-05,0.528525866575646,0.00017333050150709667,5.245995186863244e-05
575,True,5.759999999999588,6.241332909516754,False,False,0.0,False,,-0.15,0.0,-0.73304,-0.58496,-0.50477,-0.4,0.0,0.0,0.0,0.0,0.0,0.17,0.0,0.0,0.52333,0.0,0.0,-0.15,0.0,-0.73304,-0.58496,-0.50477,-0.4,0.0,0.0,0.0,0.0,0.0,0.17,0.0,0.0,0.52333,0.0,0.0,-0.1663035162345935,-0.0041004023915580355,-0.740065846257056,-0.5878791632335166,-0.5053222942876994,-0.4036157270785804,-0.0002202446687073724,-8.247295791078916e-05,-0.00017970373548735887,-0.00012490656827442024,-3.914160038393741e-05,0.17276791244729456,-5.0590484147312696e-05,-1.4778416113654425e-05,0.5285258671747375,0.00017333294870954414,5.246065785042981e-05
576,True,5.769999999999587,6.241334128760526,False,False,0.0,False,,-0.15,0.0,-0.73304,-0.58496,-0.50477,-0.4,0.0,0.0,0.0,0.0,0.0,0.17,0.0,0.0,0.52333,0.0,0.0,-0.15,0.0,-0.73304,-0.58496,-0.50477,-0.4,0.0,0.0,0.0,0.0,0.0,0.17,0.0,0.0,0.52333,0.0,0.0,-0.1663043155191433,-0.004100399714127136,-0.7400658452580119,-0.5878791616813287,-0.5053222940017555,-0.4036188672910149,-0.000219420334741392,-8.178714872359036e-05,-0.00017663853113389504,-0.000124835158479141,-3.896105268304759e-05,0.1727679132508934,-5.058783221561184e-05,-1.4777890945676792e-05,0.5285258677755769,0.0001733354216935703,5.24613721171885e-05
577,True,5.7799999999995855,6.2413353276317745,False,False,0.0,False,,-0.15,0.0,-0.73304,-0.58496,-0.50477,-0.4,0.0,0.0,0.0,0.0,0.0,0.17,0.0,0.0,0.52333,0.0,0.0,-0.15,0.0,-0.73304,-0.58496,-0.50477,-0.4,0.0,0.0,0.0,0.0,0.0,0.17,0.0,0.0,0.52333,0.0,0.0,-0.16630510984409191,-0.004100397046330376,-0.7400658442846952,-0.5878791601397927,-0.505322293716233,-0.40362195323963834,-0.0002186110170015743,-8.111443353251646e-05,-0.00017362481319365696,-0.00012476493668175386,-3.8783940095521345e-05,0.17276791404736744,-5.058512911696623e-05,-1.4777353859916144e-05,0.528525868378059,0.0001733379195473849,5.246209437727181e-05
578,True,5.789999999999584,6.2413365064699535,False,False,0.0,False,,-0.15,0.0,-0.73304,-0.58496,-0.50477,-0.4,0.0,0.0,0.0,0.0,0.0,0.17,0.0,0.0,0.52333,0.0,0.0,-0.15,0.0,-0.73304,-0.58496,-0.50477,-0.4,0.0,0.0,0.0,0.0,0.0,0.17,0.0,0.0,0.52333,0.0,0.0,-0.16630589923949962,-0.004100394388233774,-0.7400658433366061,-0.5878791586088254,-0.5053222934311558,-0.40362498586224943,-0.00021781644096987874,-8.045456203212806e-05,-0.00017066171684642967,-0.00012469588208508997,-3.8610196976744755e-05,0.17276791483679751,-5.0582376381312054e-05,-1.4776805217201075e-05,0.5285258689820809,0.0001733404413785894,5.246282434539122e-05
579,True,5.799999999999583,6.241337665608982,False,False,0.0,False,,-0.15,0.0,-0.73304,-0.58496,-0.50477,-0.4,0.0,0.0,0.0,0.0,0.0,0.17,0.0,0.0,0.52333,0.0,0.0,-0.15,0.0,-0.73304,-0.58496,-0.50477,-0.4,0.0,0.0,0.0,0.0,0.0,0.17,0.0,0.0,0.52333,0.0,0.0,-0.16630668373525756,-0.004100391739900707,-0.7400658424132532,-0.5878791570883445,-0.5053222931465466,-0.40362796608043916,-0.00021703633715290291,-7.980728870398084e-05,-0.00016774839179843236,-0.00012462797426302443,-3.843975893840464e-05,0.1727679156192634,-5.0579575507445625e-05,-1.4776245370714946e-05,0.5285258695875416,0.00017334298631380607,5.246356174248128e-05
580,True,5.809999999999582,6.241338805377162,False,False,0.0,False,,-0.15,0.0,-0.73304,-0.58496,-0.50477,-0.4,0.0,0.0,0.0,0.0,0.0,0.17,0.0,0.0,0.52333,0.0,0.0,-0.15,0.0,-0.73304,-0.58496,-0.50477,-0.4,0.0,0.0,0.0,0.0,0.0,0.17,0.0,0.0,0.52333,0.0,0.0,-0.1663074633610885,-0.00410038910139196,-0.7400658415141547,-0.587879155578268,-0.5053222928624285,-0.4036308947998708,-0.0002162704409898789,-7.917237272505847e-05,-0.00016488400203831712,-0.00012456119315381272,-3.827256282443367e-05,0.17276791639484373,-5.057672796360238e-05,-1.477567466614515e-05,0.5285258701943428,0.00017334555349831396,5.246430629557701e-05
581,True,5.819999999999581,6.24133992609742,False,False,0.0,False,,-0.15,0.0,-0.73304,-0.58496,-0.50477,-0.4,0.0,0.0,0.0,0.0,0.0,0.17,0.0,0.0,0.52333,0.0,0.0,-0.15,0.0,-0.73304,-0.58496,-0.50477,-0.4,0.0,0.0,0.0,0.0,0.0,0.17,0.0,0.0,0.52333,0.0,0.0,-0.16630823814654774,-0.00410038647276579,-0.7400658406388368,-0.587879154078515,-0.5053222925788231,-0.4036337729105552,-0.0002155184927623542,-7.854957787795737e-05,-0.00016206772559726611,-0.00012449551905354696,-3.81085466874161e-05,0.172767917163616,-5.05738351880255e-05,-1.477509344182954e-05,0.528525870802388,0.0001733481420956918,5.2465057737693505e-05
582,True,5.82999999999958,6.241341028087313,False,False,0.0,False,,-0.15,0.0,-0.73304,-0.58496,-0.50477,-0.4,0.0,0.0,0.0,0.0,0.0,0.17,0.0,0.0,0.52333,0.0,0.0,-0.15,0.0,-0.73304,-0.58496,-0.50477,-0.4,0.0,0.0,0.0,0.0,0.0,0.17,0.0,0.0,0.52333,0.0,0.0,-0.16630900812102356,-0.004100383854077971,-0.7400658397868347,-0.5878791525890055,-0.5053222922957517,-0.4036366012871212,-0.00021478023750552645,-7.793867246278962e-05,-0.0001592987543131183,-0.00012443093260972995,-3.794764976544539e-05,0.17276791792565666,-5.057089858952414e-05,-1.4774502028900047e-05,0.5285258714115829,0.00017335075128746736,5.2465815807708e-05
583,True,5.839999999999579,6.241342111659183,False,False,0.0,False,,-0.15,0.0,-0.73304,-0.58496,-0.50477,-0.4,0.0,0.0,0.0,0.0,0.0,0.17,0.0,0.0,0.52333,0.0,0.0,-0.15,0.0,-0.73304,-0.58496,-0.50477,-0.4,0.0,0.0,0.0,0.0,0.0,0.17,0.0,0.0,0.52333,0.0,0.0,-0.16630977331373792,-0.004100381245381847,-0.7400658389576921,-0.58787915110966,-0.505322292013235,-0.4036393807890816,-0.0002140554249212023,-7.733942921077112e-05,-0.00015657629359845825,-0.00012436741481496489,-3.778981245942497e-05,0.17276791868104105,-5.056791954802167e-05,-1.4773900751423584e-05,0.5285258720218353,0.00017335338027277343,5.2466580250244075e-05
584,True,5.849999999999578,6.241343177120108,False,False,0.0,False,,-0.15,0.0,-0.73304,-0.58496,-0.50477,-0.4,0.0,0.0,0.0,0.0,0.0,0.17,0.0,0.0,0.52333,0.0,0.0,-0.15,0.0,-0.73304,-0.58496,-0.50477,-0.4,0.0,0.0,0.0,0.0,0.0,0.17,0.0,0.0,0.52333,0.0,0.0,-0.16631053375374738,-0.004100378646728392,-0.7400658381509604,-0.5878791496404002,-0.505322291731293,-0.40364211226109437,-0.00021334380929234964,-7.675162519946289e-05,-0.00015389956221260054,-0.00012430494700075868,-3.76349763108038e-05,0.17276791942984346,-5.056489941509398e-05,-1.4773289926540243e-05,0.528525872633055,0.00017335602826801003,5.246735081555813e-05
585,True,5.859999999999577,6.241344224772157,False,False,0.0,False,,-0.15,0.0,-0.73304,-0.58496,-0.50477,-0.4,0.0,0.0,0.0,0.0,0.0,0.17,0.0,0.0,0.52333,0.0,0.0,-0.15,0.0,-0.73304,-0.58496,-0.50477,-0.4,0.0,0.0,0.0,0.0,0.0,0.17,0.0,0.0,0.52333,0.0,0.0,-0.16631128946994364,-0.004100376058166257,-0.7400658373661998,-0.5878791481811482,-0.5053222914499451,-0.40364479653321933,-0.00021264514939921513,-7.617504176963378e-05,-0.00015126779203740375,-0.00012424351083143668,-3.748308397973817e-05,0.1727679201721373,-5.056183951449803e-05,-1.4772669864598871e-05,0.5285258732451537,0.00017335869450651288,5.2468127259428045e-05
586,True,5.869999999999576,6.241345254912375,False,False,0.0,False,,-0.15,0.0,-0.73304,-0.58496,-0.50477,-0.4,0.0,0.0,0.0,0.0,0.0,0.17,0.0,0.0,0.52333,0.0,0.0,-0.15,0.0,-0.73304,-0.58496,-0.50477,-0.4,0.0,0.0,0.0,0.0,0.0,0.17,0.0,0.0,0.52333,0.0,0.0,-0.16631204049105439,-0.004100373479741812,-0.7400658366029779,-0.587879146731827,-0.5053222911692103,-0.40364743442117057,-0.0002119592084369773,-7.560946444371367e-05,-0.00014868022785685051,-0.00012418308829816702,-3.7334079223671865e-05,0.1727679209079947,-5.0558741142690845e-05,-1.4772040869290056e-05,0.5285258738580451,0.00017336137823822822,5.24689093430439e-05
587,True,5.8799999999995745,6.241346267832837,False,False,0.0,False,,-0.15,0.0,-0.73304,-0.58496,-0.50477,-0.4,0.0,0.0,0.0,0.0,0.0,0.17,0.0,0.0,0.52333,0.0,0.0,-0.15,0.0,-0.73304,-0.58496,-0.50477,-0.4,0.0,0.0,0.0,0.0,0.0,0.17,0.0,0.0,0.52333,0.0,0.0,-0.16631278684564388,-0.004100370911499206,-0.7400658358608703,-0.58787914529236,-0.5053222908891073,-0.4036500267265643,-0.000211285753934908,-7.505468284580661e-05,-0.00014613612714032976,-0.00012412366171309246,-3.7187906876326464e-05,0.17276792163748703,-5.055560556933909e-05,-1.4771403237776572e-05,0.528525874471645,0.0001733640787293935,5.2469696832900906e-05
588,True,5.889999999999573,6.241347263820834,False,False,0.0,False,,-0.15,0.0,-0.73304,-0.58496,-0.50477,-0.4,0.0,0.0,0.0,0.0,0.0,0.17,0.0,0.0,0.52333,0.0,0.0,-0.15,0.0,-0.73304,-0.58496,-0.50477,-0.4,0.0,0.0,0.0,0.0,0.0,0.17,0.0,0.0,0.52333,0.0,0.0,-0.1663135285621137,-0.00410036835348041,-0.7400658351394604,-0.5878791438626718,-0.5053222906096534,-0.40365257423716244,-0.0002106245576770139,-7.45104906232341e-05,-0.00014363475982955918,-0.00012406521370356786,-3.7044512827093955e-05,0.17276792236068453,-5.055243403781952e-05,-1.4770757260821338e-05,0.5285258750858709,0.00017336679526222401,5.247048950069427e-05
589,True,5.899999999999572,6.24134824315887,False,False,0.0,False,,-0.15,0.0,-0.73304,-0.58496,-0.50477,-0.4,0.0,0.0,0.0,0.0,0.0,0.17,0.0,0.0,0.52333,0.0,0.0,-0.15,0.0,-0.73304,-0.58496,-0.50477,-0.4,0.0,0.0,0.0,0.0,0.0,0.17,0.0,0.0,0.52333,0.0,0.0,-0.16631426566870358,-0.004100365805725265,-0.7400658344383395,-0.5878791424426877,-0.5053222903308661,-0.4036550777271124,-0.0002099753956241317,-7.397668536957935e-05,-0.00014117540812908695,-0.00012400772720650127,-3.690384400082408e-05,0.1727679230776565,-5.054922776571027e-05,-1.4770103222912949e-05,0.5285258757006421,0.00017336952713460535,5.247128712321616e-05
590,True,5.909999999999571,6.241349206124731,False,False,0.0,False,,-0.15,0.0,-0.73304,-0.58496,-0.50477,-0.4,0.0,0.0,0.0,0.0,0.0,0.17,0.0,0.0,0.52333,0.0,0.0,-0.15,0.0,-0.73304,-0.58496,-0.50477,-0.4,0.0,0.0,0.0,0.0,0.0,0.17,0.0,0.0,0.52333,0.0,0.0,-0.16631499819349194,-0.004100363268271529,-0.7400658337571056,-0.5878791410323335,-0.5053222900527623,-0.40365753795718184,-0.00020933804783744916,-7.345306854920362e-05,-0.000138757366300312,-0.000123951185462797,-3.676584833799869e-05,0.17276792378847136,-5.0545987945273304e-05,-1.4769441402388784e-05,0.5285258763158801,0.0001733722736597915,5.2472089482254595e-05
591,True,5.91999999999957,6.241350152991676,False,False,0.0,False,,-0.15,0.0,-0.73304,-0.58496,-0.50477,-0.4,0.0,0.0,0.0,0.0,0.0,0.17,0.0,0.0,0.52333,0.0,0.0,-0.15,0.0,-0.73304,-0.58496,-0.50477,-0.4,0.0,0.0,0.0,0.0,0.0,0.17,0.0,0.0,0.52333,0.0,0.0,-0.16631572616439674,-0.0041003607411549195,-0.7400658330953641,-0.5878791396315358,-0.5053222897753581,-0.4036599556749904,-0.00020871229840342765,-7.293944542320655e-05,-0.00013637994045896478,-0.0001238955720118984,-3.663047477528578e-05,0.1727679244931965,-5.054271574392812e-05,-1.4768772071555787e-05,0.5285258769315075,0.00017337503416610877,5.247289636449431e-05
592,True,5.929999999999569,6.24135108402834,False,False,0.0,False,,-0.15,0.0,-0.73304,-0.58496,-0.50477,-0.4,0.0,0.0,0.0,0.0,0.0,0.17,0.0,0.0,0.52333,0.0,0.0,-0.15,0.0,-0.73304,-0.58496,-0.50477,-0.4,0.0,0.0,0.0,0.0,0.0,0.17,0.0,0.0,0.52333,0.0,0.0,-0.1663164496091762,-0.0041003582244091615,-0.7400658324527283,-0.5878791382402216,-0.5053222894986694,-0.4036623316152366,-0.0002080979353600986,-7.2435624976803e-05,-0.00013404244837598908,-0.00012384087068642943,-3.649767322646596e-05,0.17276792519189843,-5.053941230471684e-05,-1.4768095496808926e-05,0.5285258775474495,0.00017337780799666489,5.247370756141946e-05
593,True,5.939999999999568,6.241351999498928,False,False,0.0,False,,-0.15,0.0,-0.73304,-0.58496,-0.50477,-0.4,0.0,0.0,0.0,0.0,0.0,0.17,0.0,0.0,0.52333,0.0,0.0,-0.15,0.0,-0.73304,-0.58496,-0.50477,-0.4,0.0,0.0,0.0,0.0,0.0,0.17,0.0,0.0,0.52333,0.0,0.0,-0.16631716855542936,-0.00410035571806603,-0.7400658318288176,-0.5878791368583192,-0.5053222892227114,-0.40366466649992133,-0.00020749475062471022,-7.194141984808896e-05,-0.00013174421928176887,-0.00012378706560693185,-3.63673945637242e-05,0.17276792588464268,-5.053607874676097e-05,-1.4767411938747414e-05,0.5285258781636322,0.00017338059450906383,5.2474522869218286e-05
594,True,5.949999999999567,6.241352899663267,False,False,0.0,False,,-0.15,0.0,-0.73304,-0.58496,-0.50477,-0.4,0.0,0.0,0.0,0.0,0.0,0.17,0.0,0.0,0.52333,0.0,0.0,-0.15,0.0,-0.73304,-0.58496,-0.50477,-0.4,0.0,0.0,0.0,0.0,0.0,0.17,0.0,0.0,0.52333,0.0,0.0,-0.166317883030597,-0.004100353222155392,-0.7400658312232589,-0.587879135485757,-0.5053222889474989,-0.40366696103856736,-0.00020690253992269902,-7.145664625817038e-05,-0.00012948459367364347,-0.00012373414117669782,-3.623959059929978e-05,0.17276792657149403,-5.053271616570979e-05,-1.476672165228868e-05,0.5285258787799839,0.0001733833930751256,5.247534208868954e-05
595,True,5.959999999999566,6.241353784776892,False,False,0.0,False,,-0.15,0.0,-0.73304,-0.58496,-0.50477,-0.4,0.0,0.0,0.0,0.0,0.0,0.17,0.0,0.0,0.52333,0.0,0.0,-0.15,0.0,-0.73304,-0.58496,-0.50477,-0.4,0.0,0.0,0.0,0.0,0.0,0.17,0.0,0.0,0.52333,0.0,0.0,-0.1663185930619623,-0.004100350736705249,-0.7400658306356858,-0.5878791341224643,-0.5053222886730462,-0.40366921592843485,-0.00020632110271796207,-7.098112394262846e-05,-0.00012726292312665585,-0.000123682082076695,-3.611421406748771e-05,0.17276792725251625,-5.0529325634180634e-05,-1.4766024886780195e-05,0.5285258793964344,0.00017338620308061164,5.247616502515073e-05
596,True,5.9699999999995645,6.241354655091073,False,False,0.0,False,,-0.15,0.0,-0.73304,-0.58496,-0.50477,-0.4,0.0,0.0,0.0,0.0,0.0,0.17,0.0,0.0,0.52333,0.0,0.0,-0.15,0.0,-0.73304,-0.58496,-0.50477,-0.4,0.0,0.0,0.0,0.0,0.0,0.17,0.0,0.0,0.52333,0.0,0.0,-0.16631929867665154,-0.004100348261741779,-0.7400658300657385,-0.5878791327683711,-0.5053222883993671,-0.4036714318547334,-0.00020575024214440586,-7.051467608429606e-05,-0.00012507857010747965,-0.00012363087326058348,-3.599121860698482e-05,0.17276792792777232,-5.052590820219127e-05,-1.476532188610913e-05,0.5285258800129152,0.00017338902392495485,5.247699148834808e-05
597,True,5.979999999999563,6.241355510852873,False,False,0.0,False,,-0.15,0.0,-0.73304,-0.58496,-0.50477,-0.4,0.0,0.0,0.0,0.0,0.0,0.17,0.0,0.0,0.52333,0.0,0.0,-0.15,0.0,-0.73304,-0.58496,-0.50477,-0.4,0.0,0.0,0.0,0.0,0.0,0.17,0.0,0.0,0.52333,0.0,0.0,-0.16631999990163474,-0.004100345797289378,-0.7400658295130637,-0.5878791314234081,-0.5053222881264753,-0.40367360949083014,-0.0002051897649387492,-7.005712924732015e-05,-0.00012293090779147214,-0.00012358049994982165,-3.58705587435739e-05,0.1727679285973243,-5.0522464897584305e-05,-1.4764612888809946e-05,0.5285258806293591,0.00017339185502099504,5.247782129236832e-05
598,True,5.989999999999562,6.241356352305284,False,False,0.0,False,,-0.15,0.0,-0.73304,-0.58496,-0.50477,-0.4,0.0,0.0,0.0,0.0,0.0,0.17,0.0,0.0,0.52333,0.0,0.0,-0.15,0.0,-0.73304,-0.58496,-0.50477,-0.4,0.0,0.0,0.0,0.0,0.0,0.17,0.0,0.0,0.52333,0.0,0.0,-0.16632069676372657,-0.004100343343370695,-0.7400658289773145,-0.5878791300875064,-0.5053222878543835,-0.4036757494984546,-0.0002046394813745561,-6.960831331248552e-05,-0.00012081931988279961,-0.00012353094762886088,-3.575218987313947e-05,0.1727679292612334,-5.051899672644405e-05,-1.4763898128169907e-05,0.5285258812457008,0.0001733946957947191,5.247865425555206e-05
599,True,5.999999999999561,6.241357179687278,False,False,0.0,False,,-0.15,0.0,-0.73304,-0.58496,-0.50477,-0.4,0.0,0.0,0.0,0.0,0.0,0.17,0.0,0.0,0.52333,0.0,0.0,-0.15,0.0,-0.73304,-0.58496,-0.50477,-0.4,0.0,0.0,0.0,0.0,0.0,0.17,0.0,0.0,0.52333,0.0,0.0,-0.16632138928958695,-0.004100340900006678,-0.7400658284581506,-0.5878791287605981,-0.5053222875831045,-0.4036778525278999,-0.00020409920519747702,-6.916806141377582e-05,-0.00011874320043758448,-0.00012348220204042617,-3.563606824500882e-05,0.17276792991956014,-5.051550467350569e-05,-1.4763177832332597e-05,0.5285258818618764,0.0001733975456850061,5.24794902004089e-05
