frame,scored,sim_time,min_distance_measured_mm,measured_collision,measured_margin_violation,modification_rad,fallback,total_safety_time_ms,q_nominal.right_wrist,q_nominal.right_thumb_mcp,q_nominal.right_thumb_abd,q_nominal.right_thumb_pip,q_nominal.right_thumb_dip,q_nominal.right_index_abd,q_nominal.right_index_mcp,q_nominal.right_index_pip,q_nominal.right_middle_abd,q_nominal.right_middle_mcp,q_nominal.right_middle_pip,q_nominal.right_ring_abd,q_nominal.right_ring_mcp,q_nominal.right_ring_pip,q_nominal.right_pinky_abd,q_nominal.right_pinky_mcp,q_nominal.right_pinky_pip,q_safe.right_wrist,q_safe.right_thumb_mcp,q_safe.right_thumb_abd,q_safe.right_thumb_pip,q_safe.right_thumb_dip,q_safe.right_index_abd,q_safe.right_index_mcp,q_safe.right_index_pip,q_safe.right_middle_abd,q_safe.right_middle_mcp,q_safe.right_middle_pip,q_safe.right_ring_abd,q_safe.right_ring_mcp,q_safe.right_ring_pip,q_safe.right_pinky_abd,q_safe.right_pinky_mcp,q_safe.right_pinky_pip,q_measured.right_wrist,q_measured.right_thumb_mcp,q_measured.right_thumb_abd,q_measured.right_thumb_pip,q_measured.right_thumb_dip,q_measured.right_index_abd,q_measured.right_index_mcp,q_measured.right_index_pip,q_measured.right_middle_abd,q_measured.right_middle_mcp,q_measured.right_middle_pip,q_measured.right_ring_abd,q_measured.right_ring_mcp,q_measured.right_ring_pip,q_measured.right_pinky_abd,q_measured.right_pinky_mcp,q_measured.right_pinky_pip
0,True,0.01,6.228385962484579,False,False,0.0,False,28.80487497895956,-0.15,0.0,-0.73304,-0.58496,-0.50477,-0.4,0.0,0.0,0.0,0.0,0.0,0.17,0.0,0.0,0.52333,0.0,0.0,-0.15,0.0,-0.73304,-0.58496,-0.50477,-0.4,0.0,0.0,0.0,0.0,0.0,0.17,0.0,0.0,0.52333,0.0,0.0,-0.1504636294717452,-0.00024913347586931196,-0.733488708629297,-0.5851219546970908,-0.5047744998339302,-0.40023331337118867,-2.4794459782912207e-05,-1.2086908669606811e-06,1.9421818310665445e-08,-3.829584200719741e-05,-1.202505450442284e-06,0.170156837943458,-2.8209428762938118e-05,-1.017519327709447e-06,0.5236657896662829,-6.383528447448374e-07,-2.4370657384594807e-07
1,True,0.020000000000000004,6.229440057345398,False,False,8.720617075734236e-08,False,28.27195799909532,-0.15,0.0,-0.73304,-0.58496,-0.50477,-0.3975621418832809,0.008100132252109841,0.01410010394338402,-0.014234133061257415,0.010269210726397054,0.03639119847721586,0.17,0.0,0.0,0.52333,0.0,0.0,-0.1500000009259819,-4.977270918007405e-10,-0.7330400008961814,-0.5849600003234633,-0.5047700000089873,-0.3975621472254635,0.008100116024582863,0.01410007577959983,-0.014234104593354143,0.010269190139607845,0.036391125792654196,0.1700000003134092,-5.691032699619864e-11,-2.032235969997865e-12,0.5233300006697204,-1.2749473914911732e-12,-4.867418749345399e-13,-0.15142852984354171,-0.0007170562696631099,-0.7343286451353916,-0.5854299131496296,-0.504782630526514,-0.4004855502328518,0.0004837764071796336,0.0010505890617191539,-0.0009910373971781397,0.0005870810144618422,0.002803200278329838,0.17044937074715108,-5.458206356520626e-05,-3.0149569157806463e-06,0.5242845787697311,-2.2974842690034314e-06,-8.237597640173798e-07
2,True,0.030000000000000013,6.229933428879721,False,False,1.68050104739382e-07,False,28.118165966589004,-0.15,0.0,-0.73304,-0.58496,-0.50477,-0.3951242837665617,0.016200264504219682,0.02820020788676804,-0.02846826612251483,0.02053842145279411,0.07278239695443171,0.17,0.0,0.0,0.52333,0.0,0.0,-0.15000000285440007,-1.4329870567063308e-09,-0.7330400025749749,-0.5849600009389775,-0.5047700000252386,-0.3951242944889505,0.016200233092137445,0.02820015362352744,-0.02846821116850809,0.020538381576556856,0.07278225708869639,0.17000000089846004,-1.0961243623376117e-10,-6.024407959272167e-12,0.5233300019067381,-4.590396023823037e-12,-1.645920837507044e-12,-0.15263638014847686,-0.001238461481281083,-0.7352622377727434,-0.585776774951837,-0.5047919069444369,-0.40052494482014817,0.002059106182936645,0.0040342968536903265,-0.003851785435259883,0.0025536266292553087,0.010658704156459598,0.17077331548846206,-7.107176895803867e-05,-5.424099365927397e-06,0.5249622496234752,-4.5652957394559985e-06,-1.5820050724957701e-06
3,True,0.04000000000000002,6.229684624797001,False,False,2.3698588283187823e-07,False,28.289791953284293,-0.15,0.0,-0.73304,-0.58496,-0.50477,-0.39268642564984263,0.02430039675632953,0.042300311830152065,-0.04270239918377225,0.030807632179191167,0.10917359543164759,0.17,0.0,0.0,0.52333,0.0,0.0,-0.15000000526942764,-2.475635821341804e-09,-0.7330400044418989,-0.5849600016325927,-0.5047700000437884,-0.3926864413267519,0.02430035229174438,0.04230023532885004,-0.04270232148300079,0.030807575693970364,0.10917339848074453,0.17000000154637795,-1.425436041175166e-10,-1.0841550859239666e-11,0.5233300032620801,-9.12433576265271e-12,-3.161918316412922e-12,-0.15395307813364847,-0.0017301746869950222,-0.7361413206264459,-0.5861066226078717,-0.5048014640456268,-0.40023531871794865,0.00484037654515224,0.009107337621183086,-0.008793154017169649,0.006046940663975671,0.023911233288579054,0.1710775401707267,-8.31921049903096e-05,-7.849235063613067e-06,0.525592766278993,-6.804350036532334e-06,-2.3152132854952217e-06
4,True,0.05000000000000003,6.22888889942414,False,False,2.9302661453109715e-07,False,28.89762498671189,-0.15,0.0,-0.73304,-0.58496,-0.50477,-0.3902485675331235,0.032400529008439365,0.05640041577353608,-0.05693653224502966,0.04107684290558822,0.14556479390886343,0.17,0.0,0.0,0.52333,0.0,0.0,-0.15000000790251897,-3.459115929457801e-09,-0.733040006200211,-0.5849600022923335,-0.5047700000629017,-0.3902485875065103,0.0324004739028468,0.056400321212397256,-0.056936435958715434,0.04107677286440049,0.1455645506658701,0.17000000215486996,-1.6671493875621175e-10,-1.569176856493573e-11,0.5233300045233703,-1.360251449543696e-11,-4.628400672265938e-12,-0.15530868918862195,-0.0021565114828431616,-0.7369032738154453,-0.5863944411488768,-0.5048110214476095,-0.3995639130758979,0.008747827761496598,0.016089394165020615,-0.01568551626774136,0.010978381315112161,0.042069705719032624,0.17134074576803754,-9.268548225350777e-05,-1.0053325035899422e-05,0.5261342129419816,-8.553845709560214e-06,-2.881788082843107e-06
5,True,0.06000000000000004,6.227913064279704,False,False,3.3724512336229523e-07,False,28.18808297161013,-0.15,0.0,-0.73304,-0.58496,-0.50477,-0.38781070941640433,0.04050066126054921,0.07050051971692009,-0.07117066530628707,0.05134605363198527,0.1819559923860793,0.17,0.0,0.0,0.52333,0.0,0.0,-0.15000001061362864,-4.311938433046447e-09,-0.7330400077244364,-0.5849600028680849,-0.5047700000820164,-0.38781073292270746,0.040500597766524954,0.07050041091446432,-0.07117055433641153,0.05134597291132117,0.1819557126642133,0.17000000268132404,-1.8563298580318976e-10,-2.0100547664042914e-11,0.5233300056066092,-1.710284533929711e-11,-5.762006313721142e-12,-0.15666248110926875,-0.002507870530727431,-0.7375319523663216,-0.5866328057939947,-0.5048204964408958,-0.3985291912660286,0.013619028958988894,0.024684030573171173,-0.02426059097387211,0.01714944905505107,0.06436100843748588,0.1715575789731109,-0.00010013991080797479,-1.1928108294010637e-05,0.5265777748901909,-9.587014994106901e-06,-3.2139377389145954e-06
6,True,0.07000000000000005,6.227164351172723,False,False,3.714466175461126e-07,False,28.578124998603016,-0.15,0.0,-0.73304,-0.58496,-0.50477,-0.3853728512996852,0.04860079351265906,0.08460062366030413,-0.0854047983675445,0.061615264358382334,0.21834719086329518,0.17,0.0,0.0,0.52333,0.0,0.0,-0.15000001332121204,-5.01483579965975e-09,-0.7330400089821576,-0.5849600033449494,-0.5047700001009666,-0.38537287761227007,0.04860072355814363,0.08460050384250004,-0.08540467607953234,0.061615175438039474,0.218346882930327,0.17000000311502805,-2.0048148343808532e-10,-2.3851012419424944e-11,0.5233300064940817,-1.9171149980080665e-11,-6.42694906761174e-12,-0.15798709858239815,-0.0027877897069180186,-0.738034285565162,-0.5868234389795395,-0.5048298666111157,-0.3971790293714812,0.01927533993433125,0.034582239567908346,-0.03421689492311697,0.02433562652770541,0.08998797405813368,0.17173053567103838,-0.00010584025302757219,-1.3446684504385754e-05,0.5269302603701779,-9.845485121045048e-06,-3.2959219828575925e-06
7,True,0.08000000000000006,6.227018635332478,False,False,3.975316837236328e-07,False,28.34133303258568,-0.15,0.0,-0.73304,-0.58496,-0.50477,-0.3829349931829661,0.05670092576476889,0.09870072760368814,-0.09963893142880191,0.0718844750847794,0.254738389340511,0.17,0.0,0.0,0.52333,0.0,0.0,-0.15000001597052195,-5.574849449262176e-09,-0.7330400099871696,-0.5849600037263463,-0.5047700001197073,-0.38293502167095067,0.05670085092046735,0.09870059937852556,-0.09963880058511351,0.07188437999559463,0.25473805986994574,0.17000000346097235,-2.1183220622218984e-10,-2.688913848694727e-11,0.5233300071993648,-1.969021995757857e-11,-6.591605289618359e-12,-0.15926189067638383,-0.0030054747568258144,-0.7384269266010619,-0.5869721636181314,-0.5048391242779855,-0.39556902172375147,0.02555162510464908,0.045505976226197294,-0.045270554121070734,0.032325824601312794,0.11823682789170417,0.17186541245035572,-0.00011001493280203503,-1.4626939154712821e-05,0.5272046150787443,-9.369093548427493e-06,-3.1421034584445466e-06
8,True,0.09000000000000007,6.227789480141229,False,False,4.1722181130619e-07,False,29.455041978508234,-0.15,0.0,-0.73304,-0.58496,-0.50477,-0.38049713506624694,0.06480105801687873,0.11280083154707216,-0.11387306449005932,0.08215368581117644,0.29112958781772685,0.17,0.0,0.0,0.52333,0.0,0.0,-0.1500000185202381,-6.010377192472438e-09,-0.7330400107727517,-0.5849600040239101,-0.5047700001382228,-0.3804971652099374,0.06480097952318893,0.11280069696636708,-0.11387292728540774,0.08215358616177293,0.29112924205529356,0.1700000037307504,-2.2014162548271172e-10,-2.925057359209047e-11,0.5233300077483368,-1.8739459901092725e-11,-6.284617414946029e-12,-0.16047049702540253,-0.0031717251651748224,-0.73872907393067,-0.5870860723855362,-0.5048482634099217,-0.3937520589742794,0.03230719777514223,0.057222237483067755,-0.057176149600832935,0.040938107897383065,0.14851103942860985,0.17196887799450566,-0.00011288858066038405,-1.550797094671266e-05,0.5274150489889973,-8.245644702214765e-06,-2.7814451108152693e-06
9,True,0.10000000000000007,6.22972155595724,False,False,4.319662976638344e-07,False,28.957917005755007,-0.15,0.0,-0.73304,-0.58496,-0.50477,-0.3780592769495278,0.07290119026898857,0.12690093549045617,-0.12810719755131672,0.09242289653757349,0.32752078629494275,0.17,0.0,0.0,0.52333,0.0,0.0,-0.150000020937628,-6.3430091457039595e-09,-0.7330400113772941,-0.584960004251823,-0.5047700001565014,-0.3780593083350129,0.07290110908486878,0.12690079613989547,-0.12810705568957648,0.09242279357262245,0.3275204282929894,0.1700000039377004,-2.2585796910024394e-10,-3.101345664451743e-11,0.5233300081694165,-1.6494346387251817e-11,-5.563871060687705e-12,-0.1616002137646118,-0.0032968914583451662,-0.7389589421752387,-0.5871720702654462,-0.5048572771541103,-0.3917740305070583,0.0394276561448936,0.06954353414993608,-0.06973189628439061,0.050023347048211146,0.18033137402771887,0.1720472763781607,-0.00011468126398914879,-1.613629628627e-05,0.5275747504442029,-6.5801015120377195e-06,-2.2480365325732552e-06
10,True,0.11000000000000008,6.232996515671664,False,False,4.429349107817926e-07,False,29.18270800728351,-0.15,0.0,-0.73304,-0.58496,-0.50477,-0.37562141883280864,0.08100132252109842,0.14100103943384018,-0.14234133061257415,0.10269210726397054,0.3639119847721586,0.17,0.0,0.0,0.52333,0.0,0.0,-0.15000002319727393,-6.593446745615378e-09,-0.7330400118372284,-0.5849600044238952,-0.5047700001745292,-0.3756214511379562,0.08100123937663194,0.14100089652400793,-0.14234118539404994,0.10269200192979515,0.3639116176242432,0.17000000409451116,-2.2941983321498726e-10,-3.227079985952176e-11,0.5233300084889855,-1.3164757662395955e-11,-4.49753117532159e-12,-0.16264194092542417,-0.003389996188670272,-0.7391322939372957,-0.5872362254532358,-0.5048661582762086,-0.3896727015502216,0.04682268838035589,0.08232277878725457,-0.08277725793838295,0.05946321347575212,0.21332221530725537,0.17210612124253424,-0.00011559861537037365,-1.6558364379447483e-05,0.5276949983393678,-4.477513728335372e-06,-1.5758378337964515e-06
11,True,0.12000000000000009,6.237743829013766,False,False,4.510469597023434e-07,False,29.93441600119695,-0.15,0.0,-0.73304,-0.58496,-0.50477,-0.37318356071608955,0.08910145477320826,0.15510114337722422,-0.15657546367383154,0.1129613179903676,0.4003031832493744,0.17,0.0,0.0,0.52333,0.0,0.0,-0.15000002528096607,-6.7797388575603634e-09,-0.7330400121840868,-0.5849600045522654,-0.5047700001922918,-0.37318359369429677,0.08910137021778924,0.1551009978244191,-0.1565753160777522,0.11296121099656294,0.40030280929753886,0.17000000421220832,-2.3123546095482964e-10,-3.311550165690873e-11,0.5233300087296068,-8.960792566502739e-12,-3.153518199407201e-12,-0.1635901804430383,-0.003458485208135958,-0.7392620681197009,-0.5872835680916134,-0.5048749000142274,-0.38747811577766417,0.054422432019074526,0.09544649731234245,-0.09618743840064282,0.06916592785093435,0.24719391122268294,0.1721499585057116,-0.00011582447696426135,-1.681684125587506e-05,0.5277849890365409,-2.0344902192813017e-06,-7.960418105831277e-07
12,True,0.1300000000000001,6.2440524089546585,False,False,4.570121364002464e-07,False,31.02812502766028,-0.15,0.0,-0.73304,-0.58496,-0.50477,-0.3707457025993704,0.09720158702531811,0.16920124732060826,-0.170809596735089,0.12323052871676467,0.43669438172659036,0.17,0.0,0.0,0.52333,0.0,0.0,-0.15000002717769845,-6.91677853794509e-09,-0.7330400124437545,-0.5849600046469967,-0.5047700002097756,-0.3707457360641271,0.09720150146856064,0.1692010998140887,-0.1708094474911095,0.12323042058934915,0.43669400273333714,0.170000004299904,-2.3164982624712498e-10,-3.36329043228948e-11,0.5233300089096973,-4.075691665146711e-12,-1.5942252110905927e-12,-0.16444289115229696,-0.0035082927534836367,-0.7393585406434384,-0.5873181169426055,-0.504883496684233,-0.3852136181398906,0.062173635604066906,0.10882815036736823,-0.10986706498916805,0.07906149492057936,0.2817255755414959,0.17218241066033252,-0.00011551757622219231,-1.6949034530719575e-05,0.5278519960167358,6.643945066678199e-07,6.404741776574083e-08
13,True,0.1400000000000001,6.25160388099315,False,False,0.012024612888089627,False,39.00729201268405,-0.15,0.0,-0.73304,-0.58496,-0.50477,-0.36830784448265125,0.10530171927742796,0.18330135126399227,-0.1850437297963464,0.13349973944316174,0.4730855802038062,0.17,0.0,0.0,0.52333,0.0,0.0,-0.15000002888572453,-7.016255354052453e-09,-0.733040012637056,-0.5849600047162244,-0.5047700002269929,-0.3768182536561103,0.10588710217349229,0.18330120231788838,-0.176569103651632,0.1335475851452447,0.47308519748456235,0.17000000437701734,-2.309887589497595e-10,-3.389800126455344e-11,0.5233300090439384,1.3287863560065873e-12,1.2809457934264644e-13,-0.16519515649803992,-0.003544237421204524,-0.7394301116881115,-0.5873431764042232,-0.5048919392561066,-0.383523312864515,0.0700813558885231,0.12240189103229376,-0.12313124155909226,0.08910161775673296,0.31675021581587925,0.17220635156051145,-0.0001149195073662871,-1.70101642117908e-05,0.5279017812903872,3.4902095022905073e-06,9.6361475296127e-07
14,True,0.1500000000000001,6.259614938998208,False,False,0.029345779105637012,False,39.194999961182475,-0.15,0.0,-0.73304,-0.58496,-0.50477,-0.3658699863659321,0.11340185152953779,0.1974014552073763,-0.19927786285760382,0.1437689501695588,0.509476778681022,0.17,0.0,0.0,0.52333,0.0,0.0,-0.1500000303902522,-7.086329717898715e-09,-0.7330400127801978,-0.5849600047663434,-0.5047700002438781,-0.3856115025646666,0.11317608643655439,0.1974013052085479,-0.1776116011115811,0.1423655894193481,0.5094763932286672,0.17000000450079222,-2.2950707937038298e-10,-3.402026038740939e-11,0.5233300091433153,6.980405043440998e-12,1.927225652014527e-12,-0.16585820995533135,-0.003569511550325911,-0.7394820810362582,-0.5873611418640209,-0.5049002318956609,-0.38306991329606016,0.07804399492782522,0.13611950175625442,-0.13506398071355707,0.09913574656703358,0.35214336295344056,0.17222383664978866,-0.00011397133055186105,-1.698986731746674e-05,0.5279384027124361,6.472844278070187e-06,1.9108499307670104e-06
15,True,0.16000000000000011,6.267897922967792,False,False,0.03432483232886675,False,32.92162501020357,-0.15,0.0,-0.73304,-0.58496,-0.50477,-0.363432128249213,0.12150198378164763,0.2115015591507603,-0.21351199591886122,0.15403816089595582,0.5458679771582379,0.17,0.0,0.0,0.52333,0.0,0.0,-0.15000003171635648,-7.133980405981538e-09,-0.7330400128841363,-0.5849600048022742,-0.5047700002604634,-0.3864867447269171,0.12119650599193307,0.21150140838694703,-0.18813313042923593,0.15245745122112872,0.5458675897097844,0.1700000045759722,-2.2720632966461308e-10,-3.3979666668837276e-11,0.5233300092164602,1.2945662664209522e-11,3.8216922175496e-12,-0.16644021515460275,-0.0035873110293169943,-0.7395192751634198,-0.587374798534627,-0.5049083734972283,-0.38356343265877957,0.08601550906545309,0.14994383918532941,-0.1459108108044728,0.10913987324148385,0.3878096712416182,0.1722367747456535,-0.00011276961757645058,-1.6910504444337053e-05,0.5279651746119802,9.559878127774625e-06,2.8891070081614703e-06
16,True,0.17000000000000012,6.2766325577028095,False,False,0.04037857817927073,False,31.722583051305264,-0.15,0.0,-0.73304,-0.58496,-0.50477,-0.36099427013249386,0.12960211603375746,0.2256016630941443,-0.22774612898011865,0.16430737162235287,0.5822591756354537,0.17,0.0,0.0,0.52333,0.0,0.0,-0.15000003288036454,-7.173734891709194e-09,-0.7330400129585244,-0.5849600048295874,-0.5047700002767465,-0.38811176653742474,0.12916613949328906,0.2256015117787991,-0.19788335200032567,0.1625479854101248,0.5822587867372228,0.17000000449586564,-2.2541134879331716e-10,-3.3820941246166455e-11,0.5233300092702738,1.911971801755064e-11,5.778202460351745e-12,-0.166946322592706,-0.003600694689461974,-0.7395458536003925,-0.5873861063941936,-0.5049163615188377,-0.38457025824066354,0.09399939380122428,0.16384695206110322,-0.1561924045633938,0.11915473485948204,0.42367780300511404,0.17224721796386372,-0.00011143816550832913,-1.680022541343342e-05,0.5279847070288003,1.268456770638773e-05,3.877392198383723e-06
17,True,0.18000000000000013,6.285909840191724,False,False,0.0470187519700691,False,31.31358395330608,-0.15,0.0,-0.73304,-0.58496,-0.50477,-0.3585564120157747,0.1377022482858673,0.23970176703752835,-0.24198026204137604,0.17457658234874993,0.6186503741126697,0.17,0.0,0.0,0.52333,0.0,0.0,-0.1500000338925774,-7.2004320184233805e-09,-0.7330400130116812,-0.5849600048522031,-0.5047700002927225,-0.39014178385299225,0.1370991501902728,0.23970161532820183,-0.20720870013003265,0.17265250400218718,0.6186499841683073,0.17000000451857303,-2.2273881031969773e-10,-3.3600383621132856e-11,0.5233300093093342,2.5369084672818474e-11,7.754768887345347e-12,-0.16738378825794945,-0.0036116332456234148,-0.739565533053242,-0.5873961356370906,-0.5049241956761946,-0.3859012394641662,0.10199066212513434,0.17780829530925138,-0.1661436845769,0.1291967767824183,0.459695227402423,0.17225656855521693,-0.00011004135202426512,-1.667404702198605e-05,0.5279992691728941,1.5811739899124935e-05,4.864517854059475e-06
18,True,0.19000000000000014,6.295763884460092,False,False,0.05400236594786838,False,31.673750025220215,-0.15,0.0,-0.73304,-0.58496,-0.50477,-0.35611855389905556,0.14580238053797714,0.25380187098091234,-0.25621439510263344,0.18484579307514698,0.6550415725898855,0.17,0.0,0.0,0.52333,0.0,0.0,-0.15000003476750698,-7.2222991602012565e-09,-0.73304001305104,-0.5849600048722615,-0.5047700003083908,-0.3924174678276178,0.14499349761032293,0.25380171899406495,-0.21629244695479433,0.18278954895354724,0.6550411818979764,0.17000000453751138,-2.1994470101541902e-10,-3.3348027349267267e-11,0.5233300093384577,3.1623416552213884e-11,9.729016251208266e-12,-0.16776102428802964,-0.0036211652004803003,-0.7395809557739698,-0.5874055525649253,-0.5049318768485563,-0.38747079987154165,0.1099818149181095,0.19181269447460908,-0.17587217539513003,0.13927238014102314,0.49582305167985063,0.17226540938963794,-0.00010861714921860476,-1.6540945793545723e-05,0.5280109198308314,1.892034488102755e-05,5.843770512815341e-06
19,True,0.20000000000000015,6.306200152989592,False,False,0.06121798253543937,False,31.37758298544213,-0.15,0.0,-0.73304,-0.58496,-0.50477,-0.35368069578233646,0.153902512790087,0.26790197492429635,-0.27044852816389087,0.19511500380154403,0.6914327710671013,0.17,0.0,0.0,0.52333,0.0,0.0,-0.15000003552197752,-7.241363573443765e-09,-0.7330400130818854,-0.5849600048910953,-0.5047700003237531,-0.3948686191373467,0.1528463537222149,0.2679018227460398,-0.22522150486117037,0.19297088476756732,0.691432379848445,0.17000000455516392,-2.170974326552071e-10,-3.308182541924762e-11,0.523330009361759,3.7840614078602994e-11,1.1687517650358422e-11,-0.1680868493044726,-0.0036299823727179055,-0.7395936278990066,-0.5874146171663044,-0.5049394067043338,-0.3892371527138499,0.11796493428772639,0.20584891818515924,-0.18542976493685545,0.1493846231124524,0.5320324003631132,0.17227396610598233,-0.00010719002679538355,-1.6406674045786222e-05,0.5280210092561287,2.1996641071438804e-05,6.810808530562563e-06
20,True,0.21000000000000016,6.317211587351246,False,False,0.06861080170396251,False,32.13070804486051,-0.15,0.0,-0.73304,-0.58496,-0.50477,-0.3512428376656173,0.16200264504219683,0.28200207886768036,-0.2846826612251483,0.2053842145279411,0.7278239695443172,0.17,0.0,0.0,0.52333,0.0,0.0,-0.15000003617362626,-7.2590154703150445e-09,-0.7330400131072297,-0.5849600049092245,-0.5047700003388128,-0.39746357154095036,0.16065435422949909,0.2820019265616636,-0.23404155654990905,0.2032055682822734,0.727823577961962,0.17000000457179454,-2.142469443636207e-10,-3.281328246634461e-11,0.523330009381939,4.399319416517524e-11,1.3621589817169562e-11,-0.16836992791659242,-0.003638415489937349,-0.7396045514129881,-0.5874234319686753,-0.5049467874623584,-0.39117738933712604,0.12593252152075082,0.21990865381972066,-0.19484433665430603,0.15953604025506918,0.5683018108361519,0.1722823266916719,-0.00010577639955433418,-1.6274990720575504e-05,0.5280303228658271,2.5031321451141067e-05,7.762757113699737e-06
21,True,0.22000000000000017,6.328787182101404,False,False,0.0761503753420993,False,31.906707969028503,-0.15,0.0,-0.73304,-0.58496,-0.50477,-0.34880497954889816,0.17010277729430667,0.29610218281106443,-0.2989167942864057,0.21565342525433814,0.764215168021533,0.17,0.0,0.0,0.52333,0.0,0.0,-0.15000003673978235,-7.2759038182400315e-09,-0.7330400131290766,-0.5849600049268541,-0.5047700003535742,-0.40018739537614784,0.16841375429406752,0.2961020304243112,-0.24278085110176723,0.21350166030540638,0.7642147761956023,0.1700000045878982,-2.1142423960651344e-10,-3.2549916338257866e-11,0.5233300094005677,5.0062542775023734e-11,1.552548317669902e-11,-0.1686183995720771,-0.0036465953607300386,-0.7396143225142229,-0.5874320388483067,-0.5049540217112015,-0.3932771339737457,0.13387773430947755,0.2339857493392216,-0.20413374954517832,0.1697296530566816,0.6046153227432501,0.1722905262052018,-0.00010438683258816924,-1.614819630107422e-05,0.5280392393337482,2.8018350262736782e-05,8.697825968528046e-06
22,True,0.23000000000000018,6.340916474365625,False,False,0.08381667754556882,False,31.583875010255724,-0.15,0.0,-0.73304,-0.58496,-0.50477,-0.346367121432179,0.17820290954641652,0.31020228675444844,-0.3131509273476631,0.2259226359807352,0.8006063664987488,0.17,0.0,0.0,0.52333,0.0,0.0,-0.15000003723672467,-7.292297459025182e-09,-0.7330400131486188,-0.5849600049440679,-0.5047700003680428,-0.40303249178527667,0.176120511885346,0.3102021343216784,-0.25146049826832295,0.22386695669310752,0.8006059745174453,0.17000000460335293,-2.0865146849874394e-10,-3.229632800614852e-11,0.5233300094184029,5.6036588451982e-11,1.7395617146189965e-11,-0.1688396377333891,-0.003654575589306646,-0.7396232334460696,-0.58744045659156,-0.5049611122832705,-0.3955262209734258,0.14179435913023608,0.24807565112801475,-0.21331202156861437,0.1799692754377828,0.6409610636907074,0.17229857942841828,-0.00010302740639606535,-1.602748155753094e-05,0.5280479067129661,3.095423742167721e-05,9.615063368702799e-06
23,True,0.24000000000000019,6.353597271046603,False,False,0.0915740583368967,False,31.553042004816234,-0.15,0.0,-0.73304,-0.58496,-0.50477,-0.3439292633154599,0.18630304179852636,0.32430239069783245,-0.3273850604089205,0.23619184670713225,0.8369975649759647,0.17,0.0,0.0,0.52333,0.0,0.0,-0.15000003767920012,-7.308324151585055e-09,-0.7330400131664406,-0.5849600049609033,-0.5047700003822239,-0.40602098136549725,0.18381248267777833,0.3243022382446582,-0.26015046103233447,0.23425988613783505,0.8369971729037462,0.1700000046176676,-2.0594353755979886e-10,-3.2054898998015464e-11,0.5233300094357419,6.190835102453654e-11,1.923008827405036e-11,-0.16904015083913923,-0.003662380159797307,-0.7396314626388776,-0.5874486955051755,-0.5049680621902428,-0.3979188016651127,0.14967990254269184,0.2621749495878567,-0.22239581427502825,0.19025579441766016,0.6773302416018631,0.17230649348375915,-0.0001017000334192506,-1.591304041626248e-05,0.5280563841141318,3.383786129963693e-05,1.0514282512684434e-05
24,True,0.25000000000000017,6.3668345217195155,False,False,0.09942278107121598,False,31.090458971448243,-0.15,0.0,-0.73304,-0.58496,-0.50477,-0.34149140519874077,0.19440317405063623,0.3384024946412165,-0.341619193470178,0.24646105743352933,0.8733887634531807,0.17,0.0,0.0,0.52333,0.0,0.0,-0.15000003808022552,-7.2110045443510296e-09,-0.7330400131828989,-0.5849600049773811,-0.5047700003961236,-0.40914245366398055,0.19146912757749124,0.3384023421864313,-0.2688419508127293,0.24470339996344012,0.8733883713369213,0.1700000055795864,-1.8945773174307377e-10,-3.1826017180409645e-11,0.523330009449944,6.767558724112303e-11,2.1028522967928487e-11,-0.16922548582282984,-0.003670021448291901,-0.739639332612638,-0.5874567627509227,-0.5049748745213597,-0.4004516257309249,0.15753360343412603,0.276281126892833,-0.23140310334560046,0.20058891653072886,0.7137163025990051,0.17231427257906629,-0.00010040415374059976,-1.5804473175502916e-05,0.5280646962980674,3.66695567789544e-05,1.1395766066365457e-05
25,True,0.2600000000000002,6.3806351521932045,False,False,0.10735887714947273,False,30.835125013254583,-0.15,0.0,-0.73304,-0.58496,-0.50477,-0.3390535470820216,0.20250330630274607,0.35250259858460053,-0.3558533265314354,0.2567302681599264,0.9097799619303966,0.17,0.0,0.0,0.52333,0.0,0.0,-0.15000003845089474,-7.339214646174402e-09,-0.7330400131986389,-0.5849600049935155,-0.5047700004097483,-0.4123817575741897,0.19906621942548522,0.352502446141962,-0.27752817104234767,0.2552274374836985,0.9097795698038622,0.17000000463534617,-2.0071046947123684e-10,-3.1608883127023576e-11,0.5233300094693563,7.333896689135045e-11,2.279148654777774e-11,-0.16940019533065492,-0.0036775071357476987,-0.7396469712952349,-0.5874646639149772,-0.504981552293324,-0.40312143196308137,0.16535289118187682,0.2903923570179797,-0.24034966749042191,0.21097100707829042,0.7501143146850195,0.17232191979654113,-9.913794143314448e-05,-1.5701081315789718e-05,0.5280728547271637,3.945045961322106e-05,1.2260050436827855e-05
26,True,0.2700000000000002,6.394935069158316,False,False,0.11565698572567763,False,30.42191604617983,-0.15,0.0,-0.73304,-0.58496,-0.50477,-0.3366156889653025,0.21060343855485592,0.36660270252798455,-0.3700874595926928,0.26699947888632347,0.9461711604076124,0.17,0.0,0.0,0.52333,0.0,0.0,-0.15000003880031307,-7.354066707595391e-09,-0.7330400132139162,-0.5849600050093179,-0.5047700004231038,-0.4155123610383355,0.2066309799400564,0.36660255010759835,-0.2856207618034029,0.26579531116648036,0.9461707682947051,0.17000000465162562,-1.9816538216138949e-10,-3.140209982641735e-11,0.5233300094856707,7.890076142620401e-11,2.452005183334186e-11,-0.16956820195821298,-0.0036848444781850233,-0.7396544346312929,-0.5874724051865807,-0.5049880987126593,-0.4059080225928235,0.1731358518512523,0.304507265388806,-0.2492052604577807,0.22140361055321428,0.7865206076464015,0.17232943823066796,-9.789313313938662e-05,-1.5600763659923624e-05,0.5280808667746894,4.218522331337943e-05,1.3108752987476537e-05
27,True,0.2800000000000002,6.409650331767998,False,False,0.12408606295781782,False,30.55187501013279,-0.15,0.0,-0.73304,-0.58496,-0.50477,-0.3341778308485833,0.21870357080696576,0.38070280647136856,-0.3843215926539502,0.2772686896127205,0.9825623588848282,0.17,0.0,0.0,0.52333,0.0,0.0,-0.15000003913632565,-7.368668405484391e-09,-0.7330400132288428,-0.5849600050248004,-0.5047700004361966,-0.41866765820170365,0.21413451763537508,0.3807026540805912,-0.2935620954432662,0.2764578177291154,0.9825619668021099,0.1700000046672618,-1.9566891253694051e-10,-3.120146491774668e-11,0.5233300095016933,8.437027788785407e-11,2.621745353672026e-11,-0.16973248194221635,-0.003692038861030022,-0.7396617473217719,-0.5874799916896799,-0.5049945167703327,-0.4087874111152126,0.1808799305340325,0.3186248496690558,-0.2579330275107161,0.23189024820307538,0.8229324194194396,0.17233683054030496,-9.66642145181133e-05,-1.550201418756501e-05,0.5280887372094795,4.4877138905143875e-05,1.3943070588309744e-05
28,True,0.2900000000000002,6.4246969694349145,False,False,0.13277320739924223,False,30.598666984587908,-0.15,0.0,-0.73304,-0.58496,-0.50477,-0.33173997273186423,0.22680370305907557,0.3948029104147526,-0.39855572571520764,0.2875379003391176,1.018953557362044,0.17,0.0,0.0,0.52333,0.0,0.0,-0.15000003946488494,-7.382914346282937e-09,-0.7330400132434682,-0.5849600050399734,-0.5047700004490326,-0.4218718222851333,0.22187075493704217,0.39480275805893583,-0.301189715898182,0.28683047250080707,1.0189531653205521,0.17000000468324125,-1.9319633947376211e-10,-3.100396636879178e-11,0.5233300095174312,8.975409830505945e-11,2.7886085401821e-11,-0.1698956219720066,-0.0036990972379535845,-0.739668927168567,-0.5874874299637378,-0.5050008097154212,-0.41174334332680823,0.18860386846168806,0.33274409719814724,-0.2665017195938182,0.2424076275709778,0.8593479848689591,0.17234409989360075,-9.543791254817434e-05,-1.540165775886683e-05,0.5280964713992768,4.7533676242154485e-05,1.476547583505107e-05
29,True,0.3000000000000002,6.439995480575388,False,False,0.1416533678967939,False,30.7415840215981,-0.15,0.0,-0.73304,-0.58496,-0.50477,-0.3293021146151451,0.23490383531118542,0.4089030143581366,-0.41278985877646507,0.2978071110655146,1.05534475583926,0.17,0.0,0.0,0.52333,0.0,0.0,-0.15000003979116436,-7.396871989483883e-09,-0.7330400132578279,-0.5849600050548499,-0.5047700004616186,-0.4251258151761914,0.22972058909585188,0.4089028620406069,-0.30859738667469166,0.29706027567203336,1.055344363846502,0.17000000469911614,-1.9072764092901984e-10,-3.080325391256072e-11,0.5233300095328965,9.506716234678825e-11,2.953089260688993e-11,-0.17005947488479886,-0.0037060253791440716,-0.739675985640725,-0.587494725698605,-0.5050069805908384,-0.41476572372831355,0.19633535656709164,0.34686430265751966,-0.2748868415127693,0.2529202845381134,0.8957659225151253,0.1723512491691197,-9.420377582226366e-05,-1.52971296921896e-05,0.5281040738191825,5.016086839775205e-05,1.5577998640741868e-05
30,True,0.3100000000000002,6.455490396776434,False,False,0.15067372854099276,False,30.12420900631696,-0.15,0.0,-0.73304,-0.58496,-0.50477,-0.32686425649842593,0.24300396756329526,0.4230031183015206,-0.42702399183772244,0.30807632179191163,1.0917359543164757,0.17,0.0,0.0,0.52333,0.0,0.0,-0.15000004011886953,-7.4105802848334346e-09,-0.7330400132719448,-0.5849600050694413,-0.5047700004739603,-0.42843985269029733,0.23757299561221606,0.42300296602419385,-0.31587158283337274,0.30729067127913584,1.091735562377196,0.17000000471464977,-1.882452559581532e-10,-3.05941981919636e-11,0.5233300095480985,1.0032153615322816e-10,3.1155934975761034e-11,-0.17022474819397876,-0.003712826022611988,-0.7396829264099616,-0.5875018821730248,-0.5050130319087616,-0.41784906307750147,0.20408972989227325,0.36098519182453864,-0.28307944524546064,0.263408038727366,0.932184918697266,0.17235828042783638,-9.296113188090684e-05,-1.5188035891309013e-05,0.5281115469572872,5.275961785768607e-05,1.6381069190133896e-05
31,True,0.32000000000000023,6.471146734386118,False,False,0.1598368520423128,False,29.680209001526237,-0.15,0.0,-0.73304,-0.58496,-0.50477,-0.32442639838170684,0.25110409981540505,0.43710322224490455,-0.4412581248989798,0.31834553251830866,1.1281271527936916,0.17,0.0,0.0,0.52333,0.0,0.0,-0.15000004044941548,-7.424024032684495e-09,-0.7330400132858262,-0.5849600050837542,-0.5047700004860629,-0.43181642544386817,0.24542739121852955,0.43710307000914816,-0.32301135930686126,0.31752166073555316,1.1281267609100072,0.17000000473002014,-1.8574551449615073e-10,-3.037601102929047e-11,0.5233300095630418,1.055190246702746e-10,3.276207285335137e-11,-0.17039133905836518,-0.0037195007382718063,-0.7396897502890775,-0.5875089016683742,-0.5050189659317688,-0.4209910506563714,0.21187108430672522,0.3751066610258434,-0.29108161575968544,0.27386487588351094,0.9686038497250379,0.1723651954257648,-9.171277322401503e-05,-1.5074819769642991e-05,0.5281188925778105,5.532902270398024e-05,1.7174524208579534e-05
32,True,0.33000000000000024,6.486548778370911,False,False,0.16922774516992517,False,29.856290959287435,-0.15,0.0,-0.73304,-0.58496,-0.50477,-0.3219885402649877,0.2592042320675149,0.4512033261882886,-0.4554922579602373,0.32861474324470574,1.1645183512709074,0.17,0.0,0.0,0.52333,0.0,0.0,-0.15000004078259654,-9.149112412988603e-09,-0.733040013299474,-0.5849600050977932,-0.504770000497931,-0.4316948363814706,0.25434807596529196,0.45120317399526266,-0.3267700415262731,0.32552167490417444,1.164517959442688,0.17000001694746447,-3.477358932215107e-11,-3.0149579239237994e-11,0.5233300094612484,1.1065782410399697e-10,3.4348979725400434e-11,-0.17056666107836585,-0.0037260921507665558,-0.7396965462699939,-0.5875158191796938,-0.5050247915218393,-0.4239275799417409,0.2197588231635529,0.38922749997608097,-0.2986604823966371,0.28412139622846844,1.0050234655746517,0.17237200756210255,-9.031527901539646e-05,-1.4925997846996617e-05,0.5281261395810701,5.7945545249219095e-05,1.7982061639378645e-05
33,True,0.34000000000000025,6.502356085429651,False,False,0.18062555457819668,False,38.93320797942579,-0.15,0.0,-0.73304,-0.58496,-0.50477,-0.31955068214826854,0.26730436431962484,0.46530343013167275,-0.46972639102149477,0.3388839539711029,1.2009095497481235,0.17,0.0,0.0,0.52333,0.0,0.0,-0.1500000411332399,-5.3382277144693735e-09,-0.7330400133130659,-0.5849600051116282,-0.5047700005095821,-0.44113595288535634,0.2523862630382629,0.4612062144419146,-0.3370748482450896,0.3414936774029604,1.2007264463142029,0.16999999422053033,-3.4433544452989583e-10,-2.985193598831735e-11,0.5233300095524382,1.1589085871781691e-10,3.596405134757689e-11,-0.17075294047247597,-0.00373260837741812,-0.7397033289305731,-0.587522642903386,-0.5050305121560493,-0.42714295693626847,0.22698827766535912,0.4030347774273803,-0.30611734835422905,0.2946491596125961,1.0414228619379287,0.1723787201369155,-8.874716518762617e-05,-1.4736045360102912e-05,0.5281332939686757,6.0621130440084184e-05,1.8807769269402822e-05
34,True,0.35000000000000026,6.518710442803828,False,False,0.19024381435596438,False,44.26599998259917,-0.15,0.0,-0.73304,-0.58496,-0.50477,-0.3171128240315494,0.2754044965717346,0.4794035340750567,-0.4839605240827521,0.34915316469749985,1.2373007482253393,0.17,0.0,0.0,0.52333,0.0,0.0,-0.15000004150579793,-7.45394810978961e-09,-0.7330400133266313,-0.5849600051252756,-0.5047700005210233,-0.4451440725035708,0.25977659667354774,0.47507427394027923,-0.34420869995649117,0.35182484163689975,1.2371446630823815,0.1700000046365902,-1.7969651130598716e-10,-2.947203177408326e-11,0.5233300095997605,1.2124201839160912e-10,3.7615463298828295e-11,-0.17093916799530554,-0.0037389917820868533,-0.7397099722817188,-0.5875293280068161,-0.5050361204332018,-0.4307730408656366,0.23360910756772704,0.41657382024967965,-0.3136080340233914,0.30549201446037294,1.0778102282936506,0.17238531842409702,-8.721899239804211e-05,-1.4550738257641212e-05,0.5281403186410717,6.324506847791627e-05,1.9617624029708494e-05
35,True,0.36000000000000026,6.535326748672103,False,False,0.19974549447921633,False,40.65275000175461,-0.15,0.0,-0.73304,-0.58496,-0.50477,-0.31467496591483024,0.2835046288238445,0.49350363801844077,-0.49819465714400957,0.359422375423897,1.2736919467025551,0.17,0.0,0.0,0.52333,0.0,0.0,-0.15000004187825222,-7.711531650658049e-09,-0.7330400133399179,-0.5849600051386458,-0.5047700005322399,-0.4480736783895322,0.26720960197270216,0.4888542980248779,-0.35051857894273275,0.36218998103278266,1.2738264779819202,0.1700000070699729,-1.5529433015676504e-10,-2.910141831018783e-11,0.5233300093329045,1.2648988396957682e-10,3.9235169580360265e-11,-0.17111742715826583,-0.003745223428510979,-0.7397164339464949,-0.5875358595474812,-0.5050416148674444,-0.4345484882166245,0.24006891057265745,0.4300340617743075,-0.3210174224011854,0.3164205167877172,1.1142203751915651,0.17239179864464993,-8.580415041034247e-05,-1.4386806632139222e-05,0.5281472022167482,6.57791929314218e-05,2.0399581877219374e-05
36,True,0.3700000000000003,6.551790795196539,False,False,0.2089624410225867,False,42.97799995401874,-0.15,0.0,-0.73304,-0.58496,-0.50477,-0.31223710779811115,0.2916047610759543,0.5076037419618247,-0.5124287902052669,0.36969158615029396,1.310083145179771,0.17,0.0,0.0,0.52333,0.0,0.0,-0.15000004223476984,-7.146490854387927e-09,-0.7330400133528412,-0.5849600051517089,-0.5047700005432287,-0.4491346990289891,0.27533009126239444,0.5026943992979622,-0.35549218321910575,0.3720989983417444,1.3107835055008723,0.1700000025769239,-2.0188610020386612e-10,-2.877355571552975e-11,0.5233300096424053,1.3155812275341978e-10,4.079908214724604e-11,-0.17128665774381782,-0.0037513177930747687,-0.7397227427596719,-0.5875422491771471,-0.5050469993502718,-0.43815678721568785,0.24662878540906247,0.44350432310602333,-0.3281737740320609,0.3272932831278887,1.1506954132854954,0.17239816614328896,-8.445895461454523e-05,-1.4235375730445495e-05,0.5281539550846208,6.82471727926374e-05,2.1160690990820254e-05
37,True,0.3800000000000003,6.568182148199883,False,False,0.21836125755352997,False,44.71166699659079,-0.15,0.0,-0.73304,-0.58496,-0.50477,-0.309799249681392,0.29970489332806416,0.5217038459052088,-0.5266629232665244,0.3799607968766911,1.346474343656987,0.17,0.0,0.0,0.52333,0.0,0.0,-0.15000004257323035,-7.2306681384547156e-09,-0.7330400133654588,-0.5849600051644881,-0.5047700005539977,-0.4532032847143333,0.2874350816772193,0.518999991409412,-0.3624768108865142,0.3812233777325013,1.3470978985201414,0.17000000347203514,-1.8665392926479722e-10,-2.847069451973139e-11,0.5233300096481983,1.364940725956344e-10,4.2321297338734475e-11,-0.1714340072382595,-0.003757216546975136,-0.7397287704137143,-0.5875484506092118,-0.5050522660199724,-0.4416333619416779,0.25371683388494903,0.45721401308695037,-0.335129106542264,0.33798115543185575,1.1872044676416644,0.17240440565427906,-8.33994812448649e-05,-1.4144123346169057e-05,0.5281605392531297,7.053516615516446e-05,2.1865660045554672e-05
38,True,0.3900000000000003,6.584779761804169,False,False,0.228401321266811,False,43.17504196660593,-0.15,0.0,-0.73304,-0.58496,-0.50477,-0.30736139156467285,0.307805025580174,0.5358039498485927,-0.5408970563277817,0.39023000760308807,1.3828655421342027,0.17,0.0,0.0,0.52333,0.0,0.0,-0.15000004286792873,-7.718163111663373e-09,-0.7330400133775141,-0.584960005176891,-0.5047700005645309,-0.45814190401671734,0.29876831266068776,0.5350828793837163,-0.36957810866869656,0.3902737636415901,1.383051973112941,0.17000000666487283,-1.427734137377434e-10,-2.8288190119209666e-11,0.523330009658783,1.4107005017263696e-10,4.373123262439108e-11,-0.1715576128575517,-0.003762928195565213,-0.7397345325279722,-0.5875544697677463,-0.505057417452921,-0.44518487621907205,0.26154564890203363,0.4713081980753096,-0.3420121425144193,0.3484135213340041,1.2236767714436145,0.17241052072881263,-8.26053366847477e-05,-1.4110071614808995e-05,0.5281669609457668,7.265437554150002e-05,2.2517339369781644e-05
39,True,0.4000000000000003,6.601198025227119,False,False,0.2416326954038575,False,42.21649997634813,-0.15,0.0,-0.73304,-0.58496,-0.50477,-0.3049235334479537,0.31590515783228384,0.5499040537919768,-0.5551311893890393,0.40049921832948515,1.4192567406114187,0.17,0.0,0.0,0.52333,0.0,0.0,-0.15000004311513948,-7.758591437714846e-09,-0.7330400133890383,-0.5849600051889292,-0.5047700005748338,-0.46419052230524716,0.30505382985931256,0.5499038958333888,-0.3737457461365484,0.3991008601477277,1.4192563496134696,0.17000000435658416,-1.7004438567674082e-10,-2.8220086786449146e-11,0.5233300095697515,1.453084604681118e-10,4.503458866469989e-11,-0.1716797679026606,-0.003768585474467108,-0.7397403098982013,-0.5875604130171375,-0.5050624767860177,-0.4490074410589981,0.26970598286091524,0.4856986348142092,-0.3486726530063252,0.3585666785093297,1.260092875247318,0.17241654942702825,-8.161784190204665e-05,-1.4032972849483106e-05,0.5281733076127824,7.484758445865035e-05,2.3190696660131587e-05
40,True,0.4100000000000003,6.6173766359453445,False,False,0.25206390458265476,False,41.27624997636303,-0.15,0.0,-0.73304,-0.58496,-0.50477,-0.3024856753312346,0.32400529008439366,0.5640041577353607,-0.5693653224502966,0.4107684290558822,1.4556479390886343,0.17,0.0,0.0,0.52333,0.0,0.0,-0.15000004335944908,-7.713223874276226e-09,-0.733040013400593,-0.5849600052008157,-0.5047700005849525,-0.46824297551690264,0.31278285030964886,0.5640040008965724,-0.37980595696023456,0.409342515685591,1.455647548037109,0.17000000329047654,-1.8314398715841337e-10,-2.8065889564644897e-11,0.5233300097415159,1.4969486952364375e-10,4.638130055058796e-11,-0.1718079774435078,-0.0037741881574339885,-0.7397460974602827,-0.5875662820339623,-0.5050674460369293,-0.4530500129143098,0.27790838392326594,0.5002075995447091,-0.3551009732381881,0.3685625785882856,1.2964746174395885,0.17242249237273785,-8.044852592183248e-05,-1.3914063096494513e-05,0.5281795788332516,7.710895593693265e-05,2.3884531017835207e-05
41,True,0.4200000000000003,6.633478774837717,False,False,0.2627530150343316,False,41.14300000946969,-0.15,0.0,-0.73304,-0.58496,-0.50477,-0.30004781721451546,0.33210542233650353,0.5781042616787448,-0.583599455511554,0.42103763978227926,1.4920391375658504,0.17,0.0,0.0,0.52333,0.0,0.0,-0.15000004361586766,-7.780078109097949e-09,-0.7330400134121681,-0.5849600052125536,-0.504770000594891,-0.47244578447346813,0.32048878281333687,0.5781041054852647,-0.3856574692391291,0.4195845220482008,1.4920387464576927,0.17000000304276622,-1.8324752343789816e-10,-2.7828070534700075e-11,0.5233300097367652,1.5421760343628608e-10,4.7768966496416435e-11,-0.17193932493328873,-0.0037797049417123262,-0.739751824897075,-0.5875720531745828,-0.5050723219591137,-0.4572025003187024,0.28607934024709814,0.5147195605106986,-0.36137418380547465,0.37852478305977555,1.3328419616493241,0.17242834178005542,-7.921621695753005e-05,-1.3778652991656186e-05,0.5281857542921101,7.937600724781507e-05,2.4579882323222364e-05
42,True,0.4300000000000003,6.64924892345554,False,False,0.269134872670231,False,41.40879196347669,-0.15,0.0,-0.73304,-0.58496,-0.50477,-0.298463209438648,0.3373705083003749,0.5872693292419444,-0.5928516420013713,0.42771262675443733,1.5156934165760405,0.17,0.0,0.0,0.52333,0.0,0.0,-0.1500000438785621,-7.719069536338274e-09,-0.733040013423623,-0.584960005224096,-0.5047700006046427,-0.4746595027658025,0.3255443383864336,0.5872691838133676,-0.38975936356025664,0.4262586502762996,1.5156930509236406,0.17000000372047344,-1.7202794501674102e-10,-2.7557250867349132e-11,0.523330009729126,1.5875169698232293e-10,4.91596663143622e-11,-0.17209762987012478,-0.00378526463605435,-0.7397577666801777,-0.5875778303690417,-0.505077127137459,-0.46126195552520677,0.29398950629275944,0.5288001266950982,-0.367404040401046,0.3882412607404628,1.3682039228266425,0.17243413496202215,-7.746998856107957e-05,-1.352770980239992e-05,0.5281919196450686,8.188771520700255e-05,2.5350741833745294e-05
43,True,0.44000000000000034,6.6639440399078405,False,False,0.268429837030009,False,40.130583045538515,-0.15,0.0,-0.73304,-0.58496,-0.50477,-0.298463209438648,0.3373705083003749,0.5872693292419444,-0.5928516420013713,0.42771262675443733,1.5156934165760405,0.17,0.0,0.0,0.52333,0.0,0.0,-0.15000004419517135,-7.347718865638453e-09,-0.7330400134355065,-0.5849600052356503,-0.5047700006142531,-0.47533908705444383,0.324393453241194,0.5872692130371505,-0.3913573119166416,0.42664852563465094,1.5156931212782663,0.1700000057423992,-1.486001510644236e-10,-2.7055365492591058e-11,0.523330009769226,1.6377510286792133e-10,5.070138226089243e-11,-0.1723376699326984,-0.0037911366242262094,-0.7397644984602826,-0.5875838325004986,-0.5050819078039147,-0.464961157631713,0.3010009327296128,0.5414154344433729,-0.37292572505179666,0.39704115465997714,1.399925268915877,0.17243994847660438,-7.425846014520191e-05,-1.2950080061987811e-05,0.5281982529118574,8.514778229247841e-05,2.6353992926278463e-05
44,True,0.45000000000000034,6.67698566061762,False,False,0.266726751322135,False,39.97008298756555,-0.15,0.0,-0.73304,-0.58496,-0.50477,-0.298463209438648,0.3373705083003749,0.5872693292419444,-0.5928516420013713,0.42771262675443733,1.5156934165760405,0.17,0.0,0.0,0.52333,0.0,0.0,-0.15000004467525052,-7.514868380787548e-09,-0.7330400134489701,-0.5849600052476546,-0.5047700006238144,-0.4740121818253963,0.3244087620083957,0.5872692377194327,-0.3924596333912801,0.4268441896364799,1.5156931849550153,0.1700000052788386,-1.4437170148338518e-10,-2.5900108323163406e-11,0.523330009735944,1.702952239673091e-10,5.270788042878601e-11,-0.1726593944770354,-0.003797268337647981,-0.7397719045474417,-0.5875900248273442,-0.5050866590325145,-0.4680183822130757,0.3068000442623591,0.5519615756169092,-0.3777505039627104,0.4044867199653159,1.4264505102749172,0.17244576847602403,-6.976717958438408e-05,-1.2080191137003067e-05,0.5282047197039963,8.905875152854305e-05,2.7562255270481665e-05
45,True,0.46000000000000035,6.6882212164509225,False,False,0.26515683350965635,False,39.97458302183077,-0.15,0.0,-0.73304,-0.58496,-0.50477,-0.298463209438648,0.3373705083003749,0.5872693292419444,-0.5928516420013713,0.42771262675443733,1.5156934165760405,0.17,0.0,0.0,0.52333,0.0,0.0,-0.15000004531869832,-7.532236281308086e-09,-0.7330400134637822,-0.5849600052600392,-0.5047700006333169,-0.4728082342460494,0.3244338676779659,0.5872692588111391,-0.39349235678506367,0.42702167872132285,1.5156932380020591,0.17000000525450568,-1.359258066345459e-10,-2.4160333950758606e-11,0.5233300097492662,1.7811714684559318e-10,5.5124400290468886e-11,-0.17301938608684447,-0.0038034579476224077,-0.7397795537797461,-0.587596249881158,-0.5050913504084978,-0.47031758702775134,0.31143545898678815,0.5604342971105704,-0.38185176766243983,0.4105334984738535,1.4477584229230507,0.17245154030972856,-6.470341717687774e-05,-1.1070462268997375e-05,0.52821118933898,9.324773815879343e-05,2.8861402989591618e-05
46,True,0.47000000000000036,6.697761915770665,False,False,0.2636753180239871,False,38.88370800996199,-0.15,0.0,-0.73304,-0.58496,-0.50477,-0.298463209438648,0.3373705083003749,0.5872693292419444,-0.5928516420013713,0.42771262675443733,1.5156934165760405,0.17,0.0,0.0,0.52333,0.0,0.0,-0.15000004603868008,-7.545919387171723e-09,-0.7330400134790807,-0.5849600052724893,-0.5047700006426996,-0.47170464755742497,0.324467705191186,0.5872692757675163,-0.39449509658501,0.42718725452703876,1.5156932806095733,0.17000000524694367,-1.2620629782672706e-10,-2.214088026147084e-11,0.5233300097632556,1.8649510330947996e-10,5.7722690525779854e-11,-0.17337032960612045,-0.0038095452727949877,-0.7397871066647101,-0.5876023790711978,-0.5050959568046847,-0.4719051291087793,0.3150590459834965,0.5670740748125155,-0.3852949077968102,0.41531851559509864,1.4644521516164888,0.1724572215229562,-5.9626996030886256e-05,-1.004536040619161e-05,0.528217559636104,9.742001951570376e-05,3.0159564026541937e-05
47,True,0.48000000000000037,6.7058337934759535,False,False,0.2622627162833498,False,38.65620796568692,-0.15,0.0,-0.73304,-0.58496,-0.50477,-0.298463209438648,0.3373705083003749,0.5872693292419444,-0.5928516420013713,0.42771262675443733,1.5156934165760405,0.17,0.0,0.0,0.52333,0.0,0.0,-0.15000004674056572,-7.558103751366396e-09,-0.7330400134941863,-0.5849600052847476,-0.5047700006519124,-0.4706861194872858,0.32450831466076263,0.5872692890610908,-0.395480343382606,0.42734375956390336,1.5156933139874411,0.17000000524637743,-1.1639763058160198e-10,-2.0090680628062326e-11,0.523330009777155,1.9483964935158513e-10,6.031900741149294e-11,-0.17367551063953196,-0.0038154359311866246,-0.7397943634876946,-0.5876083338296657,-0.5051004629893986,-0.472890433375714,0.3178492124013765,0.5721926830415826,-0.3881799272304237,0.4190415535806597,1.4773172692572567,0.17246278780670551,-5.4871314770214346e-05,-9.08197789378031e-06,0.5282237712057276,0.00010140033684771926,3.140082087773509e-05
48,True,0.4900000000000004,6.69821133626937,False,False,0.26090944358359935,False,38.89179200632498,-0.15,0.0,-0.73304,-0.58496,-0.50477,-0.298463209438648,0.3373705083003749,0.5872693292419444,-0.5928516420013713,0.42771262675443733,1.5156934165760405,0.17,0.0,0.0,0.52333,0.0,0.0,-0.15000004735092656,-7.681149791303327e-09,-0.7330400135087,-0.5849600052966571,-0.5047700006609247,-0.4697401829644127,0.32455374999178294,0.5872692997999599,-0.39644996589453496,0.4274925816841035,1.5156933394554002,0.17000000301973509,-1.4852219278114857e-10,-1.816391946181102e-11,0.5233300099693609,2.02800268088053e-10,6.280151614403758e-11,-0.17391232855858432,-0.003821086764908109,-0.739801231262182,-0.587614075676762,-0.5051048618503355,-0.47339647156400416,0.31997548117720553,0.5760944598417924,-0.39061094897107335,0.42190680917310175,1.4871212293478802,0.17246822849552135,-5.0597134688730645e-05,-8.220012881175824e-06,0.5282297970080742,0.00010510419917689633,3.255713351130542e-05
49,True,0.5000000000000003,6.660837880735866,False,False,0.25961026556866806,False,39.09083397593349,-0.15,0.0,-0.73304,-0.58496,-0.50477,-0.298463209438648,0.3373705083003749,0.5872693292419444,-0.5928516420013713,0.42771262675443733,1.5156934165760405,0.17,0.0,0.0,0.52333,0.0,0.0,-0.15000004782456147,-7.641761529987579e-09,-0.7330400135224355,-0.5849600053081407,-0.5047700006697224,-0.46885641564038283,0.32460235577333185,0.5872693068936622,-0.3974018698306031,0.42763447074403393,1.5156933594310436,0.17000000493954043,-1.011637331996512e-10,-1.643999288103177e-11,0.5233300097995498,2.102079779231318e-10,6.51141367861703e-11,-0.17407044981536493,-0.0038264840423292944,-0.7398076768218315,-0.5876195898688233,-0.5051091511961339,-0.4735985401062591,0.3215845655459219,0.5790452197181574,-0.3926819651020708,0.4240974084083198,1.4945341734848452,0.17247354041463392,-4.686880452589178e-05,-7.477447826388269e-06,0.528235627891348,0.00010849754717014708,3.361631842447088e-05
50,True,0.5100000000000003,6.625989287736027,False,False,0.2583936035799999,False,38.86458300985396,-0.15,0.0,-0.73304,-0.58496,-0.50477,-0.298463209438648,0.3373705083003749,0.5872693292419444,-0.5928516420013713,0.42771262675443733,1.5156934165760405,0.17,0.0,0.0,0.52333,0.0,0.0,-0.15000004814078724,-7.7576134955952e-09,-0.7330400135353259,-0.5849600053191686,-0.5047700006783007,-0.468043624981762,0.32465164367254096,0.5872693124209937,-0.39830610836889846,0.42776611986971624,1.5156933744518106,0.17000000414050173,-1.0148817407935797e-10,-1.495494131346719e-11,0.523330009817256,2.169943149861811e-10,6.723239460548324e-11,-0.17415052815641324,-0.003831637602099828,-0.7398137151015671,-0.587624881125504,-0.505113332911124,-0.4736008736608544,0.3227967653922793,0.5812640742036075,-0.39446962560830445,0.4257664275687048,1.5001082273964084,0.17247872642712225,-4.367242010080568e-05,-6.854235956063288e-06,0.5282412690999329,0.00011158728319658124,3.4579245666078506e-05
51,True,0.5200000000000004,6.5929653865177045,False,False,0.25726210691509016,False,38.815332984086126,-0.15,0.0,-0.73304,-0.58496,-0.50477,-0.298463209438648,0.3373705083003749,0.5872693292419444,-0.5928516420013713,0.42771262675443733,1.5156934165760405,0.17,0.0,0.0,0.52333,0.0,0.0,-0.15000004830095154,-7.762598100338053e-09,-0.7330400135474026,-0.5849600053297511,-0.5047700006866641,-0.46729771012601495,0.32470036846170514,0.5872693168789388,-0.39915564293305345,0.42788736492916923,1.5156933855803272,0.17000000419438394,-9.458163764041122e-11,-1.3708507919245913e-11,0.5233300098281713,2.231738055940907e-10,6.915825502334591e-11,-0.17417538867809265,-0.003836548143757004,-0.739819344184202,-0.5876299445000179,-0.5051174065427309,-0.4734318297602045,0.3237064159166392,0.5829253131935337,-0.39603267999938685,0.42703553970654395,1.5042829122979204,0.17248378723014063,-4.102271402368408e-05,-6.359150745256602e-06,0.528246720898528,0.00011436571400357506,3.5441157259552014e-05
52,True,0.5300000000000004,6.561412847280172,False,False,0.2561905678762347,False,39.53474998706952,-0.15,0.0,-0.73304,-0.58496,-0.50477,-0.298463209438648,0.3373705083003749,0.5872693292419444,-0.5928516420013713,0.42771262675443733,1.5156934165760405,0.17,0.0,0.0,0.52333,0.0,0.0,-0.15000004835067812,-7.768381627207277e-09,-0.7330400135586607,-0.5849600053398778,-0.5047700006948114,-0.46660050556291255,0.3247486144051749,0.5872693202169472,-0.3999680988904912,0.42800126538185407,1.5156933939229664,0.1700000042370699,-8.889337777293971e-11,-1.2718326438633987e-11,0.5233300098388054,2.2873068779185983e-10,7.088208502542851e-11,-0.17417872119545064,-0.0038412247179083225,-0.7398245786941526,-0.5876347842356113,-0.505121373811588,-0.47312666608207316,0.3243873479851578,0.5841649028541929,-0.3974167405241527,0.42800064794678144,1.5074005442395373,0.17248872562256812,-3.890491564738547e-05,-5.991952485178873e-06,0.5282519884790362,0.00011684050762001757,3.620315720380246e-05
53,True,0.5400000000000004,6.531156809085775,False,False,0.25516637132782305,False,38.598000013735145,-0.15,0.0,-0.73304,-0.58496,-0.50477,-0.298463209438648,0.3373705083003749,0.5872693292419444,-0.5928516420013713,0.42771262675443733,1.5156934165760405,0.17,0.0,0.0,0.52333,0.0,0.0,-0.15000004835734532,-7.774453459046676e-09,-0.7330400135691297,-0.5849600053495573,-0.5047700007027459,-0.4659417465826923,0.32479622930722685,0.5872693227089295,-0.4007512860179466,0.42810935278130524,1.5156934001527875,0.17000000427325357,-8.434282243295231e-11,-1.1983918370014012e-11,0.5233300098491265,2.336802960064676e-10,7.240609204735423e-11,-0.17417250152365,-0.0038457099643106818,-0.7398294997473515,-0.5876394383222898,-0.5051252442236246,-0.4727209468642041,0.32489845491570774,0.5850878296490791,-0.3986581279935616,0.4287381480561553,1.5097238859504374,0.17249355288644705,-3.7189975113246936e-05,-5.720197930717545e-06,0.5282570969277589,0.00011907878879629335,3.688786315978295e-05
54,True,0.5500000000000004,6.502219195303876,False,False,0.25425944539998213,False,37.75616700295359,-0.15,0.0,-0.73304,-0.58496,-0.50477,-0.298463209438648,0.3373705083003749,0.5872693292419444,-0.5928516420013713,0.42771262675443733,1.5156934165760405,0.17,0.0,0.0,0.52333,0.0,0.0,-0.150000048344907,-7.790761927944923e-09,-0.7330400135789719,-0.5849600053588655,-0.5047700007104867,-0.4655076931560602,0.32497027654373406,0.5872693245301318,-0.4015665260466099,0.4282072996179587,1.5156934048128659,0.170000004229176,-8.133645374651085e-11,-1.144040063641357e-11,0.5233300098596605,2.381568734675108e-10,7.377550909185059e-11,-0.1741558760393958,-0.003850042151397417,-0.7398341806319991,-0.5876439417844106,-0.5051290266749877,-0.4722596937242206,0.3252945546376684,0.5857739389637373,-0.39978988896174933,0.4293063662976274,1.5114526367952283,0.17249827936616716,-3.575978654415716e-05,-5.513524450902858e-06,0.5282620690996712,0.00012114222730684251,3.75163395084779e-05
55,True,0.5600000000000004,6.474948847172929,False,False,0.2536469048821032,False,38.43641694402322,-0.15,0.0,-0.73304,-0.58496,-0.50477,-0.298463209438648,0.3373705083003749,0.5872693292419444,-0.5928516420013713,0.42771262675443733,1.5156934165760405,0.17,0.0,0.0,0.52333,0.0,0.0,-0.15000004831165714,-7.830459892478603e-09,-0.7330400135883336,-0.5849600053678724,-0.5047700007180516,-0.46569021085526163,0.32447171560984084,0.5872693257954936,-0.40257479847627525,0.4281883564345697,1.5156934083256222,0.1700000040044655,-8.054747915474305e-11,-1.1027047881374146e-11,0.5233300098712921,2.422837600441234e-10,7.503246500273385e-11,-0.1741304831674884,-0.003854254583712246,-0.7398386878267548,-0.5876483233345969,-0.505132728380733,-0.47182289043649595,0.32556513270992415,0.5862839633943759,-0.40085421377262526,0.42973983930449133,1.5127375548111501,0.17250291468807016,-3.450738456000869e-05,-5.3466565583201236e-06,0.5282669261388913,0.00012308729751394834,3.810687916480139e-05
56,True,0.5700000000000004,6.449208996743924,False,False,0.2527706381113092,False,37.21887496067211,-0.15,0.0,-0.73304,-0.58496,-0.50477,-0.298463209438648,0.3373705083003749,0.5872693292419444,-0.5928516420013713,0.42771262675443733,1.5156934165760405,0.17,0.0,0.0,0.52333,0.0,0.0,-0.15000004826087238,-7.783096534451361e-09,-0.733040013597348,-0.5849600053766355,-0.504770000725455,-0.4651355766350929,0.3246961309145516,0.5872693270122086,-0.4032400157375025,0.42804254762641847,1.515693410796342,0.17000000443336089,-7.422315124577241e-11,-1.0693308711888451e-11,0.5233300098782386,2.461739047473436e-10,7.621354580962005e-11,-0.17409770917277498,-0.003858359056763743,-0.7398430432496049,-0.5876525935474421,-0.5051363526954089,-0.4714106610447336,0.32574991541582243,0.5866624827973435,-0.40185828668210166,0.4300545591900517,1.5136918563269757,0.17250746272030762,-3.339927545034369e-05,-5.2114791573828204e-06,0.5282716756515731,0.00012493189183729659,3.8665381774750705e-05
57,True,0.5800000000000004,6.42471281760168,False,False,0.25194614051905495,False,37.24758402677253,-0.15,0.0,-0.73304,-0.58496,-0.50477,-0.298463209438648,0.3373705083003749,0.5872693292419444,-0.5928516420013713,0.42771262675443733,1.5156934165760405,0.17,0.0,0.0,0.52333,0.0,0.0,-0.15000004819532528,-7.786444818341093e-09,-0.7330400136060589,-0.5849600053851759,-0.5047700007327036,-0.4646128719943281,0.32490739408528113,0.5872693277869588,-0.4038654499193641,0.42790586619783305,1.5156934126965635,0.17000000448009778,-7.162812687812672e-11,-1.0422951227218144e-11,0.5233300098874475,2.4986309619641836e-10,7.73305520638222e-11,-0.17405890518207043,-0.0038623620243495894,-0.7398472581295985,-0.5876567582932476,-0.5051399019275775,-0.4709950922404994,0.3259019341122436,0.5869429124930675,-0.4027960589075344,0.4302668075051914,1.5144001719975664,0.17251192596675774,-3.2419536606477605e-05,-5.104203911252526e-06,0.5282763220222116,0.00012668470277089886,3.9194692484170434e-05
58,True,0.5900000000000004,6.401312995096818,False,False,0.25116024770512996,False,37.54533297615126,-0.15,0.0,-0.73304,-0.58496,-0.50477,-0.298463209438648,0.3373705083003749,0.5872693292419444,-0.5928516420013713,0.42771262675443733,1.5156934165760405,0.17,0.0,0.0,0.52333,0.0,0.0,-0.15000004811771805,-7.790950757799453e-09,-0.7330400136144887,-0.5849600053935055,-0.504770000739802,-0.4641149317533359,0.3251088597491949,0.5872693283606927,-0.4044620856487354,0.42777550394766173,1.515693414107217,0.17000000451618533,-6.939075715802412e-11,-1.0208398323779716e-11,0.5233300098965291,2.533687204269927e-10,7.83891743291916e-11,-0.1740160829070818,-0.003866271111834251,-0.739851346571462,-0.5876608242572264,-0.5051433785090906,-0.4705675153435086,0.32604596321240836,0.5871505327651813,-0.40366872705439777,0.43039601903076363,1.5149256232261055,0.17251630731346781,-3.1547334522359494e-05,-5.020105314080879e-06,0.5282808705370295,0.00012835705766772184,3.969840841817043e-05
59,True,0.6000000000000004,6.378916269701776,False,False,0.25040683562254806,False,37.59116702713072,-0.15,0.0,-0.73304,-0.58496,-0.50477,-0.298463209438648,0.3373705083003749,0.5872693292419444,-0.5928516420013713,0.42771262675443733,1.5156934165760405,0.17,0.0,0.0,0.52333,0.0,0.0,-0.15000004803207412,-7.7958925998739e-09,-0.7330400136226655,-0.5849600054016373,-0.5047700007467553,-0.46363827429258314,0.325301984392887,0.5872693287865637,-0.40503490120597596,0.42765029952847294,1.5156934151532448,0.1700000045472719,-6.741695573244397e-11,-1.0040199107797367e-11,0.523330009905452,2.5671343170793545e-10,7.939660678180993e-11,-0.17397137410995478,-0.0038700932588461323,-0.7398553214402748,-0.587664797588467,-0.5051467847393852,-0.4701280305892249,0.32619235350693854,0.5873042469940105,-0.40448124164144217,0.4304609440515626,1.5153152335309659,0.17252060948204043,-3.076365070164318e-05,-4.9548565975345834e-06,0.5282853261068237,0.00012995934899266424,4.017983592927558e-05
60,True,0.6100000000000004,6.357452206084409,False,False,0.24968274006924293,False,38.43191603664309,-0.15,0.0,-0.73304,-0.58496,-0.50477,-0.298463209438648,0.3373705083003749,0.5872693292419444,-0.5928516420013713,0.42771262675443733,1.5156934165760405,0.17,0.0,0.0,0.52333,0.0,0.0,-0.15000004794265687,-7.800960266646229e-09,-0.7330400136306152,-0.584960005409584,-0.5047700007535677,-0.46318092862291815,0.3254874542439172,0.5872693291035201,-0.40558631347376084,0.4275297799557373,1.5156934159281867,0.17000000457584502,-6.564552384075465e-11,-9.909700015396238e-12,0.5233300099142072,2.599180150893599e-10,8.035946214691005e-11,-0.17392628103366561,-0.0038738319669915492,-0.7398591884409202,-0.5876686817202686,-0.5051501223453795,-0.4696802569541895,0.3263443738405087,0.5874181055686838,-0.40523997760475566,0.4304901706068165,1.515603931400032,0.17252483425453216,-3.0061046755716133e-05,-4.906649518414576e-06,0.5282896914468233,0.00013149587015938032,4.0640403273642585e-05
61,True,0.6200000000000004,6.3368619255799326,False,False,0.24898608095761474,False,38.32049999618903,-0.15,0.0,-0.73304,-0.58496,-0.50477,-0.298463209438648,0.3373705083003749,0.5872693292419444,-0.5928516420013713,0.42771262675443733,1.5156934165760405,0.17,0.0,0.0,0.52333,0.0,0.0,-0.15000004785247095,-7.806078391320304e-09,-0.7330400136383493,-0.5849600054173523,-0.5047700007602429,-0.46274166475797396,0.3256655638110107,0.5872693293403384,-0.406117706681634,0.4274137906279553,1.5156934165014573,0.17000000460251408,-6.405549360586336e-11,-9.813284314994408e-12,0.5233300099227959,2.6299105796746824e-10,8.128059712103359e-11,-0.17388236944235344,-0.0038774925641899714,-0.7398629574349158,-0.5876724815369623,-0.5051533933237514,-0.4692287523535319,0.32650192305972836,0.5875024979598505,-0.405951390092283,0.4305040460149244,1.5158177565209472,0.17252898395322025,-2.942501702291253e-05,-4.872149382176397e-06,0.5282939705540257,0.00013297467849793232,4.108269114005384e-05
62,True,0.6300000000000004,6.317094124854135,False,False,0.24831549557342547,False,38.21120801148936,-0.15,0.0,-0.73304,-0.58496,-0.50477,-0.298463209438648,0.3373705083003749,0.5872693292419444,-0.5928516420013713,0.42771262675443733,1.5156934165760405,0.17,0.0,0.0,0.52333,0.0,0.0,-0.15000004776464781,-7.811155640271433e-09,-0.7330400136458872,-0.5849600054249519,-0.5047700007667848,-0.46231949934041255,0.3258365514687107,0.5872693295177593,-0.4066299971297709,0.4273022335004259,1.5156934169251592,0.1700000046281049,-6.261004806647945e-11,-9.744282786802554e-12,0.5233300099312197,2.659486745952046e-10,8.216517292664993e-11,-0.17384121899540977,-0.003881081017347663,-0.7398666398348465,-0.5876762024646096,-0.5051565997623696,-0.4687778555816147,0.32666353002832893,0.5875650975164519,-0.40662136187765346,0.43051063396549194,1.5159760994585152,0.1725330610956132,-2.8838280983493194e-05,-4.847393357290357e-06,0.5282981679015407,0.00013440532177111074,4.150974856154244e-05
63,True,0.6400000000000005,6.298311337057197,False,False,0.24784588520795628,False,38.0602499935776,-0.15,0.0,-0.73304,-0.58496,-0.50477,-0.298463209438648,0.3373705083003749,0.5872693292419444,-0.5928516420013713,0.42771262675443733,1.5156934165760405,0.17,0.0,0.0,0.52333,0.0,0.0,-0.15000004768234682,-7.846901961972713e-09,-0.733040013653252,-0.5849600054323937,-0.5047700007731977,-0.46242251853319455,0.32570031025457113,0.5872693295475019,-0.40735633359700213,0.4272384819544061,1.5156934172930316,0.17000000441944477,-6.329470755229625e-11,-9.694769843483103e-12,0.5233300099412281,2.6880996034780655e-10,8.301928763854941e-11,-0.17380442269822088,-0.003884604196010902,-0.7398702491632467,-0.5876798506808233,-0.5051597438834297,-0.4683691460326402,0.326804386306722,0.5876118194648782,-0.40727241836997397,0.4305134777094194,1.516093344484907,0.17253706846770128,-2.827986826972627e-05,-4.827590020807331e-06,0.5283022886097991,0.00013579931970597223,4.1925241735904476e-05
64,True,0.6500000000000005,6.280460807922072,False,False,0.24723380998790917,False,37.975958024617285,-0.15,0.0,-0.73304,-0.58496,-0.50477,-0.298463209438648,0.3373705083003749,0.5872693292419444,-0.5928516420013713,0.42771262675443733,1.5156934165760405,0.17,0.0,0.0,0.52333,0.0,0.0,-0.1500000476087539,-7.81500820784195e-09,-0.7330400136604707,-0.5849600054396902,-0.504770000779486,-0.461988234877674,0.32578540014929774,0.5872693297733153,-0.4077849392007381,0.42723972091733703,1.5156934174577645,0.17000000472264323,-5.961407774284573e-11,-9.65516274634685e-12,0.5233300099473234,2.7159795430459904e-10,8.385027348563161e-11,-0.17377272295697127,-0.003888064814616939,-0.7398737901911304,-0.58768342906587,-0.5051628272201385,-0.4679955997756324,0.3269217459652083,0.5876466577882331,-0.4079020312028625,0.430514630451629,1.5161801452762143,0.17254100770377115,-2.7743072342610105e-05,-4.811059008102822e-06,0.5283063351096733,0.00013716066872455638,4.2330516845758354e-05
65,True,0.6600000000000005,6.263402161573058,False,False,0.24665411064593673,False,38.1733329850249,-0.15,0.0,-0.73304,-0.58496,-0.50477,-0.298463209438648,0.3373705083003749,0.5872693292419444,-0.5928516420013713,0.42771262675443733,1.5156934165760405,0.17,0.0,0.0,0.52333,0.0,0.0,-0.15000004754535404,-7.819415085482534e-09,-0.7330400136675527,-0.5849600054468469,-0.5047700007856526,-0.4615765073840101,0.3258658740520252,0.5872693298520393,-0.4081905382862864,0.42724093038895594,1.515693417626926,0.1700000047500056,-5.835547220141638e-11,-9.622100455953598e-12,0.5233300099552554,2.7432065026109474e-10,8.466082313142572e-11,-0.17374621502050605,-0.003891464191537152,-0.7398772648697854,-0.5876869393399139,-0.505165851043728,-0.4676318269347984,0.32702525055237713,0.5876725396141395,-0.4084985824586987,0.4305151280860679,1.5162443936499206,0.17254488006321328,-2.7225739071418612e-05,-4.79716679173779e-06,0.5283103089651534,0.00013849097294628987,4.272615816031474e-05
66,True,0.6700000000000005,6.2470609780110085,False,False,0.2460999154042885,False,37.97775000566617,-0.15,0.0,-0.73304,-0.58496,-0.50477,-0.298463209438648,0.3373705083003749,0.5872693292419444,-0.5928516420013713,0.42771262675443733,1.5156934165760405,0.17,0.0,0.0,0.52333,0.0,0.0,-0.15000004749233775,-7.824363542491275e-09,-0.7330400136745021,-0.5849600054538675,-0.5047700007917002,-0.461183257068448,0.32594267091384116,0.5872693299105332,-0.40857864452689324,0.42724209961508625,1.5156934177521635,0.17000000477214136,-5.718184309234475e-11,-9.594315808473153e-12,0.5233300099630813,2.7698125658836246e-10,8.545210516291459e-11,-0.17372470037983456,-0.00389480373415834,-0.7398806754586503,-0.5876903832418641,-0.5051688166040963,-0.4672679831553231,0.3271200997699029,0.5876917460348683,-0.40905861731135723,0.430515373763435,1.5162919356265407,0.17254868683501826,-2.6725157036249346e-05,-4.785208838844114e-06,0.5283142118281919,0.00013979213844297518,4.311282021213249e-05
67,True,0.6800000000000005,6.231387676386683,False,False,0.2455678871078127,False,37.45341597823426,-0.15,0.0,-0.73304,-0.58496,-0.50477,-0.298463209438648,0.3373705083003749,0.5872693292419444,-0.5928516420013713,0.42771262675443733,1.5156934165760405,0.17,0.0,0.0,0.52333,0.0,0.0,-0.15000004744930803,-7.82949581036585e-09,-0.7330400136813232,-0.5849600054607552,-0.5047700007976313,-0.4608063969915857,0.32601625074093904,0.5872693299545909,-0.4089518401272702,0.42724322321288377,1.515693417844526,0.170000004791799,-5.606377116566287e-11,-9.570399755280397e-12,0.5233300099707842,2.795835853141356e-10,8.62254286186962e-11,-0.17370778556668312,-0.003898084770567545,-0.7398840241100932,-0.5876937623985125,-0.5051717251054354,-0.4669017370768713,0.3272090978103357,0.5877061301778665,-0.40958296931608096,0.43051552464568565,1.5163271013195438,0.1725524292802163,-2.62387813745318e-05,-4.774559181965409e-06,0.5283180453059518,0.00014106598210225676,4.349111103435576e-05
68,True,0.6900000000000005,6.2163428515621275,False,False,0.24505619402999676,False,37.56591695128009,-0.15,0.0,-0.73304,-0.58496,-0.50477,-0.298463209438648,0.3373705083003749,0.5872693292419444,-0.5928516420013713,0.42771262675443733,1.5156934165760405,0.17,0.0,0.0,0.52333,0.0,0.0,-0.150000047415478,-7.834654508920985e-09,-0.7330400136880205,-0.5849600054675136,-0.5047700008034484,-0.460444655953482,0.3260868715754061,0.5872693299884658,-0.4093114299784608,0.4272442996564135,1.5156934179123884,0.17000000481020092,-5.4985475343754175e-11,-9.549100349492035e-12,0.5233300099783579,2.821312703046256e-10,8.698200960768985e-11,-0.17369495645263988,-0.0039013084916008234,-0.73988731270539,-0.5876970782822181,-0.5051745776995346,-0.4665340916984203,0.32729374778287695,0.5877179678634358,-0.4100744088257833,0.4305156420051638,1.516353098276515,0.17255610860845452,-2.5764531425817315e-05,-4.764727483951737e-06,0.5283218109067345,0.00014231406726026305,4.3861545046573066e-05
69,True,0.7000000000000005,6.184186726367337,False,False,0.24456365817068873,False,38.03283302113414,-0.15,0.0,-0.73304,-0.58496,-0.50477,-0.298463209438648,0.3373705083003749,0.5872693292419444,-0.5928516420013713,0.42771262675443733,1.5156934165760405,0.17,0.0,0.0,0.52333,0.0,0.0,-0.15000004738981942,-7.83977295798835e-09,-0.7330400136945977,-0.5849600054741453,-0.5047700008091536,-0.460097115982922,0.3261547046985286,0.5872693300169471,-0.40965816358003343,0.42724532971897444,1.5156934179620427,0.17000000482787866,-5.393808037473975e-11,-9.529436908220197e-12,0.5233300099858014,2.846274383175827e-10,8.772287695644207e-11,-0.17368565214607218,-0.0039044760296308816,-0.7398905429966421,-0.5877003322781487,-0.505177375501026,-0.46616726145879944,0.32737486457368115,0.5877286923369056,-0.4105363280019928,0.4305157497652886,1.5163723027945426,0.17255972599535416,-2.5300573116466436e-05,-4.7553043437019415e-06,0.528325510081128,0.00014353781386293416,4.4224580253176774e-05
70,True,0.7100000000000005,6.148320442737356,False,False,0.2440893939666664,False,37.92241698829457,-0.15,0.0,-0.73304,-0.58496,-0.50477,-0.298463209438648,0.3373705083003749,0.5872693292419444,-0.5928516420013713,0.42771262675443733,1.5156934165760405,0.17,0.0,0.0,0.52333,0.0,0.0,-0.15000004737121048,-7.84482397098163e-09,-0.7330400137010583,-0.5849600054806533,-0.5047700008147491,-0.4597630293731208,0.3262198827532925,0.587269330043005,-0.4099925529746898,0.42724631531408164,1.5156934179981887,0.17000000484506247,-5.291580718321345e-11,-9.510590625890598e-12,0.523330009993116,2.87074929041127e-10,8.844894665993456e-11,-0.17367929276392935,-0.003907588469203796,-0.7398937166060336,-0.5877035257025831,-0.5051801195931969,-0.46580365024958614,0.3274528951657792,0.5877388686417157,-0.4109720736440322,0.4305158575616973,1.5163866341109924,0.17256328258148654,-2.4845326890348534e-05,-4.745951232447449e-06,0.5283291442197036,0.0001447384901344677,4.458062089439146e-05
71,True,0.7200000000000005,6.113778883335247,False,False,0.24363265477532992,False,38.07775001041591,-0.15,0.0,-0.73304,-0.58496,-0.50477,-0.298463209438648,0.3373705083003749,0.5872693292419444,-0.5928516420013713,0.42771262675443733,1.5156934165760405,0.17,0.0,0.0,0.52333,0.0,0.0,-0.15000004735849146,-7.849542870731752e-09,-0.7330400137074055,-0.5849600054870402,-0.5047700008202373,-0.45944174523026976,0.3262825199657747,0.5872693300687396,-0.4103150116100282,0.42724725880972286,1.5156934180241353,0.17000000488288036,-5.184172872140847e-11,-9.491884433493112e-12,0.5233300100001426,2.894762791288714e-10,8.916102724160864e-11,-0.17367479386718113,-0.0039106474884981375,-0.7398968362471368,-0.5877066604301004,-0.5051828111732999,-0.46544541129431094,0.327528130297564,0.5877487199225775,-0.41138465462042,0.43051597111131457,1.516398439156778,0.17256677962535186,-2.4395428163774708e-05,-4.735827616564855e-06,0.5283327150128909,0.00014591826249205872,4.493039731330625e-05
72,True,0.7300000000000005,6.0805123297591654,False,False,0.24319276769510412,False,38.6473749531433,-0.15,0.0,-0.73304,-0.58496,-0.50477,-0.298463209438648,0.3373705083003749,0.5872693292419444,-0.5928516420013713,0.42771262675443733,1.5156934165760405,0.17,0.0,0.0,0.52333,0.0,0.0,-0.1500000473494935,-7.854429004763852e-09,-0.7330400137136448,-0.5849600054933096,-0.5047700008256205,-0.4591326782396559,0.326342720253342,0.5872693300927964,-0.4106259132520579,0.42724816257332426,1.5156934180455657,0.17000000490032321,-5.085108013177229e-11,-9.47163731875798e-12,0.5233300100071988,2.9183582126953746e-10,8.986057931152603e-11,-0.17367102451327815,-0.003913654233453599,-0.7398999035237569,-0.5877097377966949,-0.5051854513011917,-0.46509426653933533,0.3276007238762436,0.5877583352818085,-0.41177663505744566,0.43051609199404484,1.5164091344802155,0.17257021822460192,-2.3949444853933486e-05,-4.724616819696407e-06,0.5283362237964383,0.00014707826986129363,4.52742780900994e-05
73,True,0.7400000000000005,6.0484734190653,False,False,0.2427691018673739,False,38.29433297505602,-0.15,0.0,-0.73304,-0.58496,-0.50477,-0.298463209438648,0.3373705083003749,0.5872693292419444,-0.5928516420013713,0.42771262675443733,1.5156934165760405,0.17,0.0,0.0,0.52333,0.0,0.0,-0.1500000473419547,-7.859262285241086e-09,-0.7330400137197793,-0.5849600054994644,-0.5047700008309007,-0.45883529197883294,0.32640058186393606,0.5872693301161681,-0.41092561924965976,0.4272490289376947,1.51569341806487,0.17000000491558315,-4.987758526036061e-11,-9.449215880611643e-12,0.5233300100141475,2.9415583337188966e-10,9.054834009328272e-11,-0.17366753670320595,-0.00391660896645547,-0.7399029182396408,-0.5877127582583244,-0.5051880408215115,-0.4647514893094188,0.3276707198665848,0.5877677510291435,-0.4121501387072997,0.4305162187773582,1.516419277233202,0.17257359922922855,-2.3509044726384988e-05,-4.712846117740224e-06,0.5283396713459964,0.00014821801679063194,4.561205426562404e-05
74,True,0.7500000000000006,6.017616727389554,False,False,0.24236105613348857,False,37.84833301324397,-0.15,0.0,-0.73304,-0.58496,-0.50477,-0.298463209438648,0.3373705083003749,0.5872693292419444,-0.5928516420013713,0.42771262675443733,1.5156934165760405,0.17,0.0,0.0,0.52333,0.0,0.0,-0.15000004733497907,-7.864023526989172e-09,-0.7330400137258087,-0.5849600055055052,-0.5047700008360798,-0.4585490901864994,0.3264561990202393,0.5872693301390028,-0.4112144871696797,0.42724986017432526,1.5156934180831232,0.17000000493048983,-4.8918235127660406e-11,-9.425674582746839e-12,0.5233300100209761,2.9643532477329794e-10,9.122389171503263e-11,-0.1736641664631173,-0.003919512063400041,-0.7399058803564992,-0.5877157223652205,-0.5051905805874454,-0.4644179647928662,0.3277381519501476,0.5877769831524337,-0.412506905576501,0.43051635008478073,1.5164290873610178,0.17257692349025952,-2.3075679091279343e-05,-4.700971792505507e-06,0.5283430584608235,0.00014933709452491804,4.594355388332993e-05
75,True,0.7600000000000006,5.987898756604779,False,False,0.24196805373202027,False,38.28370803967118,-0.15,0.0,-0.73304,-0.58496,-0.50477,-0.298463209438648,0.3373705083003749,0.5872693292419444,-0.5928516420013713,0.42771262675443733,1.5156934165760405,0.17,0.0,0.0,0.52333,0.0,0.0,-0.1500000473282386,-7.868717413761495e-09,-0.733040013731733,-0.5849600055114335,-0.5047700008411593,-0.4582736103011596,0.32650966193933073,0.5872693301613233,-0.411492872143082,0.42725065832218556,1.5156934181007722,0.17000000494502146,-4.797604650249969e-11,-9.401925987967755e-12,0.5233300100276864,2.986734778226939e-10,9.188689024751786e-11,-0.17366085361139685,-0.003922364131701104,-0.7399087902565782,-0.5877186308826465,-0.5051930714882295,-0.46409426501156714,0.32780306919902574,0.5877860397929583,-0.41284835717920615,0.43051648502283696,1.5164386530885523,0.17258019189489862,-2.2650107991231424e-05,-4.689251787422552e-06,0.5283463860457881,0.00015043543553363529,4.6268730803707254e-05
76,True,0.7700000000000006,5.959277559971265,False,False,0.24158954218291254,False,38.0164590314962,-0.15,0.0,-0.73304,-0.58496,-0.50477,-0.298463209438648,0.3373705083003749,0.5872693292419444,-0.5928516420013713,0.42771262675443733,1.5156934165760405,0.17,0.0,0.0,0.52333,0.0,0.0,-0.1500000473216129,-7.873427474228145e-09,-0.7330400137375528,-0.5849600055172505,-0.5047700008461411,-0.45800842030782896,0.32656105668694085,0.5872693301828973,-0.4117611242215332,0.427251425169241,1.5156934181181339,0.17000000495866302,-4.705696524107193e-11,-9.378486010490036e-12,0.5233300100342841,3.00870157482697e-10,9.253724343868605e-11,-0.1736575759038049,-0.0039251659296428145,-0.7399116486078845,-0.5877214847160408,-0.5051955144318703,-0.46378071181902675,0.32786553620527586,0.5877949260290117,-0.4131756603280546,0.430516623044062,1.516448011156091,0.1725834053509975,-2.2232605716219386e-05,-4.677805372243869e-06,0.5283496550741735,0.0001515132128324651,4.6587627107378483e-05
77,True,0.7800000000000006,5.931712885776173,False,False,0.2412249885776219,False,38.059916987549514,-0.15,0.0,-0.73304,-0.58496,-0.50477,-0.298463209438648,0.3373705083003749,0.5872693292419444,-0.5928516420013713,0.42771262675443733,1.5156934165760405,0.17,0.0,0.0,0.52333,0.0,0.0,-0.1500000473150575,-7.877981360142339e-09,-0.7330400137432694,-0.5849600055229581,-0.504770000851027,-0.4577531127044606,0.32661046585183806,0.587269330204268,-0.41201958928165655,0.42725216229411633,1.5156934181349861,0.17000000497251158,-4.615190401816515e-11,-9.355593199355584e-12,0.5233300100407626,3.0302570993906083e-10,9.317503540907327e-11,-0.17365432497885488,-0.003927918288381873,-0.7399144562240001,-0.5877242848369707,-0.505197910328216,-0.4634774400656143,0.3279256262707995,0.5878036457140728,-0.4134897803932081,0.4305167637819719,1.5164571781504008,0.17258656477031298,-2.1823185811558798e-05,-4.666676883152127e-06,0.5283528665476688,0.00015257072640736892,4.690033162577398e-05
78,True,0.7900000000000006,5.9015026792754846,False,False,0.2326443373953847,False,37.71141596371308,-0.15,0.0,-0.73304,-0.58496,-0.50477,-0.30004781721451546,0.33210542233650353,0.5781042616787448,-0.583599455511554,0.42103763978227926,1.4920391375658504,0.17,0.0,0.0,0.52333,0.0,0.0,-0.15000004730855565,-8.399117836128955e-09,-0.7330400137488847,-0.5849600055285583,-0.5047700008558188,-0.4536581243564666,0.3217588902058133,0.578104279345901,-0.40918611494315177,0.42059360540665747,1.4920391873712227,0.17000000128762885,-7.789746062750766e-11,-9.33333623129068e-12,0.5233300100786293,3.051407349724273e-10,9.380044383231053e-11,-0.17365628925289534,-0.003930861685767093,-0.7399177193637229,-0.5877272309149045,-0.505200301537196,-0.4628975775369043,0.3276920443189549,0.5871648044509129,-0.41363502559355797,0.43005594846404654,1.5146791781004436,0.17258973673431652,-2.0584921138847603e-05,-4.4647390350212385e-06,0.5283561758299813,0.00015404921051852027,4.734663076726066e-05
79,True,0.8000000000000006,5.869109379362203,False,False,0.21960048406450508,False,37.70924999844283,-0.15,0.0,-0.73304,-0.58496,-0.50477,-0.3024856753312346,0.3240052900843937,0.5640041577353608,-0.5693653224502966,0.41076842905588223,1.4556479390886345,0.17,0.0,0.0,0.52333,0.0,0.0,-0.15000004731248387,-7.861696109216776e-09,-0.7330400137554113,-0.5849600055344508,-0.5047700008606014,-0.44747784500472,0.3142738488043082,0.5640042040565983,-0.40472399629993167,0.41034877588616764,1.4556480571508557,0.17000000517954547,-4.116903660426191e-11,-8.929460211308212e-12,0.5233300100523308,3.080978048641131e-10,9.469307214976345e-11,-0.17370106094442986,-0.0039341514811036945,-0.7399217729856421,-0.5877304466044507,-0.5052027137064624,-0.4616479398214631,0.32664982689390715,0.5849139931115928,-0.4132872278945102,0.4284465480074579,1.5086466062318231,0.17259296585297582,-1.7964716062992886e-05,-3.9519833412050184e-06,0.5283596867985814,0.0001562421547275063,4.8016720694202175e-05
80,True,0.8100000000000006,5.8365438356200485,False,False,0.2065346429917749,False,37.95370802981779,-0.15,0.0,-0.73304,-0.58496,-0.50477,-0.3049235334479537,0.3159051578322839,0.5499040537919769,-0.5551311893890393,0.4004992183294852,1.4192567406114187,0.17,0.0,0.0,0.52333,0.0,0.0,-0.15000004740202708,-7.868275607447739e-09,-0.7330400137635185,-0.5849600055408821,-0.5047700008654258,-0.44130339179184475,0.30679549407043166,0.5499041238117525,-0.4002959547258939,0.40010282615585924,1.4192569193907714,0.17000000518600442,-3.59286285347548e-11,-7.903950873655715e-12,0.5233300100593528,3.1248368451727675e-10,9.6033249318765e-11,-0.17379918899253302,-0.003937680975773484,-0.7399263909173508,-0.5877338468552951,-0.5052051300981858,-0.459556158440148,0.3245339443121558,0.580621912241004,-0.41226723272371796,0.4253711128269769,1.4973306154323818,0.17259622350318982,-1.4334214152581297e-05,-3.210419182257692e-06,0.5283633310863008,0.00015895415000551834,4.88499495244676e-05
81,True,0.8200000000000006,5.8045159004791875,False,False,0.19347694389195522,False,37.84458298468962,-0.15,0.0,-0.73304,-0.58496,-0.50477,-0.30736139156467285,0.307805025580174,0.5358039498485927,-0.5408970563277817,0.39023000760308807,1.3828655421342027,0.17,0.0,0.0,0.52333,0.0,0.0,-0.15000004759828278,-7.87533453727729e-09,-0.7330400137727543,-0.5849600055476827,-0.5047700008702585,-0.4351575836478043,0.29932072822006506,0.5358040394843754,-0.39588209957538345,0.3898556773153282,1.38286577106387,0.17000000519252037,-2.866762613259403e-11,-6.420825522117146e-12,0.5233300100666413,3.179076641963031e-10,9.769970366036405e-11,-0.17392998316740046,-0.003941271032145692,-0.7399311921423276,-0.5877372890821235,-0.5052075223025567,-0.4566446265058373,0.3213535739637047,0.5743522657285739,-0.4105770074093534,0.4208611409583685,1.480934124081081,0.17259946095933104,-1.0320132679432975e-05,-2.3775797314220127e-06,0.5283669928117074,0.00016185467293949602,4.974406292665449e-05
82,True,0.8300000000000006,5.773245314097798,False,False,0.1804395320846006,False,38.2017910014838,-0.15,0.0,-0.73304,-0.58496,-0.50477,-0.309799249681392,0.29970489332806416,0.5217038459052088,-0.5266629232665244,0.3799607968766911,1.346474343656987,0.17,0.0,0.0,0.52333,0.0,0.0,-0.15000004785987062,-7.882514414629671e-09,-0.7330400137823567,-0.5849600055545671,-0.5047700008750429,-0.4290432633619331,0.2918460606017754,0.5217039512018758,-0.3914689737801029,0.37960765296614873,1.3464746125759879,0.1700000051990048,-2.0639423184448018e-11,-4.755149952350671e-12,0.5233300100739646,3.2370869849115795e-10,9.948792687570172e-11,-0.17406522587640333,-0.003944790090766924,-0.73993589809449,-0.5877406675479514,-0.5052098692489861,-0.4530180282578152,0.31723268396034565,0.566361803298681,-0.4082937865153635,0.41509239908999024,1.460135359921566,0.17260264292815822,-6.3813599263068835e-06,-1.5553375598897382e-06,0.5283705876027541,0.00016470188834701003,5.062373376036433e-05
83,True,0.8400000000000006,5.742778938194845,False,False,0.16743808540972516,False,38.96858397638425,-0.15,0.0,-0.73304,-0.58496,-0.50477,-0.3122371077981111,0.29160476107595434,0.5076037419618248,-0.512428790205267,0.369691586150294,1.310083145179771,0.17,0.0,0.0,0.52333,0.0,0.0,-0.1500000481303555,-7.822224437625813e-09,-0.7330400137917686,-0.584960005561324,-0.5047700008797368,-0.42334764638531286,0.2831350034796242,0.5070264396824787,-0.38746088618876023,0.370587489686712,1.3104161788806352,0.17000000259319914,-4.138555677983682e-11,-3.110668897953359e-12,0.523330010135996,3.294031179280118e-10,1.0124726502070552e-10,-0.1741804052951399,-0.003948162795286084,-0.7399403497570122,-0.5877439203573946,-0.505212158673919,-0.4488335968799987,0.31223572715737974,0.5569113883227768,-0.4055478806368693,0.4083751909618458,1.4357511697209344,0.17260574964205355,-2.7815555071963395e-06,-8.036838873345554e-07,0.5283740676959957,0.00016735704894455387,5.144511193168913e-05
84,True,0.8500000000000006,5.713122749616744,False,False,0.15452804529419686,False,37.98166598426178,-0.15,0.0,-0.73304,-0.58496,-0.50477,-0.31467496591483024,0.28350462882384453,0.4935036380184408,-0.4981946571440096,0.359422375423897,1.2736919467025554,0.17,0.0,0.0,0.52333,0.0,0.0,-0.15000004836071387,-7.497146323025283e-09,-0.733040013800672,-0.5849600055678296,-0.5047700008843157,-0.4179029361141966,0.27356691660699967,0.49197494829561333,-0.3836871139706642,0.36242858717315324,1.274582554310212,0.1699999899186907,-1.7777825559439416e-10,-1.6073645600219138e-12,0.5233300104289195,3.34713428496022e-10,1.0289001806584527e-10,-0.17426001943807717,-0.003951352891070941,-0.7399444705628254,-0.5877470159594301,-0.505214384406602,-0.44425562330642676,0.30637659651447713,0.5462262171116246,-0.40247983592290554,0.4010594904437024,1.408563362523331,0.17260877184794562,3.4951220838788246e-07,-1.5397283309186787e-07,0.5283774104713568,0.0001697520291430227,5.218587596236658e-05
85,True,0.8600000000000007,5.684285287515299,False,False,0.14170842004864798,False,38.500458002090454,-0.15,0.0,-0.73304,-0.58496,-0.50477,-0.3171128240315494,0.2754044965717346,0.4794035340750567,-0.4839605240827521,0.34915316469749985,1.2373007482253393,0.17,0.0,0.0,0.52333,0.0,0.0,-0.15000004851994184,-7.666641730318113e-09,-0.7330400138089135,-0.5849600055740208,-0.5047700008887671,-0.4123174992266576,0.26423829318223796,0.47709134059600244,-0.37974173828546887,0.3540437320288497,1.238658258804512,0.16999999416557515,-1.2542883671325393e-10,-3.079450503048012e-13,0.5233300103456554,3.39503379294219e-10,1.0437154315996473e-10,-0.17430399765417012,-0.0039543441936237995,-0.7399482264808238,-0.5877499377220115,-0.5052165431831731,-0.43939761271339717,0.2997436394811108,0.5345397630374376,-0.39918182896104726,0.3933748897829145,1.379219568637546,0.17261170585732719,2.9505193600369525e-06,3.7643435554756033e-07,0.5283806062667181,0.00017185486988756718,5.283444813742349e-05
86,True,0.8700000000000007,5.656275026607295,False,False,0.1289563525333589,False,39.03687495039776,-0.15,0.0,-0.73304,-0.58496,-0.50477,-0.31955068214826854,0.26730436431962484,0.46530343013167275,-0.46972639102149477,0.3388839539711029,1.2009095497481235,0.17,0.0,0.0,0.52333,0.0,0.0,-0.1500000486078981,-7.616668843378471e-09,-0.7330400138164254,-0.5849600055798643,-0.5047700008930847,-0.4066091801423288,0.2552679462366526,0.46238616837227847,-0.37563472999372277,0.34528725892405815,1.2026212798660774,0.1699999911171079,-1.5298075933424792e-10,7.528672052766092e-13,0.5233300103992661,3.4370905243035627e-10,1.0566868490917468e-10,-0.17431868295077915,-0.003957143011746871,-0.7399516289653049,-0.5877526886840588,-0.5052186359990944,-0.4343252957494043,0.29249802320218254,0.5220835554618602,-0.39570054387458775,0.38542260685604396,1.3482230828725044,0.17261455378577473,5.0352561405697165e-06,7.885519351417907e-07,0.5283836590716995,0.0001736728703637257,5.339222864845501e-05
87,True,0.8800000000000007,5.629093607507375,False,False,0.11618356954964998,False,39.27599999587983,-0.15,0.0,-0.73304,-0.58496,-0.50477,-0.3219885402649877,0.259204232067515,0.45120332618828873,-0.45549225796023735,0.3286147432447058,1.1645183512709076,0.17,0.0,0.0,0.52333,0.0,0.0,-0.15000004863726862,-7.893028832091364e-09,-0.7330400138232304,-0.5849600055853662,-0.5047700008972703,-0.4007619072378082,0.24710331490510345,0.4479816906294194,-0.37132911640313687,0.3356636999647661,1.1663744680811858,0.170000004496654,2.1767180741452305e-12,1.577100716032162e-12,0.5233300101196873,3.4734504606327016e-10,1.0678424370604272e-10,-0.17430904145352577,-0.003959772759301353,-0.7399547237937308,-0.5877552876965434,-0.5052206673645727,-0.42907598906830696,0.28485247792161117,0.5090715101066177,-0.3920556081306424,0.37719565138104694,1.3159511580104084,0.1726173221722788,6.6750921151955665e-06,1.0983038012393832e-06,0.5283865831645632,0.00017524338506012322,5.3870913425462164e-05
88,True,0.8900000000000007,5.6027362883205125,False,False,0.10342566448927229,False,39.78870896389708,-0.15,0.0,-0.73304,-0.58496,-0.50477,-0.3244263983817068,0.25110409981540516,0.4371032222449048,-0.44125812489898,0.3183455325183088,1.128127152793692,0.17,0.0,0.0,0.52333,0.0,0.0,-0.15000004861798566,-7.754755671808555e-09,-0.73304001382942,-0.5849600055905643,-0.504770000901333,-0.394843824571949,0.23921516012021588,0.4336962789211356,-0.3669146101382266,0.32573875897728904,1.1300460142903141,0.17000000064867,-3.433078140209966e-11,2.1966032093503527e-12,0.5233300101723717,3.5048606917653484e-10,1.0774161136151801e-10,-0.1742772899856564,-0.003962261138251616,-0.739957565261662,-0.5877577580384317,-0.5052226428120781,-0.4236750070720431,0.2769941180926677,0.49567665811892436,-0.38825816353006903,0.36866663406768363,1.2826914861513403,0.17262001849283976,7.956231256333478e-06,1.3258857674376588e-06,0.5283893953653866,0.0001766115142489306,5.428503903880533e-05
89,True,0.9000000000000007,5.577191216562253,False,False,0.09063021855003854,False,40.17266602022573,-0.15,0.0,-0.73304,-0.58496,-0.50477,-0.32686425649842593,0.24300396756329526,0.4230031183015206,-0.42702399183772244,0.30807632179191163,1.0917359543164757,0.17,0.0,0.0,0.52333,0.0,0.0,-0.15000004855448285,-7.861886769204574e-09,-0.7330400138351029,-0.5849600055955049,-0.5047700009052839,-0.38880698774297406,0.2318014361508459,0.41961198166976976,-0.3623391719671467,0.3153130544342863,1.0935911690378795,0.17000000383998268,1.6342417057200326e-12,2.6517662317030447e-12,0.523330010132378,3.532223220512054e-10,1.0856986091948607e-10,-0.1742273136665167,-0.003964629098344067,-0.7399601944892901,-0.5877601169167472,-0.5052245665144282,-0.4181385381647684,0.2690725594525048,0.4820345701638506,-0.3843138900551821,0.35980852529937457,1.2486630732741533,0.17262264850850595,8.943329696137213e-06,1.4859869887942425e-06,0.528392108574028,0.00017781120898325762,5.464534947656373e-05
90,True,0.9100000000000007,5.55244066590332,False,False,0.0777132787751378,False,39.78687501512468,-0.15,0.0,-0.73304,-0.58496,-0.50477,-0.3293021146151451,0.23490383531118547,0.40890301435813664,-0.4127898587764651,0.29780711106551466,1.0553447558392601,0.17,0.0,0.0,0.52333,0.0,0.0,-0.1500000484545304,-7.55664716477894e-09,-0.7330400138403613,-0.5849600056002227,-0.5047700009091313,-0.38257206895318674,0.2251511845708766,0.40585763107773,-0.35751760451283227,0.3041069436566579,1.05694698084074,0.16999999862506368,-4.9227071712302974e-11,2.971968033804845e-12,0.5233300101714677,3.556217067514616e-10,1.0929048035898626e-10,-0.17416116487068647,-0.003966897776652867,-0.7399626527976292,-0.5877623821917761,-0.5052264428306198,-0.41246939689576845,0.261234356466764,0.46826281839672246,-0.3802172171891649,0.3505689783033654,1.2140249083843613,0.17262521803297173,9.701879833505164e-06,1.5939870223162641e-06,0.5283947357272513,0.0001788768089387977,5.4962929650861534e-05
91,True,0.9200000000000007,5.528458613466608,False,False,0.06457322094986408,False,40.34341702936217,-0.15,0.0,-0.73304,-0.58496,-0.50477,-0.3317399727318642,0.22680370305907563,0.39480291041475263,-0.3985557257152077,0.2875379003391176,1.0189535573620443,0.17,0.0,0.0,0.52333,0.0,0.0,-0.1500000483222331,-8.201443912024542e-09,-0.733040013845278,-0.5849600056047533,-0.5047700009128839,-0.3759528350195569,0.21980025063035713,0.3927024198947548,-0.35225650073371234,0.2916310210703877,1.019998255697868,0.17000000899394355,5.746317454699134e-11,3.187967668458392e-12,0.5233300101112043,3.577529023891801e-10,1.0992563944604156e-10,-0.1740807951649105,-0.003969083993635416,-0.739964972953111,-0.5877645679745782,-0.5052282752936277,-0.40664746068302765,0.25365960704885404,0.4544836693171578,-0.3759407682788565,0.34084293535970084,1.178881727919721,0.1726277318057952,1.028346639431448e-05,1.6618653890652578e-06,0.5283972872000052,0.00017983541645608217,5.524647121769998e-05
92,True,0.9300000000000007,5.505210092706156,False,False,0.0514274916361818,False,40.029583033174276,-0.15,0.0,-0.73304,-0.58496,-0.50477,-0.3341778308485833,0.2187035708069658,0.38070280647136867,-0.38432159265395033,0.2772686896127206,0.9825623588848286,0.17,0.0,0.0,0.52333,0.0,0.0,-0.15000004816149398,-8.393502135516095e-09,-0.7330400138499182,-0.5849600056091248,-0.5047700009165488,-0.368792388634092,0.21571113440823386,0.38025372713996003,-0.3464161966417024,0.27804340098048935,0.9827714351994826,0.17000001085300018,7.835461113792042e-11,3.323724130462253e-12,0.5233300101154172,3.596701135435542e-10,1.1049272144480517e-10,-0.17398823416944537,-0.00397119900074732,-0.7399671763345156,-0.5877666837127072,-0.5052300664386903,-0.4006262750181901,0.2465395345782902,0.4408261282489658,-0.37143323082418983,0.33050845926994715,1.1433013297784123,0.17263019321239362,1.0721052774388759e-05,1.697264200180385e-06,0.5283997699180975,0.00018070437009916557,5.550153369990137e-05
93,True,0.9400000000000007,5.4826676727949835,False,False,0.03862847962541554,False,41.32991697406396,-0.15,0.0,-0.73304,-0.58496,-0.50477,-0.3366156889653025,0.21060343855485592,0.36660270252798455,-0.3700874595926928,0.26699947888632347,0.9461711604076124,0.17,0.0,0.0,0.52333,0.0,0.0,-0.15000004797637237,-7.912889506828114e-09,-0.7330400138543249,-0.5849600056133563,-0.5047700009201311,-0.3624360358778599,0.20907796426405362,0.36660285105144946,-0.3413971427111291,0.2669113384886553,0.9461715546324811,0.1700000051506126,1.8334986405245087e-11,3.3945216113889846e-12,0.5233300101641388,3.614080173910787e-10,1.1100284537032823e-10,-0.17388442535098347,-0.0039732477770250164,-0.7399692711590939,-0.5877687338255745,-0.5052318177594114,-0.3944469233900355,0.2397582743398565,0.42726432837324313,-0.36673728610042666,0.31972680356230665,1.1073983160944247,0.17263260370503422,1.1026076036666066e-05,1.7030668306793653e-06,0.5284021867846164,0.00018148965753696713,5.573014861367681e-05
94,True,0.9500000000000007,5.4608244502642185,False,False,0.02587104342810931,False,41.82808304904029,-0.15,0.0,-0.73304,-0.58496,-0.50477,-0.3390535470820216,0.20250330630274607,0.35250259858460053,-0.3558533265314354,0.2567302681599264,0.9097799619303966,0.17,0.0,0.0,0.52333,0.0,0.0,-0.15000004776875514,-8.141307719124191e-09,-0.7330400138585146,-0.5849600056174564,-0.5047700009236338,-0.3563694216114175,0.20149002092612064,0.3525027479343419,-0.33665850996837715,0.2566698776297691,0.9097803572381212,0.17000000404943913,8.513673466437272e-12,3.4061268487628314e-12,0.5233300101509138,3.6297858913448416e-10,1.1146007429058092e-10,-0.17376872014705738,-0.00397523692201743,-0.7399712690557357,-0.5877707241912509,-0.5052335310578491,-0.3881961746179663,0.2330597096916012,0.41369588426617554,-0.361943505943057,0.3087768887753398,1.0712965010875883,0.17263496525618163,1.1215791660369292e-05,1.683606800038205e-06,0.5284045417348859,0.0001822003126299091,5.5935365143443665e-05
95,True,0.9600000000000007,5.439678427829964,False,False,0.01313430130336216,False,41.69762501260266,-0.15,0.0,-0.73304,-0.58496,-0.50477,-0.34149140519874077,0.19440317405063626,0.3384024946412166,-0.34161919347017805,0.2464610574335294,0.8733887634531808,0.17,0.0,0.0,0.52333,0.0,0.0,-0.1500000475373452,-8.103502186981859e-09,-0.7330400138625104,-0.5849600056214371,-0.5047700009270603,-0.3502942878714509,0.19389288161930254,0.33840264510399276,-0.3318848343630103,0.24642972688611656,0.8733891593237871,0.17000000416917033,9.311308533021742e-12,3.3672068656004248e-12,0.5233300101645351,3.6439989643376886e-10,1.1187050651752283e-10,-0.17364144087960784,-0.003977173404655516,-0.7399731829405651,-0.58777266063966,-0.5052352080639834,-0.3819297680151091,0.22628918001204043,0.40006158162707856,-0.3571095605986339,0.2978289990563855,1.0350779064708784,0.1726372800966243,1.130955067769005e-05,1.643302796642338e-06,0.5284068391382166,0.00018284655719281347,5.6120434917355146e-05
96,True,0.9700000000000008,5.418146360521252,False,False,0.00041799051033759366,False,41.749415977392346,-0.15,0.0,-0.73304,-0.58496,-0.50477,-0.3439292633154599,0.18630304179852636,0.32430239069783245,-0.3273850604089205,0.23619184670713225,0.8369975649759647,0.17,0.0,0.0,0.52333,0.0,0.0,-0.15000004728278718,-7.390733456659471e-09,-0.7330400138663382,-0.58496000562531,-0.5047700009304144,-0.3442098581244007,0.18628700341485643,0.32430254261168134,-0.3270756668070183,0.23619094855486156,0.8369979610078914,0.1700000079399672,5.0940427006804234e-11,3.2865990200677155e-12,0.5233300102039313,3.656923830050972e-10,1.1224064533973e-10,-0.17350360824255825,-0.003979063743798249,-0.7399750249694873,-0.5877745485430316,-0.5052368503886948,-0.3756726114719392,0.21938830350180716,0.3863441507897987,-0.35226075336999874,0.28695466436652184,0.9987898208517887,0.17263955033700826,1.132548866878277e-05,1.5861947053471885e-06,0.5284090831404573,0.00018343799661977054,5.628836914746571e-05
97,True,0.9800000000000008,5.456986506085641,False,False,4.627644898400921e-07,False,43.05691702757031,-0.15,0.0,-0.73304,-0.58496,-0.50477,-0.346367121432179,0.17820290954641654,0.3102022867544485,-0.31315092734766314,0.22592263598073525,0.8006063664987491,0.17,0.0,0.0,0.52333,0.0,0.0,-0.15000004700712247,-7.959280716278438e-09,-0.7330400138700223,-0.5849600056290859,-0.504770000933699,-0.3463671802540278,0.17820299191095823,0.31020243903734884,-0.3131510053454156,0.22592275803858688,0.8006067628649225,0.17000000526863687,2.2524775108805593e-11,3.17238306606318e-12,0.5233300101582361,3.668752594743977e-10,1.1257651314112863e-10,-0.17335552793178707,-0.003980908434262185,-0.7399767944320427,-0.5877763884620341,-0.505238458655077,-0.37004371195177854,0.21231035584140057,0.37254625590702006,-0.3467358939448962,0.2761733410784087,0.9624595862056565,0.17264177639443196,1.1260588406321844e-05,1.5116960966065811e-06,0.5284112739343364,0.00018397305748787845,5.6438727121064426e-05
98,True,0.9900000000000008,5.602601089713941,False,False,4.62358710747241e-07,False,42.96395799610764,-0.15,0.0,-0.73304,-0.58496,-0.50477,-0.34880497954889816,0.1701027772943067,0.2961021828110645,-0.2989167942864058,0.2156534252543382,0.7642151680215332,0.17,0.0,0.0,0.52333,0.0,0.0,-0.15000004713170556,-7.955692253418245e-09,-0.7330400138685336,-0.5849600056275379,-0.5047700009323459,-0.3488050447886454,0.17010285880888726,0.29610233484050547,-0.29891686534494505,0.2156535477541364,0.7642155643364096,0.1700000052833629,2.2780324054525423e-11,3.235060316351501e-12,0.5233300101563026,3.664251014699922e-10,1.124500138119963e-10,-0.173198078931639,-0.003982710535798061,-0.7399784963188639,-0.5877781829229204,-0.5052400338622225,-0.3655713822481422,0.20503625151434704,0.3586780049115882,-0.33995968906667307,0.2654810370003017,0.9261029817190155,0.17264395943034802,1.1121297381241893e-05,1.4211987936712923e-06,0.5284134134727911,0.0001844551912523458,5.657257871920548e-05
99,True,1.0000000000000007,5.867940864879222,False,False,4.6388231221008086e-07,False,43.19383297115564,-0.15,0.0,-0.73304,-0.58496,-0.50477,-0.35124283766561726,0.1620026450421969,0.28200207886768053,-0.2846826612251484,0.2053842145279412,0.7278239695443175,0.17,0.0,0.0,0.52333,0.0,0.0,-0.1500000468434264,-7.959541697619144e-09,-0.7330400138721294,-0.5849600056312559,-0.5047700009355902,-0.351242885821236,0.16200272876548624,0.2820022315607045,-0.2846827507311489,0.20538433592813102,0.7278243660033099,0.17000000528700265,2.270521237624152e-11,3.0995228341756037e-12,0.5233300101607273,3.675397540839082e-10,1.1276461751532794e-10,-0.17303289162644106,-0.003984475619598272,-0.7399801410976445,-0.5877799364971981,-0.5052415774182564,-0.36236861014191724,0.19757942899835085,0.34475127791836296,-0.3318072146695972,0.25486552273333213,0.8897291881210438,0.1726461013169525,1.0923237901592842e-05,1.318134302353002e-06,0.528415505391394,0.00018489271260179753,5.6692509238281824e-05
100,True,1.0100000000000007,6.245420448605208,False,False,4.6624694261203245e-07,False,44.209208979737014,-0.15,0.0,-0.73304,-0.58496,-0.50477,-0.35368069578233646,0.153902512790087,0.26790197492429635,-0.27044852816389087,0.19511500380154403,0.6914327710671013,0.17,0.0,0.0,0.52333,0.0,0.0,-0.15000004653503934,-7.963313437484021e-09,-0.7330400138755812,-0.5849600056348793,-0.5047700009387673,-0.3536807290740949,0.15390259831836628,0.26790212813019654,-0.270448633717389,0.19511512429042915,0.6914331676097448,0.17000000529045897,2.2466468059363577e-11,2.929101501159757e-12,0.5233300101650464,3.6854155266289636e-10,1.1304403215643775e-10,-0.17286169098985948,-0.003986208831334937,-0.7399817384037933,-0.5877816534978627,-0.5052430906774357,-0.3603446165908067,0.18996611959485446,0.3307774716301694,-0.3223745563371638,0.2443126223493774,0.8533436375035416,0.17264820381429238,1.068084786335254e-05,1.2057476109231317e-06,0.5284175530709987,0.00018529332282780095,5.680094568868025e-05
101,True,1.0200000000000007,6.484306531040326,False,False,4.6890800814995936e-07,False,48.1670830049552,-0.15,0.0,-0.73304,-0.58496,-0.50477,-0.35611855389905556,0.14580238053797717,0.2538018709809124,-0.2562143951026335,0.184845793075147,0.6550415725898855,0.17,0.0,0.0,0.52333,0.0,0.0,-0.15000004620972449,-7.966997140999854e-09,-0.7330400138789106,-0.5849600056384172,-0.5047700009418798,-0.35611857494068816,0.14580246748394027,0.25380202457315115,-0.25621451387213995,0.18484591281808693,0.6550419691772307,0.17000000529388906,2.209802761275455e-11,2.730815793263789e-12,0.5233300101692675,3.6944764730665637e-10,1.1329356281787085e-10,-0.1726859963996206,-0.003987914197598808,-0.739983295609795,-0.5877833374009847,-0.505244574818393,-0.3593298647475667,0.18222499945706858,0.31676657274401726,-0.3118435161523758,0.23380899591712156,0.8169496150431677,0.17265026838685985,1.0405027950814355e-05,1.086552409365746e-06,0.5284195592034213,0.0001856628734953645,5.689976176591132e-05
102,True,1.0300000000000007,6.492264164644741,False,False,4.7146568940661897e-07,False,48.65329200401902,-0.15,0.0,-0.73304,-0.58496,-0.50477,-0.3585564120157747,0.13770224828586736,0.23970176703752843,-0.24198026204137615,0.17457658234875,0.6186503741126699,0.17,0.0,0.0,0.52333,0.0,0.0,-0.15000004587110471,-7.970595537754033e-09,-0.733040013882139,-0.5849600056418791,-0.5047700009449309,-0.35855642330429677,0.13770233631263087,0.23970192091354584,-0.2419803913170427,0.17457670148210552,0.6186507707184373,0.17000000529735765,2.1632511896434257e-11,2.51177092778113e-12,0.5233300101733978,3.70274996970045e-10,1.1351852899528503e-10,-0.17250762056869567,-0.003989597687369852,-0.7399848244416699,-0.5877849932568785,-0.5052460313290567,-0.35906533675953584,0.1743825056724707,0.3027268831387314,-0.3004133857578051,0.22334311910052307,0.7805491472139368,0.17265229707096885,1.0114058664584148e-05,9.646839744935976e-07,0.5284215278284345,0.00018601114663828236,5.6992047125550857e-05
103,True,1.0400000000000007,6.467723957383832,False,False,4.7370101893471695e-07,False,49.72504201577976,-0.15,0.0,-0.73304,-0.58496,-0.50477,-0.36099427013249386,0.12960211603375754,0.22560166309414445,-0.22774612898011876,0.16430737162235298,0.5822591756354542,0.17,0.0,0.0,0.52333,0.0,0.0,-0.150000045521972,-7.974105372537954e-09,-0.7330400138852773,-0.5849600056452704,-0.5047700009479225,-0.360994273900239,0.12960220486348126,0.22560181717277283,-0.227746266401812,0.16430749025457633,0.582259572240994,0.17000000530087234,2.1085823367840602e-11,2.2756299941951454e-12,0.5233300101774415,3.710319978231062e-10,1.1372165511933314e-10,-0.1723271248708866,-0.003991258898989409,-0.7399863230805312,-0.5877866210908466,-0.5052474606719929,-0.359391885582797,0.16646130949268437,0.28866512767045244,-0.2882693271790004,0.21290570655266847,0.7441435443306379,0.17265429013125014,9.80405148379448e-06,8.394731421513299e-07,0.5284234588292533,0.0001863362219578706,5.707729708722788e-05
104,True,1.0500000000000007,6.443468688365446,False,False,4.755297267182436e-07,False,51.991584012284875,-0.15,0.0,-0.73304,-0.58496,-0.50477,-0.363432128249213,0.12150198378164763,0.2115015591507603,-0.21351199591886122,0.15403816089595582,0.5458679771582379,0.17,0.0,0.0,0.52333,0.0,0.0,-0.1500000451670045,-7.977554684554522e-09,-0.7330400138883603,-0.5849600056486057,-0.5047700009508583,-0.3634321261273381,0.12150207319283622,0.21150171336870485,-0.21351213953597653,0.15403827911011017,0.545868373749556,0.17000000530453066,2.051029504960037e-11,2.034705619916461e-12,0.5233300101814105,3.7174805933765966e-10,1.1391214441982753e-10,-0.1721446116681726,-0.0039928975047803916,-0.7399877900775208,-0.5877882209180485,-0.5052488632864077,-0.36021216898059594,0.15847985694119007,0.2745866021581805,-0.2755701060301963,0.2024893525656194,0.7077336561098678,0.17265624788357722,9.4718115297205e-06,7.103198860526379e-07,0.5284253522127363,0.00018663657140046883,5.7155091290293844e-05
105,True,1.0600000000000007,6.419763221754058,False,False,4.769576007776208e-07,False,51.91641702549532,-0.15,0.0,-0.73304,-0.58496,-0.50477,-0.3658699863659321,0.11340185152953781,0.19740145520737631,-0.19927786285760385,0.1437689501695588,0.5094767786810221,0.17,0.0,0.0,0.52333,0.0,0.0,-0.15000004480771117,-7.980949280790572e-09,-0.7330400138913842,-0.584960005651885,-0.5047700009537395,-0.36586997961461787,0.11340194134908421,0.19740160951611269,-0.19927801111231763,0.14376906802869802,0.5094771752471321,0.17000000530812603,1.9903895878678793e-11,1.7876012731375771e-12,0.523330010185304,3.724190108589983e-10,1.1408891664515738e-10,-0.17196028974751768,-0.003994514758752139,-0.7399892274954261,-0.5877897939770793,-0.5052502398447446,-0.36142928512747036,0.15045269953457477,0.26049540104712743,-0.2624456170592484,0.19208822550908508,0.6713200365154496,0.17265817109938567,9.119996308324441e-06,5.77859517152353e-07,0.5284272090663823,0.00018691377784382944,5.722594988723768e-05
106,True,1.0700000000000007,6.396916146228438,False,False,4.789699176337489e-07,False,49.65179198188707,-0.15,0.0,-0.73304,-0.58496,-0.50477,-0.36830784448265125,0.10530171927742801,0.18330135126399238,-0.1850437297963465,0.1334997394431618,0.4730855802038065,0.17,0.0,0.0,0.52333,0.0,0.0,-0.1500000439209986,-7.98897473956034e-09,-0.7330400138984232,-0.5849600056595723,-0.5047700009604741,-0.36830783072556367,0.10530180957909885,0.18330150565176748,-0.18504388459981805,0.13349985662025834,0.47308597667199115,0.1700000053163302,1.8241059611208876e-11,1.156081044705886e-12,0.5233300101943932,3.738260455853591e-10,1.1445147597260704e-10,-0.17177433148312884,-0.003996112013405624,-0.7399906376677235,-0.5877913415738095,-0.5052515910227676,-0.3629571894170732,0.14239111862061868,0.24639465826780277,-0.24899895007868342,0.1816978189951926,0.6349030531255249,0.17266006057923022,8.75175592182559e-06,4.428221701355236e-07,0.5284290305576442,0.0001871696918916943,5.729046972431929e-05
107,True,1.0800000000000007,6.37515952176884,False,False,4.794156031827631e-07,False,36.795874999370426,-0.15,0.0,-0.73304,-0.58496,-0.50477,-0.37074570259937034,0.09720158702531818,0.1692012473206084,-0.17080959673508914,0.12323052871676476,0.4366943817265907,0.17,0.0,0.0,0.52333,0.0,0.0,-0.15000004354908733,-7.992171211293475e-09,-0.7330400139012436,-0.5849600056626676,-0.5047700009631765,-0.3707456870223789,0.09720167740412666,0.16920140170711906,-0.17080975311348662,0.12323064565145064,0.43669477814321156,0.17000000532010964,1.75045599166984e-11,8.860139796811056e-13,0.5233300101980358,3.7433793123099225e-10,1.1458053282624404e-10,-0.17158682036363504,-0.003997690351675498,-0.7399920223916305,-0.5877928647905514,-0.5052529174414986,-0.36472404345306886,0.13430374903694445,0.232286753611032,-0.23531021104871025,0.1713146923888952,0.5984829600363636,0.17266191704686665,8.369389406434844e-06,3.057436179997597e-07,0.5284308176844753,0.00018740571708129527,5.734910574517558e-05
108,True,1.0900000000000007,6.354665132713727,False,False,4.796809332822459e-07,False,32.42575004696846,-0.15,0.0,-0.73304,-0.58496,-0.50477,-0.37318356071608955,0.08910145477320827,0.15510114337722425,-0.15657546367383157,0.11296131799036763,0.40030318324937453,0.17,0.0,0.0,0.52333,0.0,0.0,-0.15000004317407012,-7.995333218407952e-09,-0.7330400139040132,-0.584960005665714,-0.5047700009658294,-0.373183543797091,0.08910154517757865,0.15510129774815745,-0.15657562114301013,0.11296143469721068,0.40030357960821483,0.17000000532382362,1.6740451908332375e-11,6.118630379453672e-13,0.5233300102016135,3.7481003533051255e-10,1.1469782080082399e-10,-0.17139774481009049,-0.00399925056680388,-0.7399933828757753,-0.587794364467344,-0.5052542196635477,-0.36667211436884767,0.12619713825664658,0.21817348278507526,-0.22144070038723143,0.16093624290152847,0.5620599388881107,0.1726637411421695,7.974246594102373e-06,1.669424407454154e-07,0.52843257125839,0.00018762275557939536,5.740215365989914e-05
109,True,1.1000000000000008,6.335558678166865,False,False,4.7980622849126e-07,False,30.972166976425797,-0.15,0.0,-0.73304,-0.58496,-0.50477,-0.37562141883280864,0.08100132252109846,0.14100103943384026,-0.1423413306125742,0.1026921072639706,0.36391198477215875,0.17,0.0,0.0,0.52333,0.0,0.0,-0.15000004279592408,-7.99845951363759e-09,-0.7330400139067342,-0.5849600056687135,-0.5047700009684338,-0.37562140093423774,0.0810014129125646,0.1410011937784545,-0.14234148881099565,0.10269222375232132,0.36391238106736185,0.17000000532747184,1.5949996565753442e-11,3.3426597659798213e-13,0.5233300102051194,3.7524416370395344e-10,1.1480393179619415e-10,-0.17120701587350984,-0.004000793227143762,-0.7399947198710015,-0.5877958412507414,-0.5052554982030766,-0.3687561816160654,0.11807621456743911,0.20405619394762153,-0.20743679025334857,0.15056051631125758,0.5256341250367206,0.17266553343789096,7.566933177632469e-06,2.6563065676943942e-08,0.5284342919438916,0.00018782131489187979,5.744978213411195e-05
110,True,1.1100000000000008,6.317931366161097,False,False,4.798238702390864e-07,False,32.68624999327585,-0.15,0.0,-0.73304,-0.58496,-0.50477,-0.3780592769495278,0.07290119026898864,0.12690093549045628,-0.12810719755131683,0.09242289653757357,0.327520786294943,0.17,0.0,0.0,0.52333,0.0,0.0,-0.1500000424144715,-8.001548440321471e-09,-0.7330400139094083,-0.5849600056716672,-0.504770000970991,-0.3780592583433781,0.07290128061891124,0.12690108980071185,-0.12810735621018537,0.09242301281287742,0.3275211825209232,0.17000000533105944,1.5134378180782298e-11,5.3512128690097804e-14,0.5233300102085626,3.756413324113809e-10,1.1489920347356863e-10,-0.17101449249166398,-0.004002318747888241,-0.739996033815409,-0.5877972956500278,-0.5052567535374913,-0.37094146590364174,0.10994466562547558,0.18993589534190586,-0.19333324935985916,0.14018605708214063,0.48920562701908155,0.17266729445822238,7.147541454325559e-06,-1.1537377707624673e-07,0.5284359803022518,0.0001880016282963092,5.749207000110365e-05
111,True,1.1200000000000008,6.301849001021359,False,False,4.797591891290182e-07,False,32.04750001896173,-0.15,0.0,-0.73304,-0.58496,-0.50477,-0.3804971350662469,0.06480105801687883,0.11280083154707232,-0.11387306449005949,0.08215368581117656,0.2911295878177273,0.17,0.0,0.0,0.52333,0.0,0.0,-0.15000004202943046,-8.004603063715976e-09,-0.7330400139120362,-0.584960005674576,-0.5047700009735018,-0.3804971159549508,0.06480114830399722,0.11280098581694693,-0.11387322341011154,0.0821538018759776,0.291129983969116,0.17000000533458162,1.4295667832831243e-11,-2.3035670534753965e-13,0.5233300102119381,3.76002008635511e-10,1.1498379371311252e-10,-0.17082000712002912,-0.004003827446650785,-0.7399973249457332,-0.587798728081837,-0.5052579861168915,-0.37320157677633553,0.10180523971827952,0.1758133388896566,-0.17915596918890336,0.12981179265893728,0.4527745397386324,0.17266902469302747,6.715828100536522e-06,-2.5893110314371146e-07,0.5284376368250898,0.0001881637475626941,5.752903538552325e-05
112,True,1.1300000000000008,6.2873588945067675,False,False,4.796316380074071e-07,False,31.23654203955084,-0.15,0.0,-0.73304,-0.58496,-0.50477,-0.3829349931829661,0.05670092576476891,0.09870072760368816,-0.09963893142880192,0.0718844750847794,0.2547383893405111,0.17,0.0,0.0,0.52333,0.0,0.0,-0.15000004164046588,-8.007623120143137e-09,-0.7330400139146185,-0.5849600056774409,-0.5047700009759669,-0.3829349737161764,0.056701015973321583,0.09870088182866403,-0.09963909046255931,0.07188459093946994,0.2547387854121294,0.17000000533804227,1.3432281749012863e-11,-5.174663261765858e-13,0.5233300102152504,3.763262965410675e-10,1.1505773897790015e-10,-0.17062338904865057,-0.004005319583183263,-0.7399985933766124,-0.5878001389029581,-0.5052591963711586,-0.3755166936477495,0.09365997792061251,0.16168908443030922,-0.16492412823078356,0.11943694411629038,0.41634095336616406,0.17267072460801144,6.271341606777206e-06,-4.042261620792006e-07,0.5284392619583044,0.00018830760943940467,5.75606569689979e-05
113,True,1.1400000000000008,6.274495011500989,False,False,4.794559712798224e-07,False,30.68475000327453,-0.15,0.0,-0.73304,-0.58496,-0.50477,-0.3853728512996852,0.04860079351265909,0.0846006236603042,-0.08540479836754457,0.06161526435838238,0.21834719086329535,0.17,0.0,0.0,0.52333,0.0,0.0,-0.15000004124723637,-8.010609298288174e-09,-0.7330400139171555,-0.5849600056802626,-0.5047700009783875,-0.3853728315874137,0.04860088363096901,0.08460077783698383,-0.08540495740588581,0.06161538000179629,0.21834758685014494,0.1700000053414423,1.2543330138156726e-11,-8.080510834117178e-13,0.5233300102185001,3.7661406995402255e-10,1.151209967197725e-10,-0.1704244830151265,-0.0040067953855094035,-0.7399998391528458,-0.5878015284329272,-0.505260384714975,-0.3778720463741041,0.08551039243802762,0.14756354861245363,-0.15065187475728498,0.10906095997324246,0.37990496039541083,0.17267239465150067,5.813507651724192e-06,-5.5140978296932e-07,0.528440856117938,0.0001884330802964881,5.7586888653677765e-05
114,True,1.1500000000000008,6.263281739415638,False,False,4.792432926050046e-07,False,30.68783401977271,-0.15,0.0,-0.73304,-0.58496,-0.50477,-0.38781070941640433,0.040500661260549284,0.07050051971692023,-0.0711706653062872,0.05134605363198537,0.18195599238607962,0.17,0.0,0.0,0.52333,0.0,0.0,-0.1500000408494314,-8.013563109962596e-09,-0.733040013919647,-0.5849600056830417,-0.5047700009807643,-0.38781068953912096,0.04050075127996518,0.0705006738427397,-0.0711708242683903,0.05134616906184881,0.18195638828334706,0.1700000053447815,1.1627663946706807e-11,-1.102412542182975e-12,0.5233300102216873,3.7686506169985583e-10,1.151734748018737e-10,-0.17022316300798931,-0.004008255068098451,-0.7400010622867513,-0.5878028969705522,-0.5052615515515796,-0.38025670124676575,0.07735760257284524,0.13343704182352575,-0.13634961613018562,0.098683463384364,0.34346665684813005,0.17267403525940797,5.341691978805447e-06,-7.006506207781471e-07,0.5284424197016874,0.00018853998927022357,5.7607670677014175e-05
115,True,1.1600000000000008,6.253736612565022,False,False,4.790019210518752e-07,False,30.788624950218946,-0.15,0.0,-0.73304,-0.58496,-0.50477,-0.3902485675331235,0.03240052900843936,0.056400415773536064,-0.05693653224502964,0.04107684290558821,0.1455647939088634,0.17,0.0,0.0,0.52333,0.0,0.0,-0.15000004044679882,-8.01648349525036e-09,-0.7330400139220934,-0.5849600056857789,-0.504770000983098,-0.390248547549434,0.03240061892254935,0.05640056984655263,-0.056936691070881895,0.04107695811888287,0.14556518971192722,0.17000000534806287,1.0684028052253291e-11,-1.4008879626343503e-12,0.5233300102248143,3.770789303090931e-10,1.1521505376545314e-10,-0.1700193413068153,-0.004009698843124139,-0.7400022627825784,-0.5878042448050009,-0.5052626972753688,-0.3826626051082087,0.06920243605789843,0.11930979622612824,-0.12202499503328541,0.08830421314269515,0.30702614544110446,0.17267564685861433,4.855243513454021e-06,-8.521238677116097e-07,0.5284439530966266,0.00018862815130653372,5.7622937539202744e-05
116,True,1.1700000000000008,6.245872258732712,False,False,4.787380871116523e-07,False,37.89245896041393,-0.15,0.0,-0.73304,-0.58496,-0.50477,-0.39268642564984263,0.024300396756329546,0.0423003118301521,-0.042702399183772284,0.03080763217919119,0.10917359543164767,0.17,0.0,0.0,0.52333,0.0,0.0,-0.15000004003916312,-8.019372017137316e-09,-0.7330400139244945,-0.5849600056884746,-0.5047700009853895,-0.3926864056022448,0.02430048656037804,0.0423004658488875,-0.04270255782864828,0.03080774717240998,0.10917399113609189,0.17000000535128568,9.711387078143873e-12,-1.7038277103624154e-12,0.52333001022788,3.772553056080076e-10,1.152456025982308e-10,-0.1698129734392671,-0.004011126927503021,-0.7400034406533846,-0.5878055722234306,-0.5052638222737397,-0.3850838494336667,0.06104550557956063,0.10518198579985603,-0.10768362090187902,0.07792307363624472,0.27058353720530737,0.17267722986944756,4.353526122940726e-06,-1.0060027076162569e-06,0.5284454566847624,0.00018869738447393472,5.763262404355361e-05
117,True,1.1800000000000008,6.239697777501259,False,False,4.784564821629353e-07,False,37.60683297878131,-0.15,0.0,-0.73304,-0.58496,-0.50477,-0.3951242837665617,0.016200264504219734,0.028200207886768126,-0.028468266122514917,0.02053842145279417,0.07278239695443194,0.17,0.0,0.0,0.52333,0.0,0.0,-0.1500000396264352,-8.022230739077041e-09,-0.7330400139268503,-0.5849600056911295,-0.5047700009876396,-0.39512426368573117,0.016200354194679543,0.028200361850092226,-0.028468424552914748,0.020538536222175975,0.07278279255606263,0.17000000535444945,8.707954531942904e-12,-2.011578158421005e-12,0.5233300102308849,3.773938237112452e-10,1.1526499091811917e-10,-0.1696040597444244,-0.004012539546533349,-0.7400045959316947,-0.5878068795157267,-0.5052649269282926,-0.387516113690766,0.052887265968237125,0.0910537419442645,-0.09332961495111562,0.0675399918494832,0.234138953037358,0.17267878470740256,3.835940737258084e-06,-1.1624521728021563e-06,0.5284469308467814,0.0001887475223731779,5.7636669691187936e-05
118,True,1.1900000000000008,6.23521970754071,False,False,4.781606439917119e-07,False,28.97012501489371,-0.15,0.0,-0.73304,-0.58496,-0.50477,-0.3975621418832809,0.008100132252109921,0.014100103943384156,-0.014234133061257552,0.010269210726397155,0.03639119847721621,0.17,0.0,0.0,0.52333,0.0,0.0,-0.15000003920861565,-8.025057353019949e-09,-0.7330400139291608,-0.5849600056937441,-0.5047700009898489,-0.3975621217912634,0.008100221826358611,0.014100257850429732,-0.014234291251911432,0.010269325268043042,0.036391593972081165,0.17000000535755952,7.67270696152791e-12,-2.324469392373291e-12,0.523330010233833,3.7749415185005415e-10,1.1527309770105075e-10,-0.1693926444408137,-0.004013936935855002,-0.7400057286772396,-0.58780816697766,-0.5052660116156613,-0.3899562471628183,0.0447280559961566,0.07692516517715639,-0.07896601398173754,0.05715497939756246,0.19769252311016572,0.17268031178450982,3.301942867697694e-06,-1.3216243126466036e-06,0.5284483759649601,0.00018877842422997427,5.7635022225056186e-05
119,True,1.2000000000000008,6.2365159894934274,False,False,0.013918871118556874,False,29.1217920021154,-0.15,0.0,-0.73304,-0.58496,-0.50477,-0.4,0.0,0.0,0.0,0.0,0.0,0.17,0.0,0.0,0.52333,0.0,0.0,-0.15000003878521131,-8.027903754953547e-09,-0.7330400139314295,-0.5849600056963226,-0.5047700009920213,-0.3999999799434758,8.94560655065324e-08,1.5385002263834657e-07,-0.009168115433977345,0.0006199544805177079,3.9538425541940647e-07,0.1804494604842017,0.00032413646069488414,-2.643243338753927e-12,0.5233300102407884,3.775560934043704e-10,1.1526981388983951e-10,-0.1691728274299855,-0.00401528982168854,-0.74000677547064,-0.5878094113771296,-0.5052670719350866,-0.39240204031020476,0.03656866467355616,0.06279648224148159,-0.06525720493484059,0.04681554959363954,0.16124394580736526,0.17340559240797815,5.083676265135083e-06,-1.50437791573124e-06,0.528449772892192,0.00018873444932879861,5.761051015496532e-05
