frame,scored,sim_time,min_distance_measured_mm,measured_collision,measured_margin_violation,modification_rad,fallback,total_safety_time_ms,q_nominal.right_wrist,q_nominal.right_thumb_mcp,q_nominal.right_thumb_abd,q_nominal.right_thumb_pip,q_nominal.right_thumb_dip,q_nominal.right_index_abd,q_nominal.right_index_mcp,q_nominal.right_index_pip,q_nominal.right_middle_abd,q_nominal.right_middle_mcp,q_nominal.right_middle_pip,q_nominal.right_ring_abd,q_nominal.right_ring_mcp,q_nominal.right_ring_pip,q_nominal.right_pinky_abd,q_nominal.right_pinky_mcp,q_nominal.right_pinky_pip,q_safe.right_wrist,q_safe.right_thumb_mcp,q_safe.right_thumb_abd,q_safe.right_thumb_pip,q_safe.right_thumb_dip,q_safe.right_index_abd,q_safe.right_index_mcp,q_safe.right_index_pip,q_safe.right_middle_abd,q_safe.right_middle_mcp,q_safe.right_middle_pip,q_safe.right_ring_abd,q_safe.right_ring_mcp,q_safe.right_ring_pip,q_safe.right_pinky_abd,q_safe.right_pinky_mcp,q_safe.right_pinky_pip,q_measured.right_wrist,q_measured.right_thumb_mcp,q_measured.right_thumb_abd,q_measured.right_thumb_pip,q_measured.right_thumb_dip,q_measured.right_index_abd,q_measured.right_index_mcp,q_measured.right_index_pip,q_measured.right_middle_abd,q_measured.right_middle_mcp,q_measured.right_middle_pip,q_measured.right_ring_abd,q_measured.right_ring_mcp,q_measured.right_ring_pip,q_measured.right_pinky_abd,q_measured.right_pinky_mcp,q_measured.right_pinky_pip
0,True,0.01,6.228385962484579,False,False,0.0,False,,-0.15,0.0,-0.73304,-0.58496,-0.50477,-0.4000000000000001,0.0,0.0,0.0,0.0,0.0,0.17,0.0,0.0,0.52333,0.0,0.0,-0.15,0.0,-0.73304,-0.58496,-0.50477,-0.4000000000000001,0.0,0.0,0.0,0.0,0.0,0.17,0.0,0.0,0.52333,0.0,0.0,-0.1504636294717452,-0.00024913347586931196,-0.733488708629297,-0.5851219546970908,-0.5047744998339302,-0.40023331337118867,-2.4794459782912207e-05,-1.2086908669606811e-06,1.9421818310665445e-08,-3.829584200719741e-05,-1.202505450442284e-06,0.170156837943458,-2.8209428762938118e-05,-1.017519327709447e-06,0.5236657896662829,-6.383528447448374e-07,-2.4370657384594807e-07
1,True,0.020000000000000004,6.229844568071035,False,False,0.0,False,,-0.15,0.0,-0.73304,-0.58496,-0.50477,-0.4000000000000001,0.0,0.0,0.0,0.0,0.0,0.17,0.0,0.0,0.52333,0.0,0.0,-0.15,0.0,-0.73304,-0.58496,-0.50477,-0.4000000000000001,0.0,0.0,0.0,0.0,0.0,0.17,0.0,0.0,0.52333,0.0,0.0,-0.15153608456319037,-0.000713524705756533,-0.7343212865158333,-0.5854269552484189,-0.5047827157534847,-0.4006634860753612,-5.484940244257024e-05,-3.1663329853701383e-06,5.530149897099091e-08,-8.77216164621526e-05,-3.091344333968945e-06,0.17044841109048103,-6.0949275989593736e-05,-2.5944822401521287e-06,0.5242823459075645,-1.2619264013459466e-06,-5.03932426632384e-07
2,True,0.030000000000000013,6.231455258452887,False,False,0.0,False,,-0.15,0.0,-0.73304,-0.58496,-0.50477,-0.4000000000000001,0.0,0.0,0.0,0.0,0.0,0.17,0.0,0.0,0.52333,0.0,0.0,-0.15,0.0,-0.73304,-0.58496,-0.50477,-0.4000000000000001,0.0,0.0,0.0,0.0,0.0,0.17,0.0,0.0,0.52333,0.0,0.0,-0.1530140342731925,-0.001228707278579176,-0.7352421419308921,-0.585768633540797,-0.5047921876498082,-0.4011352987042617,-7.151411047532708e-05,-5.092739781567203e-06,9.704372631131921e-08,-0.00011548412452387077,-4.8685682292991595e-06,0.17077066979088884,-7.75911082341027e-05,-4.048709788651866e-06,0.5249561521353916,-1.2401197840741382e-06,-5.511124907767063e-07
3,True,0.04000000000000002,6.2329670482941015,False,False,0.0,False,,-0.15,0.0,-0.73304,-0.58496,-0.50477,-0.4000000000000001,0.0,0.0,0.0,0.0,0.0,0.17,0.0,0.0,0.52333,0.0,0.0,-0.15,0.0,-0.73304,-0.58496,-0.50477,-0.4000000000000001,0.0,0.0,0.0,0.0,0.0,0.17,0.0,0.0,0.52333,0.0,0.0,-0.1547249450255994,-0.0017148694974693692,-0.7361102875344581,-0.586093916399915,-0.504802012938354,-0.40157568620498635,-8.056242170084206e-05,-6.749387327766307e-06,1.405705816627895e-07,-0.0001281011267999016,-6.311585044275264e-06,0.1710734127350683,-8.552144203231629e-05,-5.1873546850421385e-06,0.5255833460184668,-4.2844027547140976e-07,-3.310647466851556e-07
4,True,0.05000000000000003,6.234277275419275,False,False,0.0,False,,-0.15,0.0,-0.73304,-0.58496,-0.50477,-0.4000000000000001,0.0,0.0,0.0,0.0,0.0,0.17,0.0,0.0,0.52333,0.0,0.0,-0.15,0.0,-0.73304,-0.58496,-0.50477,-0.4000000000000001,0.0,0.0,0.0,0.0,0.0,0.17,0.0,0.0,0.52333,0.0,0.0,-0.15652653752223314,-0.002138679742360145,-0.7368680031990172,-0.5863797677875734,-0.5048118656883432,-0.4019556906410819,-8.596990977056108e-05,-8.095271876204971e-06,1.8431890775764922e-07,-0.00013395006628441722,-7.3960837355394755e-06,0.17133600502668858,-8.92507110303087e-05,-5.9900841729317975e-06,0.5261235099117114,1.1133164968007279e-06,1.3751281842689348e-07
5,True,0.06000000000000004,6.235360659593713,False,False,0.0,False,,-0.15,0.0,-0.73304,-0.58496,-0.50477,-0.4000000000000001,0.0,0.0,0.0,0.0,0.0,0.17,0.0,0.0,0.52333,0.0,0.0,-0.15,0.0,-0.73304,-0.58496,-0.50477,-0.4000000000000001,0.0,0.0,0.0,0.0,0.0,0.17,0.0,0.0,0.52333,0.0,0.0,-0.15830751285369093,-0.0024911606049290947,-0.7375003348009646,-0.5866192760545208,-0.5048216291539211,-0.40226888538573663,-8.943731024459205e-05,-9.159926656441764e-06,2.2769567428448045e-07,-0.0001364956321361714,-8.163725821652858e-06,0.1715532836997892,-9.072415450041431e-05,-6.497685293491121e-06,0.5265682096920382,3.2607210303900055e-06,8.123903862155382e-07
6,True,0.07000000000000005,6.23622926245909,False,False,0.0,False,,-0.15,0.0,-0.73304,-0.58496,-0.50477,-0.4000000000000001,0.0,0.0,0.0,0.0,0.0,0.17,0.0,0.0,0.52333,0.0,0.0,-0.15,0.0,-0.73304,-0.58496,-0.50477,-0.4000000000000001,0.0,0.0,0.0,0.0,0.0,0.17,0.0,0.0,0.52333,0.0,0.0,-0.1599861834029675,-0.0027752335852664414,-0.7380127843123281,-0.5868136281214952,-0.5048312602953429,-0.4025194490495857,-9.175542170055694e-05,-9.994042262803247e-06,2.704816949484653e-07,-0.00013725992833903773,-8.675732442039586e-06,0.17172758457085596,-9.08592303854476e-05,-6.7682123157377265e-06,0.5269238356771269,5.879991930268724e-06,1.6474758820737243e-06
7,True,0.08000000000000006,6.236910623213205,False,False,0.0,False,,-0.15,0.0,-0.73304,-0.58496,-0.50477,-0.4000000000000001,0.0,0.0,0.0,0.0,0.0,0.17,0.0,0.0,0.52333,0.0,0.0,-0.15,0.0,-0.73304,-0.58496,-0.50477,-0.4000000000000001,0.0,0.0,0.0,0.0,0.0,0.17,0.0,0.0,0.52333,0.0,0.0,-0.16150728225314545,-0.002998917474604635,-0.7384193953194864,-0.5869676302847899,-0.5048407412019463,-0.4027157846192941,-9.334057268931948e-05,-1.065069783442199e-05,3.1260136571122673e-07,-0.00013698209124572363,-8.994504816204252e-06,0.17186437263830792,-9.014838000157807e-05,-6.860199981262586e-06,0.5272025474129598,8.846581085508858e-06,2.599649289097872e-06
8,True,0.09000000000000007,6.237436354617826,False,False,0.0,False,,-0.15,0.0,-0.73304,-0.58496,-0.50477,-0.4000000000000001,0.0,0.0,0.0,0.0,0.0,0.17,0.0,0.0,0.52333,0.0,0.0,-0.15,0.0,-0.73304,-0.58496,-0.50477,-0.4000000000000001,0.0,0.0,0.0,0.0,0.0,0.17,0.0,0.0,0.52333,0.0,0.0,-0.16283794778891073,-0.0031717596233332922,-0.7387366441623784,-0.587087304773001,-0.5048500625415431,-0.40286726511284765,-9.44452725658098e-05,-1.1178403260887909e-05,3.5403382689623064e-07,-0.00013607189274085995,-9.176550533624781e-06,0.17196995321867986,-8.889607130824499e-05,-6.826414948870627e-06,0.5274177229326511,1.2051000471903031e-05,3.6310067046964756e-06
9,True,0.10000000000000007,6.237836624842963,False,False,0.0,False,,-0.15,0.0,-0.73304,-0.58496,-0.50477,-0.4000000000000001,0.0,0.0,0.0,0.0,0.0,0.17,0.0,0.0,0.52333,0.0,0.0,-0.15,0.0,-0.73304,-0.58496,-0.50477,-0.4000000000000001,0.0,0.0,0.0,0.0,0.0,0.17,0.0,0.0,0.52333,0.0,0.0,-0.16396348677148836,-0.0033030803713610755,-0.7389805106934014,-0.5871786747994371,-0.5048592183701174,-0.4029827034918445,-9.524174422497932e-05,-1.1618744129381472e-05,3.947787874363825e-07,-0.00013478816334000276,-9.270031200263458e-06,0.17205035877825992,-8.731285907722104e-05,-6.711772373114238e-06,0.5275818568807028,1.5400216576853312e-05,4.709443637470499e-06
10,True,0.11000000000000008,6.2381378508984415,False,False,0.0,False,,-0.15,0.0,-0.73304,-0.58496,-0.50477,-0.4000000000000001,0.0,0.0,0.0,0.0,0.0,0.17,0.0,0.0,0.52333,0.0,0.0,-0.15,0.0,-0.73304,-0.58496,-0.50477,-0.4000000000000001,0.0,0.0,0.0,0.0,0.0,0.17,0.0,0.0,0.52333,0.0,0.0,-0.16488328183133377,-0.003401207109569426,-0.7391652423240936,-0.5872472110539646,-0.5048682047042465,-0.4030697435436896,-9.585584732689988e-05,-1.2005871513469232e-05,4.3484346783682347e-07,-0.00013331015000771874,-9.31425994462329e-06,0.1721108800885755,-8.555372638615697e-05,-6.552959569861669e-06,0.5277057473850448,1.8817420243678848e-05,5.808600128390913e-06
11,True,0.12000000000000009,6.23836206635853,False,False,0.0,False,,-0.15,0.0,-0.73304,-0.58496,-0.50477,-0.4000000000000001,0.0,0.0,0.0,0.0,0.0,0.17,0.0,0.0,0.52333,0.0,0.0,-0.15,0.0,-0.73304,-0.58496,-0.50477,-0.4000000000000001,0.0,0.0,0.0,0.0,0.0,0.17,0.0,0.0,0.52333,0.0,0.0,-0.16560705798502837,-0.0034732273784821117,-0.7393029827472946,-0.5872976322584534,-0.5048770191784214,-0.4031347190975305,-9.638176706214069e-05,-1.236677139613731e-05,4.742376813596949e-07,-0.00013176738348842472,-9.340064732932651e-06,0.17215593479522817,-8.373487467179506e-05,-6.37880369887878e-06,0.5277983276526189,2.224109954162852e-05,6.9075250868309225e-06
12,True,0.1300000000000001,6.238527099024643,False,False,0.0,False,,-0.15,0.0,-0.73304,-0.58496,-0.50477,-0.4000000000000001,0.0,0.0,0.0,0.0,0.0,0.17,0.0,0.0,0.52333,0.0,0.0,-0.15,0.0,-0.73304,-0.58496,-0.50477,-0.4000000000000001,0.0,0.0,0.0,0.0,0.0,0.17,0.0,0.0,0.52333,0.0,0.0,-0.16615162259719363,-0.003524997528742925,-0.7394038130931556,-0.5873338845694435,-0.5048856609164278,-0.4031827323414759,-9.688932963722801e-05,-1.2721885777096755e-05,5.129720281875868e-07,-0.00013025357075985788,-9.37055629630868e-06,0.17218910005045276,-8.194228334303015e-05,-6.210986063047233e-06,0.5278667930170563,2.5623739427407994e-05,7.990194514001607e-06
13,True,0.1400000000000001,6.238647087431286,False,False,0.0,False,,-0.15,0.0,-0.73304,-0.58496,-0.50477,-0.4000000000000001,0.0,0.0,0.0,0.0,0.0,0.17,0.0,0.0,0.52333,0.0,0.0,-0.15,0.0,-0.73304,-0.58496,-0.50477,-0.4000000000000001,0.0,0.0,0.0,0.0,0.0,0.17,0.0,0.0,0.52333,0.0,0.0,-0.16653812566138243,-0.003561263567676805,-0.7394759660691759,-0.5873592028546007,-0.5048941303811803,-0.40321781852079447,-9.742852494793845e-05,-1.3085896293941858e-05,5.510572603890134e-07,-0.00012883436916443424,-9.422084319197275e-06,0.1722132143279627,-8.023716639225369e-05,-6.064919636751949e-06,0.5279168404057643,2.893029486292113e-05,9.044947304101495e-06
14,True,0.1500000000000001,6.238733091217459,False,False,0.0,False,,-0.15,0.0,-0.73304,-0.58496,-0.50477,-0.4000000000000001,0.0,0.0,0.0,0.0,0.0,0.17,0.0,0.0,0.52333,0.0,0.0,-0.15,0.0,-0.73304,-0.58496,-0.50477,-0.4000000000000001,0.0,0.0,0.0,0.0,0.0,0.17,0.0,0.0,0.52333,0.0,0.0,-0.1667898404793078,-0.0035858154807732884,-0.739526090628126,-0.5873763049665375,-0.5049024292093292,-0.4032431299082119,-9.803297671321938e-05,-1.3468577771519954e-05,5.885040725567949e-07,-0.0001275528106297096,-9.505270826139943e-06,0.17223049887281033,-7.866026272158304e-05,-5.950695514602525e-06,0.5279529293597134,3.2136523788634534e-05,1.0063875829197952e-05
15,True,0.16000000000000011,6.238795208749046,False,False,0.0,False,,-0.15,0.0,-0.73304,-0.58496,-0.50477,-0.4000000000000001,0.0,0.0,0.0,0.0,0.0,0.17,0.0,0.0,0.52333,0.0,0.0,-0.15,0.0,-0.73304,-0.58496,-0.50477,-0.4000000000000001,0.0,0.0,0.0,0.0,0.0,0.17,0.0,0.0,0.52333,0.0,0.0,-0.16693041880851503,-0.0036018487849223103,-0.7395595014752515,-0.5873887580683929,-0.5049105604295309,-0.40326110815292066,-9.872319133684753e-05,-1.3875722194158324e-05,6.253230388177715e-07,-0.0001264340492913352,-9.62611537011773e-06,0.17224298264424676,-7.723590377293048e-05,-5.874096905049616e-06,0.5279785238388065,3.522711512740231e-05,1.1042157571527968e-05
16,True,0.17000000000000012,6.238845879882613,False,False,0.0,False,,-0.15,0.0,-0.73304,-0.58496,-0.50477,-0.4000000000000001,0.0,0.0,0.0,0.0,0.0,0.17,0.0,0.0,0.52333,0.0,0.0,-0.15,0.0,-0.73304,-0.58496,-0.50477,-0.4000000000000001,0.0,0.0,0.0,0.0,0.0,0.17,0.0,0.0,0.52333,0.0,0.0,-0.1669877947502529,-0.003613443462807938,-0.7395802952012643,-0.5873992348742453,-0.5049185259677831,-0.40327398929799996,-9.953037127474344e-05,-1.4316615452390977e-05,6.615247582160848e-07,-0.00012551845782280942,-9.794895707352149e-06,0.1722531658671763,-7.600212059132376e-05,-5.84479601983632e-06,0.5279962003179504,3.8180213818288e-05,1.1972555581615573e-05
17,True,0.18000000000000013,6.238891615279308,False,False,0.0,False,,-0.15,0.0,-0.73304,-0.58496,-0.50477,-0.4000000000000001,0.0,0.0,0.0,0.0,0.0,0.17,0.0,0.0,0.52333,0.0,0.0,-0.15,0.0,-0.73304,-0.58496,-0.50477,-0.4000000000000001,0.0,0.0,0.0,0.0,0.0,0.17,0.0,0.0,0.52333,0.0,0.0,-0.16700643084029673,-0.0036231584367972277,-0.7395936171884495,-0.5874087870895471,-0.5049263236669062,-0.4032844553595105,-0.0001005199102623393,-1.4811412459850338e-05,6.971200028187674e-07,-0.000124894238155649,-1.0034940253476172e-05,0.17226235719257024,-7.504033480904771e-05,-5.884425813830963e-06,0.5280087695356878,4.09521634831189e-05,1.2840008556794829e-05
18,True,0.19000000000000014,6.23893496890426,False,False,0.0,False,,-0.15,0.0,-0.73304,-0.58496,-0.50477,-0.4000000000000001,0.0,0.0,0.0,0.0,0.0,0.17,0.0,0.0,0.52333,0.0,0.0,-0.15,0.0,-0.73304,-0.58496,-0.50477,-0.4000000000000001,0.0,0.0,0.0,0.0,0.0,0.17,0.0,0.0,0.52333,0.0,0.0,-0.16701091158746564,-0.003632022448241445,-0.7396038480917291,-0.5874178513150505,-0.5049339599846228,-0.40329388183173964,-0.00010164506814882256,-1.534519641976057e-05,7.321185599209855e-07,-0.00012449492688722518,-1.0328089063676998e-05,0.1722710699843073,-7.429037893076937e-05,-5.976322703972976e-06,0.528019140358149,4.357342760509351e-05,1.3655545060780738e-05
19,True,0.20000000000000015,6.238976957301996,False,False,0.0,False,,-0.15,0.0,-0.73304,-0.58496,-0.50477,-0.4000000000000001,0.0,0.0,0.0,0.0,0.0,0.17,0.0,0.0,0.52333,0.0,0.0,-0.15,0.0,-0.73304,-0.58496,-0.50477,-0.4000000000000001,0.0,0.0,0.0,0.0,0.0,0.17,0.0,0.0,0.52333,0.0,0.0,-0.1670102302278583,-0.0036404554639706955,-0.7396127701855478,-0.5874266158380118,-0.5049414428371687,-0.40330280927582196,-0.00010283800310824604,-1.589659525474206e-05,7.665299259085212e-07,-0.00012422544247615684,-1.0648692634980394e-05,0.17227950857446978,-7.366565131553171e-05,-6.096861665093131e-06,0.5280285564168948,4.6088893599135934e-05,1.4435154029361666e-05
20,True,0.21000000000000016,6.239017988757386,False,False,0.0,False,,-0.15,0.0,-0.73304,-0.58496,-0.50477,-0.4000000000000001,0.0,0.0,0.0,0.0,0.0,0.17,0.0,0.0,0.52333,0.0,0.0,-0.15,0.0,-0.73304,-0.58496,-0.50477,-0.4000000000000001,0.0,0.0,0.0,0.0,0.0,0.17,0.0,0.0,0.52333,0.0,0.0,-0.16700767592227758,-0.003648629063487436,-0.739621089470698,-0.5874351617982214,-0.5049487783394497,-0.4033114509341625,-0.00010405414862171478,-1.645162690240342e-05,8.003636258618713e-07,-0.00012402325637010986,-1.0979970311191774e-05,0.17228775502692667,-7.310909960541932e-05,-6.2305525262832e-06,0.5280375053043895,4.852855859249365e-05,1.518948556376514e-05
21,True,0.22000000000000017,6.239058231288497,False,False,0.0,False,,-0.15,0.0,-0.73304,-0.58496,-0.50477,-0.4000000000000001,0.0,0.0,0.0,0.0,0.0,0.17,0.0,0.0,0.52333,0.0,0.0,-0.15,0.0,-0.73304,-0.58496,-0.50477,-0.4000000000000001,0.0,0.0,0.0,0.0,0.0,0.17,0.0,0.0,0.52333,0.0,0.0,-0.16700440782246512,-0.0036566140246664085,-0.7396290862818005,-0.5874435248634817,-0.504955971040913,-0.4033198918311718,-0.00010526945392207024,-1.700278695788618e-05,8.336291819658464e-07,-0.00012385438421059637,-1.1312873506860456e-05,0.17229584310756396,-7.258964704667829e-05,-6.36901091103392e-06,0.5280461791380153,5.090914924851623e-05,1.5924462502235798e-05
22,True,0.23000000000000018,6.2390977579403915,False,False,0.0,False,,-0.15,0.0,-0.73304,-0.58496,-0.50477,-0.4000000000000001,0.0,0.0,0.0,0.0,0.0,0.17,0.0,0.0,0.52333,0.0,0.0,-0.15,0.0,-0.73304,-0.58496,-0.50477,-0.4000000000000001,0.0,0.0,0.0,0.0,0.0,0.17,0.0,0.0,0.52333,0.0,0.0,-0.16700081621712326,-0.0036644402685883423,-0.739636872609227,-0.587451721508013,-0.5049630245242379,-0.40332816674580607,-0.00010647235318156541,-1.7546506184508006e-05,8.663360500054656e-07,-0.0001237021800041817,-1.1643042064655904e-05,0.17230378749069583,-7.209200793307092e-05,-6.5081642033418105e-06,0.5280546545328699,5.3239279550460766e-05,1.664312327797809e-05
23,True,0.24000000000000019,6.239136604036794,False,False,0.0,False,,-0.15,0.0,-0.73304,-0.58496,-0.50477,-0.4000000000000001,0.0,0.0,0.0,0.0,0.0,0.17,0.0,0.0,0.52333,0.0,0.0,-0.15,0.0,-0.73304,-0.58496,-0.50477,-0.4000000000000001,0.0,0.0,0.0,0.0,0.0,0.17,0.0,0.0,0.52333,0.0,0.0,-0.16699716016402005,-0.0036721210727904993,-0.7396444936785403,-0.5874597600411406,-0.5049699418166927,-0.40333629071708627,-0.00010765814381132296,-1.80813761619517e-05,8.984935777674207e-07,-0.00012355951999840013,-1.1968687725763698e-05,0.1723115952678629,-7.160957398655283e-05,-6.646306485811957e-06,0.5280629628803879,5.5523084584657987e-05,1.7346915610597557e-05
24,True,0.25000000000000017,6.239174790249758,False,False,0.0,False,,-0.15,0.0,-0.73304,-0.58496,-0.50477,-0.4000000000000001,0.0,0.0,0.0,0.0,0.0,0.17,0.0,0.0,0.52333,0.0,0.0,-0.15,0.0,-0.73304,-0.58496,-0.50477,-0.4000000000000001,0.0,0.0,0.0,0.0,0.0,0.17,0.0,0.0,0.52333,0.0,0.0,-0.1669935698223226,-0.0036796632523439397,-0.7396519688559906,-0.5874676456109647,-0.5049767257110493,-0.40334427112816296,-0.00010882474016039252,-1.8606811566300665e-05,9.301109748725172e-07,-0.00012342291431772812,-1.2289002384200166e-05,0.172319270585484,-7.113904801219907e-05,-6.782634206183767e-06,0.5280711180348382,5.776298129389781e-05,1.8036676919708127e-05
25,True,0.2600000000000002,6.239212331469561,False,False,0.0,False,,-0.15,0.0,-0.73304,-0.58496,-0.50477,-0.4000000000000001,0.0,0.0,0.0,0.0,0.0,0.17,0.0,0.0,0.52333,0.0,0.0,-0.15,0.0,-0.73304,-0.58496,-0.50477,-0.4000000000000001,0.0,0.0,0.0,0.0,0.0,0.17,0.0,0.0,0.52333,0.0,0.0,-0.1669900252027063,-0.0036870710788036026,-0.7396593074416968,-0.5874753821042105,-0.5049833788793104,-0.40335211237110735,-0.00010997109611457372,-1.9122553323831718e-05,9.61197303530685e-07,-0.0001232903220184097,-1.2603567489131846e-05,0.1723268164279616,-7.067845366414057e-05,-6.916703023950234e-06,0.5280791270228616,5.996069320381012e-05,1.8712998288250916e-05
26,True,0.2700000000000002,6.23924924000857,False,False,0.0,False,,-0.15,0.0,-0.73304,-0.58496,-0.50477,-0.4000000000000001,0.0,0.0,0.0,0.0,0.0,0.17,0.0,0.0,0.52333,0.0,0.0,-0.15,0.0,-0.73304,-0.58496,-0.50477,-0.4000000000000001,0.0,0.0,0.0,0.0,0.0,0.17,0.0,0.0,0.52333,0.0,0.0,-0.16698651133755768,-0.003694347622305763,-0.7396665144386801,-0.5874829727068696,-0.5049899038763594,-0.40335981758757017,-0.0001110970597388808,-1.9628622466051026e-05,9.91761480300807e-07,-0.00012316094950297216,-1.291229909802299e-05,0.1723342352617625,-7.022695394651126e-05,-7.048377680540168e-06,0.528086994088251,6.211734159177302e-05,1.9376257323563237e-05
27,True,0.2800000000000002,6.239285527071538,False,False,0.0,False,,-0.15,0.0,-0.73304,-0.58496,-0.50477,-0.4000000000000001,0.0,0.0,0.0,0.0,0.0,0.17,0.0,0.0,0.52333,0.0,0.0,-0.15,0.0,-0.73304,-0.58496,-0.50477,-0.4000000000000001,0.0,0.0,0.0,0.0,0.0,0.17,0.0,0.0,0.52333,0.0,0.0,-0.16698302265314793,-0.0037014954623229464,-0.739673593158407,-0.5874904203024178,-0.5049963031827955,-0.40336738941002875,-0.00011220282616602052,-2.012514781385429e-05,1.0218122745153054e-06,-0.00012303449285013646,-1.3215243063518409e-05,0.17234152933101404,-6.978416046960427e-05,-7.177643507605839e-06,0.5280947223691803,6.42338021838978e-05,2.002674478702449e-05
28,True,0.2900000000000002,6.239321203334652,False,False,0.0,False,,-0.15,0.0,-0.73304,-0.58496,-0.50477,-0.4000000000000001,0.0,0.0,0.0,0.0,0.0,0.17,0.0,0.0,0.52333,0.0,0.0,-0.15,0.0,-0.73304,-0.58496,-0.50477,-0.4000000000000001,0.0,0.0,0.0,0.0,0.0,0.17,0.0,0.0,0.52333,0.0,0.0,-0.1669795570193684,-0.003708516970556409,-0.7396805462455066,-0.5874977276329998,-0.505002579223391,-0.4033748302517708,-0.00011328870437321475,-2.061229259369181e-05,1.0513583090542208e-06,-0.00012291081532372948,-1.3512487934350288e-05,0.17234870077389416,-6.934983932635743e-05,-7.304526232724354e-06,0.5281023145529654,6.631085771999996e-05,2.0664718706691827e-05
29,True,0.3000000000000002,6.2393562791657455,False,False,0.0,False,,-0.15,0.0,-0.73304,-0.58496,-0.50477,-0.4000000000000001,0.0,0.0,0.0,0.0,0.0,0.17,0.0,0.0,0.52333,0.0,0.0,-0.15,0.0,-0.73304,-0.58496,-0.50477,-0.4000000000000001,0.0,0.0,0.0,0.0,0.0,0.17,0.0,0.0,0.52333,0.0,0.0,-0.16697611356878594,-0.003715414416471346,-0.7396873760668544,-0.5875048973579532,-0.5050087343737115,-0.4033821424180171,-0.0001143550372995542,-2.1090229339882517e-05,1.0804080622357457e-06,-0.000122789837056408,-1.380413520682252e-05,0.17235575166689227,-6.892381044964287e-05,-7.4290645721765305e-06,0.5281097731277541,6.83492505105757e-05,2.1290423003803725e-05
30,True,0.3100000000000002,6.239390764709195,False,False,0.0,False,,-0.15,0.0,-0.73304,-0.58496,-0.50477,-0.4000000000000001,0.0,0.0,0.0,0.0,0.0,0.17,0.0,0.0,0.52333,0.0,0.0,-0.15,0.0,-0.73304,-0.58496,-0.50477,-0.4000000000000001,0.0,0.0,0.0,0.0,0.0,0.17,0.0,0.0,0.52333,0.0,0.0,-0.166972691897283,-0.003722190006964042,-0.739694084859673,-0.5875119320753964,-0.5050147709628219,-0.4033893281487815,-0.00011540217479647275,-2.15591314225994e-05,1.1089698700562115e-06,-0.00012267149767757128,-1.4090289284181378e-05,0.1723626840418745,-6.850591349115649e-05,-7.551300965768132e-06,0.5281171004795943,7.034970048432045e-05,2.1904093882205814e-05
31,True,0.32000000000000023,6.239424669919838,False,False,0.0,False,,-0.15,0.0,-0.73304,-0.58496,-0.50477,-0.4000000000000001,0.0,0.0,0.0,0.0,0.0,0.17,0.0,0.0,0.52333,0.0,0.0,-0.15,0.0,-0.73304,-0.58496,-0.50477,-0.4000000000000001,0.0,0.0,0.0,0.0,0.0,0.17,0.0,0.0,0.52333,0.0,0.0,-0.16696929177108225,-0.0037288459015480105,-0.7397006747882063,-0.5875188343305451,-0.5050206912747187,-0.4033963896356616,-0.00011643046462838109,-2.201917025078845e-05,1.1370519285195372e-06,-0.00012255574380022654,-1.4371054147735839e-05,0.17236949989288525,-6.80959963725624e-05,-7.67127849123588e-06,0.5281242989301584,7.231291142257312e-05,2.2505962032314165e-05
32,True,0.33000000000000024,6.239458004577464,False,False,0.0,False,,-0.15,0.0,-0.73304,-0.58496,-0.50477,-0.4000000000000001,0.0,0.0,0.0,0.0,0.0,0.17,0.0,0.0,0.52333,0.0,0.0,-0.15,0.0,-0.73304,-0.58496,-0.50477,-0.4000000000000001,0.0,0.0,0.0,0.0,0.0,0.17,0.0,0.0,0.52333,0.0,0.0,-0.16696591301936858,-0.003735384218431309,-0.7397071479656768,-0.5875256066192623,-0.5050264975493532,-0.4034033290286632,-0.00011744024957591709,-2.247051439127234e-05,1.1646622959693383e-06,-0.00012244252488898927,-1.4646532288358003e-05,0.17237620117906888,-6.769391148166673e-05,-7.78903986040836e-06,0.5281313707516775,7.423957318820588e-05,2.3096253417372096e-05
33,True,0.34000000000000025,6.239490778294213,False,False,0.0,False,,-0.15,0.0,-0.73304,-0.58496,-0.50477,-0.4000000000000001,0.0,0.0,0.0,0.0,0.0,0.17,0.0,0.0,0.52333,0.0,0.0,-0.15,0.0,-0.73304,-0.58496,-0.50477,-0.4000000000000001,0.0,0.0,0.0,0.0,0.0,0.17,0.0,0.0,0.52333,0.0,0.0,-0.16696255549493355,-0.003741807037197987,-0.7397135064630476,-0.5875322513898987,-0.5050321919835201,-0.4034101484392098,-0.00011843186657509158,-2.2913329325826777e-05,1.1918088953952145e-06,-0.0001223317919159097,-1.4916824388405999e-05,0.1723827898261203,-6.729951441228909e-05,-7.904627106878713e-06,0.5281383181731135,7.613036261116746e-05,2.3675189584888376e-05
34,True,0.35000000000000026,6.239523000518928,False,False,0.0,False,,-0.15,0.0,-0.73304,-0.58496,-0.50477,-0.4000000000000001,0.0,0.0,0.0,0.0,0.0,0.17,0.0,0.0,0.52333,0.0,0.0,-0.15,0.0,-0.73304,-0.58496,-0.50477,-0.4000000000000001,0.0,0.0,0.0,0.0,0.0,0.17,0.0,0.0,0.52333,0.0,0.0,-0.1669592190597493,-0.003748116400218149,-0.7397197523127612,-0.5875387710445076,-0.5050377767316961,-0.4034168499416855,-0.00011940564652353948,-2.33477774165366e-05,1.2184995167046154e-06,-0.00012222349692768457,-1.5182029248005628e-05,0.172389267727174,-6.691266353625242e-05,-8.018081499158752e-06,0.5281451433829599,7.798594392866721e-05,2.4242987820926442e-05
35,True,0.36000000000000026,6.239554680540604,False,False,0.0,False,,-0.15,0.0,-0.73304,-0.58496,-0.50477,-0.4000000000000001,0.0,0.0,0.0,0.0,0.0,0.17,0.0,0.0,0.52333,0.0,0.0,-0.15,0.0,-0.73304,-0.58496,-0.50477,-0.4000000000000001,0.0,0.0,0.0,0.0,0.0,0.17,0.0,0.0,0.52333,0.0,0.0,-0.16695590357967857,-0.0037543143135772244,-0.739725887510561,-0.5875451679398314,-0.5050432539068568,-0.4034234355744105,-0.00012036191429965485,-2.3774017937082073e-05,1.2447418189577632e-06,-0.00012211759290406282,-1.5442243788667333e-05,0.17239563674347497,-6.653321984170389e-05,-8.129443525464016e-06,0.5281518485307369,7.980696907882233e-05,2.4799861252791277e-05
36,True,0.3700000000000003,6.239585827491344,False,False,0.0,False,,-0.15,0.0,-0.73304,-0.58496,-0.50477,-0.4000000000000001,0.0,0.0,0.0,0.0,0.0,0.17,0.0,0.0,0.52333,0.0,0.0,-0.15,0.0,-0.73304,-0.58496,-0.50477,-0.4000000000000001,0.0,0.0,0.0,0.0,0.0,0.17,0.0,0.0,0.52333,0.0,0.0,-0.16695260892253308,-0.0037604027478189144,-0.7397319140165739,-0.5875514443881954,-0.5050486255812743,-0.40342990734039313,-0.00012130098884664479,-2.4192207123695353e-05,1.2705433325653714e-06,-0.00012201403370642127,-1.569756308021767e-05,0.17240189870496125,-6.616104685433436e-05,-8.238752900350072e-06,0.5281584357279787,8.159407794549898e-05,2.5346018934561466e-05
37,True,0.3800000000000003,6.2396164503490015,False,False,0.0,False,,-0.15,0.0,-0.73304,-0.58496,-0.50477,-0.4000000000000001,0.0,0.0,0.0,0.0,0.0,0.17,0.0,0.0,0.52333,0.0,0.0,-0.15,0.0,-0.73304,-0.58496,-0.50477,-0.4000000000000001,0.0,0.0,0.0,0.0,0.0,0.17,0.0,0.0,0.52333,0.0,0.0,-0.16694933495735878,-0.003766383638611639,-0.7397378337561074,-0.587557602658358,-0.5050538937873013,-0.4034362672079895,-0.00012222318327450107,-2.4602498231146782e-05,1.2959114614495648e-06,-0.00012191277405305837,-1.5948080374054394e-05,0.17240805541080795,-6.579601058357501e-05,-8.346048577532035e-06,0.528164907049017,8.334789858559706e-05,2.5881665926449324e-05
38,True,0.3900000000000003,6.239646557940001,False,False,0.0,False,,-0.15,0.0,-0.73304,-0.58496,-0.50477,-0.4000000000000001,0.0,0.0,0.0,0.0,0.0,0.17,0.0,0.0,0.52333,0.0,0.0,-0.15,0.0,-0.73304,-0.58496,-0.50477,-0.4000000000000001,0.0,0.0,0.0,0.0,0.0,0.17,0.0,0.0,0.52333,0.0,0.0,-0.16694608155417076,-0.0037722588873795562,-0.7397436486203286,-0.5875636449763364,-0.5050590605181391,-0.40344251711152096,-0.0001231288049654946,-2.5005041589306013e-05,1.3208534851685238e-06,-0.00012181376950192773,-1.6193887137596818e-05,0.1724141086299508,-6.543797947615855e-05,-8.45136876415087e-06,0.5281712645316796,8.506904744847796e-05,2.6407003371384203e-05
39,True,0.4000000000000003,6.23967615894168,False,False,0.0,False,,-0.15,0.0,-0.73304,-0.58496,-0.50477,-0.4000000000000001,0.0,0.0,0.0,0.0,0.0,0.17,0.0,0.0,0.52333,0.0,0.0,-0.15,0.0,-0.73304,-0.58496,-0.50477,-0.4000000000000001,0.0,0.0,0.0,0.0,0.0,0.17,0.0,0.0,0.52333,0.0,0.0,-0.1669428485838528,-0.0037780303619135863,-0.7397493604668941,-0.5875695735262134,-0.5050641277285922,-0.40344865895186993,-0.0001240181556790345,-2.5399984659008418e-05,1.3453765610054583e-06,-0.000121716976435291,-1.643507308848504e-05,0.17242006010159697,-6.508682437199068e-05,-8.554750935144518e-06,0.5281775101779506,8.675812959043537e-05,2.6922228569828162e-05
40,True,0.4100000000000003,6.239705261885109,False,False,0.0,False,,-0.15,0.0,-0.73304,-0.58496,-0.50477,-0.4000000000000001,0.0,0.0,0.0,0.0,0.0,0.17,0.0,0.0,0.52333,0.0,0.0,-0.15,0.0,-0.73304,-0.58496,-0.50477,-0.4000000000000001,0.0,0.0,0.0,0.0,0.0,0.17,0.0,0.0,0.52333,0.0,0.0,-0.16693963591811753,-0.0037836998969683288,-0.7397549711205516,-0.587575390450928,-0.5050690973358074,-0.40345469459706035,-0.00012489153165481714,-2.578747208691089e-05,1.369487726022447e-06,-0.0001216223520448661,-1.667172622817138e-05,0.1724259115357255,-6.474241846101975e-05,-8.656231847387539e-06,0.5281836459546061,8.841573888504366e-05,2.742753505311244e-05
41,True,0.4200000000000003,6.239733875157332,False,False,0.0,False,,-0.15,0.0,-0.73304,-0.58496,-0.50477,-0.4000000000000001,0.0,0.0,0.0,0.0,0.0,0.17,0.0,0.0,0.52333,0.0,0.0,-0.15,0.0,-0.73304,-0.58496,-0.50477,-0.4000000000000001,0.0,0.0,0.0,0.0,0.0,0.17,0.0,0.0,0.52333,0.0,0.0,-0.1669364434294885,-0.0037892692948471884,-0.739760482373727,-0.5875810978530505,-0.5050739712199993,-0.403460625882827,-0.00012574922371405922,-2.616764575928742e-05,1.3931938990798204e-06,-0.0001215298543171806,-1.6903932874845708e-05,0.17243166461357898,-6.44046372408276e-05,-8.755847553538694e-06,0.5281896737938364,9.004245822962947e-05,2.7923112655379037e-05
42,True,0.4300000000000003,6.239762007003891,False,False,0.0,False,,-0.15,0.0,-0.73304,-0.58496,-0.50477,-0.4000000000000001,0.0,0.0,0.0,0.0,0.0,0.17,0.0,0.0,0.52333,0.0,0.0,-0.15,0.0,-0.73304,-0.58496,-0.50477,-0.4000000000000001,0.0,0.0,0.0,0.0,0.0,0.17,0.0,0.0,0.52333,0.0,0.0,-0.16693327099129063,-0.003794740325976684,-0.739765895987098,-0.5875866977955427,-0.5050787512251619,-0.4034664546131738,-0.00012659151735882576,-2.6540644854779394e-05,1.416501882821566e-06,-0.00012143944201911188,-1.7131777695706074e-05,0.17243732098814651,-6.407335847491483e-05,-8.853633415600507e-06,0.5281955955938551,9.163885974795902e-05,2.840914758416006e-05
43,True,0.44000000000000034,6.2397896655312595,False,False,0.0,False,,-0.15,0.0,-0.73304,-0.58496,-0.50477,-0.4000000000000001,0.0,0.0,0.0,0.0,0.0,0.17,0.0,0.0,0.52333,0.0,0.0,-0.15,0.0,-0.73304,-0.58496,-0.50477,-0.4000000000000001,0.0,0.0,0.0,0.0,0.0,0.17,0.0,0.0,0.52333,0.0,0.0,-0.1669301184776434,-0.0038001147294704288,-0.7397712136901564,-0.5875921923025051,-0.5050834391597661,-0.40347218256092243,-0.0001274186928695044,-2.690660589612658e-05,1.4394183656274496e-06,-0.00012135107468363925,-1.7355343738596203e-05,0.17244288228463847,-6.374846215169394e-05,-8.949624118204563e-06,0.5282014132194965,9.32055049892033e-05,2.888582248961723e-05
44,True,0.45000000000000034,6.239816858709123,False,False,0.0,False,,-0.15,0.0,-0.73304,-0.58496,-0.50477,-0.4000000000000001,0.0,0.0,0.0,0.0,0.0,0.17,0.0,0.0,0.52333,0.0,0.0,-0.15,0.0,-0.73304,-0.58496,-0.50477,-0.4000000000000001,0.0,0.0,0.0,0.0,0.0,0.17,0.0,0.0,0.52333,0.0,0.0,-0.16692698576345547,-0.0038053942136830675,-0.7397764371817617,-0.587597583359908,-0.5050880367974441,-0.40347781146825135,-0.00012823102540047429,-2.7265662800903555e-05,1.4619499235323057e-06,-0.0001212647125958289,-1.7574712463028977e-05,0.17244835010095358,-6.342983044419947e-05,-9.04385368163418e-06,0.5282071285028035,9.474294512324073e-05,2.9353316532463765e-05
45,True,0.46000000000000035,6.239843594372787,False,False,0.0,False,,-0.15,0.0,-0.73304,-0.58496,-0.50477,-0.4000000000000001,0.0,0.0,0.0,0.0,0.0,0.17,0.0,0.0,0.52333,0.0,0.0,-0.15,0.0,-0.73304,-0.58496,-0.50477,-0.4000000000000001,0.0,0.0,0.0,0.0,0.0,0.17,0.0,0.0,0.52333,0.0,0.0,-0.1669238727244193,-0.0038105804567543913,-0.7397815681306827,-0.5876028729163101,-0.5050925458776606,-0.40348334304722555,-0.00012902878507401263,-2.7617946931283545e-05,1.484103022113137e-06,-0.00012118031677906103,-1.778996377061167e-05,0.17245372600813758,-6.311734767051472e-05,-9.136355474593197e-06,0.528212743243603,9.625172113235927e-05,2.9811805450591528e-05
46,True,0.47000000000000036,6.239869880225341,False,False,0.0,False,,-0.15,0.0,-0.73304,-0.58496,-0.50477,-0.4000000000000001,0.0,0.0,0.0,0.0,0.0,0.17,0.0,0.0,0.52333,0.0,0.0,-0.15,0.0,-0.73304,-0.58496,-0.50477,-0.4000000000000001,0.0,0.0,0.0,0.0,0.0,0.17,0.0,0.0,0.52333,0.0,0.0,-0.16692077923700643,-0.003815675107143815,-0.7397866081761313,-0.5876080628835633,-0.5050969681063711,-0.40348877898031704,-0.00012981223707247622,-2.7963587142850066e-05,1.5058840183444242e-06,-0.000121097848981502,-1.8001176034886388e-05,0.17245901155083468,-6.281090025490889e-05,-9.227162226727567e-06,0.5282182592100737,9.773236399942119e-05,3.0261461624427147e-05
47,True,0.48000000000000037,6.239895723840015,False,False,0.0,False,,-0.15,0.0,-0.73304,-0.58496,-0.50477,-0.4000000000000001,0.0,0.0,0.0,0.0,0.0,0.17,0.0,0.0,0.52333,0.0,0.0,-0.15,0.0,-0.73304,-0.58496,-0.50477,-0.4000000000000001,0.0,0.0,0.0,0.0,0.0,0.17,0.0,0.0,0.52333,0.0,0.0,-0.16691770517846244,-0.0038206797841553995,-0.7397915589282854,-0.5876131551375042,-0.505101305156667,-0.4034941209209163,-0.00013058164172879104,-2.8302709832475186e-05,1.5272991624223695e-06,-0.00012101727166282059,-1.8208426130597977e-05,0.1724642082477312,-6.251037668967473e-05,-9.316306040905446e-06,0.5282236781393019,9.918539489255477e-05,3.070245414104073e-05
48,True,0.4900000000000004,6.239921132662271,False,False,0.0,False,,-0.15,0.0,-0.73304,-0.58496,-0.50477,-0.4000000000000001,0.0,0.0,0.0,0.0,0.0,0.17,0.0,0.0,0.52333,0.0,0.0,-0.15,0.0,-0.73304,-0.58496,-0.50477,-0.4000000000000001,0.0,0.0,0.0,0.0,0.0,0.17,0.0,0.0,0.52333,0.0,0.0,-0.16691465042680223,-0.003825596078453584,-0.7397964219688039,-0.5876181515186324,-0.505105558669409,-0.4034993704938349,-0.00013133725461528294,-2.8635438985282644e-05,1.5483545995584232e-06,-0.00012093854798114536,-1.8411789462400692e-05,0.1724693175919918,-6.22156674976555e-05,-9.403818405260802e-06,0.5282290017378284,0.0001006113253464359,3.1134948857030786e-05
49,True,0.5000000000000003,6.239946114012028,False,False,0.0,False,,-0.15,0.0,-0.73304,-0.58496,-0.50477,-0.4000000000000001,0.0,0.0,0.0,0.0,0.0,0.17,0.0,0.0,0.52333,0.0,0.0,-0.15,0.0,-0.73304,-0.58496,-0.50477,-0.4000000000000001,0.0,0.0,0.0,0.0,0.0,0.17,0.0,0.0,0.52333,0.0,0.0,-0.16691161486080516,-0.0038304255525697948,-0.7398011988513307,-0.5876230538327762,-0.505109730253848,-0.4035045292957996,-0.00013207932663087998,-2.8961896220713486e-05,1.5690563717427553e-06,-0.00012086164178025936,-1.861133999301466e-05,0.17247434105168824,-6.19266651954493e-05,-9.489730205005248e-06,0.5282342316821851,0.00010201065744022255,3.155910846020862e-05
50,True,0.5100000000000003,6.239970675085791,False,False,0.0,False,,-0.15,0.0,-0.73304,-0.58496,-0.50477,-0.4000000000000001,0.0,0.0,0.0,0.0,0.0,0.17,0.0,0.0,0.52333,0.0,0.0,-0.15,0.0,-0.73304,-0.58496,-0.50477,-0.4000000000000001,0.0,0.0,0.0,0.0,0.0,0.17,0.0,0.0,0.52333,0.0,0.0,-0.16690859836001037,-0.003835169741400091,-0.7398058911019916,-0.5876278638517461,-0.5051138214882338,-0.4035095988959376,-0.0001328081040867162,-2.9282200837711474e-05,1.5894104194780347e-06,-0.00012078651757702841,-1.8807150270842754e-05,0.17247928007022117,-6.164326425727902e-05,-9.57407173401268e-06,0.5282393696194236,0.00010338388397220355,3.197509253010506e-05
51,True,0.5200000000000004,6.239994822958672,False,False,0.0,False,,-0.15,0.0,-0.73304,-0.58496,-0.50477,-0.4000000000000001,0.0,0.0,0.0,0.0,0.0,0.17,0.0,0.0,0.52333,0.0,0.0,-0.15,0.0,-0.73304,-0.58496,-0.50477,-0.4000000000000001,0.0,0.0,0.0,0.0,0.0,0.17,0.0,0.0,0.52333,0.0,0.0,-0.16690560080471195,-0.003839830152694007,-0.7398105002198819,-0.5876325833139753,-0.505117833920413,-0.40351458083625374,-0.0001335238287901667,-2.9596469859044968e-05,1.6094225834841262e-06,-0.00012071314054905855,-1.8999291457058194e-05,0.1724841360667347,-6.136536107951575e-05,-9.656872706181078e-06,0.5282444171676327,0.00010473148863122267,3.2383057597322e-05
52,True,0.5300000000000004,6.240018564586529,False,False,0.0,False,,-0.15,0.0,-0.73304,-0.58496,-0.50477,-0.4000000000000001,0.0,0.0,0.0,0.0,0.0,0.17,0.0,0.0,0.52333,0.0,0.0,-0.15,0.0,-0.73304,-0.58496,-0.50477,-0.4000000000000001,0.0,0.0,0.0,0.0,0.0,0.17,0.0,0.0,0.52333,0.0,0.0,-0.1669026220759543,-0.0038444082675347492,-0.739815027677545,-0.5876372139251481,-0.5051217690684136,-0.4035194766320992,-0.00013422673812734233,-2.990481807478201e-05,1.6290986063741582e-06,-0.00012064147652257858,-1.9187833352173138e-05,0.17248891043652406,-6.109285394584414e-05,-9.7381622665758e-06,0.5282493759164484,0.00010605394616493691,3.278315720175068e-05
53,True,0.5400000000000004,6.240041906807916,False,False,0.0,False,,-0.15,0.0,-0.73304,-0.58496,-0.50477,-0.4000000000000001,0.0,0.0,0.0,0.0,0.0,0.17,0.0,0.0,0.52333,0.0,0.0,-0.15,0.0,-0.73304,-0.58496,-0.50477,-0.4000000000000001,0.0,0.0,0.0,0.0,0.0,0.17,0.0,0.0,0.52333,0.0,0.0,-0.16689966205552745,-0.0038489055408108966,-0.7398194749214424,-0.5876417573588179,-0.5051256284210198,-0.4035242877726323,-0.00013491706514407256,-3.020735808493464e-05,1.6484441343024418e-06,-0.00012057149196054387,-1.937284442209811e-05,0.17249360455143625,-6.0825642993057705e-05,-9.817969002358567e-06,0.5282542474275534,0.00010735172254496805,3.31755419496786e-05
54,True,0.5500000000000004,6.240064856346135,False,False,0.0,False,,-0.15,0.0,-0.73304,-0.58496,-0.50477,-0.4000000000000001,0.0,0.0,0.0,0.0,0.0,0.17,0.0,0.0,0.52333,0.0,0.0,-0.15,0.0,-0.73304,-0.58496,-0.50477,-0.4000000000000001,0.0,0.0,0.0,0.0,0.0,0.17,0.0,0.0,0.52333,0.0,0.0,-0.16689672062596247,-0.0038533234016797538,-0.7398238433724154,-0.5876462152570113,-0.5051294134383361,-0.403529015721271,-0.0001355950386254044,-3.050420034128837e-05,1.6674647185846565e-06,-0.00012050315395095712,-1.95543918237021e-05,0.1724982197602642,-6.056363017747332e-05,-9.896320953506254e-06,0.5282590332351697,0.00010862527512900447,3.3560359569806e-05
55,True,0.5600000000000004,6.240087419811089,False,False,0.0,False,,-0.15,0.0,-0.73304,-0.58496,-0.50477,-0.4000000000000001,0.0,0.0,0.0,0.0,0.0,0.17,0.0,0.0,0.52333,0.0,0.0,-0.15,0.0,-0.73304,-0.58496,-0.50477,-0.4000000000000001,0.0,0.0,0.0,0.0,0.0,0.17,0.0,0.0,0.52333,0.0,0.0,-0.16689379767052673,-0.003857663254022515,-0.7398281344261396,-0.5876505892308228,-0.5051331255523389,-0.4035336619161381,-0.00013626088317364403,-3.079545318843244e-05,1.6861658172908942e-06,-0.00012043643019540222,-1.9732541429882885e-05,0.17250275738913415,-6.0306719241953025e-05,-9.973245623323551e-06,0.5282637348465398,0.00010987505281990957,3.393775496819289e-05
56,True,0.5700000000000004,6.2401096037013,False,False,0.0,False,,-0.15,0.0,-0.73304,-0.58496,-0.50477,-0.4000000000000001,0.0,0.0,0.0,0.0,0.0,0.17,0.0,0.0,0.52333,0.0,0.0,-0.15,0.0,-0.73304,-0.58496,-0.50477,-0.4000000000000001,0.0,0.0,0.0,0.0,0.0,0.17,0.0,0.0,0.52333,0.0,0.0,-0.1668908930732195,-0.0038619264768913687,-0.7398323494535705,-0.5876548808609973,-0.5051367661674191,-0.40353822777049836,-0.0001369148192849683,-3.108122290400599e-05,1.7045527968118796e-06,-0.00012037128899778743,-1.9907357854156905e-05,0.17250721874188657,-6.0054815683522704e-05,-1.0048769988753443e-05,0.528268353742403,0.00011110149622189222,3.430787028215705e-05
57,True,0.5800000000000004,6.24013141440575,False,False,0.0,False,,-0.15,0.0,-0.73304,-0.58496,-0.50477,-0.4000000000000001,0.0,0.0,0.0,0.0,0.0,0.17,0.0,0.0,0.52333,0.0,0.0,-0.15,0.0,-0.73304,-0.58496,-0.50477,-0.4000000000000001,0.0,0.0,0.0,0.0,0.0,0.17,0.0,0.0,0.52333,0.0,0.0,-0.16688800671876722,-0.0038661144249486977,-0.739836489801381,-0.5876590916985014,-0.5051403366609122,-0.4035427146731879,-0.00013755706342463223,-3.136161373817537e-05,1.722630933398931e-06,-0.00012030769925329378,-2.0078904474778033e-05,0.1725116051004506,-5.980782672157652e-05,-1.0122920510489392e-05,0.5282728913774603,0.00011230503779379334,3.467084493314293e-05
58,True,0.5900000000000004,6.2401528582056836,False,False,0.0,False,,-0.15,0.0,-0.73304,-0.58496,-0.50477,-0.4000000000000001,0.0,0.0,0.0,0.0,0.0,0.17,0.0,0.0,0.52333,0.0,0.0,-0.15,0.0,-0.73304,-0.58496,-0.50477,-0.4000000000000001,0.0,0.0,0.0,0.0,0.0,0.17,0.0,0.0,0.52333,0.0,0.0,-0.166885138492619,-0.003870228428898507,-0.7398405567923915,-0.5876632232650851,-0.5051438383836213,-0.40354712398903686,-0.00013818782810079812,-3.1636727952357004e-05,1.7404054146780461e-06,-0.00012024563043752544,-2.0247243458394108e-05,0.17251591772521238,-5.956566126665666e-05,-1.0195723142893072e-05,0.5282773491808321,0.00011348610199954186,3.502681567858117e-05
59,True,0.6000000000000004,6.240173941276531,False,False,0.0,False,,-0.15,0.0,-0.73304,-0.58496,-0.50477,-0.4000000000000001,0.0,0.0,0.0,0.0,0.0,0.17,0.0,0.0,0.52333,0.0,0.0,-0.15,0.0,-0.73304,-0.58496,-0.50477,-0.4000000000000001,0.0,0.0,0.0,0.0,0.0,0.17,0.0,0.0,0.52333,0.0,0.0,-0.16688228828094226,-0.003874269795910221,-0.7398445517259928,-0.5876672770538316,-0.5051472726603267,-0.403551457059284,-0.00013880732193701151,-3.1906665857200394e-05,1.7578813411385116e-06,-0.00012018505259585789,-2.0412435783250228e-05,0.17252015785537692,-5.932822988979802e-05,-1.026720334372135e-05,0.5282817285565089,0.00011464510545583251,3.537591666275807e-05
60,True,0.6100000000000004,6.240194669689608,False,False,0.0,False,,-0.15,0.0,-0.73304,-0.58496,-0.50477,-0.4000000000000001,0.0,0.0,0.0,0.0,0.0,0.17,0.0,0.0,0.52333,0.0,0.0,-0.15,0.0,-0.73304,-0.58496,-0.50477,-0.4000000000000001,0.0,0.0,0.0,0.0,0.0,0.17,0.0,0.0,0.52333,0.0,0.0,-0.1668794559706181,-0.0038782398100349843,-0.7398484758785606,-0.5876712545296974,-0.5051506407902878,-0.40355571520198463,-0.00013941574974334927,-3.2171525849845466e-05,1.7750637275965755e-06,-0.00012012593633298052,-2.0574541261947358e-05,0.1725243267093242,-5.909544479242736e-05,-1.0337386083666208e-05,0.5282860308837921,0.00011578245707707637,3.571827946671371e-05
61,True,0.6200000000000004,6.240215049413914,False,False,0.0,False,,-0.15,0.0,-0.73304,-0.58496,-0.50477,-0.4000000000000001,0.0,0.0,0.0,0.0,0.0,0.17,0.0,0.0,0.52333,0.0,0.0,-0.15,0.0,-0.73304,-0.58496,-0.50477,-0.4000000000000001,0.0,0.0,0.0,0.0,0.0,0.17,0.0,0.0,0.52333,0.0,0.0,-0.1668766414492369,-0.003882139732614596,-0.7398523305038635,-0.5876751571300427,-0.5051539440477352,-0.40355989971241124,-0.00014001331258626325,-3.243140445046789e-05,1.791957504634483e-06,-0.00012006825280263014,-2.073361856376494e-05,0.17252842548495895,-5.8867219776807326e-05,-1.040629585571121e-05,0.5282902575177293,0.00011689855821767494,3.605403315718753e-05
62,True,0.6300000000000004,6.240235086317878,False,False,0.0,False,,-0.15,0.0,-0.73304,-0.58496,-0.50477,-0.4000000000000001,0.0,0.0,0.0,0.0,0.0,0.17,0.0,0.0,0.52333,0.0,0.0,-0.15,0.0,-0.73304,-0.58496,-0.50477,-0.4000000000000001,0.0,0.0,0.0,0.0,0.0,0.17,0.0,0.0,0.52333,0.0,0.0,-0.16687384460509389,-0.0038859708026832114,-0.739856116833463,-0.5876789862651506,-0.5051571836823521,-0.4035640118634473,-0.00014060020785714445,-3.268639633812623e-05,1.8085675200153682e-06,-0.00012001197369751179,-2.0889725236555668e-05,0.17253245536005496,-5.8643470217015045e-05,-1.0473956684308016e-05,0.5282944097895397,0.00011799380281166692,3.638330433462931e-05
63,True,0.6400000000000005,6.240254786171001,False,False,0.0,False,,-0.15,0.0,-0.73304,-0.58496,-0.50477,-0.4000000000000001,0.0,0.0,0.0,0.0,0.0,0.17,0.0,0.0,0.52333,0.0,0.0,-0.15,0.0,-0.73304,-0.58496,-0.50477,-0.4000000000000001,0.0,0.0,0.0,0.0,0.0,0.17,0.0,0.0,0.52333,0.0,0.0,-0.16687106532718476,-0.0038897342373619393,-0.739859836077107,-0.5876827433187376,-0.5051603609197474,-0.40356805290597436,-0.0001411766293396302,-3.29365943859241e-05,1.8248985400743747e-06,-0.00011995707123940366,-2.1042917728220813e-05,0.1725364174925932,-5.8424113030445967e-05,-1.0540392134376422e-05,0.5282984890070336,0.00011906857750979623,3.670621718029362e-05
64,True,0.6500000000000005,6.240274154645579,False,False,0.0,False,,-0.15,0.0,-0.73304,-0.58496,-0.50477,-0.4000000000000001,0.0,0.0,0.0,0.0,0.0,0.17,0.0,0.0,0.52333,0.0,0.0,-0.15,0.0,-0.73304,-0.58496,-0.50477,-0.4000000000000001,0.0,0.0,0.0,0.0,0.0,0.17,0.0,0.0,0.52333,0.0,0.0,-0.16686830350520135,-0.0038934312322464544,-0.7398634894231169,-0.5876864296484536,-0.5051634769619197,-0.4035720240692522,-0.0001417427672756782,-3.31820896955005e-05,1.8409552510863879e-06,-0.00011990351816944243,-2.119325140777398e-05,0.1725403130210945,-5.8209066649833274e-05,-1.060562532013134e-05,0.528302496455024,0.0001201232618140489,3.702289350243504e-05
65,True,0.6600000000000005,6.240293197318352,False,False,0.0,False,,-0.15,0.0,-0.73304,-0.58496,-0.50477,-0.4000000000000001,0.0,0.0,0.0,0.0,0.0,0.17,0.0,0.0,0.52333,0.0,0.0,-0.15,0.0,-0.73304,-0.58496,-0.50477,-0.4000000000000001,0.0,0.0,0.0,0.0,0.0,0.17,0.0,0.0,0.52333,0.0,0.0,-0.16686555902952732,-0.0038970629617877577,-0.7398670780387655,-0.5876900465863738,-0.5051665329877117,-0.4035759265612925,-0.00014229880843042938,-3.3422971630861136e-05,1.8567422606108238e-06,-0.00011985128773858609,-2.13407805860013e-05,0.17254414306494645,-5.799825099577355e-05,-1.066967891374e-05,0.5283064333957309,0.0001211582282097056,3.733345278162144e-05
66,True,0.6700000000000005,6.240311919672076,False,False,0.0,False,,-0.15,0.0,-0.73304,-0.58496,-0.50477,-0.4000000000000001,0.0,0.0,0.0,0.0,0.0,0.17,0.0,0.0,0.52333,0.0,0.0,-0.15,0.0,-0.73304,-0.58496,-0.50477,-0.4000000000000001,0.0,0.0,0.0,0.0,0.0,0.17,0.0,0.0,0.52333,0.0,0.0,-0.16686283179123365,-0.003900630579666198,-0.7398706030706514,-0.5876935954394795,-0.5051695301532568,-0.40357976156922637,-0.0001428449361558823,-3.3659327851563346e-05,1.872264098813821e-06,-0.00011980035369825078,-2.148555853572574e-05,0.1725479087247252,-5.779158744974964e-05,-1.0732575153812672e-05,0.5283103010691789,0.00012217384229495565,3.7638012215182114e-05
67,True,0.6800000000000005,6.240330327097107,False,False,0.0,False,,-0.15,0.0,-0.73304,-0.58496,-0.50477,-0.4000000000000001,0.0,0.0,0.0,0.0,0.0,0.17,0.0,0.0,0.52333,0.0,0.0,-0.15,0.0,-0.73304,-0.58496,-0.50477,-0.4000000000000001,0.0,0.0,0.0,0.0,0.0,0.17,0.0,0.0,0.52333,0.0,0.0,-0.16686012168207454,-0.0039041352191588777,-0.7398740656450644,-0.5876970774901314,-0.5051724695924164,-0.4035835302596649,-0.00014338133045340036,-3.389124434526694e-05,1.8875252197682013e-06,-0.00011975069029111856,-2.1627637511683094e-05,0.1725516110825113,-5.758899882764161e-05,-1.0794335853730112e-05,0.5283141006935865,0.00012317046290811755,3.7936686760807325e-05
68,True,0.6900000000000005,6.240348424893028,False,False,0.0,False,,-0.15,0.0,-0.73304,-0.58496,-0.50477,-0.4000000000000001,0.0,0.0,0.0,0.0,0.0,0.17,0.0,0.0,0.52333,0.0,0.0,-0.15,0.0,-0.73304,-0.58496,-0.50477,-0.4000000000000001,0.0,0.0,0.0,0.0,0.0,0.17,0.0,0.0,0.52333,0.0,0.0,-0.1668574285944831,-0.003907577993500561,-0.7398774668683451,-0.5877004939965333,-0.5051753524172083,-0.40358723377905426,-0.0001439081680350738,-3.411880545966313e-05,1.9025300027316308e-06,-0.00011970227224211306,-2.176706877001716e-05,0.1725552512022007,-5.7390409353717025e-05,-1.0854982409810858e-05,0.5283178334657507,0.00012414844225251012,3.8229589179315405e-05
69,True,0.7000000000000005,6.240366218270126,False,False,0.0,False,,-0.15,0.0,-0.73304,-0.58496,-0.50477,-0.4000000000000001,0.0,0.0,0.0,0.0,0.0,0.17,0.0,0.0,0.52333,0.0,0.0,-0.15,0.0,-0.73304,-0.58496,-0.50477,-0.4000000000000001,0.0,0.0,0.0,0.0,0.0,0.17,0.0,0.0,0.52333,0.0,0.0,-0.16685475242156717,-0.003910959996238193,-0.7398808078272388,-0.5877038461931873,-0.5051781797182291,-0.40359087325402376,-0.00014442562238395687,-3.4342093933793385e-05,1.9172827534032947e-06,-0.00011965507474953975,-2.190390258740137e-05,0.1725588301298102,-5.719574463509198e-05,-1.091453580932146e-05,0.5283215005614229,0.00012510812601901802,3.8516830076603334e-05
70,True,0.7100000000000005,6.240383712350886,False,False,0.0,False,,-0.15,0.0,-0.73304,-0.58496,-0.50477,-0.4000000000000001,0.0,0.0,0.0,0.0,0.0,0.17,0.0,0.0,0.52333,0.0,0.0,-0.15,0.0,-0.73304,-0.58496,-0.50477,-0.4000000000000001,0.0,0.0,0.0,0.0,0.0,0.17,0.0,0.0,0.52333,0.0,0.0,-0.166852093057105,-0.003914282301579156,-0.7398840895892417,-0.5877071352913397,-0.5051809525650648,-0.40359444979172876,-0.0001449338638132013,-3.4561190928769915e-05,1.931787705159432e-06,-0.00011960907347638799,-2.203818827979401e-05,0.172562348893778,-5.700493163665411e-05,-1.0973016638332664e-05,0.5283251031356796,0.00012604985350639342,3.879851794479638e-05
71,True,0.7200000000000005,6.240400912171504,False,False,0.0,False,,-0.15,0.0,-0.73304,-0.58496,-0.50477,-0.4000000000000001,0.0,0.0,0.0,0.0,0.0,0.17,0.0,0.0,0.52333,0.0,0.0,-0.15,0.0,-0.73304,-0.58496,-0.50477,-0.4000000000000001,0.0,0.0,0.0,0.0,0.0,0.17,0.0,0.0,0.52333,0.0,0.0,-0.16684945039554103,-0.00391754596473335,-0.739887313202943,-0.5877103624794201,-0.5051836720066971,-0.40359796448018703,-0.00014543305952410598,-3.477617605790916e-05,1.9460490202681817e-06,-0.00011956424454179209,-2.2169974220834054e-05,0.17256580850525913,-5.6817898656439467e-05,-1.103044508942454e-05,0.5283286423232854,0.00012697395773933663,3.907475920261215e-05
72,True,0.7300000000000005,6.240417822683418,False,False,0.0,False,,-0.15,0.0,-0.73304,-0.58496,-0.50477,-0.4000000000000001,0.0,0.0,0.0,0.0,0.0,0.17,0.0,0.0,0.52333,0.0,0.0,-0.15,0.0,-0.73304,-0.58496,-0.50477,-0.4000000000000001,0.0,0.0,0.0,0.0,0.0,0.17,0.0,0.0,0.52333,0.0,0.0,-0.16684682433198197,-0.003920752022249245,-0.7398904796983586,-0.5877135289234704,-0.5051863390718997,-0.4036014183886098,-0.00014592337366310282,-3.498712741628955e-05,1.9600707910839754e-06,-0.00011952056451264787,-2.2299307859884586e-05,0.17256920995841576,-5.6634575301454994e-05,-1.1086840969243393e-05,0.5283321192390502,0.00012788076558439582,3.934565823495391e-05
73,True,0.7400000000000005,6.24043444875455,False,False,0.0,False,,-0.15,0.0,-0.73304,-0.58496,-0.50477,-0.4000000000000001,0.0,0.0,0.0,0.0,0.0,0.17,0.0,0.0,0.52333,0.0,0.0,-0.15,0.0,-0.73304,-0.58496,-0.50477,-0.4000000000000001,0.0,0.0,0.0,0.0,0.0,0.17,0.0,0.0,0.52333,0.0,0.0,-0.16684421476219244,-0.003923901492343964,-0.7398935900872611,-0.5877166357675667,-0.5051889547696277,-0.40360481256772646,-0.0001464049673776984,-3.5194121609744554e-05,1.9738570412218915e-06,-0.00011947801039538274,-2.2426235739730432e-05,0.17257255423070286,-5.645489246393852e-05,-1.1142223705913397e-05,0.5283355349781802,0.00012877059786372676,3.961131743174808e-05
74,True,0.7500000000000006,6.240450795170885,False,False,0.0,False,,-0.15,0.0,-0.73304,-0.58496,-0.50477,-0.4000000000000001,0.0,0.0,0.0,0.0,0.0,0.17,0.0,0.0,0.52333,0.0,0.0,-0.15,0.0,-0.73304,-0.58496,-0.50477,-0.4000000000000001,0.0,0.0,0.0,0.0,0.0,0.17,0.0,0.0,0.52333,0.0,0.0,-0.16684162158259092,-0.003926995375227539,-0.7398966453635022,-0.5877196841342337,-0.5051915200893993,-0.40360814805010437,-0.00014687799887139034,-3.5397233783301725e-05,1.9874117267122562e-06,-0.00011943655962787576,-2.255080351393673e-05,0.17257584228314896,-5.627878229804826e-05,-1.1196612356305663e-05,0.5283388906166228,0.00012964376946675158,3.9871837226040135e-05
75,True,0.7600000000000006,6.240466866637805,False,False,0.0,False,,-0.15,0.0,-0.73304,-0.58496,-0.50477,-0.4000000000000001,0.0,0.0,0.0,0.0,0.0,0.17,0.0,0.0,0.52333,0.0,0.0,-0.15,0.0,-0.73304,-0.58496,-0.50477,-0.4000000000000001,0.0,0.0,0.0,0.0,0.0,0.17,0.0,0.0,0.52333,0.0,0.0,-0.16683904469024577,-0.003930034653421436,-0.7398996465033303,-0.5877226751248497,-0.5051940360016703,-0.4036114258504625,-0.0001473426234575771,-3.559653764907841e-05,2.0007387371358713e-06,-0.00011939619007152531,-2.2673055963874852e-05,0.17257907506063208,-5.610617819697431e-05,-1.1250025613167551e-05,0.5283421872114048,0.00013050058945975567,4.012731613136326e-05
76,True,0.7700000000000006,6.240482667781435,False,False,0.0,False,,-0.15,0.0,-0.73304,-0.58496,-0.50477,-0.4000000000000001,0.0,0.0,0.0,0.0,0.0,0.17,0.0,0.0,0.52333,0.0,0.0,-0.15,0.0,-0.73304,-0.58496,-0.50477,-0.4000000000000001,0.0,0.0,0.0,0.0,0.0,0.17,0.0,0.0,0.52333,0.0,0.0,-0.16683648398287104,-0.003933020292071432,-0.7399025944657023,-0.5877256098200457,-0.5051965034582019,-0.40361464696598015,-0.00014779899361248047,-3.5792105513644526e-05,2.0138418967401887e-06,-0.00011935688000346163,-2.2793037015422195e-05,0.17258225349215134,-5.593701477046424e-05,-1.1302481812114861e-05,0.5283454258009657,0.00013134136119346065,4.037785077839344e-05
77,True,0.7800000000000006,6.24049820314994,False,False,0.0,False,,-0.15,0.0,-0.73304,-0.58496,-0.50477,-0.4000000000000001,0.0,0.0,0.0,0.0,0.0,0.17,0.0,0.0,0.52333,0.0,0.0,-0.15,0.0,-0.73304,-0.58496,-0.50477,-0.4000000000000001,0.0,0.0,0.0,0.0,0.0,0.17,0.0,0.0,0.52333,0.0,0.0,-0.1668339393588225,-0.003935953239254972,-0.7399054901925899,-0.5877284892800964,-0.5051989233924193,-0.4036178123765999,-0.00014824725902709738,-3.598400830486246e-05,2.026724965536684e-06,-0.00011931860810890161,-2.291078975534187e-05,0.17258537849109362,-5.5771227822755444e-05,-1.1353998938489574e-05,0.5283486074054838,0.0001321663824086109,4.0623535950904866e-05
78,True,0.7900000000000006,6.240513477214955,False,False,0.0,False,,-0.15,0.0,-0.73304,-0.58496,-0.50477,-0.4000000000000001,0.0,0.0,0.0,0.0,0.0,0.17,0.0,0.0,0.52333,0.0,0.0,-0.15,0.0,-0.73304,-0.58496,-0.50477,-0.4000000000000001,0.0,0.0,0.0,0.0,0.0,0.17,0.0,0.0,0.52333,0.0,0.0,-0.16683141071709365,-0.003938834426283072,-0.7399083346092807,-0.5877313145453028,-0.5052012967197669,-0.40362092304532576,-0.0001486875666582004,-3.6172315598214234e-05,2.039391640379857e-06,-0.00011928135347364318,-2.302635644734865e-05,0.17258845095549602,-5.560875433090685e-05,-1.1404594634085714e-05,0.5283517330271982,0.00013297594533961013,4.086446462103873e-05
79,True,0.8000000000000006,6.240528494372778,False,False,0.0,False,,-0.15,0.0,-0.73304,-0.58496,-0.50477,-0.4000000000000001,0.0,0.0,0.0,0.0,0.0,0.17,0.0,0.0,0.52333,0.0,0.0,-0.15,0.0,-0.73304,-0.58496,-0.50477,-0.4000000000000001,0.0,0.0,0.0,0.0,0.0,0.17,0.0,0.0,0.52333,0.0,0.0,-0.1668288979573117,-0.003941664767996896,-0.7399111286246732,-0.5877340866363691,-0.5052036243380527,-0.4036239799185158,-0.00014912006077840302,-3.6357095642625646e-05,2.051845556028076e-06,-0.00011924509557669668,-2.3139778547867048e-05,0.17259147176830378,-5.5449532423522795e-05,-1.1454286203745884e-05,0.5283548036507231,0.0001337703368162442,4.110072798389877e-05
80,True,0.8100000000000006,6.240543258945684,False,False,0.0,False,,-0.15,0.0,-0.73304,-0.58496,-0.50477,-0.4000000000000001,0.0,0.0,0.0,0.0,0.0,0.17,0.0,0.0,0.52333,0.0,0.0,-0.15,0.0,-0.73304,-0.58496,-0.50477,-0.4000000000000001,0.0,0.0,0.0,0.0,0.0,0.17,0.0,0.0,0.52333,0.0,0.0,-0.16682640097973359,-0.003944445163059083,-0.7399138731315673,-0.5877368065547717,-0.5052059071277897,-0.4036269839261698,-0.00014954488302530797,-3.6538415385797e-05,2.0640902861866212e-06,-0.00011920981428305098,-2.3251096721487476e-05,0.1725944417976239,-5.529350135986192e-05,-1.1503090621830928e-05,0.5283578202433588,0.0001345498383635254,4.133241549148622e-05
81,True,0.8200000000000006,6.240557775183135,False,False,0.0,False,,-0.15,0.0,-0.73304,-0.58496,-0.50477,-0.4000000000000001,0.0,0.0,0.0,0.0,0.0,0.17,0.0,0.0,0.52333,0.0,0.0,-0.15,0.0,-0.73304,-0.58496,-0.50477,-0.4000000000000001,0.0,0.0,0.0,0.0,0.0,0.17,0.0,0.0,0.52333,0.0,0.0,-0.16682391968524216,-0.003947176494239912,-0.7399165690069497,-0.5877394752831218,-0.5052081459525283,-0.40362993598221225,-0.00014996217244975468,-3.671634049904991e-05,2.0761293445331577e-06,-0.00011917548983657162,-2.336035085612625e-05,0.1725973618969744,-5.514060150932419e-05,-1.1551024538565207e-05,0.5283607837553955,0.00013531472629969287,4.15596148859869e-05
82,True,0.8300000000000006,6.240572047263047,False,False,0.0,False,,-0.15,0.0,-0.73304,-0.58496,-0.50477,-0.4000000000000001,0.0,0.0,0.0,0.0,0.0,0.17,0.0,0.0,0.52333,0.0,0.0,-0.15,0.0,-0.73304,-0.58496,-0.50477,-0.4000000000000001,0.0,0.0,0.0,0.0,0.0,0.17,0.0,0.0,0.52333,0.0,0.0,-0.16682145397534212,-0.003949859628698418,-0.7399192171122735,-0.5877420937855201,-0.5052103416591832,-0.4036328369847699,-0.00015037206556318248,-3.689093540169936e-05,2.0879661857260697e-06,-0.00011914210285302867,-2.3467580077895153e-05,0.17260023290552962,-5.499077433130912e-05,-1.1598104286259856e-05,0.5283636951204129,0.00013606527183240342,4.178241223242284e-05
83,True,0.8400000000000006,6.240586079293023,False,False,0.0,False,,-0.15,0.0,-0.73304,-0.58496,-0.50477,-0.4000000000000001,0.0,0.0,0.0,0.0,0.0,0.17,0.0,0.0,0.52333,0.0,0.0,-0.15,0.0,-0.73304,-0.58496,-0.50477,-0.4000000000000001,0.0,0.0,0.0,0.0,0.0,0.17,0.0,0.0,0.52333,0.0,0.0,-0.16681900375215625,-0.003952495418258521,-0.7399218182937336,-0.5877446630079062,-0.5052124950783539,-0.4036356878164453,-0.00015077469638412596,-3.706226328496019e-05,2.0996042063957922e-06,-0.00011910963431325202,-2.357282276568608e-05,0.17260305564836126,-5.4843962355438594e-05,-1.1644345885416343e-05,0.5283665552555732,0.0001368017411531456,4.2000891950680386e-05
84,True,0.8500000000000006,6.2405998753114345,False,False,0.0,False,,-0.15,0.0,-0.73304,-0.58496,-0.50477,-0.4000000000000001,0.0,0.0,0.0,0.0,0.0,0.17,0.0,0.0,0.52333,0.0,0.0,-0.15,0.0,-0.73304,-0.58496,-0.50477,-0.4000000000000001,0.0,0.0,0.0,0.0,0.0,0.17,0.0,0.0,0.52333,0.0,0.0,-0.16681656891842148,-0.003955084699680288,-0.7399243733825371,-0.5877471838784,-0.5052146070246385,-0.4036384893445845,-0.00015117019648385835,-3.72303861353967e-05,2.111046746119484e-06,-0.0001190780655564116,-2.3676116565476233e-05,0.17260583093667528,-5.470010916213756e-05,-1.1689765050712703e-05,0.5283693650619105,0.00013752439552991086,4.2215136846926926e-05
85,True,0.8600000000000007,6.240613439288753,False,False,0.0,False,,-0.15,0.0,-0.73304,-0.58496,-0.50477,-0.4000000000000001,0.0,0.0,0.0,0.0,0.0,0.17,0.0,0.0,0.52333,0.0,0.0,-0.15,0.0,-0.73304,-0.58496,-0.50477,-0.4000000000000001,0.0,0.0,0.0,0.0,0.0,0.17,0.0,0.0,0.52333,0.0,0.0,-0.1668141493774851,-0.003957628294926375,-0.7399268831951684,-0.587749657307638,-0.5052166782969432,-0.40364124242154115,-0.00015155869503119838,-3.739536475792443e-05,2.122297088379377e-06,-0.00011904737827342045,-2.377749840435927e-05,0.172608559568045,-5.455915936356629e-05,-1.1734377196874629e-05,0.5283721254246143,0.00013823349139815264,4.242522814442776e-05
86,True,0.8700000000000007,6.24062677512848,False,False,0.0,False,,-0.15,0.0,-0.73304,-0.58496,-0.50477,-0.4000000000000001,0.0,0.0,0.0,0.0,0.0,0.17,0.0,0.0,0.52333,0.0,0.0,-0.15,0.0,-0.73304,-0.58496,-0.50477,-0.4000000000000001,0.0,0.0,0.0,0.0,0.0,0.17,0.0,0.0,0.52333,0.0,0.0,-0.16681174503330087,-0.003960127011423774,-0.7399293485336501,-0.5877520841891027,-0.5052187096787832,-0.40364394788493546,-0.0001519403188364962,-3.755725879837231e-05,2.1333584615050097e-06,-0.0001190175545004583,-2.3877004504307584e-05,0.1726112423266401,-5.442105858489766e-05,-1.1778197444433675e-05,0.5283748372133082,0.00013892928045006623,4.2631245513774565e-05
87,True,0.8800000000000007,6.240639886668494,False,False,0.0,False,,-0.15,0.0,-0.73304,-0.58496,-0.50477,-0.4000000000000001,0.0,0.0,0.0,0.0,0.0,0.17,0.0,0.0,0.52333,0.0,0.0,-0.15,0.0,-0.73304,-0.58496,-0.50477,-0.4000000000000001,0.0,0.0,0.0,0.0,0.0,0.17,0.0,0.0,0.52333,0.0,0.0,-0.16680935579042538,-0.003962581642320921,-0.7399317701857995,-0.5877544653994453,-0.50522070193858,-0.40364660655790907,-0.00015231519239481306,-3.771612676561389e-05,2.144234039599629e-06,-0.00011898857661261339,-2.3974670395670917e-05,0.1726138799834519,-5.428575344593338e-05,-1.1821240625374744e-05,0.5283775012823231,0.00013961200972221956,4.2833267102536826e-05
88,True,0.8900000000000007,6.240652777682025,False,False,0.0,False,,-0.15,0.0,-0.73304,-0.58496,-0.50477,-0.4000000000000001,0.0,0.0,0.0,0.0,0.0,0.17,0.0,0.0,0.52333,0.0,0.0,-0.15,0.0,-0.73304,-0.58496,-0.50477,-0.4000000000000001,0.0,0.0,0.0,0.0,0.0,0.17,0.0,0.0,0.52333,0.0,0.0,-0.1668069815540141,-0.0039649929667402535,-0.7399341489254796,-0.5877568017988029,-0.5052226558299517,-0.40364921924937514,-0.00015268343792831,-3.787202605327566e-05,2.1549269434510145e-06,-0.00011896042731764058,-2.407053093041635e-05,0.1726164732965149,-5.415319154305295e-05,-1.1863521288674973e-05,0.5283801184709664,0.0001402819216815658,4.3031369564347056e-05
89,True,0.9000000000000007,6.240665451878762,False,False,0.0,False,,-0.15,0.0,-0.73304,-0.58496,-0.50477,-0.4000000000000001,0.0,0.0,0.0,0.0,0.0,0.17,0.0,0.0,0.52333,0.0,0.0,-0.15,0.0,-0.73304,-0.58496,-0.50477,-0.4000000000000001,0.0,0.0,0.0,0.0,0.0,0.17,0.0,0.0,0.52333,0.0,0.0,-0.1668046222298178,-0.003967361750026311,-0.7399364855128466,-0.5877590942311096,-0.5052245720919993,-0.4036517867542642,-0.0001530451754278594,-3.8025012961030675e-05,2.1654402414270344e-06,-0.00011893308964983341,-2.416462029511462e-05,0.17261902301112433,-5.4023321431489275e-05,-1.1905053705736105e-05,0.5283826896037865,0.00014093925430986763,4.322562808743077e-05
90,True,0.9100000000000007,6.240677912905974,False,False,0.0,False,,-0.15,0.0,-0.73304,-0.58496,-0.50477,-0.4000000000000001,0.0,0.0,0.0,0.0,0.0,0.17,0.0,0.0,0.52333,0.0,0.0,-0.15,0.0,-0.73304,-0.58496,-0.50477,-0.4000000000000001,0.0,0.0,0.0,0.0,0.0,0.17,0.0,0.0,0.52333,0.0,0.0,-0.16680227772417866,-0.003969688743989433,-0.739938780694593,-0.5877613435244025,-0.5052264514495847,-0.4036543098537662,-0.00015340052269389448,-3.817514271548539e-05,2.1757769503561655e-06,-0.00011890654696400823,-2.425697202367764e-05,0.17262152986005058,-5.389609260792523e-05,-1.1945851875712425e-05,0.5283852154908316,0.00014158424118656233,4.3416116422591754e-05
91,True,0.9200000000000007,6.240690164349514,False,False,0.0,False,,-0.15,0.0,-0.73304,-0.58496,-0.50477,-0.4000000000000001,0.0,0.0,0.0,0.0,0.0,0.17,0.0,0.0,0.52333,0.0,0.0,-0.15,0.0,-0.73304,-0.58496,-0.50477,-0.4000000000000001,0.0,0.0,0.0,0.0,0.0,0.17,0.0,0.0,0.52333,0.0,0.0,-0.16679994794402672,-0.003971974687145157,-0.7399410352041847,-0.5877635504911196,-0.5052282946136059,-0.40365678931556764,-0.00015374959537650985,-3.8322469490667416e-05,2.1859400363931534e-06,-0.00011888078292959808,-2.434761900985194e-05,0.17262399456374927,-5.3771455493405164e-05,-1.198592953073623e-05,0.5283876969279053,0.0001422171115700964,4.360290691066299e-05
92,True,0.9300000000000007,6.240702209734871,False,False,0.0,False,,-0.15,0.0,-0.73304,-0.58496,-0.50477,-0.4000000000000001,0.0,0.0,0.0,0.0,0.0,0.17,0.0,0.0,0.52333,0.0,0.0,-0.15,0.0,-0.73304,-0.58496,-0.50477,-0.4000000000000001,0.0,0.0,0.0,0.0,0.0,0.17,0.0,0.0,0.52333,0.0,0.0,-0.16679763279687615,-0.003974220304949375,-0.7399432497620977,-0.5877657159283953,-0.5052301022812661,-0.4036592258940851,-0.0001540925070148276,-3.846704642812185e-05,2.1959324158702035e-06,-0.0001188557815248548,-2.4436593519472804e-05,0.17262641783056845,-5.3649361416555714e-05,-1.202530014104282e-05,0.5283901346968171,0.00014283809047775848,4.378607050943352e-05
93,True,0.9400000000000007,6.2407140525281655,False,False,0.0,False,,-0.15,0.0,-0.73304,-0.58496,-0.50477,-0.4000000000000001,0.0,0.0,0.0,0.0,0.0,0.17,0.0,0.0,0.52333,0.0,0.0,-0.15,0.0,-0.73304,-0.58496,-0.50477,-0.4000000000000001,0.0,0.0,0.0,0.0,0.0,0.17,0.0,0.0,0.52333,0.0,0.0,-0.16679533219082157,-0.003976426310029335,-0.7399454250760454,-0.5877678406183475,-0.5052318751363374,-0.4036616203306946,-0.00015442936907564158,-3.860892565662374e-05,2.2057569561338573e-06,-0.00011883152703115677,-2.4523927202483573e-05,0.17262880035695194,-5.352976259711039e-05,-1.2063976919996966e-05,0.5283925295656279,0.00014344739876403763,4.3965676820061235e-05
94,True,0.9500000000000007,6.240725696137226,False,False,0.0,False,,-0.15,0.0,-0.73304,-0.58496,-0.50477,-0.4000000000000001,0.0,0.0,0.0,0.0,0.0,0.17,0.0,0.0,0.52333,0.0,0.0,-0.15,0.0,-0.73304,-0.58496,-0.50477,-0.4000000000000001,0.0,0.0,0.0,0.0,0.0,0.17,0.0,0.0,0.52333,0.0,0.0,-0.1667930460345345,-0.003978593402410548,-0.739947561841207,-0.5877699253283613,-0.5052336138494193,-0.403663973353957,-0.00015476029099135405,-3.874815831151392e-05,2.2154164763678186e-06,-0.000118808004027421,-2.460965110472472e-05,0.1726311428276395,-5.341261212973236e-05,-1.2101972829022703e-05,0.5283948822888921,0.00014404525319753472,4.414179411298129e-05
95,True,0.9600000000000007,6.240737143912475,False,False,0.0,False,,-0.15,0.0,-0.73304,-0.58496,-0.50477,-0.4000000000000001,0.0,0.0,0.0,0.0,0.0,0.17,0.0,0.0,0.52333,0.0,0.0,-0.15,0.0,-0.73304,-0.58496,-0.50477,-0.4000000000000001,0.0,0.0,0.0,0.0,0.0,0.17,0.0,0.0,0.52333,0.0,0.0,-0.1667907742372596,-0.003980722269739697,-0.7399496607404479,-0.5877719708113656,-0.505235319078193,-0.40366628567983953,-0.0001550853801972168,-3.88847945536654e-05,2.224913748401929e-06,-0.000118785197384617,-2.4693795679497024e-05,0.1726334459158634,-5.3297863968130126e-05,-1.213930058243835e-05,0.5283971936078954,0.00014463186653645345,4.431448935332e-05
96,True,0.9700000000000008,6.240748399147951,False,False,0.0,False,,-0.15,0.0,-0.73304,-0.58496,-0.50477,-0.4000000000000001,0.0,0.0,0.0,0.0,0.0,0.17,0.0,0.0,0.52333,0.0,0.0,-0.15,0.0,-0.73304,-0.58496,-0.50477,-0.4000000000000001,0.0,0.0,0.0,0.0,0.0,0.17,0.0,0.0,0.52333,0.0,0.0,-0.16678851670881126,-0.0039828135875035805,-0.7399517224445384,-0.5877739778061067,-0.5052369914676696,-0.40366855801193363,-0.00015540474216789012,-3.90188835880875e-05,2.2342514975075685e-06,-0.00011876309226038126,-2.477639079890322e-05,0.17263571028354197,-5.3185472909460676e-05,-1.2175972652198564e-05,0.5283994642508874,0.0001452074476026969,4.4483828225823394e-05
97,True,0.9800000000000008,6.2407594650822755,False,False,0.0,False,,-0.15,0.0,-0.73304,-0.58496,-0.50477,-0.4000000000000001,0.0,0.0,0.0,0.0,0.0,0.17,0.0,0.0,0.52333,0.0,0.0,-0.15,0.0,-0.73304,-0.58496,-0.50477,-0.4000000000000001,0.0,0.0,0.0,0.0,0.0,0.17,0.0,0.0,0.52333,0.0,0.0,-0.1667862733595699,-0.003984868019244202,-0.7399537476123683,-0.5877759470374146,-0.5052386316504345,-0.40367079104166836,-0.00015571848045333172,-3.915047368217453e-05,2.243432403179723e-06,-0.00011874167409372998,-2.485746576497238e-05,0.17263793658146942,-5.307539457901505e-05,-1.2212001272545203e-05,0.5284016949333115,0.0001457722013545963,4.464987515930994e-05
98,True,0.9900000000000008,6.240770344899495,False,False,0.0,False,,-0.15,0.0,-0.73304,-0.58496,-0.50477,-0.4000000000000001,0.0,0.0,0.0,0.0,0.0,0.17,0.0,0.0,0.52333,0.0,0.0,-0.15,0.0,-0.73304,-0.58496,-0.50477,-0.4000000000000001,0.0,0.0,0.0,0.0,0.0,0.17,0.0,0.0,0.52333,0.0,0.0,-0.1667840441004785,-0.003986886216770047,-0.7399557368911565,-0.5877778792164653,-0.5052402402468867,-0.40367298544852126,-0.00015602669671402797,-3.9279612183605784e-05,2.2524590999058602e-06,-0.00011872092859986851,-2.493704932057113e-05,0.17264012544950316,-5.296758541518108e-05,-1.2247398444568773e-05,0.5284038863580297,0.00014632632895829608,4.481269335065634e-05
99,True,1.0000000000000007,6.240781041730143,False,False,0.0,False,,-0.15,0.0,-0.73304,-0.58496,-0.50477,-0.4000000000000001,0.0,0.0,0.0,0.0,0.0,0.17,0.0,0.0,0.52333,0.0,0.0,-0.15,0.0,-0.73304,-0.58496,-0.50477,-0.4000000000000001,0.0,0.0,0.0,0.0,0.0,0.17,0.0,0.0,0.52333,0.0,0.0,-0.1667818288430391,-0.003988868820363622,-0.7399576909166585,-0.5877797750410381,-0.505241817865474,-0.4036751419002244,-0.0001563294907555798,-3.940634553790373e-05,2.2613341779219505e-06,-0.00011870084176509574,-2.5015169660105873e-05,0.17264227751674724,-5.286200265467844e-05,-1.2282175940682178e-05,0.5284060392155439,0.0001468700278578208,4.497234478832534e-05
100,True,1.0100000000000007,6.240791558652001,False,False,0.0,False,,-0.15,0.0,-0.73304,-0.58496,-0.50477,-0.4000000000000001,0.0,0.0,0.0,0.0,0.0,0.17,0.0,0.0,0.52333,0.0,0.0,-0.15,0.0,-0.73304,-0.58496,-0.50477,-0.4000000000000001,0.0,0.0,0.0,0.0,0.0,0.17,0.0,0.0,0.52333,0.0,0.0,-0.16677962749930925,-0.003990816458985323,-0.7399596103133689,-0.5877816351957679,-0.5052433651029226,-0.40367726105296764,-0.00015662696056265463,-3.95307193056566e-05,2.2700601839557473e-06,-0.0001186813998418014,-2.509185444001993e-05,0.17264439340173338,-5.2758604318060876e-05,-1.2316345309008438e-05,0.5284081541842134,0.00014740349184384812,4.512889027544451e-05
101,True,1.0200000000000007,6.240801898691099,False,False,0.0,False,,-0.15,0.0,-0.73304,-0.58496,-0.50477,-0.4000000000000001,0.0,0.0,0.0,0.0,0.0,0.17,0.0,0.0,0.52333,0.0,0.0,-0.15,0.0,-0.73304,-0.58496,-0.50477,-0.4000000000000001,0.0,0.0,0.0,0.0,0.0,0.17,0.0,0.0,0.52333,0.0,0.0,-0.16677743998189856,-0.003992729750473697,-0.739961495694721,-0.5877834603523932,-0.5052448825444631,-0.4036793435515983,-0.00015691920233231634,-3.9652778179412014e-05,2.278639621957603e-06,-0.00011866258934355525,-2.5167130789089592e-05,0.17264647371259834,-5.265734919548102e-05,-1.2349917877684052e-05,0.5284102319304684,0.0001479269111212117,4.5282389452444175e-05
102,True,1.0300000000000007,6.240812064822514,False,False,0.0,False,,-0.15,0.0,-0.73304,-0.58496,-0.50477,-0.4000000000000001,0.0,0.0,0.0,0.0,0.0,0.17,0.0,0.0,0.52333,0.0,0.0,-0.15,0.0,-0.73304,-0.58496,-0.50477,-0.4000000000000001,0.0,0.0,0.0,0.0,0.0,0.17,0.0,0.0,0.52333,0.0,0.0,-0.16677526620396524,-0.003994609301742162,-0.739963347663283,-0.5877852511699984,-0.5052463707640521,-0.40368139002981673,-0.00015720631050674451,-3.977256600024798e-05,2.287074953818994e-06,-0.00011864439704028563,-2.5241025318522945e-05,0.17264851904725884,-5.255819683271285e-05,-1.2382904759079628e-05,0.5284122731090194,0.00014844047237515747,4.5432900819263335e-05
103,True,1.0400000000000007,6.240822059971271,False,False,0.0,False,,-0.15,0.0,-0.73304,-0.58496,-0.50477,-0.4000000000000001,0.0,0.0,0.0,0.0,0.0,0.17,0.0,0.0,0.52333,0.0,0.0,-0.15,0.0,-0.73304,-0.58496,-0.50477,-0.4000000000000001,0.0,0.0,0.0,0.0,0.0,0.17,0.0,0.0,0.52333,0.0,0.0,-0.1667731060792126,-0.003996455708972252,-0.7399651668109501,-0.5877870082952525,-0.5052478303245895,-0.4036834011103694,-0.0001574883778053539,-3.989012577402718e-05,2.2953686000789834e-06,-0.00011862680995354642,-2.531356413186519e-05,0.1726505299935832,-5.246110751742727e-05,-1.241531685393935e-05,0.5284142783630635,0.0001489443588363759,4.5580481757131455e-05
104,True,1.0500000000000007,6.24083188701314,False,False,0.0,False,,-0.15,0.0,-0.73304,-0.58496,-0.50477,-0.4000000000000001,0.0,0.0,0.0,0.0,0.0,0.17,0.0,0.0,0.52333,0.0,0.0,-0.15,0.0,-0.73304,-0.58496,-0.50477,-0.4000000000000001,0.0,0.0,0.0,0.0,0.0,0.17,0.0,0.0,0.52333,0.0,0.0,-0.1667709595218858,-0.003998269557803432,-0.7399669537191336,-0.5877887323626435,-0.5052492617781311,-0.40368537740523824,-0.00015776549525632584,-4.000549968734085e-05,2.3035229406188476e-06,-0.00011860981535187054,-2.538477283471421e-05,0.17265250712956018,-5.236604226571611e-05,-1.2447164855440874e-05,0.5284162483244873,0.00014943875034483393,4.5725188549934516e-05
105,True,1.0600000000000007,6.240841548775524,False,False,0.0,False,,-0.15,0.0,-0.73304,-0.58496,-0.50477,-0.4000000000000001,0.0,0.0,0.0,0.0,0.0,0.17,0.0,0.0,0.52333,0.0,0.0,-0.15,0.0,-0.73304,-0.58496,-0.50477,-0.4000000000000001,0.0,0.0,0.0,0.0,0.0,0.17,0.0,0.0,0.52333,0.0,0.0,-0.1667688264467683,-0.004000051423519563,-0.7399687089589465,-0.5877904239947067,-0.5052506656660977,-0.4036873195158265,-0.0001580377522275614,-4.0118729123148e-05,2.311540315344975e-06,-0.00011859340074620828,-2.5454676544250015e-05,0.17265445102346502,-5.227296280886012e-05,-1.247845925317715e-05,0.5284181836140649,0.00014992382341242735,4.586707640517305e-05
106,True,1.0700000000000007,6.240851048038232,False,False,0.0,False,,-0.15,0.0,-0.73304,-0.58496,-0.50477,-0.4000000000000001,0.0,0.0,0.0,0.0,0.0,0.17,0.0,0.0,0.52333,0.0,0.0,-0.15,0.0,-0.73304,-0.58496,-0.50477,-0.4000000000000001,0.0,0.0,0.0,0.0,0.0,0.17,0.0,0.0,0.52333,0.0,0.0,-0.1667667067691785,-0.004001801871232071,-0.7399704330913862,-0.5877920838022511,-0.5052520425194801,-0.40368922803314145,-0.0001583052364570678,-4.0229854676115935e-05,2.3194230248603244e-06,-0.00011857755388544928,-2.552329989858162e-05,0.17265636223402278,-5.2181831580336655e-05,-1.2509210337061712e-05,0.528420084841654,0.0001503997512844766,4.600619947452008e-05
107,True,1.0800000000000007,6.240860387534317,False,False,0.0,False,,-0.15,0.0,-0.73304,-0.58496,-0.50477,-0.4000000000000001,0.0,0.0,0.0,0.0,0.0,0.17,0.0,0.0,0.52333,0.0,0.0,-0.15,0.0,-0.73304,-0.58496,-0.50477,-0.4000000000000001,0.0,0.0,0.0,0.0,0.0,0.17,0.0,0.0,0.52333,0.0,0.0,-0.16676460040496655,-0.004003521456059868,-0.7399721266675136,-0.5877937123845794,-0.5052533928590398,-0.4036911035379746,-0.00015856803408278774,-4.0338916167667703e-05,2.3271733311246416e-06,-0.00011856226275202614,-2.5590667065914873e-05,0.1726582413105687,-5.209261170306241e-05,-1.2539428201158863e-05,0.5284219526063877,0.00015086670400008646,4.6142610873986574e-05
108,True,1.0900000000000007,6.240869569950818,False,False,0.0,False,,-0.15,0.0,-0.73304,-0.58496,-0.50477,-0.4000000000000001,0.0,0.0,0.0,0.0,0.0,0.17,0.0,0.0,0.52333,0.0,0.0,-0.15,0.0,-0.73304,-0.58496,-0.50477,-0.4000000000000001,0.0,0.0,0.0,0.0,0.0,0.17,0.0,0.0,0.52333,0.0,0.0,-0.16676250727051084,-0.004005210723306096,-0.7399737902286287,-0.5877953103297056,-0.5052547171955063,-0.40369294660107774,-0.00015882622967188255,-4.044595266074209e-05,2.3347934581035102e-06,-0.00011854751555759873,-2.5656801753544634e-05,0.17266008879320602,-5.200526697686729e-05,-1.2569122747440238e-05,0.528423787496863,0.0001513248484513914,4.627636270370183e-05
109,True,1.1000000000000008,6.240878597929554,False,False,0.0,False,,-0.15,0.0,-0.73304,-0.58496,-0.50477,-0.4000000000000001,0.0,0.0,0.0,0.0,0.0,0.17,0.0,0.0,0.52333,0.0,0.0,-0.15,0.0,-0.73304,-0.58496,-0.50477,-0.4000000000000001,0.0,0.0,0.0,0.0,0.0,0.17,0.0,0.0,0.52333,0.0,0.0,-0.16676042728271476,-0.004006870208631741,-0.7399754243064443,-0.5877968782145665,-0.5052560160297703,-0.4036947577833369,-0.0001590799062494782,-4.055100247427163e-05,2.3422855924065604e-06,-0.00011853330073881715,-2.57217272166747e-05,0.17266190521296118,-5.191976186619506e-05,-1.2598303689469136e-05,0.528425590091326,0.00015177434844170637,4.6407506067316286e-05
110,True,1.1100000000000008,6.24088747406793,False,False,0.0,False,,-0.15,0.0,-0.73304,-0.58496,-0.50477,-0.4000000000000001,0.0,0.0,0.0,0.0,0.0,0.17,0.0,0.0,0.52333,0.0,0.0,-0.15,0.0,-0.73304,-0.58496,-0.50477,-0.4000000000000001,0.0,0.0,0.0,0.0,0.0,0.17,0.0,0.0,0.52333,0.0,0.0,-0.16675836035900352,-0.004008500438226183,-0.7399770294232545,-0.5877984166052318,-0.505257289853073,-0.4036965376359425,-0.00015932914532688534,-4.06541031973841e-05,2.349651883914943e-06,-0.0001185196069531625,-2.5785466267068773e-05,0.17266369109193627,-5.183606148802664e-05,-1.2626980556014027e-05,0.5284273609578538,0.00015221536474260375,4.6536091091033794e-05
111,True,1.1200000000000008,6.240896200919585,False,False,0.0,False,,-0.15,0.0,-0.73304,-0.58496,-0.50477,-0.4000000000000001,0.0,0.0,0.0,0.0,0.0,0.17,0.0,0.0,0.52333,0.0,0.0,-0.15,0.0,-0.73304,-0.58496,-0.50477,-0.4000000000000001,0.0,0.0,0.0,0.0,0.0,0.17,0.0,0.0,0.52333,0.0,0.0,-0.1667563064173206,-0.004010101928974715,-0.739978606092103,-0.5877999260571074,-0.5052585391471923,-0.40369828670055724,-0.0001595740269293017,-4.0755291703332684e-05,2.356894446398248e-06,-0.00011850642307486347,-2.5848041281535685e-05,0.17266544694345912,-5.175413160002218e-05,-1.2655162694592585e-05,0.5284291006545342,0.00015264805514993634,4.66621669422806e-05
112,True,1.1300000000000008,6.240904780995258,False,False,0.0,False,,-0.15,0.0,-0.73304,-0.58496,-0.50477,-0.4000000000000001,0.0,0.0,0.0,0.0,0.0,0.17,0.0,0.0,0.52333,0.0,0.0,-0.15,0.0,-0.73304,-0.58496,-0.50477,-0.4000000000000001,0.0,0.0,0.0,0.0,0.0,0.17,0.0,0.0,0.52333,0.0,0.0,-0.1667542653761248,-0.004011675188623115,-0.7399801548169458,-0.5878014071151376,-0.5052597643846252,-0.40370000550948054,-0.0001598146296230073,-4.085460416316007e-05,2.3640153581210793e-06,-0.00011849373819088778,-2.590947421025209e-05,0.17266717327223058,-5.167393858887778e-05,-1.2682859274947589e-05,0.5284308097296398,0.00015307257453882556,4.678578184801783e-05
113,True,1.1400000000000008,6.24091321676342,False,False,0.0,False,,-0.15,0.0,-0.73304,-0.58496,-0.50477,-0.4000000000000001,0.0,0.0,0.0,0.0,0.0,0.17,0.0,0.0,0.52333,0.0,0.0,-0.15,0.0,-0.73304,-0.58496,-0.50477,-0.4000000000000001,0.0,0.0,0.0,0.0,0.0,0.17,0.0,0.0,0.52333,0.0,0.0,-0.1667522371543869,-0.0040132207159392945,-0.739981676092813,-0.5878028603140012,-0.5052609660287657,-0.4037016945858107,-0.00016005103054206115,-4.09520760591015e-05,2.3710166624394207e-06,-0.00011848154159700704,-2.596978658492572e-05,0.17266887057446975,-5.159544945889307e-05,-1.2710079292456004e-05,0.528432488721802,0.00015348907491763395,4.690698311270439e-05
114,True,1.1500000000000008,6.240921510650957,False,False,0.0,False,,-0.15,0.0,-0.73304,-0.58496,-0.50477,-0.4000000000000001,0.0,0.0,0.0,0.0,0.0,0.17,0.0,0.0,0.52333,0.0,0.0,-0.15,0.0,-0.73304,-0.58496,-0.50477,-0.4000000000000001,0.0,0.0,0.0,0.0,0.0,0.17,0.0,0.0,0.52333,0.0,0.0,-0.1667502216715864,-0.004014739000872095,-0.7399831704059661,-0.5878042861783053,-0.5052621445340816,-0.40370335444360345,-0.0001602833054145089,-4.104774219773178e-05,2.3779003683870295e-06,-0.00011846982279393336,-2.602899952680225e-05,0.17267053933805623,-5.1518631820745845e-05,-1.2736831571472514e-05,0.5284341381601797,0.00015389770548094103,4.702581713591687e-05
115,True,1.1600000000000008,6.2409296650439865,False,False,0.0,False,,-0.15,0.0,-0.73304,-0.58496,-0.50477,-0.4000000000000001,0.0,0.0,0.0,0.0,0.0,0.17,0.0,0.0,0.52333,0.0,0.0,-0.15,0.0,-0.73304,-0.58496,-0.50477,-0.4000000000000001,0.0,0.0,0.0,0.0,0.0,0.17,0.0,0.0,0.52333,0.0,0.0,-0.16674821884770843,-0.004016230524707271,-0.7399846382340539,-0.587805685222775,-0.5052633003462851,-0.4037049855880288,-0.00016051152858811025,-4.1141636722861215e-05,2.38466845125189e-06,-0.00011845857148352695,-2.6087133754518786e-05,0.17267218004267046,-5.144345388046997e-05,-1.27631247686088e-05,0.5284357585646265,0.00015429861266154086,4.714232942963308e-05
116,True,1.1700000000000008,6.240937682288464,False,False,0.0,False,,-0.15,0.0,-0.73304,-0.58496,-0.50477,-0.4000000000000001,0.0,0.0,0.0,0.0,0.0,0.17,0.0,0.0,0.52333,0.0,0.0,-0.15,0.0,-0.73304,-0.58496,-0.50477,-0.4000000000000001,0.0,0.0,0.0,0.0,0.0,0.17,0.0,0.0,0.52333,0.0,0.0,-0.16674622860324048,-0.004017695760220717,-0.7399860800462651,-0.5878070579524397,-0.5052644339025028,-0.4037065885155243,-0.00016073577305559522,-4.1233793128185134e-05,2.3913228531430936e-06,-0.00011844777756507289,-2.6144209591806915e-05,0.1726737931599315,-5.136988442863284e-05,-1.2788967375949746e-05,0.5284373504458537,0.00015469194018147888,4.7256564635185534e-05
117,True,1.1800000000000008,6.240945564690883,False,False,0.0,False,,-0.15,0.0,-0.73304,-0.58496,-0.50477,-0.4000000000000001,0.0,0.0,0.0,0.0,0.0,0.17,0.0,0.0,0.52333,0.0,0.0,-0.15,0.0,-0.73304,-0.58496,-0.50477,-0.4000000000000001,0.0,0.0,0.0,0.0,0.0,0.17,0.0,0.0,0.52333,0.0,0.0,-0.16674425085916933,-0.004019135171828981,-0.7399874963034774,-0.5878084048628154,-0.5052655456314394,-0.403708163713946,-0.00016095611047945742,-4.1324244269691835e-05,2.3978654835481288e-06,-0.0001184374311316262,-2.6200246975048194e-05,0.1726753791535323,-5.129789282970897e-05,-1.2814367724207858e-05,0.5284389143055914,0.00015507782910214652,4.736856653989135e-05
118,True,1.1900000000000008,6.24095331451889,False,False,0.0,False,,-0.15,0.0,-0.73304,-0.58496,-0.50477,-0.4000000000000001,0.0,0.0,0.0,0.0,0.0,0.17,0.0,0.0,0.52333,0.0,0.0,-0.15,0.0,-0.73304,-0.58496,-0.50477,-0.4000000000000001,0.0,0.0,0.0,0.0,0.0,0.17,0.0,0.0,0.52333,0.0,0.0,-0.16674228553697787,-0.004020549215737116,-0.7399888874584056,-0.587809726440084,-0.5052666359535418,-0.4037097116627169,-0.00016117261121629327,-4.1413022377833464e-05,2.4042982198808423e-06,-0.00011842752246642369,-2.625526546068491e-05,0.17267693847937318,-5.122744901164587e-05,-1.2839333985817006e-05,0.5284404506367463,0.00015545641787345052,4.747837809336452e-05
119,True,1.2000000000000008,6.240960934002029,False,False,0.0,False,,-0.15,0.0,-0.73304,-0.58496,-0.50477,-0.4000000000000001,0.0,0.0,0.0,0.0,0.0,0.17,0.0,0.0,0.52333,0.0,0.0,-0.15,0.0,-0.73304,-0.58496,-0.50477,-0.4000000000000001,0.0,0.0,0.0,0.0,0.0,0.17,0.0,0.0,0.52333,0.0,0.0,-0.1667403325586421,-0.004021938340083918,-0.7399902539557458,-0.5878110231612695,-0.5052677052811567,-0.4037112328329725,-0.00016138534434069506,-4.1500159069464495e-05,2.410622908020145e-06,-0.00011841804203936157,-2.6309284232488862e-05,0.17267847158569263,-5.115852345561899e-05,-1.2863874177966717e-05,0.5284419599235569,0.00015582784238207386,4.758604142351684e-05
120,True,1.2100000000000009,6.24096842533231,False,False,0.0,False,,-0.15,0.0,-0.73304,-0.58496,-0.50477,-0.4000000000000001,0.0,0.0,0.0,0.0,0.0,0.17,0.0,0.0,0.52333,0.0,0.0,-0.15,0.0,-0.73304,-0.58496,-0.50477,-0.4000000000000001,0.0,0.0,0.0,0.0,0.0,0.17,0.0,0.0,0.52333,0.0,0.0,-0.16673839184662786,-0.004023302985084595,-0.739991596232317,-0.5878122954944103,-0.5052687540186878,-0.40371272768770433,-0.00016159437766870651,-4.158568535955205e-05,2.416841362839754e-06,-0.0001184089805035375,-2.6362322108690922e-05,0.17267997891319603,-5.109108718597224e-05,-1.2887996165578134e-05,0.528443442641746,0.0001561922359988459,4.769159785225327e-05
121,True,1.2200000000000009,6.240975790664876,False,False,0.0,False,,-0.15,0.0,-0.73304,-0.58496,-0.50477,-0.4000000000000001,0.0,0.0,0.0,0.0,0.0,0.17,0.0,0.0,0.52333,0.0,0.0,-0.15,0.0,-0.73304,-0.58496,-0.50477,-0.4000000000000001,0.0,0.0,0.0,0.0,0.0,0.17,0.0,0.0,0.52333,0.0,0.0,-0.16673646332388795,-0.0040246435831709105,-0.7399929147172014,-0.5878135438987284,-0.5052697825627476,-0.4037141966819006,-0.00016179977778084856,-4.1669631672662646e-05,2.4229553687289373e-06,-0.00011840032869185596,-2.641439754897404e-05,0.17268146089518233,-5.102511176034057e-05,-1.2911707664222769e-05,0.5284448992586707,0.00015654972962523704,4.77950879108677e-05
122,True,1.2300000000000009,6.240983032118613,False,False,0.0,False,,-0.15,0.0,-0.73304,-0.58496,-0.50477,-0.4000000000000001,0.0,0.0,0.0,0.0,0.0,0.17,0.0,0.0,0.52333,0.0,0.0,-0.15,0.0,-0.73304,-0.58496,-0.50477,-0.4000000000000001,0.0,0.0,0.0,0.0,0.0,0.17,0.0,0.0,0.52333,0.0,0.0,-0.16673454691385894,-0.004025960559128845,-0.7399942098318809,-0.5878147688247954,-0.5052707913023085,-0.4037156402626845,-0.00016200161004472304,-4.1752027854229464e-05,2.4289666801046117e-06,-0.0001183920776136958,-2.646552866133226e-05,0.17268291795766852,-5.096056925995164e-05,-1.2935016242985151e-05,0.5284463302334685,0.00015690045173899503,4.789655135514466e-05
123,True,1.2400000000000009,6.2409901517767645,False,False,0.0,False,,-0.15,0.0,-0.73304,-0.58496,-0.50477,-0.4000000000000001,0.0,0.0,0.0,0.0,0.0,0.17,0.0,0.0,0.52333,0.0,0.0,-0.15,0.0,-0.73304,-0.58496,-0.50477,-0.4000000000000001,0.0,0.0,0.0,0.0,0.0,0.17,0.0,0.0,0.52333,0.0,0.0,-0.1667326425404582,-0.0040272543302338325,-0.7399954819903721,-0.5878159707146959,-0.5052717806188496,-0.4037170588694501,-0.0001621999386372027,-4.183290318160441e-05,2.43487702191475e-06,-0.00011838421845163868,-2.651573320879837e-05,0.17268435051951195,-5.089743228010301e-05,-1.2957929327270442e-05,0.5284477360172033,0.00015724452843893818,4.799602718017285e-05
124,True,1.2500000000000009,6.240997151687517,False,False,0.0,False,,-0.15,0.0,-0.73304,-0.58496,-0.50477,-0.4000000000000001,0.0,0.0,0.0,0.0,0.0,0.17,0.0,0.0,0.52333,0.0,0.0,-0.15,0.0,-0.73304,-0.58496,-0.50477,-0.4000000000000001,0.0,0.0,0.0,0.0,0.0,0.17,0.0,0.0,0.52333,0.0,0.0,-0.16673075012808083,-0.004028525306383591,-0.7399967315993581,-0.5878171500021867,-0.5052727508865011,-0.40371845293399594,-0.0001623948265662142,-4.191228637489908e-05,2.4406880901333683e-06,-0.00011837674255825756,-2.6565028616042696e-05,0.1726857589925307,-5.083567392081182e-05,-1.2980454201558105e-05,0.5284491170530058,0.00015758208348892153,4.809355363487566e-05
125,True,1.260000000000001,6.241004033864609,False,False,0.0,False,,-0.15,0.0,-0.73304,-0.58496,-0.50477,-0.4000000000000001,0.0,0.0,0.0,0.0,0.0,0.17,0.0,0.0,0.52333,0.0,0.0,-0.15,0.0,-0.73304,-0.58496,-0.50477,-0.4000000000000001,0.0,0.0,0.0,0.0,0.0,0.17,0.0,0.0,0.52333,0.0,0.0,-0.1667288696015968,-0.004029773890228617,-0.7399979590583186,-0.5878183071128545,-0.505273702472186,-0.4037198228806565,-0.00016258633569212237,-4.199020560761866e-05,2.4464015522472456e-06,-0.00011836964145296398,-2.6613431975845466e-05,0.17268714378162173,-5.077526777763397e-05,-1.3002598012102614e-05,0.5284504737762145,0.00015791323836099062,4.8189168236264406e-05
126,True,1.270000000000001,6.2410108002879,False,False,0.0,False,,-0.15,0.0,-0.73304,-0.58496,-0.50477,-0.4000000000000001,0.0,0.0,0.0,0.0,0.0,0.17,0.0,0.0,0.52333,0.0,0.0,-0.15,0.0,-0.73304,-0.58496,-0.50477,-0.4000000000000001,0.0,0.0,0.0,0.0,0.0,0.17,0.0,0.0,0.52333,0.0,0.0,-0.1667270008863478,-0.00403100047730036,-0.7399991647596573,-0.5878194424642693,-0.5052746357357584,-0.4037211691264311,-0.00016277452674872273,-4.2066688517092685e-05,2.4520190477344095e-06,-0.00011836290681891299,-2.6660960055445237e-05,0.17268850528487742,-5.071618793264947e-05,-1.3024367769582279e-05,0.5284518066145116,0.00015823811227773867,4.8282907783419395e-05
127,True,1.280000000000001,6.241017452903935,False,False,0.0,False,,-0.15,0.0,-0.73304,-0.58496,-0.50477,-0.4000000000000001,0.0,0.0,0.0,0.0,0.0,0.17,0.0,0.0,0.52333,0.0,0.0,-0.15,0.0,-0.73304,-0.58496,-0.50477,-0.4000000000000001,0.0,0.0,0.0,0.0,0.0,0.17,0.0,0.0,0.52333,0.0,0.0,-0.16672514390814439,-0.004032205456137137,-0.7400003490888281,-0.5878205564661351,-0.5052755510301404,-0.40372249208111055,-0.00016295945936384913,-4.214176221470658e-05,2.4575421885345633e-06,-0.0001183565304999648,-2.6707629302765673e-05,0.1726898438936998,-5.0658408945611114e-05,-1.3045770351697137e-05,0.5284531159880582,0.00015855682225388091,4.837480837120398e-05
128,True,1.290000000000001,6.2410239936265635,False,False,0.0,False,,-0.15,0.0,-0.73304,-0.58496,-0.50477,-0.4000000000000001,0.0,0.0,0.0,0.0,0.0,0.17,0.0,0.0,0.52333,0.0,0.0,-0.15,0.0,-0.73304,-0.58496,-0.50477,-0.4000000000000001,0.0,0.0,0.0,0.0,0.0,0.17,0.0,0.0,0.52333,0.0,0.0,-0.16672329859326307,-0.004033389208407817,-0.7400015124244567,-0.5878216495204389,-0.5052764487014555,-0.4037237921474021,-0.00016314119207960404,-4.22154532959378e-05,2.46297255951167e-06,-0.0001183505044977022,-2.675345585252311e-05,0.17269115999291293,-5.060190584525352e-05,-1.3066812505716928e-05,0.5284544023096263,0.0001588694831370615,4.84649054037169e-05
129,True,1.300000000000001,6.24103042433738,False,False,0.0,False,,-0.15,0.0,-0.73304,-0.58496,-0.50477,-0.4000000000000001,0.0,0.0,0.0,0.0,0.0,0.17,0.0,0.0,0.52333,0.0,0.0,-0.15,0.0,-0.73304,-0.58496,-0.50477,-0.4000000000000001,0.0,0.0,0.0,0.0,0.0,0.17,0.0,0.0,0.52333,0.0,0.0,-0.16672146486844328,-0.004034552109033321,-0.7400026551384625,-0.5878227220215955,-0.5052773290891588,-0.40372506972105165,-0.00016331978237221832,-4.228778785020019e-05,2.468311718908783e-06,-0.00011834482096850243,-2.6798455532217097e-05,0.17269245396087357,-5.05466541207596e-05,-1.3087500850980076e-05,0.5284556659847287,0.00015917620764790651,4.855323360748765e-05
130,True,1.310000000000001,6.24103674688639,False,False,0.0,False,,-0.15,0.0,-0.73304,-0.58496,-0.50477,-0.4000000000000001,0.0,0.0,0.0,0.0,0.0,0.17,0.0,0.0,0.52333,0.0,0.0,-0.15,0.0,-0.73304,-0.58496,-0.50477,-0.4000000000000001,0.0,0.0,0.0,0.0,0.0,0.17,0.0,0.0,0.52333,0.0,0.0,-0.1667196426608846,-0.004035694526305966,-0.7400037775961776,-0.5878237743565905,-0.5052781925261667,-0.4037263251909639,-0.000163495286671547,-4.235879147050042e-05,2.473561198795151e-06,-0.00011833947222066281,-2.6842643868006188e-05,0.17269372616957973,-5.049262971338164e-05,-1.3107841881344667e-05,0.528456907411747,0.00015947710641933712,4.8639827044420016e-05
131,True,1.320000000000001,6.241042963092389,False,False,0.0,False,,-0.15,0.0,-0.73304,-0.58496,-0.50477,-0.4000000000000001,0.0,0.0,0.0,0.0,0.0,0.17,0.0,0.0,0.52333,0.0,0.0,-0.15,0.0,-0.73304,-0.58496,-0.50477,-0.4000000000000001,0.0,0.0,0.0,0.0,0.0,0.17,0.0,0.0,0.52333,0.0,0.0,-0.1667178318982437,-0.0040368168220067,-0.7400048801564629,-0.58782480690512,-0.505279039338982,-0.40372755893932083,-0.00016366776038020803,-4.242848926290993e-05,2.478722505505873e-06,-0.00011833445071157899,-2.6886036090471208e-05,0.17269497698477757,-5.043980900821414e-05,-1.3127841967592292e-05,0.5284581269820569,0.00015977228803515687,4.87247191244884e-05
132,True,1.330000000000001,6.241049074743671,False,False,0.0,False,,-0.15,0.0,-0.73304,-0.58496,-0.50477,-0.4000000000000001,0.0,0.0,0.0,0.0,0.0,0.17,0.0,0.0,0.52333,0.0,0.0,-0.15,0.0,-0.73304,-0.58496,-0.50477,-0.4000000000000001,0.0,0.0,0.0,0.0,0.0,0.17,0.0,0.0,0.52333,0.0,0.0,-0.16671603250863168,-0.004037919351520272,-0.7400059631718229,-0.5878258200397277,-0.5052798698478175,-0.40372877134169805,-0.00016383725789237026,-4.2496905855855944e-05,2.4837971200741374e-06,-0.00011832974904497496,-2.6928647140268148e-05,0.17269620676606656,-5.0388168826115745e-05,-1.314750735978571e-05,0.5284593250801508,0.00016006185906792598,4.88079426181918e-05
133,True,1.340000000000001,6.241055083598428,False,False,0.0,False,,-0.15,0.0,-0.73304,-0.58496,-0.50477,-0.4000000000000001,0.0,0.0,0.0,0.0,0.0,0.17,0.0,0.0,0.52333,0.0,0.0,-0.15,0.0,-0.73304,-0.58496,-0.50477,-0.4000000000000001,0.0,0.0,0.0,0.0,0.0,0.17,0.0,0.0,0.52333,0.0,0.0,-0.16671424442061109,-0.004039002463948351,-0.7400070269885181,-0.5878268141259404,-0.5052806843667175,-0.4037299627671787,-0.00016400383261219753,-4.256406540923503e-05,2.4887864986562665e-06,-0.0001183253599681837,-2.6970491673672737e-05,0.1726974158670027,-5.0337686415777465e-05,-1.3166844189581189e-05,0.5284605020837598,0.0001603459241161362,4.888952966876995e-05
134,True,1.350000000000001,6.241060991385264,False,False,0.0,False,,-0.15,0.0,-0.73304,-0.58496,-0.50477,-0.4000000000000001,0.0,0.0,0.0,0.0,0.0,0.17,0.0,0.0,0.52333,0.0,0.0,-0.15,0.0,-0.73304,-0.58496,-0.50477,-0.4000000000000001,0.0,0.0,0.0,0.0,0.0,0.17,0.0,0.0,0.52333,0.0,0.0,-0.16671246756319313,-0.004040066502220656,-0.7400080719466762,-0.5878277895223994,-0.5052814832036766,-0.40373113357846574,-0.00016416753697195445,-4.262999162335267e-05,2.493692072949537e-06,-0.0001183212763694778,-2.701158406801888e-05,0.17269860463520004,-5.0288339445934675e-05,-1.318585847249641e-05,0.5284616583639721,0.0001606245858406992,4.8969511804186276e-05
135,True,1.360000000000001,6.241066799803681,False,False,0.0,False,,-0.15,0.0,-0.73304,-0.58496,-0.50477,-0.4000000000000001,0.0,0.0,0.0,0.0,0.0,0.17,0.0,0.0,0.52333,0.0,0.0,-0.15,0.0,-0.73304,-0.58496,-0.50477,-0.4000000000000001,0.0,0.0,0.0,0.0,0.0,0.17,0.0,0.0,0.52333,0.0,0.0,-0.1667107018658349,-0.004041111803204109,-0.7400090983803999,-0.5878287465809909,-0.505282266660756,-0.4037322841319923,-0.0001643284224497811,-4.2694707747692e-05,2.498515250603021e-06,-0.00011831749127544892,-2.7051938427032875e-05,0.17269977341243056,-5.024010599772022e-05,-1.3204556110134778e-05,0.5284627942853493,0.00016089794500076082,4.9047919948882e-05
136,True,1.370000000000001,6.241072510524668,False,False,0.0,False,,-0.15,0.0,-0.73304,-0.58496,-0.50477,-0.4000000000000001,0.0,0.0,0.0,0.0,0.0,0.17,0.0,0.0,0.52333,0.0,0.0,-0.15,0.0,-0.73304,-0.58496,-0.50477,-0.4000000000000001,0.0,0.0,0.0,0.0,0.0,0.17,0.0,0.0,0.52333,0.0,0.0,-0.16670894725843646,-0.004042138697810071,-0.740010106617874,-0.5878296856469726,-0.5052830350341979,-0.40373341477803,-0.0001644865395871415,-4.275823658951506e-05,2.5032574156215265e-06,-0.0001183139978484353,-2.7091568586065507e-05,0.17270092253472244,-5.0192964557156006e-05,-1.3222942892367e-05,0.5284639102060417,0.00016116610048885362,4.9124784435305835e-05
137,True,1.380000000000001,6.241078125191018,False,False,0.0,False,,-0.15,0.0,-0.73304,-0.58496,-0.50477,-0.4000000000000001,0.0,0.0,0.0,0.0,0.0,0.17,0.0,0.0,0.52333,0.0,0.0,-0.15,0.0,-0.73304,-0.58496,-0.50477,-0.4000000000000001,0.0,0.0,0.0,0.0,0.0,0.17,0.0,0.0,0.52333,0.0,0.0,-0.16670720367133815,-0.004043147511099664,-0.7400110969814708,-0.5878306070590988,-0.5052837886145378,-0.4037345258607955,-0.00016464193800595287,-4.282060052229989e-05,2.5079199287627744e-06,-0.00011831078938399637,-2.7130488117223893e-05,0.17270205233245645,-5.014689400778069e-05,-1.3241024499470714e-05,0.5284650064779016,0.0001614291493654007,4.920013501522361e-05
138,True,1.390000000000001,6.24108364541799,False,False,0.0,False,,-0.15,0.0,-0.73304,-0.58496,-0.50477,-0.4000000000000001,0.0,0.0,0.0,0.0,0.0,0.17,0.0,0.0,0.52333,0.0,0.0,-0.15,0.0,-0.73304,-0.58496,-0.50477,-0.4000000000000001,0.0,0.0,0.0,0.0,0.0,0.17,0.0,0.0,0.52333,0.0,0.0,-0.1667054710353178,-0.0040441385623872445,-0.7400120697878521,-0.5878315111497434,-0.505284527686714,-0.40373561771855515,-0.00016479466642540087,-4.288182149401635e-05,2.5125041279278627e-06,-0.00011830785930843385,-2.7168710334405077e-05,0.17270316313046097,-5.010187362341097e-05,-1.3258806504229038e-05,0.5284660834465932,0.00016168718689258177,4.927400087081184e-05
139,True,1.400000000000001,6.241089072793615,False,False,0.0,False,,-0.15,0.0,-0.73304,-0.58496,-0.50477,-0.4000000000000001,0.0,0.0,0.0,0.0,0.0,0.17,0.0,0.0,0.52333,0.0,0.0,-0.15,0.0,-0.73304,-0.58496,-0.50477,-0.4000000000000001,0.0,0.0,0.0,0.0,0.0,0.17,0.0,0.0,0.52333,0.0,0.0,-0.16670374928158807,-0.004045112165342044,-0.7400130253480706,-0.5878323982450192,-0.505285252530176,-0.40373669068372786,-0.00016494477267844712,-4.294192103524394e-05,2.517011328545176e-06,-0.000118305201176358,-2.720624829823321e-05,0.17270425524810515,-5.0057883061033997e-05,-1.3276294373988743e-05,0.5284671414517015,0.00016194030656757367,4.93464106255396e-05
140,True,1.410000000000001,6.241094408879202,False,False,0.0,False,,-0.15,0.0,-0.73304,-0.58496,-0.50477,-0.4000000000000001,0.0,0.0,0.0,0.0,0.0,0.17,0.0,0.0,0.52333,0.0,0.0,-0.15,0.0,-0.73304,-0.58496,-0.50477,-0.4000000000000001,0.0,0.0,0.0,0.0,0.0,0.17,0.0,0.0,0.52333,0.0,0.0,-0.1667020383417936,-0.004046068628088003,-0.7400139639676696,-0.5878332686648966,-0.5052859634189898,-0.403737745082986,-0.000165092303728034,-4.3000920267134586e-05,2.5214428239478846e-06,-0.00011830280866829881,-2.7243114820902152e-05,0.1727053289993908,-5.0014902353828586e-05,-1.3293493472678916e-05,0.5284681808268396,0.0001621886001551772,4.941739235484255e-05
141,True,1.420000000000001,6.241099655209872,False,False,0.0,False,,-0.15,0.0,-0.73304,-0.58496,-0.50477,-0.4000000000000001,0.0,0.0,0.0,0.0,0.0,0.17,0.0,0.0,0.52333,0.0,0.0,-0.15,0.0,-0.73304,-0.58496,-0.50477,-0.4000000000000001,0.0,0.0,0.0,0.0,0.0,0.17,0.0,0.0,0.52333,0.0,0.0,-0.1667003381480083,-0.004047008253301849,-0.7400148859467803,-0.5878341227233189,-0.505286660621942,-0.4037387812373549,-0.00016523730568299282,-4.3058839909223335e-05,2.525799885745072e-06,-0.00011830067558836067,-2.7279322470925343e-05,0.17270638469304256,-4.9972911904312995e-05,-1.331040906279081e-05,0.5284692018997533,0.000162432157719841,4.948697359659318e-05
142,True,1.430000000000001,6.241104813294836,False,False,0.0,False,,-0.15,0.0,-0.73304,-0.58496,-0.50477,-0.4000000000000001,0.0,0.0,0.0,0.0,0.0,0.17,0.0,0.0,0.52333,0.0,0.0,-0.15,0.0,-0.73304,-0.58496,-0.50477,-0.4000000000000001,0.0,0.0,0.0,0.0,0.0,0.17,0.0,0.0,0.52333,0.0,0.0,-0.16669864863273282,-0.004047931338309431,-0.7400157915802178,-0.5878349607283162,-0.5052873444026409,-0.4037397994623107,-0.00016537982381366055,-4.311570028708987e-05,2.530083764186606e-06,-0.0001182987958619204,-2.7314883577794714e-05,0.17270742263259653,-4.9931892477616746e-05,-1.3327046307319649e-05,0.5284702049924247,0.00016267106765709423,4.955518136137116e-05
143,True,1.440000000000001,6.241109884618011,False,False,0.0,False,,-0.15,0.0,-0.73304,-0.58496,-0.50477,-0.4000000000000001,0.0,0.0,0.0,0.0,0.0,0.17,0.0,0.0,0.52333,0.0,0.0,-0.15,0.0,-0.73304,-0.58496,-0.50477,-0.4000000000000001,0.0,0.0,0.0,0.0,0.0,0.17,0.0,0.0,0.52333,0.0,0.0,-0.16669696972889164,-0.004048838175180362,-0.7400166811575751,-0.5878357829821164,-0.5052880150196167,-0.4037408000678756,-0.00016551990256721044,-4.317152133987372e-05,2.534295688521945e-06,-0.00011829716353336718,-2.7349810236550367e-05,0.1727084431164875,-4.989182519487443e-05,-1.3343410271669137e-05,0.528471190421173,0.00016290541672439832,4.96220421425376e-05
144,True,1.450000000000001,6.2411148706383015,False,False,0.0,False,,-0.15,0.0,-0.73304,-0.58496,-0.50477,-0.4000000000000001,0.0,0.0,0.0,0.0,0.0,0.17,0.0,0.0,0.52333,0.0,0.0,-0.15,0.0,-0.73304,-0.58496,-0.50477,-0.4000000000000001,0.0,0.0,0.0,0.0,0.0,0.17,0.0,0.0,0.52333,0.0,0.0,-0.16669530136983068,-0.004049729050820975,-0.7400175549633158,-0.5878365897812547,-0.5052886727264195,-0.40374178335871275,-0.00016565758558270197,-4.322632262764595e-05,2.538436867352883e-06,-0.00011829577276388416,-2.7384114312262717e-05,0.1727094464381347,-4.985269152673929e-05,-1.335950592551934e-05,0.5284721584967544,0.00016313529007142913,4.9687581926116886e-05
145,True,1.460000000000001,6.24111977279008,False,False,0.0,False,,-0.15,0.0,-0.73304,-0.58496,-0.50477,-0.4000000000000001,0.0,0.0,0.0,0.0,0.0,0.17,0.0,0.0,0.52333,0.0,0.0,-0.15,0.0,-0.73304,-0.58496,-0.50477,-0.4000000000000001,0.0,0.0,0.0,0.0,0.0,0.17,0.0,0.0,0.52333,0.0,0.0,-0.16669364348931442,-0.004050604247065638,-0.7400184132768645,-0.5878373814166811,-0.5052893177717148,-0.40374274963421863,-0.0001657929157058549,-4.328012333864e-05,2.542508488980354e-06,-0.00011829461782927063,-2.741780744442883e-05,0.172710432886026,-4.981447328701431e-05,-1.3375338144658722e-05,0.5284731095244602,0.00016336077126979955,4.975182620048993e-05
146,True,1.470000000000001,6.241124592483625,False,False,0.0,False,,-0.15,0.0,-0.73304,-0.58496,-0.50477,-0.4000000000000001,0.0,0.0,0.0,0.0,0.0,0.17,0.0,0.0,0.52333,0.0,0.0,-0.15,0.0,-0.73304,-0.58496,-0.50477,-0.4000000000000001,0.0,0.0,0.0,0.0,0.0,0.17,0.0,0.0,0.52333,0.0,0.0,-0.16669199602152335,-0.004051464040766458,-0.7400192563726967,-0.5878381581738646,-0.5052899503993777,-0.4037436991886141,-0.00016592593500355294,-4.3332942296344554e-05,2.5465117217454163e-06,-0.00011829369311780423,-2.745090105128454e-05,0.17271140274380092,-4.9777152626398703e-05,-1.339091171278093e-05,0.5284740438042127,0.00016358194234223324,4.9814799965902305e-05
147,True,1.480000000000001,6.2411293311054905,False,False,0.0,False,,-0.15,0.0,-0.73304,-0.58496,-0.50477,-0.4000000000000001,0.0,0.0,0.0,0.0,0.0,0.17,0.0,0.0,0.52333,0.0,0.0,-0.15,0.0,-0.73304,-0.58496,-0.50477,-0.4000000000000001,0.0,0.0,0.0,0.0,0.0,0.17,0.0,0.0,0.52333,0.0,0.0,-0.1666903589010514,-0.004052308703881398,-0.7400200845204261,-0.5878389203328983,-0.5052905708485853,-0.4037446323110339,-0.0001660566847780817,-4.33847979664608e-05,2.5504477143645505e-06,-0.00011829299312814232,-2.7483406334034007e-05,0.1727123562903319,-4.974071202634788e-05,-1.3406231323247085e-05,0.5284749616306591,0.00016379888379119932,4.9876527743790815e-05
148,True,1.490000000000001,6.241133990018845,False,False,0.0,False,,-0.15,0.0,-0.73304,-0.58496,-0.50477,-0.4000000000000001,0.0,0.0,0.0,0.0,0.0,0.17,0.0,0.0,0.52333,0.0,0.0,-0.15,0.0,-0.73304,-0.58496,-0.50477,-0.4000000000000001,0.0,0.0,0.0,0.0,0.0,0.17,0.0,0.0,0.52333,0.0,0.0,-0.16668873206290333,-0.004053138503560825,-0.7400208979848906,-0.5878396681685988,-0.5052911793539074,-0.4037455492856146,-0.00016618520558110572,-4.343570846372698e-05,2.5543175962592735e-06,-0.00011829251246726193,-2.751533428099827e-05,0.17271329379980468,-4.9705134293044525e-05,-1.3421301580814211e-05,0.528475863293265,0.00016401167462701832,4.9937033585931995e-05
149,True,1.500000000000001,6.241138570564041,False,False,0.0,False,,-0.15,0.0,-0.73304,-0.58496,-0.50477,-0.4000000000000001,0.0,0.0,0.0,0.0,0.0,0.17,0.0,0.0,0.52333,0.0,0.0,-0.15,0.0,-0.73304,-0.58496,-0.50477,-0.4000000000000001,0.0,0.0,0.0,0.0,0.0,0.17,0.0,0.0,0.52333,0.0,0.0,-0.1666871154424921,-0.004053953702232547,-0.7400216970262371,-0.5878404019506064,-0.5052917761453948,-0.40374645039158075,-0.0001663115372273897,-4.34856915586125e-05,2.5581224778802432e-06,-0.00011829224584843746,-2.7546695671684342e-05,0.17271421554179686,-4.9670402551479134e-05,-1.3436127003330454e-05,0.528476749076405,0.0001642203923954488,4.999634108341596e-05
150,True,1.5100000000000011,6.241143074058848,False,False,0.0,False,,-0.15,0.0,-0.73304,-0.58496,-0.50477,-0.4000000000000001,0.0,0.0,0.0,0.0,0.0,0.17,0.0,0.0,0.52333,0.0,0.0,-0.15,0.0,-0.73304,-0.58496,-0.50477,-0.4000000000000001,0.0,0.0,0.0,0.0,0.0,0.17,0.0,0.0,0.52333,0.0,0.0,-0.16668550897563641,-0.00405475455768532,-0.7400224819000045,-0.5878411219434828,-0.5052923614486667,-0.40374733590333006,-0.00016643571880826837,-4.353476468388423e-05,2.561863451025894e-06,-0.00011829218808925547,-2.7577501080776383e-05,0.17271512178135537,-4.9636500239637715e-05,-1.3450712023397719e-05,0.5284776192594526,0.00016442511320476463,5.00544733754489e-05
151,True,1.5200000000000011,6.2411475017988325,False,False,0.0,False,,-0.15,0.0,-0.73304,-0.58496,-0.50477,-0.4000000000000001,0.0,0.0,0.0,0.0,0.0,0.17,0.0,0.0,0.52333,0.0,0.0,-0.15,0.0,-0.73304,-0.58496,-0.50477,-0.4000000000000001,0.0,0.0,0.0,0.0,0.0,0.17,0.0,0.0,0.52333,0.0,0.0,-0.16668391259855805,-0.004055541323150903,-0.7400232528572055,-0.5878418284068067,-0.5052929354849961,-0.40374820609051676,-0.00016655778870486938,-4.3582944941047404e-05,2.5655415891557666e-06,-0.00011829233410966604,-2.760776088205047e-05,0.17271601277907273,-4.9603411102794946e-05,-1.3465060990002378e-05,0.5284784741168678,0.00016462591175233165,5.011145315798747e-05
152,True,1.5300000000000011,6.2411518550578045,False,False,0.0,False,,-0.15,0.0,-0.73304,-0.58496,-0.50477,-0.4000000000000001,0.0,0.0,0.0,0.0,0.0,0.17,0.0,0.0,0.52333,0.0,0.0,-0.15,0.0,-0.73304,-0.58496,-0.50477,-0.4000000000000001,0.0,0.0,0.0,0.0,0.0,0.17,0.0,0.0,0.52333,0.0,0.0,-0.16668232624787943,-0.004056314247384644,-0.7400240101444062,-0.5878425215952672,-0.5052934984713932,-0.40374906121813353,-0.0001666777846010945,-4.363024910666356e-05,2.5691579476985188e-06,-0.00011829267893006971,-2.7637485252214363e-05,0.17271688879116173,-4.957111918791075e-05,-1.347917817011464e-05,0.528479313918284,0.00016482286135069396,5.016730269220836e-05
153,True,1.5400000000000011,6.241156135088157,False,False,0.0,False,,-0.15,0.0,-0.73304,-0.58496,-0.50477,-0.4000000000000001,0.0,0.0,0.0,0.0,0.0,0.17,0.0,0.0,0.52333,0.0,0.0,-0.15,0.0,-0.73304,-0.58496,-0.50477,-0.4000000000000001,0.0,0.0,0.0,0.0,0.0,0.17,0.0,0.0,0.52333,0.0,0.0,-0.1666807498606211,-0.0040570735747446525,-0.7400247540038059,-0.5878432017587564,-0.5052940506206878,-0.4037499015465923,-0.00016679574349636258,-4.3676693638547784e-05,2.5727135643548175e-06,-0.00011829321766943979,-2.7666684174673766e-05,0.1727177500695292,-4.953960883812844e-05,-1.3493067750257205e-05,0.5284801389285921,0.00016501603395317795,5.022204381281611e-05
154,True,1.5500000000000012,6.241160343121245,False,False,0.0,False,,-0.15,0.0,-0.73304,-0.58496,-0.50477,-0.4000000000000001,0.0,0.0,0.0,0.0,0.0,0.17,0.0,0.0,0.52333,0.0,0.0,-0.15,0.0,-0.73304,-0.58496,-0.50477,-0.4000000000000001,0.0,0.0,0.0,0.0,0.0,0.17,0.0,0.0,0.52333,0.0,0.0,-0.16667918337419907,-0.004057819545269558,-0.7400254846733131,-0.5878438691424598,-0.5052945921416095,-0.403750727331803,-0.0001669117017181195,-4.3722294681847574e-05,2.5762094593951185e-06,-0.00011829394554347886,-2.7695367443226458e-05,0.17271859686184823,-4.950886468737261e-05,-1.350673383804377e-05,0.5284809494080248,0.0001652055001790234,5.027569793619232e-05
155,True,1.5600000000000012,6.241164480367683,False,False,0.0,False,,-0.15,0.0,-0.73304,-0.58496,-0.50477,-0.4000000000000001,0.0,0.0,0.0,0.0,0.0,0.17,0.0,0.0,0.52333,0.0,0.0,-0.15,0.0,-0.73304,-0.58496,-0.50477,-0.4000000000000001,0.0,0.0,0.0,0.0,0.0,0.17,0.0,0.0,0.52333,0.0,0.0,-0.16667762672642258,-0.004058552394754905,-0.7400262023866228,-0.5878445239869443,-0.5052951232388674,-0.4037515388252519,-0.00016702569493411878,-4.376706807500576e-05,2.5796466359524065e-06,-0.0001182948578628093,-2.7723544665685694e-05,0.17271942941162932,-4.947887165504507e-05,-1.352018046368799e-05,0.5284817456122376,0.00016539132933805068,5.032828606838926e-05
156,True,1.5700000000000012,6.24116854801771,False,False,0.0,False,,-0.15,0.0,-0.73304,-0.58496,-0.50477,-0.4000000000000001,0.0,0.0,0.0,0.0,0.0,0.17,0.0,0.0,0.52333,0.0,0.0,-0.15,0.0,-0.73304,-0.58496,-0.50477,-0.4000000000000001,0.0,0.0,0.0,0.0,0.0,0.17,0.0,0.0,0.52333,0.0,0.0,-0.16667607985549152,-0.004059272354828194,-0.7400269073732899,-0.5878451665282461,-0.5052956441132267,-0.4037523362740773,-0.00016713775816447728,-4.381102935560939e-05,2.583026080310078e-06,-0.00011829595003119714,-2.77512252674342e-05,0.17272024795829058,-4.9449614940816754e-05,-1.3533411581483443e-05,0.5284825277923899,0.00016557358945487182,5.0379828812970844e-05
157,True,1.5800000000000012,6.241172547241585,False,False,0.0,False,,-0.15,0.0,-0.73304,-0.58496,-0.50477,-0.4000000000000001,0.0,0.0,0.0,0.0,0.0,0.17,0.0,0.0,0.52333,0.0,0.0,-0.15,0.0,-0.73304,-0.58496,-0.50477,-0.4000000000000001,0.0,0.0,0.0,0.0,0.0,0.17,0.0,0.0,0.52333,0.0,0.0,-0.16667454269999385,-0.004059979653022589,-0.7400275998588038,-0.5878457969979554,-0.5052961549615853,-0.40375311992114576,-0.0001672479257935104,-4.385419376612703e-05,2.586348762184955e-06,-0.00011829721754380824,-2.7778418494910154e-05,0.1727210527372262,-4.9421080019514256e-05,-1.3546431071255165e-05,0.528483296195224,0.00016575234729265464,5.0430346378703846e-05
158,True,1.5900000000000012,6.267653116558488,False,False,0.0,False,,-0.0,-0.8726646259971648,0.44427287106152996,-0.20943951023931884,-0.3490658503988659,0.01685816874394165,0.4937974218585024,-0.008497438092712592,0.2185910836950443,0.3329947022380133,0.2360326257892199,0.2246407375462859,0.3216263940997505,0.32716859730596753,0.20861555624200157,-0.1713097546545607,0.5793202817258535,-0.0,-0.8726646259971648,0.44427287106152996,-0.20943951023931884,-0.3490658503988659,0.01685816874394165,0.4937974218585024,-0.008497438092712592,0.2185910836950443,0.3329947022380133,0.2360326257892199,0.2246407375462859,0.3216263940997505,0.32716859730596753,0.20861555624200157,-0.1713097546545607,0.5793202817258535,-0.15821753297817792,-0.04324440114400698,-0.7039589312957503,-0.5582301429246364,-0.4930529316202228,-0.3732478803875622,0.03822336030784297,-0.0009127702937691617,0.01574331025076791,0.025734150624685825,0.018420246230371903,0.17671119871227686,0.02476633979371586,0.025602983642485144,0.5053043820516004,-0.012871140984258,0.04031917642318495
159,True,1.6000000000000012,6.3246924960035935,False,False,0.0,False,,-0.0,-0.8726646259971648,0.45455705073676117,-0.20943951023931925,-0.3490658503988659,0.015195974304250024,0.46462389278890887,-0.0028154649559171668,0.22694567817942102,0.3041245259546407,0.2661223171427247,0.24282823738579767,0.30669059989330294,0.3131193127713806,0.22838449121257562,-0.17503192099793502,0.5687073127933918,-0.0,-0.8726646259971648,0.45455705073676117,-0.20943951023931925,-0.3490658503988659,0.015195974304250024,0.46462389278890887,-0.0028154649559171668,0.22694567817942102,0.3041245259546407,0.2661223171427247,0.24282823738579767,0.30669059989330294,0.3131193127713806,0.22838449121257562,-0.17503192099793502,0.5687073127933918,-0.14234870381168183,-0.11804280165276752,-0.6333228514248749,-0.5055528362575272,-0.47127612056079343,-0.31732127666790366,0.10474045200671818,-0.001757006681709571,0.04546945444266392,0.06988084243072823,0.05373319635729464,0.18535885252704545,0.0682685344568268,0.0701783876198404,0.46430311363489807,-0.03665648355727925,0.1159641950624046
160,True,1.6100000000000012,6.397653437418475,False,False,0.0,False,,-0.0,-0.8726646259971648,0.45738686111998816,-0.2094395102393194,-0.3490658503988659,-0.0015094885465799567,0.46581948266947837,-0.02267059891682839,0.2281039709699675,0.3170051600395512,0.2582175982776555,0.2561088940933172,0.32052900854705724,0.28428318651877105,0.2484777028688778,-0.15557314440685455,0.5396221902166768,-0.0,-0.8726646259971648,0.45738686111998816,-0.2094395102393194,-0.3490658503988659,-0.0015094885465799567,0.46581948266947837,-0.02267059891682839,0.2281039709699675,0.3170051600395512,0.2582175982776555,0.2561088940933172,0.32052900854705724,0.28428318651877105,0.2484777028688778,-0.15557314440685455,0.5396221902166768,-0.12409956040938719,-0.2076365250325844,-0.5470891927647982,-0.44972506887360275,-0.44819812556682265,-0.2575858614865027,0.1741291814291305,-0.0036816776783373485,0.07866843651331096,0.11637287657389582,0.09232113655973329,0.19676031872309258,0.1150627716338501,0.11444031998975714,0.4222551826020489,-0.06081368660884618,0.19737774902952962
161,True,1.6200000000000012,6.477262792314468,False,False,0.0,False,,-0.0,-0.8726646259971648,0.45785372346987757,-0.20943951023931942,-0.3490658503988659,-0.00735173548122508,0.4496786120739577,-0.0062722116859746345,0.23681309839062076,0.2847367579317818,0.28727916390750746,0.2773377536260151,0.3021595738146463,0.3022998793507038,0.2669188756147971,-0.15316325611550907,0.5386790253886724,-0.0,-0.8726646259971648,0.45785372346987757,-0.20943951023931942,-0.3490658503988659,-0.00735173548122508,0.4496786120739577,-0.0062722116859746345,0.23681309839062076,0.2847367579317818,0.28727916390750746,0.2773377536260151,0.3021595738146463,0.3022998793507038,0.2669188756147971,-0.15316325611550907,0.5386790253886724,-0.10607565870500817,-0.3034631672102392,-0.45404743751332755,-0.3992072787610428,-0.42731190133407354,-0.20373366725720551,0.23539856994821654,-0.0052369927955110565,0.11052724962918574,0.15644664461846705,0.12973246045204573,0.2101671361033095,0.15691969277104645,0.15372788871807036,0.3864919698315795,-0.08144861347397882,0.27033962933607436
162,True,1.6300000000000012,6.552007871326102,False,False,0.0,False,,-0.0,-0.8726646259971648,0.45785372346987757,-0.20943951023931942,-0.3490658503988659,-0.00735173548122508,0.4496786120739577,-0.0062722116859746345,0.23681309839062076,0.2847367579317818,0.28727916390750746,0.2773377536260151,0.3021595738146463,0.3022998793507038,0.2669188756147971,-0.15316325611550907,0.5386790253886724,-0.0,-0.8726646259971648,0.45785372346987757,-0.20943951023931942,-0.3490658503988659,-0.00735173548122508,0.4496786120739577,-0.0062722116859746345,0.23681309839062076,0.2847367579317818,0.28727916390750746,0.2773377536260151,0.3021595738146463,0.3022998793507038,0.2669188756147971,-0.15316325611550907,0.5386790253886724,-0.08917736665029877,-0.40195598124313664,-0.36372247998901364,-0.35678045477278036,-0.4097696132345812,-0.15858225438028428,0.285582700017731,-0.005858031131385829,0.13866604949655859,0.187993421460455,0.16340525102453263,0.22379225269235428,0.19119342284218488,0.18710391847524963,0.35810090583109166,-0.09818275805398793,0.33126402745429395
163,True,1.6400000000000012,6.6137789031083605,False,False,0.0,False,,-0.0,-0.8726646259971648,0.4650945924031731,-0.20943951023931948,-0.3490658503988659,-0.009798809640042129,0.43239050168614984,0.034670234996924496,0.23128036092912457,0.26264399177754866,0.3280727851680888,0.27496767213125023,0.2901364436795307,0.32369727458628167,0.2689969391307958,-0.1805657075931251,0.5442179575685556,-0.0,-0.8726646259971648,0.4650945924031731,-0.20943951023931948,-0.3490658503988659,-0.009798809640042129,0.43239050168614984,0.034670234996924496,0.23128036092912457,0.26264399177754866,0.3280727851680888,0.27496767213125023,0.2901364436795307,0.32369727458628167,0.2689969391307958,-0.1805657075931251,0.5442179575685556,-0.07375825801756478,-0.4971550647301483,-0.2845073590877757,-0.3227383414579237,-0.3956723396280659,-0.12239447044567363,0.32400432411069785,-0.0028671410589159456,0.16168880631076246,0.2106208478107878,0.1948287592808872,0.23585582315212,0.217409113737121,0.21585972782085433,0.3362081093525115,-0.11351510411971263,0.3806246739855579
164,True,1.6500000000000012,6.663268191877085,False,False,0.0,False,,-0.0,-0.8726646259971648,0.4602023580319405,-0.20943951023931956,-0.3490658503988659,0.00010128391904934766,0.42306705564286373,0.08642442348198576,0.24646096909057583,0.1951187885292509,0.48191125458995404,0.2756687344262409,0.24248893927776283,0.4258885867161696,0.2788451617716832,-0.256854678853005,0.6488096142598755,-0.0,-0.8726646259971648,0.4602023580319405,-0.20943951023931956,-0.3490658503988659,0.00010128391904934766,0.42306705564286373,0.08642442348198576,0.24646096909057583,0.1951187885292509,0.48191125458995404,0.2756687344262409,0.24248893927776283,0.4258885867161696,0.2788451617716832,-0.256854678853005,0.6488096142598755,-0.060172565386251584,-0.5806472877397751,-0.21900154859792317,-0.29626951779255756,-0.3846688463518575,-0.09348219741716941,0.35167213912576456,0.006866262968055234,0.18081713982255465,0.22086836144739647,0.23538538874502732,0.2458624408115183,0.2330506933684786,0.24827453936730776,0.32036771223884863,-0.13354104017481774,0.42801753691175337
165,True,1.6600000000000013,6.703107361103936,False,False,0.0,False,,-0.0,-0.8726646259971648,0.44850409931406937,-0.20943951023931956,-0.3490658503988659,0.0020999416184029397,0.43260845227109995,0.0892909702822643,0.2495913358246991,0.22220162285252956,0.45381175385070743,0.2776227682465172,0.25208276165416404,0.4215245574716272,0.280351953120028,-0.25248421992510395,0.6376111184188519,-0.0,-0.8726646259971648,0.44850409931406937,-0.20943951023931956,-0.3490658503988659,0.0020999416184029397,0.43260845227109995,0.0892909702822643,0.2495913358246991,0.22220162285252956,0.45381175385070743,0.2776227682465172,0.25208276165416404,0.4215245574716272,0.280351953120028,-0.25248421992510395,0.6376111184188519,-0.04804005781569566,-0.6496105652344267,-0.16683584454049447,-0.2760071010007297,-0.3762187594039135,-0.07043554393863802,0.3721125193539637,0.02038692789446932,0.196913374425053,0.22427964994190835,0.27855297958820974,0.2540290537311757,0.24142656763379483,0.28194185380019665,0.309398026811023,-0.15576451159089602,0.47219086219641115
166,True,1.6700000000000013,6.654365963767672,False,False,0.0,False,,-0.0,-0.8726646259971648,0.44850409931406937,-0.20943951023931956,-0.3490658503988659,0.0020999416184029397,0.43260845227109995,0.0892909702822643,0.2495913358246991,0.22220162285252956,0.45381175385070743,0.2776227682465172,0.25208276165416404,0.4215245574716272,0.280351953120028,-0.25248421992510395,0.6376111184188519,-0.0,-0.8726646259971648,0.44850409931406937,-0.20943951023931956,-0.3490658503988659,0.0020999416184029397,0.43260845227109995,0.0892909702822643,0.2495913358246991,0.22220162285252956,0.45381175385070743,0.2776227682465172,0.25208276165416404,0.4215245574716272,0.280351953120028,-0.25248421992510395,0.6376111184188519,-0.0372063254275515,-0.7044888297037022,-0.12631769803984622,-0.2605920396879732,-0.36978518004960276,-0.052426457829814824,0.38759606380622,0.033946735710256346,0.21002241705797775,0.22553911546869782,0.31657891381937947,0.26055580302170583,0.24618199339683233,0.3119599613107067,0.30181567713669294,-0.1761584211020245,0.5094091054535693
167,True,1.6800000000000013,6.569208882006378,False,False,0.0,False,,-0.0,-0.8726646259971648,0.44121971510302377,-0.20943951023931956,-0.34906585039886584,-0.0006508259443180819,0.4551098341972732,0.07184647647451141,0.24712825777141456,0.26841021926084513,0.4222821890754753,0.2651744152061456,0.2715343581337835,0.43469502525156056,0.2739100216077749,-0.23796745270256386,0.630158581426822,-0.0,-0.8726646259971648,0.44121971510302377,-0.20943951023931956,-0.34906585039886584,-0.0006508259443180819,0.4551098341972732,0.07184647647451141,0.24712825777141456,0.26841021926084513,0.4222821890754753,0.2651744152061456,0.2715343581337835,0.43469502525156056,0.2739100216077749,-0.23796745270256386,0.630158581426822,-0.0274326314900999,-0.7470981483207217,-0.09540519559544397,-0.24888755646226174,-0.364909522145122,-0.03881503746154508,0.4010021107693397,0.0445337179608339,0.22019617612162515,0.22925784808889488,0.345531366979814,0.2647378978773279,0.25034773225729773,0.3379866846051285,0.29606808403830664,-0.1923172857464276,0.5388410343675186
168,True,1.6900000000000013,6.257447914069565,False,False,0.0,False,,-0.0,-0.8726646259971647,0.44027518655727893,-0.20943951023931956,-0.34906585039886584,0.013918179908931556,0.45028015102716334,0.09265810290752319,0.2620089300229543,0.2518799614663108,0.4550296642770885,0.26848197419913405,0.2588538497208721,0.4571449220039259,0.27441899624669264,-0.24124693340808614,0.6465698924582152,-0.0,-0.8726646259971647,0.44027518655727893,-0.20943951023931956,-0.34906585039886584,0.013918179908931556,0.45028015102716334,0.09265810290752319,0.2620089300229543,0.2518799614663108,0.4550296642770885,0.26848197419913405,0.2588538497208721,0.4571449220039259,0.27441899624669264,-0.24124693340808614,0.6465698924582152,-0.019010364850439415,-0.779639380410008,-0.07209745554201505,-0.24000229007864612,-0.3612239592780351,-0.027646644716847694,0.41244533824729274,0.05363540236191051,0.22894483109443564,0.23398251617405955,0.3687940960151312,0.26719440838096814,0.2535160230624103,0.36162483345180296,0.2915438858250626,-0.2046010353760174,0.562672395238532
169,True,1.7000000000000013,5.759839138192391,False,False,0.0,False,,-0.0,-0.8726646259971647,0.42903176603972687,-0.20943951023931956,-0.34906585039886584,0.021690528667850276,0.43716856963151024,0.1081002808599325,0.26222587445232354,0.22220295567013343,0.4829470957624185,0.2630230190077223,0.255832923167093,0.4684783266248585,0.26970102611650343,-0.2402702592539869,0.6324056085981039,-0.0,-0.8726646259971647,0.42903176603972687,-0.20943951023931956,-0.34906585039886584,0.021690528667850276,0.43716856963151024,0.1081002808599325,0.26222587445232354,0.22220295567013343,0.4829470957624185,0.2630230190077223,0.255832923167093,0.4684783266248585,0.26970102611650343,-0.2402702592539869,0.6324056085981039,-0.012290394327504109,-0.804212890337828,-0.05467532743928808,-0.23325755740222673,-0.35844273406325455,-0.01765444245126292,0.4205306507874885,0.06309816265330052,0.236670827492179,0.2357371928976731,0.3905308224919743,0.26836444104114476,0.2551582104021171,0.38328231357330095,0.2877134496249335,-0.21393019561380436,0.5809635083362854
170,True,1.7100000000000013,5.404931772731898,False,False,0.0,False,,-0.0,-0.8726646259971647,0.42327650777953274,-0.20943951023931942,-0.34906585039886584,0.025120196905165783,0.4624527678181335,0.08549251600499293,0.2579146225150232,0.2534459379091931,0.45238907986213994,0.25674446198517237,0.27549674123898216,0.455118463346475,0.2428208170600515,-0.22358407480463482,0.61414753481491,-0.0,-0.8726646259971647,0.42327650777953274,-0.20943951023931942,-0.34906585039886584,0.025120196905165783,0.4624527678181335,0.08549251600499293,0.2579146225150232,0.2534459379091931,0.45238907986213994,0.25674446198517237,0.27549674123898216,0.455118463346475,0.2428208170600515,-0.22358407480463482,0.61414753481491,-0.006914741684117996,-0.8226176555657444,-0.04177294140794544,-0.2281378862052847,-0.35634641847779797,-0.008740203412394704,0.4277761274671577,0.0703939215706268,0.24279671821408494,0.23730760089408698,0.40774564397037877,0.2682547261748973,0.2573961600611374,0.40096725825347945,0.2824353096612035,-0.2196096603581965,0.5928816935808542
171,True,1.7200000000000013,5.152109294775136,False,False,0.0,False,,-0.0,-0.8726646259971647,0.40049055072709705,-0.20943951023931942,-0.34906585039886584,0.024566291724267744,0.4644502772725146,0.06196717241864224,0.24964114145173275,0.2979506002769862,0.4078278769748296,0.24167975709439152,0.27476435842333397,0.47110144276274746,0.2061667791340338,-0.21111305414420703,0.6111729901345858,-0.0,-0.8726646259971647,0.40049055072709705,-0.20943951023931942,-0.34906585039886584,0.024566291724267744,0.4644502772725146,0.06196717241864224,0.24964114145173275,0.2979506002769862,0.4078278769748296,0.24167975709439152,0.27476435842333397,0.47110144276274746,0.2061667791340338,-0.21111305414420703,0.6111729901345858,-0.0026284935148908777,-0.8363236024075277,-0.03228173235095745,-0.2242524707843296,-0.35476774294573704,-0.0011970691118386762,0.43499722020015874,0.07331030746863339,0.24678405229092237,0.24318749235647863,0.41641129703209045,0.26626598656294487,0.2603293025662729,0.4157196678992654,0.2733810035453436,-0.22160125199641445,0.5998877525737248
172,True,1.7300000000000013,4.971937611051462,False,True,0.0,False,,-0.0,-0.8726646259971647,0.3925366855493716,-0.20943951023931945,-0.34906585039886584,0.022959131795731873,0.4856821972574369,0.036242310025345524,0.2400195438204161,0.33073859482503365,0.3666908121871386,0.23090753635211714,0.2957621369579409,0.46789441628401685,0.18383975905212283,-0.1787477134825066,0.5770885196780948,-0.0,-0.8726646259971647,0.3925366855493716,-0.20943951023931945,-0.34906585039886584,0.022959131795731873,0.4856821972574369,0.036242310025345524,0.2400195438204161,0.33073859482503365,0.3666908121871386,0.23090753635211714,0.2957621369579409,0.46789441628401685,0.18383975905212283,-0.1787477134825066,0.5770885196780948,0.0007670817152951121,-0.8464888950531105,-0.025338206532650058,-0.2213046902872035,-0.3535797205035473,0.004772182170900507,0.4431043979591885,0.07121047195040171,0.24845399865730172,0.25442508178650663,0.41571540663960854,0.26231862922979843,0.2648027652127673,0.42791419023364063,0.26066645797752613,-0.21888246997219343,0.6013581267672958
173,True,1.7400000000000013,4.842596660351428,False,True,0.0,False,,-0.0,-0.8726646259971647,0.3925366855493716,-0.20943951023931945,-0.34906585039886584,0.022959131795731873,0.4856821972574369,0.036242310025345524,0.2400195438204161,0.33073859482503365,0.3666908121871386,0.23090753635211714,0.2957621369579409,0.46789441628401685,0.18383975905212283,-0.1787477134825066,0.5770885196780948,-0.0,-0.8726646259971647,0.3925366855493716,-0.20943951023931945,-0.34906585039886584,0.022959131795731873,0.4856821972574369,0.036242310025345524,0.2400195438204161,0.33073859482503365,0.3666908121871386,0.23090753635211714,0.2957621369579409,0.46789441628401685,0.18383975905212283,-0.1787477134825066,0.5770885196780948,0.003158032296327489,-0.8540108132033323,-0.02026577974478855,-0.21907052366709334,-0.3526864711555233,0.009337409193334903,0.45142995849148343,0.0663400450039027,0.24859153637396017,0.26785474471407567,0.40976454640727755,0.2575286654369888,0.27020803776180824,0.4375271344554967,0.24694590877752978,-0.2133073710767889,0.5991545418306907
174,True,1.7500000000000013,4.748116409697183,False,True,0.0,False,,-0.0,-0.8726646259971647,0.390281132495182,-0.20943951023931948,-0.34906585039886584,0.026490686424775645,0.5412939434993387,-0.027031688976465996,0.24859113505529468,0.4160881119729608,0.23987906476613416,0.24211174253517187,0.3510333016543812,0.3657858933034532,0.20530848829137716,-0.13561935347530604,0.5153373022207304,-0.0,-0.8726646259971647,0.390281132495182,-0.20943951023931948,-0.34906585039886584,0.026490686424775645,0.5412939434993387,-0.027031688976465996,0.24859113505529468,0.4160881119729608,0.23987906476613416,0.24211174253517187,0.3510333016543812,0.3657858933034532,0.20530848829137716,-0.13561935347530604,0.5153373022207304,0.005059119561406994,-0.8595584207775484,-0.016598312491525737,-0.21737611299810508,-0.35201480127391505,0.013042660535018466,0.4632236035699762,0.05591287413519061,0.24858597513792655,0.28728674070852966,0.3923639119060995,0.2537093923428794,0.27972070117313813,0.43697933628518626,0.23593009974917825,-0.2038072500895142,0.590859499672174
175,True,1.7600000000000013,4.67917945588934,False,True,0.0,False,,-0.0,-0.8726646259971647,0.385596736728079,-0.20943951023931945,-0.34906585039886584,0.023911486238931242,0.5151820564744722,-0.022060832527193923,0.2390510983255323,0.39728875436345135,0.2400301624165896,0.22721051773199658,0.3384209014176981,0.3762039631332191,0.18509705244909905,-0.1414849931613485,0.5183621141730318,-0.0,-0.8726646259971647,0.385596736728079,-0.20943951023931945,-0.34906585039886584,0.023911486238931242,0.5151820564744722,-0.022060832527193923,0.2390510983255323,0.39728875436345135,0.2400301624165896,0.22721051773199658,0.3384209014176981,0.3762039631332191,0.18509705244909905,-0.1414849931613485,0.5183621141730318,0.006060733803345021,-0.8635687821228296,-0.013923725519607633,-0.21609734537732717,-0.3515111839631784,0.015909792584677916,0.47517974902160726,0.042438975057674334,0.24817166070213748,0.3087797018158594,0.367527579961238,0.2500570366757394,0.2909512251126319,0.4293208729946445,0.22659735557470856,-0.19262621934880886,0.578939655144749
176,True,1.7700000000000014,4.637524349922772,False,True,0.0,False,,-0.0,-0.8726646259971647,0.385596736728079,-0.20943951023931945,-0.34906585039886584,0.023911486238931242,0.5151820564744722,-0.022060832527193923,0.2390510983255323,0.39728875436345135,0.2400301624165896,0.22721051773199658,0.3384209014176981,0.3762039631332191,0.18509705244909905,-0.1414849931613485,0.5183621141730318,-0.0,-0.8726646259971647,0.385596736728079,-0.20943951023931945,-0.34906585039886584,0.023911486238931242,0.5151820564744722,-0.022060832527193923,0.2390510983255323,0.39728875436345135,0.2400301624165896,0.22721051773199658,0.3384209014176981,0.3762039631332191,0.18509705244909905,-0.1414849931613485,0.5183621141730318,0.006080924225116374,-0.8653073959233948,-0.011983592749678312,-0.2151568398702019,-0.35113928331619754,0.01799849325885234,0.4848142341013983,0.0295286577381481,0.24730361884804833,0.32794119230965096,0.34265144461470537,0.24632415797022802,0.3011139747808673,0.4201179507793281,0.21827195173255776,-0.18228535627981943,0.5670913546013746
177,True,1.7800000000000014,4.614359726563694,False,True,0.0,False,,-0.0,-0.8726646259971647,0.370078524750592,-0.20943951023931948,-0.34906585039886584,0.020563327642033138,0.5131794056740092,0.0007738941204420875,0.24212782652489176,0.429141198608284,0.23524135171188576,0.22707453260111213,0.36053658895835955,0.3850060389152343,0.17423019954367105,-0.11397305891485975,0.504634865010623,-0.0,-0.8726646259971647,0.370078524750592,-0.20943951023931948,-0.34906585039886584,0.020563327642033138,0.5131794056740092,0.0007738941204420875,0.24212782652489176,0.429141198608284,0.23524135171188576,0.22707453260111213,0.36053658895835955,0.3850060389152343,0.17423019954367105,-0.11397305891485975,0.504634865010623,0.005655171122540112,-0.8656398195877826,-0.01060124176702827,-0.21444239066815055,-0.3508595180751814,0.019262815786068446,0.49223556309031014,0.020171538547451674,0.24655488590232721,0.3463843727150995,0.32029276081537,0.24295958613485244,0.3113697278988512,0.41206010104494273,0.21050855326995274,-0.17133466125516,0.5555769201467511
178,True,1.7900000000000014,4.602265495426981,False,True,0.0,False,,-0.0,-0.8726646259971645,0.35523212287714045,-0.20943951023931945,-0.3490658503988658,0.02962442493020862,0.5106683699128929,0.019346657964749228,0.244446188301711,0.4542975020532083,0.22329018523369493,0.22837773647050882,0.36916973555978,0.38897881543713964,0.1756848387673512,-0.10441891350534133,0.4850030805040336,-0.0,-0.8726646259971645,0.35523212287714045,-0.20943951023931945,-0.3490658503988658,0.02962442493020862,0.5106683699128929,0.019346657964749228,0.244446188301711,0.4542975020532083,0.22329018523369493,0.22837773647050882,0.36916973555978,0.38897881543713964,0.1756848387673512,-0.10441891350534133,0.4850030805040336,0.005016036615847728,-0.8653881830673591,-0.009677450371237952,-0.21388614824587876,-0.3506459455936945,0.02057485254276575,0.49761796900012606,0.015663657531324635,0.24619046501663205,0.3655661970085701,0.3004401574567204,0.24021707588173127,0.322007849424889,0.40606832631551737,0.2035566978748621,-0.15958119066486257,0.543477073057558
179,True,1.8000000000000014,4.5999022155294815,False,True,0.0,False,,-0.0,-0.8726646259971644,0.3385040524702792,-0.20943951023931945,-0.34906585039886573,0.02520831915664297,0.5130601183373471,0.022874214807362486,0.24696286378233195,0.4414484037801157,0.23183913556455113,0.2152441708060705,0.3474910719934902,0.3934906463151545,0.15889867158919674,-0.09954642704145275,0.45686780764694185,-0.0,-0.8726646259971644,0.3385040524702792,-0.20943951023931945,-0.34906585039886573,0.02520831915664297,0.5130601183373471,0.022874214807362486,0.24696286378233195,0.4414484037801157,0.23183913556455113,0.2152441708060705,0.3474910719934902,0.3934906463151545,0.15889867158919674,-0.09954642704145275,0.45686780764694185,0.00393457503120209,-0.864951588008382,-0.009316336431179672,-0.2134510572176914,-0.35048231406482583,0.02177557621514536,0.5016135129558257,0.014550072942498203,0.2462386308422814,0.38284606375157215,0.2841723425006687,0.23713455978564815,0.3302801608361673,0.4021548907884131,0.19652762057659132,-0.148105314176588,0.5295922124684268
180,True,1.8100000000000014,4.602153169159396,False,True,0.0,False,,-0.0,-0.8726646259971644,0.327133539004903,-0.2094395102393195,-0.3490658503988658,0.011218644852883965,0.5220526221650943,0.011059282254674653,0.23513168104434376,0.4305530235535908,0.22800205845884805,0.1876359786111424,0.3524483419825612,0.37724502670262605,0.12853669499492026,-0.07826459749194667,0.41139039980085856,-0.0,-0.8726646259971644,0.327133539004903,-0.2094395102393195,-0.3490658503988658,0.011218644852883965,0.5220526221650943,0.011059282254674653,0.23513168104434376,0.4305530235535908,0.22800205845884805,0.1876359786111424,0.3524483419825612,0.37724502670262605,0.12853669499492026,-0.07826459749194667,0.41139039980085856,0.002435602739080595,-0.8645099741556467,-0.009260985763346498,-0.213114785525248,-0.3503578102379755,0.021663374150913746,0.505381477106279,0.014210670490614346,0.24575416708315334,0.3960756070696158,0.27131900982395324,0.23173609579100599,0.33619769477787076,0.3984350760060507,0.18735646454249766,-0.1362171286806958,0.5119397201914181
181,True,1.8200000000000014,4.605803865376127,False,True,0.0,False,,-0.0,-0.8726646259971647,0.310474625544764,-0.2094395102393195,-0.34906585039886584,0.009837383537436128,0.5355944996828946,0.030942574372420106,0.23671752606863844,0.44134139117166166,0.22997731230661983,0.1815886792753978,0.3601586521689679,0.35750084762567014,0.1231544143588456,-0.06362588381783957,0.37030783133861384,-0.0,-0.8726646259971647,0.310474625544764,-0.2094395102393195,-0.34906585039886584,0.009837383537436128,0.5355944996828946,0.030942574372420106,0.23671752606863844,0.44134139117166166,0.22997731230661983,0.1815886792753978,0.3601586521689679,0.35750084762567014,0.1231544143588456,-0.06362588381783957,0.37030783133861384,0.0008786734907459467,-0.8641335274619016,-0.009329648079725254,-0.21285661544772908,-0.35026348767495313,0.020400880673075706,0.5100210954527027,0.01529015552027338,0.24480278533851874,0.4065356442717454,0.26135415857834465,0.22444191295393795,0.3412709731721104,0.3930384673440687,0.17674802739864812,-0.12355622310315761,0.4898461474047767
182,True,1.8300000000000014,4.609282085613694,False,True,0.0,False,,-0.0,-0.8726646259971644,0.3170612937869643,-0.20943951023931956,-0.3490658503988658,0.021541141638043007,0.5930588710906821,0.010183625765029562,0.2516957032514937,0.5017951751743338,0.17049233397530042,0.19162994005770256,0.41078227500844006,0.31674104286129956,0.12494510506272094,-0.020003015442271274,0.3232016453586838,-0.0,-0.8726646259971644,0.3170612937869643,-0.20943951023931956,-0.3490658503988658,0.021541141638043007,0.5930588710906821,0.010183625765029562,0.2516957032514937,0.5017951751743338,0.17049233397530042,0.19162994005770256,0.41078227500844006,0.31674104286129956,0.12494510506272094,-0.020003015442271274,0.3232016453586838,-4.126905610375309e-05,-0.8638406592249958,-0.009425952710313523,-0.2126577161450733,-0.3501919269807329,0.01953648714955825,0.5194798357023096,0.015963743812536537,0.24483267482508614,0.41974117691174206,0.2490681995164642,0.21762305425494746,0.34961997930843114,0.38358836841714683,0.16664425735787244,-0.10807099916964166,0.46324339558055033
183,True,1.8400000000000014,4.443142338174558,False,True,0.0,False,,-0.0,-0.8726646259971643,0.31667618813220005,-0.20943951023931956,-0.3490658503988657,0.024645401619744232,0.6126878675382132,0.02162179013979309,0.24925062963078376,0.5414948386300209,0.14795434850802994,0.19016927872482065,0.4418060274461473,0.3092758822144822,0.12910446353677882,-0.00381633548099352,0.3274824750842441,-0.0,-0.8726646259971643,0.31667618813220005,-0.20943951023931956,-0.3490658503988657,0.024645401619744232,0.6126878675382132,0.02162179013979309,0.24925062963078376,0.5414948386300209,0.14795434850802994,0.19016927872482065,0.4418060274461473,0.3092758822144822,0.12910446353677882,-0.00381633548099352,0.3274824750842441,-0.00029202895179400077,-0.8636240855459767,-0.009513414616427756,-0.21250685735970684,-0.3501381386899995,0.019552931831323023,0.5335637708911382,0.016459965227523906,0.24563231998669363,0.4379106871297878,0.23318750770964203,0.2120218856144429,0.362654856794441,0.37143060274068385,0.15825865429865868,-0.09032257482228818,0.43646131655905795
184,True,1.8500000000000014,4.1072376507241595,False,True,0.0,False,,-0.0,-0.8726646259971645,0.32384103749064563,-0.20943951023931948,-0.34906585039886573,0.026751646640987937,0.6362074233349131,0.00919066464632595,0.25189296175928144,0.5703114646199424,0.11793395581657007,0.19082869612128203,0.4648509767855073,0.2894646290759084,0.1297660211783892,0.018958677636588043,0.3224037166337633,-0.0,-0.8726646259971645,0.32384103749064563,-0.20943951023931948,-0.34906585039886573,0.026751646640987937,0.6362074233349131,0.00919066464632595,0.25189296175928144,0.5703114646199424,0.11793395581657007,0.19082869612128203,0.4648509767855073,0.2894646290759084,0.1297660211783892,0.018958677636588043,0.3224037166337633,-0.00026292821250258535,-0.8634693895410374,-0.009582806509223794,-0.21239537513670925,-0.35009832756203113,0.020226229229794414,0.5505086562407686,0.01634150470938736,0.2467850457152297,0.45977579850064,0.21448962894320345,0.2075580729424917,0.37908136230873646,0.35776463138830206,0.15174558888169384,-0.07134771555961311,0.41251732193052254
185,True,1.8600000000000014,3.80046422874149,False,True,0.0,False,,-0.0,-0.8726646259971644,0.32994665710117815,-0.2094395102393195,-0.3490658503988658,0.03216299457428479,0.6475177278161041,0.00395022299677008,0.25829801933766705,0.5866029545934323,0.08812142562822682,0.19241842446662435,0.4827826537821733,0.26290570862557683,0.13034158549934866,0.039016904610317406,0.29415080296426255,-0.0,-0.8726646259971644,0.32994665710117815,-0.2094395102393195,-0.3490658503988658,0.03216299457428479,0.6475177278161041,0.00395022299677008,0.25829801933766705,0.5866029545934323,0.08812142562822682,0.19241842446662435,0.4827826537821733,0.26290570862557683,0.13034158549934866,0.039016904610317406,0.29415080296426255,-0.00032368502820717037,-0.8633658840835808,-0.009635156672247586,-0.21231488522902506,-0.350069260660471,0.021595737756382107,0.5684619771794583,0.015148568161513956,0.24853179881254497,0.4830311434239266,0.19335943716619047,0.20421917273179924,0.39729725127327664,0.34224737332956884,0.14682661690860827,-0.051634596508458,0.3901090348527957
186,True,1.8700000000000014,3.5203470022202588,False,True,0.0,False,,-0.0,-0.8726646259971644,0.33693647767350055,-0.20943951023931942,-0.3490658503988658,0.03608355186454464,0.656587929755985,0.00960684685924729,0.2546735661383077,0.6038655480660169,0.06772028227153244,0.18591831220006055,0.4902069531431547,0.26200261550441106,0.12463447180188417,0.04605171422245047,0.29145361472160836,-0.0,-0.8726646259971644,0.33693647767350055,-0.20943951023931942,-0.3490658503988658,0.03608355186454464,0.656587929755985,0.00960684685924729,0.2546735661383077,0.6038655480660169,0.06772028227153244,0.18591831220006055,0.4902069531431547,0.26200261550441106,0.12463447180188417,0.04605171422245047,0.29145361472160836,-0.0006744584910069387,-0.863304058289385,-0.00967361213007079,-0.21225749050722587,-0.35004818996286313,0.023612083908031833,0.5858935284578124,0.013918106875243322,0.2503193874900534,0.5061453023565448,0.17098034195839013,0.20132217548596432,0.4154219087740524,0.32672383795992843,0.14273683726586775,-0.03258543146820148,0.36965797493622155
187,True,1.8800000000000014,3.303442445877192,False,True,0.0,False,,-0.0,-0.8726646259971644,0.34130401052078385,-0.2094395102393194,-0.3490658503988658,0.04335764699002201,0.6371790253487811,0.01838446094998408,0.24922560734740704,0.596157943124875,0.055588487668786615,0.18745518968593278,0.4907708617150775,0.24629501653088867,0.12468892972029103,0.04626739069831721,0.2814747998009909,-0.0,-0.8726646259971644,0.34130401052078385,-0.2094395102393194,-0.3490658503988658,0.04335764699002201,0.6371790253487811,0.01838446094998408,0.24922560734740704,0.596157943124875,0.055588487668786615,0.18745518968593278,0.4907708617150775,0.24629501653088867,0.12468892972029103,0.04626739069831721,0.2814747998009909,-0.001567680569360529,-0.8632716054190512,-0.009703141000824677,-0.2122175279216548,-0.35003293995655005,0.026376643642154193,0.5999579013118953,0.013677677050242164,0.2513913425307497,0.5266240894339529,0.14900576996733167,0.19880371823374415,0.43176251778772223,0.31176392814326764,0.1392451842268914,-0.015728980148336045,0.3515196117368918
188,True,1.8900000000000015,3.144986278261902,False,True,0.0,False,,-0.0,-0.8726646259971641,0.3367180234310155,-0.20943951023931923,-0.3490658503988658,0.04236201752883615,0.6425710974462769,0.01772663454353514,0.24747951064230822,0.6037530702103725,0.045247264533369275,0.185979323543467,0.5039198264871798,0.2240550929594565,0.12200469444835492,0.05648500865872591,0.26140652194011255,-0.0,-0.8726646259971641,0.3367180234310155,-0.20943951023931923,-0.3490658503988658,0.04236201752883615,0.6425710974462769,0.01772663454353514,0.24747951064230822,0.6037530702103725,0.045247264533369275,0.185979323543467,0.5039198264871798,0.2240550929594565,0.12200469444835492,0.05648500865872591,0.26140652194011255,-0.0028303226926981416,-0.8632565675000107,-0.009724870298663422,-0.21218847924865067,-0.35002066255344344,0.029353323157415095,0.6107020006414065,0.01411800561269205,0.2517725898298472,0.5439656050551941,0.1284998460352188,0.19667896444490413,0.4465480658820848,0.29643045254505906,0.13620695668774618,-0.0009002684834434849,0.3344817616442466
189,True,1.9000000000000015,3.022430765172599,False,True,0.0,False,,-0.0,-0.8726646259971643,0.33275878660857744,-0.20943951023931917,-0.3490658503988658,0.046291711642196885,0.6478818532289514,0.018791203400528908,0.24985047390166013,0.6205787219008199,0.03384237948209548,0.18660757652998722,0.5170911842885956,0.20537982607913477,0.11936636864070255,0.07297934719725109,0.25086505877458715,-0.0,-0.8726646259971643,0.33275878660857744,-0.20943951023931917,-0.3490658503988658,0.046291711642196885,0.6478818532289514,0.018791203400528908,0.24985047390166013,0.6205787219008199,0.03384237948209548,0.18660757652998722,0.5170911842885956,0.20537982607913477,0.11936636864070255,0.07297934719725109,0.25086505877458715,-0.00412439031328538,-0.8632513024044943,-0.00973938535582293,-0.21216568735699923,-0.35000968509394464,0.032342728478196414,0.6194685968077221,0.014835734167772868,0.25188469660613966,0.5596030069805896,0.10968726948106854,0.19495598848257922,0.46053128904415075,0.28041446871262815,0.13341277886132447,0.013062073402141381,0.31827808825664416
190,True,1.9100000000000015,2.9247337054994373,False,True,0.0,False,,-0.0,-0.8726646259971643,0.32802675096902995,-0.2094395102393193,-0.3490658503988658,0.05535961524569107,0.6723096639622781,0.020791809355488803,0.25102010869795366,0.6409424530773757,0.02390607172251624,0.18762642415118416,0.5270023897589463,0.19193909281474794,0.122200150473383,0.09805294274212463,0.24143306192617317,-0.0,-0.8726646259971643,0.32802675096902995,-0.2094395102393193,-0.3490658503988658,0.05535961524569107,0.6723096639622781,0.020791809355488803,0.25102010869795366,0.6409424530773757,0.02390607172251624,0.18762642415118416,0.5270023897589463,0.19193909281474794,0.122200150473383,0.09805294274212463,0.24143306192617317,-0.005173104680702582,-0.8632513676694318,-0.009747374006102885,-0.21214671479139904,-0.3499993616038263,0.03582704174283355,0.6284937566019559,0.015762166678101732,0.2520046147814128,0.5749507065494319,0.09253426504380827,0.1937003437100989,0.47386345334643876,0.2642270066363089,0.1311527241981508,0.02763274297171129,0.30315452523912345
191,True,1.9200000000000015,2.859408220638613,False,True,0.0,False,,-0.0,-0.8726646259971644,0.3282441309792563,-0.20943951023931945,-0.3490658503988658,0.06027126324689556,0.6761160340432775,0.021772789160928615,0.253301184292666,0.6487288396085289,0.014222624901554449,0.19499705133629114,0.5531304306862687,0.16381365898082578,0.13077029076970784,0.11310877435949869,0.22107958486486012,-0.0,-0.8726646259971644,0.3282441309792563,-0.20943951023931945,-0.3490658503988658,0.06027126324689556,0.6761160340432775,0.021772789160928615,0.253301184292666,0.6487288396085289,0.014222624901554449,0.19499705133629114,0.5531304306862687,0.16381365898082578,0.13077029076970784,0.11310877435949869,0.22107958486486012,-0.005965809418219774,-0.8632535050853218,-0.009751934557070449,-0.21213133876396356,-0.34998941000746714,0.0398446413340706,0.6378210523307049,0.01682261447563,0.2523214872573178,0.5898038869039559,0.07692367154222632,0.1932927621119577,0.48777006763791625,0.24711991301480937,0.13004841342665452,0.042909637598693214,0.2882766305987648
192,True,1.9300000000000015,2.8442561137502884,False,True,0.0,False,,-0.0,-0.8726646259971645,0.314307277531033,-0.2094395102393192,-0.3490658503988657,0.058836020948541436,0.6708872807449586,0.01928876133536005,0.2354454254575237,0.6227872023323617,0.013966680210101706,0.18370219920949257,0.5355495688576462,0.1577883974791447,0.11890012753739167,0.09493172982335517,0.21096838892929407,-0.0,-0.8726646259971645,0.314307277531033,-0.2094395102393192,-0.3490658503988657,0.058836020948541436,0.6708872807449586,0.01928876133536005,0.2354454254575237,0.6227872023323617,0.013966680210101706,0.18370219920949257,0.5355495688576462,0.1577883974791447,0.11890012753739167,0.09493172982335517,0.21096838892929407,-0.0069705399589536235,-0.8632544795100988,-0.00975991463299787,-0.2121187643152441,-0.3499796386291119,0.04372597131836273,0.6459265729416577,0.017662331158126064,0.2515294843615762,0.6010580324676933,0.06340396164384579,0.1927767686396308,0.49995678056785176,0.2301083812923659,0.12902777111396255,0.05587854133602633,0.2736841110814492
193,True,1.9400000000000015,2.855654828218275,False,True,0.0,False,,-0.0,-0.8726646259971647,0.3050186492085626,-0.20943951023931937,-0.3490658503988658,0.05236380115035549,0.6555198147533364,0.023553762840617557,0.22911994201349534,0.6161205706295972,0.01650211424299625,0.17516799346277903,0.5298610096898037,0.15268682304685896,0.11348075328324388,0.09597239838166759,0.2137401117338527,-0.0,-0.8726646259971647,0.3050186492085626,-0.20943951023931937,-0.3490658503988658,0.05236380115035549,0.6555198147533364,0.023553762840617557,0.22911994201349534,0.6161205706295972,0.01650211424299625,0.17516799346277903,0.5298610096898037,0.15268682304685896,0.11348075328324388,0.09597239838166759,0.2137401117338527,-0.00823492951285281,-0.8632544530889423,-0.00976975961512856,-0.21210738804057944,-0.34997002068029937,0.04657691603156212,0.651223130652203,0.018572878975804764,0.2492435675600379,0.6080224024831427,0.05251151745180265,0.1912599819490843,0.5089317769579677,0.21451288630589505,0.12734628745834065,0.06577139899877536,0.26075200511318747
194,True,1.9500000000000015,2.8467185316214962,False,True,0.0,False,,-0.0,-0.8726646259971647,0.31148260806222244,-0.20943951023931948,-0.34906585039886584,0.05746302796701233,0.6810090962638254,0.020655481451487614,0.23807388750019873,0.6349297925940688,0.01356284082890643,0.17630887989661442,0.538263619899623,0.14167394330533223,0.10861673917813616,0.12103111219965551,0.20831604943969378,-0.0,-0.8726646259971647,0.31148260806222244,-0.20943951023931948,-0.34906585039886584,0.05746302796701233,0.6810090962638254,0.020655481451487614,0.23807388750019873,0.6349297925940688,0.01356284082890643,0.17630887989661442,0.538263619899623,0.14167394330533223,0.10861673917813616,0.12103111219965551,0.20831604943969378,-0.009244175563594456,-0.8632554910302537,-0.009774783008119202,-0.2120968906652038,-0.3499606329033378,0.04879903128181111,0.6561413398662289,0.01932462218873605,0.2469811472171639,0.6135965838433051,0.043802038342209346,0.18924321339422912,0.5159977253441429,0.20025083591389,0.12501193335838887,0.07524342934501843,0.24967254587431914
195,True,1.9600000000000015,2.825833677591343,False,True,0.0,False,,-0.0,-0.8726646259971645,0.315732623716258,-0.20943951023931937,-0.34906585039886573,0.05525261339859504,0.6810857988656677,0.009798110227123551,0.23110515449411895,0.6325295386468317,0.021109270051576763,0.17233467835538702,0.5488505916080327,0.12503388600174326,0.1053992510629073,0.13531587003407944,0.18349931356179805,-0.0,-0.8726646259971645,0.315732623716258,-0.20943951023931937,-0.34906585039886573,0.05525261339859504,0.6810857988656677,0.009798110227123551,0.23110515449411895,0.6325295386468317,0.021109270051576763,0.17233467835538702,0.5488505916080327,0.12503388600174326,0.1053992510629073,0.13531587003407944,0.18349931356179805,-0.00990543447685139,-0.8632570455447652,-0.009776575335495988,-0.21208691106533406,-0.3499514559748939,0.05052804897230596,0.6613296957807837,0.01903444785138624,0.2447976700959657,0.6184805709748187,0.03747425195732472,0.18697854291066954,0.52258317488708,0.18644997030890859,0.12223359543155393,0.08553135096546687,0.23847032989669165
196,True,1.9700000000000015,2.8089175395104196,False,True,0.0,False,,-0.0,-0.8726646259971647,0.3245682109483442,-0.20943951023931942,-0.3490658503988657,0.05876159860017469,0.6912750194916016,0.011139810953290105,0.22912217568295407,0.6266528249904705,0.028246587062761303,0.17082510909782211,0.5525252812377891,0.12444077639124909,0.10143468337627604,0.13461196405520284,0.17292231964486213,-0.0,-0.8726646259971647,0.3245682109483442,-0.20943951023931942,-0.3490658503988657,0.05876159860017469,0.6912750194916016,0.011139810953290105,0.22912217568295407,0.6266528249904705,0.028246587062761303,0.17082510909782211,0.5525252812377891,0.12444077639124909,0.10143468337627604,0.13461196405520284,0.17292231964486213,-0.010334783750158697,-0.863258336704069,-0.00977758844512228,-0.21207719902534364,-0.3499424584768952,0.05203237895735622,0.6668078468887029,0.018077888468429303,0.24248217174269002,0.6219746067812152,0.03371233470972577,0.1845925326111095,0.5288781599072032,0.1737609686666749,0.11915358699820544,0.095467541368674,0.2267515383788237
197,True,1.9800000000000015,2.7835484718356174,False,True,0.0,False,,-0.0,-0.8726646259971644,0.3223064762316432,-0.2094395102393194,-0.3490658503988658,0.0531289872722942,0.6751104314973202,0.014009163599927998,0.22654912135861419,0.6170137199566178,0.03826313632266242,0.16445937852403464,0.533940290111011,0.12837463359758908,0.0957719821129942,0.12170363914111551,0.1815750479352817,-0.0,-0.8726646259971644,0.3223064762316432,-0.2094395102393194,-0.3490658503988658,0.0531289872722942,0.6751104314973202,0.014009163599927998,0.22654912135861419,0.6170137199566178,0.03826313632266242,0.16445937852403464,0.533940290111011,0.12837463359758908,0.0957719821129942,0.12170363914111551,0.1815750479352817,-0.010777931209873646,-0.8632585578036633,-0.009780629105465023,-0.2120675224593415,-0.34993359910122085,0.05298424022187478,0.670911578961589,0.017257493985513947,0.2400979258338677,0.6235853159005654,0.03241562252252837,0.18188698853281088,0.5330417214386487,0.16331622935955095,0.11570955632720638,0.10306479828339177,0.2164865831475691
198,True,1.9900000000000015,2.747612207783701,False,True,0.0,False,,-0.0,-0.8726646259971644,0.3158212496997214,-0.20943951023931937,-0.34906585039886573,0.05290183360695414,0.6817283857161687,0.01556407691475383,0.22512284201927432,0.6191486215085676,0.03958190394654555,0.16234867917592963,0.5316582360928231,0.12811587251932588,0.09941048901190663,0.11816503080698551,0.1804668255651138,-0.0,-0.8726646259971644,0.3158212496997214,-0.20943951023931937,-0.34906585039886573,0.05290183360695414,0.6817283857161687,0.01556407691475383,0.22512284201927432,0.6191486215085676,0.03958190394654555,0.16234867917592963,0.5316582360928231,0.12811587251932588,0.09941048901190663,0.11816503080698551,0.1804668255651138,-0.011162442611977788,-0.8632585807550586,-0.009783375653729196,-0.21205801216263756,-0.3499249049744197,0.053375573082376795,0.673866605291074,0.01681927861122414,0.23774551613420722,0.6240672159527715,0.03271294363340223,0.17894750548243987,0.5349643038779774,0.15513756869920323,0.11255139100305318,0.10805366037996154,0.20826537080195495
199,True,2.0000000000000013,2.696033779253117,False,True,0.0,False,,-0.0,-0.8726646259971644,0.3141418721128272,-0.2094395102393194,-0.34906585039886573,0.04838098692370284,0.6733293399234523,0.011696038640097835,0.2208147610486904,0.6161184178648227,0.03790789757210276,0.15438232315880573,0.5359684106245466,0.12874722458015087,0.087978747192517,0.1201244588638373,0.17966613374402038,-0.0,-0.8726646259971644,0.3141418721128272,-0.2094395102393194,-0.34906585039886573,0.04838098692370284,0.6733293399234523,0.011696038640097835,0.2208147610486904,0.6161184178648227,0.03790789757210276,0.15438232315880573,0.5359684106245466,0.12874722458015087,0.087978747192517,0.1201244588638373,0.17966613374402038,-0.011410546401565762,-0.8632587564312539,-0.009785010123929393,-0.21204872414087458,-0.34991638625279964,0.0532099459938301,0.6756233388727648,0.016346981525259218,0.23529555769508326,0.6238846842357045,0.03353631471990071,0.17556489590056026,0.5359628542605519,0.14885966705248177,0.10915458328695384,0.11140502973342777,0.20172093974543073
200,True,2.0100000000000002,2.6238402679421475,False,True,0.0,False,,-0.0,-0.8726646259971645,0.32162179526318746,-0.2094395102393195,-0.34906585039886573,0.05245669690263489,0.6783801383665989,0.00795744838633509,0.23090188601981973,0.6123296394142894,0.03804432087948086,0.16011885785063243,0.5345673692139057,0.12798652856713333,0.09544483509970865,0.111940422014343,0.18299990833252947,-0.0,-0.8726646259971645,0.32162179526318746,-0.2094395102393195,-0.34906585039886573,0.05245669690263489,0.6783801383665989,0.00795744838633509,0.23090188601981973,0.6123296394142894,0.03804432087948086,0.16011885785063243,0.5345673692139057,0.12798652856713333,0.09544483509970865,0.111940422014343,0.18299990833252947,-0.011512790738703729,-0.8632591019757712,-0.009785598539845064,-0.21203966585043138,-0.34990804251202334,0.05298137886373943,0.6767463150792082,0.015464991253414918,0.23365537412423845,0.6230455100199414,0.034422043971157806,0.17248367719752367,0.5365158715330878,0.1440469314542625,0.10615944831175007,0.11314243878362017,0.19685511844217016
201,True,2.019999999999999,2.535685572259429,False,True,0.0,False,,-0.0,-0.8726646259971645,0.32340705936610376,-0.20943951023931948,-0.34906585039886573,0.054134191941360585,0.6769000326229104,0.006726072678470947,0.2331031317220339,0.6045084529119474,0.03720387309367487,0.15851685126597492,0.5233697071347219,0.12500956059899138,0.09312993677377734,0.10163812105806239,0.18039441944335424,-0.0,-0.8726646259971645,0.32340705936610376,-0.20943951023931948,-0.34906585039886573,0.054134191941360585,0.6769000326229104,0.006726072678470947,0.2331031317220339,0.6045084529119474,0.03720387309367487,0.15851685126597492,0.5233697071347219,0.12500956059899138,0.09312993677377734,0.10163812105806239,0.18039441944335424,-0.01156257045194473,-0.8632592389573459,-0.009786416870028415,-0.21203075503054472,-0.3498998547436028,0.05295533476751618,0.677544773851009,0.014274678865000367,0.23301376571017904,0.6212811778821186,0.03516941528546097,0.16996683234558752,0.5359928043664043,0.14013390573282208,0.1037762252893423,0.11298637852959874,0.1931636632389754
202,True,2.029999999999998,2.4453662025635063,False,True,0.0,False,,-0.0,-0.8726646259971644,0.3341427432169866,-0.2094395102393195,-0.34906585039886573,0.04677329704677112,0.6832248561914183,0.004540684544216557,0.22379721889373114,0.5980862372031592,0.05158957847874319,0.15028144105249017,0.5278039817004283,0.13152159278617656,0.08358702717207789,0.10278480778573254,0.18868705378642336,-0.0,-0.8726646259971644,0.3341427432169866,-0.2094395102393195,-0.34906585039886573,0.04677329704677112,0.6832248561914183,0.004540684544216557,0.22379721889373114,0.5980862372031592,0.05158957847874319,0.15028144105249017,0.5278039817004283,0.13152159278617656,0.08358702717207789,0.10278480778573254,0.18868705378642336,-0.011512186852807008,-0.8632595829482183,-0.009786229178610764,-0.2120220838305175,-0.3498918393251983,0.05256916348936702,0.6785453676681052,0.012874503387077426,0.23231336407700628,0.6185328818920067,0.036874722844478486,0.16731071458414506,0.535018862312097,0.13743296501084973,0.10112692985754523,0.11177682495444434,0.1909237901140638
203,True,2.039999999999997,2.3760094350809022,False,True,0.0,False,,-0.0,-0.8726646259971645,0.3784867948212154,-0.20943951023931948,-0.3490658503988658,0.04493389485428887,0.7233727159463977,-0.003101000587042761,0.22711064390121455,0.5933654532028679,0.06482011871241619,0.15666182567031245,0.5413872701549933,0.12655175288862286,0.07360522761445526,0.12578514094945323,0.21605574229757737,-0.0,-0.8726646259971645,0.3784867948212154,-0.20943951023931948,-0.3490658503988658,0.04493389485428887,0.7233727159463977,-0.003101000587042761,0.22711064390121455,0.5933654532028679,0.06482011871241619,0.15666182567031245,0.5413872701549933,0.12655175288862286,0.07360522761445526,0.12578514094945323,0.21605574229757737,-0.011112328142424778,-0.8632609870638905,-0.009782295473524882,-0.21201386372333614,-0.3498840369345675,0.051691966415157865,0.6828435503109718,0.010837154255438478,0.23160113861720139,0.6150927513005876,0.04036783540489752,0.16505068079629898,0.5351095571002444,0.13538678808428825,0.09756164829020074,0.11199570187153339,0.1919093666922321
204,True,2.049999999999996,2.273191721663585,False,True,0.0,False,,-0.0,-0.8726646259971645,0.3192500384425137,-0.2094395102393196,0.8031346952952876,0.034215942936865175,0.7976429594186606,-0.05494130994396801,0.20506148318294792,0.5673183961754142,0.13550956844479192,0.11880524948060209,0.5584239618203216,0.14957516400786222,0.07938051781856854,0.18068560407405265,0.1644191648915656,-0.0,-0.8726646259971645,0.3192500384425137,-0.2094395102393196,0.8031346952952876,0.034215942936865175,0.7976429594186606,-0.05494130994396801,0.20506148318294792,0.5673183961754142,0.13550956844479192,0.11880524948060209,0.5584239618203216,0.14957516400786222,0.07938051781856854,0.18068560407405265,0.1644191648915656,-0.010204976808519445,-0.8632370068672783,-0.009764256691937942,-0.21214180320540052,-0.3098466753133157,0.04982748428417435,0.6952836870831399,0.004354031471395569,0.22946235047607064,0.6095593728341234,0.050273679306536964,0.16067137288226696,0.5373971348907752,0.13537667068207593,0.09405436634970962,0.1179046471023366,0.19107671458726175
205,True,2.0599999999999947,2.1345760028062934,False,True,0.0,False,,-0.0,-0.8726646259971645,0.3243532938151405,-0.20943951023931948,1.0923457744384166,0.023505339619069202,0.9151120981268647,-0.16226915511477707,0.19312667522687937,0.5706045792432868,0.12879872859340352,0.10700194216746588,0.5806743207441418,0.07934829107108321,0.06058001148042787,0.23758822923026993,0.05182133720606871,-0.0,-0.8726646259971645,0.3243532938151405,-0.20943951023931948,1.0923457744384166,0.023505339619069202,0.9151120981268647,-0.16226915511477707,0.19312667522687937,0.5706045792432868,0.12879872859340352,0.10700194216746588,0.5806743207441418,0.07934829107108321,0.06058001148042787,0.23758822923026993,0.05182133720606871,-0.00888015452292682,-0.8632143370869976,-0.009742609245506807,-0.21223188907556242,-0.2341147993622864,0.04653982758494578,0.7215831185012859,-0.01368638520080327,0.2252334486255457,0.6030515831096054,0.06379709592446706,0.15356342328865064,0.5427516054238568,0.13158063583116592,0.08977593799458493,0.13206485832037254,0.17875777112891622
206,True,2.0699999999999936,1.9567174982965538,False,True,0.0,False,,-0.0,-0.8717394946769559,0.35810782732909324,-0.20943951023931945,1.1147745647738776,0.024180969964378074,0.9724755033900423,-0.15814192343665281,0.19232298281027177,0.5987333589998068,0.1215426174070021,0.09711873939862813,0.6126892262656669,0.06908690083646096,0.056554147601794044,0.2680194639530924,0.03722560964856064,-0.0,-0.8717394946769559,0.35810782732909324,-0.20943951023931945,1.1147745647738776,0.024180969964378074,0.9724755033900423,-0.15814192343665281,0.19232298281027177,0.5987333589998068,0.1215426174070021,0.09711873939862813,0.6126892262656669,0.06908690083646096,0.056554147601794044,0.2680194639530924,0.03722560964856064,-0.0072439573106322114,-0.8632047066659387,-0.009725387924431702,-0.2122549682301004,-0.14399723084417115,0.04265411741515417,0.7594842681575348,-0.038078605232573476,0.2200490665989324,0.5991411519685728,0.0763179765849083,0.1448661865362539,0.5520537797398047,0.12319925115237003,0.08463206832170302,0.15250872797746598,0.15775463332186115
207,True,2.0799999999999925,1.7481809066563947,False,True,0.0,False,,-0.0,-0.8131104732475742,0.3666065028577316,-0.2094395102393195,1.0834166255788438,0.016146952540679105,0.9794762543189579,-0.14904564861173444,0.19231390030966566,0.6047646210803195,0.09070835644952077,0.09333626394878085,0.6112923254817311,0.03883332341800133,0.05599602755719095,0.2963757438065227,-0.014800702945532554,-0.0,-0.8131104732475742,0.3666065028577316,-0.2094395102393195,1.0834166255788438,0.016146952540679105,0.9794762543189579,-0.14904564861173444,0.19231390030966566,0.6047646210803195,0.09070835644952077,0.09333626394878085,0.6112923254817311,0.03883332341800133,0.05599602755719095,0.2963757438065227,-0.014800702945532554,-0.00586853585404066,-0.8596297426849193,-0.009715016637136096,-0.2122643991273145,-0.04809874684550766,0.03837118670527088,0.8005453379256315,-0.06121628234518701,0.21498011688708385,0.5981976252424027,0.08424073261665325,0.1357676162949676,0.5630303832552241,0.11118634057344515,0.07947863365500313,0.1765091564904475,0.131058713834162
208,True,2.0899999999999914,1.5273271270146334,False,True,0.0,False,,-0.0,-0.7489756482259207,0.3566169765470326,-0.20943951023931956,1.113019991162882,0.02530661776699066,1.0344335632378994,-0.16823897236638805,0.2014344377293988,0.6070154992154981,0.06945777497162076,0.09773444879660746,0.6070652003463747,0.03744967069483417,0.058727025695160806,0.3096108116172869,-0.03334601097251416,-0.0,-0.7489756482259207,0.3566169765470326,-0.20943951023931956,1.113019991162882,0.02530661776699066,1.0344335632378994,-0.16823897236638805,0.2014344377293988,0.6070154992154981,0.06945777497162076,0.09773444879660746,0.6070652003463747,0.03744967069483417,0.058727025695160806,0.3096108116172869,-0.03334601097251416,-0.005015834471382583,-0.8482698872227636,-0.009708669485364212,-0.21230630175359383,0.05011461561375715,0.03478710033238126,0.8426999488117904,-0.0822755807411624,0.2111883394439579,0.5989807779348026,0.08659711503633281,0.12766979795288813,0.5730648136915064,0.09786142363810113,0.07507059248755756,0.2012956314540369,0.10174533913638663
209,True,2.0999999999999903,1.3257994855586899,False,True,0.0,False,,-0.0,-0.6397562757522111,0.3235930578712017,-0.20943951023931956,1.1013339977591117,0.02253644994933757,1.0795051128810338,-0.18306424764764756,0.19653906980098226,0.6137447024544334,0.06706063166312358,0.09554464213871526,0.6062662132778209,0.040463640980656454,0.06102809055377156,0.30433950268299054,-0.037504434219875905,-0.0,-0.6397562757522111,0.3235930578712017,-0.20943951023931956,1.1013339977591117,0.02253644994933757,1.0795051128810338,-0.18306424764764756,0.19653906980098226,0.6137447024544334,0.06706063166312358,0.09554464213871526,0.6062662132778209,0.040463640980656454,0.06102809055377156,0.30433950268299054,-0.037504434219875905,-0.004650646823575524,-0.824132291143337,-0.00970251712130962,-0.21244081607996676,0.1492437621916248,0.032042166240393605,0.8860531166654714,-0.101926535747388,0.20835233760315763,0.600983524186533,0.08546024168634432,0.12090373149055994,0.5813236810474527,0.08576387412554372,0.07174918290023935,0.22363469798744315,0.07380347401800398
210,True,2.109999999999989,1.186089574942936,False,True,0.0,False,,-0.0,-0.4755615192375341,0.2676009796408779,-0.2091430557532567,1.049223870268286,0.029656545581136364,1.102203161750972,-0.19878252284029307,0.2014172939584784,0.6181007227898907,0.03839317649815678,0.10783804912168135,0.62331921715478,0.024827162529723314,0.06843210399145995,0.3241805567041148,-0.05904020428072662,-0.0,-0.4755615192375341,0.2676009796408779,-0.2091430557532567,1.049223870268286,0.029656545581136364,1.102203161750972,-0.19878252284029307,0.2014172939584784,0.6181007227898907,0.03839317649815678,0.10783804912168135,0.62331921715478,0.024827162529723314,0.06843210399145995,0.3241805567041148,-0.05904020428072662,-0.0046630044823175645,-0.7806636283860419,-0.009694572193064428,-0.21269607263575918,0.24871999389926575,0.030399122807522723,0.9284327625385346,-0.12047995385386986,0.20642473802485226,0.6038800580671323,0.08070152765446399,0.11629008361682128,0.5891678721974271,0.0744523729362942,0.0699071823285768,0.24371820542170408,0.047837079801805356
211,True,2.119999999999988,1.1547963789093483,False,True,0.0,False,,-0.0,-0.3947599457598708,0.23646568838391266,-0.20936654879866587,1.0597960138959273,0.01762809051488641,1.142934267300234,-0.20795964961270466,0.19231111704890888,0.6272768062424939,0.019517513576664765,0.11465269548732145,0.6369973173625586,-0.004904913069028179,0.0820826538180303,0.32608805056766377,-0.07184539856748393,-0.0,-0.3947599457598708,0.23646568838391266,-0.20936654879866587,1.0597960138959273,0.01762809051488641,1.142934267300234,-0.20795964961270466,0.19231111704890888,0.6272768062424939,0.019517513576664765,0.11465269548732145,0.6369973173625586,-0.004904913069028179,0.0820826538180303,0.32608805056766377,-0.07184539856748393,-0.004990922111357456,-0.7216350041239,-0.009691995963028029,-0.212876843574916,0.3483638947887338,0.028768808802105302,0.9695497530257183,-0.13773634119414965,0.20461823549141414,0.6076906666572242,0.07244190073429387,0.1140778408152366,0.5976575355617617,0.06183051059006371,0.07013144018450597,0.2614649175316924,0.02388025811049435
212,True,2.129999999999987,1.1900903879572986,False,True,0.0,False,,-0.0,-0.2947354022019107,0.18253891403528452,-0.2094232452365662,0.9238382136183163,-0.04335576619783348,1.1448262078585492,-0.19797138720678326,0.149158232833973,0.5834482265387433,0.02681471202944751,0.07072024287177078,0.623208816808575,-0.037308242876966,0.055491626477806796,0.32672353196256987,-0.0919315258151952,-0.0,-0.2947354022019107,0.18253891403528452,-0.2094232452365662,0.9238382136183163,-0.04335576619783348,1.1448262078585492,-0.19797138720678326,0.149158232833973,0.5834482265387433,0.02681471202944751,0.07072024287177078,0.623208816808575,-0.037308242876966,0.055491626477806796,0.32672353196256987,-0.0919315258151952,-0.006017275091481458,-0.6521173178566004,-0.009700058437581533,-0.2129443663089546,0.44807417917553904,0.022238056162941458,1.0070994980693424,-0.15198768377241087,0.1995427130990188,0.6085045212878464,0.06362272528290268,0.11016666367581003,0.6049221111532989,0.04647509338419047,0.06978297832736638,0.2763043746041557,0.001468335869564954
213,True,2.139999999999986,1.279005929446667,False,True,0.0,False,,-0.0,-0.3173239195008435,0.17276071033063514,-0.2094362465778615,0.6762397279073351,-0.06318432622918882,1.1177775222062991,-0.013294938527743912,0.14024025764879897,0.594894228426515,0.029516669779961754,0.07244742793610699,0.640186286726674,-0.05910126919340044,0.0626166930286152,0.35127599446699803,-0.12564826527502848,-0.0,-0.3173239195008435,0.17276071033063514,-0.2094362465778615,0.6762397279073351,-0.06318432622918882,1.1177775222062991,-0.013294938527743912,0.14024025764879897,0.594894228426515,0.029516669779961754,0.07244742793610699,0.640186286726674,-0.05910126919340044,0.0626166930286152,0.35127599446699803,-0.12564826527502848,-0.00737721013046507,-0.5840256140326084,-0.009722287991832945,-0.21265622998524347,0.5240314010687235,0.01053652888959311,1.0367420331452504,-0.14844426083826742,0.19133294041479976,0.6072164988704425,0.0560984436184263,0.10445721249877256,0.6116391862005879,0.028844183111083353,0.06880654674772489,0.2901838098753839,-0.021132610310536086
214,True,2.149999999999985,1.3904622998151517,False,True,0.0,False,,-0.0,-0.25569170505605393,0.1593022728732936,-0.20943852615826328,0.6014991365902939,-0.06792801003233191,1.126398835218536,0.04409855253870359,0.14702778847523518,0.5951670128416733,0.01883988573001192,0.07664124860112727,0.649767067370402,-0.07193300775404078,0.059857269371080754,0.3543672707904148,-0.13324886126460436,-0.0,-0.25569170505605393,0.1593022728732936,-0.20943852615826328,0.6014991365902939,-0.06792801003233191,1.126398835218536,0.04409855253870359,0.14702778847523518,0.5951670128416733,0.01883988573001192,0.07664124860112727,0.649767067370402,-0.07193300775404078,0.059857269371080754,0.3543672707904148,-0.13324886126460436,-0.008706222331502781,-0.5204836886437488,-0.009745532939640015,-0.21220796376415654,0.5666049575778048,-0.003143850130181875,1.0593450826220658,-0.12649892331685625,0.18282225166633462,0.6056697233316984,0.04923218358635677,0.09896333497307092,0.6187406448423001,0.010506215810986274,0.06773560481192531,0.3032549623209698,-0.04305258231081372
215,True,2.1599999999999837,1.5059777931814273,False,True,0.0,False,,-0.0,-0.2240073082164118,0.15418089364322163,-0.20943901103227175,0.5868589233087385,-0.06477162197962892,1.1459353019148568,0.04289373682069541,0.1518279898627945,0.5985322816882699,0.012598809417894088,0.08407673064741461,0.653698798388681,-0.08225863375943616,0.06597651256100377,0.36375178598302166,-0.13948403693558262,-0.0,-0.2240073082164118,0.15418089364322163,-0.20943901103227175,0.5868589233087385,-0.06477162197962892,1.1459353019148568,0.04289373682069541,0.1518279898627945,0.5985322816882699,0.012598809417894088,0.08407673064741461,0.653698798388681,-0.08225863375943616,0.06597651256100377,0.36375178598302166,-0.13948403693558262,-0.009908742703941764,-0.4614156073184431,-0.009762728251516386,-0.21179124475545288,0.58666983850883,-0.016043204608074863,1.078361812702804,-0.097592278304326,0.17572111270379032,0.6044651076113393,0.04252783082510244,0.09487230797622635,0.62585905236304,-0.007267901904112855,0.06708373774600292,0.3153219118311133,-0.06290666927155511
216,True,2.1699999999999826,1.6058886222410094,False,True,0.0,False,,-0.0,-0.22290632401944602,0.16933117811005258,-0.20943910517847114,0.5868246396947816,-0.07992522715501098,1.1494658756122471,0.04818190935008179,0.14825514598526274,0.5938518515852333,0.013619513187815721,0.07787941538610674,0.6485351001245864,-0.0817012490606308,0.05766420473117987,0.35415216155691875,-0.14212307383820239,-0.0,-0.22290632401944602,0.16933117811005258,-0.20943910517847114,0.5868246396947816,-0.07992522715501098,1.1494658756122471,0.04818190935008179,0.14825514598526274,0.5938518515852333,0.013619513187815721,0.07787941538610674,0.6485351001245864,-0.0817012490606308,0.05766420473117987,0.35415216155691875,-0.14212307383820239,-0.011075124230474846,-0.4097497084606997,-0.009775264739593146,-0.2114133659018336,0.5947830629242516,-0.028180753191262484,1.0947857652102513,-0.06889915973184142,0.1699326718462025,0.6033001669672023,0.0365165910623321,0.09166490946921373,0.6319164608265564,-0.0230724079858965,0.06628962561982776,0.32519556750216305,-0.08003267800241555
217,True,2.1799999999999815,1.6734842208877194,False,True,0.0,False,,-0.0,-0.22848293713711024,0.17204269766371366,-0.20943930824207596,0.5947833479872523,-0.08866883111692424,1.1941043341184971,0.017946290214723753,0.14555098765629518,0.6159609067317011,0.01242293315503349,0.07353073646095325,0.6499677627103073,-0.08094454410404789,0.055102533764828245,0.36447112851648844,-0.14200540183336938,-0.0,-0.22848293713711024,0.17204269766371366,-0.20943930824207596,0.5947833479872523,-0.08866883111692424,1.1941043341184971,0.017946290214723753,0.14555098765629518,0.6159609067317011,0.01242293315503349,0.07353073646095325,0.6499677627103073,-0.08094454410404789,0.055102533764828245,0.36447112851648844,-0.14200540183336938,-0.011989396611627918,-0.3675207058263852,-0.009779243062555351,-0.21107987265673345,0.5977918478526255,-0.039861085306607154,1.1118650286093816,-0.04586639295334889,0.16502449004416678,0.6037199426738014,0.03142046179754165,0.08864935390208191,0.6367671996861082,-0.036138283281232426,0.06504239371620868,0.3334604348921341,-0.09414153837042023
218,True,2.1899999999999804,1.6982658169140554,False,True,0.0,False,,-0.0,-0.22295634042036974,0.16561317243506593,-0.20943944492010658,0.636892191804827,-0.10620204505503668,1.2212846147139074,0.0007578158016646637,0.13545989039644496,0.6192106169999102,-0.008843368777171824,0.059986866860771024,0.6246981854619487,-0.08717695025838465,0.04926902034984911,0.34476596854074215,-0.13764024180860748,-0.0,-0.22295634042036974,0.16561317243506593,-0.20943944492010658,0.636892191804827,-0.10620204505503668,1.2212846147139074,0.0007578158016646637,0.13545989039644496,0.6192106169999102,-0.008843368777171824,0.059986866860771024,0.6246981854619487,-0.08717695025838465,0.04926902034984911,0.34476596854074215,-0.13764024180860748,-0.012790770928109384,-0.33388992033613674,-0.009776799923273245,-0.21083866478182312,0.6019915351642703,-0.0516919885553017,1.1310522088538366,-0.030362044379547707,0.1601964705902362,0.6058141981714216,0.02556927581699383,0.084887400543781,0.638772926531043,-0.04700646152117795,0.06320306847221696,0.33897438945526803,-0.10501550905759933
219,True,2.1999999999999793,1.7105659409110074,False,True,0.0,False,,-0.0,-0.1850020127263704,0.10982144791616716,-0.20943949100000425,0.6539139092377568,-0.09894519153850326,1.290422333108494,0.0013172713562334363,0.14571613930320942,0.7031009611284156,-0.013921176928704669,0.07716579846535837,0.6713084134331718,-0.07561862437407255,0.05545762117437119,0.38232763819144194,-0.13756431432042346,-0.0,-0.1850020127263704,0.10982144791616716,-0.20943949100000425,0.6539139092377568,-0.09894519153850326,1.290422333108494,0.0013172713562334363,0.14571613930320942,0.7031009611284156,-0.013921176928704669,0.07716579846535837,0.6713084134331718,-0.07561862437407255,0.05545762117437119,0.38232763819144194,-0.13756431432042346,-0.012829670265183413,-0.3045987028155547,-0.00975824795286539,-0.21072246390049462,0.6091070585205434,-0.0623511241471699,1.1552679542806334,-0.020362554764427075,0.15631584680152946,0.6149024319239366,0.018821555356984886,0.08198238844004188,0.6419171782295083,-0.05508160285003316,0.06157093319612127,0.3448896801012497,-0.11315251891205694
220,True,2.209999999999978,1.689142126622915,False,True,0.0,False,,-0.0,-0.10615111419837034,0.09013591393817322,-0.20943951023931956,0.542767236647343,-0.10404580368439742,1.2339389877195512,0.061630022413877494,0.1101298100063135,0.6277246786075353,0.00263077061578839,0.03246616301761521,0.5876754667583948,-0.045149243022964636,0.016537147385811628,0.31703725416652745,-0.11674126927984597,-0.0,-0.10615111419837034,0.09013591393817322,-0.20943951023931956,0.542767236647343,-0.10404580368439742,1.2339389877195512,0.061630022413877494,0.1101298100063135,0.6277246786075353,0.00263077061578839,0.03246616301761521,0.5876754667583948,-0.045149243022964636,0.016537147385811628,0.31703725416652745,-0.11674126927984597,-0.013317259015656217,-0.2729389491631536,-0.009745962811925381,-0.21069618033288928,0.6085059871462801,-0.07140210372732174,1.1770043705936422,-0.008920670482746541,0.15102979172150507,0.6232719432420439,0.013690110486701424,0.07710120247548168,0.6405325052911776,-0.05826084713162808,0.057509166317732924,0.34669582091078244,-0.11755983542095357
221,True,2.219999999999977,1.664676197196419,False,True,0.0,False,,-0.0,-0.26987413652928977,0.08923289840819741,0.14467320597717234,0.2144013915860099,-0.04871404937542478,1.2188933812331764,0.2277159722682081,0.11077305877345221,0.5714833460808647,-0.015576060137206436,0.03895748801124679,0.4738871202051186,0.05392412131021599,0.03490118799765091,0.21601233328598848,-0.029822938793927598,-0.0,-0.26987413652928977,0.08923289840819741,0.14467320597717234,0.2144013915860099,-0.04871404937542478,1.2188933812331764,0.2277159722682081,0.11077305877345221,0.5714833460808647,-0.015576060137206436,0.03895748801124679,0.4738871202051186,0.05392412131021599,0.03490118799765091,0.21601233328598848,-0.029822938793927598,-0.015041339554755501,-0.2539370209482226,-0.00974100515780066,-0.18280929761741957,0.574615037383297,-0.0747443001166407,1.1917459417537104,0.017202254795693803,0.14442845004250024,0.6233392753478119,0.009090634240142495,0.07069960619488501,0.6255358378778726,-0.05005451571858651,0.052745378309297174,0.3362689670355593,-0.11230691042874906
222,True,2.229999999999976,1.6728171414674577,False,True,0.0,False,,-0.0,-0.3048927280707456,0.09154145992143967,0.26554188016723373,0.1135399409796965,-0.0653322056353975,1.2290969489280525,0.28036071319211414,0.10468976937609253,0.5564109735621806,-0.0007448528903294706,0.03804941653833658,0.4459045917250231,0.08580949493146564,0.03961723963388732,0.1923232493924687,-0.009804468658618358,-0.0,-0.3048927280707456,0.09154145992143967,0.26554188016723373,0.1135399409796965,-0.0653322056353975,1.2290969489280525,0.28036071319211414,0.10468976937609253,0.5564109735621806,-0.0007448528903294706,0.03804941653833658,0.4459045917250231,0.08580949493146564,0.03961723963388732,0.1923232493924687,-0.009804468658618358,-0.017156254027432857,-0.2512791117923103,-0.009733438346448088,-0.12373345127679822,0.5106100592766063,-0.0745308427076384,1.2021570478908208,0.05675485445719096,0.13755899147347775,0.6167160005461698,0.005706169542926727,0.06452563780528302,0.6001276868318463,-0.0318935462706725,0.04926971272370587,0.31633721075398513,-0.09887831847277781
223,True,2.239999999999975,1.6390399326758454,False,True,0.0,False,,-0.0,-0.4042385666286087,0.06763408006943217,0.6482751533043617,-0.32717555585135955,-0.040437058714915534,1.367334830353359,0.18372883760686848,0.1169818613254285,0.577845735500189,-0.004637810826069746,0.03183319897587835,0.43406543111037105,0.1369987550839809,0.04666881031230683,0.21143651921641982,-0.02240126789708308,-0.0,-0.4042385666286087,0.06763408006943217,0.6482751533043617,-0.32717555585135955,-0.040437058714915534,1.367334830353359,0.18372883760686848,0.1169818613254285,0.577845735500189,-0.004637810826069746,0.03183319897587835,0.43406543111037105,0.1369987550839809,0.04666881031230683,0.21143651921641982,-0.02240126789708308,-0.0184105390666857,-0.2645678248864082,-0.00971865570966657,-0.04375269944359946,0.4281646653519463,-0.07158358843854241,1.2207655206133414,0.09140263506770441,0.13201208928070698,0.6091567042674372,0.003434724404805186,0.058654930068075144,0.5713345620377418,-0.006631230085800629,0.047465798424675285,0.2954274665943965,-0.08399904930203382
224,True,2.249999999999974,1.5573895808047897,False,True,0.0,False,,-0.0,-0.4042385666286087,0.06763408006943217,0.6482751533043617,-0.32717555585135955,-0.040437058714915534,1.367334830353359,0.18372883760686848,0.1169818613254285,0.577845735500189,-0.004637810826069746,0.03183319897587835,0.43406543111037105,0.1369987550839809,0.04666881031230683,0.21143651921641982,-0.02240126789708308,-0.0,-0.4042385666286087,0.06763408006943217,0.6482751533043617,-0.32717555585135955,-0.040437058714915534,1.367334830353359,0.18372883760686848,0.1169818613254285,0.577845735500189,-0.004637810826069746,0.03183319897587835,0.43406543111037105,0.1369987550839809,0.04666881031230683,0.21143651921641982,-0.02240126789708308,-0.018744725293955707,-0.2866108951005018,-0.009698311071589083,0.04799742877773605,0.33528969428144595,-0.06688074537741269,1.2459930213968062,0.11629833054620561,0.12811040562432763,0.6028595927211381,0.0017052642965774349,0.053329334070049264,0.5439525847224893,0.02045869464845459,0.04678438031707387,0.27725852598325873,-0.07080197341480282
225,True,2.2599999999999727,1.4656335955260467,False,True,0.0,False,,-0.0,-0.42864208906613577,0.03239962102487683,0.703046463287388,-0.3490658503988659,-0.032096444301802626,1.3752347373219327,0.19257432162614616,0.11277712990788381,0.5669309179426572,0.012002528404912317,0.02846385098395123,0.42061617798988044,0.14093363530031,0.03644929200503275,0.20978306291470075,-0.053187395801267856,-0.0,-0.42864208906613577,0.03239962102487683,0.703046463287388,-0.3490658503988659,-0.032096444301802626,1.3752347373219327,0.19257432162614616,0.11277712990788381,0.5669309179426572,0.012002528404912317,0.02846385098395123,0.42061617798988044,0.14093363530031,0.03644929200503275,0.20978306291470075,-0.053187395801267856,-0.01856278482792142,-0.31152310766664676,-0.009679255553068278,0.144491346448161,0.23822039218708835,-0.06133877077110078,1.2716752398563937,0.13508301957247,0.12504703450790464,0.5969319796744296,0.0016304633229914237,0.04857384223011987,0.5192459573361188,0.04539458700867123,0.045922755531476143,0.2621935126904558,-0.06227046831155658
226,True,2.2699999999999716,1.3850304555157826,False,True,0.0,False,,-0.0,-0.4140020979474372,0.018473802356489082,0.7307277327820564,-0.34158808248320155,0.016530007895091278,1.3904111771455436,0.23634307200926014,0.12380527673647278,0.5730077324528426,0.007446260423921648,0.03965751372451874,0.44271777194796497,0.13300995774252966,0.04599992924122828,0.23857298805293975,-0.07503355597371843,-0.0,-0.4140020979474372,0.018473802356489082,0.7307277327820564,-0.34158808248320155,0.016530007895091278,1.3904111771455436,0.23634307200926014,0.12380527673647278,0.5730077324528426,0.007446260423921648,0.03965751372451874,0.44271777194796497,0.13300995774252966,0.04599992924122828,0.23857298805293975,-0.07503355597371843,-0.017850226089658038,-0.3345169836178181,-0.009654866215405917,0.2428587804476553,0.1394539726548634,-0.051995623703972156,1.296023895253864,0.15299872493422212,0.12333550663092614,0.5918903226173376,0.0024719919906264825,0.045283617809925264,0.4996484044896921,0.06602786006578092,0.04537093927434767,0.25230634417757114,-0.059483272795436574
227,True,2.2799999999999705,1.3240384450515674,False,True,0.0,False,,-0.0,-0.42287929351681114,0.03524926187218367,0.7142449838784436,-0.3463317903053473,0.013545951675373548,1.3443590520603719,0.28136991542622214,0.12213777761557248,0.5311625084678137,0.01573967168835336,0.03747372221608615,0.42430655663181915,0.10958063507500324,0.039347318526791984,0.23027237052701077,-0.0875204559107636,-0.0,-0.42287929351681114,0.03524926187218367,0.7142449838784436,-0.3463317903053473,0.013545951675373548,1.3443590520603719,0.28136991542622214,0.12213777761557248,0.5311625084678137,0.01573967168835336,0.03747372221608615,0.42430655663181915,0.10958063507500324,0.039347318526791984,0.23027237052701077,-0.0875204559107636,-0.017140456970431987,-0.35406780621729966,-0.009640517147845825,0.3375056653117329,0.043469318006431334,-0.04051840669671517,1.3140339884317191,0.17375056106025555,0.12267359505105967,0.5848103304676093,0.004087512162408476,0.04324627483255374,0.4838500929712876,0.08035504531715144,0.04490139128223822,0.24612227004743517,-0.06113054882918799
228,True,2.2899999999999694,1.2730076840374207,False,True,0.0,False,,-0.0,-0.40660173127542887,0.05617089603433407,0.6912417518418917,-0.34782099718216136,0.005266981520985533,1.3141846010105902,0.2838283665157905,0.11934763413593016,0.49741604759737906,0.0429109673534389,0.03205259278186079,0.39754526591437134,0.11666313568040021,0.03412399556089923,0.2089851401526797,-0.07649920377998735,-0.0,-0.40660173127542887,0.05617089603433407,0.6912417518418917,-0.34782099718216136,0.005266981520985533,1.3141846010105902,0.2838283665157905,0.11934763413593016,0.49741604759737906,0.0429109673534389,0.03205259278186079,0.39754526591437134,0.11666313568040021,0.03412399556089923,0.2089851401526797,-0.07649920377998735,-0.01676372196426955,-0.36886021324848856,-0.009640992344035253,0.4181822322755669,-0.04108616439264621,-0.030245334855843416,1.3232869116340318,0.1951685703059736,0.12228657087554701,0.5734817666847977,0.00830219847940841,0.0415033448290384,0.4686873401327648,0.0901317110292038,0.04391275880321883,0.24018891190255223,-0.06396601853354539
229,True,2.2999999999999683,1.2318083445617407,False,True,0.0,False,,-0.0,-0.4093916018493542,0.03211368270211916,0.7076116629452257,-0.32925564832292925,0.026173604952043072,1.3341964723529998,0.2743165271977327,0.12467524709751689,0.5128803179127334,0.047998709756270234,0.0375949305727339,0.40524964518144085,0.12022003355467292,0.038031991451676614,0.21481996431242734,-0.07393744833253281,-0.0,-0.4093916018493542,0.03211368270211916,0.7076116629452257,-0.32925564832292925,0.026173604952043072,1.3341964723529998,0.2743165271977327,0.12467524709751689,0.5128803179127334,0.047998709756270234,0.0375949305727339,0.40524964518144085,0.12022003355467292,0.038031991451676614,0.21481996431242734,-0.07393744833253281,-0.0162878864421442,-0.3795906678593382,-0.009641986391422623,0.4841556143236128,-0.10966965942755412,-0.020354709238374492,1.3282403983351208,0.2136417727325933,0.12229298438789823,0.5615625823839213,0.014485654838092023,0.04029027160696622,0.45509507212597533,0.09746882257465977,0.04291468382650278,0.23468909517468556,-0.06631769853663907
230,True,2.309999999999967,1.1981416204546094,False,True,0.0,False,,-0.0,-0.41094230670070364,0.037300327449773296,0.7118793291069128,-0.34005340259160055,0.039163099542291094,1.3255393684901906,0.28389114721038233,0.12651029504039804,0.5085609281099154,0.04344099280077687,0.038191574326950535,0.40340626763416343,0.12197409577926555,0.035814043484271446,0.21398857603170698,-0.07877791411832016,-0.0,-0.41094230670070364,0.037300327449773296,0.7118793291069128,-0.34005340259160055,0.039163099542291094,1.3255393684901906,0.28389114721038233,0.12651029504039804,0.5085609281099154,0.04344099280077687,0.038191574326950535,0.40340626763416343,0.12197409577926555,0.035814043484271446,0.21398857603170698,-0.07877791411832016,-0.015590089413227221,-0.3876531862908465,-0.009641807620869271,0.5374337820470535,-0.16387984539753686,-0.009953465664513392,1.330921264286068,0.229124880500093,0.12276756295299796,0.5510211500954921,0.020558342181737223,0.03969330210585045,0.44385074408729946,0.10322694387171574,0.04200625716126539,0.23016574170859494,-0.06848360615947555
231,True,2.319999999999966,1.1694297553245094,False,True,0.0,False,,-0.0,-0.41094230670070364,0.037300327449773296,0.7118793291069128,-0.34005340259160055,0.039163099542291094,1.3255393684901906,0.28389114721038233,0.12651029504039804,0.5085609281099154,0.04344099280077687,0.038191574326950535,0.40340626763416343,0.12197409577926555,0.035814043484271446,0.21398857603170698,-0.07877791411832016,-0.0,-0.41094230670070364,0.037300327449773296,0.7118793291069128,-0.34005340259160055,0.039163099542291094,1.3255393684901906,0.28389114721038233,0.12651029504039804,0.5085609281099154,0.04344099280077687,0.038191574326950535,0.40340626763416343,0.12197409577926555,0.035814043484271446,0.21398857603170698,-0.07877791411832016,-0.014740949829524792,-0.3937553227214402,-0.009640940334631478,0.5795072766585736,-0.206339428199062,-4.709923116773905e-05,1.3320193352143705,0.2419423438162531,0.12346430741377777,0.5420915713107124,0.025691242895813267,0.03944837688851982,0.434792893943757,0.10773766740932703,0.04115298500319191,0.2265307680219973,-0.07050905034779718
232,True,2.329999999999965,1.1406752850007043,False,True,0.0,False,,-0.0,-0.3867011283109968,0.05181584702131059,0.6672330058968603,-0.3015767381127225,0.01764505433948641,1.3022433432986595,0.296138865372593,0.11694854085952423,0.46059536230175413,0.067642226199649,0.027432809480737442,0.38136519225503646,0.13157805835460745,0.022804616303228255,0.20406892964529968,-0.07740314884412,-0.0,-0.3867011283109968,0.05181584702131059,0.6672330058968603,-0.3015767381127225,0.01764505433948641,1.3022433432986595,0.296138865372593,0.11694854085952423,0.46059536230175413,0.067642226199649,0.027432809480737442,0.38136519225503646,0.13157805835460745,0.022804616303228255,0.20406892964529968,-0.07740314884412,-0.014131222282475125,-0.39651528706328915,-0.00964220954204817,0.6086074804017665,-0.236023598864687,0.006836586924236622,1.3306003195783966,0.2531487530335456,0.12355383628754013,0.5311728771162985,0.0317843459927946,0.038595151839925505,0.4259716988643411,0.11198552549981432,0.03944108210400781,0.2228915953156205,-0.07213156429137767
233,True,2.339999999999964,1.1364866507700062,False,True,0.0,False,,-0.0,-0.38313622639545936,0.04672030564017892,0.6356228373599615,-0.2051472059822375,0.023223978993448142,1.3211263739598336,0.3093326684804027,0.12038584529988641,0.4368855782518318,0.10999394448055251,0.036258983159675545,0.3743862008013658,0.12668690786045875,0.02324553408765388,0.18451844495058306,-0.07827230902599394,-0.0,-0.38313622639545936,0.04672030564017892,0.6356228373599615,-0.2051472059822375,0.023223978993448142,1.3211263739598336,0.3093326684804027,0.12038584529988641,0.4368855782518318,0.10999394448055251,0.036258983159675545,0.3743862008013658,0.12668690786045875,0.02324553408765388,0.18451844495058306,-0.07827230902599394,-0.013746469258737529,-0.39643544477532117,-0.00964385697816781,0.6248193542537189,-0.2480390576335733,0.011288205091933715,1.3288496374726864,0.2638735235412669,0.12330123673770177,0.5170067485954781,0.041832304512689975,0.037820524383752795,0.4168973674882939,0.11561894743831318,0.037094183118914194,0.21779182707912556,-0.07340055777536816
234,True,2.349999999999963,1.164488798628697,False,True,0.0,False,,-0.0,-0.4170865047717089,0.062492441070311856,0.6679060618778365,-0.27568372278456293,0.0058957461429254435,1.3366815650712682,0.298298226064738,0.11413599779222473,0.4248669240995787,0.12802816778240805,0.03276745057472014,0.3541674789884532,0.11888490122674905,0.024025421081944075,0.177509089005757,-0.06660011584097093,-0.0,-0.4170865047717089,0.062492441070311856,0.6679060618778365,-0.27568372278456293,0.0058957461429254435,1.3366815650712682,0.298298226064738,0.11413599779222473,0.4248669240995787,0.12802816778240805,0.03276745057472014,0.3541674789884532,0.11888490122674905,0.024025421081944075,0.177509089005757,-0.06660011584097093,-0.01341194840541249,-0.3976667040189044,-0.009646497868027673,0.6352628496058167,-0.25333174084219073,0.01316917453210385,1.3290114814755847,0.27276612604116424,0.12259657364015072,0.5012730402432279,0.05534024431809031,0.03723895607437327,0.40697500338505993,0.11778571752983247,0.034810978061170464,0.21138344618183705,-0.07357185154769993
235,True,2.3599999999999617,1.1877274583267141,False,True,0.0,False,,-0.0,-0.3873374952174379,0.05099906463918984,0.6509983841232441,-0.24904134319885188,-0.003637713157106745,1.3245563170609664,0.30703215898384323,0.11555062316318875,0.4281988344017674,0.1273292388013084,0.03378176558991062,0.3798659655177852,0.10496552699343092,0.025196709425348324,0.18886898307922834,-0.08476191074383096,-0.0,-0.3873374952174379,0.05099906463918984,0.6509983841232441,-0.24904134319885188,-0.003637713157106745,1.3245563170609664,0.30703215898384323,0.11555062316318875,0.4281988344017674,0.1273292388013084,0.03378176558991062,0.3798659655177852,0.10496552699343092,0.025196709425348324,0.18886898307922834,-0.08476191074383096,-0.012896238231368647,-0.3983637963377253,-0.00964147759590963,0.6420182033732104,-0.25597959468330683,0.012406204121206424,1.3295934253871575,0.2801561564969459,0.12164283575352654,0.48649819761672186,0.06927813668133186,0.036753753856170655,0.39901036087436553,0.11775111356356,0.032930230758479756,0.2057990599657648,-0.07423604053801582
236,True,2.3699999999999606,0.943254576027986,False,True,0.0,False,,-0.0,-0.39168598823904544,0.03983283196820038,0.6583205231611148,-0.235894316779753,0.04274407270313468,1.3309266117896708,0.30920649914493575,0.1244817656411056,0.44379115168232863,0.13000623171887912,0.040545179385583496,0.3868487287145291,0.10290557011895851,0.027272266982507145,0.19839794335692126,-0.08449271083289928,-0.0,-0.39168598823904544,0.03983283196820038,0.6583205231611148,-0.235894316779753,0.04274407270313468,1.3309266117896708,0.30920649914493575,0.1244817656411056,0.44379115168232863,0.13000623171887912,0.040545179385583496,0.3868487287145291,0.10290557011895851,0.027272266982507145,0.19839794335692126,-0.08449271083289928,-0.012073743906057255,-0.39802398798357025,-0.009630509201346532,0.6463867700023809,-0.25522587540035896,0.013811007806710983,1.3303113997997131,0.2865818366636745,0.12131654790561838,0.47512488956842136,0.08190978421605559,0.03682291051862028,0.3942737567192132,0.1161579739493724,0.03163319000737042,0.20236912662750015,-0.07567548662141607
237,True,2.3799999999999595,0.7561590699742887,False,True,0.0,False,,-0.0,-0.407912533969629,0.034810050287559874,0.6684200189944574,-0.22597010898465084,0.018883852723973235,1.3320704645511348,0.3185948501325868,0.11689226117605972,0.43895550441134334,0.12706758330464707,0.036052024669483214,0.38212476903352316,0.09919866089097154,0.024318798004435413,0.18914362760001663,-0.09036570514739689,-0.0,-0.407912533969629,0.034810050287559874,0.6684200189944574,-0.22597010898465084,0.018883852723973235,1.3320704645511348,0.3185948501325868,0.11689226117605972,0.43895550441134334,0.12706758330464707,0.036052024669483214,0.38212476903352316,0.09919866089097154,0.024318798004435413,0.18914362760001663,-0.09036570514739689,-0.011183620581967584,-0.39892269594564245,-0.009627029360912621,0.650079359974518,-0.25200557581162947,0.016006691553261745,1.331181719844086,0.2925932010627039,0.12111427079490904,0.4666892342644718,0.09240447793898852,0.03701487538801888,0.3913196875581316,0.11376144325601995,0.030585318926677377,0.19986592982066007,-0.07770357245451621
238,True,2.3899999999999584,0.6642750178163666,False,True,0.0,False,,-0.0,-0.4077349346620816,0.04228913142747065,0.658898639705106,-0.23795116130694924,0.0042246544551695995,1.349265631736739,0.29270899526436334,0.11469130802014438,0.4347060206208195,0.12248234637518643,0.03380438923438838,0.37986315887021704,0.09562067387615092,0.02191966545309237,0.1874304841246837,-0.09123558611800969,-0.0,-0.4077349346620816,0.04228913142747065,0.658898639705106,-0.23795116130694924,0.0042246544551695995,1.349265631736739,0.29270899526436334,0.11469130802014438,0.4347060206208195,0.12248234637518643,0.03380438923438838,0.37986315887021704,0.09562067387615092,0.02191966545309237,0.1874304841246837,-0.09123558611800969,-0.010415778209284285,-0.4013403963885512,-0.009646186531985772,0.6525013143392494,-0.24873893595779697,0.016630597687987015,1.33254835133712,0.2957068896656319,0.1205835086958379,0.4599404150602665,0.10033853797908779,0.036982896322647674,0.38908748327184767,0.11090318411271709,0.029468787136237896,0.19753632160337448,-0.08002552433290488
239,True,2.3999999999999573,0.6304910300679801,False,True,0.0,False,,-0.0,-0.3858851258776458,0.0386398974853592,0.6585425753270127,-0.236736353223247,0.00827549144767103,1.3333193913158872,0.2853394910131756,0.12198883117694034,0.4410655628622376,0.12106228153348043,0.03963469143795272,0.3922222162672352,0.09701047501800827,0.03020285782047457,0.19586917973714807,-0.08945692028587059,-0.0,-0.3858851258776458,0.0386398974853592,0.6585425753270127,-0.236736353223247,0.00827549144767103,1.3333193913158872,0.2853394910131756,0.12198883117694034,0.4410655628622376,0.12106228153348043,0.03963469143795272,0.3922222162672352,0.09701047501800827,0.03020285782047457,0.19586917973714807,-0.08945692028587059,-0.009726282111979595,-0.40279675433454154,-0.009695094270204338,0.6534061834440476,-0.24642326780101703,0.016342023379785117,1.3335721236709799,0.29591051898931714,0.12034452531836676,0.4549912293297986,0.10601505060359721,0.03715867326948917,0.38818202990403045,0.10815631442427183,0.02889957169511872,0.19612529630091588,-0.08209534386668216
240,True,2.409999999999956,0.6262106800002974,False,True,0.0,False,,-0.0,-0.3858851258776458,0.0386398974853592,0.6585425753270127,-0.236736353223247,0.00827549144767103,1.3333193913158872,0.2853394910131756,0.12198883117694034,0.4410655628622376,0.12106228153348043,0.03963469143795272,0.3922222162672352,0.09701047501800827,0.03020285782047457,0.19586917973714807,-0.08945692028587059,-0.0,-0.3858851258776458,0.0386398974853592,0.6585425753270127,-0.236736353223247,0.00827549144767103,1.3333193913158872,0.2853394910131756,0.12198883117694034,0.4410655628622376,0.12106228153348043,0.03963469143795272,0.3922222162672352,0.09701047501800827,0.03020285782047457,0.19586917973714807,-0.08945692028587059,-0.009147047060378137,-0.40305297798251577,-0.00975589570146005,0.6533346872768513,-0.24487346897143258,0.01587667110918287,1.3339730286947191,0.29476790226148425,0.12049383213109086,0.451594733088186,0.11006001552335008,0.037585673819443756,0.3883648557421909,0.10583368442576042,0.02890242959704916,0.1955598263442927,-0.08375102432653131
241,True,2.419999999999955,0.6690644745816543,False,True,0.0,False,,-0.0,-0.39141075154671157,0.06130407382367951,0.6027825856360766,-0.2268262871405245,-0.0688250319384443,1.3227044047408623,0.22809584208643371,0.12596059577005742,0.4797197596912285,0.07419707543010169,0.04034231868272544,0.38963949115747015,0.12284550128039802,0.04017564415557606,0.18404892142516538,-0.05148377357962694,-0.0,-0.39141075154671157,0.06130407382367951,0.6027825856360766,-0.2268262871405245,-0.0688250319384443,1.3227044047408623,0.22809584208643371,0.12596059577005742,0.4797197596912285,0.07419707543010169,0.04034231868272544,0.38963949115747015,0.12284550128039802,0.04017564415557606,0.18404892142516538,-0.05148377357962694,-0.008607371843538547,-0.4023127027156031,-0.009773655296485285,0.6492921455879227,-0.24269903960122563,0.009041418038102201,1.3337536722182866,0.288850478552736,0.12108910684287363,0.452129225886402,0.10932869189719116,0.03813016717680381,0.3887797790464287,0.1059226133388333,0.02989653666789891,0.19447774904155365,-0.08211840844915604
242,True,2.429999999999954,0.7417151390874405,False,True,0.0,False,,-0.0,-0.39141075154671157,0.06130407382367951,0.6027825856360766,-0.2268262871405245,-0.0688250319384443,1.3227044047408623,0.22809584208643371,0.12596059577005742,0.4797197596912285,0.07419707543010169,0.04034231868272544,0.38963949115747015,0.12284550128039802,0.04017564415557606,0.18404892142516538,-0.05148377357962694,-0.0,-0.39141075154671157,0.06130407382367951,0.6027825856360766,-0.2268262871405245,-0.0688250319384443,1.3227044047408623,0.22809584208643371,0.12596059577005742,0.4797197596912285,0.07419707543010169,0.04034231868272544,0.38963949115747015,0.12284550128039802,0.04017564415557606,0.18404892142516538,-0.05148377357962694,-0.00818464531039744,-0.4010316281862605,-0.009752461176405965,0.6423469762851631,-0.23998516205576495,-0.0027633775879343917,1.3330760076856316,0.2795520702128451,0.12196364295302838,0.4556724498602698,0.10499113801261793,0.03869275401258991,0.38914904290801655,0.10793791521608789,0.031581245134420344,0.1928756509915468,-0.07792036664033607
243,True,2.439999999999953,1.1280105013809036,False,True,0.0,False,,-0.0,-0.3240209761912554,0.13353740325407926,0.320891121911547,0.049039536966581976,-0.08577768423685782,1.2635154591167095,0.23855639922516175,0.12637516864381274,0.4892493448370146,0.04999158261714927,0.04207679275807285,0.3384729004059252,0.19453927125583712,0.041121229363440384,0.13150591342744036,0.022733139909711597,-0.0,-0.3240209761912554,0.13353740325407926,0.320891121911547,0.049039536966581976,-0.08577768423685782,1.2635154591167095,0.23855639922516175,0.12637516864381274,0.4892493448370146,0.04999158261714927,0.04207679275807285,0.3384729004059252,0.19453927125583712,0.041121229363440384,0.13150591342744036,0.022733139909711597,-0.008198492966648617,-0.39420574134121866,-0.009726647224953968,0.6129615884470483,-0.2155074561973219,-0.01655903129283213,1.327710891249622,0.27084782290105297,0.12289561130746567,0.4607791450851821,0.09780594140663511,0.03932506087003736,0.3855878684754011,0.1161844832047073,0.03344165506280405,0.18714210579208831,-0.06730069764707047
244,True,2.4499999999999518,1.3068559761957446,False,True,0.0,False,,-0.0,-0.3240209761912554,0.13353740325407926,0.320891121911547,0.049039536966581976,-0.08577768423685782,1.2635154591167095,0.23855639922516175,0.12637516864381274,0.4892493448370146,0.04999158261714927,0.04207679275807285,0.3384729004059252,0.19453927125583712,0.041121229363440384,0.13150591342744036,0.022733139909711597,-0.0,-0.3240209761912554,0.13353740325407926,0.320891121911547,0.049039536966581976,-0.08577768423685782,1.2635154591167095,0.23855639922516175,0.12637516864381274,0.4892493448370146,0.04999158261714927,0.04207679275807285,0.3384729004059252,0.19453927125583712,0.041121229363440384,0.13150591342744036,0.022733139909711597,-0.00847886311554406,-0.38340125234022426,-0.009702020226448806,0.5669822522156435,-0.17448598064361143,-0.030225134421813078,1.3187360328376891,0.2637931442021483,0.12376721034981436,0.46633952819401336,0.08939568523312554,0.03998588406410567,0.3789105101009666,0.12874547199347475,0.03521155750660759,0.17838045448662965,-0.052471310266370294
245,True,2.4599999999999507,1.2906416913837602,False,True,0.0,False,,-0.0,-0.3710729747053495,0.12039489005802101,0.3726447287645941,-0.055043819536328725,-0.07254776719053276,1.2015009392088272,0.23897634987874072,0.12016739721038011,0.4706485909986785,0.035289811744959765,0.035185630588434456,0.339872502339389,0.19232299658075513,0.03184125891634801,0.1338594702577324,0.0273491508066926,-0.0,-0.3710729747053495,0.12039489005802101,0.3726447287645941,-0.055043819536328725,-0.07254776719053276,1.2015009392088272,0.23897634987874072,0.12016739721038011,0.4706485909986785,0.035289811744959765,0.035185630588434456,0.339872502339389,0.19232299658075513,0.03184125891634801,0.1338594702577324,0.0273491508066926,-0.008959576648589079,-0.37603676579352835,-0.009684271565258848,0.5237217041378875,-0.13990622435347033,-0.04122761216712107,1.3045388397501203,0.2582909589781152,0.12413627363675532,0.47006710983526423,0.08034997194056512,0.04015901862263102,0.3718114257198584,0.14137216508643338,0.0361307933901786,0.1695782239321436,-0.03734425837907794
246,True,2.4699999999999496,1.2792520311868576,False,True,0.0,False,,-0.0,-0.3710729747053495,0.12039489005802101,0.3726447287645941,-0.055043819536328725,-0.07254776719053276,1.2015009392088272,0.23897634987874072,0.12016739721038011,0.4706485909986785,0.035289811744959765,0.035185630588434456,0.339872502339389,0.19232299658075513,0.03184125891634801,0.1338594702577324,0.0273491508066926,-0.0,-0.3710729747053495,0.12039489005802101,0.3726447287645941,-0.055043819536328725,-0.07254776719053276,1.2015009392088272,0.23897634987874072,0.12016739721038011,0.4706485909986785,0.035289811744959765,0.035185630588434456,0.339872502339389,0.19232299658075513,0.03184125891634801,0.1338594702577324,0.0273491508066926,-0.00945890825544081,-0.37282190072705695,-0.009669950961488764,0.48858063869685653,-0.11604760176791638,-0.049357596832495,1.2874200311402892,0.254048646609997,0.12405043587230874,0.47190031158112394,0.07154268083442267,0.03988144140039373,0.3654228291302752,0.1524500563920482,0.03627376002952668,0.16188790645877776,-0.023699701195847897
247,True,2.4799999999999485,1.2763169513796095,False,True,0.0,False,,-0.0,-0.3710729747053495,0.12039489005802101,0.3726447287645941,-0.055043819536328725,-0.07254776719053276,1.2015009392088272,0.23897634987874072,0.12016739721038011,0.4706485909986785,0.035289811744959765,0.035185630588434456,0.339872502339389,0.19232299658075513,0.03184125891634801,0.1338594702577324,0.0273491508066926,-0.0,-0.3710729747053495,0.12039489005802101,0.3726447287645941,-0.055043819536328725,-0.07254776719053276,1.2015009392088272,0.23897634987874072,0.12016739721038011,0.4706485909986785,0.035289811744959765,0.035185630588434456,0.339872502339389,0.19232299658075513,0.03184125891634801,0.1338594702577324,0.0273491508066926,-0.009813258267032256,-0.37163287026403136,-0.009655529691839393,0.4607970350111457,-0.09932213797910855,-0.055371347385307516,1.271034408236317,0.2507776980830228,0.12377334597056852,0.4727237563139498,0.0638582856206707,0.03943570188853419,0.3600767339430528,0.16160161988535326,0.03606777439039214,0.15555970241622502,-0.012254874576436673
248,True,2.4899999999999474,1.2454229985745218,False,True,0.0,False,,-0.0,-0.1803743843218093,0.11783643560328792,-0.10776419442923624,0.32428973167334785,-0.07919149294742085,1.1035742570203992,0.20342439897004622,0.11316675959882534,0.4353101250524981,0.0678750592743365,0.021904367461988906,0.3656708458430139,0.149039693098437,0.004810969874620957,0.16024841670577686,-0.009804290890907012,-0.0,-0.1803743843218093,0.11783643560328792,-0.10776419442923624,0.32428973167334785,-0.07919149294742085,1.1035742570203992,0.20342439897004622,0.11316675959882534,0.4353101250524981,0.0678750592743365,0.021904367461988906,0.3656708458430139,0.149039693098437,0.004810969874620957,0.16024841670577686,-0.009804290890907012,-0.010257854741905062,-0.3562718120033431,-0.009644224789823956,0.4058227054611776,-0.057380450782264954,-0.06033612769079251,1.249377861523019,0.24555483717105667,0.12292951106148627,0.4703737475802222,0.060039213491351835,0.03799418175822415,0.3576612495504549,0.1655398194208199,0.033717361748003216,0.1524899919061564,-0.005975703453705102
249,True,2.4999999999999463,1.1301733216025616,False,True,0.0,False,,-0.0,-0.34502763428291994,0.14051665729077875,-0.20943951023931956,0.6442806471730363,-0.07432625180633957,1.053866340576151,-0.02034117123933099,0.15291419818727717,0.4744320053989221,0.08744615827132383,0.0435525011938013,0.48759276906766436,0.07287242772597398,0.03214790544718044,0.2272140870995431,-0.057295914143514155,-0.0,-0.34502763428291994,0.14051665729077875,-0.20943951023931956,0.6442806471730363,-0.07432625180633957,1.053866340576151,-0.02034117123933099,0.15291419818727717,0.4744320053989221,0.08744615827132383,0.0435525011938013,0.48759276906766436,0.07287242772597398,0.03214790544718044,0.2272140870995431,-0.057295914143514155,-0.010023283680171073,-0.3423031573047042,-0.009648153061714392,0.3243533111962149,0.015431341690848952,-0.06418072303084797,1.220698557152825,0.22118486075512953,0.12450236205085954,0.46859111231694184,0.06096126391653919,0.03728831295130675,0.36703609977402063,0.1591798093503789,0.03172584887671246,0.1573213427503534,-0.007641438240104717
250,True,2.509999999999945,0.9818309547902243,False,True,0.0,False,,-0.0,-0.34502763428291994,0.14051665729077875,-0.20943951023931956,0.6442806471730363,-0.07432625180633957,1.053866340576151,-0.02034117123933099,0.15291419818727717,0.4744320053989221,0.08744615827132383,0.0435525011938013,0.48759276906766436,0.07287242772597398,0.03214790544718044,0.2272140870995431,-0.057295914143514155,-0.0,-0.34502763428291994,0.14051665729077875,-0.20943951023931956,0.6442806471730363,-0.07432625180633957,1.053866340576151,-0.02034117123933099,0.15291419818727717,0.4744320053989221,0.08744615827132383,0.0435525011938013,0.48759276906766436,0.07287242772597398,0.03214790544718044,0.2272140870995431,-0.057295914143514155,-0.009337946589086125,-0.33695635438212307,-0.009655820721473656,0.23263386423593974,0.10450332526575735,-0.06693401985750554,1.1903419893589922,0.18320506338935666,0.12840672961892916,0.46867967617990886,0.06443134480248901,0.0377455712330177,0.38490075791958106,0.1465040203262589,0.0310430814662568,0.16739571531929742,-0.014123895505205857
251,True,2.519999999999944,0.8285722606778423,False,True,0.0,False,,-0.0,-0.34502763428291994,0.14051665729077875,-0.20943951023931956,0.6442806471730363,-0.07432625180633957,1.053866340576151,-0.02034117123933099,0.15291419818727717,0.4744320053989221,0.08744615827132383,0.0435525011938013,0.48759276906766436,0.07287242772597398,0.03214790544718044,0.2272140870995431,-0.057295914143514155,-0.0,-0.34502763428291994,0.14051665729077875,-0.20943951023931956,0.6442806471730363,-0.07432625180633957,1.053866340576151,-0.02034117123933099,0.15291419818727717,0.4744320053989221,0.08744615827132383,0.0435525011938013,0.48759276906766436,0.07287242772597398,0.03214790544718044,0.2272140870995431,-0.057295914143514155,-0.00874078676601771,-0.3359575610924969,-0.009654343386220619,0.14367744109731034,0.19959749498900695,-0.06892019060162695,1.1625829995223784,0.14412506955320323,0.13291514982035654,0.46952449197079044,0.0685249514099545,0.03866440433702525,0.40427124788385443,0.13283220059596457,0.03097659212939675,0.1784394448356079,-0.021762154685019696
252,True,2.529999999999943,0.6965537925297812,False,True,0.0,False,,-0.0,-0.4027487122036932,0.16996050298648824,-0.20943951023931956,0.8993288893039012,-0.024880538122604358,1.020198021169794,-0.1990147451859303,0.20194478769417382,0.43027171541723813,0.09781138944353986,0.08812800403964736,0.45358687415926746,0.10847122400902527,0.04772599273573471,0.17014236307088193,-0.0036547433414211433,-0.0,-0.4027487122036932,0.16996050298648824,-0.20943951023931956,0.8993288893039012,-0.024880538122604358,1.020198021169794,-0.1990147451859303,0.20194478769417382,0.43027171541723813,0.09781138944353986,0.08812800403964736,0.45358687415926746,0.10847122400902527,0.04772599273573471,0.17014236307088193,-0.0036547433414211433,-0.008871145680909864,-0.3414675036106491,-0.009656664235751143,0.06617244557700952,0.2967176939314035,-0.06662825500332802,1.136582147664716,0.09512118679960738,0.14078030658858193,0.4672751904212101,0.07324088333718903,0.04293247555379503,0.4194179517080223,0.12322169830967149,0.03232976142888782,0.18421850369578516,-0.02477373479930155
253,True,2.539999999999942,0.6252955189340169,False,True,0.0,False,,-0.0,-0.6765945915322726,0.2261496759281363,-0.20943951023931956,1.0898014421399134,-0.008900930993018186,0.893080676785233,-0.2073250593686298,0.228721522666054,0.34875273084542446,0.16148922739209784,0.11937109111282157,0.4150925801022689,0.15958753443388862,0.04730101630960201,0.13035140502645728,0.08364886146162792,-0.0,-0.6765945915322726,0.2261496759281363,-0.20943951023931956,1.0898014421399134,-0.008900930993018186,0.893080676785233,-0.2073250593686298,0.228721522666054,0.34875273084542446,0.16148922739209784,0.11937109111282157,0.4150925801022689,0.15958753443388862,0.04730101630960201,0.13035140502645728,0.08364886146162792,-0.01003307020400929,-0.37234691982896395,-0.009688753811966367,0.0027441140340145474,0.39554322583364215,-0.05975507063584055,1.1032245335557131,0.040385368025697796,0.15304182143623965,0.45610147590654926,0.0831346807762147,0.05214840969648455,0.4268482483506404,0.12173957685439607,0.034694001439340275,0.1818643270622958,-0.0166311645242725
254,True,2.5499999999999408,0.5600085903155082,False,True,0.0,False,,-0.0,-0.8726646259971648,0.28751662374124504,-0.20943951023931956,1.222204113765837,-0.024429844879884477,0.8613066851121394,-0.19331691340469806,0.22732546806793671,0.36239961409921273,0.20305982139926226,0.10682799281718583,0.42382270438211433,0.2002024662387625,0.04208204790237095,0.144512542219182,0.07100189740487158,-0.0,-0.8726646259971648,0.28751662374124504,-0.20943951023931956,1.222204113765837,-0.024429844879884477,0.8613066851121394,-0.19331691340469806,0.22732546806793671,0.36239961409921273,0.20305982139926226,0.10682799281718583,0.42382270438211433,0.2002024662387625,0.04208204790237095,0.144512542219182,0.07100189740487158,-0.011345769845341587,-0.4357591578253391,-0.009732558440278623,-0.04745860944315325,0.49506972563341345,-0.052364517996847784,1.063255869361522,-0.009473697331389185,0.1667997361515667,0.4404131450962212,0.09965480941439267,0.0628039734032856,0.42948632227139133,0.12883770310262466,0.03684991052085118,0.17607685519842423,-0.0025822730710830456
255,True,2.5599999999999397,0.47968162619839005,False,True,0.0,False,,-0.0,-0.8726646259971648,0.28751662374124504,-0.20943951023931956,1.222204113765837,-0.024429844879884477,0.8613066851121394,-0.19331691340469806,0.22732546806793671,0.36239961409921273,0.20305982139926226,0.10682799281718583,0.42382270438211433,0.2002024662387625,0.04208204790237095,0.144512542219182,0.07100189740487158,-0.0,-0.8726646259971648,0.28751662374124504,-0.20943951023931956,1.222204113765837,-0.024429844879884477,0.8613066851121394,-0.19331691340469806,0.22732546806793671,0.36239961409921273,0.20305982139926226,0.10682799281718583,0.42382270438211433,0.2002024662387625,0.04208204790237095,0.144512542219182,0.07100189740487158,-0.01229598643352018,-0.5129121220925836,-0.00975464546415695,-0.08681003939907367,0.5948120979733478,-0.04619747968033762,1.023837036721001,-0.05104338545001094,0.1796708200647674,0.42517847459548497,0.11847898817843593,0.07247655896051118,0.4302397471221226,0.14012356688189515,0.03849054687771044,0.17014066217213053,0.011697541011115947
256,True,2.5699999999999386,0.374342571329966,False,True,0.0,False,,-0.0,-0.8726646259971647,0.27897397807404345,-0.2094395102393195,1.5582153753877916,-0.016745503106713307,0.8497566619327613,-0.21658372334507056,0.22923227822436246,0.3952592801154106,0.19719454393935779,0.10251455955856861,0.4753977090168783,0.1633958103653492,0.051271226719882726,0.17178082152974206,0.03681291440042126,-0.0,-0.8726646259971647,0.27897397807404345,-0.2094395102393195,1.5582153753877916,-0.016745503106713307,0.8497566619327613,-0.21658372334507056,0.22923227822436246,0.3952592801154106,0.19719454393935779,0.10251455955856861,0.4753977090168783,0.1633958103653492,0.051271226719882726,0.17178082152974206,0.03681291440042126,-0.012521681408360236,-0.5868938053323085,-0.009748104402113494,-0.11744043083818523,0.6946030135156112,-0.040658209158536074,0.9882998536796279,-0.0862446322454924,0.19089070571924255,0.4144137809661807,0.13552206613405532,0.08034884995324904,0.4340343386715088,0.14882674300953788,0.04041762056215763,0.166912916686775,0.02168137040248843
257,True,2.5799999999999375,0.2556384158715107,False,True,0.0,False,,-0.0,-0.8726646259971647,0.27897397807404345,-0.2094395102393195,1.5582153753877916,-0.016745503106713307,0.8497566619327613,-0.21658372334507056,0.22923227822436246,0.3952592801154106,0.19719454393935779,0.10251455955856861,0.4753977090168783,0.1633958103653492,0.051271226719882726,0.17178082152974206,0.03681291440042126,-0.0,-0.8726646259971647,0.27897397807404345,-0.2094395102393195,1.5582153753877916,-0.016745503106713307,0.8497566619327613,-0.21658372334507056,0.22923227822436246,0.3952592801154106,0.19719454393935779,0.10251455955856861,0.4753977090168783,0.1633958103653492,0.051271226719882726,0.17178082152974206,0.03681291440042126,-0.012173339113167437,-0.6510080123484049,-0.009726862058003398,-0.14103328301628834,0.7944139269873425,-0.0357149844825911,0.9579896647850914,-0.11566397196739515,0.20023022788588646,0.40800073017900895,0.1496196944352507,0.08640410840697582,0.44059571722808455,0.15404764133744916,0.04259499803449945,0.16616788341356475,0.027435314192420058
258,True,2.5899999999999364,0.1494289629538185,False,True,0.0,False,,-0.0,-0.8726646259971648,0.2538928858500261,-0.2094395102393196,1.9547687622336491,0.007270352223375499,0.7429633667618255,-0.16372588705299984,0.24543602324475558,0.41472893136610756,0.1804896262707341,0.11950749751735988,0.5005862904338481,0.07490595286866399,0.05505066257399319,0.18290495652783084,0.025549050833999228,-0.0,-0.8726646259971648,0.2538928858500261,-0.2094395102393196,1.9547687622336491,0.007270352223375499,0.7429633667618255,-0.16372588705299984,0.24543602324475558,0.41472893136610756,0.1804896262707341,0.11950749751735988,0.5005862904338481,0.07490595286866399,0.05505066257399319,0.18290495652783084,0.025549050833999228,-0.011669091260291626,-0.7035952935859568,-0.009703942330214313,-0.15900147993271108,0.8942485943336981,-0.029754801887044182,0.9251057091676494,-0.13505058747939364,0.20890146055817638,0.4055303824851686,0.15954889274558698,0.09223106873281912,0.4495297367921919,0.15035238726630842,0.044911517381314985,0.16736413218731028,0.029990981104034996
259,True,2.5999999999999353,0.05296709473936083,False,True,0.0,False,,-0.0,-0.8726646259971647,0.18148927018100014,-0.20943951023931956,1.9547687622336491,0.0027663477016615715,0.687203386969899,-0.11904379469618534,0.2460222610624863,0.4408397453202743,0.1549513875907523,0.11806680889639111,0.4978584395791538,0.04006967876293388,0.04665652912694294,0.19339479766018275,0.029845964655545433,-0.0,-0.8726646259971647,0.18148927018100014,-0.20943951023931956,1.9547687622336491,0.0027663477016615715,0.687203386969899,-0.11904379469618534,0.2460222610624863,0.4408397453202743,0.1549513875907523,0.11806680889639111,0.4978584395791538,0.04006967876293388,0.04665652912694294,0.19339479766018275,0.029845964655545433,-0.011153657494913564,-0.7452909785693753,-0.009684504777155632,-0.17253886597430004,0.99390090964576,-0.023471322440454984,0.8865442807936228,-0.14260370931522712,0.2169750948183373,0.4076872632169199,0.16403766575274475,0.09784329499814014,0.45920029661955925,0.13737822998517357,0.046545435078482064,0.1704398154661529,0.030868112017995077
260,True,2.609999999999934,0.009340501524899285,False,True,0.0,False,,-0.0,-0.8726646259971647,0.18148927018100014,-0.20943951023931956,1.9547687622336491,0.0027663477016615715,0.687203386969899,-0.11904379469618534,0.2460222610624863,0.4408397453202743,0.1549513875907523,0.11806680889639111,0.4978584395791538,0.04006967876293388,0.04665652912694294,0.19339479766018275,0.029845964655545433,-0.0,-0.8726646259971647,0.18148927018100014,-0.20943951023931956,1.9547687622336491,0.0027663477016615715,0.687203386969899,-0.11904379469618534,0.2460222610624863,0.4408397453202743,0.1549513875907523,0.11806680889639111,0.4978584395791538,0.04006967876293388,0.04665652912694294,0.19339479766018275,0.029845964655545433,-0.010592022927541692,-0.7776091424132877,-0.009670083786977965,-0.18262386319638074,1.0874634644191035,-0.017929740933951315,0.8479162300070441,-0.14286459917931021,0.22341701465781463,0.4124929687712735,0.1648789793781844,0.10307060506660601,0.4679435923499163,0.12084584997260449,0.047388504074165234,0.17434106251613915,0.0311649120386578
261,True,2.619999999999933,0.043002483645180445,False,True,0.0,False,,-0.0,-0.8726646259971647,0.17317977986554745,-0.20943951023931956,1.9547687622336491,0.009560186169467086,0.6571390826922971,-0.08673508975323792,0.2532486447703853,0.4571271257947107,0.13609274498024831,0.12751908066996406,0.5126200674255939,0.01575226982257976,0.05780180823147764,0.19753962825389548,0.03572024260208071,-0.0,-0.8726646259971647,0.17317977986554745,-0.20943951023931956,1.9547687622336491,0.009560186169467086,0.6571390826922971,-0.08673508975323792,0.2532486447703853,0.4571271257947107,0.13609274498024831,0.12751908066996406,0.5126200674255939,0.01575226982257976,0.05780180823147764,0.19753962825389548,0.03572024260208071,-0.009917871822814802,-0.8022724042114309,-0.009660615074617048,-0.1900658042040529,1.1677993043165147,-0.012812632036747122,0.8113812060998964,-0.13762434105958557,0.22845022449336086,0.41895488300014166,0.16267357866927543,0.1085703067764887,0.4765417851490747,0.1028898426065544,0.04862596529871658,0.1784557517633961,0.0315858687434598
262,True,2.629999999999932,0.05550397194998854,False,True,0.0,False,,-0.0,-0.8726646259971645,0.12986770018991062,-0.20943951023931942,1.954768762233649,0.025626668965809805,0.5169019748037803,0.017395594323038638,0.2595168664154041,0.41178048720783944,0.1474979279775678,0.12742275057335686,0.49615901133948165,-0.0029035992137283403,0.05265762432503327,0.13979217869092192,0.05158504071702071,-0.0,-0.8726646259971645,0.12986770018991062,-0.20943951023931942,1.954768762233649,0.025626668965809805,0.5169019748037803,0.017395594323038638,0.2595168664154041,0.41178048720783944,0.1474979279775678,0.12742275057335686,0.49615901133948165,-0.0029035992137283403,0.05265762432503327,0.13979217869092192,0.05158504071702071,-0.009847364731502148,-0.8209014379197626,-0.00966245430206474,-0.195528043437845,1.2333598038404128,-0.0069772600014376025,0.7679243102042101,-0.12124185249753171,0.23352514699107302,0.4227582007071725,0.15970263230205164,0.11364036539823456,0.4831422053202831,0.08406317089320689,0.04991497496408792,0.17792902074876835,0.03348347181452985
263,True,2.639999999999931,0.03555439293314097,False,True,0.0,False,,-0.0,-0.8726646259971644,0.1089931086930182,-0.20943951023931942,1.954768762233649,0.02198660543061176,0.4767668740476932,0.03836691556826942,0.256176644218892,0.3857504628176405,0.16231176037928205,0.11762313808199486,0.4800078918876765,-0.010535488929219733,0.04736203228393342,0.1204127727105077,0.04622804682858619,-0.0,-0.8726646259971644,0.1089931086930182,-0.20943951023931942,1.954768762233649,0.02198660543061176,0.4767668740476932,0.03836691556826942,0.256176644218892,0.3857504628176405,0.16231176037928205,0.11762313808199486,0.4800078918876765,-0.010535488929219733,0.04736203228393342,0.1204127727105077,0.04622804682858619,-0.010374019923721717,-0.8348673484532393,-0.009670423499118353,-0.19952390225300629,1.2852566334079454,-0.0011601659162961144,0.7181571342649582,-0.09661847384612236,0.23802498324505839,0.42171448115221905,0.15832347497578592,0.11742936279276259,0.48598391337019176,0.06579343380214273,0.05056724285627638,0.17188989321661818,0.03595276820572448
264,True,2.6499999999999297,0.05717392535597722,False,True,0.0,False,,-0.0,-0.8726646259971644,0.10435846455173432,-0.2094395102393194,1.954768762233649,0.02611984871402436,0.44835515688888944,0.0769627361572188,0.26038146600723344,0.39347676274731574,0.17155157117395994,0.12503860666083552,0.48891080112899893,-0.011669545242688074,0.05685591707779055,0.11060585563480449,0.054210065986765935,-0.0,-0.8726646259971644,0.10435846455173432,-0.2094395102393194,1.954768762233649,0.02611984871402436,0.44835515688888944,0.0769627361572188,0.26038146600723344,0.39347676274731574,0.17155157117395994,0.12503860666083552,0.48891080112899893,-0.011669545242688074,0.05685591707779055,0.11060585563480449,0.054210065986765935,-0.010795046345152942,-0.845275492701087,-0.009675863640241478,-0.20243939420585885,1.3255434952738296,0.004164818788510866,0.6677985362311676,-0.06775162011460703,0.24143960780924056,0.418718893124434,0.15899163200300082,0.12099227213448602,0.48668727630782666,0.04950023619276662,0.05136325310419705,0.1627936029472607,0.03877351029767366
265,True,2.6599999999999286,0.05221725357480014,False,True,0.0,False,,-0.0,-0.8726646259971643,0.08628247977389565,-0.20943951023931934,1.954768762233649,0.031406817574528643,0.4207069309400732,0.10142786012467017,0.26394696440160986,0.39691516813881317,0.17663938065901316,0.12761004187103722,0.49082175784632726,0.001000885823394554,0.05906943034675753,0.09991225203158793,0.08306474180792353,-0.0,-0.8726646259971643,0.08628247977389565,-0.20943951023931934,1.954768762233649,0.031406817574528643,0.4207069309400732,0.10142786012467017,0.26394696440160986,0.39691516813881317,0.17663938065901316,0.12761004187103722,0.49082175784632726,0.001000885823394554,0.05906943034675753,0.09991225203158793,0.08306474180792353,-0.010803326853056324,-0.8529994809776023,-0.009677410904664164,-0.2045630232574156,1.3564130787648443,0.009234280231030728,0.6197812526131093,-0.037166281624206515,0.24486525489325256,0.41550325081595585,0.1611542658009413,0.12403861678084688,0.4871685792423205,0.0368558353937316,0.05262182361519955,0.152262135985939,0.04397448658223323
266,True,2.6699999999999275,0.05542117624137426,False,True,0.0,False,,-0.0,-0.8726646259971644,0.080790245575617,-0.2094395102393194,1.954768762233649,0.035324958019557116,0.4242738300475241,0.1017666966849725,0.2722296419703498,0.42038171751931264,0.1770502065491278,0.1332162561943502,0.5033425223099892,0.00832749371866632,0.0651953164230107,0.0998262976869664,0.09659978091576163,-0.0,-0.8726646259971644,0.080790245575617,-0.2094395102393194,1.954768762233649,0.035324958019557116,0.4242738300475241,0.1017666966849725,0.2722296419703498,0.42038171751931264,0.1770502065491278,0.1332162561943502,0.5033425223099892,0.00832749371866632,0.0651953164230107,0.0998262976869664,0.09659978091576163,-0.010186821668800658,-0.8587128696223992,-0.009675111945181773,-0.20610773078768008,1.379856388152194,0.014119697411609195,0.5774910507822509,-0.008540650743548612,0.248266335484463,0.41427649301014957,0.16387378672708972,0.12727396850229422,0.48861109569820704,0.028226549535289087,0.05448438640762733,0.14193645441094196,0.05169599115705704
267,True,2.6799999999999264,0.05716334685665408,False,True,0.0,False,,-0.0,-0.8726646259971643,0.08174414984940594,-0.20943951023931942,1.954768762233649,0.04495476611775462,0.4199271656314617,0.09981502260606492,0.27985076851678053,0.42291931552918804,0.17753240733349146,0.13877085424758745,0.5014547464390468,0.008442488864417834,0.07884442786597887,0.09529468568724463,0.09722425163636701,-0.0,-0.8726646259971643,0.08174414984940594,-0.20943951023931942,1.954768762233649,0.04495476611775462,0.4199271656314617,0.09981502260606492,0.27985076851678053,0.42291931552918804,0.17753240733349146,0.13877085424758745,0.5014547464390468,0.008442488864417834,0.07884442786597887,0.09529468568724463,0.09722425163636701,-0.009138594156794718,-0.8629316391537013,-0.009672362462137934,-0.20723111584678702,1.3975493433404482,0.019251243698847276,0.5422311681076197,0.015770990221509188,0.25199586185044354,0.41477405322048283,0.16655343453203209,0.13083361255189932,0.4909120540981806,0.02252390841335155,0.05764186921134188,0.13253187485182627,0.06009164152668393
268,True,2.6899999999999253,0.048976045777965285,False,True,0.0,False,,-0.0,-0.8726646259971644,0.08428296078427554,-0.20943951023931937,1.954768762233649,0.04479466342248094,0.3995489520390634,0.124911169653212,0.2734393406734809,0.4225811562602288,0.17068372609632818,0.13390850878630206,0.49841946576317886,0.03699435889008788,0.07083333488863576,0.09526052292451218,0.11468942514115721,-0.0,-0.8726646259971644,0.08428296078427554,-0.20943951023931937,1.954768762233649,0.04479466342248094,0.3995489520390634,0.124911169653212,0.2734393406734809,0.4225811562602288,0.17068372609632818,0.13390850878630206,0.49841946576317886,0.03699435889008788,0.07083333488863576,0.09526052292451218,0.11468942514115721,-0.007966440697886311,-0.8650440417640451,-0.009670683454645898,-0.20806445256915448,1.410843680325927,0.024272645293837148,0.512177046285215,0.0373960333367319,0.25536563259233397,0.41591896344366325,0.168387453163723,0.13388621757035182,0.4930662473509012,0.020852143781125078,0.060918765226319255,0.12439178947380503,0.0691629862850744
269,True,2.6999999999999242,0.04555306911836958,False,True,0.0,False,,-0.0,-0.8726646259971644,0.07655494983684959,-0.20943951023931937,1.954768762233649,0.04581562794208358,0.3964873089138171,0.1251295955000845,0.2738589086838247,0.4265276446350726,0.1703974306262244,0.13282923456763335,0.4962050050449979,0.038653043197112005,0.07075406561733183,0.09505374796208065,0.11675674302714319,-0.0,-0.8726646259971644,0.07655494983684959,-0.20943951023931937,1.954768762233649,0.04581562794208358,0.3964873089138171,0.1251295955000845,0.2738589086838247,0.4265276446350726,0.1703974306262244,0.13282923456763335,0.4962050050449979,0.038653043197112005,0.07075406561733183,0.09505374796208065,0.11675674302714319,-0.006825966999857604,-0.8655567851522853,-0.009670972529394122,-0.20867413014104336,1.4208015875362479,0.028762259635145105,0.4867149240788538,0.056383197830142895,0.25785597353387907,0.41732096172953415,0.16937733730037602,0.13621406132613448,0.4947995441109853,0.02220271639418711,0.06357472967378928,0.117692880947965,0.0782764538959256
270,True,2.709999999999923,0.036936454239525046,False,True,0.0,False,,-0.0,-0.8726646259971645,0.07127372564814802,-0.20943951023931945,1.954768762233649,0.0430582770320109,0.3818713861198253,0.13651572896405767,0.2701428385757291,0.41529067586658164,0.1776754007371326,0.12077011177200712,0.48753229278256865,0.05224469480536155,0.06049458151754165,0.08062955443662492,0.13488648366305883,-0.0,-0.8726646259971645,0.07127372564814802,-0.20943951023931945,1.954768762233649,0.0430582770320109,0.3818713861198253,0.13651572896405767,0.2701428385757291,0.41529067586658164,0.1776754007371326,0.12077011177200712,0.48753229278256865,0.05224469480536155,0.06049458151754165,0.08062955443662492,0.13488648366305883,-0.005915265385830314,-0.8653837155548725,-0.00967444273986686,-0.2091102250184447,1.428243630927802,0.03236070375446727,0.4648294637953852,0.07298542857419625,0.25929365198573884,0.418023035872231,0.17047925901632466,0.1374263978094575,0.4955080822717093,0.025754820311536537,0.064945868737293,0.1112290103680489,0.0878535358644804
271,True,2.719999999999922,0.021130365820000496,False,True,0.0,False,,-0.0,-0.8726646259971643,0.061450697461585366,-0.20943951023931945,1.954768762233649,0.04663322986983721,0.3735196690723642,0.1424909316287372,0.27372187530612035,0.41852271920529555,0.18590758761935997,0.11079620717272885,0.48435358319489286,0.06446172972822325,0.050523864932512784,0.07211168255819693,0.14741223665202705,-0.0,-0.8726646259971643,0.061450697461585366,-0.20943951023931945,1.954768762233649,0.04663322986983721,0.3735196690723642,0.1424909316287372,0.27372187530612035,0.41852271920529555,0.18590758761935997,0.11079620717272885,0.48435358319489286,0.06446172972822325,0.050523864932512784,0.07211168255819693,0.14741223665202705,-0.005237382178021208,-0.8649760318316895,-0.009679312131207688,-0.20941909321505595,1.4337963423268687,0.03533735669083698,0.4457442729308297,0.08759173670650898,0.2598358788636968,0.4180914856553104,0.17242490857584383,0.13763577072312988,0.4953118419805083,0.031266203879657804,0.0645437777239124,0.1043986261031481,0.09818690660189935
272,True,2.729999999999921,0.0068334871669618455,False,True,0.0,False,,-0.0,-0.8726646259971643,0.05418577169062301,-0.20943951023931923,1.954768762233649,0.0473311473230307,0.37065391099502504,0.14840754037688034,0.26822353001368454,0.42352555434212535,0.18518969797334506,0.11174263477575917,0.48204496400998553,0.10352140048866053,0.0498001433355774,0.07400684354737877,0.15574659969529814,-0.0,-0.8726646259971643,0.05418577169062301,-0.20943951023931923,1.954768762233649,0.0473311473230307,0.37065391099502504,0.14840754037688034,0.26822353001368454,0.42352555434212535,0.18518969797334506,0.11174263477575917,0.48204496400998553,0.10352140048866053,0.0498001433355774,0.07400684354737877,0.15574659969529814,-0.004658571925888165,-0.8645408742768537,-0.009683415606475168,-0.2096373622229017,1.437934411122266,0.037899415608175634,0.4294818877378038,0.1003746406551493,0.2596702399370605,0.418136939797804,0.17474162157522055,0.1371948097344771,0.4946700890859429,0.04046907466093583,0.06299410968910793,0.09803218279876524,0.10874768217757509
273,True,2.73999999999992,0.0,True,True,0.0,False,,-0.0,-0.8726646259971643,0.051921903770751864,-0.20943951023931934,1.954768762233649,0.04646311657739493,0.39259164335395225,0.12627342611109027,0.27360661885898024,0.4462432343952716,0.17265067725001662,0.1160332544253932,0.502788209254803,0.09754909467175005,0.05522265074273389,0.08944557496476621,0.14258572063676792,-0.0,-0.8726646259971643,0.051921903770751864,-0.20943951023931934,1.954768762233649,0.04646311657739493,0.39259164335395225,0.12627342611109027,0.27360661885898024,0.4462432343952716,0.17265067725001662,0.1160332544253932,0.502788209254803,0.09754909467175005,0.05522265074273389,0.08944557496476621,0.14258572063676792,-0.003931784279663904,-0.864161430018561,-0.009684444618681507,-0.20979166892359383,1.4409487468222169,0.03995757589375933,0.4178651765665333,0.10938936862631243,0.259357160400973,0.4199337233911982,0.17598352913348583,0.13668751003388008,0.49549223228219946,0.05110755195578558,0.061500447487046805,0.09388416251901825,0.11743438963249513
274,True,2.7499999999999187,0.0,True,True,0.0,False,,-0.0,-0.8726646259971644,0.046586731035847324,-0.20943951023931945,1.954768762233649,0.0503301261771457,0.4042203164292309,0.11961161348903779,0.2739336305955245,0.45887770960264584,0.16437866913311175,0.11186377372376757,0.5071412479840653,0.09022969547673824,0.051892447774265014,0.09537783196837149,0.14324932250794692,-0.0,-0.8726646259971644,0.046586731035847324,-0.20943951023931945,1.954768762233649,0.0503301261771457,0.4042203164292309,0.11961161348903779,0.2739336305955245,0.45887770960264584,0.16437866913311175,0.11186377372376757,0.5071412479840653,0.09022969547673824,0.051892447774265014,0.09537783196837149,0.14324932250794692,-0.0031292589566701877,-0.863860347347207,-0.009684439265331695,-0.20990112744450798,1.442238002499066,0.04182493017163799,0.41123616252807355,0.11443632848291795,0.258965532421727,0.42389814389419855,0.17554213370175303,0.1361758652148229,0.4981174203699311,0.06026785075398589,0.06014987630915482,0.09210715585254063,0.1238848838017282
275,True,2.7599999999999176,0.0,True,True,0.0,False,,-0.0,-0.8726646259971643,0.06940727046796864,-0.20943951023931945,1.954768762233649,0.051596552501308506,0.4057103902874943,0.1186803929889421,0.2709761347523772,0.46417504733658804,0.1626895624709254,0.1096094748555148,0.5204222860412845,0.08873329058923282,0.053822543584150985,0.10491539762878835,0.14618882206812156,-0.0,-0.8726646259971643,0.06940727046796864,-0.20943951023931945,1.954768762233649,0.051596552501308506,0.4057103902874943,0.1186803929889421,0.2709761347523772,0.46417504733658804,0.1626895624709254,0.1096094748555148,0.5204222860412845,0.08873329058923282,0.053822543584150985,0.10491539762878835,0.14618882206812156,-0.0024103183716423396,-0.8636342863972587,-0.009685012580919024,-0.2099810472472037,1.4424575411183673,0.04364310732397786,0.4079870350270952,0.1169694340782378,0.2583557436888942,0.4293729054841303,0.17402352687268058,0.13550897010653337,0.5021865581007423,0.06735569254602607,0.05902672341520901,0.09241957901512468,0.12893054611917115
276,True,2.7699999999999165,0.0,True,True,0.0,False,,-0.0,-0.8726646259971644,0.15003069016234188,-0.20943951023931945,1.954768762233649,0.06378703695820669,0.45769760970486034,0.1103672006895515,0.28645414150983917,0.4907997061248374,0.16808059586190516,0.1156878631017453,0.5507997316755766,0.07712684605975988,0.06299046339955261,0.14564374060267216,0.14407920760940823,-0.0,-0.8726646259971644,0.15003069016234188,-0.20943951023931945,1.954768762233649,0.06378703695820669,0.45769760970486034,0.1103672006895515,0.28645414150983917,0.4907997061248374,0.16808059586190516,0.1156878631017453,0.5507997316755766,0.07712684605975988,0.06299046339955261,0.14564374060267216,0.14407920760940823,-0.0014860130832127392,-0.8634723684368392,-0.009682527080552188,-0.21003972324274706,1.4422354810241802,0.046187169328566126,0.4104958212285002,0.11755352236799323,0.258208018466793,0.43734789377217526,0.1726009753855664,0.1353238468852074,0.5089138153204285,0.07179416645812747,0.05881320517165862,0.09707796143241558,0.13274565944458072
277,True,2.7799999999999154,0.0,True,True,0.0,False,,-0.0,-0.8726646259971643,0.1964008999671526,-0.20943951023931945,1.9547687622336491,0.05997273209604374,0.648348283243937,-0.02274201400956537,0.27208665257166126,0.5405459949817378,0.08336554382822517,0.10142097094692026,0.6082810020111812,0.015451797474016123,0.04811180183113797,0.2202221017276102,0.02927953422372817,-0.0,-0.8726646259971643,0.1964008999671526,-0.20943951023931945,1.9547687622336491,0.05997273209604374,0.648348283243937,-0.02274201400956537,0.27208665257166126,0.5405459949817378,0.08336554382822517,0.10142097094692026,0.6082810020111812,0.015451797474016123,0.04811180183113797,0.2202221017276102,0.02927953422372817,0.00013849694349208017,-0.8633657749186531,-0.009673490928363369,-0.21008212830967257,1.4418781287159144,0.04893436875623194,0.43177195833554705,0.10637922215039461,0.25762863005746783,0.4508319848791801,0.1648983594184211,0.13482708985350494,0.5210881282302715,0.06939194761970084,0.05830117485531364,0.1104217774966497,0.12654122722235747
278,True,2.7899999999999143,0.0,True,True,0.0,False,,-0.0,-0.8726646259971645,0.23935155790000526,-0.2094395102393195,1.9547687622336491,0.09139049828329238,0.916391872052336,-0.16468250700892229,0.2967086645379128,0.6217728754046229,0.028711102618784234,0.13148648541636812,0.6598704899656578,0.004807794699197343,0.07244807497088529,0.2867801525697292,-0.017739388321077493,-0.0,-0.8726646259971645,0.23935155790000526,-0.2094395102393195,1.9547687622336491,0.09139049828329238,0.916391872052336,-0.16468250700892229,0.2967086645379128,0.6217728754046229,0.028711102618784234,0.13148648541636812,0.6598704899656578,0.004807794699197343,0.07244807497088529,0.2867801525697292,-0.017739388321077493,0.002923624422269661,-0.8633051071001864,-0.009656780299456814,-0.21011218317863098,1.4415228347135618,0.05365437002257349,0.4863267614054829,0.07529107523366946,0.2578945756118923,0.47270795004718685,0.1479564136387514,0.13565138799043977,0.5407871775012479,0.061306752827854485,0.05894253184522057,0.1338493694091321,0.10890704734661012
279,True,2.7999999999999132,0.013924301441610328,False,True,0.0,False,,-0.0,-0.4721999065942413,0.10514000903460538,-0.2094395102393196,1.3617578268454889,0.05863571166678489,1.1511361620534446,-0.2884238361452615,0.2394215058302468,0.553199480059538,-0.05837940189670694,0.08080574361516613,0.5379497587495572,0.049449292664675945,0.03269661699651667,0.2654177088479958,-0.09102530616845293,-0.0,-0.4721999065942413,0.10514000903460538,-0.2094395102393196,1.3617578268454889,0.05863571166678489,1.1511361620534446,-0.2884238361452615,0.2394215058302468,0.553199480059538,-0.05837940189670694,0.08080574361516613,0.5379497587495572,0.049449292664675945,0.03269661699651667,0.2654177088479958,-0.09102530616845293,0.004726458814620275,-0.833366924201603,-0.009634070107951533,-0.21060766904776024,1.4351063389746506,0.05747741840055662,0.565679715235882,0.02462512051575455,0.2553552851272171,0.49238714995052335,0.12038395805935449,0.13480348135293801,0.5551290654601471,0.05509713933867638,0.057953350935912855,0.15954678347892673,0.08117055848482405
280,True,2.809999999999912,0.07933809395768295,False,True,0.0,False,,-0.0,-0.25824975451487964,-0.007974745540037062,-0.2094395102393196,0.9094927682186766,0.0714798875372724,1.182052912034182,-0.0931071969675521,0.20534745310413988,0.46657575133020307,-0.008784749554795176,0.07299937258152611,0.5083162733114736,0.059798380463283625,0.04242715059172241,0.20390400357183666,-0.10220060751113517,-0.0,-0.25824975451487964,-0.007974745540037062,-0.2094395102393196,0.9094927682186766,0.0714798875372724,1.182052912034182,-0.0931071969675521,0.20534745310413988,0.46657575133020307,-0.008784749554795176,0.07299937258152611,0.5083162733114736,0.059798380463283625,0.04242715059172241,0.20390400357183666,-0.10220060751113517,0.004665554819048179,-0.7676209956493336,-0.010046922066469656,-0.21123753404835943,1.3895730612506974,0.06022111763846267,0.6568900548573872,-0.01729228522774638,0.2486986597410499,0.5005649012084508,0.09237155193499684,0.13003888676396352,0.5578638707346205,0.05288500182327962,0.0556241560748612,0.1776072448913599,0.04897381733607085
281,True,2.819999999999911,0.07037546285332841,False,True,0.0,False,,-0.0,-0.1343176994419809,-0.0110904900013776,-0.2090113541597522,0.5299205354716581,-0.050581356507884034,1.1684077213348114,0.1560698107218179,0.1459498206633493,0.4713684248068834,0.047732931781259244,0.027841864556721205,0.5049643600771531,0.036590109926827215,-0.010677042596981998,0.2396809145775194,-0.11536607754155824,-0.0,-0.1343176994419809,-0.0110904900013776,-0.2090113541597522,0.5299205354716581,-0.050581356507884034,1.1684077213348114,0.1560698107218179,0.1459498206633493,0.4713684248068834,0.047732931781259244,0.027841864556721205,0.5049643600771531,0.036590109926827215,-0.010677042596981998,0.2396809145775194,-0.11536607754155824,0.003615984555533886,-0.6822378249224723,-0.011012820417376291,-0.21160648533197648,1.3117416490721883,0.053581533163672826,0.7514207547297692,-0.02352835308153915,0.23683076969833636,0.5006568951380824,0.07380608977968563,0.11874248253571716,0.5534330340201964,0.05112480533073848,0.049404447443235425,0.19081997519344754,0.017262024068423393
282,True,2.82999999999991,0.056346355126851426,False,True,0.0,False,,-0.0,-0.1343176994419809,-0.0110904900013776,-0.2090113541597522,0.5299205354716581,-0.050581356507884034,1.1684077213348114,0.1560698107218179,0.1459498206633493,0.4713684248068834,0.047732931781259244,0.027841864556721205,0.5049643600771531,0.036590109926827215,-0.010677042596981998,0.2396809145775194,-0.11536607754155824,-0.0,-0.1343176994419809,-0.0110904900013776,-0.2090113541597522,0.5299205354716581,-0.050581356507884034,1.1684077213348114,0.1560698107218179,0.1459498206633493,0.4713684248068834,0.047732931781259244,0.027841864556721205,0.5049643600771531,0.036590109926827215,-0.010677042596981998,0.2396809145775194,-0.11536607754155824,0.0017819507137700058,-0.5889725253891352,-0.012166577845106255,-0.2117339758099566,1.2207630366112094,0.039024630968795035,0.8388091246004094,-0.004865874796378484,0.22168724006408833,0.4975738154189352,0.06337041046284195,0.10429497064085136,0.5462563962128445,0.04884392756384407,0.04020401960124264,0.20183724378810716,-0.011061092207087
283,True,2.839999999999909,0.052175328130781504,False,True,0.0,False,,-0.0,-0.1343176994419809,-0.0110904900013776,-0.2090113541597522,0.5299205354716581,-0.050581356507884034,1.1684077213348114,0.1560698107218179,0.1459498206633493,0.4713684248068834,0.047732931781259244,0.027841864556721205,0.5049643600771531,0.036590109926827215,-0.010677042596981998,0.2396809145775194,-0.11536607754155824,-0.0,-0.1343176994419809,-0.0110904900013776,-0.2090113541597522,0.5299205354716581,-0.050581356507884034,1.1684077213348114,0.1560698107218179,0.1459498206633493,0.4713684248068834,0.047732931781259244,0.027841864556721205,0.5049643600771531,0.036590109926827215,-0.010677042596981998,0.2396809145775194,-0.11536607754155824,-0.0007195967771888509,-0.49837458327734774,-0.013179134101073737,-0.21165638661894912,1.1244900550993084,0.02267919564049199,0.9134405770357061,0.021749367274920817,0.20665024207180352,0.49357581608230233,0.057423747060155746,0.09022319230965334,0.5386835909249387,0.046594002674570284,0.030737159830089015,0.21067130312372204,-0.0346881120576122
284,True,2.8499999999999077,0.06233027465562701,False,True,0.0,False,,-0.0,-0.5089519606292972,0.00047253220529271984,0.5972923295590542,-0.3490658503988511,0.02943043467387839,1.2351833157948502,0.13689996123211665,0.14980577490189165,0.4874233742950079,0.013664420055361032,0.03725192724032792,0.5249713636593656,-0.020849945724752565,0.00962741159645586,0.24931508833223573,-0.12854005301959065,-0.0,-0.5089519606292972,0.00047253220529271984,0.5972923295590542,-0.3490658503988511,0.02943043467387839,1.2351833157948502,0.13689996123211665,0.14980577490189165,0.4874233742950079,0.013664420055361032,0.03725192724032792,0.5249713636593656,-0.020849945724752565,0.00962741159645586,0.24931508833223573,-0.12854005301959065,-0.0033932381496196333,-0.4486260197622341,-0.013235798790516257,-0.1714563330498872,1.0260322847626588,0.013452972321194696,0.9794464616389283,0.04691746108479478,0.19365793992567643,0.4909323953269514,0.05129194798291296,0.0784377257387206,0.5334344975174822,0.04007622365483634,0.023728552554002316,0.21836511307752193,-0.05468132200988942
285,True,2.8599999999999066,0.13045231039706084,False,True,0.0,False,,-0.0,-0.364379363737349,-0.021557584888897273,0.5761951330218924,-0.34906585039886584,-0.02542650848040836,1.3518602596179419,0.2141580227071423,0.12597278198106332,0.4256996682198179,0.11553489456076715,0.03149631671393407,0.4682948839355964,0.0632154970446871,0.00703292421658952,0.2193152891490147,-0.14321647735900014,-0.0,-0.364379363737349,-0.021557584888897273,0.5761951330218924,-0.34906585039886584,-0.02542650848040836,1.3518602596179419,0.2141580227071423,0.12597278198106332,0.4256996682198179,0.11553489456076715,0.03149631671393407,0.4682948839355964,0.0632154970446871,0.00703292421658952,0.2193152891490147,-0.14321647735900014,-0.0060068799147291185,-0.4246194644335697,-0.014063452601176005,-0.0957976855094702,0.9266893959095392,0.007191304104881405,1.0457222339754142,0.07380151970790182,0.18154295478445162,0.4849819443165407,0.05249900812069635,0.06861155823435125,0.5262287553583189,0.03697961743133366,0.019135123858139674,0.22280377818465832,-0.07249498878898519
286,True,2.8699999999999055,0.22276182157269497,False,True,0.0,False,,-0.0,-0.31458982479643494,-0.035283644113872144,0.5371153281645594,-0.34906585039886584,-0.043759384213499085,1.339919283974725,0.19617570981564106,0.1098801877649247,0.38113893935521503,0.1494958375246641,0.011058517737440189,0.41524769954904767,0.09899101999452814,-0.015070963139514861,0.2085144069474122,-0.15486930592767373,-0.0,-0.31458982479643494,-0.035283644113872144,0.5371153281645594,-0.34906585039886584,-0.043759384213499085,1.339919283974725,0.19617570981564106,0.1098801877649247,0.38113893935521503,0.1494958375246641,0.011058517737440189,0.41524769954904767,0.09899101999452814,-0.015070963139514861,0.2085144069474122,-0.15486930592767373,-0.008903727038732646,-0.40443140798898963,-0.01689135436804182,-0.005921391600764244,0.8270043045887874,-0.0005518990242071161,1.1081108312700787,0.09985926694031468,0.1691403869452655,0.4725302477733857,0.06313334449488857,0.058903034567243426,0.5128107299998665,0.04169963931096816,0.014348463162665092,0.22347121598811134,-0.08882812095802121
287,True,2.8799999999999044,0.31446992366997784,False,True,0.0,False,,-0.0,-0.2544532947138797,-0.07392427853338598,0.5163297103046592,-0.3490658503988658,-0.04712423564198533,1.3188507445994755,0.18398124127585977,0.09369542868726727,0.34400692410490813,0.1537750833994607,-0.002227409592593937,0.3941548031765295,0.12230804686179045,-0.03676693796967265,0.19210854267594132,-0.1508949470097575,-0.0,-0.2544532947138797,-0.07392427853338598,0.5163297103046592,-0.3490658503988658,-0.04712423564198533,1.3188507445994755,0.18398124127585977,0.09369542868726727,0.34400692410490813,0.1537750833994607,-0.002227409592593937,0.3941548031765295,0.12230804686179045,-0.03676693796967265,0.19210854267594132,-0.1508949470097575,-0.01198837053307913,-0.38143873732055095,-0.023677859685335183,0.08868791883270855,0.7271932509404235,-0.008990866490203087,1.1597536033594003,0.12094960817028653,0.15618879828503973,0.4543053588944061,0.07797612656834166,0.04858104526550127,0.49469876322949974,0.05222607369159747,0.007570660978179167,0.2208316061468346,-0.10278597798087723
288,True,2.8899999999999033,0.41594069320797356,False,True,0.0,False,,-0.0,-0.24077938442577745,-0.08283623296278377,0.5171601601794017,-0.3490658503988658,-0.09667670102751667,1.3323707890633143,0.16601889732425865,0.08045656142327512,0.3466435446744055,0.16432830545110377,-0.00948282950414983,0.3747756590838213,0.1650021592938745,-0.043337679733582504,0.17136384024682202,-0.12579322370191093,-0.0,-0.24077938442577745,-0.08283623296278377,0.5171601601794017,-0.3490658503988658,-0.09667670102751667,1.3323707890633143,0.16601889732425865,0.08045656142327512,0.3466435446744055,0.16432830545110377,-0.00948282950414983,0.3747756590838213,0.1650021592938745,-0.043337679733582504,0.17136384024682202,-0.12579322370191093,-0.014655557431890705,-0.35640207351525927,-0.033443778954621015,0.17711694804172062,0.6273690545062032,-0.020703433087068172,1.2012739002754507,0.1356725678639105,0.14284564150684004,0.4345666936712777,0.09373444225414121,0.038101087539843995,0.4744298570615929,0.06811227302299173,-0.0006048595578840456,0.21490913837863643,-0.11200378962361725
289,True,2.899999999999902,0.5182029227692765,False,True,0.0,False,,-0.0,-0.24077938442577745,-0.08283623296278377,0.5171601601794017,-0.3490658503988658,-0.09667670102751667,1.3323707890633143,0.16601889732425865,0.08045656142327512,0.3466435446744055,0.16432830545110377,-0.00948282950414983,0.3747756590838213,0.1650021592938745,-0.043337679733582504,0.17136384024682202,-0.12579322370191093,-0.0,-0.24077938442577745,-0.08283623296278377,0.5171601601794017,-0.3490658503988658,-0.09667670102751667,1.3323707890633143,0.16601889732425865,0.08045656142327512,0.3466435446744055,0.16432830545110377,-0.00948282950414983,0.3747756590838213,0.1650021592938745,-0.043337679733582504,0.17136384024682202,-0.12579322370191093,-0.016506162638458725,-0.33280248604908463,-0.043610369094081745,0.25284556866360264,0.5275734725061979,-0.03433034457232863,1.2343195251773262,0.14538947339038774,0.1302939423087649,0.4165670341079252,0.10839311927643418,0.02842996511083397,0.4548725966920222,0.0859253419416122,-0.0087159933093914,0.20753633934631666,-0.11726550010682463
290,True,2.909999999999901,0.6261311503609858,False,True,0.0,False,,-0.0,-0.20708066856566978,-0.06472340790771756,0.5077760416540967,-0.34892196604745274,-0.08924408593077578,1.317710827103633,0.21693058586471042,0.07934327069786268,0.2828926526120891,0.2068107319326805,-0.007726734052356626,0.35322473035680985,0.17973156852193675,-0.03523301718816523,0.16403691283167307,-0.1319537698739543,-0.0,-0.20708066856566978,-0.06472340790771756,0.5077760416540967,-0.34892196604745274,-0.08924408593077578,1.317710827103633,0.21693058586471042,0.07934327069786268,0.2828926526120891,0.2068107319326805,-0.007726734052356626,0.35322473035680985,0.17973156852193675,-0.03523301718816523,0.16403691283167307,-0.1319537698739543,-0.017836493406246823,-0.30992014020986863,-0.05135640460367841,0.31382665163173834,0.42780006260292913,-0.04659940800890399,1.2588302684169401,0.15594779094549743,0.11937561765847556,0.39646700004974744,0.12427584661002983,0.020294057047553042,0.43618520096281677,0.10357923995445449,-0.01530266513509046,0.19983972742611467,-0.12081309576470009
291,True,2.9199999999999,0.7543842236921654,False,True,0.0,False,,-0.0,-0.2234463891265224,-0.11571152714830242,0.5677566494752054,-0.3490658503988657,-0.06269183255405596,1.338138660189493,0.23108779450934436,0.08077425582043886,0.28517735997300614,0.1851362901041361,-0.0008191932087334847,0.36143356339807875,0.14384260406998017,-0.03788228907706466,0.15859750383504978,-0.11646054416010924,-0.0,-0.2234463891265224,-0.11571152714830242,0.5677566494752054,-0.3490658503988657,-0.06269183255405596,1.338138660189493,0.23108779450934436,0.08077425582043886,0.28517735997300614,0.1851362901041361,-0.0008191932087334847,0.36143356339807875,0.14384260406998017,-0.03788228907706466,0.15859750383504978,-0.11646054416010924,-0.018430425490741812,-0.28999744539586486,-0.060397025090813815,0.3660687050458001,0.32802777775970643,-0.05454369387129995,1.2779627730319134,0.16865907900429383,0.11043229684951611,0.37556783254022663,0.13870790668991156,0.014294177490219757,0.4198603666904567,0.11682583669718972,-0.020385805011619573,0.1922036913369316,-0.1223480241271448
292,True,2.929999999999899,0.8886054464328431,False,True,0.0,False,,-0.0,-0.2234463891265224,-0.11571152714830242,0.5677566494752054,-0.3490658503988657,-0.06269183255405596,1.338138660189493,0.23108779450934436,0.08077425582043886,0.28517735997300614,0.1851362901041361,-0.0008191932087334847,0.36143356339807875,0.14384260406998017,-0.03788228907706466,0.15859750383504978,-0.11646054416010924,-0.0,-0.2234463891265224,-0.11571152714830242,0.5677566494752054,-0.3490658503988657,-0.06269183255405596,1.338138660189493,0.23108779450934436,0.08077425582043886,0.28517735997300614,0.1851362901041361,-0.0008191932087334847,0.36143356339807875,0.14384260406998017,-0.03788228907706466,0.15859750383504978,-0.11646054416010924,-0.018256782312662506,-0.27423893386212045,-0.07085989342849164,0.4109873832685731,0.22825799701088023,-0.05875930976707836,1.2934523648471252,0.18128234541748842,0.10338830286510638,0.35677916890730593,0.14998585528012134,0.010147121614237887,0.4066884244776693,0.1253380819386214,-0.0243527665116026,0.18526479386155542,-0.12233613639277115
293,True,2.939999999999898,1.0110810584483907,False,True,0.0,False,,-0.0,-0.2234463891265224,-0.11571152714830242,0.5677566494752054,-0.3490658503988657,-0.06269183255405596,1.338138660189493,0.23108779450934436,0.08077425582043886,0.28517735997300614,0.1851362901041361,-0.0008191932087334847,0.36143356339807875,0.14384260406998017,-0.03788228907706466,0.15859750383504978,-0.11646054416010924,-0.0,-0.2234463891265224,-0.11571152714830242,0.5677566494752054,-0.3490658503988657,-0.06269183255405596,1.338138660189493,0.23108779450934436,0.08077425582043886,0.28517735997300614,0.1851362901041361,-0.0008191932087334847,0.36143356339807875,0.14384260406998017,-0.03788228907706466,0.15859750383504978,-0.11646054416010924,-0.01750465007832289,-0.2620325057400076,-0.08070009821111052,0.4476721650445532,0.12850559056452374,-0.060944481905914234,1.305647811594229,0.192382417326824,0.09795032065495532,0.3409770177286178,0.1586482191567416,0.007269131374498818,0.3963038184210725,0.13093547806713868,-0.027399919227731113,0.17940720789934547,-0.1217087384013721
294,True,2.9499999999998967,0.5883450394978209,False,True,0.0,False,,-0.0,-0.20977501851813712,-0.1065535223066032,0.5538138492511612,-0.3490658503988656,-0.016794585761996134,1.3195196330617363,0.2399881471398682,0.08628089630703253,0.2632291441158647,0.1878399936149037,0.002292496592246534,0.35728771307206186,0.13890949204333158,-0.03535480988516012,0.15176257093215315,-0.11924062078137261,-0.0,-0.20977501851813712,-0.1065535223066032,0.5538138492511612,-0.3490658503988656,-0.016794585761996134,1.3195196330617363,0.2399881471398682,0.08628089630703253,0.2632291441158647,0.1878399936149037,0.002292496592246534,0.35728771307206186,0.13890949204333158,-0.03535480988516012,0.15176257093215315,-0.11924062078137261,-0.01658193733255944,-0.25170852852410386,-0.08843250402501791,0.47575070051051926,0.033023703096505125,-0.05847494039064141,1.3132222810832808,0.20205540178042003,0.09421456892212866,0.3265170574667107,0.1654589639820075,0.005488730084263512,0.3879132662466512,0.13430734854160045,-0.029531241813829153,0.17412554077710918,-0.12112912020972204
295,True,2.9599999999998956,0.19026223533548925,False,True,0.0,False,,-0.0,-0.1887598344695069,-0.08708397933729903,0.5321191776117097,-0.3490658503988657,-0.024912019842720894,1.3247480590979495,0.22519684502631376,0.08341810642848196,0.2588324249481848,0.19111483900266218,0.0020139452923653833,0.34311677319383255,0.13683514361489088,-0.03878701304391428,0.14626362725193232,-0.12018758120657103,-0.0,-0.1887598344695069,-0.08708397933729903,0.5321191776117097,-0.3490658503988657,-0.024912019842720894,1.3247480590979495,0.22519684502631376,0.08341810642848196,0.2588324249481848,0.19111483900266218,0.0020139452923653833,0.34311677319383255,0.13683514361489088,-0.03878701304391428,0.14626362725193232,-0.12018758120657103,-0.015855835531656672,-0.24154988569558097,-0.09265544090049081,0.49739859408771225,-0.04807651850456068,-0.052473649033223296,1.3119212934363387,0.2062674938663015,0.091634726273262,0.3130502891597155,0.17107503686705045,0.004479809535114234,0.380050722054976,0.13603845673405526,-0.03119696669530045,0.1689853818792636,-0.12082309040798324
296,True,2.9699999999998945,0.11726279933263266,False,True,0.0,False,,-0.0,-0.19626376598211806,-0.07512424628154245,0.5448001737708857,-0.3490658503988658,-0.013362898520025502,1.3320436046558295,0.21874868460404423,0.0856656038950745,0.2635153602689674,0.1967804229618593,-0.0015406740339964304,0.3462508869769704,0.13409479409324837,-0.03688056220547986,0.14552147519433598,-0.12158488618385849,-0.0,-0.19626376598211806,-0.07512424628154245,0.5448001737708857,-0.3490658503988658,-0.013362898520025502,1.3320436046558295,0.21874868460404423,0.0856656038950745,0.2635153602689674,0.1967804229618593,-0.0015406740339964304,0.3462508869769704,0.13409479409324837,-0.03688056220547986,0.14552147519433598,-0.12158488618385849,-0.015071600105575764,-0.232134661996094,-0.09358299590902444,0.5150160457861519,-0.11339758667953369,-0.04529694942487382,1.306635352357893,0.20618389540134013,0.08990659910658856,0.30173138387269466,0.17611289302702438,0.003656327432566626,0.3730207001845628,0.1366853685763534,-0.03245709427357393,0.16424240992873376,-0.12072950303765845
297,True,2.9799999999998934,0.17177071031454325,False,True,0.0,False,,-0.0,-0.1812927815252713,-0.0815527554352168,0.5221361334361285,-0.3490658503988658,-0.01806050453484461,1.315567676263572,0.24393086890753654,0.07884821877714002,0.25207851283894556,0.1969878858797511,-0.004910209992595123,0.33016774739153054,0.136754042916074,-0.04084834046579373,0.1355168721366684,-0.12021541154648235,-0.0,-0.1812927815252713,-0.0815527554352168,0.5221361334361285,-0.3490658503988658,-0.01806050453484461,1.315567676263572,0.24393086890753654,0.07884821877714002,0.25207851283894556,0.1969878858797511,-0.004910209992595123,0.33016774739153054,0.136754042916074,-0.04084834046579373,0.1355168721366684,-0.12021541154648235,-0.014240228441723698,-0.22287473620678264,-0.09303625353343586,0.5278953950456802,-0.16471728321958337,-0.03862542455584061,1.2995444497853628,0.206188833908797,0.08833228460210889,0.2919121822220609,0.18056885358398278,0.00262755121824127,0.36602974832867546,0.13689234199247355,-0.033626372643081257,0.15940663064021418,-0.12070722984699518
298,True,2.9899999999998923,0.24890947579925227,False,True,0.0,False,,-0.0,-0.16111017986453297,-0.09248782002364173,0.5122213893788614,-0.3490658503988658,-0.036057287063767464,1.3159487908832643,0.2572957202683987,0.08672542564962482,0.24452354645687768,0.20237295769266173,-0.003136241340296054,0.32096011100304067,0.1371724776044889,-0.04103290509499933,0.13302784446371405,-0.11482899123604333,-0.0,-0.16111017986453297,-0.09248782002364173,0.5122213893788614,-0.3490658503988658,-0.036057287063767464,1.3159487908832643,0.2572957202683987,0.08672542564962482,0.24452354645687768,0.20237295769266173,-0.003136241340296054,0.32096011100304067,0.1371724776044889,-0.04103290509499933,0.13302784446371405,-0.11482899123604333,-0.013380146233422714,-0.21297155374053273,-0.09267812206767786,0.535488100647308,-0.20439964485459095,-0.03412963314411788,1.2914461435715565,0.2079143237951242,0.0873176346451891,0.2828316859472478,0.18470561901946747,0.001624148517532363,0.3585357595356409,0.13699929214023127,-0.03478903681042535,0.15450682005767646,-0.12028325590268212
299,True,2.999999999999891,0.3192544579045667,False,True,0.0,False,,-0.0,-0.18987639537880197,-0.08760923486164009,0.5348694401601259,-0.3490658503988658,-0.035311235434180056,1.3483494148098933,0.24766574260763755,0.08133596804811126,0.26383794799204335,0.20109157830265736,-0.0022406153863962705,0.33260686116466237,0.14642510081639365,-0.03384031124323908,0.1382977855635024,-0.10860994487972012,-0.0,-0.18987639537880197,-0.08760923486164009,0.5348694401601259,-0.3490658503988658,-0.035311235434180056,1.3483494148098933,0.24766574260763755,0.08133596804811126,0.26383794799204335,0.20109157830265736,-0.0022406153863962705,0.33260686116466237,0.14642510081639365,-0.03384031124323908,0.1382977855635024,-0.10860994487972012,-0.01220967387529267,-0.20586973571555306,-0.0928253498874955,0.5413983235880134,-0.23478452729596752,-0.0315045098619947,1.285606030514509,0.2095281132782176,0.08656191957883685,0.27629232544414645,0.18831735580189354,0.0008746267138009698,0.35221830226722867,0.13777885729323452,-0.035360338226070154,0.15046478413478404,-0.11905788597175075
300,True,3.00999999999989,0.3634954111349516,False,True,0.0,False,,-0.0,-0.16308523164133973,-0.08694172135831786,0.5309448273016414,-0.34814181388378357,-0.040891953296648985,1.3299381987547578,0.24111905559537777,0.08986409629151242,0.2454188963254214,0.19531591187655598,0.0003350692746633705,0.312749115715017,0.14117689426986377,-0.03221783627359337,0.1233413704621553,-0.10678820457371914,-0.0,-0.16308523164133973,-0.08694172135831786,0.5309448273016414,-0.34814181388378357,-0.040891953296648985,1.3299381987547578,0.24111905559537777,0.08986409629151242,0.2454188963254214,0.19531591187655598,0.0003350692746633705,0.312749115715017,0.14117689426986377,-0.03221783627359337,0.1233413704621553,-0.10678820457371914,-0.01108324280070333,-0.20033178689969625,-0.0933613269893209,0.5456432607195155,-0.25830233826780263,-0.030218539995243897,1.281602706422785,0.21028421896149824,0.08635043781321373,0.2708751556751711,0.19079926587776153,0.0005033274053888689,0.3460215233131898,0.13868958102348988,-0.03526790609689417,0.14627234505279782,-0.11726538259450008
301,True,3.019999999999889,0.3798040353925193,False,True,0.0,False,,-0.0,-0.1959882664369219,-0.07956496993564363,0.5424656799678739,-0.34875598303502214,-0.021750825808194017,1.3541435497409435,0.22762576670935367,0.07987451999203272,0.2467805775218215,0.1863406249405077,0.0009800579546873913,0.3087733490486151,0.15115569819351,-0.03174108014362379,0.10666434121104733,-0.10795145742594137,-0.0,-0.1959882664369219,-0.07956496993564363,0.5424656799678739,-0.34875598303502214,-0.021750825808194017,1.3541435497409435,0.22762576670935367,0.07987451999203272,0.2467805775218215,0.1863406249405077,0.0009800579546873913,0.3087733490486151,0.15115569819351,-0.03174108014362379,0.10666434121104733,-0.10795145742594137,-0.010126858585040133,-0.19731948544022512,-0.09393403016798525,0.5496997806372463,-0.2763198109319142,-0.028760885321261465,1.2800538743272225,0.20956491161214702,0.08602947126724379,0.265949145361583,0.19168322175484634,0.0004158050079938907,0.3395079275984661,0.1401286447565212,-0.03480363691927366,0.14064608516755983,-0.11546501617729633
302,True,3.029999999999888,0.3885396688979453,False,True,0.0,False,,-0.0,-0.1959882664369219,-0.07956496993564363,0.5424656799678739,-0.34875598303502214,-0.021750825808194017,1.3541435497409435,0.22762576670935367,0.07987451999203272,0.2467805775218215,0.1863406249405077,0.0009800579546873913,0.3087733490486151,0.15115569819351,-0.03174108014362379,0.10666434121104733,-0.10795145742594137,-0.0,-0.1959882664369219,-0.07956496993564363,0.5424656799678739,-0.34875598303502214,-0.021750825808194017,1.3541435497409435,0.22762576670935367,0.07987451999203272,0.2467805775218215,0.1863406249405077,0.0009800579546873913,0.3087733490486151,0.15115569819351,-0.03174108014362379,0.10666434121104733,-0.10795145742594137,-0.009267434428412373,-0.19674484249625646,-0.09443302133383062,0.5538716206184805,-0.2899847852315646,-0.026888550188420936,1.2805627424817907,0.20790602653132706,0.08536314982849107,0.26183719834906655,0.1915060809719357,0.00047703681158469557,0.33344964830990487,0.1419897039706287,-0.03421057254877555,0.1344349328706786,-0.11392748608908322
303,True,3.039999999999887,0.3916365782063475,False,True,0.0,False,,-0.0,-0.20677503202477485,-0.061593448837091044,0.5684294275999887,-0.34906585039886584,0.006821528235364967,1.337320071971169,0.2709434910431091,0.08919861028609323,0.20991792948670418,0.1751728893778566,0.01031180078796023,0.2953158508817546,0.11617252319543576,-0.02356018799167843,0.09360346022851765,-0.11082296743033676,-0.0,-0.20677503202477485,-0.061593448837091044,0.5684294275999887,-0.34906585039886584,0.006821528235364967,1.337320071971169,0.2709434910431091,0.08919861028609323,0.20991792948670418,0.1751728893778566,0.01031180078796023,0.2953158508817546,0.11617252319543576,-0.02356018799167843,0.09360346022851765,-0.11082296743033676,-0.008776863249621382,-0.19861595748976726,-0.09390592031184634,0.5587988038534112,-0.30077761804284087,-0.02272781254286251,1.281119441938803,0.20972686480599798,0.0852187167874577,0.25572786772199124,0.19007059814345864,0.0012733777021227102,0.32726122916776645,0.14112820973442583,-0.033025216007365334,0.12767089281950036,-0.11290878181486178
304,True,3.0499999999998857,0.35854425808213397,False,True,0.0,False,,-0.0,-0.1774322368906392,-0.05329962616633959,0.5265523178622697,-0.34906585039886584,-0.035148360169281925,1.281434176533499,0.3537282340112133,0.09690873772416271,0.20177969935163487,0.17120058430851845,0.018030195439835302,0.29320269765105555,0.11142152417095492,-0.016700865912771846,0.08985090865656276,-0.11389066578275533,-0.0,-0.1774322368906392,-0.05329962616633959,0.5265523178622697,-0.34906585039886584,-0.035148360169281925,1.281434176533499,0.3537282340112133,0.09690873772416271,0.20177969935163487,0.17120058430851845,0.018030195439835302,0.29320269765105555,0.11142152417095492,-0.016700865912771846,0.08985090865656276,-0.11389066578275533,-0.008640924234864079,-0.19964992866311979,-0.09147509218302491,0.5609839193922549,-0.3092525186276512,-0.01995276389709026,1.276732421592215,0.22088339421018252,0.08618883362300876,0.24744994988281577,0.1875473856582673,0.003216119747640126,0.3210452971393287,0.13757501893723809,-0.03089721012125019,0.12066717976817154,-0.11249752387657085
305,True,3.0599999999998846,0.29477908624341315,False,True,0.0,False,,-0.0,-0.1774322368906392,-0.05329962616633959,0.5265523178622697,-0.34906585039886584,-0.035148360169281925,1.281434176533499,0.3537282340112133,0.09690873772416271,0.20177969935163487,0.17120058430851845,0.018030195439835302,0.29320269765105555,0.11142152417095492,-0.016700865912771846,0.08985090865656276,-0.11389066578275533,-0.0,-0.1774322368906392,-0.05329962616633959,0.5265523178622697,-0.34906585039886584,-0.035148360169281925,1.281434176533499,0.3537282340112133,0.09690873772416271,0.20177969935163487,0.17120058430851845,0.018030195439835302,0.29320269765105555,0.11142152417095492,-0.016700865912771846,0.08985090865656276,-0.11389066578275533,-0.008564899563865044,-0.19916159827022115,-0.08798956610084653,0.5601561342948235,-0.3158161973058109,-0.01952062718864234,1.2687302568053689,0.23763514800565214,0.08783536779917187,0.2388913921952762,0.18470952459244938,0.005745741357004129,0.31544431402827916,0.13316451561077527,-0.02833373543683365,0.11423738706674144,-0.11246335290156594
306,True,3.0699999999998835,0.24395241465575304,False,True,0.0,False,,-0.0,-0.21124152213478053,-0.02988211229593808,0.5419828874586475,-0.34906585039886584,-0.1130659859397505,1.325048152979767,0.25143949886405725,0.09484807459577782,0.16596811256593097,0.19430666310612754,0.007744503846034135,0.242954333137618,0.14298489048211396,-0.029439177693088278,0.0641382119757282,-0.08473294372147293,-0.0,-0.21124152213478053,-0.02988211229593808,0.5419828874586475,-0.34906585039886584,-0.1130659859397505,1.325048152979767,0.25143949886405725,0.09484807459577782,0.16596811256593097,0.19430666310612754,0.007744503846034135,0.242954333137618,0.14298489048211396,-0.029439177693088278,0.0641382119757282,-0.08473294372147293,-0.008644674810365368,-0.20156504591422297,-0.08336955228756719,0.558501721611392,-0.3213059676124351,-0.02588328998257943,1.2635319690951763,0.2467226956922882,0.08945581954645626,0.22843350427014794,0.18383655129569754,0.007513933632176354,0.30689355204464436,0.1313751906330107,-0.026802741889139968,0.10677464745284002,-0.1103542450120024
307,True,3.0799999999998824,0.21250431524207106,False,True,0.0,False,,-0.0,-0.21124152213478053,-0.02988211229593808,0.5419828874586475,-0.34906585039886584,-0.1130659859397505,1.325048152979767,0.25143949886405725,0.09484807459577782,0.16596811256593097,0.19430666310612754,0.007744503846034135,0.242954333137618,0.14298489048211396,-0.029439177693088278,0.0641382119757282,-0.08473294372147293,-0.0,-0.21124152213478053,-0.02988211229593808,0.5419828874586475,-0.34906585039886584,-0.1130659859397505,1.325048152979767,0.25143949886405725,0.09484807459577782,0.16596811256593097,0.19430666310612754,0.007744503846034135,0.242954333137618,0.14298489048211396,-0.029439177693088278,0.0641382119757282,-0.08473294372147293,-0.008697614722065386,-0.20662745990215242,-0.07828773280236558,0.5567730504604841,-0.3259701573878352,-0.03712947689519987,1.2616785762545628,0.24777062380835702,0.0908138189396585,0.21701732975596674,0.1847035178018864,0.008374356615692457,0.296176075504604,0.13202541107415297,-0.02627880642213066,0.09877460230556843,-0.10656844324571821
308,True,3.0899999999998813,0.20100858817471112,False,True,0.0,False,,-0.0,-0.24914014792396175,0.005946625440947057,0.5691139175646965,-0.3480830028266252,-0.0587167221882471,1.3118858943144711,0.31974986042114967,0.10439925259496,0.1993817676935718,0.1781228736421586,0.015056746382687797,0.2750612718902477,0.11717360140298548,-0.01693900761415154,0.09048887160702322,-0.10914980478002825,-0.0,-0.24914014792396175,0.005946625440947057,0.5691139175646965,-0.3480830028266252,-0.0587167221882471,1.3118858943144711,0.31974986042114967,0.10439925259496,0.1993817676935718,0.1781228736421586,0.015056746382687797,0.2750612718902477,0.11717360140298548,-0.01693900761415154,0.09048887160702322,-0.10914980478002825,-0.008316859479614202,-0.21494241972220238,-0.07194359296506171,0.5576919680558177,-0.329515292637386,-0.045290504734373606,1.2602818459722296,0.2508883539600739,0.0926005206318463,0.20906542509730916,0.18493033122946761,0.009272464963052807,0.28824053815423634,0.13157906114780432,-0.025370179600893408,0.09354804380222059,-0.10441924291457284
309,True,3.09999999999988,0.20815021292872024,False,True,0.0,False,,-0.0,-0.24914014792396175,0.005946625440947057,0.5691139175646965,-0.3480830028266252,-0.0587167221882471,1.3118858943144711,0.31974986042114967,0.10439925259496,0.1993817676935718,0.1781228736421586,0.015056746382687797,0.2750612718902477,0.11717360140298548,-0.01693900761415154,0.09048887160702322,-0.10914980478002825,-0.0,-0.24914014792396175,0.005946625440947057,0.5691139175646965,-0.3480830028266252,-0.0587167221882471,1.3118858943144711,0.31974986042114967,0.10439925259496,0.1993817676935718,0.1781228736421586,0.015056746382687797,0.2750612718902477,0.11717360140298548,-0.01693900761415154,0.09048887160702322,-0.10914980478002825,-0.007627138450724434,-0.22496834345571837,-0.06495505890396609,0.5607470704906918,-0.3320965559238788,-0.04933950684369119,1.25878677265843,0.25718267822961893,0.09473718971654754,0.20472741356788304,0.18428201165437466,0.010358299918606834,0.28357646865190983,0.12977544567057253,-0.023968518290150852,0.09107009754389617,-0.10409072257465082
310,True,3.109999999999879,0.31138211320898973,False,True,0.0,False,,-0.0,-0.40435476231337814,0.08814526158235814,0.6209137677096103,-0.2438979389645492,-0.027327946335516516,1.237658915194359,0.4621581045253353,0.13442042872559073,0.24448908384868842,0.18875817695856234,0.04184151848512694,0.2711517316926802,0.13988375249319238,0.0020084153191413587,0.046475331423425824,-0.0757780425200948,-0.0,-0.40435476231337814,0.08814526158235814,0.6209137677096103,-0.2438979389645492,-0.027327946335516516,1.237658915194359,0.4621581045253353,0.13442042872559073,0.24448908384868842,0.18875817695856234,0.04184151848512694,0.2711517316926802,0.13988375249319238,0.0020084153191413587,0.046475331423425824,-0.0757780425200948,-0.006709243752393314,-0.24512323384631737,-0.05618566809865755,0.5681438880390167,-0.3260909329697941,-0.04923001108886975,1.2551938235521634,0.2766543525163149,0.0989736121874714,0.2057190802543949,0.18408633388809187,0.013353128138516766,0.28049855990985095,0.12936179061492833,-0.021101023980001184,0.08660290536229354,-0.1019397224348453
311,True,3.119999999999878,0.46170511805367814,False,True,0.0,False,,-0.0,-0.40435476231337814,0.08814526158235814,0.6209137677096103,-0.2438979389645492,-0.027327946335516516,1.237658915194359,0.4621581045253353,0.13442042872559073,0.24448908384868842,0.18875817695856234,0.04184151848512694,0.2711517316926802,0.13988375249319238,0.0020084153191413587,0.046475331423425824,-0.0757780425200948,-0.0,-0.40435476231337814,0.08814526158235814,0.6209137677096103,-0.2438979389645492,-0.027327946335516516,1.237658915194359,0.4621581045253353,0.13442042872559073,0.24448908384868842,0.18875817695856234,0.04184151848512694,0.2711517316926802,0.13988375249319238,0.0020084153191413587,0.046475331423425824,-0.0757780425200948,-0.00579797224861696,-0.2722619611264461,-0.04647818387420259,0.5781449719413129,-0.31352538833557664,-0.046433508629698764,1.2503758727208196,0.3054403049263827,0.10479602220911274,0.21050968907629747,0.18448742942423332,0.017859757015113425,0.2782710177754917,0.13039981827237698,-0.01721197577180746,0.0801258003317527,-0.09806303011718381
312,True,3.129999999999877,1.1948565275369831,False,True,0.0,False,,-0.0,-0.3747056303918687,0.16097967438967664,0.37994164948112397,-0.09551848292815192,0.02459503921351271,1.1401084830006343,0.4087069647988056,0.1687323797063773,0.22392709305435757,0.2417657697850913,0.06793099959340958,0.2025154638240231,0.3521373614502434,0.03006455431538826,0.008869141310961844,0.013709295014012246,-0.0,-0.3747056303918687,0.16097967438967664,0.37994164948112397,-0.09551848292815192,0.02459503921351271,1.1401084830006343,0.4087069647988056,0.1687323797063773,0.22392709305435757,0.2417657697850913,0.06793099959340958,0.2025154638240231,0.3521373614502434,0.03006455431538826,0.008869141310961844,0.013709295014012246,-0.00531403364414196,-0.2964045564701312,-0.037407555043840815,0.5687157161793306,-0.2883594249839289,-0.03902880784516527,1.2395608596906724,0.3311499810056007,0.11318268645371732,0.21473855882770973,0.18929904253985116,0.02444094869767114,0.27123724933565174,0.1486775572463058,-0.01123392044208327,0.07057494929276582,-0.08689354584841977
313,True,3.139999999999876,1.338520712625066,False,True,0.0,False,,-0.0,-0.3747056303918687,0.16097967438967664,0.37994164948112397,-0.09551848292815192,0.02459503921351271,1.1401084830006343,0.4087069647988056,0.1687323797063773,0.22392709305435757,0.2417657697850913,0.06793099959340958,0.2025154638240231,0.3521373614502434,0.03006455431538826,0.008869141310961844,0.013709295014012246,-0.0,-0.3747056303918687,0.16097967438967664,0.37994164948112397,-0.09551848292815192,0.02459503921351271,1.1401084830006343,0.4087069647988056,0.1687323797063773,0.22392709305435757,0.2417657697850913,0.06793099959340958,0.2025154638240231,0.3521373614502434,0.03006455431538826,0.008869141310961844,0.013709295014012246,-0.005167155596442509,-0.3154222888113044,-0.029747514647033346,0.5429413913606073,-0.2555128989267214,-0.028692702487595294,1.224318369916108,0.35080010705943837,0.12307216964751337,0.21751209165909874,0.1973922863825612,0.03219777625088209,0.26044631244125727,0.17997605874429756,-0.003960196034354521,0.059440515247341966,-0.07063966001825212
314,True,3.1499999999998747,1.2266908066364286,False,True,0.0,False,,-0.0,-0.4066381685768351,0.12576676046037488,0.24733913264879995,0.08678087109334966,0.059324121985772374,1.0926082447972836,0.37542030753302824,0.1727688182733094,0.33869382493591627,0.14999255293943425,0.06115696708079035,0.2898902810143209,0.3754651838843969,0.02704091860346243,0.07190851813314733,-0.00017157043987150143,-0.0,-0.4066381685768351,0.12576676046037488,0.24733913264879995,0.08678087109334966,0.059324121985772374,1.0926082447972836,0.37542030753302824,0.1727688182733094,0.33869382493591627,0.14999255293943425,0.06115696708079035,0.2898902810143209,0.3754651838843969,0.02704091860346243,0.07190851813314733,-0.00017157043987150143,-0.004365828283172256,-0.33263626953538455,-0.023592976492030144,0.5031409329196415,-0.2090352642591515,-0.0156585291572946,1.2053951978451714,0.3630815319138451,0.1328576318022764,0.22824002191228887,0.1986202102296158,0.039158292189808416,0.2559879137589812,0.21460204726003052,0.0028648527987923914,0.053806853716696496,-0.05538310991950906
315,True,3.1599999999998736,1.076673580359995,False,True,0.0,False,,-0.0,-0.4066381685768351,0.12576676046037488,0.24733913264879995,0.08678087109334966,0.059324121985772374,1.0926082447972836,0.37542030753302824,0.1727688182733094,0.33869382493591627,0.14999255293943425,0.06115696708079035,0.2898902810143209,0.3754651838843969,0.02704091860346243,0.07190851813314733,-0.00017157043987150143,-0.0,-0.4066381685768351,0.12576676046037488,0.24733913264879995,0.08678087109334966,0.059324121985772374,1.0926082447972836,0.37542030753302824,0.1727688182733094,0.33869382493591627,0.14999255293943425,0.06115696708079035,0.2898902810143209,0.3754651838843969,0.02704091860346243,0.07190851813314733,-0.00017157043987150143,-0.003320037840405199,-0.34844899004399893,-0.01881125080565154,0.4571144190977608,-0.15551340661877608,-0.0016838153653164236,1.1852266894013186,0.3696144757937236,0.14168654157267382,0.24541008627072122,0.19343774267887476,0.044755714561644074,0.2580035354206767,0.2474143667970368,0.008614351456045173,0.053462298290819374,-0.04285797454430083
316,True,3.1699999999998725,0.7560715726429413,False,True,0.0,False,,-0.0,-0.6735753131389534,0.008105297097360409,0.37744016602169356,0.20147841276463374,0.000731144006159555,1.030326048212869,-0.05107396737137926,0.20422907090902426,0.3425481981714055,0.09532345982339571,0.04492307562341142,0.3479517847898004,0.2241148941334879,-0.005834736811587611,0.1153165525380092,-0.055664091922452634,-0.0,-0.6735753131389534,0.008105297097360409,0.37744016602169356,0.20147841276463374,0.000731144006159555,1.030326048212869,-0.05107396737137926,0.20422907090902426,0.3425481981714055,0.09532345982339571,0.04492307562341142,0.3479517847898004,0.2241148941334879,-0.005834736811587611,0.1153165525380092,-0.055664091922452634,-0.002737881240372013,-0.38273794318488197,-0.014976569786287912,0.42431966655612857,-0.09640271793638519,0.006548949059144487,1.1624016275724736,0.3395720541196722,0.15141270886360866,0.2636224887549367,0.18201367779819327,0.04795241973111001,0.26704885931836275,0.2637795883634485,0.010876379683181316,0.05870150327418966,-0.037217797329070164
317,True,3.1799999999998714,0.3119306757590082,False,True,0.0,False,,-0.0,-0.6735753131389534,0.008105297097360409,0.37744016602169356,0.20147841276463374,0.000731144006159555,1.030326048212869,-0.05107396737137926,0.20422907090902426,0.3425481981714055,0.09532345982339571,0.04492307562341142,0.3479517847898004,0.2241148941334879,-0.005834736811587611,0.1153165525380092,-0.055664091922452634,-0.0,-0.6735753131389534,0.008105297097360409,0.37744016602169356,0.20147841276463374,0.000731144006159555,1.030326048212869,-0.05107396737137926,0.20422907090902426,0.3425481981714055,0.09532345982339571,0.04492307562341142,0.3479517847898004,0.2241148941334879,-0.005834736811587611,0.1153165525380092,-0.055664091922452634,-0.0027536654986171963,-0.43093719715751466,-0.01210104597258967,0.4056506565050822,-0.03758020148072284,0.009311239460282658,1.1385535029720548,0.2817728330006278,0.16164467989370002,0.28032487814997537,0.16731954580140662,0.04918047971569426,0.2802150005356707,0.26579805537676565,0.010179509547852683,0.06730295600885439,-0.03710618219332378
318,True,3.1899999999998703,0.06683529657109517,False,True,0.0,False,,-0.0,-0.7753762641463796,0.11846037673861019,0.263954547079918,0.2865655279762294,0.013731254062328111,0.8408377535604359,-0.13665330988643343,0.1873697377576704,0.21718693712072693,0.25772715103155874,0.08034590663967996,0.3112482466022519,0.37028648385817264,-0.007440508756478866,0.07583316633089537,0.00014322347893371,-0.0,-0.7753762641463796,0.11846037673861019,0.263954547079918,0.2865655279762294,0.013731254062328111,0.8408377535604359,-0.13665330988643343,0.1873697377576704,0.21718693712072693,0.25772715103155874,0.08034590663967996,0.3112482466022519,0.37028648385817264,-0.007440508756478866,0.07583316633089537,0.00014322347893371,-0.0040604916379225605,-0.4869424460462545,-0.009882000478786204,0.386070016851723,0.020974546509251336,0.01044711071765317,1.1023429432136778,0.2129204508355195,0.1697654476025406,0.28484908509792145,0.16585677691966344,0.051950854104575686,0.29058011901997416,0.27327484162488797,0.008141891744837074,0.07316884568974524,-0.034879961415688936
319,True,3.199999999999869,0.04572592572542905,False,True,0.0,False,,-0.0,-0.8726646259971648,0.1878120825285693,-0.2094395102393196,1.2515046227787427,0.026251569635410425,0.7231572902934836,-0.10956287904644381,0.21970597572500594,0.29027329967996585,0.2889551856181507,0.10427379619889798,0.404031687564517,0.35434956600843187,0.01335345584195048,0.14188017718870444,-0.02904318558989008,-0.0,-0.8726646259971648,0.1878120825285693,-0.2094395102393196,1.2515046227787427,0.026251569635410425,0.7231572902934836,-0.10956287904644381,0.21970597572500594,0.29027329967996585,0.2889551856181507,0.10427379619889798,0.404031687564517,0.35434956600843187,0.01335345584195048,0.14188017718870444,-0.02904318558989008,-0.005378501861743631,-0.5506102164220079,-0.008800726718088117,0.3336468729094974,0.09610539571690886,0.01219088301709547,1.0488122342608028,0.1465574579355309,0.1774567540777958,0.284779290989732,0.17854062837210793,0.058507058940194756,0.3041103352927004,0.28639555616569334,0.007189756935674065,0.08090475682524736,-0.03226206923893577
320,True,3.209999999999868,0.0565085982462773,False,True,0.0,False,,-0.0,-0.8726646259971648,0.12039634274330716,-0.2094395102393196,1.5136390823320733,0.03943184548044784,0.6656688280527379,-0.07522275796677669,0.24813440105911044,0.36159742076617135,0.27565431361202797,0.11253357251332657,0.4275391048196981,0.3175449455494842,0.02586568744973266,0.14755114407455977,-0.005160847401427488,-0.0,-0.8726646259971648,0.12039634274330716,-0.2094395102393196,1.5136390823320733,0.03943184548044784,0.6656688280527379,-0.07522275796677669,0.24813440105911044,0.36159742076617135,0.27565431361202797,0.11253357251332657,0.4275391048196981,0.3175449455494842,0.02586568744973266,0.14755114407455977,-0.005160847401427488,-0.00608532491268908,-0.6139907380919539,-0.008560413075216138,0.2533254033129752,0.1861408346746849,0.015465545951170655,0.985153820864787,0.09265968794490541,0.1871919119623181,0.29113178816813634,0.19550728087722133,0.06773999796209898,0.3227559998951414,0.29674566663654856,0.008495532993421291,0.09151487643141354,-0.029031900487409567
321,True,3.219999999999867,0.04128310694952951,False,True,0.0,False,,-0.0,-0.8726646259971648,0.12039634274330716,-0.2094395102393196,1.5136390823320733,0.03943184548044784,0.6656688280527379,-0.07522275796677669,0.24813440105911044,0.36159742076617135,0.27565431361202797,0.11253357251332657,0.4275391048196981,0.3175449455494842,0.02586568744973266,0.14755114407455977,-0.005160847401427488,-0.0,-0.8726646259971648,0.12039634274330716,-0.2094395102393196,1.5136390823320733,0.03943184548044784,0.6656688280527379,-0.07522275796677669,0.24813440105911044,0.36159742076617135,0.27565431361202797,0.11253357251332657,0.4275391048196981,0.3175449455494842,0.02586568744973266,0.14755114407455977,-0.005160847401427488,-0.006538955462255633,-0.6703026567157111,-0.008651350179128296,0.16654332971519434,0.28205205853653326,0.019504425798715013,0.9222655218828997,0.0513224352084709,0.19776545555977282,0.30202920317912474,0.21172450966534057,0.07740651312580953,0.3425532060369122,0.30338187925730953,0.01109675304294014,0.10230639448707425,-0.024988133116316785
322,True,3.229999999999866,0.03130374673400479,False,True,0.0,False,,-0.0,-0.8726646259971648,0.10790739057821817,-0.20943951023931956,1.587330597132451,0.029502999580405035,0.5551635064452098,-0.04713622721288612,0.263176988371577,0.3443508063340686,0.2734192723537479,0.10336229861738616,0.4167513702359106,0.255996655549276,0.014519595625148242,0.13731498512769752,-0.009355054788238512,-0.0,-0.8726646259971648,0.10790739057821817,-0.20943951023931956,1.587330597132451,0.029502999580405035,0.5551635064452098,-0.04713622721288612,0.263176988371577,0.3443508063340686,0.2734192723537479,0.10336229861738616,0.4167513702359106,0.255996655549276,0.014519595625148242,0.13731498512769752,-0.009355054788238512,-0.007411303416312435,-0.7174298955073826,-0.00884818685912484,0.08693507180060567,0.3802668530986982,0.022658718498031433,0.8583797356451577,0.022138951185799397,0.2075532711867522,0.3124785361805231,0.22560616899506813,0.08648794959364237,0.35949106994666413,0.3030045524799893,0.01311372529847025,0.11112427720401322,-0.02141032210925171
323,True,3.2399999999998648,0.042329696305348045,False,True,0.0,False,,-0.0,-0.8726646259971648,0.10790739057821817,-0.20943951023931956,1.587330597132451,0.029502999580405035,0.5551635064452098,-0.04713622721288612,0.263176988371577,0.3443508063340686,0.2734192723537479,0.10336229861738616,0.4167513702359106,0.255996655549276,0.014519595625148242,0.13731498512769752,-0.009355054788238512,-0.0,-0.8726646259971648,0.10790739057821817,-0.20943951023931956,1.587330597132451,0.029502999580405035,0.5551635064452098,-0.04713622721288612,0.263176988371577,0.3443508063340686,0.2734192723537479,0.10336229861738616,0.4167513702359106,0.255996655549276,0.014519595625148242,0.13731498512769752,-0.009355054788238512,-0.008444772960767732,-0.7554083099166499,-0.009050295650952453,0.019509889241861506,0.4793981854951703,0.02471067084590048,0.7971953293865006,0.0023275860313195953,0.21579728171283694,0.32101785068789535,0.23685359345951573,0.09453907034395034,0.3727865028493005,0.29750954953978004,0.014235768940545339,0.11774406196330447,-0.018593450256964784
324,True,3.2499999999998637,0.03232957406140079,False,True,0.0,False,,-0.0,-0.8726646259971648,0.12009390444699075,-0.2094395102393195,1.8257681095977818,0.036362096683164626,0.5125822246768991,-0.007090099824232213,0.2722264682313812,0.3746002507513594,0.2445968120000664,0.11132365065108708,0.44459241348818734,0.21169053632588372,0.027647700059446636,0.14228227001910942,-0.006328957657089353,-0.0,-0.8726646259971648,0.12009390444699075,-0.2094395102393195,1.8257681095977818,0.036362096683164626,0.5125822246768991,-0.007090099824232213,0.2722264682313812,0.3746002507513594,0.2445968120000664,0.11132365065108708,0.44459241348818734,0.21169053632588372,0.027647700059446636,0.14228227001910942,-0.006328957657089353,-0.009096477877865694,-0.7852200494583534,-0.009220265836670218,-0.035057756529884666,0.5789113804094875,0.02658097390038103,0.7408934113319503,-0.008229731982853821,0.22335010847826928,0.3299934620763289,0.24343096559402314,0.10157803532218768,0.38537448814338965,0.2870774608360972,0.015832479273464886,0.12310056701161252,-0.01617395491754747
325,True,3.2599999999998626,0.04462028140843386,False,True,0.0,False,,-0.0,-0.8726646259971647,0.13192166852221912,-0.20943951023931945,1.9547687622336491,0.039039768998629376,0.5122542706485271,0.009934778490603844,0.27709077736690807,0.38800094914436734,0.24171359625836736,0.11589110855756665,0.455559064489865,0.20840774123378691,0.03061643171685452,0.1289984724931223,0.021967464302087354,-0.0,-0.8726646259971647,0.13192166852221912,-0.20943951023931945,1.9547687622336491,0.039039768998629376,0.5122542706485271,0.009934778490603844,0.27709077736690807,0.38800094914436734,0.24171359625836736,0.11589110855756665,0.455559064489865,0.20840774123378691,0.03061643171685452,0.1289984724931223,0.021967464302087354,-0.009224572696214947,-0.8081713942741723,-0.00935195432662896,-0.07797137961991696,0.6785994966099262,0.028623934166356276,0.6914334596580024,-0.011025136259359686,0.2300445362001856,0.34020348984335186,0.2460683279566524,0.10830000945342211,0.3981784292242547,0.2738958188113976,0.018172682926733717,0.12647028497369217,-0.011841807669306538
326,True,3.2699999999998615,0.02137835679676285,False,True,0.0,False,,-0.0,-0.8726646259971647,0.1327091791110191,-0.20943951023931948,1.9547687622336491,0.04110175682624899,0.49396798657291896,0.0005928310958065158,0.2760564416566492,0.37576534729955474,0.23698622641116324,0.10625080386100767,0.44777167378699,0.1840719150506748,0.025738276025968915,0.12429609298047935,0.02103666773295574,-0.0,-0.8726646259971647,0.1327091791110191,-0.20943951023931948,1.9547687622336491,0.04110175682624899,0.49396798657291896,0.0005928310958065158,0.2760564416566492,0.37576534729955474,0.23698622641116324,0.10625080386100767,0.44777167378699,0.1840719150506748,0.025738276025968915,0.12429609298047935,0.02103666773295574,-0.009168668604544851,-0.8255815538141629,-0.00945266014197367,-0.1110775775751579,0.7783800376539876,0.030771687351247242,0.6490905349010261,-0.010483756629094908,0.23588193839016228,0.34938350985066674,0.2463935573223704,0.11351991181502939,0.409360545800771,0.25912241578205614,0.020316494718962876,0.12782160432239478,-0.00623068315013235
327,True,3.2799999999998604,0.021378333698129977,False,True,0.0,False,,-0.0,-0.8726646259971647,0.1305838661439652,-0.20943951023931948,1.9547687622336491,0.04333614846322305,0.5110150306003742,-0.004966697521629063,0.2820851791322895,0.4031937061670925,0.22313556540260754,0.11268694530116322,0.48166044560787896,0.15619108502621198,0.033398032433321505,0.14112153470654296,0.02250643495263877,-0.0,-0.8726646259971647,0.1305838661439652,-0.20943951023931948,1.9547687622336491,0.04333614846322305,0.5110150306003742,-0.004966697521629063,0.2820851791322895,0.4031937061670925,0.22313556540260754,0.11268694530116322,0.48166044560787896,0.15619108502621198,0.033398032433321505,0.14112153470654296,0.02250643495263877,-0.008708006505478745,-0.8386320583192712,-0.009523303907492639,-0.13627570208306558,0.8782174665476684,0.0329677022224756,0.6152129279290246,-0.009472956995840498,0.2405711132517381,0.35894420632395113,0.2444583129663703,0.11813517891552729,0.4206178667521081,0.24228376207548905,0.02253001459058402,0.12927985248130253,-0.0006973656118207675
328,True,3.2899999999998593,0.03790617804627877,False,True,0.0,False,,-0.0,-0.8726646259971647,0.13023510621281773,-0.2094395102393195,1.9547687622336491,0.044060590559672395,0.5013872010226957,-0.005695405824913234,0.28312237749402996,0.3954490631390338,0.21452710515913062,0.11281225001671828,0.4858053963837627,0.11721397721654472,0.032368810589842284,0.1365189569970395,0.031120288513066908,-0.0,-0.8726646259971647,0.13023510621281773,-0.2094395102393195,1.9547687622336491,0.044060590559672395,0.5013872010226957,-0.005695405824913234,0.28312237749402996,0.3954490631390338,0.21452710515913062,0.11281225001671828,0.4858053963837627,0.11721397721654472,0.032368810589842284,0.1365189569970395,0.031120288513066908,-0.008058887938952847,-0.8483242220036439,-0.00957258782107533,-0.15527044066492823,0.9780404783156341,0.035081612961363064,0.588647023715771,-0.008658484539777078,0.24451343188503996,0.3682884880483284,0.24062838963001518,0.12237406289818685,0.431918934682091,0.22243721002553424,0.024732608947188508,0.1308473344830752,0.004887562207688353
329,True,3.299999999999858,0.04926472012391798,False,True,0.0,False,,-0.0,-0.8726646259971647,0.13186230782200434,-0.2094395102393195,1.9547687622336491,0.04083027778285989,0.4947474618488374,-0.008345770956310524,0.2832253193303376,0.3970710492848362,0.21267706892133695,0.11139262462577465,0.48668424917744546,0.1118809146887963,0.02961702081419108,0.1372219345274793,0.03043562750751898,-0.0,-0.8726646259971647,0.13186230782200434,-0.2094395102393195,1.9547687622336491,0.04083027778285989,0.4947474618488374,-0.008345770956310524,0.2832253193303376,0.3970710492848362,0.21267706892133695,0.11139262462577465,0.48668424917744546,0.1118809146887963,0.02961702081419108,0.1372219345274793,0.03043562750751898,-0.007462711242150178,-0.8554616620741763,-0.009607650637357608,-0.16947547276156058,1.0732453180603652,0.03671447202676972,0.5672909561270825,-0.008226663509495663,0.24780435023273636,0.376379089549713,0.23600942988965512,0.12587570957535782,0.4420433060774689,0.20178413625856148,0.02643826742159293,0.1321515748632216,0.010116480163126457
330,True,3.309999999999857,0.05363997278260902,False,True,0.0,False,,-0.0,-0.8726646259971645,0.11782254810533982,-0.2094395102393195,1.9547687622336491,0.0387563833194392,0.49344754146045067,-0.0025539003196329516,0.28327259108855746,0.41564032872276274,0.19560459704477345,0.11238160843231877,0.5096675308468208,0.08499632084735745,0.035010232226325204,0.1346763030463215,0.04405077842393619,-0.0,-0.8726646259971645,0.11782254810533982,-0.2094395102393195,1.9547687622336491,0.0387563833194392,0.49344754146045067,-0.0025539003196329516,0.28327259108855746,0.41564032872276274,0.19560459704477345,0.11238160843231877,0.5096675308468208,0.08499632084735745,0.035010232226325204,0.1346763030463215,0.04405077842393619,-0.006815842904041174,-0.8606820327680031,-0.009631263538879675,-0.18003212020629328,1.1559211385961825,0.037682497919097536,0.5502067326758651,-0.007639168506973121,0.25050184944260323,0.3845771225875679,0.2301829728011637,0.12868683072548945,0.4522256560723899,0.18089078108578682,0.028039646186177148,0.13302838106851814,0.015638197674048507
331,True,3.319999999999856,0.016253244980183122,False,True,0.0,False,,-0.0,-0.8726646259971647,0.11130680890868379,-0.2094395102393195,1.9547687622336491,0.0381723809736212,0.46838626026889174,0.03165018783024445,0.2805928562412181,0.46024951245185114,0.1483509877012988,0.10584790480309961,0.564472433534511,-0.018222232468507626,0.03148198649923501,0.1523439778252588,0.055977120395768985,-0.0,-0.8726646259971647,0.11130680890868379,-0.2094395102393195,1.9547687622336491,0.0381723809736212,0.46838626026889174,0.03165018783024445,0.2805928562412181,0.46024951245185114,0.1483509877012988,0.10584790480309961,0.564472433534511,-0.018222232468507626,0.03148198649923501,0.1523439778252588,0.055977120395768985,-0.005941963695444817,-0.8642478699508678,-0.009645049930664625,-0.1878599113670245,1.2238243342374653,0.038133791167776716,0.5348847169828098,-0.004124484499617112,0.2527339627777557,0.3961612044115776,0.22013485984256434,0.1303110717772667,0.46624973618298543,0.1531412589837257,0.029361098636194453,0.13489121044173094,0.022084281340977657
332,True,3.329999999999855,0.0,True,True,0.0,False,,-0.0,-0.8726646259971647,0.10194067864741338,-0.2094395102393195,1.9547687622336491,0.03482411203032867,0.4578985725891957,0.022074898255224584,0.28123895847684827,0.4665999268393944,0.1431166172120855,0.10895657389305073,0.5774513744385108,-0.03294528991257172,0.030724514658193414,0.14531692213429048,0.07471967969993665,-0.0,-0.8726646259971647,0.10194067864741338,-0.2094395102393195,1.9547687622336491,0.03482411203032867,0.4578985725891957,0.022074898255224584,0.28123895847684827,0.4665999268393944,0.1431166172120855,0.10895657389305073,0.5774513744385108,-0.03294528991257172,0.030724514658193414,0.14531692213429048,0.07471967969993665,-0.005081999665730531,-0.8655611753820815,-0.009653731282760538,-0.19367288487864862,1.2777873739936847,0.038118405877020776,0.5202934832662403,0.0007314280224486599,0.25420058681125296,0.41032017740931886,0.20732675657699146,0.13155893438955774,0.48295815154946325,0.12073629461829176,0.03022027492908686,0.13706404275430936,0.030089474672750898
333,True,3.3399999999998538,0.0,True,True,0.0,False,,-0.0,-0.8726646259971648,0.10138848214461386,-0.20943951023931956,1.9547687622336491,0.03232373193292156,0.4210976501454091,0.05310847922487278,0.2788109755320895,0.4632546979949019,0.14927463453610057,0.11264280484902515,0.5856289753646097,-0.017886880962725484,0.03396866636125884,0.129017431957299,0.10773269023161844,-0.0,-0.8726646259971648,0.10138848214461386,-0.20943951023931956,1.9547687622336491,0.03232373193292156,0.4210976501454091,0.05310847922487278,0.2788109755320895,0.4632546979949019,0.14927463453610057,0.11264280484902515,0.5856289753646097,-0.017886880962725484,0.03396866636125884,0.129017431957299,0.10773269023161844,-0.004544011645872116,-0.8656895879754513,-0.009661942717384601,-0.19797431394839352,1.3197861492492902,0.03763132944377953,0.5044270901604239,0.00764774138962768,0.2551341521474224,0.42415318470185415,0.19521662674649004,0.1329019203863589,0.4996668453774722,0.0908912886899875,0.030990262071061724,0.13764261343149603,0.04112400415587072
334,True,3.3499999999998527,0.0124542581968683,False,True,0.0,False,,-0.0,-0.8726646259971647,0.10733111072333751,-0.20943951023931956,1.9547687622336491,0.02186572329937511,0.41029951815658217,0.05113774192873174,0.2738952147708171,0.46418632482190736,0.14922589923458246,0.10449899690603678,0.5908453570518293,-0.017257786632624214,0.02088750059777723,0.13275734505576273,0.11128601951366004,-0.0,-0.8726646259971647,0.10733111072333751,-0.20943951023931956,1.9547687622336491,0.02186572329937511,0.41029951815658217,0.05113774192873174,0.2738952147708171,0.46418632482190736,0.14922589923458246,0.10449899690603678,0.5908453570518293,-0.017257786632624214,0.02088750059777723,0.13275734505576273,0.11128601951366004,-0.004334745249758749,-0.8653485838141368,-0.009670339549520386,-0.20115144734445448,1.352023483009739,0.03612338571733792,0.4876218306601229,0.015622613228957036,0.25538558932400457,0.4363281427781746,0.18506061034691323,0.13378336178862327,0.5150748778891758,0.06623174828078518,0.030858996539950327,0.1372136891144887,0.05363922379817367
335,True,3.3599999999998515,0.014793018134506045,False,True,0.0,False,,-0.0,-0.8726646259971647,0.09594732137088664,-0.20943951023931956,1.9547687622336491,0.02100761071838029,0.4145353274483958,0.05492835635961938,0.27972456204429424,0.4675944238940067,0.15084266731963752,0.10347372812551767,0.5849590808142583,-0.02096898190360509,0.026988411495677194,0.13235450624331074,0.11204536048400054,-0.0,-0.8726646259971647,0.09594732137088664,-0.20943951023931956,1.9547687622336491,0.02100761071838029,0.4145353274483958,0.05492835635961938,0.27972456204429424,0.4675944238940067,0.15084266731963752,0.10347372812551767,0.5849590808142583,-0.02096898190360509,0.026988411495677194,0.13235450624331074,0.11204536048400054,-0.004328069891382041,-0.8648810054807411,-0.00967811667491727,-0.20349771843503026,1.3765349279189907,0.033884078516096275,0.4722679652530958,0.02328613247337028,0.2554064274102151,0.4465777147631766,0.17701909140224106,0.13417606154488224,0.5281428173510785,0.046311806627340545,0.030355602491152673,0.13655515735610396,0.06547862726066027
336,True,3.3699999999998504,0.004222388550972665,False,True,0.0,False,,-0.0,-0.8726646259971647,0.0956444732190451,-0.2094395102393195,1.9547687622336491,0.018527575457941516,0.4102718386822249,0.05246985008196893,0.275536568060551,0.47376001192859674,0.15086549465737242,0.10070671991657251,0.5900486419521332,-0.022489305062033386,0.020802018189537225,0.14492480547177009,0.11485548624839535,-0.0,-0.8726646259971647,0.0956444732190451,-0.2094395102393195,1.9547687622336491,0.018527575457941516,0.4102718386822249,0.05246985008196893,0.275536568060551,0.47376001192859674,0.15086549465737242,0.10070671991657251,0.5900486419521332,-0.022489305062033386,0.020802018189537225,0.14492480547177009,0.11485548624839535,-0.004403083344356673,-0.8644362625478418,-0.009684416156059958,-0.20523162163458217,1.3950494611863309,0.03135803671525137,0.4591252567355379,0.029872192392585168,0.25532154720356626,0.4553230485224896,0.17083898019967286,0.13416963314072608,0.5390915081945695,0.03038209087552693,0.02951745872099765,0.13676490252921564,0.075897596729354
337,True,3.3799999999998493,0.0,True,True,0.0,False,,-0.0,-0.8726646259971647,0.09571552688182565,-0.2094395102393195,1.9547687622336491,0.02059320843930898,0.4132689079769098,0.05290927468297946,0.275461808303595,0.47200318640256683,0.14923058851266666,0.10182408760212143,0.5845250470894321,-0.026751255216554123,0.022616280662402365,0.14156470538675794,0.11156072281190725,-0.0,-0.8726646259971647,0.09571552688182565,-0.2094395102393195,1.9547687622336491,0.02059320843930898,0.4132689079769098,0.05290927468297946,0.275461808303595,0.47200318640256683,0.14923058851266666,0.10182408760212143,0.5845250470894321,-0.026751255216554123,0.022616280662402365,0.14156470538675794,0.11156072281190725,-0.004571165444340859,-0.8640674089204217,-0.009690083303592448,-0.20651474355584284,1.4089692926171589,0.029047712783485294,0.4484738605065002,0.035183495232442824,0.2551712100049013,0.4623880752284636,0.16601256272561468,0.13392038840279025,0.5478712372365937,0.01754273285563,0.02853005930048178,0.13750235795292584,0.08437455276200345
338,True,3.3899999999998482,0.0,True,True,0.0,False,,-0.0,-0.8726646259971647,0.0980201484935043,-0.2094395102393195,1.9547687622336491,0.023094552022075897,0.4172696810814813,0.05297432166162106,0.27754323378773627,0.4754921559017408,0.14858381535212647,0.10063903993510963,0.5857253574257789,-0.02928295679833091,0.020172564021533283,0.14544786956022515,0.11117198951581445,-0.0,-0.8726646259971647,0.0980201484935043,-0.2094395102393195,1.9547687622336491,0.023094552022075897,0.4172696810814813,0.05297432166162106,0.27754323378773627,0.4754921559017408,0.14858381535212647,0.10063903993510963,0.5857253574257789,-0.02928295679833091,0.020172564021533283,0.14544786956022515,0.11117198951581445,-0.004778887660249183,-0.8637832601078881,-0.009694738790961435,-0.20746538340202061,1.4193999455467985,0.02734856878229565,0.4405049535098294,0.039376664892218666,0.25507042184882067,0.46800024098647985,0.1621843845825311,0.13358623242944587,0.5547888500852137,0.007092811406430358,0.027474979277971615,0.13855051674568725,0.09091673159059384
339,True,3.399999999999847,0.0,True,True,0.0,False,,-0.0,-0.8726646259971647,0.1034317770705069,-0.20943951023931945,1.9547687622336491,0.02487910720135039,0.41475269218280036,0.05075827371471147,0.2792661972344156,0.47367281321370125,0.14622417271276808,0.10325903551810801,0.5850520601482709,-0.03187405772332416,0.024334272197423606,0.1411013201286711,0.10867908452693936,-0.0,-0.8726646259971647,0.1034317770705069,-0.20943951023931945,1.9547687622336491,0.02487910720135039,0.41475269218280036,0.05075827371471147,0.2792661972344156,0.47367281321370125,0.14622417271276808,0.10325903551810801,0.5850520601482709,-0.03187405772332416,0.024334272197423606,0.1411013201286711,0.10867908452693936,-0.005030452309043282,-0.8635742556460313,-0.009698894053726599,-0.20817064460829568,1.4271974206020461,0.026328756312607005,0.43453062153937777,0.04246077504836259,0.25512011620761244,0.47228438314381305,0.15899767399045223,0.13336211669769538,0.5602074838535964,-0.0014705803404467218,0.026725566625598763,0.13942172179903795,0.09570362047274653
340,True,3.409999999999846,0.0,True,True,0.0,False,,-0.0,-0.8726646259971645,0.10399376294615538,-0.20943951023931945,1.9547687622336491,0.026141225651873,0.40865611569214183,0.04963002517744725,0.2785573228172402,0.4705249715963914,0.14498505317561605,0.10202884727476257,0.5884564921067841,-0.03184117980200282,0.022221932783988534,0.1386159839198924,0.10849096961566677,-0.0,-0.8726646259971645,0.10399376294615538,-0.20943951023931945,1.9547687622336491,0.026141225651873,0.40865611569214183,0.04963002517744725,0.2785573228172402,0.4705249715963914,0.14498505317561605,0.10202884727476257,0.5884564921067841,-0.03184117980200282,0.022221932783988534,0.1386159839198924,0.10849096961566677,-0.005329562449493717,-0.8634274367981251,-0.009702716888538012,-0.2086943895136619,1.4330164321752208,0.025867643877886856,0.4295133981712858,0.04457068530128913,0.255240365186615,0.47531751793433874,0.15625476591683388,0.13325966495761327,0.564509046028048,-0.008368527992966756,0.02619050591516735,0.1398252779981588,0.09911061673486574
341,True,3.419999999999845,0.0,True,True,0.0,False,,-0.0,-0.8726646259971645,0.10822646944574008,-0.20943951023931945,1.9547687622336491,0.029153760473818097,0.40792880414321003,0.050655300086378065,0.2804364910505888,0.46957710784433787,0.14463962490403212,0.1038482459331932,0.5865716299281368,-0.033749247462253065,0.02843170402842239,0.13973376247819547,0.10902344103038933,-0.0,-0.8726646259971645,0.10822646944574008,-0.20943951023931945,1.9547687622336491,0.029153760473818097,0.40792880414321003,0.050655300086378065,0.2804364910505888,0.46957710784433787,0.14463962490403212,0.1038482459331932,0.5865716299281368,-0.033749247462253065,0.02843170402842239,0.13973376247819547,0.10902344103038933,-0.005628497690282612,-0.8633333527318047,-0.009705836176563365,-0.20908344882188099,1.4373535462783371,0.025893512045594577,0.4251826359371124,0.04607890082577162,0.2554518508759737,0.47729371011992916,0.15393718693866457,0.13328108482165002,0.5678413008981352,-0.013932495298690237,0.026117369937694982,0.13997324433959576,0.10159348823759393
342,True,3.429999999999844,0.0,True,True,0.0,False,,-0.0,-0.8726646259971647,0.10782472471890624,-0.20943951023931945,1.9547687622336491,0.03193693601393386,0.4290915228608518,0.047093312777790164,0.2725737332361018,0.46116330604779127,0.14341001663825062,0.09127587691308621,0.5890171447061269,-0.05968450742521104,0.020570384708975282,0.14774132853311212,0.09009614817746014,-0.0,-0.8726646259971647,0.10782472471890624,-0.20943951023931945,1.9547687622336491,0.03193693601393386,0.4290915228608518,0.047093312777790164,0.2725737332361018,0.46116330604779127,0.14341001663825062,0.09127587691308621,0.5890171447061269,-0.05968450742521104,0.020570384708975282,0.14774132853311212,0.09009614817746014,-0.005869271193914457,-0.8632811379550083,-0.009707951083533334,-0.20937238172748562,1.440518591883174,0.026421593436594802,0.4231491118982838,0.04690763058729898,0.25519298873392443,0.4782233702017032,0.15195503549463776,0.13290747151272395,0.5703005178799134,-0.020419419138320256,0.025938280580882742,0.14062491844182778,0.10201388760882796
343,True,3.4399999999998427,0.0,True,True,0.0,False,,-0.0,-0.8726646259971647,0.11815375889667075,-0.20943951023931945,1.9547687622336491,0.05383617263140057,0.4755724885744971,0.043324205116906524,0.28162755740310685,0.4398326418876815,0.17079090819371404,0.105914272733953,0.571165747179721,-0.0507407389174544,0.04297519887909979,0.15448480917969268,0.06226228618764871,-0.0,-0.8726646259971647,0.11815375889667075,-0.20943951023931945,1.9547687622336491,0.05383617263140057,0.4755724885744971,0.043324205116906524,0.28162755740310685,0.4398326418876815,0.17079090819371404,0.105914272733953,0.571165747179721,-0.0507407389174544,0.04297519887909979,0.15448480917969268,0.06226228618764871,-0.005995329816662477,-0.8632568333173136,-0.009708890325336016,-0.20958594931196897,1.441936132776975,0.028836683217905522,0.42662914270740665,0.04697327108033828,0.2552173405859405,0.4767958191547374,0.1523894897150143,0.13284821957838508,0.5708479983970993,-0.026802435434194735,0.027070248937734163,0.14224169083612168,0.09866302750209452
344,True,3.4499999999998416,0.0,True,True,0.0,False,,-0.0,-0.8726646259971647,0.13279694678843637,-0.2094395102393195,1.9547687622336491,0.08331070809291796,0.5607236896607981,-0.00019438899283127226,0.2803108921393584,0.42767866142122307,0.1935972029205413,0.1068604035913724,0.5570808120392471,-0.005552979936356791,0.03750691793036847,0.1690350136400457,0.019321712496983678,-0.0,-0.8726646259971647,0.13279694678843637,-0.2094395102393195,1.9547687622336491,0.08331070809291796,0.5607236896607981,-0.00019438899283127226,0.2803108921393584,0.42767866142122307,0.1935972029205413,0.1068604035913724,0.5570808120392471,-0.005552979936356791,0.03750691793036847,0.1690350136400457,0.019321712496983678,-0.0058980223037892405,-0.8632477673302884,-0.009707637764600895,-0.209744599344395,1.4422500243333463,0.03480966014015353,0.44033878201413534,0.04313964222469672,0.2557321645856953,0.4726598980018118,0.1565715208777878,0.13324454538966907,0.5689252609491215,-0.02856173987430231,0.029041665825589653,0.14547530914372728,0.08971783684319297
345,True,3.4599999999998405,0.0,True,True,0.0,False,,-0.0,-0.8726646259971648,0.16443217438366722,-0.2094395102393195,1.713899147781196,0.10349049797200902,0.7065063421260255,-0.09277141870444766,0.2819559968730121,0.45492702368912247,0.16441420395098919,0.11109538669842364,0.557314197793231,0.022878991116841864,0.04389676578872378,0.21918991538931168,-0.03173396929747096,-0.0,-0.8726646259971648,0.16443217438366722,-0.2094395102393195,1.713899147781196,0.10349049797200902,0.7065063421260255,-0.09277141870444766,0.2819559968730121,0.45492702368912247,0.16441420395098919,0.11109538669842364,0.557314197793231,0.022878991116841864,0.04389676578872378,0.21918991538931168,-0.03173396929747096,-0.005171592750397792,-0.8632470979103258,-0.009700722322957694,-0.20986201529135398,1.44209518566784,0.04426910175217375,0.4712500804760702,0.029140201013112564,0.2564499168124519,0.4687220417005468,0.16033512138639805,0.1338123129366192,0.5665214649845777,-0.024313577757018742,0.031437534599540545,0.1534565464646696,0.07385337327887165
346,True,3.4699999999998394,0.0,True,True,0.0,False,,-0.0,-0.8110334276332206,0.175192039860946,-0.2094395102393196,1.5037497409042406,0.10402988505131311,0.783844114371649,-0.12099855991957802,0.27372673583775886,0.4340940551052837,0.15478227744944634,0.10751831806213333,0.5197232593641301,0.09477711925482298,0.02870050093903143,0.20183241308506097,-0.02034361669594018,-0.0,-0.8110334276332206,0.175192039860946,-0.2094395102393196,1.5037497409042406,0.10402988505131311,0.783844114371649,-0.12099855991957802,0.27372673583775886,0.4340940551052837,0.15478227744944634,0.10751831806213333,0.5197232593641301,0.09477711925482298,0.02870050093903143,0.20183241308506097,-0.02034361669594018,-0.00428342980677139,-0.8594566299048326,-0.009691717466284137,-0.21001111445573098,1.4417844183119743,0.05500591973517167,0.5172475622120958,0.006891263623317605,0.2568835027340057,0.46385593102987893,0.16168490139567593,0.13411359514273508,0.5622593411300558,-0.011365242185625004,0.03289181928983774,0.16299669015815557,0.056000864789287
347,True,3.4799999999998383,0.0,True,True,0.0,False,,-0.0,-0.5848262508382874,0.0725479243693798,-0.18006572023213016,1.3171594899038679,0.06315832900914475,0.8919237032053142,-0.16602929002812816,0.23181849281638506,0.40662109703399263,0.13585264855885001,0.06301690089138462,0.4846380389818355,0.1379716309183079,-0.002608606990487598,0.2347839454019237,-0.07353221184540053,-0.0,-0.5848262508382874,0.0725479243693798,-0.18006572023213016,1.3171594899038679,0.06315832900914475,0.8919237032053142,-0.16602929002812816,0.23181849281638506,0.40662109703399263,0.13585264855885001,0.06301690089138462,0.4846380389818355,0.1379716309183079,-0.002608606990487598,0.2347839454019237,-0.07353221184540053,-0.0036106524139648713,-0.8352441438753997,-0.009672676442846221,-0.20818446865434295,1.4318254782001658,0.06209347655242913,0.5754886394097175,-0.02069558451640021,0.25366564980274364,0.4562137032678604,0.16008748755693572,0.13158669735497958,0.5537193160036824,0.009786030100827335,0.03093729376888049,0.17395176955860658,0.035680817803821846
348,True,3.4899999999998372,0.05626246558220486,False,True,0.0,False,,-0.0,-0.5393524976781244,-0.024804974219918646,0.09009925227361862,0.9560074945328786,0.07300636423300717,1.0452708974761682,-0.2241239724284384,0.22452799119247605,0.4445206117783509,0.08458388408460976,0.053919676081751425,0.43246650876451115,0.22054965466134885,0.0011688223839810717,0.21878582649972764,-0.06083465467131944,-0.0,-0.5393524976781244,-0.024804974219918646,0.09009925227361862,0.9560074945328786,0.07300636423300717,1.0452708974761682,-0.2241239724284384,0.22452799119247605,0.4445206117783509,0.08458388408460976,0.053919676081751425,0.43246650876451115,0.22054965466134885,0.0011688223839810717,0.21878582649972764,-0.06083465467131944,-0.002964788330673021,-0.7935028301900569,-0.011469650149388277,-0.18345197189559823,1.3858752890890038,0.06600491858939435,0.6480785419759975,-0.05353270965622508,0.24609187828745194,0.44875925758145574,0.15267967721116985,0.12652176216316902,0.5405187559487517,0.03995362090890106,0.02683695957466034,0.18424902761909825,0.015719022178867663
349,True,3.499999999999836,0.019047734052268013,False,True,0.0,False,,-0.0,-0.7122130042239646,0.06676996934226982,0.5755342127516424,-0.34906585039886595,0.03735644488190505,1.045884681775084,-0.010113732862219171,0.20119381377897633,0.3583024281773115,0.15257863338073094,0.043601438901745046,0.42850903428916687,0.15598066090527057,-0.002999424700639108,0.16134784174904995,-0.057727606719463476,-0.0,-0.7122130042239646,0.06676996934226982,0.5755342127516424,-0.34906585039886595,0.03735644488190505,1.045884681775084,-0.010113732862219171,0.20119381377897633,0.3583024281773115,0.15257863338073094,0.043601438901745046,0.42850903428916687,0.15598066090527057,-0.002999424700639108,0.16134784174904995,-0.057727606719463476,-0.0030654378171187852,-0.7610877355339005,-0.012728451500660584,-0.12258340664984123,1.3096102165353145,0.06588073307453715,0.7240125613682034,-0.06999117318813516,0.23752282601673388,0.4379229275536575,0.14714244005358737,0.11737069917195939,0.5235648415180518,0.06830907864981083,0.022076685552863427,0.18807297929676478,-0.0009761520194117203
350,True,3.509999999999835,0.047083973437231565,False,True,0.0,False,,-0.0,-0.653792176016503,0.13176074660614864,0.5061008236750293,-0.34906585039886584,0.02716439485420238,0.9814297005119605,0.27070312651836453,0.1877898286132371,0.30679795782049835,0.18032885980548996,0.0444035171909197,0.40806728061298647,0.13416705411811172,0.005107679419595161,0.1454169744972137,-0.06407323296466463,-0.0,-0.653792176016503,0.13176074660614864,0.5061008236750293,-0.34906585039886584,0.02716439485420238,0.9814297005119605,0.27070312651836453,0.1877898286132371,0.30679795782049835,0.18032885980548996,0.0444035171909197,0.40806728061298647,0.13416705411811172,0.005107679419595161,0.1454169744972137,-0.06407323296466463,-0.004155133163348692,-0.7381742187794255,-0.01258839195349679,-0.038666918764050325,1.2192277464747314,0.06194410835516349,0.7875824323119947,-0.04736699641901277,0.22750378437246715,0.4208998365597792,0.1477828481161567,0.1080238946074317,0.5040021042461319,0.08836984236672733,0.018002941307665676,0.1853730581564127,-0.01478023937022459
351,True,3.519999999999834,0.09990973002118594,False,True,0.0,False,,-0.0,-0.506358050387075,0.11712157108546914,0.4962560811694521,-0.34906585039886584,-0.014688952964655243,0.9955304768015948,0.38160594726179403,0.14971124176985665,0.2639372928177067,0.27066420567983307,0.021475133937113124,0.35939530424802063,0.21286465072120192,-0.009677804478780918,0.11944522871009018,-0.06105564569227422,-0.0,-0.506358050387075,0.11712157108546914,0.4962560811694521,-0.34906585039886584,-0.014688952964655243,0.9955304768015948,0.38160594726179403,0.14971124176985665,0.2639372928177067,0.27066420567983307,0.021475133937113124,0.35939530424802063,0.21286465072120192,-0.009677804478780918,0.11944522871009018,-0.06105564569227422,-0.005866292220310776,-0.7080312890120941,-0.011917382920607197,0.05389580903187093,1.1231635734805838,0.05325149035819998,0.8374685995287958,0.008026039631176748,0.21530797371828156,0.3978603111633731,0.1590353633774807,0.09698557044363773,0.4811037435318725,0.10809180612723836,0.013890829634427402,0.1776793940092931,-0.025810904153220265
352,True,3.529999999999833,0.11876186793350214,False,True,0.0,False,,-0.0,-0.43123895294116893,0.06839589583132798,0.5653251843888784,-0.3490658503988659,-0.01335995929634801,1.1170947883408437,0.333888223388522,0.13416232889239058,0.2778247079561756,0.22906550620374946,0.02572111292998741,0.3328817702543913,0.24485098253200346,-0.0008683979631594497,0.13432422398852562,-0.06817422500500459,-0.0,-0.43123895294116893,0.06839589583132798,0.5653251843888784,-0.3490658503988659,-0.01335995929634801,1.1170947883408437,0.333888223388522,0.13416232889239058,0.2778247079561756,0.22906550620374946,0.02572111292998741,0.3328817702543913,0.24485098253200346,-0.0008683979631594497,0.13432422398852562,-0.06817422500500459,-0.0074212092726534265,-0.6668197298977092,-0.011123629992658469,0.14802712072846655,1.0248116959579248,0.041997520292161736,0.8860753596459409,0.07058970854012393,0.20185651649254488,0.3741598360931833,0.17342559895533427,0.08435794544129524,0.45585328276897324,0.13092814599603136,0.010337510696862964,0.16899052346233034,-0.03489810555279711
353,True,3.5399999999998317,0.17571065172463657,False,True,0.0,False,,-0.0,-0.35982200055672875,0.030892624874427788,0.620102735328418,-0.34906585039886584,0.12487445889600587,1.209474055676351,0.31700771088138197,0.13892543550130315,0.24838373932876331,0.23203249344447296,0.03402732065721976,0.2787960472980212,0.2689641207088417,-0.017396709139245847,0.10160969932599426,-0.09634898953306344,-0.0,-0.35982200055672875,0.030892624874427788,0.620102735328418,-0.34906585039886584,0.12487445889600587,1.209474055676351,0.31700771088138197,0.13892543550130315,0.24838373932876331,0.23203249344447296,0.03402732065721976,0.2787960472980212,0.2689641207088417,-0.017396709139245847,0.10160969932599426,-0.09634898953306344,-0.00888349042006554,-0.6173087614829039,-0.010300046873569044,0.2391479493529618,0.9255461168179926,0.04139899548594031,0.9404255384301703,0.12547426186511884,0.1890838561122864,0.3511829698662209,0.1860049705324532,0.07317126703487979,0.4273684603079955,0.15548901617739927,0.006518369096444635,0.158953347658782,-0.04462232149671451
354,True,3.5499999999998306,0.25188284338279177,False,True,0.0,False,,-0.0,-0.3295835371043244,0.0263922133726445,0.6284887624099664,-0.3472930011212678,0.11261982138489286,1.2417304449102204,0.30025597105509005,0.1255344034737231,0.2279782602909239,0.2602229409902475,0.021370158426448658,0.24951055590710738,0.30570988890776696,-0.033751786061945045,0.06327047950399763,-0.05155784205364551,-0.0,-0.3295835371043244,0.0263922133726445,0.6284887624099664,-0.3472930011212678,0.11261982138489286,1.2417304449102204,0.30025597105509005,0.1255344034737231,0.2279782602909239,0.2602229409902475,0.021370158426448658,0.24951055590710738,0.30570988890776696,-0.033751786061945045,0.06327047950399763,-0.05155784205364551,-0.010347349799188207,-0.564903296947643,-0.0095957250315311,0.32131004213248454,0.8259384615871346,0.04970874717904586,0.9970219018103017,0.16889199680508848,0.17720119270142606,0.3284208490574717,0.1987111796644129,0.06322366612131512,0.3964548987362443,0.1816741875928879,0.001171728002515461,0.14526014808978802,-0.05100816269644204
355,True,3.5599999999998295,0.35333895665492154,False,True,0.0,False,,-0.0,-0.31465557628329377,-0.022600248869419623,0.6653861666130358,-0.3490658503988659,0.05720908623177368,1.2950463134248102,0.31878086073766093,0.11195260062876872,0.24901984752172504,0.2653217395495869,0.016308657628058366,0.30633050300858894,0.2513230329996118,-0.0299475553063377,0.08946786009726808,-0.08492990224986188,-0.0,-0.31465557628329377,-0.022600248869419623,0.6653861666130358,-0.3490658503988659,0.05720908623177368,1.2950463134248102,0.31878086073766093,0.11195260062876872,0.24901984752172504,0.2653217395495869,0.016308657628058366,0.30633050300858894,0.2513230329996118,-0.0299475553063377,0.08946786009726808,-0.08492990224986188,-0.011074388313160783,-0.5150158060665345,-0.010608262141048567,0.39356185339665817,0.7262129506854106,0.05614303873894213,1.0534357490841175,0.2034294116810931,0.16552337469047576,0.30921589685809386,0.21144346430600622,0.054077454260470684,0.3713265147654981,0.20249262592234038,-0.004556699064200488,0.1322336901459809,-0.05622434663650336
356,True,3.5699999999998284,0.4881657507782082,False,True,0.0,False,,-0.0,-0.312712745991132,-0.031285551057994715,0.68046838354005,-0.34790461537303885,0.08297974511600516,1.309756002402222,0.32940581135658964,0.11474891674268176,0.24774621289326773,0.24269176253874636,0.024307035052148318,0.3369141442576686,0.20499435365356908,-0.0249335219181859,0.121557363961955,-0.12666234816330768,-0.0,-0.312712745991132,-0.031285551057994715,0.68046838354005,-0.34790461537303885,0.08297974511600516,1.309756002402222,0.32940581135658964,0.11474891674268176,0.24774621289326773,0.24269176253874636,0.024307035052148318,0.3369141442576686,0.20499435365356908,-0.0249335219181859,0.121557363961955,-0.12666234816330768,-0.01100632291068619,-0.47120866445734366,-0.013436315152258111,0.456027246526328,0.6264589309714141,0.06091032516756726,1.1064697177305003,0.23191765551621546,0.15490365651678067,0.2944253088948534,0.22110025948005654,0.04667366592351605,0.3559958016765382,0.21292503472284496,-0.009300331907559859,0.12448084814114914,-0.06497920064954298
357,True,3.5799999999998273,0.6334608406616326,False,True,0.0,False,,-0.0,-0.312712745991132,-0.031285551057994715,0.68046838354005,-0.34790461537303885,0.08297974511600516,1.309756002402222,0.32940581135658964,0.11474891674268176,0.24774621289326773,0.24269176253874636,0.024307035052148318,0.3369141442576686,0.20499435365356908,-0.0249335219181859,0.121557363961955,-0.12666234816330768,-0.0,-0.312712745991132,-0.031285551057994715,0.68046838354005,-0.34790461537303885,0.08297974511600516,1.309756002402222,0.32940581135658964,0.11474891674268176,0.24774621289326773,0.24269176253874636,0.024307035052148318,0.3369141442576686,0.20499435365356908,-0.0249335219181859,0.121557363961955,-0.12666234816330768,-0.010575048948181206,-0.43489761903041707,-0.016938379236665024,0.5078437651993147,0.5267111289648307,0.0654140276401101,1.1525667321666884,0.255061769400984,0.14600690721935114,0.28308619189128187,0.2275037702562934,0.04113593017506197,0.34763945824208103,0.21625373267368048,-0.012912359802651074,0.1209918019796471,-0.0757497072567196
358,True,3.589999999999826,0.7564796427240528,False,True,0.0,False,,-0.0,-0.3053262172372568,-0.003097469326781087,0.6600887704746633,-0.3483485818286085,0.08376320910179105,1.2796478935507078,0.3537209690850138,0.11474956914542483,0.20605522951007973,0.233980806109705,0.02028139964485211,0.29742130578072146,0.19501210740838634,-0.02596228408046105,0.0968290973984669,-0.1212723677088628,-0.0,-0.3053262172372568,-0.003097469326781087,0.6600887704746633,-0.3483485818286085,0.08376320910179105,1.2796478935507078,0.3537209690850138,0.11474956914542483,0.20605522951007973,0.233980806109705,0.02028139964485211,0.29742130578072146,0.19501210740838634,-0.02596228408046105,0.0968290973984669,-0.1212723677088628,-0.010525279403724922,-0.4053170741649165,-0.018156616736963765,0.5476846041804683,0.4269774957694485,0.06935016200090689,1.1881252390981776,0.27527436065016425,0.1388389049810495,0.2712664223634225,0.231185403000295,0.03672605603683968,0.34011432335033576,0.21559991541004797,-0.01572521794280697,0.11770601836778333,-0.08562275971608581
359,True,3.599999999999825,0.8507684147137924,False,True,0.0,False,,-0.0,-0.3053262172372568,-0.003097469326781087,0.6600887704746633,-0.3483485818286085,0.08376320910179105,1.2796478935507078,0.3537209690850138,0.11474956914542483,0.20605522951007973,0.233980806109705,0.02028139964485211,0.29742130578072146,0.19501210740838634,-0.02596228408046105,0.0968290973984669,-0.1212723677088628,-0.0,-0.3053262172372568,-0.003097469326781087,0.6600887704746633,-0.3483485818286085,0.08376320910179105,1.2796478935507078,0.3537209690850138,0.11474956914542483,0.20605522951007973,0.233980806109705,0.02028139964485211,0.29742130578072146,0.19501210740838634,-0.02596228408046105,0.0968290973984669,-0.1212723677088628,-0.010664717211685814,-0.3816774471894315,-0.01724869209542756,0.5772098791991342,0.3272472781404971,0.07262177878433808,1.2140677467648557,0.2928616592216997,0.13321844892656834,0.25901633201104396,0.2329960491263715,0.03315029314883011,0.33230288032387223,0.2130384894521467,-0.017912496592190602,0.11394644070355009,-0.09375806080940531
360,True,3.609999999999824,0.91803239381203,False,True,0.0,False,,-0.0,-0.3174391760578024,-0.025872545039839316,0.6990863709589774,-0.3473131797954002,0.10553535637919527,1.272649329906217,0.3658000300817791,0.11119142317612328,0.17957310361134418,0.2560119597803076,0.015269543409321072,0.29555108468291674,0.20786414623660449,-0.03180125415599267,0.07466991556541791,-0.0867199915768348,-0.0,-0.3174391760578024,-0.025872545039839316,0.6990863709589774,-0.3473131797954002,0.10553535637919527,1.272649329906217,0.3658000300817791,0.11119142317612328,0.17957310361134418,0.2560119597803076,0.015269543409321072,0.29555108468291674,0.20786414623660449,-0.03180125415599267,0.07466991556541791,-0.0867199915768348,-0.01073538625554418,-0.3642075313352315,-0.017257802521576743,0.6021348106196033,0.22750076370849487,0.07692425427585842,1.2324789426154716,0.3082570069720325,0.12863833732546157,0.2459562816848905,0.23558422288701028,0.029971014550889522,0.32509944314421696,0.21101193645818025,-0.020015457909309725,0.10870327833585738,-0.0975789033786163
361,True,3.619999999999823,0.9706791839204896,False,True,0.0,False,,-0.0,-0.31499922803407354,-0.018408598086778905,0.690576435768914,-0.34759909227236563,0.10438214532340441,1.2777760217954224,0.38779736336518345,0.11300605862608877,0.16204415311799383,0.2497801700691349,0.01819035627775682,0.2752868028915798,0.20098365896984471,-0.0338387500524488,0.06652053061505613,-0.08870412193082482,-0.0,-0.31499922803407354,-0.018408598086778905,0.690576435768914,-0.34759909227236563,0.10438214532340441,1.2777760217954224,0.38779736336518345,0.11300605862608877,0.16204415311799383,0.2497801700691349,0.01819035627775682,0.2752868028915798,0.20098365896984471,-0.0338387500524488,0.06652053061505613,-0.08870412193082482,-0.010782775264800181,-0.35159254102463106,-0.017910866871269325,0.6230949546354035,0.12777401226347315,0.08190140021665263,1.2457264837602056,0.32313155007556044,0.12501812581329735,0.23170077256139665,0.23854480095017228,0.027339936006325487,0.3173661860851806,0.2094084443226201,-0.022219704194471543,0.10197960504697824,-0.09806862522178451
362,True,3.629999999999822,1.0193102022674385,False,True,0.0,False,,-0.0,-0.32410803476869887,0.021300493052163496,0.6767053894388624,-0.34841041377336085,0.09271188722973835,1.282336436410593,0.3820900314153541,0.11517437469059216,0.15429736785824916,0.2362396874465999,0.021138210986256158,0.2668724499569734,0.1955926159458378,-0.030447734472736816,0.051607450620565924,-0.07039028000333948,-0.0,-0.32410803476869887,0.021300493052163496,0.6767053894388624,-0.34841041377336085,0.09271188722973835,1.282336436410593,0.3820900314153541,0.11517437469059216,0.15429736785824916,0.2362396874465999,0.021138210986256158,0.2668724499569734,0.1955926159458378,-0.030447734472736816,0.051607450620565924,-0.07039028000333948,-0.010778323046758702,-0.34307656067945047,-0.017134573057598346,0.6385478787016098,0.03231010104578299,0.08563100880881344,1.2558493905786796,0.3364310368162253,0.12244193326498279,0.2173162740685035,0.24006535368353646,0.025560783573305244,0.30888862768454184,0.20747381334486442,-0.024046793640589283,0.09395652269054905,-0.09579006427113566
363,True,3.6399999999998207,0.7262723918665186,False,True,0.0,False,,-0.0,-0.3395280298695666,0.04114058002801843,0.6831213988173416,-0.3488233697718918,0.07167414668105733,1.2735427637210461,0.37377288573549106,0.11404055443557251,0.144402211606906,0.2333092255588623,0.017768167094933132,0.26165126549327866,0.18162710567598628,-0.030908731264208,0.03559179921055143,-0.053265117575874835,-0.0,-0.3395280298695666,0.04114058002801843,0.6831213988173416,-0.3488233697718918,0.07167414668105733,1.2735427637210461,0.37377288573549106,0.11404055443557251,0.144402211606906,0.2333092255588623,0.017768167094933132,0.26165126549327866,0.18162710567598628,-0.030908731264208,0.03559179921055143,-0.053265117575874835,-0.010692347146567761,-0.3388188882706592,-0.015207224591287222,0.6498778299461618,-0.05087367907146842,0.08640971459455749,1.2630221161851036,0.346656967945471,0.12060778456100191,0.20345680281256667,0.24010055258410498,0.024217614562510204,0.3003481726468245,0.20431503100143178,-0.025414457617670635,0.08451152674115972,-0.09060184537843721
364,True,3.6499999999998196,1.0141655126520877,False,True,0.0,False,,-0.0,-0.3396903502039433,0.0809479701228788,0.641612493836772,-0.348944371761878,0.02180983158704669,1.2653999123752808,0.3631239213697982,0.1212104673320377,0.12925515929417003,0.2299325062836447,0.02370410179086369,0.25198358439882645,0.15817996597454256,-0.014863758284159657,0.033881602440851796,-0.04967158556425152,-0.0,-0.3396903502039433,0.0809479701228788,0.641612493836772,-0.348944371761878,0.02180983158704669,1.2653999123752808,0.3631239213697982,0.1212104673320377,0.12925515929417003,0.2299325062836447,0.02370410179086369,0.25198358439882645,0.15817996597454256,-0.014863758284159657,0.033881602440851796,-0.04967158556425152,-0.010522157996981982,-0.3373018207650583,-0.013033358247674265,0.6552686314291988,-0.11934067682430663,0.08123862808938265,1.2671852321115225,0.3532795600525265,0.11971523293806569,0.18985806266063637,0.23915334349270284,0.023490488045450203,0.2918298229665606,0.19864363782711678,-0.02532987588060988,0.07482670089652056,-0.08391429799877961
365,True,3.6599999999998185,0.7474910648187276,False,True,0.0,False,,-0.0,-0.358226661401796,0.058134867529480584,0.6945259030919717,-0.3455713728967712,0.05635858027661676,1.2879682376279775,0.3842931355763335,0.11724909403798034,0.150710208551215,0.22387075579520377,0.02329101015863966,0.2665196220002235,0.13878888657514513,-0.01778958155299716,0.030829691166936374,-0.044145982389147916,-0.0,-0.358226661401796,0.058134867529480584,0.6945259030919717,-0.3455713728967712,0.05635858027661676,1.2879682376279775,0.3842931355763335,0.11724909403798034,0.150710208551215,0.22387075579520377,0.02329101015863966,0.2665196220002235,0.13878888657514513,-0.01778958155299716,0.030829691166936374,-0.044145982389147916,-0.010020230472529066,-0.3385868740832196,-0.011026445956901413,0.6604804903050119,-0.17332499750642463,0.07504489779267158,1.2703041329986176,0.35851052855559956,0.11934571822016425,0.1789710754015225,0.2372833357771993,0.02323615189189661,0.2850360425630023,0.19016916489058996,-0.024274068406091916,0.06587733301247971,-0.07683572742771419
366,True,3.6699999999998174,0.6434128921948862,False,True,0.0,False,,-0.0,-0.35420093143796866,0.06690255569679687,0.6754433218457957,-0.34658744972058636,0.04239093705916916,1.26664488500858,0.3960221925359225,0.12082433378997233,0.13054117721422898,0.21873764686222383,0.028214143122294776,0.253861714771882,0.13835098025909642,-0.016840296896831138,0.028677114115747256,-0.04298831366176856,-0.0,-0.35420093143796866,0.06690255569679687,0.6754433218457957,-0.34658744972058636,0.04239093705916916,1.26664488500858,0.3960221925359225,0.12082433378997233,0.13054117721422898,0.21873764686222383,0.028214143122294776,0.253861714771882,0.13835098025909642,-0.016840296896831138,0.028677114115747256,-0.04298831366176856,-0.00948480910079035,-0.3409660916808644,-0.009146748257607898,0.6673210646847532,-0.21394326062495575,0.0696790457171907,1.2689690667145535,0.36268130217028277,0.1193265619468291,0.16971501393014474,0.2346290404853229,0.023551613453522496,0.2792765153477722,0.18077276351492477,-0.02295981968937972,0.05796425193199579,-0.07013545541179644
367,True,3.6799999999998163,0.6214878822455661,False,True,0.0,False,,-0.0,-0.34880814507725705,0.07189683898228835,0.6739326350732711,-0.347261359163179,0.02520578461983134,1.2841879503774052,0.3716881729479733,0.11315504824357664,0.1321417883255292,0.22414543587954244,0.025223864910392597,0.2536894135963961,0.14053520127001107,-0.013748849572628093,0.024052147371722996,-0.04194879481449732,-0.0,-0.34880814507725705,0.07189683898228835,0.6739326350732711,-0.347261359163179,0.02520578461983134,1.2841879503774052,0.3716881729479733,0.11315504824357664,0.1321417883255292,0.22414543587954244,0.025223864910392597,0.2536894135963961,0.14053520127001107,-0.013748849572628093,0.024052147371722996,-0.04194879481449732,-0.008869800436580394,-0.34268567232031527,-0.008369077505165173,0.6733334844719032,-0.24442243722316742,0.06340098664153514,1.2665302443520365,0.36448411127843316,0.11907820258967951,0.16154980194181653,0.23219965528887926,0.024051960608560716,0.27410064825840247,0.1722647223311797,-0.021412407776190138,0.05096132590455308,-0.06424531236962723
368,True,3.689999999999815,0.6019784361271312,False,True,0.0,False,,-0.0,-0.34880814507725705,0.07189683898228835,0.6739326350732711,-0.347261359163179,0.02520578461983134,1.2841879503774052,0.3716881729479733,0.11315504824357664,0.1321417883255292,0.22414543587954244,0.025223864910392597,0.2536894135963961,0.14053520127001107,-0.013748849572628093,0.024052147371722996,-0.04194879481449732,-0.0,-0.34880814507725705,0.07189683898228835,0.6739326350732711,-0.347261359163179,0.02520578461983134,1.2841879503774052,0.3716881729479733,0.11315504824357664,0.1321417883255292,0.22414543587954244,0.025223864910392597,0.2536894135963961,0.14053520127001107,-0.013748849572628093,0.024052147371722996,-0.04194879481449732,-0.008149458426783763,-0.3436984126684934,-0.008246828376233003,0.6782114214168768,-0.2673069353024536,0.056736274136626984,1.264794981646038,0.3643533567295649,0.11850887409183204,0.1548251216309219,0.2303506549247755,0.024470413602973362,0.26974250562963714,0.1651948658048024,-0.01981962018244675,0.04496576981921673,-0.05933562682680945
369,True,3.699999999999814,0.6185329944021972,False,True,0.0,False,,-0.0,-0.3344110480123868,0.07893024101198903,0.6305328539422635,-0.34795601963409584,0.02664629546481224,1.2420484584234834,0.43513439246644103,0.11666486260998644,0.11728153390719379,0.21919718608575597,0.025713846409891092,0.22895773047263632,0.1359320279936297,-0.01731696081874716,0.004537556966849952,-0.04060144763354196,-0.0,-0.3344110480123868,0.07893024101198903,0.6305328539422635,-0.34795601963409584,0.02664629546481224,1.2420484584234834,0.43513439246644103,0.11666486260998644,0.11728153390719379,0.21919718608575597,0.025713846409891092,0.22895773047263632,0.1359320279936297,-0.01731696081874716,0.004537556966849952,-0.04060144763354196,-0.007670871943147526,-0.343099807239462,-0.008389959950764803,0.6789901999428037,-0.28435934393537887,0.05084471407428735,1.2599690100959111,0.3682133224446567,0.11811122602585683,0.14831539268951058,0.2285690758748491,0.024839089972845244,0.2643250237847908,0.15918866609707497,-0.018656540404079415,0.03855419410762326,-0.055284892303331
370,True,3.709999999999813,0.6567174347345924,False,True,0.0,False,,-0.0,-0.3344110480123868,0.07893024101198903,0.6305328539422635,-0.34795601963409584,0.02664629546481224,1.2420484584234834,0.43513439246644103,0.11666486260998644,0.11728153390719379,0.21919718608575597,0.025713846409891092,0.22895773047263632,0.1359320279936297,-0.01731696081874716,0.004537556966849952,-0.04060144763354196,-0.0,-0.3344110480123868,0.07893024101198903,0.6305328539422635,-0.34795601963409584,0.02664629546481224,1.2420484584234834,0.43513439246644103,0.11666486260998644,0.11728153390719379,0.21919718608575597,0.025713846409891092,0.22895773047263632,0.1359320279936297,-0.01731696081874716,0.004537556966849952,-0.04060144763354196,-0.007327622855413046,-0.34162542604566826,-0.008620621444263673,0.6761225941475615,-0.2972355508536483,0.04608009139895272,1.252839869592893,0.3756677736465667,0.11795208094099234,0.1420840054811903,0.2268322696342983,0.02516533956279958,0.25814579347313543,0.15413444583128252,-0.01793941763867819,0.03196715211295941,-0.052007056803429354
371,True,3.719999999999812,0.6681680307411831,False,True,0.0,False,,-0.0,-0.3333435822374809,0.04819308916040168,0.6760646559578071,-0.34906585039886584,0.0669799980528048,1.274863753713159,0.3928690540921157,0.11833439949236857,0.11876273382046375,0.21481109278917274,0.02436871996800872,0.26431002850860497,0.11740929119600715,-0.020049540414048245,0.032268415165061085,-0.047779593769617094,-0.0,-0.3333435822374809,0.04819308916040168,0.6760646559578071,-0.34906585039886584,0.0669799980528048,1.274863753713159,0.3928690540921157,0.11833439949236857,0.11876273382046375,0.21481109278917274,0.02436871996800872,0.26431002850860497,0.11740929119600715,-0.020049540414048245,0.032268415165061085,-0.047779593769617094,-0.00671630054917598,-0.3406239808756866,-0.008880825251718518,0.6746295521756683,-0.30756730232022583,0.045289414918517734,1.2488211172854728,0.3809183932758584,0.11796726263931544,0.13682998579312178,0.22497336987558098,0.025347435617050527,0.25498226608661606,0.14855990949982129,-0.01761866781825349,0.028195870294425992,-0.05001575590845601
372,True,3.729999999999811,0.615170058870824,False,True,0.0,False,,-0.0,-0.3348382420028591,0.058173189634664106,0.6649401289200966,-0.34906585039886584,0.05865130827551425,1.2594615064570343,0.4122046476716675,0.11793418709697613,0.10691400485575017,0.21303449177287756,0.025517871315538128,0.2669075692313535,0.11338948871959209,-0.02022251312661151,0.03673235896060711,-0.04662677848539301,-0.0,-0.3348382420028591,0.058173189634664106,0.6649401289200966,-0.34906585039886584,0.05865130827551425,1.2594615064570343,0.4122046476716675,0.11793418709697613,0.10691400485575017,0.21303449177287756,0.025517871315538128,0.2669075692313535,0.11338948871959209,-0.02022251312661151,0.03673235896060711,-0.04662677848539301,-0.005976305007303813,-0.33996443149641986,-0.009117159092678368,0.674224950867625,-0.31603354817197904,0.04692394307121347,1.247724053902182,0.3851621737277274,0.11806353523415762,0.13172562752875724,0.22297937561653455,0.02547904643124698,0.2549322804118501,0.1423943796018438,-0.017584227744923943,0.0273328835038599,-0.048967402952552655
373,True,3.7399999999998097,0.5711325492215364,False,True,0.0,False,,-0.0,-0.3348382420028591,0.058173189634664106,0.6649401289200966,-0.34906585039886584,0.05865130827551425,1.2594615064570343,0.4122046476716675,0.11793418709697613,0.10691400485575017,0.21303449177287756,0.025517871315538128,0.2669075692313535,0.11338948871959209,-0.02022251312661151,0.03673235896060711,-0.04662677848539301,-0.0,-0.3348382420028591,0.058173189634664106,0.6649401289200966,-0.34906585039886584,0.05865130827551425,1.2594615064570343,0.4122046476716675,0.11793418709697613,0.10691400485575017,0.21303449177287756,0.025517871315538128,0.2669075692313535,0.11338948871959209,-0.02022251312661151,0.03673235896060711,-0.04662677848539301,-0.005317881475715079,-0.33951795577968324,-0.009306414949446656,0.6738440467853182,-0.32277420966165227,0.04904057996164211,1.2475560538558272,0.3892978962090371,0.11817073649487685,0.1267845562602383,0.22108752703869589,0.02560928803006102,0.2562820080154793,0.13657263606337128,-0.017688450898071372,0.02792787988783824,-0.04836861246282429
374,True,3.7499999999998086,0.5589032199189944,False,True,0.0,False,,-0.0,-0.30064341815391415,0.03516166036926137,0.6408561726227506,-0.34906585039886584,0.07554239757646516,1.2374733735813124,0.43627178000246497,0.12156090373935852,0.10251373035540196,0.22771643818840126,0.02301195986061284,0.258782728035711,0.11716229136472982,-0.022711599111352225,0.04446228269397809,-0.06064335948249536,-0.0,-0.30064341815391415,0.03516166036926137,0.6408561726227506,-0.34906585039886584,0.07554239757646516,1.2374733735813124,0.43627178000246497,0.12156090373935852,0.10251373035540196,0.22771643818840126,0.02301195986061284,0.258782728035711,0.11716229136472982,-0.022711599111352225,0.04446228269397809,-0.06064335948249536,-0.004902547708128307,-0.3366141157366775,-0.009452931596564039,0.6720125281597099,-0.3278263049025513,0.05241153378049008,1.2454367920646083,0.3945139872415759,0.11853341892665643,0.12210260382792462,0.22053040035758087,0.025614080714264752,0.2574391921553416,0.1318855796837021,-0.01802952529484563,0.029656048244257386,-0.049047539314960045
375,True,3.7599999999998075,0.544317923637886,False,True,0.0,False,,-0.0,-0.30465920186257295,0.018503127627158632,0.6586432434015819,-0.3473713002571746,0.07680326970723171,1.2788443872772055,0.4023887295770291,0.11313885480248549,0.10537012921048025,0.2311128349312364,0.0217473768093293,0.2571174487153156,0.1163249436711184,-0.024646094990447936,0.042134569840926055,-0.06434149598187773,-0.0,-0.30465920186257295,0.018503127627158632,0.6586432434015819,-0.3473713002571746,0.07680326970723171,1.2788443872772055,0.4023887295770291,0.11313885480248549,0.10537012921048025,0.2311128349312364,0.0217473768093293,0.2571174487153156,0.1163249436711184,-0.024646094990447936,0.042134569840926055,-0.06434149598187773,-0.004622044053501132,-0.33276019495941306,-0.009985871906165103,0.6700597724809181,-0.33158416508329025,0.05677836787777257,1.2443175568722922,0.39766581287630826,0.11856819574442017,0.11812103938832837,0.2213716705390419,0.0254164021759001,0.25797321910550636,0.1282943667458724,-0.018670049180840368,0.031781824391221986,-0.050947163738597666
376,True,3.7699999999998064,0.5252858133480777,False,True,0.0,False,,-0.0,-0.30465920186257295,0.018503127627158632,0.6586432434015819,-0.3473713002571746,0.07680326970723171,1.2788443872772055,0.4023887295770291,0.11313885480248549,0.10537012921048025,0.2311128349312364,0.0217473768093293,0.2571174487153156,0.1163249436711184,-0.024646094990447936,0.042134569840926055,-0.06434149598187773,-0.0,-0.30465920186257295,0.018503127627158632,0.6586432434015819,-0.3473713002571746,0.07680326970723171,1.2788443872772055,0.4023887295770291,0.11313885480248549,0.10537012921048025,0.2311128349312364,0.0217473768093293,0.2571174487153156,0.1163249436711184,-0.024646094990447936,0.042134569840926055,-0.06434149598187773,-0.004424725270737244,-0.3294974613543373,-0.010821425046351741,0.668793503157632,-0.3343937580384541,0.06118941839517084,1.2449456209518444,0.3982289938488565,0.11817947852705965,0.11500726213083148,0.22281026124704367,0.025103539995030223,0.25817496309738336,0.12553233204817343,-0.01944111411770137,0.03373557765177125,-0.05325458190728706
377,True,3.7799999999998053,0.5084512291514727,False,True,0.0,False,,-0.0,-0.28776324013013627,0.028506252116382188,0.6280319579146337,-0.3485373774064152,0.06616455290075139,1.2453776775649457,0.43197989652212315,0.11401377527496756,0.09490572832316296,0.2246150467388655,0.021238966500479083,0.2592365335637421,0.09831386638887274,-0.023904286036558853,0.04663878817771472,-0.07756228078310562,-0.0,-0.28776324013013627,0.028506252116382188,0.6280319579146337,-0.3485373774064152,0.06616455290075139,1.2453776775649457,0.43197989652212315,0.11401377527496756,0.09490572832316296,0.2246150467388655,0.021238966500479083,0.2592365335637421,0.09831386638887274,-0.023904286036558853,0.04663878817771472,-0.07756228078310562,-0.004409088153770537,-0.3251394832852042,-0.01132957254969223,0.665766822483,-0.33647238584516365,0.06421985922424812,1.2439415884886027,0.3999764991634224,0.11770642116614144,0.11182630693956976,0.22381931411139794,0.024735283990782144,0.25835077637635545,0.12200526652966139,-0.020130221631646024,0.03573931984899461,-0.05650174460221025
378,True,3.789999999999804,0.4934136678246268,False,True,0.0,False,,-0.0,-0.28776324013013627,0.028506252116382188,0.6280319579146337,-0.3485373774064152,0.06616455290075139,1.2453776775649457,0.43197989652212315,0.11401377527496756,0.09490572832316296,0.2246150467388655,0.021238966500479083,0.2592365335637421,0.09831386638887274,-0.023904286036558853,0.04663878817771472,-0.07756228078310562,-0.0,-0.28776324013013627,0.028506252116382188,0.6280319579146337,-0.3485373774064152,0.06616455290075139,1.2453776775649457,0.43197989652212315,0.11401377527496756,0.09490572832316296,0.2246150467388655,0.021238966500479083,0.2592365335637421,0.09831386638887274,-0.023904286036558853,0.04663878817771472,-0.07756228078310562,-0.004487723627019214,-0.320021904170825,-0.01145934561719666,0.6611722768354549,-0.33807224544794057,0.06593366283787992,1.2413877820772148,0.4031462540881557,0.11727905953112468,0.1085911636763192,0.22428546689047488,0.02436445468009139,0.25855352784800906,0.11788767768998698,-0.020677551354507866,0.03770686561370054,-0.06025592921132403
379,True,3.799999999999803,0.48924019455402223,False,True,0.0,False,,-0.0,-0.335609194696051,0.08409574208309258,0.6569409145188312,-0.3474473109577423,0.055485735337060096,1.2835667272634235,0.375965710769045,0.12046096161761545,0.13528875952363018,0.2050107197259215,0.03284137723649071,0.2425316452229771,0.1175784332902589,-0.01234385070869165,-0.006498516808333597,-0.006051788305717898,-0.0,-0.335609194696051,0.08409574208309258,0.6569409145188312,-0.3474473109577423,0.055485735337060096,1.2835667272634235,0.375965710769045,0.12046096161761545,0.13528875952363018,0.2050107197259215,0.03284137723649071,0.2425316452229771,0.1175784332902589,-0.01234385070869165,-0.006498516808333597,-0.006051788305717898,-0.004467254730284022,-0.3186715535116001,-0.011222967532207553,0.6586009058910961,-0.33927885592046686,0.06609086148971552,1.2418905767947692,0.40238142651546893,0.11731237586830733,0.10870097465963731,0.22297269803479366,0.024803102460703583,0.25755330005205973,0.11550771381669041,-0.02031372796937752,0.03537664883796987,-0.05817280639052742
380,True,3.809999999999802,0.492209530566535,False,True,0.0,False,,-0.0,-0.335609194696051,0.08409574208309258,0.6569409145188312,-0.3474473109577423,0.055485735337060096,1.2835667272634235,0.375965710769045,0.12046096161761545,0.13528875952363018,0.2050107197259215,0.03284137723649071,0.2425316452229771,0.1175784332902589,-0.01234385070869165,-0.006498516808333597,-0.006051788305717898,-0.0,-0.335609194696051,0.08409574208309258,0.6569409145188312,-0.3474473109577423,0.055485735337060096,1.2835667272634235,0.375965710769045,0.12046096161761545,0.13528875952363018,0.2050107197259215,0.03284137723649071,0.2425316452229771,0.1175784332902589,-0.01234385070869165,-0.006498516808333597,-0.006051788305717898,-0.004403400138380029,-0.3207263493787233,-0.010778225869870591,0.6581797250542822,-0.34017660464957933,0.06518558040130353,1.2452712066932126,0.3981105565523592,0.11774863876857858,0.11169572329875774,0.22038407190690157,0.025945544159676925,0.2555546712686401,0.11477683222891531,-0.019201247956157862,0.029544034486425806,-0.05126129232888317
381,True,3.819999999999801,0.55464151405922,False,True,0.0,False,,-0.0,-0.38521176662429746,0.08483718442347805,0.6725917463137623,-0.2719832337060593,0.07120822066871207,1.3035099656405371,0.31192125309123764,0.11612494529142854,0.20309635080299646,0.20408825960274446,0.02641363983600771,0.26984573537661355,0.1439223591289379,-0.014165077620203106,0.010826256862468214,-0.018018021661885937,-0.0,-0.38521176662429746,0.08483718442347805,0.6725917463137623,-0.2719832337060593,0.07120822066871207,1.3035099656405371,0.31192125309123764,0.11612494529142854,0.20309635080299646,0.20408825960274446,0.02641363983600771,0.26984573537661355,0.1439223591289379,-0.014165077620203106,0.010826256862468214,-0.018018021661885937,-0.003875752848916431,-0.32752455770118405,-0.009947372440930751,0.6593839055415036,-0.33527888044724896,0.0649721440713899,1.2524886465615153,0.38858568830105467,0.11804697298455817,0.12073550597943453,0.21747751138904772,0.026817089932723828,0.2553677049184138,0.11684560556278809,-0.01801364389362009,0.02432141948024358,-0.04418222785931813
382,True,3.8299999999998,0.6663299825463506,False,True,0.0,False,,-0.0,-0.38521176662429746,0.08483718442347805,0.6725917463137623,-0.2719832337060593,0.07120822066871207,1.3035099656405371,0.31192125309123764,0.11612494529142854,0.20309635080299646,0.20408825960274446,0.02641363983600771,0.26984573537661355,0.1439223591289379,-0.014165077620203106,0.010826256862468214,-0.018018021661885937,-0.0,-0.38521176662429746,0.08483718442347805,0.6725917463137623,-0.2719832337060593,0.07120822066871207,1.3035099656405371,0.31192125309123764,0.11612494529142854,0.20309635080299646,0.20408825960274446,0.02641363983600771,0.26984573537661355,0.1439223591289379,-0.014165077620203106,0.010826256862468214,-0.018018021661885937,-0.003196506272611832,-0.3372214035470778,-0.009356445267400197,0.6614575555342357,-0.32589030571728866,0.06557300826154303,1.2619104482843118,0.3759380565486466,0.11814949077173686,0.1338492884789701,0.21477173932394572,0.027232744752719105,0.2569414517292085,0.12081823794572676,-0.01700116010540559,0.020599261560397264,-0.038343785920259305
383,True,3.8399999999997987,0.7867264399612368,False,True,0.0,False,,-0.0,-0.38521176662429746,0.08483718442347805,0.6725917463137623,-0.2719832337060593,0.07120822066871207,1.3035099656405371,0.31192125309123764,0.11612494529142854,0.20309635080299646,0.20408825960274446,0.02641363983600771,0.26984573537661355,0.1439223591289379,-0.014165077620203106,0.010826256862468214,-0.018018021661885937,-0.0,-0.38521176662429746,0.08483718442347805,0.6725917463137623,-0.2719832337060593,0.07120822066871207,1.3035099656405371,0.31192125309123764,0.11612494529142854,0.20309635080299646,0.20408825960274446,0.02641363983600771,0.26984573537661355,0.1439223591289379,-0.014165077620203106,0.010826256862468214,-0.018018021661885937,-0.0027916486415236912,-0.34696991650141107,-0.009178587128163508,0.6636265794159867,-0.3158031896949515,0.06644107935375522,1.2711318458341463,0.36353212224914583,0.11816175397045066,0.14718232032663886,0.21250066039180218,0.027402949665555197,0.25906727454316075,0.12509948649072172,-0.016184941431361385,0.017904142539004075,-0.03369603115386631
384,True,3.8499999999997976,1.4012929950294617,False,True,0.0,False,,-0.0,-0.3683150000657982,0.07506762110553691,0.3714113451657592,0.06509651555353446,-0.004393144261700815,1.0225407208407562,0.328508067454704,0.15600501615986026,0.16430383906523047,0.24191114119600512,0.05724541656012179,0.2872370152848476,0.26363586307898956,0.014585904395339775,0.10449808816189904,-0.04768311951909096,-0.0,-0.3683150000657982,0.07506762110553691,0.3714113451657592,0.06509651555353446,-0.004393144261700815,1.0225407208407562,0.328508067454704,0.15600501615986026,0.16430383906523047,0.24191114119600512,0.05724541656012179,0.2872370152848476,0.26363586307898956,0.014585904395339775,0.10449808816189904,-0.04768311951909096,-0.002886763794003509,-0.3540009131532492,-0.009209800294552203,0.6421355533007479,-0.27989454449446705,0.06152373862530176,1.2578154040710547,0.35424277261885595,0.12094499852853917,0.1561263940201505,0.213625458449553,0.029678695459942884,0.26236329666629093,0.13841322008319462,-0.013411389658026773,0.023069041106206844,-0.03241281165111648
385,True,3.8599999999997965,1.3678128321723042,False,True,0.0,False,,-0.0,-0.3683150000657982,0.07506762110553691,0.3714113451657592,0.06509651555353446,-0.004393144261700815,1.0225407208407562,0.328508067454704,0.15600501615986026,0.16430383906523047,0.24191114119600512,0.05724541656012179,0.2872370152848476,0.26363586307898956,0.014585904395339775,0.10449808816189904,-0.04768311951909096,-0.0,-0.3683150000657982,0.07506762110553691,0.3714113451657592,0.06509651555353446,-0.004393144261700815,1.0225407208407562,0.328508067454704,0.15600501615986026,0.16430383906523047,0.24191114119600512,0.05724541656012179,0.2872370152848476,0.26363586307898956,0.014585904395339775,0.10449808816189904,-0.04768311951909096,-0.0033661177395663024,-0.3585427562038474,-0.009309900956888962,0.6019114257602524,-0.2247836703363083,0.05193919215273695,1.2259082761216105,0.3478677670820141,0.12609878914371425,0.16075817616520555,0.21741469696318874,0.03377899702149977,0.266506389212578,0.1584615708341891,-0.009017504347914245,0.03445817868746611,-0.0337180298702779
386,True,3.8699999999997954,1.151454970856521,False,True,0.0,False,,-0.0,-0.7093250294907935,0.09230710091992614,0.5922143952391633,-0.34906585039886573,-0.023988113634028068,0.9268571466848428,0.03485517122422982,0.2004404789328653,0.1992463285251103,0.27276484155544173,0.05095044306572301,0.35467777356735497,0.21823881014309301,-0.0038161489416292313,0.10765042807571172,-0.05145755818948484,-0.0,-0.7093250294907935,0.09230710091992614,0.5922143952391633,-0.34906585039886573,-0.023988113634028068,0.9268571466848428,0.03485517122422982,0.2004404789328653,0.1992463285251103,0.27276484155544173,0.05095044306572301,0.35467777356735497,0.21823881014309301,-0.0038161489416292313,0.10765042807571172,-0.05145755818948484,-0.0037388649223921103,-0.3881599647169189,-0.009444263747142023,0.5764464821042471,-0.20109079548671105,0.0400314988238627,1.182819170575176,0.3202413085491303,0.13497280141676107,0.16570978707170303,0.22422148282190135,0.03779814637540323,0.275800535404652,0.17526307791492107,-0.005765994759762493,0.047404623499994934,-0.03615692473970685
387,True,3.8799999999997943,0.7227398197692961,False,True,0.0,False,,-0.0,-0.8372948012870087,0.10475410981758027,0.5945002300281264,-0.3490658503988659,-0.038214882667218564,0.8827225419939911,-0.22842902759375724,0.2118880385899686,0.16522534792122628,0.27638427562186163,0.044702362404290485,0.2830011060382809,0.2705828545157044,-0.013408978062774603,0.07389200842108881,-0.06519599366288924,-0.0,-0.8372948012870087,0.10475410981758027,0.5945002300281264,-0.3490658503988659,-0.038214882667218564,0.8827225419939911,-0.22842902759375724,0.2118880385899686,0.16522534792122628,0.27638427562186163,0.044702362404290485,0.2830011060382809,0.2705828545157044,-0.013408978062774603,0.07389200842108881,-0.06519599366288924,-0.004697335699277312,-0.4476908661690075,-0.009575552592620579,0.5685743910188412,-0.20885204403469576,0.026706178512309706,1.1330258921439853,0.25767230693659865,0.1470154107743775,0.16896286003350255,0.23294193347889597,0.04065163853488542,0.28327649469981564,0.19122911027661638,-0.004713925598052864,0.05700307673636743,-0.03995900585008125
388,True,3.889999999999793,0.21345653281837537,False,True,0.0,False,,-0.0,-0.8372948012870087,0.10475410981758027,0.5945002300281264,-0.3490658503988659,-0.038214882667218564,0.8827225419939911,-0.22842902759375724,0.2118880385899686,0.16522534792122628,0.27638427562186163,0.044702362404290485,0.2830011060382809,0.2705828545157044,-0.013408978062774603,0.07389200842108881,-0.06519599366288924,-0.0,-0.8372948012870087,0.10475410981758027,0.5945002300281264,-0.3490658503988659,-0.038214882667218564,0.8827225419939911,-0.22842902759375724,0.2118880385899686,0.16522534792122628,0.27638427562186163,0.044702362404290485,0.2830011060382809,0.2705828545157044,-0.013408978062774603,0.07389200842108881,-0.06519599366288924,-0.006144847609162714,-0.5176293113889018,-0.009651832031157246,0.5684998166531996,-0.22841270038824177,0.013791066684889802,1.0842358035534985,0.17598777165308052,0.15959414182872303,0.16996337717405427,0.2415611548803741,0.042446509952629864,0.28646087532100045,0.20703474858202298,-0.005049849223607604,0.06282323528709992,-0.044392555011913394
389,True,3.899999999999792,0.0,True,True,0.0,False,,-0.0,-0.8631353189384404,0.10190826703960065,0.5892070331981257,-0.3490658503988659,-0.03234907552693718,0.8734186520293264,-0.24891420541130535,0.2172779514152988,0.20748052386898738,0.2686410187732506,0.054216005223585245,0.316355804951646,0.3071248666894759,-0.008525905377740313,0.08709443727680996,-0.043325958901774285,-0.0,-0.8631353189384404,0.10190826703960065,0.5892070331981257,-0.3490658503988659,-0.03234907552693718,0.8734186520293264,-0.24891420541130535,0.2172779514152988,0.20748052386898738,0.2686410187732506,0.054216005223585245,0.316355804951646,0.3071248666894759,-0.008525905377740313,0.08709443727680996,-0.043325958901774285,-0.007154496462418128,-0.585806915445708,-0.009671556285894287,0.5709888049977236,-0.2504503458111345,0.0029641232004346523,1.0405723888765173,0.09400533595623692,0.17048476416573308,0.17303474711404002,0.24848872407409445,0.04495478272359101,0.29008276286115287,0.22376272036114261,-0.005568446328681387,0.0674463214367673,-0.04690824012936936
390,True,3.909999999999791,0.0,True,True,0.0,False,,-0.0,-0.8726646259971647,0.09348539739140303,0.5161605775961143,-0.34906585039886584,-0.015315421530728249,0.835930046754935,-0.21739813671766609,0.21986927095794037,0.2823632914560425,0.2990577253139475,0.07104195762940153,0.39308970122872733,0.3574591669723971,0.008279048413572932,0.1261688459259539,-0.03294157918460589,-0.0,-0.8726646259971647,0.09348539739140303,0.5161605775961143,-0.34906585039886584,-0.015315421530728249,0.835930046754935,-0.21739813671766609,0.21986927095794037,0.2823632914560425,0.2990577253139475,0.07104195762940153,0.39308970122872733,0.3574591669723971,0.008279048413572932,0.1261688459259539,-0.03294157918460589,-0.006943213170087072,-0.6470151686010854,-0.009656526414775506,0.5683436649625652,-0.2708772400232912,-0.004252964914883034,1.0007396204044403,0.02323933001496946,0.17793120249313882,0.18370945495316107,0.25596742125501976,0.05042261017257829,0.30063390618920266,0.24421716489461337,-0.004735377230805779,0.07458638353601701,-0.046766346008021084
391,True,3.91999999999979,0.0,True,True,0.0,False,,-0.0,-0.8726646259971647,0.10044437799699776,0.4461183179145083,-0.34906585039886584,-0.004305662336687634,0.7348926425080945,-0.1782795905332873,0.23290958492547442,0.2698451566292089,0.324123221537086,0.07933256453992185,0.3953323952295764,0.3795857862706639,0.016563216204926824,0.1442808776406395,-0.037778269109129674,-0.0,-0.8726646259971647,0.10044437799699776,0.4461183179145083,-0.34906585039886584,-0.004305662336687634,0.7348926425080945,-0.1782795905332873,0.23290958492547442,0.2698451566292089,0.324123221537086,0.07933256453992185,0.3953323952295764,0.3795857862706639,0.016563216204926824,0.1442808776406395,-0.037778269109129674,-0.006332628469651147,-0.6985551371324351,-0.009636826456076126,0.5556409470958261,-0.2882414384862371,-0.00767859562165489,0.9577943526109739,-0.030329125966672275,0.18411486191536164,0.19837861496842976,0.2659740084071383,0.05790238779027168,0.31573883888781823,0.2674877455350045,-0.0022197259111458503,0.08479902374872399,-0.04556602653016808
392,True,3.9299999999997888,0.0,True,True,0.0,False,,-0.0,-0.8726646259971648,0.09907082041955337,0.4046077599571702,-0.34906585039886584,0.021173329866963537,0.6093622823647153,-0.06652158330943683,0.2446078920241482,0.27559924046905254,0.323366301449551,0.08884614662543032,0.3999940765952054,0.3745383925038906,0.011285649917372373,0.13895965284909279,-0.02899206591140564,-0.0,-0.8726646259971648,0.09907082041955337,0.4046077599571702,-0.34906585039886584,0.021173329866963537,0.6093622823647153,-0.06652158330943683,0.2446078920241482,0.27559924046905254,0.323366301449551,0.08884614662543032,0.3999940765952054,0.3745383925038906,0.011285649917372373,0.13895965284909279,-0.02899206591140564,-0.0061203504844121685,-0.740160462721564,-0.009623996795748123,0.5343468267002917,-0.30233985218824067,-0.006864593647987536,0.9048872154435171,-0.06029233510849845,0.19039692352715662,0.2130402214660511,0.2767669962089697,0.06647412911484196,0.3314687970905537,0.2896561632230684,0.0006494007091547586,0.09536341692741249,-0.04355847917849858
393,True,3.9399999999997877,0.05788042774766962,False,True,0.0,False,,-0.0,-0.8726646259971648,0.09907082041955337,0.4046077599571702,-0.34906585039886584,0.021173329866963537,0.6093622823647153,-0.06652158330943683,0.2446078920241482,0.27559924046905254,0.323366301449551,0.08884614662543032,0.3999940765952054,0.3745383925038906,0.011285649917372373,0.13895965284909279,-0.02899206591140564,-0.0,-0.8726646259971648,0.09907082041955337,0.4046077599571702,-0.34906585039886584,0.021173329866963537,0.6093622823647153,-0.06652158330943683,0.2446078920241482,0.27559924046905254,0.323366301449551,0.08884614662543032,0.3999940765952054,0.3745383925038906,0.011285649917372373,0.13895965284909279,-0.02899206591140564,-0.006247522395001807,-0.7729490795232868,-0.00961458048221971,0.5103946138348984,-0.31349096295285883,-0.003416685609558156,0.8491199811333352,-0.07297189695838759,0.1966538367632426,0.22628746291734725,0.2866047262172642,0.07480977986558786,0.3459385568134438,0.3086109080963145,0.003157980650289908,0.10467495413191662,-0.04110138229524208
394,True,3.9499999999997866,0.04467526763176871,False,True,0.0,False,,-0.0,-0.8726646259971648,0.10962714991102528,0.29951030539339085,-0.3399730388603171,0.026174122643937835,0.5843307789081573,-0.03810740935752613,0.252672666435733,0.3479033994950131,0.2914514575203344,0.09194130970308642,0.4292259497664235,0.3721716449984475,0.012775199427716752,0.1414293158890157,-0.005811634055307699,-0.0,-0.8726646259971648,0.10962714991102528,0.29951030539339085,-0.3399730388603171,0.026174122643937835,0.5843307789081573,-0.03810740935752613,0.252672666435733,0.3479033994950131,0.2914514575203344,0.09194130970308642,0.4292259497664235,0.3721716449984475,0.012775199427716752,0.1414293158890157,-0.005811634055307699,-0.006169462645006017,-0.7982176798745243,-0.009609800686181485,0.47998319526478395,-0.3213986563037976,0.0011242607074559853,0.7966884128418408,-0.07508222105168776,0.20380838011069008,0.24292256476781496,0.2923412468105448,0.08157463127282565,0.3606644442337989,0.3238501114038825,0.005354058748519907,0.11260935628516323,-0.03691167849171205
395,True,3.9599999999997855,0.03318210157738332,False,True,0.0,False,,-0.0,-0.8726646259971648,0.14893880963322684,-0.2094395102393194,1.6619649349651842,0.01604544231401759,0.5333632564983192,-0.0250918870376134,0.2623856444792548,0.4264044064686733,0.2066946738457286,0.08724982973423752,0.49508034853618194,0.24381527226758035,0.02044359460408333,0.17438338838632864,-0.004052735320787969,-0.0,-0.8726646259971648,0.14893880963322684,-0.2094395102393194,1.6619649349651842,0.01604544231401759,0.5333632564983192,-0.0250918870376134,0.2623856444792548,0.4264044064686733,0.2066946738457286,0.08724982973423752,0.49508034853618194,0.24381527226758035,0.02044359460408333,0.17438338838632864,-0.004052735320787969,-0.00564583990145421,-0.8171973085538289,-0.009619684889033706,0.42026333676152766,-0.2852170318648824,0.005044333192771918,0.7468450027266937,-0.07055936472245035,0.21004653810825896,0.2673964239007915,0.28787478868367833,0.08774760170421259,0.38047984986607747,0.3256282457685359,0.0078012374322314025,0.12170616363570043,-0.03149953647883183
396,True,3.9699999999997844,0.05768583247419224,False,True,0.0,False,,-0.0,-0.8726646259971648,0.14893880963322684,-0.2094395102393194,1.6619649349651842,0.01604544231401759,0.5333632564983192,-0.0250918870376134,0.2623856444792548,0.4264044064686733,0.2066946738457286,0.08724982973423752,0.49508034853618194,0.24381527226758035,0.02044359460408333,0.17438338838632864,-0.004052735320787969,-0.0,-0.8726646259971648,0.14893880963322684,-0.2094395102393194,1.6619649349651842,0.01604544231401759,0.5333632564983192,-0.0250918870376134,0.2623856444792548,0.4264044064686733,0.2066946738457286,0.08724982973423752,0.49508034853618194,0.24381527226758035,0.02044359460408333,0.17438338838632864,-0.004052735320787969,-0.0051028143306605465,-0.8314543328500691,-0.009634195430749573,0.3366053463369376,-0.2109130919279116,0.007886567519125032,0.7018304795747146,-0.06342798942631568,0.214831854496151,0.29508785336183224,0.27662042819082433,0.09335454224866109,0.4028469242076198,0.3168569379441152,0.010363400247404992,0.13148880606447197,-0.02615899385341052
397,True,3.9799999999997833,0.02775005502067911,False,True,0.0,False,,-0.0,-0.8726646259971648,0.11472017384953816,-0.20943951023931956,1.9547687622336491,0.010995814410582798,0.448833566576481,0.019302119303110633,0.2537321932090898,0.4249549215248031,0.16279521902170752,0.08396237835328677,0.4968399951312146,0.1946513023629098,0.008928548784069588,0.15303579949086057,0.02654278559633092,-0.0,-0.8726646259971648,0.11472017384953816,-0.20943951023931956,1.9547687622336491,0.010995814410582798,0.448833566576481,0.019302119303110633,0.2537321932090898,0.4249549215248031,0.16279521902170752,0.08396237835328677,0.4968399951312146,0.1946513023629098,0.008928548784069588,0.15303579949086057,0.02654278559633092,-0.005150153309382294,-0.8422519895473635,-0.009650288844943695,0.24346668448790373,-0.1213134526096655,0.009580911671964506,0.6574580263980304,-0.05254911604402492,0.2188320247415239,0.3209812002858287,0.2605308117591136,0.09718269555833098,0.4237577590936756,0.30101205786106466,0.011839443731540722,0.13874242690611024,-0.01904276057321735
398,True,3.989999999999782,0.008863504707265189,False,True,0.0,False,,-0.0,-0.8726646259971648,0.11216433106612543,-0.20943951023931956,1.9547687622336491,0.017632853250288075,0.43176077971768384,0.023908218905802418,0.2591977252426407,0.4457117712241986,0.13920044287966934,0.0905061734442628,0.5220600736345579,0.17892576228168977,0.008164619576271907,0.16172400828225003,0.03780755233927945,-0.0,-0.8726646259971648,0.11216433106612543,-0.20943951023931956,1.9547687622336491,0.017632853250288075,0.43176077971768384,0.023908218905802418,0.2591977252426407,0.4457117712241986,0.13920044287966934,0.0905061734442628,0.5220600736345579,0.17892576228168977,0.008164619576271907,0.16172400828225003,0.03780755233927945,-0.005503025563297347,-0.8505615126554066,-0.009657947369350273,0.15258898619188846,-0.025607264511020276,0.01089861426642756,0.6139357305042079,-0.039359689662805855,0.2218788298737181,0.34473007932325633,0.2408298510286522,0.1002789697806743,0.44362500163696217,0.2810271797203889,0.01228225786208733,0.14398774170005424,-0.009972468008986409
399,True,3.999999999999781,0.00034006188148607945,False,True,0.0,False,,-0.0,-0.8726646259971648,0.10593239284816999,-0.2094395102393195,1.9547687622336491,0.02020732832676635,0.4348109601744357,0.026873608672121182,0.26192667840088035,0.453851864438041,0.13981176165047116,0.09180038907329342,0.5248952472816166,0.1785681388837399,0.012388281247640635,0.1610775669158735,0.040368407522654505,-0.0,-0.8726646259971648,0.10593239284816999,-0.2094395102393195,1.9547687622336491,0.02020732832676635,0.4348109601744357,0.026873608672121182,0.26192667840088035,0.453851864438041,0.13981176165047116,0.09180038907329342,0.5248952472816166,0.1785681388837399,0.012388281247640635,0.1610775669158735,0.040368407522654505,-0.0058365852257337624,-0.8570437327347701,-0.00965618762043082,0.0730287828470096,0.07252140649939669,0.012346287650368543,0.575353431546994,-0.026415419485795386,0.2244964194120366,0.36624193505573077,0.2211279160978802,0.10311129548131083,0.4619909839125168,0.26109255397080233,0.012457339618546594,0.14811280558634532,-0.0005383289644413533
400,True,4.00999999999978,0.0,True,True,0.0,False,,-0.0,-0.8726646259971648,0.10475145853133369,-0.20943951023931956,1.9547687622336491,0.019528268358376892,0.4491364638428098,0.022689243980694874,0.2734933308403523,0.4858610148997479,0.11666088096013308,0.1009274550632779,0.5600319354227421,0.16438756409580643,0.021854038681951873,0.1782610032357466,0.04593717830740858,-0.0,-0.8726646259971648,0.10475145853133369,-0.20943951023931956,1.9547687622336491,0.019528268358376892,0.4491364638428098,0.022689243980694874,0.2734933308403523,0.4858610148997479,0.11666088096013308,0.1009274550632779,0.5600319354227421,0.16438756409580643,0.021854038681951873,0.1782610032357466,0.04593717830740858,-0.005827888436477808,-0.8620694341990013,-0.009648344387593337,0.007357343147428992,0.17162036858720303,0.013731861644289882,0.5444897435841104,-0.015330643848018823,0.2273975216845307,0.38722856935996786,0.20192492619842067,0.10633198136792817,0.4802902727573006,0.24237551006543367,0.013328670841308224,0.15262235358026366,0.008465322631701617
401,True,4.019999999999779,0.008352594086501365,False,True,0.0,False,,-0.0,-0.8726646259971648,0.10692086245502279,-0.2094395102393194,1.9547687622336491,0.027282320957610223,0.44018152980986436,0.01156213463441074,0.2842087179092061,0.502960726753306,0.06595484860898423,0.10412067296881138,0.5930994393793222,0.0512328513431306,0.025396598420695325,0.1823898871675905,0.04136809395897405,-0.0,-0.8726646259971648,0.10692086245502279,-0.2094395102393194,1.9547687622336491,0.027282320957610223,0.44018152980986436,0.01156213463441074,0.2842087179092061,0.502960726753306,0.06595484860898423,0.10412067296881138,0.5930994393793222,0.0512328513431306,0.025396598420695325,0.1823898871675905,0.04136809395897405,-0.005652157382451859,-0.8650409123093955,-0.00964110234290258,-0.0449954767398436,0.27111591819444536,0.015490948133434318,0.5202409231258344,-0.0073303728944009335,0.23093382247205846,0.4085627531479013,0.18027741194577618,0.11037461612070244,0.49990476891716257,0.21687156148635547,0.015018615758983434,0.15774672146876376,0.016090586277789122
402,True,4.029999999999778,0.023091938356430426,False,True,0.0,False,,-0.0,-0.8726646259971644,0.10065664595682318,-0.20943951023931948,1.9547687622336491,0.028955150448746393,0.4174708110622739,0.06142470620493023,0.269671796211417,0.507632490112775,0.08421958157184957,0.09166777222853821,0.6290630051192408,-0.07347856817016878,0.017540458609109213,0.1677176616825386,0.08608786321981762,-0.0,-0.8726646259971644,0.10065664595682318,-0.20943951023931948,1.9547687622336491,0.028955150448746393,0.4174708110622739,0.06142470620493023,0.269671796211417,0.507632490112775,0.08421958157184957,0.09166777222853821,0.6290630051192408,-0.07347856817016878,0.017540458609109213,0.1677176616825386,0.08608786321981762,-0.0055443840408092885,-0.865853224795989,-0.009638874193796974,-0.08578736680322563,0.3707866454696092,0.017633591624390967,0.4993910159538168,0.0020058716012887547,0.2338290181372669,0.42955721055118945,0.15966233148409176,0.11391631232910429,0.5208449874158309,0.17741564879935623,0.016419376294908368,0.16152393230518122,0.025625394233030205
403,True,4.039999999999777,0.02626865111021176,False,True,0.0,False,,-0.0,-0.8726646259971644,0.09736697780613385,-0.20943951023931948,1.9547687622336491,0.03232576746313332,0.41134865101061274,0.061607398749682456,0.26814998264203754,0.5066575240218552,0.08615478543139966,0.09242405827631134,0.6224019469226119,-0.07524459018907016,0.02375934257827524,0.15612946782190937,0.0837044926941348,-0.0,-0.8726646259971644,0.09736697780613385,-0.20943951023931948,1.9547687622336491,0.03232576746313332,0.41134865101061274,0.061607398749682456,0.26814998264203754,0.5066575240218552,0.08615478543139966,0.09242405827631134,0.6224019469226119,-0.07524459018907016,0.02375934257827524,0.15612946782190937,0.0837044926941348,-0.005638521560983949,-0.8657256866767283,-0.009643401945850186,-0.11705978337969326,0.4705485589688092,0.02001953511255214,0.4810077462392628,0.012732607609259837,0.23579076091462298,0.44837887601914544,0.14276497838989363,0.1163256425079258,0.5404623725124552,0.1320145559120704,0.01770491225583189,0.16294000649346377,0.03636399302547332
404,True,4.049999999999776,0.020290972895961414,False,True,0.0,False,,-0.0,-0.8726646259971645,0.09542987028725244,-0.2094395102393194,1.9547687622336491,0.03351548418753144,0.3990828130969132,0.09087785346722786,0.27184639211888656,0.5134881893004728,0.1016376133316701,0.09529785348599963,0.6382234988459689,-0.0751676563681613,0.02656132206826607,0.1659628385588786,0.10374231133930242,-0.0,-0.8726646259971645,0.09542987028725244,-0.2094395102393194,1.9547687622336491,0.03351548418753144,0.3990828130969132,0.09087785346722786,0.27184639211888656,0.5134881893004728,0.1016376133316701,0.09529785348599963,0.6382234988459689,-0.0751676563681613,0.02656132206826607,0.1659628385588786,0.10374231133930242,-0.005775742050932045,-0.8652655068990808,-0.009650667234200463,-0.1407670573274396,0.5703646266065663,0.022459471377090572,0.4645949747204622,0.025083108139894415,0.2374132283034994,0.464701834121154,0.13065590023963178,0.11818522961710101,0.558104961259094,0.08948278861767282,0.019242960749357302,0.1634978267778793,0.04780269233668806
405,True,4.059999999999775,0.024958424942183245,False,True,0.0,False,,-0.0,-0.8726646259971643,0.0920777904093826,-0.20943951023931934,1.9547687622336491,0.036731536068592675,0.4320152479042158,0.09915241679059891,0.28365795792428194,0.5424017424666772,0.08991169396448447,0.1129875727101203,0.660315786555603,-0.0770593423167043,0.03902551763260025,0.1775854910675293,0.10810580726939728,-0.0,-0.8726646259971643,0.0920777904093826,-0.20943951023931934,1.9547687622336491,0.036731536068592675,0.4320152479042158,0.09915241679059891,0.28365795792428194,0.5424017424666772,0.08991169396448447,0.1129875727101203,0.660315786555603,-0.0770593423167043,0.03902551763260025,0.1775854910675293,0.10810580726939728,-0.005621562308350742,-0.8647532523107349,-0.009655734210396201,-0.15859670132587111,0.6702171215292126,0.024932753482104535,0.4529609536634881,0.038396899464562984,0.23973691095833835,0.48038277410420716,0.1215660149433034,0.12088347559236724,0.5754265972351927,0.0529425637992575,0.021759161455427153,0.16489334746776685,0.05929263586401219
406,True,4.069999999999774,0.015787544869598394,False,True,0.0,False,,-0.0,-0.8726646259971643,0.08284949369263696,-0.20943951023931934,1.9547687622336491,0.0384414105075179,0.4076501158475485,0.10322642528956105,0.2824477177422402,0.5167613793097774,0.0753359289022871,0.11209021999444417,0.6411132534835728,-0.08835070410885,0.03514048797720377,0.16001548450322914,0.10350225230500519,-0.0,-0.8726646259971643,0.08284949369263696,-0.20943951023931934,1.9547687622336491,0.0384414105075179,0.4076501158475485,0.10322642528956105,0.2824477177422402,0.5167613793097774,0.0753359289022871,0.11209021999444417,0.6411132534835728,-0.08835070410885,0.03514048797720377,0.16001548450322914,0.10350225230500519,-0.0057032858717699225,-0.8643006996678118,-0.009663996019238891,-0.17193172500877896,0.7700964521977096,0.027400514893062434,0.44402197762269746,0.05119362708518344,0.24279469973217727,0.49303709586682054,0.11318462446554033,0.12393033105285607,0.5901405338943281,0.022170261343131194,0.024585175676961835,0.16563074987209295,0.06926819896529711
407,True,4.079999999999773,0.0,True,True,0.0,False,,-0.0,-0.8726646259971644,0.06068573672000883,-0.2094395102393196,1.954768762233649,0.04838732520572197,0.422940325780689,0.10747135900318308,0.2897227942825274,0.5661367066264725,-0.04934934927816001,0.12964513065544872,0.68584942008366,-0.20741956544269124,0.04765229343137843,0.18269601667253552,0.07062904934695452,-0.0,-0.8726646259971644,0.06068573672000883,-0.2094395102393196,1.954768762233649,0.04838732520572197,0.422940325780689,0.10747135900318308,0.2897227942825274,0.5661367066264725,-0.04934934927816001,0.12964513065544872,0.68584942008366,-0.20741956544269124,0.04765229343137843,0.18269601667253552,0.07062904934695452,-0.005860258898076291,-0.8639419158410244,-0.00967118974866075,-0.18186158865651808,0.8699971189115091,0.03039224456658763,0.43750285258687865,0.06277500131705262,0.24678551627972536,0.5056440329760001,0.09565473624331601,0.12760075215465377,0.6051587352846338,-0.01250679766446225,0.028022363627547796,0.16708938773608237,0.07470267777862147
408,True,4.089999999999772,0.01632803922510082,False,True,0.0,False,,-0.0,-0.8726646259971645,0.0650244594722106,-0.20943951023931945,1.954768762233649,0.05685189509178272,0.43183744225619,0.10133182004671855,0.29409731991258675,0.5624653028231181,-0.04937943819027776,0.13479608688537617,0.6871378417720041,-0.22645260068820303,0.0564418380566285,0.17958854558331092,0.08133438607584877,-0.0,-0.8726646259971645,0.0650244594722106,-0.20943951023931945,1.954768762233649,0.05685189509178272,0.43183744225619,0.10133182004671855,0.29409731991258675,0.5624653028231181,-0.04937943819027776,0.13479608688537617,0.6871378417720041,-0.22645260068820303,0.0564418380566285,0.17958854558331092,0.08133438607584877,-0.006003321444036022,-0.8636747843930893,-0.009676696439154553,-0.1892314556245986,0.9699155089926911,0.03428021271142639,0.43401863397041,0.07218261030514507,0.2510620127478329,0.518389857051769,0.07166207700660149,0.13239418049570859,0.6203290961607755,-0.05079040164811204,0.03246647144337405,0.1692532480781368,0.07724761467056959
409,True,4.0999999999997705,0.013177744870829853,False,True,0.0,False,,-0.0,-0.8726646259971645,0.0727298160423518,-0.20943951023931948,1.954768762233649,0.0706224929150256,0.46351599679571,0.09933180794725459,0.29852885271699964,0.5872404702667936,-0.050095167885708204,0.15007163170529172,0.7028729196592925,-0.2261037527540087,0.06827478723237564,0.20564355942398443,0.08408797556129614,-0.0,-0.8726646259971645,0.0727298160423518,-0.20943951023931948,1.954768762233649,0.0706224929150256,0.46351599679571,0.09933180794725459,0.29852885271699964,0.5872404702667936,-0.050095167885708204,0.15007163170529172,0.7028729196592925,-0.2261037527540087,0.06827478723237564,0.20564355942398443,0.08408797556129614,-0.005928009739967649,-0.8634860383551418,-0.009678887982173486,-0.1946752458018566,1.0659451753505254,0.03946370206503864,0.434907323756469,0.07920171966751817,0.2563598865644351,0.5311260281895385,0.047817441548894536,0.1376416535373793,0.6354331946566738,-0.08674498473772252,0.03806826995062607,0.17334219719612515,0.0789175601748956
410,True,4.109999999999769,0.009183521074786155,False,True,0.0,False,,-0.0,-0.8726646259971644,0.07598665783936738,-0.20943951023931948,1.954768762233649,0.06719856674747814,0.460348517869703,0.0952936863040799,0.29076577126120856,0.5827794522118819,-0.05296824626651049,0.14393708382216777,0.6964600552630709,-0.23010620585550795,0.05794106464664755,0.20426307241090186,0.08026860586835717,-0.0,-0.8726646259971644,0.07598665783936738,-0.20943951023931948,1.954768762233649,0.06719856674747814,0.460348517869703,0.0952936863040799,0.29076577126120856,0.5827794522118819,-0.05296824626651049,0.14393708382216777,0.6964600552630709,-0.23010620585550795,0.05794106464664755,0.20426307241090186,0.08026860586835717,-0.005878382696984954,-0.8633624280757493,-0.009682784988290939,-0.19867729222890887,1.1498191007832141,0.04490138720883191,0.43843420962979646,0.08405254136729944,0.26125399762131424,0.5428246626672446,0.026584968209735865,0.14245640044476196,0.6490206464802013,-0.11782664151770836,0.04321753544684223,0.17863652687652046,0.07984874442293687
411,True,4.119999999999768,0.022170058556164638,False,True,0.0,False,,-0.0,-0.8726646259971639,0.07248316026444752,-0.20943951023931934,1.954768762233649,0.06413946983761971,0.4527481172064528,0.08495433592360344,0.289361776229666,0.5788620865137534,-0.05694145095466323,0.14286973828402313,0.6979763927213185,-0.2393542293657611,0.0631833110001494,0.20533320369617525,0.07073445386354092,-0.0,-0.8726646259971639,0.07248316026444752,-0.20943951023931934,1.954768762233649,0.06413946983761971,0.4527481172064528,0.08495433592360344,0.289361776229666,0.5788620865137534,-0.05694145095466323,0.14286973828402313,0.6979763927213185,-0.2393542293657611,0.0631833110001494,0.20533320369617525,0.07073445386354092,-0.0060722101899592295,-0.8632909773226415,-0.009689481388570755,-0.20162320793634075,1.2189276775714064,0.0494948207305236,0.441958290509089,0.08651764796327266,0.2649203685755563,0.5524103657841689,0.008483833790128577,0.1463955769777026,0.6601360021477043,-0.14416861191345728,0.047597859325667825,0.18385116802830304,0.07956122085615527
412,True,4.129999999999767,0.0038305788621293816,False,True,0.0,False,,-0.0,-0.8726646259971645,0.07306264436271119,-0.20943951023931948,1.9547687622336491,0.058680784058447386,0.4460872228489686,0.08578172947090665,0.28300431113736246,0.5792878252688963,-0.0644780645646424,0.1367811620789678,0.7063085552985616,-0.2628745599713334,0.05767537352606761,0.20775532325031307,0.0589781669652074,-0.0,-0.8726646259971645,0.07306264436271119,-0.20943951023931948,1.9547687622336491,0.058680784058447386,0.4460872228489686,0.08578172947090665,0.28300431113736246,0.5792878252688963,-0.0644780645646424,0.1367811620789678,0.7063085552985616,-0.2628745599713334,0.05767537352606761,0.20775532325031307,0.0589781669652074,-0.0064742827708816056,-0.8632563176752964,-0.00969681220217228,-0.20380041719477723,1.2739561059998532,0.05269240226882983,0.4442782193604454,0.08746006239046561,0.2675983598437432,0.5600932360615886,-0.006976097855220925,0.1487534682035965,0.6694980994412028,-0.16772097505008862,0.050945822084711746,0.18867069094961886,0.07756342272702658
413,True,4.139999999999766,0.0,True,True,0.0,False,,-0.0,-0.8726646259971645,0.0754273073617413,-0.20943951023931948,1.9547687622336491,0.061047015738994605,0.4427603136349019,0.08470002123931406,0.2834376723281629,0.5702920941540133,-0.0662541323002947,0.13094388065007226,0.6963991519756044,-0.2678633535259294,0.052987462545569394,0.20261777901725694,0.05732535987988828,-0.0,-0.8726646259971645,0.0754273073617413,-0.20943951023931948,1.9547687622336491,0.061047015738994605,0.4427603136349019,0.08470002123931406,0.2834376723281629,0.5702920941540133,-0.0662541323002947,0.13094388065007226,0.6963991519756044,-0.2678633535259294,0.052987462545569394,0.20261777901725694,0.05732535987988828,-0.007068795236981476,-0.8632420078171948,-0.00970416244387217,-0.2054169479642184,1.3168367913376844,0.05490036083224637,0.4453395381810274,0.08767940190842799,0.26907477737436936,0.5656643291509215,-0.019981161133722888,0.14992838905692193,0.6763944432201313,-0.1886739594700247,0.052919606623318995,0.19246497755811626,0.07453107924746487
414,True,4.149999999999765,0.0,True,True,0.0,False,,-0.0,-0.8726646259971645,0.07505727890463988,-0.20943951023931948,1.9547687622336491,0.05790877675006887,0.4356056228419993,0.08254637991592285,0.2818974467677198,0.578053729586419,-0.06260954145803863,0.13465560277929953,0.7085865460805443,-0.2649827784735675,0.05391475145841947,0.20934022056482696,0.05899521337600471,-0.0,-0.8726646259971645,0.07505727890463988,-0.20943951023931948,1.9547687622336491,0.05790877675006887,0.4356056228419993,0.08254637991592285,0.2818974467677198,0.578053729586419,-0.06260954145803863,0.13465560277929953,0.7085865460805443,-0.2649827784735675,0.05391475145841947,0.20934022056482696,0.05899521337600471,-0.007618212483132901,-0.8632381956137885,-0.009708990018823757,-0.206621138345049,1.3497773687419496,0.05628668370914925,0.44517703338220455,0.08737878207574724,0.26984702605897054,0.5700582260067165,-0.030256279533267646,0.1505383448805399,0.6819450563581232,-0.2060940993946716,0.05397797373471126,0.1957229540582726,0.07150312157217237
415,True,4.159999999999764,0.0,True,True,0.0,False,,-0.0,-0.8726646259971643,0.09176428616806985,-0.20943951023931937,1.9547687622336491,0.04741282078579563,0.42257738110227067,0.10527484064582805,0.2756612471006414,0.5757175820813557,-0.045755370954374625,0.12292247387106199,0.718548388768382,-0.2709978345709054,0.045100006845100696,0.21579909340176714,0.06315643941172622,-0.0,-0.8726646259971643,0.09176428616806985,-0.20943951023931937,1.9547687622336491,0.04741282078579563,0.42257738110227067,0.10527484064582805,0.2756612471006414,0.5757175820813557,-0.045755370954374625,0.12292247387106199,0.718548388768382,-0.2709978345709054,0.045100006845100696,0.21579909340176714,0.06315643941172622,-0.008000486266212994,-0.8632392466185927,-0.009711399162085136,-0.20752057902829366,1.3748368717855541,0.05633922805765836,0.44324917060965663,0.08853915662113657,0.2696521116109475,0.5738180156775596,-0.036756413491172125,0.15052369718885766,0.6872739428104769,-0.22041372531147466,0.05397753832906154,0.1991356124336833,0.06922032404361615
416,True,4.169999999999763,0.0,True,True,0.0,False,,-0.0,-0.8726646259971643,0.08868563587395537,-0.20943951023931937,1.9547687622336491,0.043280691962254106,0.4280114236791881,0.1082809459985626,0.27128280825054196,0.5810764204877245,-0.042560427586162373,0.11642593598960015,0.7184893598878448,-0.2731027947570011,0.03744221481032383,0.2093495440584872,0.060010584898978,-0.0,-0.8726646259971643,0.08868563587395537,-0.20943951023931937,1.9547687622336491,0.043280691962254106,0.4280114236791881,0.1082809459985626,0.27128280825054196,0.5810764204877245,-0.042560427586162373,0.11642593598960015,0.7184893598878448,-0.2731027947570011,0.03744221481032383,0.2093495440584872,0.060010584898978,-0.008229453781777075,-0.8632420419071306,-0.009712544818702167,-0.20819383615107084,1.3937722479178463,0.055144815939095725,0.4407175874628648,0.09121642804048549,0.2684414297312135,0.5772587679482106,-0.04006798951753347,0.1496379482580456,0.692250234017953,-0.2321958320275082,0.052655350539009285,0.20197606985815855,0.06742872056142646
417,True,4.179999999999762,0.0,True,True,0.0,False,,-0.0,-0.8726646259971644,0.08379831649784591,-0.20943951023931942,1.954768762233649,0.051068797335451444,0.41345560559211103,0.08428985383440595,0.28192547910391264,0.5440709799474127,-0.022760622874840125,0.13852496779520196,0.6705414704182604,-0.26940419745482447,0.024440468945682678,0.19946944431910515,-0.010141916125590018,-0.0,-0.8726646259971644,0.08379831649784591,-0.20943951023931942,1.954768762233649,0.051068797335451444,0.41345560559211103,0.08428985383440595,0.28192547910391264,0.5440709799474127,-0.022760622874840125,0.13852496779520196,0.6705414704182604,-0.26940419745482447,0.024440468945682678,0.19946944431910515,-0.010141916125590018,-0.008783977437097553,-0.8632440842248278,-0.009717780460099586,-0.20869986639916507,1.4080121932331007,0.05396926392206963,0.43730655445391164,0.0924923707406962,0.26789569778886024,0.5771984017999914,-0.04006674408632344,0.1491404297966337,0.6933686849514643,-0.2413260507965427,0.049641819534372786,0.20334833187439627,0.06040004835411145
418,True,4.189999999999761,0.0,True,True,0.0,False,,-0.0,-0.872664625997164,0.09543655632123793,-0.2094395102393196,1.9547687622336491,0.05813090195688466,0.438535561031335,0.07574323541678003,0.28563045955592853,0.5550396360775272,0.03504424670596811,0.13394504884812286,0.6958074199135884,-0.2732663042372513,0.03501132338652545,0.29015385038169383,-0.14532878782030828,-0.0,-0.872664625997164,0.09543655632123793,-0.2094395102393196,1.9547687622336491,0.05813090195688466,0.438535561031335,0.07574323541678003,0.28563045955592853,0.5550396360775272,0.03504424670596811,0.13394504884812286,0.6958074199135884,-0.2732663042372513,0.03501132338652545,0.29015385038169383,-0.14532878782030828,-0.009113475301850776,-0.8632466992755607,-0.009718726541394941,-0.2090781936286426,1.4186843484345673,0.053666772667528034,0.4352573441615246,0.09147618515893091,0.2682389145589556,0.5752628585239936,-0.033458957217927,0.14934456751628858,0.6927648282270761,-0.24849195409205269,0.04654466936093171,0.21063640519302596,0.03865140968958261
419,True,4.1999999999997595,0.0,True,True,0.0,False,,-0.0,-0.8726646259971647,0.1467239379667976,-0.2094395102393194,1.9547687622336491,0.07199390362391546,0.424708532989626,0.1641209018925636,0.31298750409778353,0.5169378315916433,0.11332737108247991,0.1351279149472599,0.7185009241652921,-0.34359865794105393,0.04454982113206807,0.29142346814924064,-0.15196383624293128,-0.0,-0.8726646259971647,0.1467239379667976,-0.2094395102393194,1.9547687622336491,0.07199390362391546,0.424708532989626,0.1641209018925636,0.31298750409778353,0.5169378315916433,0.11332737108247991,0.1351279149472599,0.7185009241652921,-0.34359865794105393,0.04454982113206807,0.29142346814924064,-0.15196383624293128,-0.009118441962445612,-0.8632493610861578,-0.009716948342252956,-0.2093612265592663,1.4266631534771819,0.05503220293270292,0.43385959041702776,0.0962129064765088,0.2697183494205745,0.5713032503834702,-0.01654666360627307,0.15112725130759594,0.6929408427722495,-0.25973589437619704,0.04485792665364461,0.22300796813034504,0.007767583162449731
420,True,4.209999999999758,0.0,True,True,0.0,False,,-0.0,-0.8726646259971645,0.04919954515939998,-0.20943951023931948,1.9547687622336491,0.05163742390010814,0.4655104593708883,0.09300449049468794,0.2447354417501498,0.43716993548812355,0.177383872354255,0.06806983797902817,0.6778448732054673,-0.3483054410710674,-0.00996985822340662,0.3645094082655899,-0.29899607437556963,-0.0,-0.8726646259971645,0.04919954515939998,-0.20943951023931948,1.9547687622336491,0.05163742390010814,0.4655104593708883,0.09300449049468794,0.2447354417501498,0.43716993548812355,0.177383872354255,0.06806983797902817,0.6778448732054673,-0.3483054410710674,-0.00996985822340662,0.3645094082655899,-0.29899607437556963,-0.009323112622032535,-0.8632506192969527,-0.009719010219521209,-0.20957463306347476,1.4326181104997477,0.05605885367252873,0.4354807749547265,0.10053747962368924,0.2676770114127909,0.5592918484712543,0.01068779278029651,0.14882504742046135,0.6913967217009849,-0.2743832518665233,0.04025011885426471,0.2417488825418644,-0.03505114436973609
421,True,4.219999999999757,0.0,True,True,0.0,False,,-0.0,-0.8726646259971648,0.15346594551004453,-0.2094395102393195,1.954768762233649,0.09634019825783005,0.32906339091107356,0.1579828063297123,0.2674067098329825,0.2616190675390784,0.2717661641039008,0.039224957365452236,0.5350665620161664,-0.34906585039886573,-0.03112442905348944,0.1946133647545168,-0.1848425484085417,-0.0,-0.8726646259971648,0.15346594551004453,-0.2094395102393195,1.954768762233649,0.09634019825783005,0.32906339091107356,0.1579828063297123,0.2674067098329825,0.2616190675390784,0.2717661641039008,0.039224957365452236,0.5350665620161664,-0.34906585039886573,-0.03112442905348944,0.1946133647545168,-0.1848425484085417,-0.011432566771572745,-0.8632472331528693,-0.009739010708781722,-0.20974029836844468,1.437057647258686,0.05936118106800726,0.4291861371497039,0.10660598834323724,0.26192438396840895,0.5293560373393357,0.04888709410799335,0.14304951274874272,0.6762844435506193,-0.2888208032216526,0.03124283440083944,0.25053431814518257,-0.0742267114687886
422,True,4.229999999999756,0.0,True,True,0.0,False,,-0.0,-0.8726646259971648,0.15346594551004453,-0.2094395102393195,1.954768762233649,0.09634019825783005,0.32906339091107356,0.1579828063297123,0.2674067098329825,0.2616190675390784,0.2717661641039008,0.039224957365452236,0.5350665620161664,-0.34906585039886573,-0.03112442905348944,0.1946133647545168,-0.1848425484085417,-0.0,-0.8726646259971648,0.15346594551004453,-0.2094395102393195,1.954768762233649,0.09634019825783005,0.32906339091107356,0.1579828063297123,0.2674067098329825,0.2616190675390784,0.2717661641039008,0.039224957365452236,0.5350665620161664,-0.34906585039886573,-0.03112442905348944,0.1946133647545168,-0.1848425484085417,-0.014152554304596906,-0.8632445659537996,-0.00975653586165685,-0.20986265107383748,1.4403633582895394,0.06490447330572145,0.41526267114806054,0.11515822694635548,0.2557328157020176,0.4888580539688395,0.09062009677204057,0.13575811764720846,0.6517255576285629,-0.3015488709383906,0.02057368977049989,0.2477586518818593,-0.10289153308784148
423,True,4.239999999999755,0.0,True,True,0.0,False,,-0.0,-0.6062036915679152,0.22770155931470143,-0.2094395102393196,0.199388559598505,0.11091249024974467,-0.030651453427871126,0.2074755473785996,0.23760318927682364,-0.11415694458438735,0.4713580836801508,0.032662945608075956,-0.021092916771434433,0.5168243527999257,-0.05167370966723676,-0.04312102842472021,0.025167083671305438,-0.0,-0.6062036915679152,0.22770155931470143,-0.2094395102393196,0.199388559598505,0.11091249024974467,-0.030651453427871126,0.2074755473785996,0.23760318927682364,-0.11415694458438735,0.4713580836801508,0.032662945608075956,-0.021092916771434433,0.5168243527999257,-0.05167370966723676,-0.04312102842472021,0.025167083671305438,-0.019293952504858627,-0.8436815376509876,-0.00977552584835848,-0.21021221284959402,1.4020889888178596,0.07190687642817992,0.3720782753365051,0.12782288150760332,0.24827431019185234,0.4243608011022954,0.14473803614853437,0.12751694721048823,0.5973280054484269,-0.26841087035650074,0.008797236917612456,0.22193422408245736,-0.10739920819571923
424,True,4.249999999999754,0.008833368457974531,False,True,0.0,False,,-0.0,-0.6062036915679152,0.22770155931470143,-0.2094395102393196,0.199388559598505,0.11091249024974467,-0.030651453427871126,0.2074755473785996,0.23760318927682364,-0.11415694458438735,0.4713580836801508,0.032662945608075956,-0.021092916771434433,0.5168243527999257,-0.05167370966723676,-0.04312102842472021,0.025167083671305438,-0.0,-0.6062036915679152,0.22770155931470143,-0.2094395102393196,0.199388559598505,0.11091249024974467,-0.030651453427871126,0.2074755473785996,0.23760318927682364,-0.11415694458438735,0.4713580836801508,0.032662945608075956,-0.021092916771434433,0.5168243527999257,-0.05167370966723676,-0.04312102842472021,0.025167083671305438,-0.025115099086457645,-0.8085181403359032,-0.009788229693214249,-0.2105192539150209,1.3270681790765875,0.07928734568675588,0.30803464739120545,0.14248770209397407,0.2402940261497515,0.33970881854261065,0.20519808615910454,0.11909288587677984,0.5170465743588613,-0.19518831515429014,-0.002870518318155051,0.18059533893282156,-0.0935813543527463
425,True,4.259999999999753,0.0,True,True,0.0,False,,-0.0,-0.6062036915679152,0.22770155931470143,-0.2094395102393196,0.199388559598505,0.11091249024974467,-0.030651453427871126,0.2074755473785996,0.23760318927682364,-0.11415694458438735,0.4713580836801508,0.032662945608075956,-0.021092916771434433,0.5168243527999257,-0.05167370966723676,-0.04312102842472021,0.025167083671305438,-0.0,-0.6062036915679152,0.22770155931470143,-0.2094395102393196,0.199388559598505,0.11091249024974467,-0.030651453427871126,0.2074755473785996,0.23760318927682364,-0.11415694458438735,0.4713580836801508,0.032662945608075956,-0.021092916771434433,0.5168243527999257,-0.05167370966723676,-0.04312102842472021,0.025167083671305438,-0.028933872086758725,-0.7709108022338848,-0.00978760619036902,-0.21065196070935,1.2372368024281497,0.0859934989957856,0.24274124439900902,0.156088979752899,0.233904236918505,0.25142798651613263,0.2609819468093469,0.10956708725094502,0.42777210096538926,-0.10588681900312012,-0.013142790242584414,0.1377918377585611,-0.07405899726020392
426,True,4.269999999999752,0.09327937334650321,False,True,0.0,False,,-0.0,-0.6348370544701946,0.4196413325593512,0.457984825064867,-0.34906585039886595,0.07650002792280666,-0.2556646310347135,0.4409584337825941,0.15859120323018083,-0.3490658503988659,0.8512411555593264,-0.0038532576707529798,-0.17185126643345178,0.9300446219104198,-0.10434666088621387,-0.33622102661009357,0.5422734607692776,-0.0,-0.6348370544701946,0.4196413325593512,0.457984825064867,-0.34906585039886595,0.07650002792280666,-0.2556646310347135,0.4409584337825941,0.15859120323018083,-0.3490658503988659,0.8512411555593264,-0.0038532576707529798,-0.17185126643345178,0.9300446219104198,-0.10434666088621387,-0.33622102661009357,0.5422734607692776,-0.031224242522780252,-0.7395108703617629,-0.009778764679039327,-0.17113943851108318,1.1413515719333511,0.08921252757647039,0.16692159983966165,0.1861431053299293,0.22269526605455434,0.15932569398474944,0.3326395080108958,0.0989203337956347,0.3345803476945736,-0.01014864174656016,-0.02560292585657682,0.07643445400726298,-0.0218206386481027
427,True,4.279999999999751,0.03213656100696979,False,True,0.0,False,,-0.0,-0.6348370544701946,0.4196413325593512,0.457984825064867,-0.34906585039886595,0.07650002792280666,-0.2556646310347135,0.4409584337825941,0.15859120323018083,-0.3490658503988659,0.8512411555593264,-0.0038532576707529798,-0.17185126643345178,0.9300446219104198,-0.10434666088621387,-0.33622102661009357,0.5422734607692776,-0.0,-0.6348370544701946,0.4196413325593512,0.457984825064867,-0.34906585039886595,0.07650002792280666,-0.2556646310347135,0.4409584337825941,0.15859120323018083,-0.3490658503988659,0.8512411555593264,-0.0038532576707529798,-0.17185126643345178,0.9300446219104198,-0.10434666088621387,-0.33622102661009357,0.5422734607692776,-0.031670279038147106,-0.7152716756241922,-0.009752039712082093,-0.09601692364003674,1.0430271694361615,0.08930884196511225,0.08686285665097891,0.2282646225480276,0.21073268494064526,0.06450579439462174,0.4202207996953109,0.08365087877181296,0.23965342874504977,0.08816287651436625,-0.03959213235822087,0.003296222024514834,0.05894172712588375
428,True,4.28999999999975,0.08010112466801937,False,True,0.0,False,,-0.0,-0.6348370544701946,0.4196413325593512,0.457984825064867,-0.34906585039886595,0.07650002792280666,-0.2556646310347135,0.4409584337825941,0.15859120323018083,-0.3490658503988659,0.8512411555593264,-0.0038532576707529798,-0.17185126643345178,0.9300446219104198,-0.10434666088621387,-0.33622102661009357,0.5422734607692776,-0.0,-0.6348370544701946,0.4196413325593512,0.457984825064867,-0.34906585039886595,0.07650002792280666,-0.2556646310347135,0.4409584337825941,0.15859120323018083,-0.3490658503988659,0.8512411555593264,-0.0038532576707529798,-0.17185126643345178,0.9300446219104198,-0.10434666088621387,-0.33622102661009357,0.5422734607692776,-0.029193085199294228,-0.6964904625739429,-0.0097187751502241,-0.006457183465501979,0.943749281522034,0.08801847992735246,0.014332946633606073,0.27021774607255056,0.19820579530345736,-0.02263621766599545,0.5061908521693779,0.07021831592237975,0.15334022146981763,0.18740473923427087,-0.05267790747376538,-0.06612270638132327,0.14769439301004325
429,True,4.2999999999997485,0.03491461051234103,False,True,0.0,False,,-0.0,-0.6348370544701946,0.4196413325593512,0.457984825064867,-0.34906585039886595,0.07650002792280666,-0.2556646310347135,0.4409584337825941,0.15859120323018083,-0.3490658503988659,0.8512411555593264,-0.0038532576707529798,-0.17185126643345178,0.9300446219104198,-0.10434666088621387,-0.33622102661009357,0.5422734607692776,-0.0,-0.6348370544701946,0.4196413325593512,0.457984825064867,-0.34906585039886595,0.07650002792280666,-0.2556646310347135,0.4409584337825941,0.15859120323018083,-0.3490658503988659,0.8512411555593264,-0.0038532576707529798,-0.17185126643345178,0.9300446219104198,-0.10434666088621387,-0.33622102661009357,0.5422734607692776,-0.024046927779487255,-0.6819238732715928,-0.00968941017699609,0.08389785185340023,0.8441196870278461,0.08626457689753475,-0.046761563331822784,0.3071250921985165,0.18769988281246067,-0.09649981538864824,0.5813534307546965,0.05765219528404531,0.08023313866504107,0.28696168089249985,-0.06393180216355253,-0.12592033627291005,0.22980984689254932
430,True,4.309999999999747,0.033234847257861674,False,True,0.0,False,,-0.0,-0.6348370544701946,0.4196413325593512,0.457984825064867,-0.34906585039886595,0.07650002792280666,-0.2556646310347135,0.4409584337825941,0.15859120323018083,-0.3490658503988659,0.8512411555593264,-0.0038532576707529798,-0.17185126643345178,0.9300446219104198,-0.10434666088621387,-0.33622102661009357,0.5422734607692776,-0.0,-0.6348370544701946,0.4196413325593512,0.457984825064867,-0.34906585039886595,0.07650002792280666,-0.2556646310347135,0.4409584337825941,0.15859120323018083,-0.3490658503988659,0.8512411555593264,-0.0038532576707529798,-0.17185126643345178,0.9300446219104198,-0.10434666088621387,-0.33622102661009357,0.5422734607692776,-0.017089568641768818,-0.6706260006707215,-0.00967177116917695,0.16435180624820955,0.744384182013489,0.084508804989702,-0.09616034752300306,0.33763213588695573,0.1786653481226391,-0.15668699448664566,0.6433034589778179,0.04763957118072188,0.02115664793782014,0.38661859650653524,-0.07316241489815371,-0.1748556168531333,0.299572977323365
431,True,4.319999999999746,0.04361068175589261,False,True,0.0,False,,-0.0,-0.6348370544701946,0.4196413325593512,0.457984825064867,-0.34906585039886595,0.07650002792280666,-0.2556646310347135,0.4409584337825941,0.15859120323018083,-0.3490658503988659,0.8512411555593264,-0.0038532576707529798,-0.17185126643345178,0.9300446219104198,-0.10434666088621387,-0.33622102661009357,0.5422734607692776,-0.0,-0.6348370544701946,0.4196413325593512,0.457984825064867,-0.34906585039886595,0.07650002792280666,-0.2556646310347135,0.4409584337825941,0.15859120323018083,-0.3490658503988659,0.8512411555593264,-0.0038532576707529798,-0.17185126643345178,0.9300446219104198,-0.10434666088621387,-0.33622102661009357,0.5422734607692776,-0.009301240809289067,-0.6619378463207477,-0.00966445067332489,0.2314130466448969,0.6446261172611939,0.0829559391813828,-0.13510930595022708,0.36195591517988707,0.17131898418969863,-0.2043900790751258,0.692631908294961,0.039760632102677926,-0.025357817907033495,0.48588163745880825,-0.0805112851399215,-0.21370674791101946,0.3561402878486882
432,True,4.329999999999745,0.032846997582811135,False,True,0.0,False,,-0.0,-0.6348370544701946,0.4196413325593512,0.457984825064867,-0.34906585039886595,0.07650002792280666,-0.2556646310347135,0.4409584337825941,0.15859120323018083,-0.3490658503988659,0.8512411555593264,-0.0038532576707529798,-0.17185126643345178,0.9300446219104198,-0.10434666088621387,-0.33622102661009357,0.5422734607692776,-0.0,-0.6348370544701946,0.4196413325593512,0.457984825064867,-0.34906585039886595,0.07650002792280666,-0.2556646310347135,0.4409584337825941,0.15859120323018083,-0.3490658503988659,0.8512411555593264,-0.0038532576707529798,-0.17185126643345178,0.9300446219104198,-0.10434666088621387,-0.33622102661009357,0.5422734607692776,-0.0015952639692447777,-0.6553364251190116,-0.009663556787392918,0.2852043859273892,0.5448665175312922,0.08167322585150039,-0.16532035185723754,0.38091707296368893,0.16572261444294684,-0.24150530230728862,0.7310700957942393,0.033395524375528576,-0.061288864612609066,0.5779365491636381,-0.08624615922034848,-0.24396751463318395,0.4007280985056083
433,True,4.339999999999744,0.03409595730443573,False,True,0.0,False,,-0.0,-0.6348370544701946,0.4196413325593512,0.457984825064867,-0.34906585039886595,0.07650002792280666,-0.2556646310347135,0.4409584337825941,0.15859120323018083,-0.3490658503988659,0.8512411555593264,-0.0038532576707529798,-0.17185126643345178,0.9300446219104198,-0.10434666088621387,-0.33622102661009357,0.5422734607692776,-0.0,-0.6348370544701946,0.4196413325593512,0.457984825064867,-0.34906585039886595,0.07650002792280666,-0.2556646310347135,0.4409584337825941,0.15859120323018083,-0.3490658503988659,0.8512411555593264,-0.0038532576707529798,-0.17185126643345178,0.9300446219104198,-0.10434666088621387,-0.33622102661009357,0.5422734607692776,0.005366164392412429,-0.6503842036124857,-0.009664901543466265,0.3273124234437593,0.44510535222003816,0.08065781434948588,-0.18848653084445588,0.39548341797325526,0.16136180570053282,-0.2700885760071298,0.7606009587185936,0.02862828172201144,-0.0885762651635339,0.6563890293141776,-0.09065708995093187,-0.2672353384111881,0.43524051081018766
434,True,4.349999999999743,0.03047967178823299,False,True,0.0,False,,-0.0,-0.6348370544701946,0.4196413325593512,0.457984825064867,-0.34906585039886595,0.07650002792280666,-0.2556646310347135,0.4409584337825941,0.15859120323018083,-0.3490658503988659,0.8512411555593264,-0.0038532576707529798,-0.17185126643345178,0.9300446219104198,-0.10434666088621387,-0.33622102661009357,0.5422734607692776,-0.0,-0.6348370544701946,0.4196413325593512,0.457984825064867,-0.34906585039886595,0.07650002792280666,-0.2556646310347135,0.4409584337825941,0.15859120323018083,-0.3490658503988659,0.8512411555593264,-0.0038532576707529798,-0.17185126643345178,0.9300446219104198,-0.10434666088621387,-0.33622102661009357,0.5422734607692776,0.01121317112362435,-0.6467158321227033,-0.009666094741055726,0.35973930352114875,0.3453373924132299,0.07987584802290704,-0.20609585420577028,0.4065674652005647,0.1581027994910746,-0.29188014277322655,0.7830750841743903,0.024970000947070737,-0.10912303428282234,0.7201530532822286,-0.09401141035527982,-0.2849604110551402,0.4616343789233404
435,True,4.359999999999742,0.01134059653911238,False,True,0.0,False,,-0.0,-0.6348370544701946,0.4196413325593512,0.457984825064867,-0.34906585039886595,0.07650002792280666,-0.2556646310347135,0.4409584337825941,0.15859120323018083,-0.3490658503988659,0.8512411555593264,-0.0038532576707529798,-0.17185126643345178,0.9300446219104198,-0.10434666088621387,-0.33622102661009357,0.5422734607692776,-0.0,-0.6348370544701946,0.4196413325593512,0.457984825064867,-0.34906585039886595,0.07650002792280666,-0.2556646310347135,0.4409584337825941,0.15859120323018083,-0.3490658503988659,0.8512411555593264,-0.0038532576707529798,-0.17185126643345178,0.9300446219104198,-0.10434666088621387,-0.33622102661009357,0.5422734607692776,0.015789284766921877,-0.6440320168610507,-0.009666339814220154,0.38442598861444227,0.24555766185462488,0.07928437912944039,-0.21938693401996356,0.4149498153096678,0.15579165967091127,-0.3083449414371704,0.8000701687450827,0.02203695847722333,-0.12452268453955968,0.7705127288790385,-0.09653853080205177,-0.29836798905698,0.48165584106469095
436,True,4.369999999999741,0.004266190367375187,False,True,0.0,False,,-0.0,-0.6348370544701946,0.4196413325593512,0.457984825064867,-0.34906585039886595,0.07650002792280666,-0.2556646310347135,0.4409584337825941,0.15859120323018083,-0.3490658503988659,0.8512411555593264,-0.0038532576707529798,-0.17185126643345178,0.9300446219104198,-0.10434666088621387,-0.33622102661009357,0.5422734607692776,-0.0,-0.6348370544701946,0.4196413325593512,0.457984825064867,-0.34906585039886595,0.07650002792280666,-0.2556646310347135,0.4409584337825941,0.15859120323018083,-0.3490658503988659,0.8512411555593264,-0.0038532576707529798,-0.17185126643345178,0.9300446219104198,-0.10434666088621387,-0.33622102661009357,0.5422734607692776,0.019086902080364405,-0.6420931017364587,-0.009665743043694717,0.40306410234584045,0.14576278871101203,0.07884188307948228,-0.22935782058309803,0.421264629367023,0.154017125215583,-0.3207761789822655,0.8128679569249316,0.019933234932461432,-0.1359311537954067,0.8095576396677853,-0.09842709988632266,-0.30845227057275076,0.4967596005716387
437,True,4.37999999999974,0.0,True,True,0.0,False,,-0.0,-0.6348370544701946,0.4196413325593512,0.457984825064867,-0.34906585039886595,0.07650002792280666,-0.2556646310347135,0.4409584337825941,0.15859120323018083,-0.3490658503988659,0.8512411555593264,-0.0038532576707529798,-0.17185126643345178,0.9300446219104198,-0.10434666088621387,-0.33622102661009357,0.5422734607692776,-0.0,-0.6348370544701946,0.4196413325593512,0.457984825064867,-0.34906585039886595,0.07650002792280666,-0.2556646310347135,0.4409584337825941,0.15859120323018083,-0.3490658503988659,0.8512411555593264,-0.0038532576707529798,-0.17185126643345178,0.9300446219104198,-0.10434666088621387,-0.33622102661009357,0.5422734607692776,0.021191070663711217,-0.6407224042278991,-0.009664413377629556,0.41703297579729093,0.04868791455626033,0.07851263864972781,-0.2367965238785165,0.42601139549801714,0.15271095561140607,-0.3300879162253168,0.822477541280951,0.01835335376145038,-0.14436953936911678,0.8394596034175312,-0.09982808500736105,-0.31600042946566625,0.508110978019049
438,True,4.3899999999997386,0.0,True,True,0.0,False,,-0.0,-0.6348370544701946,0.4196413325593512,0.457984825064867,-0.34906585039886595,0.07650002792280666,-0.2556646310347135,0.4409584337825941,0.15859120323018083,-0.3490658503988659,0.8512411555593264,-0.0038532576707529798,-0.17185126643345178,0.9300446219104198,-0.10434666088621387,-0.33622102661009357,0.5422734607692776,-0.0,-0.6348370544701946,0.4196413325593512,0.457984825064867,-0.34906585039886595,0.07650002792280666,-0.2556646310347135,0.4409584337825941,0.15859120323018083,-0.3490658503988659,0.8512411555593264,-0.0038532576707529798,-0.17185126643345178,0.9300446219104198,-0.10434666088621387,-0.33622102661009357,0.5422734607692776,0.022245382638779874,-0.6398000689004856,-0.009661819457871961,0.4274148935523139,-0.037152169472627936,0.07826778783908192,-0.24231608028933393,0.4295760465413323,0.15175379578116036,-0.3369912983588299,0.8296803527831681,0.017142076379738264,-0.15062587398429453,0.86216769075916,-0.10085991221170713,-0.3216253861247118,0.5166211971365715
439,True,4.3999999999997375,0.0,True,True,0.0,False,,-0.0,-0.6348370544701946,0.4196413325593512,0.457984825064867,-0.34906585039886595,0.07650002792280666,-0.2556646310347135,0.4409584337825941,0.15859120323018083,-0.3490658503988659,0.8512411555593264,-0.0038532576707529798,-0.17185126643345178,0.9300446219104198,-0.10434666088621387,-0.33622102661009357,0.5422734607692776,-0.0,-0.6348370544701946,0.4196413325593512,0.457984825064867,-0.34906585039886595,0.07650002792280666,-0.2556646310347135,0.4409584337825941,0.15859120323018083,-0.3490658503988659,0.8512411555593264,-0.0038532576707529798,-0.17185126643345178,0.9300446219104198,-0.10434666088621387,-0.33622102661009357,0.5422734607692776,0.022499757637625187,-0.6392076099478109,-0.00965737213367364,0.4350931555000778,-0.10837064060107134,0.07808405183669698,-0.24638151050093768,0.43225500610773476,0.15096186183798424,-0.3414399927503512,0.8350685516223648,0.016264576128332625,-0.155136037635054,0.8793122236349844,-0.10161264497235267,-0.3257940260419218,0.5229932815249311
