frame,scored,sim_time,min_distance_measured_mm,measured_collision,measured_margin_violation,modification_rad,fallback,total_safety_time_ms,q_nominal.right_wrist,q_nominal.right_thumb_mcp,q_nominal.right_thumb_abd,q_nominal.right_thumb_pip,q_nominal.right_thumb_dip,q_nominal.right_index_abd,q_nominal.right_index_mcp,q_nominal.right_index_pip,q_nominal.right_middle_abd,q_nominal.right_middle_mcp,q_nominal.right_middle_pip,q_nominal.right_ring_abd,q_nominal.right_ring_mcp,q_nominal.right_ring_pip,q_nominal.right_pinky_abd,q_nominal.right_pinky_mcp,q_nominal.right_pinky_pip,q_safe.right_wrist,q_safe.right_thumb_mcp,q_safe.right_thumb_abd,q_safe.right_thumb_pip,q_safe.right_thumb_dip,q_safe.right_index_abd,q_safe.right_index_mcp,q_safe.right_index_pip,q_safe.right_middle_abd,q_safe.right_middle_mcp,q_safe.right_middle_pip,q_safe.right_ring_abd,q_safe.right_ring_mcp,q_safe.right_ring_pip,q_safe.right_pinky_abd,q_safe.right_pinky_mcp,q_safe.right_pinky_pip,q_measured.right_wrist,q_measured.right_thumb_mcp,q_measured.right_thumb_abd,q_measured.right_thumb_pip,q_measured.right_thumb_dip,q_measured.right_index_abd,q_measured.right_index_mcp,q_measured.right_index_pip,q_measured.right_middle_abd,q_measured.right_middle_mcp,q_measured.right_middle_pip,q_measured.right_ring_abd,q_measured.right_ring_mcp,q_measured.right_ring_pip,q_measured.right_pinky_abd,q_measured.right_pinky_mcp,q_measured.right_pinky_pip
0,True,0.01,6.228385962484579,False,False,0.0,False,,-0.15,0.0,-0.73304,-0.58496,-0.50477,-0.4000000000000001,0.0,0.0,0.0,0.0,0.0,0.17,0.0,0.0,0.52333,0.0,0.0,-0.15,0.0,-0.73304,-0.58496,-0.50477,-0.4000000000000001,0.0,0.0,0.0,0.0,0.0,0.17,0.0,0.0,0.52333,0.0,0.0,-0.1504636294717452,-0.00024913347586931196,-0.733488708629297,-0.5851219546970908,-0.5047744998339302,-0.40023331337118867,-2.4794459782912207e-05,-1.2086908669606811e-06,1.9421818310665445e-08,-3.829584200719741e-05,-1.202505450442284e-06,0.170156837943458,-2.8209428762938118e-05,-1.017519327709447e-06,0.5236657896662829,-6.383528447448374e-07,-2.4370657384594807e-07
1,True,0.020000000000000004,6.229844568071035,False,False,0.0,False,,-0.15,0.0,-0.73304,-0.58496,-0.50477,-0.4000000000000001,0.0,0.0,0.0,0.0,0.0,0.17,0.0,0.0,0.52333,0.0,0.0,-0.15,0.0,-0.73304,-0.58496,-0.50477,-0.4000000000000001,0.0,0.0,0.0,0.0,0.0,0.17,0.0,0.0,0.52333,0.0,0.0,-0.15153608456319037,-0.000713524705756533,-0.7343212865158333,-0.5854269552484189,-0.5047827157534847,-0.4006634860753612,-5.484940244257024e-05,-3.1663329853701383e-06,5.530149897099091e-08,-8.77216164621526e-05,-3.091344333968945e-06,0.17044841109048103,-6.0949275989593736e-05,-2.5944822401521287e-06,0.5242823459075645,-1.2619264013459466e-06,-5.03932426632384e-07
2,True,0.030000000000000013,6.231455258452887,False,False,0.0,False,,-0.15,0.0,-0.73304,-0.58496,-0.50477,-0.4000000000000001,0.0,0.0,0.0,0.0,0.0,0.17,0.0,0.0,0.52333,0.0,0.0,-0.15,0.0,-0.73304,-0.58496,-0.50477,-0.4000000000000001,0.0,0.0,0.0,0.0,0.0,0.17,0.0,0.0,0.52333,0.0,0.0,-0.1530140342731925,-0.001228707278579176,-0.7352421419308921,-0.585768633540797,-0.5047921876498082,-0.4011352987042617,-7.151411047532708e-05,-5.092739781567203e-06,9.704372631131921e-08,-0.00011548412452387077,-4.8685682292991595e-06,0.17077066979088884,-7.75911082341027e-05,-4.048709788651866e-06,0.5249561521353916,-1.2401197840741382e-06,-5.511124907767063e-07
3,True,0.04000000000000002,6.2329670482941015,False,False,0.0,False,,-0.15,0.0,-0.73304,-0.58496,-0.50477,-0.4000000000000001,0.0,0.0,0.0,0.0,0.0,0.17,0.0,0.0,0.52333,0.0,0.0,-0.15,0.0,-0.73304,-0.58496,-0.50477,-0.4000000000000001,0.0,0.0,0.0,0.0,0.0,0.17,0.0,0.0,0.52333,0.0,0.0,-0.1547249450255994,-0.0017148694974693692,-0.7361102875344581,-0.586093916399915,-0.504802012938354,-0.40157568620498635,-8.056242170084206e-05,-6.749387327766307e-06,1.405705816627895e-07,-0.0001281011267999016,-6.311585044275264e-06,0.1710734127350683,-8.552144203231629e-05,-5.1873546850421385e-06,0.5255833460184668,-4.2844027547140976e-07,-3.310647466851556e-07
4,True,0.05000000000000003,6.234277275419275,False,False,0.0,False,,-0.15,0.0,-0.73304,-0.58496,-0.50477,-0.4000000000000001,0.0,0.0,0.0,0.0,0.0,0.17,0.0,0.0,0.52333,0.0,0.0,-0.15,0.0,-0.73304,-0.58496,-0.50477,-0.4000000000000001,0.0,0.0,0.0,0.0,0.0,0.17,0.0,0.0,0.52333,0.0,0.0,-0.15652653752223314,-0.002138679742360145,-0.7368680031990172,-0.5863797677875734,-0.5048118656883432,-0.4019556906410819,-8.596990977056108e-05,-8.095271876204971e-06,1.8431890775764922e-07,-0.00013395006628441722,-7.3960837355394755e-06,0.17133600502668858,-8.92507110303087e-05,-5.9900841729317975e-06,0.5261235099117114,1.1133164968007279e-06,1.3751281842689348e-07
5,True,0.06000000000000004,6.235360659593713,False,False,0.0,False,,-0.15,0.0,-0.73304,-0.58496,-0.50477,-0.4000000000000001,0.0,0.0,0.0,0.0,0.0,0.17,0.0,0.0,0.52333,0.0,0.0,-0.15,0.0,-0.73304,-0.58496,-0.50477,-0.4000000000000001,0.0,0.0,0.0,0.0,0.0,0.17,0.0,0.0,0.52333,0.0,0.0,-0.15830751285369093,-0.0024911606049290947,-0.7375003348009646,-0.5866192760545208,-0.5048216291539211,-0.40226888538573663,-8.943731024459205e-05,-9.159926656441764e-06,2.2769567428448045e-07,-0.0001364956321361714,-8.163725821652858e-06,0.1715532836997892,-9.072415450041431e-05,-6.497685293491121e-06,0.5265682096920382,3.2607210303900055e-06,8.123903862155382e-07
6,True,0.07000000000000005,6.23622926245909,False,False,0.0,False,,-0.15,0.0,-0.73304,-0.58496,-0.50477,-0.4000000000000001,0.0,0.0,0.0,0.0,0.0,0.17,0.0,0.0,0.52333,0.0,0.0,-0.15,0.0,-0.73304,-0.58496,-0.50477,-0.4000000000000001,0.0,0.0,0.0,0.0,0.0,0.17,0.0,0.0,0.52333,0.0,0.0,-0.1599861834029675,-0.0027752335852664414,-0.7380127843123281,-0.5868136281214952,-0.5048312602953429,-0.4025194490495857,-9.175542170055694e-05,-9.994042262803247e-06,2.704816949484653e-07,-0.00013725992833903773,-8.675732442039586e-06,0.17172758457085596,-9.08592303854476e-05,-6.7682123157377265e-06,0.5269238356771269,5.879991930268724e-06,1.6474758820737243e-06
7,True,0.08000000000000006,6.236910623213205,False,False,0.0,False,,-0.15,0.0,-0.73304,-0.58496,-0.50477,-0.4000000000000001,0.0,0.0,0.0,0.0,0.0,0.17,0.0,0.0,0.52333,0.0,0.0,-0.15,0.0,-0.73304,-0.58496,-0.50477,-0.4000000000000001,0.0,0.0,0.0,0.0,0.0,0.17,0.0,0.0,0.52333,0.0,0.0,-0.16150728225314545,-0.002998917474604635,-0.7384193953194864,-0.5869676302847899,-0.5048407412019463,-0.4027157846192941,-9.334057268931948e-05,-1.065069783442199e-05,3.1260136571122673e-07,-0.00013698209124572363,-8.994504816204252e-06,0.17186437263830792,-9.014838000157807e-05,-6.860199981262586e-06,0.5272025474129598,8.846581085508858e-06,2.599649289097872e-06
8,True,0.09000000000000007,6.237436354617826,False,False,0.0,False,,-0.15,0.0,-0.73304,-0.58496,-0.50477,-0.4000000000000001,0.0,0.0,0.0,0.0,0.0,0.17,0.0,0.0,0.52333,0.0,0.0,-0.15,0.0,-0.73304,-0.58496,-0.50477,-0.4000000000000001,0.0,0.0,0.0,0.0,0.0,0.17,0.0,0.0,0.52333,0.0,0.0,-0.16283794778891073,-0.0031717596233332922,-0.7387366441623784,-0.587087304773001,-0.5048500625415431,-0.40286726511284765,-9.44452725658098e-05,-1.1178403260887909e-05,3.5403382689623064e-07,-0.00013607189274085995,-9.176550533624781e-06,0.17196995321867986,-8.889607130824499e-05,-6.826414948870627e-06,0.5274177229326511,1.2051000471903031e-05,3.6310067046964756e-06
9,True,0.10000000000000007,6.237836624842963,False,False,0.0,False,,-0.15,0.0,-0.73304,-0.58496,-0.50477,-0.4000000000000001,0.0,0.0,0.0,0.0,0.0,0.17,0.0,0.0,0.52333,0.0,0.0,-0.15,0.0,-0.73304,-0.58496,-0.50477,-0.4000000000000001,0.0,0.0,0.0,0.0,0.0,0.17,0.0,0.0,0.52333,0.0,0.0,-0.16396348677148836,-0.0033030803713610755,-0.7389805106934014,-0.5871786747994371,-0.5048592183701174,-0.4029827034918445,-9.524174422497932e-05,-1.1618744129381472e-05,3.947787874363825e-07,-0.00013478816334000276,-9.270031200263458e-06,0.17205035877825992,-8.731285907722104e-05,-6.711772373114238e-06,0.5275818568807028,1.5400216576853312e-05,4.709443637470499e-06
10,True,0.11000000000000008,6.2381378508984415,False,False,0.0,False,,-0.15,0.0,-0.73304,-0.58496,-0.50477,-0.4000000000000001,0.0,0.0,0.0,0.0,0.0,0.17,0.0,0.0,0.52333,0.0,0.0,-0.15,0.0,-0.73304,-0.58496,-0.50477,-0.4000000000000001,0.0,0.0,0.0,0.0,0.0,0.17,0.0,0.0,0.52333,0.0,0.0,-0.16488328183133377,-0.003401207109569426,-0.7391652423240936,-0.5872472110539646,-0.5048682047042465,-0.4030697435436896,-9.585584732689988e-05,-1.2005871513469232e-05,4.3484346783682347e-07,-0.00013331015000771874,-9.31425994462329e-06,0.1721108800885755,-8.555372638615697e-05,-6.552959569861669e-06,0.5277057473850448,1.8817420243678848e-05,5.808600128390913e-06
11,True,0.12000000000000009,6.23836206635853,False,False,0.0,False,,-0.15,0.0,-0.73304,-0.58496,-0.50477,-0.4000000000000001,0.0,0.0,0.0,0.0,0.0,0.17,0.0,0.0,0.52333,0.0,0.0,-0.15,0.0,-0.73304,-0.58496,-0.50477,-0.4000000000000001,0.0,0.0,0.0,0.0,0.0,0.17,0.0,0.0,0.52333,0.0,0.0,-0.16560705798502837,-0.0034732273784821117,-0.7393029827472946,-0.5872976322584534,-0.5048770191784214,-0.4031347190975305,-9.638176706214069e-05,-1.236677139613731e-05,4.742376813596949e-07,-0.00013176738348842472,-9.340064732932651e-06,0.17215593479522817,-8.373487467179506e-05,-6.37880369887878e-06,0.5277983276526189,2.224109954162852e-05,6.9075250868309225e-06
12,True,0.1300000000000001,6.238527099024643,False,False,0.0,False,,-0.15,0.0,-0.73304,-0.58496,-0.50477,-0.4000000000000001,0.0,0.0,0.0,0.0,0.0,0.17,0.0,0.0,0.52333,0.0,0.0,-0.15,0.0,-0.73304,-0.58496,-0.50477,-0.4000000000000001,0.0,0.0,0.0,0.0,0.0,0.17,0.0,0.0,0.52333,0.0,0.0,-0.16615162259719363,-0.003524997528742925,-0.7394038130931556,-0.5873338845694435,-0.5048856609164278,-0.4031827323414759,-9.688932963722801e-05,-1.2721885777096755e-05,5.129720281875868e-07,-0.00013025357075985788,-9.37055629630868e-06,0.17218910005045276,-8.194228334303015e-05,-6.210986063047233e-06,0.5278667930170563,2.5623739427407994e-05,7.990194514001607e-06
13,True,0.1400000000000001,6.238647087431286,False,False,0.0,False,,-0.15,0.0,-0.73304,-0.58496,-0.50477,-0.4000000000000001,0.0,0.0,0.0,0.0,0.0,0.17,0.0,0.0,0.52333,0.0,0.0,-0.15,0.0,-0.73304,-0.58496,-0.50477,-0.4000000000000001,0.0,0.0,0.0,0.0,0.0,0.17,0.0,0.0,0.52333,0.0,0.0,-0.16653812566138243,-0.003561263567676805,-0.7394759660691759,-0.5873592028546007,-0.5048941303811803,-0.40321781852079447,-9.742852494793845e-05,-1.3085896293941858e-05,5.510572603890134e-07,-0.00012883436916443424,-9.422084319197275e-06,0.1722132143279627,-8.023716639225369e-05,-6.064919636751949e-06,0.5279168404057643,2.893029486292113e-05,9.044947304101495e-06
14,True,0.1500000000000001,6.238733091217459,False,False,0.0,False,,-0.15,0.0,-0.73304,-0.58496,-0.50477,-0.4000000000000001,0.0,0.0,0.0,0.0,0.0,0.17,0.0,0.0,0.52333,0.0,0.0,-0.15,0.0,-0.73304,-0.58496,-0.50477,-0.4000000000000001,0.0,0.0,0.0,0.0,0.0,0.17,0.0,0.0,0.52333,0.0,0.0,-0.1667898404793078,-0.0035858154807732884,-0.739526090628126,-0.5873763049665375,-0.5049024292093292,-0.4032431299082119,-9.803297671321938e-05,-1.3468577771519954e-05,5.885040725567949e-07,-0.0001275528106297096,-9.505270826139943e-06,0.17223049887281033,-7.866026272158304e-05,-5.950695514602525e-06,0.5279529293597134,3.2136523788634534e-05,1.0063875829197952e-05
15,True,0.16000000000000011,6.238795208749046,False,False,0.0,False,,-0.15,0.0,-0.73304,-0.58496,-0.50477,-0.4000000000000001,0.0,0.0,0.0,0.0,0.0,0.17,0.0,0.0,0.52333,0.0,0.0,-0.15,0.0,-0.73304,-0.58496,-0.50477,-0.4000000000000001,0.0,0.0,0.0,0.0,0.0,0.17,0.0,0.0,0.52333,0.0,0.0,-0.16693041880851503,-0.0036018487849223103,-0.7395595014752515,-0.5873887580683929,-0.5049105604295309,-0.40326110815292066,-9.872319133684753e-05,-1.3875722194158324e-05,6.253230388177715e-07,-0.0001264340492913352,-9.62611537011773e-06,0.17224298264424676,-7.723590377293048e-05,-5.874096905049616e-06,0.5279785238388065,3.522711512740231e-05,1.1042157571527968e-05
16,True,0.17000000000000012,6.238845879882613,False,False,0.0,False,,-0.15,0.0,-0.73304,-0.58496,-0.50477,-0.4000000000000001,0.0,0.0,0.0,0.0,0.0,0.17,0.0,0.0,0.52333,0.0,0.0,-0.15,0.0,-0.73304,-0.58496,-0.50477,-0.4000000000000001,0.0,0.0,0.0,0.0,0.0,0.17,0.0,0.0,0.52333,0.0,0.0,-0.1669877947502529,-0.003613443462807938,-0.7395802952012643,-0.5873992348742453,-0.5049185259677831,-0.40327398929799996,-9.953037127474344e-05,-1.4316615452390977e-05,6.615247582160848e-07,-0.00012551845782280942,-9.794895707352149e-06,0.1722531658671763,-7.600212059132376e-05,-5.84479601983632e-06,0.5279962003179504,3.8180213818288e-05,1.1972555581615573e-05
17,True,0.18000000000000013,6.238891615279308,False,False,0.0,False,,-0.15,0.0,-0.73304,-0.58496,-0.50477,-0.4000000000000001,0.0,0.0,0.0,0.0,0.0,0.17,0.0,0.0,0.52333,0.0,0.0,-0.15,0.0,-0.73304,-0.58496,-0.50477,-0.4000000000000001,0.0,0.0,0.0,0.0,0.0,0.17,0.0,0.0,0.52333,0.0,0.0,-0.16700643084029673,-0.0036231584367972277,-0.7395936171884495,-0.5874087870895471,-0.5049263236669062,-0.4032844553595105,-0.0001005199102623393,-1.4811412459850338e-05,6.971200028187674e-07,-0.000124894238155649,-1.0034940253476172e-05,0.17226235719257024,-7.504033480904771e-05,-5.884425813830963e-06,0.5280087695356878,4.09521634831189e-05,1.2840008556794829e-05
18,True,0.19000000000000014,6.23893496890426,False,False,0.0,False,,-0.15,0.0,-0.73304,-0.58496,-0.50477,-0.4000000000000001,0.0,0.0,0.0,0.0,0.0,0.17,0.0,0.0,0.52333,0.0,0.0,-0.15,0.0,-0.73304,-0.58496,-0.50477,-0.4000000000000001,0.0,0.0,0.0,0.0,0.0,0.17,0.0,0.0,0.52333,0.0,0.0,-0.16701091158746564,-0.003632022448241445,-0.7396038480917291,-0.5874178513150505,-0.5049339599846228,-0.40329388183173964,-0.00010164506814882256,-1.534519641976057e-05,7.321185599209855e-07,-0.00012449492688722518,-1.0328089063676998e-05,0.1722710699843073,-7.429037893076937e-05,-5.976322703972976e-06,0.528019140358149,4.357342760509351e-05,1.3655545060780738e-05
19,True,0.20000000000000015,6.238976957301996,False,False,0.0,False,,-0.15,0.0,-0.73304,-0.58496,-0.50477,-0.4000000000000001,0.0,0.0,0.0,0.0,0.0,0.17,0.0,0.0,0.52333,0.0,0.0,-0.15,0.0,-0.73304,-0.58496,-0.50477,-0.4000000000000001,0.0,0.0,0.0,0.0,0.0,0.17,0.0,0.0,0.52333,0.0,0.0,-0.1670102302278583,-0.0036404554639706955,-0.7396127701855478,-0.5874266158380118,-0.5049414428371687,-0.40330280927582196,-0.00010283800310824604,-1.589659525474206e-05,7.665299259085212e-07,-0.00012422544247615684,-1.0648692634980394e-05,0.17227950857446978,-7.366565131553171e-05,-6.096861665093131e-06,0.5280285564168948,4.6088893599135934e-05,1.4435154029361666e-05
20,True,0.21000000000000016,6.239017988757386,False,False,0.0,False,,-0.15,0.0,-0.73304,-0.58496,-0.50477,-0.4000000000000001,0.0,0.0,0.0,0.0,0.0,0.17,0.0,0.0,0.52333,0.0,0.0,-0.15,0.0,-0.73304,-0.58496,-0.50477,-0.4000000000000001,0.0,0.0,0.0,0.0,0.0,0.17,0.0,0.0,0.52333,0.0,0.0,-0.16700767592227758,-0.003648629063487436,-0.739621089470698,-0.5874351617982214,-0.5049487783394497,-0.4033114509341625,-0.00010405414862171478,-1.645162690240342e-05,8.003636258618713e-07,-0.00012402325637010986,-1.0979970311191774e-05,0.17228775502692667,-7.310909960541932e-05,-6.2305525262832e-06,0.5280375053043895,4.852855859249365e-05,1.518948556376514e-05
21,True,0.22000000000000017,6.239058231288497,False,False,0.0,False,,-0.15,0.0,-0.73304,-0.58496,-0.50477,-0.4000000000000001,0.0,0.0,0.0,0.0,0.0,0.17,0.0,0.0,0.52333,0.0,0.0,-0.15,0.0,-0.73304,-0.58496,-0.50477,-0.4000000000000001,0.0,0.0,0.0,0.0,0.0,0.17,0.0,0.0,0.52333,0.0,0.0,-0.16700440782246512,-0.0036566140246664085,-0.7396290862818005,-0.5874435248634817,-0.504955971040913,-0.4033198918311718,-0.00010526945392207024,-1.700278695788618e-05,8.336291819658464e-07,-0.00012385438421059637,-1.1312873506860456e-05,0.17229584310756396,-7.258964704667829e-05,-6.36901091103392e-06,0.5280461791380153,5.090914924851623e-05,1.5924462502235798e-05
22,True,0.23000000000000018,6.2390977579403915,False,False,0.0,False,,-0.15,0.0,-0.73304,-0.58496,-0.50477,-0.4000000000000001,0.0,0.0,0.0,0.0,0.0,0.17,0.0,0.0,0.52333,0.0,0.0,-0.15,0.0,-0.73304,-0.58496,-0.50477,-0.4000000000000001,0.0,0.0,0.0,0.0,0.0,0.17,0.0,0.0,0.52333,0.0,0.0,-0.16700081621712326,-0.0036644402685883423,-0.739636872609227,-0.587451721508013,-0.5049630245242379,-0.40332816674580607,-0.00010647235318156541,-1.7546506184508006e-05,8.663360500054656e-07,-0.0001237021800041817,-1.1643042064655904e-05,0.17230378749069583,-7.209200793307092e-05,-6.5081642033418105e-06,0.5280546545328699,5.3239279550460766e-05,1.664312327797809e-05
23,True,0.24000000000000019,6.239136604036794,False,False,0.0,False,,-0.15,0.0,-0.73304,-0.58496,-0.50477,-0.4000000000000001,0.0,0.0,0.0,0.0,0.0,0.17,0.0,0.0,0.52333,0.0,0.0,-0.15,0.0,-0.73304,-0.58496,-0.50477,-0.4000000000000001,0.0,0.0,0.0,0.0,0.0,0.17,0.0,0.0,0.52333,0.0,0.0,-0.16699716016402005,-0.0036721210727904993,-0.7396444936785403,-0.5874597600411406,-0.5049699418166927,-0.40333629071708627,-0.00010765814381132296,-1.80813761619517e-05,8.984935777674207e-07,-0.00012355951999840013,-1.1968687725763698e-05,0.1723115952678629,-7.160957398655283e-05,-6.646306485811957e-06,0.5280629628803879,5.5523084584657987e-05,1.7346915610597557e-05
24,True,0.25000000000000017,6.239174790249758,False,False,0.0,False,,-0.15,0.0,-0.73304,-0.58496,-0.50477,-0.4000000000000001,0.0,0.0,0.0,0.0,0.0,0.17,0.0,0.0,0.52333,0.0,0.0,-0.15,0.0,-0.73304,-0.58496,-0.50477,-0.4000000000000001,0.0,0.0,0.0,0.0,0.0,0.17,0.0,0.0,0.52333,0.0,0.0,-0.1669935698223226,-0.0036796632523439397,-0.7396519688559906,-0.5874676456109647,-0.5049767257110493,-0.40334427112816296,-0.00010882474016039252,-1.8606811566300665e-05,9.301109748725172e-07,-0.00012342291431772812,-1.2289002384200166e-05,0.172319270585484,-7.113904801219907e-05,-6.782634206183767e-06,0.5280711180348382,5.776298129389781e-05,1.8036676919708127e-05
25,True,0.2600000000000002,6.239212331469561,False,False,0.0,False,,-0.15,0.0,-0.73304,-0.58496,-0.50477,-0.4000000000000001,0.0,0.0,0.0,0.0,0.0,0.17,0.0,0.0,0.52333,0.0,0.0,-0.15,0.0,-0.73304,-0.58496,-0.50477,-0.4000000000000001,0.0,0.0,0.0,0.0,0.0,0.17,0.0,0.0,0.52333,0.0,0.0,-0.1669900252027063,-0.0036870710788036026,-0.7396593074416968,-0.5874753821042105,-0.5049833788793104,-0.40335211237110735,-0.00010997109611457372,-1.9122553323831718e-05,9.61197303530685e-07,-0.0001232903220184097,-1.2603567489131846e-05,0.1723268164279616,-7.067845366414057e-05,-6.916703023950234e-06,0.5280791270228616,5.996069320381012e-05,1.8712998288250916e-05
26,True,0.2700000000000002,6.23924924000857,False,False,0.0,False,,-0.15,0.0,-0.73304,-0.58496,-0.50477,-0.4000000000000001,0.0,0.0,0.0,0.0,0.0,0.17,0.0,0.0,0.52333,0.0,0.0,-0.15,0.0,-0.73304,-0.58496,-0.50477,-0.4000000000000001,0.0,0.0,0.0,0.0,0.0,0.17,0.0,0.0,0.52333,0.0,0.0,-0.16698651133755768,-0.003694347622305763,-0.7396665144386801,-0.5874829727068696,-0.5049899038763594,-0.40335981758757017,-0.0001110970597388808,-1.9628622466051026e-05,9.91761480300807e-07,-0.00012316094950297216,-1.291229909802299e-05,0.1723342352617625,-7.022695394651126e-05,-7.048377680540168e-06,0.528086994088251,6.211734159177302e-05,1.9376257323563237e-05
27,True,0.2800000000000002,6.239285527071538,False,False,0.0,False,,-0.15,0.0,-0.73304,-0.58496,-0.50477,-0.4000000000000001,0.0,0.0,0.0,0.0,0.0,0.17,0.0,0.0,0.52333,0.0,0.0,-0.15,0.0,-0.73304,-0.58496,-0.50477,-0.4000000000000001,0.0,0.0,0.0,0.0,0.0,0.17,0.0,0.0,0.52333,0.0,0.0,-0.16698302265314793,-0.0037014954623229464,-0.739673593158407,-0.5874904203024178,-0.5049963031827955,-0.40336738941002875,-0.00011220282616602052,-2.012514781385429e-05,1.0218122745153054e-06,-0.00012303449285013646,-1.3215243063518409e-05,0.17234152933101404,-6.978416046960427e-05,-7.177643507605839e-06,0.5280947223691803,6.42338021838978e-05,2.002674478702449e-05
28,True,0.2900000000000002,6.239321203334652,False,False,0.0,False,,-0.15,0.0,-0.73304,-0.58496,-0.50477,-0.4000000000000001,0.0,0.0,0.0,0.0,0.0,0.17,0.0,0.0,0.52333,0.0,0.0,-0.15,0.0,-0.73304,-0.58496,-0.50477,-0.4000000000000001,0.0,0.0,0.0,0.0,0.0,0.17,0.0,0.0,0.52333,0.0,0.0,-0.1669795570193684,-0.003708516970556409,-0.7396805462455066,-0.5874977276329998,-0.505002579223391,-0.4033748302517708,-0.00011328870437321475,-2.061229259369181e-05,1.0513583090542208e-06,-0.00012291081532372948,-1.3512487934350288e-05,0.17234870077389416,-6.934983932635743e-05,-7.304526232724354e-06,0.5281023145529654,6.631085771999996e-05,2.0664718706691827e-05
29,True,0.3000000000000002,6.2393562791657455,False,False,0.0,False,,-0.15,0.0,-0.73304,-0.58496,-0.50477,-0.4000000000000001,0.0,0.0,0.0,0.0,0.0,0.17,0.0,0.0,0.52333,0.0,0.0,-0.15,0.0,-0.73304,-0.58496,-0.50477,-0.4000000000000001,0.0,0.0,0.0,0.0,0.0,0.17,0.0,0.0,0.52333,0.0,0.0,-0.16697611356878594,-0.003715414416471346,-0.7396873760668544,-0.5875048973579532,-0.5050087343737115,-0.4033821424180171,-0.0001143550372995542,-2.1090229339882517e-05,1.0804080622357457e-06,-0.000122789837056408,-1.380413520682252e-05,0.17235575166689227,-6.892381044964287e-05,-7.4290645721765305e-06,0.5281097731277541,6.83492505105757e-05,2.1290423003803725e-05
30,True,0.3100000000000002,6.239390764709195,False,False,0.0,False,,-0.15,0.0,-0.73304,-0.58496,-0.50477,-0.4000000000000001,0.0,0.0,0.0,0.0,0.0,0.17,0.0,0.0,0.52333,0.0,0.0,-0.15,0.0,-0.73304,-0.58496,-0.50477,-0.4000000000000001,0.0,0.0,0.0,0.0,0.0,0.17,0.0,0.0,0.52333,0.0,0.0,-0.166972691897283,-0.003722190006964042,-0.739694084859673,-0.5875119320753964,-0.5050147709628219,-0.4033893281487815,-0.00011540217479647275,-2.15591314225994e-05,1.1089698700562115e-06,-0.00012267149767757128,-1.4090289284181378e-05,0.1723626840418745,-6.850591349115649e-05,-7.551300965768132e-06,0.5281171004795943,7.034970048432045e-05,2.1904093882205814e-05
31,True,0.32000000000000023,6.239424669919838,False,False,0.0,False,,-0.15,0.0,-0.73304,-0.58496,-0.50477,-0.4000000000000001,0.0,0.0,0.0,0.0,0.0,0.17,0.0,0.0,0.52333,0.0,0.0,-0.15,0.0,-0.73304,-0.58496,-0.50477,-0.4000000000000001,0.0,0.0,0.0,0.0,0.0,0.17,0.0,0.0,0.52333,0.0,0.0,-0.16696929177108225,-0.0037288459015480105,-0.7397006747882063,-0.5875188343305451,-0.5050206912747187,-0.4033963896356616,-0.00011643046462838109,-2.201917025078845e-05,1.1370519285195372e-06,-0.00012255574380022654,-1.4371054147735839e-05,0.17236949989288525,-6.80959963725624e-05,-7.67127849123588e-06,0.5281242989301584,7.231291142257312e-05,2.2505962032314165e-05
32,True,0.33000000000000024,6.239458004577464,False,False,0.0,False,,-0.15,0.0,-0.73304,-0.58496,-0.50477,-0.4000000000000001,0.0,0.0,0.0,0.0,0.0,0.17,0.0,0.0,0.52333,0.0,0.0,-0.15,0.0,-0.73304,-0.58496,-0.50477,-0.4000000000000001,0.0,0.0,0.0,0.0,0.0,0.17,0.0,0.0,0.52333,0.0,0.0,-0.16696591301936858,-0.003735384218431309,-0.7397071479656768,-0.5875256066192623,-0.5050264975493532,-0.4034033290286632,-0.00011744024957591709,-2.247051439127234e-05,1.1646622959693383e-06,-0.00012244252488898927,-1.4646532288358003e-05,0.17237620117906888,-6.769391148166673e-05,-7.78903986040836e-06,0.5281313707516775,7.423957318820588e-05,2.3096253417372096e-05
33,True,0.34000000000000025,6.239490778294213,False,False,0.0,False,,-0.15,0.0,-0.73304,-0.58496,-0.50477,-0.4000000000000001,0.0,0.0,0.0,0.0,0.0,0.17,0.0,0.0,0.52333,0.0,0.0,-0.15,0.0,-0.73304,-0.58496,-0.50477,-0.4000000000000001,0.0,0.0,0.0,0.0,0.0,0.17,0.0,0.0,0.52333,0.0,0.0,-0.16696255549493355,-0.003741807037197987,-0.7397135064630476,-0.5875322513898987,-0.5050321919835201,-0.4034101484392098,-0.00011843186657509158,-2.2913329325826777e-05,1.1918088953952145e-06,-0.0001223317919159097,-1.4916824388405999e-05,0.1723827898261203,-6.729951441228909e-05,-7.904627106878713e-06,0.5281383181731135,7.613036261116746e-05,2.3675189584888376e-05
34,True,0.35000000000000026,6.239523000518928,False,False,0.0,False,,-0.15,0.0,-0.73304,-0.58496,-0.50477,-0.4000000000000001,0.0,0.0,0.0,0.0,0.0,0.17,0.0,0.0,0.52333,0.0,0.0,-0.15,0.0,-0.73304,-0.58496,-0.50477,-0.4000000000000001,0.0,0.0,0.0,0.0,0.0,0.17,0.0,0.0,0.52333,0.0,0.0,-0.1669592190597493,-0.003748116400218149,-0.7397197523127612,-0.5875387710445076,-0.5050377767316961,-0.4034168499416855,-0.00011940564652353948,-2.33477774165366e-05,1.2184995167046154e-06,-0.00012222349692768457,-1.5182029248005628e-05,0.172389267727174,-6.691266353625242e-05,-8.018081499158752e-06,0.5281451433829599,7.798594392866721e-05,2.4242987820926442e-05
35,True,0.36000000000000026,6.239554680540604,False,False,0.0,False,,-0.15,0.0,-0.73304,-0.58496,-0.50477,-0.4000000000000001,0.0,0.0,0.0,0.0,0.0,0.17,0.0,0.0,0.52333,0.0,0.0,-0.15,0.0,-0.73304,-0.58496,-0.50477,-0.4000000000000001,0.0,0.0,0.0,0.0,0.0,0.17,0.0,0.0,0.52333,0.0,0.0,-0.16695590357967857,-0.0037543143135772244,-0.739725887510561,-0.5875451679398314,-0.5050432539068568,-0.4034234355744105,-0.00012036191429965485,-2.3774017937082073e-05,1.2447418189577632e-06,-0.00012211759290406282,-1.5442243788667333e-05,0.17239563674347497,-6.653321984170389e-05,-8.129443525464016e-06,0.5281518485307369,7.980696907882233e-05,2.4799861252791277e-05
36,True,0.3700000000000003,6.239585827491344,False,False,0.0,False,,-0.15,0.0,-0.73304,-0.58496,-0.50477,-0.4000000000000001,0.0,0.0,0.0,0.0,0.0,0.17,0.0,0.0,0.52333,0.0,0.0,-0.15,0.0,-0.73304,-0.58496,-0.50477,-0.4000000000000001,0.0,0.0,0.0,0.0,0.0,0.17,0.0,0.0,0.52333,0.0,0.0,-0.16695260892253308,-0.0037604027478189144,-0.7397319140165739,-0.5875514443881954,-0.5050486255812743,-0.40342990734039313,-0.00012130098884664479,-2.4192207123695353e-05,1.2705433325653714e-06,-0.00012201403370642127,-1.569756308021767e-05,0.17240189870496125,-6.616104685433436e-05,-8.238752900350072e-06,0.5281584357279787,8.159407794549898e-05,2.5346018934561466e-05
37,True,0.3800000000000003,6.2396164503490015,False,False,0.0,False,,-0.15,0.0,-0.73304,-0.58496,-0.50477,-0.4000000000000001,0.0,0.0,0.0,0.0,0.0,0.17,0.0,0.0,0.52333,0.0,0.0,-0.15,0.0,-0.73304,-0.58496,-0.50477,-0.4000000000000001,0.0,0.0,0.0,0.0,0.0,0.17,0.0,0.0,0.52333,0.0,0.0,-0.16694933495735878,-0.003766383638611639,-0.7397378337561074,-0.587557602658358,-0.5050538937873013,-0.4034362672079895,-0.00012222318327450107,-2.4602498231146782e-05,1.2959114614495648e-06,-0.00012191277405305837,-1.5948080374054394e-05,0.17240805541080795,-6.579601058357501e-05,-8.346048577532035e-06,0.528164907049017,8.334789858559706e-05,2.5881665926449324e-05
38,True,0.3900000000000003,6.239646557940001,False,False,0.0,False,,-0.15,0.0,-0.73304,-0.58496,-0.50477,-0.4000000000000001,0.0,0.0,0.0,0.0,0.0,0.17,0.0,0.0,0.52333,0.0,0.0,-0.15,0.0,-0.73304,-0.58496,-0.50477,-0.4000000000000001,0.0,0.0,0.0,0.0,0.0,0.17,0.0,0.0,0.52333,0.0,0.0,-0.16694608155417076,-0.0037722588873795562,-0.7397436486203286,-0.5875636449763364,-0.5050590605181391,-0.40344251711152096,-0.0001231288049654946,-2.5005041589306013e-05,1.3208534851685238e-06,-0.00012181376950192773,-1.6193887137596818e-05,0.1724141086299508,-6.543797947615855e-05,-8.45136876415087e-06,0.5281712645316796,8.506904744847796e-05,2.6407003371384203e-05
39,True,0.4000000000000003,6.23967615894168,False,False,0.0,False,,-0.15,0.0,-0.73304,-0.58496,-0.50477,-0.4000000000000001,0.0,0.0,0.0,0.0,0.0,0.17,0.0,0.0,0.52333,0.0,0.0,-0.15,0.0,-0.73304,-0.58496,-0.50477,-0.4000000000000001,0.0,0.0,0.0,0.0,0.0,0.17,0.0,0.0,0.52333,0.0,0.0,-0.1669428485838528,-0.0037780303619135863,-0.7397493604668941,-0.5875695735262134,-0.5050641277285922,-0.40344865895186993,-0.0001240181556790345,-2.5399984659008418e-05,1.3453765610054583e-06,-0.000121716976435291,-1.643507308848504e-05,0.17242006010159697,-6.508682437199068e-05,-8.554750935144518e-06,0.5281775101779506,8.675812959043537e-05,2.6922228569828162e-05
40,True,0.4100000000000003,6.239705261885109,False,False,0.0,False,,-0.15,0.0,-0.73304,-0.58496,-0.50477,-0.4000000000000001,0.0,0.0,0.0,0.0,0.0,0.17,0.0,0.0,0.52333,0.0,0.0,-0.15,0.0,-0.73304,-0.58496,-0.50477,-0.4000000000000001,0.0,0.0,0.0,0.0,0.0,0.17,0.0,0.0,0.52333,0.0,0.0,-0.16693963591811753,-0.0037836998969683288,-0.7397549711205516,-0.587575390450928,-0.5050690973358074,-0.40345469459706035,-0.00012489153165481714,-2.578747208691089e-05,1.369487726022447e-06,-0.0001216223520448661,-1.667172622817138e-05,0.1724259115357255,-6.474241846101975e-05,-8.656231847387539e-06,0.5281836459546061,8.841573888504366e-05,2.742753505311244e-05
41,True,0.4200000000000003,6.239733875157332,False,False,0.0,False,,-0.15,0.0,-0.73304,-0.58496,-0.50477,-0.4000000000000001,0.0,0.0,0.0,0.0,0.0,0.17,0.0,0.0,0.52333,0.0,0.0,-0.15,0.0,-0.73304,-0.58496,-0.50477,-0.4000000000000001,0.0,0.0,0.0,0.0,0.0,0.17,0.0,0.0,0.52333,0.0,0.0,-0.1669364434294885,-0.0037892692948471884,-0.739760482373727,-0.5875810978530505,-0.5050739712199993,-0.403460625882827,-0.00012574922371405922,-2.616764575928742e-05,1.3931938990798204e-06,-0.0001215298543171806,-1.6903932874845708e-05,0.17243166461357898,-6.44046372408276e-05,-8.755847553538694e-06,0.5281896737938364,9.004245822962947e-05,2.7923112655379037e-05
42,True,0.4300000000000003,6.239762007003891,False,False,0.0,False,,-0.15,0.0,-0.73304,-0.58496,-0.50477,-0.4000000000000001,0.0,0.0,0.0,0.0,0.0,0.17,0.0,0.0,0.52333,0.0,0.0,-0.15,0.0,-0.73304,-0.58496,-0.50477,-0.4000000000000001,0.0,0.0,0.0,0.0,0.0,0.17,0.0,0.0,0.52333,0.0,0.0,-0.16693327099129063,-0.003794740325976684,-0.739765895987098,-0.5875866977955427,-0.5050787512251619,-0.4034664546131738,-0.00012659151735882576,-2.6540644854779394e-05,1.416501882821566e-06,-0.00012143944201911188,-1.7131777695706074e-05,0.17243732098814651,-6.407335847491483e-05,-8.853633415600507e-06,0.5281955955938551,9.163885974795902e-05,2.840914758416006e-05
43,True,0.44000000000000034,6.2397896655312595,False,False,0.0,False,,-0.15,0.0,-0.73304,-0.58496,-0.50477,-0.4000000000000001,0.0,0.0,0.0,0.0,0.0,0.17,0.0,0.0,0.52333,0.0,0.0,-0.15,0.0,-0.73304,-0.58496,-0.50477,-0.4000000000000001,0.0,0.0,0.0,0.0,0.0,0.17,0.0,0.0,0.52333,0.0,0.0,-0.1669301184776434,-0.0038001147294704288,-0.7397712136901564,-0.5875921923025051,-0.5050834391597661,-0.40347218256092243,-0.0001274186928695044,-2.690660589612658e-05,1.4394183656274496e-06,-0.00012135107468363925,-1.7355343738596203e-05,0.17244288228463847,-6.374846215169394e-05,-8.949624118204563e-06,0.5282014132194965,9.32055049892033e-05,2.888582248961723e-05
44,True,0.45000000000000034,6.239816858709123,False,False,0.0,False,,-0.15,0.0,-0.73304,-0.58496,-0.50477,-0.4000000000000001,0.0,0.0,0.0,0.0,0.0,0.17,0.0,0.0,0.52333,0.0,0.0,-0.15,0.0,-0.73304,-0.58496,-0.50477,-0.4000000000000001,0.0,0.0,0.0,0.0,0.0,0.17,0.0,0.0,0.52333,0.0,0.0,-0.16692698576345547,-0.0038053942136830675,-0.7397764371817617,-0.587597583359908,-0.5050880367974441,-0.40347781146825135,-0.00012823102540047429,-2.7265662800903555e-05,1.4619499235323057e-06,-0.0001212647125958289,-1.7574712463028977e-05,0.17244835010095358,-6.342983044419947e-05,-9.04385368163418e-06,0.5282071285028035,9.474294512324073e-05,2.9353316532463765e-05
45,True,0.46000000000000035,6.239843594372787,False,False,0.0,False,,-0.15,0.0,-0.73304,-0.58496,-0.50477,-0.4000000000000001,0.0,0.0,0.0,0.0,0.0,0.17,0.0,0.0,0.52333,0.0,0.0,-0.15,0.0,-0.73304,-0.58496,-0.50477,-0.4000000000000001,0.0,0.0,0.0,0.0,0.0,0.17,0.0,0.0,0.52333,0.0,0.0,-0.1669238727244193,-0.0038105804567543913,-0.7397815681306827,-0.5876028729163101,-0.5050925458776606,-0.40348334304722555,-0.00012902878507401263,-2.7617946931283545e-05,1.484103022113137e-06,-0.00012118031677906103,-1.778996377061167e-05,0.17245372600813758,-6.311734767051472e-05,-9.136355474593197e-06,0.528212743243603,9.625172113235927e-05,2.9811805450591528e-05
46,True,0.47000000000000036,6.239869880225341,False,False,0.0,False,,-0.15,0.0,-0.73304,-0.58496,-0.50477,-0.4000000000000001,0.0,0.0,0.0,0.0,0.0,0.17,0.0,0.0,0.52333,0.0,0.0,-0.15,0.0,-0.73304,-0.58496,-0.50477,-0.4000000000000001,0.0,0.0,0.0,0.0,0.0,0.17,0.0,0.0,0.52333,0.0,0.0,-0.16692077923700643,-0.003815675107143815,-0.7397866081761313,-0.5876080628835633,-0.5050969681063711,-0.40348877898031704,-0.00012981223707247622,-2.7963587142850066e-05,1.5058840183444242e-06,-0.000121097848981502,-1.8001176034886388e-05,0.17245901155083468,-6.281090025490889e-05,-9.227162226727567e-06,0.5282182592100737,9.773236399942119e-05,3.0261461624427147e-05
47,True,0.48000000000000037,6.239895723840015,False,False,0.0,False,,-0.15,0.0,-0.73304,-0.58496,-0.50477,-0.4000000000000001,0.0,0.0,0.0,0.0,0.0,0.17,0.0,0.0,0.52333,0.0,0.0,-0.15,0.0,-0.73304,-0.58496,-0.50477,-0.4000000000000001,0.0,0.0,0.0,0.0,0.0,0.17,0.0,0.0,0.52333,0.0,0.0,-0.16691770517846244,-0.0038206797841553995,-0.7397915589282854,-0.5876131551375042,-0.505101305156667,-0.4034941209209163,-0.00013058164172879104,-2.8302709832475186e-05,1.5272991624223695e-06,-0.00012101727166282059,-1.8208426130597977e-05,0.1724642082477312,-6.251037668967473e-05,-9.316306040905446e-06,0.5282236781393019,9.918539489255477e-05,3.070245414104073e-05
48,True,0.4900000000000004,6.239921132662271,False,False,0.0,False,,-0.15,0.0,-0.73304,-0.58496,-0.50477,-0.4000000000000001,0.0,0.0,0.0,0.0,0.0,0.17,0.0,0.0,0.52333,0.0,0.0,-0.15,0.0,-0.73304,-0.58496,-0.50477,-0.4000000000000001,0.0,0.0,0.0,0.0,0.0,0.17,0.0,0.0,0.52333,0.0,0.0,-0.16691465042680223,-0.003825596078453584,-0.7397964219688039,-0.5876181515186324,-0.505105558669409,-0.4034993704938349,-0.00013133725461528294,-2.8635438985282644e-05,1.5483545995584232e-06,-0.00012093854798114536,-1.8411789462400692e-05,0.1724693175919918,-6.22156674976555e-05,-9.403818405260802e-06,0.5282290017378284,0.0001006113253464359,3.1134948857030786e-05
49,True,0.5000000000000003,6.239946114012028,False,False,0.0,False,,-0.15,0.0,-0.73304,-0.58496,-0.50477,-0.4000000000000001,0.0,0.0,0.0,0.0,0.0,0.17,0.0,0.0,0.52333,0.0,0.0,-0.15,0.0,-0.73304,-0.58496,-0.50477,-0.4000000000000001,0.0,0.0,0.0,0.0,0.0,0.17,0.0,0.0,0.52333,0.0,0.0,-0.16691161486080516,-0.0038304255525697948,-0.7398011988513307,-0.5876230538327762,-0.505109730253848,-0.4035045292957996,-0.00013207932663087998,-2.8961896220713486e-05,1.5690563717427553e-06,-0.00012086164178025936,-1.861133999301466e-05,0.17247434105168824,-6.19266651954493e-05,-9.489730205005248e-06,0.5282342316821851,0.00010201065744022255,3.155910846020862e-05
50,True,0.5100000000000003,6.239970675085791,False,False,0.0,False,,-0.15,0.0,-0.73304,-0.58496,-0.50477,-0.4000000000000001,0.0,0.0,0.0,0.0,0.0,0.17,0.0,0.0,0.52333,0.0,0.0,-0.15,0.0,-0.73304,-0.58496,-0.50477,-0.4000000000000001,0.0,0.0,0.0,0.0,0.0,0.17,0.0,0.0,0.52333,0.0,0.0,-0.16690859836001037,-0.003835169741400091,-0.7398058911019916,-0.5876278638517461,-0.5051138214882338,-0.4035095988959376,-0.0001328081040867162,-2.9282200837711474e-05,1.5894104194780347e-06,-0.00012078651757702841,-1.8807150270842754e-05,0.17247928007022117,-6.164326425727902e-05,-9.57407173401268e-06,0.5282393696194236,0.00010338388397220355,3.197509253010506e-05
51,True,0.5200000000000004,6.239994822958672,False,False,0.0,False,,-0.15,0.0,-0.73304,-0.58496,-0.50477,-0.4000000000000001,0.0,0.0,0.0,0.0,0.0,0.17,0.0,0.0,0.52333,0.0,0.0,-0.15,0.0,-0.73304,-0.58496,-0.50477,-0.4000000000000001,0.0,0.0,0.0,0.0,0.0,0.17,0.0,0.0,0.52333,0.0,0.0,-0.16690560080471195,-0.003839830152694007,-0.7398105002198819,-0.5876325833139753,-0.505117833920413,-0.40351458083625374,-0.0001335238287901667,-2.9596469859044968e-05,1.6094225834841262e-06,-0.00012071314054905855,-1.8999291457058194e-05,0.1724841360667347,-6.136536107951575e-05,-9.656872706181078e-06,0.5282444171676327,0.00010473148863122267,3.2383057597322e-05
52,True,0.5300000000000004,6.240018564586529,False,False,0.0,False,,-0.15,0.0,-0.73304,-0.58496,-0.50477,-0.4000000000000001,0.0,0.0,0.0,0.0,0.0,0.17,0.0,0.0,0.52333,0.0,0.0,-0.15,0.0,-0.73304,-0.58496,-0.50477,-0.4000000000000001,0.0,0.0,0.0,0.0,0.0,0.17,0.0,0.0,0.52333,0.0,0.0,-0.1669026220759543,-0.0038444082675347492,-0.739815027677545,-0.5876372139251481,-0.5051217690684136,-0.4035194766320992,-0.00013422673812734233,-2.990481807478201e-05,1.6290986063741582e-06,-0.00012064147652257858,-1.9187833352173138e-05,0.17248891043652406,-6.109285394584414e-05,-9.7381622665758e-06,0.5282493759164484,0.00010605394616493691,3.278315720175068e-05
53,True,0.5400000000000004,6.240041906807916,False,False,0.0,False,,-0.15,0.0,-0.73304,-0.58496,-0.50477,-0.4000000000000001,0.0,0.0,0.0,0.0,0.0,0.17,0.0,0.0,0.52333,0.0,0.0,-0.15,0.0,-0.73304,-0.58496,-0.50477,-0.4000000000000001,0.0,0.0,0.0,0.0,0.0,0.17,0.0,0.0,0.52333,0.0,0.0,-0.16689966205552745,-0.0038489055408108966,-0.7398194749214424,-0.5876417573588179,-0.5051256284210198,-0.4035242877726323,-0.00013491706514407256,-3.020735808493464e-05,1.6484441343024418e-06,-0.00012057149196054387,-1.937284442209811e-05,0.17249360455143625,-6.0825642993057705e-05,-9.817969002358567e-06,0.5282542474275534,0.00010735172254496805,3.31755419496786e-05
54,True,0.5500000000000004,6.240064856346135,False,False,0.0,False,,-0.15,0.0,-0.73304,-0.58496,-0.50477,-0.4000000000000001,0.0,0.0,0.0,0.0,0.0,0.17,0.0,0.0,0.52333,0.0,0.0,-0.15,0.0,-0.73304,-0.58496,-0.50477,-0.4000000000000001,0.0,0.0,0.0,0.0,0.0,0.17,0.0,0.0,0.52333,0.0,0.0,-0.16689672062596247,-0.0038533234016797538,-0.7398238433724154,-0.5876462152570113,-0.5051294134383361,-0.403529015721271,-0.0001355950386254044,-3.050420034128837e-05,1.6674647185846565e-06,-0.00012050315395095712,-1.95543918237021e-05,0.1724982197602642,-6.056363017747332e-05,-9.896320953506254e-06,0.5282590332351697,0.00010862527512900447,3.3560359569806e-05
55,True,0.5600000000000004,6.240087419811089,False,False,0.0,False,,-0.15,0.0,-0.73304,-0.58496,-0.50477,-0.4000000000000001,0.0,0.0,0.0,0.0,0.0,0.17,0.0,0.0,0.52333,0.0,0.0,-0.15,0.0,-0.73304,-0.58496,-0.50477,-0.4000000000000001,0.0,0.0,0.0,0.0,0.0,0.17,0.0,0.0,0.52333,0.0,0.0,-0.16689379767052673,-0.003857663254022515,-0.7398281344261396,-0.5876505892308228,-0.5051331255523389,-0.4035336619161381,-0.00013626088317364403,-3.079545318843244e-05,1.6861658172908942e-06,-0.00012043643019540222,-1.9732541429882885e-05,0.17250275738913415,-6.0306719241953025e-05,-9.973245623323551e-06,0.5282637348465398,0.00010987505281990957,3.393775496819289e-05
56,True,0.5700000000000004,6.2401096037013,False,False,0.0,False,,-0.15,0.0,-0.73304,-0.58496,-0.50477,-0.4000000000000001,0.0,0.0,0.0,0.0,0.0,0.17,0.0,0.0,0.52333,0.0,0.0,-0.15,0.0,-0.73304,-0.58496,-0.50477,-0.4000000000000001,0.0,0.0,0.0,0.0,0.0,0.17,0.0,0.0,0.52333,0.0,0.0,-0.1668908930732195,-0.0038619264768913687,-0.7398323494535705,-0.5876548808609973,-0.5051367661674191,-0.40353822777049836,-0.0001369148192849683,-3.108122290400599e-05,1.7045527968118796e-06,-0.00012037128899778743,-1.9907357854156905e-05,0.17250721874188657,-6.0054815683522704e-05,-1.0048769988753443e-05,0.528268353742403,0.00011110149622189222,3.430787028215705e-05
57,True,0.5800000000000004,6.24013141440575,False,False,0.0,False,,-0.15,0.0,-0.73304,-0.58496,-0.50477,-0.4000000000000001,0.0,0.0,0.0,0.0,0.0,0.17,0.0,0.0,0.52333,0.0,0.0,-0.15,0.0,-0.73304,-0.58496,-0.50477,-0.4000000000000001,0.0,0.0,0.0,0.0,0.0,0.17,0.0,0.0,0.52333,0.0,0.0,-0.16688800671876722,-0.0038661144249486977,-0.739836489801381,-0.5876590916985014,-0.5051403366609122,-0.4035427146731879,-0.00013755706342463223,-3.136161373817537e-05,1.722630933398931e-06,-0.00012030769925329378,-2.0078904474778033e-05,0.1725116051004506,-5.980782672157652e-05,-1.0122920510489392e-05,0.5282728913774603,0.00011230503779379334,3.467084493314293e-05
58,True,0.5900000000000004,6.2401528582056836,False,False,0.0,False,,-0.15,0.0,-0.73304,-0.58496,-0.50477,-0.4000000000000001,0.0,0.0,0.0,0.0,0.0,0.17,0.0,0.0,0.52333,0.0,0.0,-0.15,0.0,-0.73304,-0.58496,-0.50477,-0.4000000000000001,0.0,0.0,0.0,0.0,0.0,0.17,0.0,0.0,0.52333,0.0,0.0,-0.166885138492619,-0.003870228428898507,-0.7398405567923915,-0.5876632232650851,-0.5051438383836213,-0.40354712398903686,-0.00013818782810079812,-3.1636727952357004e-05,1.7404054146780461e-06,-0.00012024563043752544,-2.0247243458394108e-05,0.17251591772521238,-5.956566126665666e-05,-1.0195723142893072e-05,0.5282773491808321,0.00011348610199954186,3.502681567858117e-05
59,True,0.6000000000000004,6.240173941276531,False,False,0.0,False,,-0.15,0.0,-0.73304,-0.58496,-0.50477,-0.4000000000000001,0.0,0.0,0.0,0.0,0.0,0.17,0.0,0.0,0.52333,0.0,0.0,-0.15,0.0,-0.73304,-0.58496,-0.50477,-0.4000000000000001,0.0,0.0,0.0,0.0,0.0,0.17,0.0,0.0,0.52333,0.0,0.0,-0.16688228828094226,-0.003874269795910221,-0.7398445517259928,-0.5876672770538316,-0.5051472726603267,-0.403551457059284,-0.00013880732193701151,-3.1906665857200394e-05,1.7578813411385116e-06,-0.00012018505259585789,-2.0412435783250228e-05,0.17252015785537692,-5.932822988979802e-05,-1.026720334372135e-05,0.5282817285565089,0.00011464510545583251,3.537591666275807e-05
60,True,0.6100000000000004,6.240194669689608,False,False,0.0,False,,-0.15,0.0,-0.73304,-0.58496,-0.50477,-0.4000000000000001,0.0,0.0,0.0,0.0,0.0,0.17,0.0,0.0,0.52333,0.0,0.0,-0.15,0.0,-0.73304,-0.58496,-0.50477,-0.4000000000000001,0.0,0.0,0.0,0.0,0.0,0.17,0.0,0.0,0.52333,0.0,0.0,-0.1668794559706181,-0.0038782398100349843,-0.7398484758785606,-0.5876712545296974,-0.5051506407902878,-0.40355571520198463,-0.00013941574974334927,-3.2171525849845466e-05,1.7750637275965755e-06,-0.00012012593633298052,-2.0574541261947358e-05,0.1725243267093242,-5.909544479242736e-05,-1.0337386083666208e-05,0.5282860308837921,0.00011578245707707637,3.571827946671371e-05
61,True,0.6200000000000004,6.240215049413914,False,False,0.0,False,,-0.15,0.0,-0.73304,-0.58496,-0.50477,-0.4000000000000001,0.0,0.0,0.0,0.0,0.0,0.17,0.0,0.0,0.52333,0.0,0.0,-0.15,0.0,-0.73304,-0.58496,-0.50477,-0.4000000000000001,0.0,0.0,0.0,0.0,0.0,0.17,0.0,0.0,0.52333,0.0,0.0,-0.1668766414492369,-0.003882139732614596,-0.7398523305038635,-0.5876751571300427,-0.5051539440477352,-0.40355989971241124,-0.00014001331258626325,-3.243140445046789e-05,1.791957504634483e-06,-0.00012006825280263014,-2.073361856376494e-05,0.17252842548495895,-5.8867219776807326e-05,-1.040629585571121e-05,0.5282902575177293,0.00011689855821767494,3.605403315718753e-05
62,True,0.6300000000000004,6.240235086317878,False,False,0.0,False,,-0.15,0.0,-0.73304,-0.58496,-0.50477,-0.4000000000000001,0.0,0.0,0.0,0.0,0.0,0.17,0.0,0.0,0.52333,0.0,0.0,-0.15,0.0,-0.73304,-0.58496,-0.50477,-0.4000000000000001,0.0,0.0,0.0,0.0,0.0,0.17,0.0,0.0,0.52333,0.0,0.0,-0.16687384460509389,-0.0038859708026832114,-0.739856116833463,-0.5876789862651506,-0.5051571836823521,-0.4035640118634473,-0.00014060020785714445,-3.268639633812623e-05,1.8085675200153682e-06,-0.00012001197369751179,-2.0889725236555668e-05,0.17253245536005496,-5.8643470217015045e-05,-1.0473956684308016e-05,0.5282944097895397,0.00011799380281166692,3.638330433462931e-05
63,True,0.6400000000000005,6.240254786171001,False,False,0.0,False,,-0.15,0.0,-0.73304,-0.58496,-0.50477,-0.4000000000000001,0.0,0.0,0.0,0.0,0.0,0.17,0.0,0.0,0.52333,0.0,0.0,-0.15,0.0,-0.73304,-0.58496,-0.50477,-0.4000000000000001,0.0,0.0,0.0,0.0,0.0,0.17,0.0,0.0,0.52333,0.0,0.0,-0.16687106532718476,-0.0038897342373619393,-0.739859836077107,-0.5876827433187376,-0.5051603609197474,-0.40356805290597436,-0.0001411766293396302,-3.29365943859241e-05,1.8248985400743747e-06,-0.00011995707123940366,-2.1042917728220813e-05,0.1725364174925932,-5.8424113030445967e-05,-1.0540392134376422e-05,0.5282984890070336,0.00011906857750979623,3.670621718029362e-05
64,True,0.6500000000000005,6.240274154645579,False,False,0.0,False,,-0.15,0.0,-0.73304,-0.58496,-0.50477,-0.4000000000000001,0.0,0.0,0.0,0.0,0.0,0.17,0.0,0.0,0.52333,0.0,0.0,-0.15,0.0,-0.73304,-0.58496,-0.50477,-0.4000000000000001,0.0,0.0,0.0,0.0,0.0,0.17,0.0,0.0,0.52333,0.0,0.0,-0.16686830350520135,-0.0038934312322464544,-0.7398634894231169,-0.5876864296484536,-0.5051634769619197,-0.4035720240692522,-0.0001417427672756782,-3.31820896955005e-05,1.8409552510863879e-06,-0.00011990351816944243,-2.119325140777398e-05,0.1725403130210945,-5.8209066649833274e-05,-1.060562532013134e-05,0.528302496455024,0.0001201232618140489,3.702289350243504e-05
65,True,0.6600000000000005,6.240293197318352,False,False,0.0,False,,-0.15,0.0,-0.73304,-0.58496,-0.50477,-0.4000000000000001,0.0,0.0,0.0,0.0,0.0,0.17,0.0,0.0,0.52333,0.0,0.0,-0.15,0.0,-0.73304,-0.58496,-0.50477,-0.4000000000000001,0.0,0.0,0.0,0.0,0.0,0.17,0.0,0.0,0.52333,0.0,0.0,-0.16686555902952732,-0.0038970629617877577,-0.7398670780387655,-0.5876900465863738,-0.5051665329877117,-0.4035759265612925,-0.00014229880843042938,-3.3422971630861136e-05,1.8567422606108238e-06,-0.00011985128773858609,-2.13407805860013e-05,0.17254414306494645,-5.799825099577355e-05,-1.066967891374e-05,0.5283064333957309,0.0001211582282097056,3.733345278162144e-05
66,True,0.6700000000000005,6.240311919672076,False,False,0.0,False,,-0.15,0.0,-0.73304,-0.58496,-0.50477,-0.4000000000000001,0.0,0.0,0.0,0.0,0.0,0.17,0.0,0.0,0.52333,0.0,0.0,-0.15,0.0,-0.73304,-0.58496,-0.50477,-0.4000000000000001,0.0,0.0,0.0,0.0,0.0,0.17,0.0,0.0,0.52333,0.0,0.0,-0.16686283179123365,-0.003900630579666198,-0.7398706030706514,-0.5876935954394795,-0.5051695301532568,-0.40357976156922637,-0.0001428449361558823,-3.3659327851563346e-05,1.872264098813821e-06,-0.00011980035369825078,-2.148555853572574e-05,0.1725479087247252,-5.779158744974964e-05,-1.0732575153812672e-05,0.5283103010691789,0.00012217384229495565,3.7638012215182114e-05
67,True,0.6800000000000005,6.240330327097107,False,False,0.0,False,,-0.15,0.0,-0.73304,-0.58496,-0.50477,-0.4000000000000001,0.0,0.0,0.0,0.0,0.0,0.17,0.0,0.0,0.52333,0.0,0.0,-0.15,0.0,-0.73304,-0.58496,-0.50477,-0.4000000000000001,0.0,0.0,0.0,0.0,0.0,0.17,0.0,0.0,0.52333,0.0,0.0,-0.16686012168207454,-0.0039041352191588777,-0.7398740656450644,-0.5876970774901314,-0.5051724695924164,-0.4035835302596649,-0.00014338133045340036,-3.389124434526694e-05,1.8875252197682013e-06,-0.00011975069029111856,-2.1627637511683094e-05,0.1725516110825113,-5.758899882764161e-05,-1.0794335853730112e-05,0.5283141006935865,0.00012317046290811755,3.7936686760807325e-05
68,True,0.6900000000000005,6.240348424893028,False,False,0.0,False,,-0.15,0.0,-0.73304,-0.58496,-0.50477,-0.4000000000000001,0.0,0.0,0.0,0.0,0.0,0.17,0.0,0.0,0.52333,0.0,0.0,-0.15,0.0,-0.73304,-0.58496,-0.50477,-0.4000000000000001,0.0,0.0,0.0,0.0,0.0,0.17,0.0,0.0,0.52333,0.0,0.0,-0.1668574285944831,-0.003907577993500561,-0.7398774668683451,-0.5877004939965333,-0.5051753524172083,-0.40358723377905426,-0.0001439081680350738,-3.411880545966313e-05,1.9025300027316308e-06,-0.00011970227224211306,-2.176706877001716e-05,0.1725552512022007,-5.7390409353717025e-05,-1.0854982409810858e-05,0.5283178334657507,0.00012414844225251012,3.8229589179315405e-05
69,True,0.7000000000000005,6.240366218270126,False,False,0.0,False,,-0.15,0.0,-0.73304,-0.58496,-0.50477,-0.4000000000000001,0.0,0.0,0.0,0.0,0.0,0.17,0.0,0.0,0.52333,0.0,0.0,-0.15,0.0,-0.73304,-0.58496,-0.50477,-0.4000000000000001,0.0,0.0,0.0,0.0,0.0,0.17,0.0,0.0,0.52333,0.0,0.0,-0.16685475242156717,-0.003910959996238193,-0.7398808078272388,-0.5877038461931873,-0.5051781797182291,-0.40359087325402376,-0.00014442562238395687,-3.4342093933793385e-05,1.9172827534032947e-06,-0.00011965507474953975,-2.190390258740137e-05,0.1725588301298102,-5.719574463509198e-05,-1.091453580932146e-05,0.5283215005614229,0.00012510812601901802,3.8516830076603334e-05
70,True,0.7100000000000005,6.240383712350886,False,False,0.0,False,,-0.15,0.0,-0.73304,-0.58496,-0.50477,-0.4000000000000001,0.0,0.0,0.0,0.0,0.0,0.17,0.0,0.0,0.52333,0.0,0.0,-0.15,0.0,-0.73304,-0.58496,-0.50477,-0.4000000000000001,0.0,0.0,0.0,0.0,0.0,0.17,0.0,0.0,0.52333,0.0,0.0,-0.166852093057105,-0.003914282301579156,-0.7398840895892417,-0.5877071352913397,-0.5051809525650648,-0.40359444979172876,-0.0001449338638132013,-3.4561190928769915e-05,1.931787705159432e-06,-0.00011960907347638799,-2.203818827979401e-05,0.172562348893778,-5.700493163665411e-05,-1.0973016638332664e-05,0.5283251031356796,0.00012604985350639342,3.879851794479638e-05
71,True,0.7200000000000005,6.240400912171504,False,False,0.0,False,,-0.15,0.0,-0.73304,-0.58496,-0.50477,-0.4000000000000001,0.0,0.0,0.0,0.0,0.0,0.17,0.0,0.0,0.52333,0.0,0.0,-0.15,0.0,-0.73304,-0.58496,-0.50477,-0.4000000000000001,0.0,0.0,0.0,0.0,0.0,0.17,0.0,0.0,0.52333,0.0,0.0,-0.16684945039554103,-0.00391754596473335,-0.739887313202943,-0.5877103624794201,-0.5051836720066971,-0.40359796448018703,-0.00014543305952410598,-3.477617605790916e-05,1.9460490202681817e-06,-0.00011956424454179209,-2.2169974220834054e-05,0.17256580850525913,-5.6817898656439467e-05,-1.103044508942454e-05,0.5283286423232854,0.00012697395773933663,3.907475920261215e-05
72,True,0.7300000000000005,6.240417822683418,False,False,0.0,False,,-0.15,0.0,-0.73304,-0.58496,-0.50477,-0.4000000000000001,0.0,0.0,0.0,0.0,0.0,0.17,0.0,0.0,0.52333,0.0,0.0,-0.15,0.0,-0.73304,-0.58496,-0.50477,-0.4000000000000001,0.0,0.0,0.0,0.0,0.0,0.17,0.0,0.0,0.52333,0.0,0.0,-0.16684682433198197,-0.003920752022249245,-0.7398904796983586,-0.5877135289234704,-0.5051863390718997,-0.4036014183886098,-0.00014592337366310282,-3.498712741628955e-05,1.9600707910839754e-06,-0.00011952056451264787,-2.2299307859884586e-05,0.17256920995841576,-5.6634575301454994e-05,-1.1086840969243393e-05,0.5283321192390502,0.00012788076558439582,3.934565823495391e-05
73,True,0.7400000000000005,6.24043444875455,False,False,0.0,False,,-0.15,0.0,-0.73304,-0.58496,-0.50477,-0.4000000000000001,0.0,0.0,0.0,0.0,0.0,0.17,0.0,0.0,0.52333,0.0,0.0,-0.15,0.0,-0.73304,-0.58496,-0.50477,-0.4000000000000001,0.0,0.0,0.0,0.0,0.0,0.17,0.0,0.0,0.52333,0.0,0.0,-0.16684421476219244,-0.003923901492343964,-0.7398935900872611,-0.5877166357675667,-0.5051889547696277,-0.40360481256772646,-0.0001464049673776984,-3.5194121609744554e-05,1.9738570412218915e-06,-0.00011947801039538274,-2.2426235739730432e-05,0.17257255423070286,-5.645489246393852e-05,-1.1142223705913397e-05,0.5283355349781802,0.00012877059786372676,3.961131743174808e-05
74,True,0.7500000000000006,6.240450795170885,False,False,0.0,False,,-0.15,0.0,-0.73304,-0.58496,-0.50477,-0.4000000000000001,0.0,0.0,0.0,0.0,0.0,0.17,0.0,0.0,0.52333,0.0,0.0,-0.15,0.0,-0.73304,-0.58496,-0.50477,-0.4000000000000001,0.0,0.0,0.0,0.0,0.0,0.17,0.0,0.0,0.52333,0.0,0.0,-0.16684162158259092,-0.003926995375227539,-0.7398966453635022,-0.5877196841342337,-0.5051915200893993,-0.40360814805010437,-0.00014687799887139034,-3.5397233783301725e-05,1.9874117267122562e-06,-0.00011943655962787576,-2.255080351393673e-05,0.17257584228314896,-5.627878229804826e-05,-1.1196612356305663e-05,0.5283388906166228,0.00012964376946675158,3.9871837226040135e-05
75,True,0.7600000000000006,6.240466866637805,False,False,0.0,False,,-0.15,0.0,-0.73304,-0.58496,-0.50477,-0.4000000000000001,0.0,0.0,0.0,0.0,0.0,0.17,0.0,0.0,0.52333,0.0,0.0,-0.15,0.0,-0.73304,-0.58496,-0.50477,-0.4000000000000001,0.0,0.0,0.0,0.0,0.0,0.17,0.0,0.0,0.52333,0.0,0.0,-0.16683904469024577,-0.003930034653421436,-0.7398996465033303,-0.5877226751248497,-0.5051940360016703,-0.4036114258504625,-0.0001473426234575771,-3.559653764907841e-05,2.0007387371358713e-06,-0.00011939619007152531,-2.2673055963874852e-05,0.17257907506063208,-5.610617819697431e-05,-1.1250025613167551e-05,0.5283421872114048,0.00013050058945975567,4.012731613136326e-05
76,True,0.7700000000000006,6.240482667781435,False,False,0.0,False,,-0.15,0.0,-0.73304,-0.58496,-0.50477,-0.4000000000000001,0.0,0.0,0.0,0.0,0.0,0.17,0.0,0.0,0.52333,0.0,0.0,-0.15,0.0,-0.73304,-0.58496,-0.50477,-0.4000000000000001,0.0,0.0,0.0,0.0,0.0,0.17,0.0,0.0,0.52333,0.0,0.0,-0.16683648398287104,-0.003933020292071432,-0.7399025944657023,-0.5877256098200457,-0.5051965034582019,-0.40361464696598015,-0.00014779899361248047,-3.5792105513644526e-05,2.0138418967401887e-06,-0.00011935688000346163,-2.2793037015422195e-05,0.17258225349215134,-5.593701477046424e-05,-1.1302481812114861e-05,0.5283454258009657,0.00013134136119346065,4.037785077839344e-05
77,True,0.7800000000000006,6.24049820314994,False,False,0.0,False,,-0.15,0.0,-0.73304,-0.58496,-0.50477,-0.4000000000000001,0.0,0.0,0.0,0.0,0.0,0.17,0.0,0.0,0.52333,0.0,0.0,-0.15,0.0,-0.73304,-0.58496,-0.50477,-0.4000000000000001,0.0,0.0,0.0,0.0,0.0,0.17,0.0,0.0,0.52333,0.0,0.0,-0.1668339393588225,-0.003935953239254972,-0.7399054901925899,-0.5877284892800964,-0.5051989233924193,-0.4036178123765999,-0.00014824725902709738,-3.598400830486246e-05,2.026724965536684e-06,-0.00011931860810890161,-2.291078975534187e-05,0.17258537849109362,-5.5771227822755444e-05,-1.1353998938489574e-05,0.5283486074054838,0.0001321663824086109,4.0623535950904866e-05
78,True,0.7900000000000006,6.240513477214955,False,False,0.0,False,,-0.15,0.0,-0.73304,-0.58496,-0.50477,-0.4000000000000001,0.0,0.0,0.0,0.0,0.0,0.17,0.0,0.0,0.52333,0.0,0.0,-0.15,0.0,-0.73304,-0.58496,-0.50477,-0.4000000000000001,0.0,0.0,0.0,0.0,0.0,0.17,0.0,0.0,0.52333,0.0,0.0,-0.16683141071709365,-0.003938834426283072,-0.7399083346092807,-0.5877313145453028,-0.5052012967197669,-0.40362092304532576,-0.0001486875666582004,-3.6172315598214234e-05,2.039391640379857e-06,-0.00011928135347364318,-2.302635644734865e-05,0.17258845095549602,-5.560875433090685e-05,-1.1404594634085714e-05,0.5283517330271982,0.00013297594533961013,4.086446462103873e-05
79,True,0.8000000000000006,6.240528494372778,False,False,0.0,False,,-0.15,0.0,-0.73304,-0.58496,-0.50477,-0.4000000000000001,0.0,0.0,0.0,0.0,0.0,0.17,0.0,0.0,0.52333,0.0,0.0,-0.15,0.0,-0.73304,-0.58496,-0.50477,-0.4000000000000001,0.0,0.0,0.0,0.0,0.0,0.17,0.0,0.0,0.52333,0.0,0.0,-0.1668288979573117,-0.003941664767996896,-0.7399111286246732,-0.5877340866363691,-0.5052036243380527,-0.4036239799185158,-0.00014912006077840302,-3.6357095642625646e-05,2.051845556028076e-06,-0.00011924509557669668,-2.3139778547867048e-05,0.17259147176830378,-5.5449532423522795e-05,-1.1454286203745884e-05,0.5283548036507231,0.0001337703368162442,4.110072798389877e-05
80,True,0.8100000000000006,6.240543258945684,False,False,0.0,False,,-0.15,0.0,-0.73304,-0.58496,-0.50477,-0.4000000000000001,0.0,0.0,0.0,0.0,0.0,0.17,0.0,0.0,0.52333,0.0,0.0,-0.15,0.0,-0.73304,-0.58496,-0.50477,-0.4000000000000001,0.0,0.0,0.0,0.0,0.0,0.17,0.0,0.0,0.52333,0.0,0.0,-0.16682640097973359,-0.003944445163059083,-0.7399138731315673,-0.5877368065547717,-0.5052059071277897,-0.4036269839261698,-0.00014954488302530797,-3.6538415385797e-05,2.0640902861866212e-06,-0.00011920981428305098,-2.3251096721487476e-05,0.1725944417976239,-5.529350135986192e-05,-1.1503090621830928e-05,0.5283578202433588,0.0001345498383635254,4.133241549148622e-05
81,True,0.8200000000000006,6.240557775183135,False,False,0.0,False,,-0.15,0.0,-0.73304,-0.58496,-0.50477,-0.4000000000000001,0.0,0.0,0.0,0.0,0.0,0.17,0.0,0.0,0.52333,0.0,0.0,-0.15,0.0,-0.73304,-0.58496,-0.50477,-0.4000000000000001,0.0,0.0,0.0,0.0,0.0,0.17,0.0,0.0,0.52333,0.0,0.0,-0.16682391968524216,-0.003947176494239912,-0.7399165690069497,-0.5877394752831218,-0.5052081459525283,-0.40362993598221225,-0.00014996217244975468,-3.671634049904991e-05,2.0761293445331577e-06,-0.00011917548983657162,-2.336035085612625e-05,0.1725973618969744,-5.514060150932419e-05,-1.1551024538565207e-05,0.5283607837553955,0.00013531472629969287,4.15596148859869e-05
82,True,0.8300000000000006,6.240572047263047,False,False,0.0,False,,-0.15,0.0,-0.73304,-0.58496,-0.50477,-0.4000000000000001,0.0,0.0,0.0,0.0,0.0,0.17,0.0,0.0,0.52333,0.0,0.0,-0.15,0.0,-0.73304,-0.58496,-0.50477,-0.4000000000000001,0.0,0.0,0.0,0.0,0.0,0.17,0.0,0.0,0.52333,0.0,0.0,-0.16682145397534212,-0.003949859628698418,-0.7399192171122735,-0.5877420937855201,-0.5052103416591832,-0.4036328369847699,-0.00015037206556318248,-3.689093540169936e-05,2.0879661857260697e-06,-0.00011914210285302867,-2.3467580077895153e-05,0.17260023290552962,-5.499077433130912e-05,-1.1598104286259856e-05,0.5283636951204129,0.00013606527183240342,4.178241223242284e-05
83,True,0.8400000000000006,6.240586079293023,False,False,0.0,False,,-0.15,0.0,-0.73304,-0.58496,-0.50477,-0.4000000000000001,0.0,0.0,0.0,0.0,0.0,0.17,0.0,0.0,0.52333,0.0,0.0,-0.15,0.0,-0.73304,-0.58496,-0.50477,-0.4000000000000001,0.0,0.0,0.0,0.0,0.0,0.17,0.0,0.0,0.52333,0.0,0.0,-0.16681900375215625,-0.003952495418258521,-0.7399218182937336,-0.5877446630079062,-0.5052124950783539,-0.4036356878164453,-0.00015077469638412596,-3.706226328496019e-05,2.0996042063957922e-06,-0.00011910963431325202,-2.357282276568608e-05,0.17260305564836126,-5.4843962355438594e-05,-1.1644345885416343e-05,0.5283665552555732,0.0001368017411531456,4.2000891950680386e-05
84,True,0.8500000000000006,6.2405998753114345,False,False,0.0,False,,-0.15,0.0,-0.73304,-0.58496,-0.50477,-0.4000000000000001,0.0,0.0,0.0,0.0,0.0,0.17,0.0,0.0,0.52333,0.0,0.0,-0.15,0.0,-0.73304,-0.58496,-0.50477,-0.4000000000000001,0.0,0.0,0.0,0.0,0.0,0.17,0.0,0.0,0.52333,0.0,0.0,-0.16681656891842148,-0.003955084699680288,-0.7399243733825371,-0.5877471838784,-0.5052146070246385,-0.4036384893445845,-0.00015117019648385835,-3.72303861353967e-05,2.111046746119484e-06,-0.0001190780655564116,-2.3676116565476233e-05,0.17260583093667528,-5.470010916213756e-05,-1.1689765050712703e-05,0.5283693650619105,0.00013752439552991086,4.2215136846926926e-05
85,True,0.8600000000000007,6.240613439288753,False,False,0.0,False,,-0.15,0.0,-0.73304,-0.58496,-0.50477,-0.4000000000000001,0.0,0.0,0.0,0.0,0.0,0.17,0.0,0.0,0.52333,0.0,0.0,-0.15,0.0,-0.73304,-0.58496,-0.50477,-0.4000000000000001,0.0,0.0,0.0,0.0,0.0,0.17,0.0,0.0,0.52333,0.0,0.0,-0.1668141493774851,-0.003957628294926375,-0.7399268831951684,-0.587749657307638,-0.5052166782969432,-0.40364124242154115,-0.00015155869503119838,-3.739536475792443e-05,2.122297088379377e-06,-0.00011904737827342045,-2.377749840435927e-05,0.172608559568045,-5.455915936356629e-05,-1.1734377196874629e-05,0.5283721254246143,0.00013823349139815264,4.242522814442776e-05
86,True,0.8700000000000007,6.24062677512848,False,False,0.0,False,,-0.15,0.0,-0.73304,-0.58496,-0.50477,-0.4000000000000001,0.0,0.0,0.0,0.0,0.0,0.17,0.0,0.0,0.52333,0.0,0.0,-0.15,0.0,-0.73304,-0.58496,-0.50477,-0.4000000000000001,0.0,0.0,0.0,0.0,0.0,0.17,0.0,0.0,0.52333,0.0,0.0,-0.16681174503330087,-0.003960127011423774,-0.7399293485336501,-0.5877520841891027,-0.5052187096787832,-0.40364394788493546,-0.0001519403188364962,-3.755725879837231e-05,2.1333584615050097e-06,-0.0001190175545004583,-2.3877004504307584e-05,0.1726112423266401,-5.442105858489766e-05,-1.1778197444433675e-05,0.5283748372133082,0.00013892928045006623,4.2631245513774565e-05
87,True,0.8800000000000007,6.240639886668494,False,False,0.0,False,,-0.15,0.0,-0.73304,-0.58496,-0.50477,-0.4000000000000001,0.0,0.0,0.0,0.0,0.0,0.17,0.0,0.0,0.52333,0.0,0.0,-0.15,0.0,-0.73304,-0.58496,-0.50477,-0.4000000000000001,0.0,0.0,0.0,0.0,0.0,0.17,0.0,0.0,0.52333,0.0,0.0,-0.16680935579042538,-0.003962581642320921,-0.7399317701857995,-0.5877544653994453,-0.50522070193858,-0.40364660655790907,-0.00015231519239481306,-3.771612676561389e-05,2.144234039599629e-06,-0.00011898857661261339,-2.3974670395670917e-05,0.1726138799834519,-5.428575344593338e-05,-1.1821240625374744e-05,0.5283775012823231,0.00013961200972221956,4.2833267102536826e-05
88,True,0.8900000000000007,6.240652777682025,False,False,0.0,False,,-0.15,0.0,-0.73304,-0.58496,-0.50477,-0.4000000000000001,0.0,0.0,0.0,0.0,0.0,0.17,0.0,0.0,0.52333,0.0,0.0,-0.15,0.0,-0.73304,-0.58496,-0.50477,-0.4000000000000001,0.0,0.0,0.0,0.0,0.0,0.17,0.0,0.0,0.52333,0.0,0.0,-0.1668069815540141,-0.0039649929667402535,-0.7399341489254796,-0.5877568017988029,-0.5052226558299517,-0.40364921924937514,-0.00015268343792831,-3.787202605327566e-05,2.1549269434510145e-06,-0.00011896042731764058,-2.407053093041635e-05,0.1726164732965149,-5.415319154305295e-05,-1.1863521288674973e-05,0.5283801184709664,0.0001402819216815658,4.3031369564347056e-05
89,True,0.9000000000000007,6.240665451878762,False,False,0.0,False,,-0.15,0.0,-0.73304,-0.58496,-0.50477,-0.4000000000000001,0.0,0.0,0.0,0.0,0.0,0.17,0.0,0.0,0.52333,0.0,0.0,-0.15,0.0,-0.73304,-0.58496,-0.50477,-0.4000000000000001,0.0,0.0,0.0,0.0,0.0,0.17,0.0,0.0,0.52333,0.0,0.0,-0.1668046222298178,-0.003967361750026311,-0.7399364855128466,-0.5877590942311096,-0.5052245720919993,-0.4036517867542642,-0.0001530451754278594,-3.8025012961030675e-05,2.1654402414270344e-06,-0.00011893308964983341,-2.416462029511462e-05,0.17261902301112433,-5.4023321431489275e-05,-1.1905053705736105e-05,0.5283826896037865,0.00014093925430986763,4.322562808743077e-05
90,True,0.9100000000000007,6.240677912905974,False,False,0.0,False,,-0.15,0.0,-0.73304,-0.58496,-0.50477,-0.4000000000000001,0.0,0.0,0.0,0.0,0.0,0.17,0.0,0.0,0.52333,0.0,0.0,-0.15,0.0,-0.73304,-0.58496,-0.50477,-0.4000000000000001,0.0,0.0,0.0,0.0,0.0,0.17,0.0,0.0,0.52333,0.0,0.0,-0.16680227772417866,-0.003969688743989433,-0.739938780694593,-0.5877613435244025,-0.5052264514495847,-0.4036543098537662,-0.00015340052269389448,-3.817514271548539e-05,2.1757769503561655e-06,-0.00011890654696400823,-2.425697202367764e-05,0.17262152986005058,-5.389609260792523e-05,-1.1945851875712425e-05,0.5283852154908316,0.00014158424118656233,4.3416116422591754e-05
91,True,0.9200000000000007,6.240690164349514,False,False,0.0,False,,-0.15,0.0,-0.73304,-0.58496,-0.50477,-0.4000000000000001,0.0,0.0,0.0,0.0,0.0,0.17,0.0,0.0,0.52333,0.0,0.0,-0.15,0.0,-0.73304,-0.58496,-0.50477,-0.4000000000000001,0.0,0.0,0.0,0.0,0.0,0.17,0.0,0.0,0.52333,0.0,0.0,-0.16679994794402672,-0.003971974687145157,-0.7399410352041847,-0.5877635504911196,-0.5052282946136059,-0.40365678931556764,-0.00015374959537650985,-3.8322469490667416e-05,2.1859400363931534e-06,-0.00011888078292959808,-2.434761900985194e-05,0.17262399456374927,-5.3771455493405164e-05,-1.198592953073623e-05,0.5283876969279053,0.0001422171115700964,4.360290691066299e-05
92,True,0.9300000000000007,6.240702209734871,False,False,0.0,False,,-0.15,0.0,-0.73304,-0.58496,-0.50477,-0.4000000000000001,0.0,0.0,0.0,0.0,0.0,0.17,0.0,0.0,0.52333,0.0,0.0,-0.15,0.0,-0.73304,-0.58496,-0.50477,-0.4000000000000001,0.0,0.0,0.0,0.0,0.0,0.17,0.0,0.0,0.52333,0.0,0.0,-0.16679763279687615,-0.003974220304949375,-0.7399432497620977,-0.5877657159283953,-0.5052301022812661,-0.4036592258940851,-0.0001540925070148276,-3.846704642812185e-05,2.1959324158702035e-06,-0.0001188557815248548,-2.4436593519472804e-05,0.17262641783056845,-5.3649361416555714e-05,-1.202530014104282e-05,0.5283901346968171,0.00014283809047775848,4.378607050943352e-05
93,True,0.9400000000000007,6.2407140525281655,False,False,0.0,False,,-0.15,0.0,-0.73304,-0.58496,-0.50477,-0.4000000000000001,0.0,0.0,0.0,0.0,0.0,0.17,0.0,0.0,0.52333,0.0,0.0,-0.15,0.0,-0.73304,-0.58496,-0.50477,-0.4000000000000001,0.0,0.0,0.0,0.0,0.0,0.17,0.0,0.0,0.52333,0.0,0.0,-0.16679533219082157,-0.003976426310029335,-0.7399454250760454,-0.5877678406183475,-0.5052318751363374,-0.4036616203306946,-0.00015442936907564158,-3.860892565662374e-05,2.2057569561338573e-06,-0.00011883152703115677,-2.4523927202483573e-05,0.17262880035695194,-5.352976259711039e-05,-1.2063976919996966e-05,0.5283925295656279,0.00014344739876403763,4.3965676820061235e-05
94,True,0.9500000000000007,6.240725696137226,False,False,0.0,False,,-0.15,0.0,-0.73304,-0.58496,-0.50477,-0.4000000000000001,0.0,0.0,0.0,0.0,0.0,0.17,0.0,0.0,0.52333,0.0,0.0,-0.15,0.0,-0.73304,-0.58496,-0.50477,-0.4000000000000001,0.0,0.0,0.0,0.0,0.0,0.17,0.0,0.0,0.52333,0.0,0.0,-0.1667930460345345,-0.003978593402410548,-0.739947561841207,-0.5877699253283613,-0.5052336138494193,-0.403663973353957,-0.00015476029099135405,-3.874815831151392e-05,2.2154164763678186e-06,-0.000118808004027421,-2.460965110472472e-05,0.1726311428276395,-5.341261212973236e-05,-1.2101972829022703e-05,0.5283948822888921,0.00014404525319753472,4.414179411298129e-05
95,True,0.9600000000000007,6.240737143912475,False,False,0.0,False,,-0.15,0.0,-0.73304,-0.58496,-0.50477,-0.4000000000000001,0.0,0.0,0.0,0.0,0.0,0.17,0.0,0.0,0.52333,0.0,0.0,-0.15,0.0,-0.73304,-0.58496,-0.50477,-0.4000000000000001,0.0,0.0,0.0,0.0,0.0,0.17,0.0,0.0,0.52333,0.0,0.0,-0.1667907742372596,-0.003980722269739697,-0.7399496607404479,-0.5877719708113656,-0.505235319078193,-0.40366628567983953,-0.0001550853801972168,-3.88847945536654e-05,2.224913748401929e-06,-0.000118785197384617,-2.4693795679497024e-05,0.1726334459158634,-5.3297863968130126e-05,-1.213930058243835e-05,0.5283971936078954,0.00014463186653645345,4.431448935332e-05
96,True,0.9700000000000008,6.240748399147951,False,False,0.0,False,,-0.15,0.0,-0.73304,-0.58496,-0.50477,-0.4000000000000001,0.0,0.0,0.0,0.0,0.0,0.17,0.0,0.0,0.52333,0.0,0.0,-0.15,0.0,-0.73304,-0.58496,-0.50477,-0.4000000000000001,0.0,0.0,0.0,0.0,0.0,0.17,0.0,0.0,0.52333,0.0,0.0,-0.16678851670881126,-0.0039828135875035805,-0.7399517224445384,-0.5877739778061067,-0.5052369914676696,-0.40366855801193363,-0.00015540474216789012,-3.90188835880875e-05,2.2342514975075685e-06,-0.00011876309226038126,-2.477639079890322e-05,0.17263571028354197,-5.3185472909460676e-05,-1.2175972652198564e-05,0.5283994642508874,0.0001452074476026969,4.4483828225823394e-05
97,True,0.9800000000000008,6.2407594650822755,False,False,0.0,False,,-0.15,0.0,-0.73304,-0.58496,-0.50477,-0.4000000000000001,0.0,0.0,0.0,0.0,0.0,0.17,0.0,0.0,0.52333,0.0,0.0,-0.15,0.0,-0.73304,-0.58496,-0.50477,-0.4000000000000001,0.0,0.0,0.0,0.0,0.0,0.17,0.0,0.0,0.52333,0.0,0.0,-0.1667862733595699,-0.003984868019244202,-0.7399537476123683,-0.5877759470374146,-0.5052386316504345,-0.40367079104166836,-0.00015571848045333172,-3.915047368217453e-05,2.243432403179723e-06,-0.00011874167409372998,-2.485746576497238e-05,0.17263793658146942,-5.307539457901505e-05,-1.2212001272545203e-05,0.5284016949333115,0.0001457722013545963,4.464987515930994e-05
98,True,0.9900000000000008,6.240770344899495,False,False,0.0,False,,-0.15,0.0,-0.73304,-0.58496,-0.50477,-0.4000000000000001,0.0,0.0,0.0,0.0,0.0,0.17,0.0,0.0,0.52333,0.0,0.0,-0.15,0.0,-0.73304,-0.58496,-0.50477,-0.4000000000000001,0.0,0.0,0.0,0.0,0.0,0.17,0.0,0.0,0.52333,0.0,0.0,-0.1667840441004785,-0.003986886216770047,-0.7399557368911565,-0.5877778792164653,-0.5052402402468867,-0.40367298544852126,-0.00015602669671402797,-3.9279612183605784e-05,2.2524590999058602e-06,-0.00011872092859986851,-2.493704932057113e-05,0.17264012544950316,-5.296758541518108e-05,-1.2247398444568773e-05,0.5284038863580297,0.00014632632895829608,4.481269335065634e-05
99,True,1.0000000000000007,6.240781041730143,False,False,0.0,False,,-0.15,0.0,-0.73304,-0.58496,-0.50477,-0.4000000000000001,0.0,0.0,0.0,0.0,0.0,0.17,0.0,0.0,0.52333,0.0,0.0,-0.15,0.0,-0.73304,-0.58496,-0.50477,-0.4000000000000001,0.0,0.0,0.0,0.0,0.0,0.17,0.0,0.0,0.52333,0.0,0.0,-0.1667818288430391,-0.003988868820363622,-0.7399576909166585,-0.5877797750410381,-0.505241817865474,-0.4036751419002244,-0.0001563294907555798,-3.940634553790373e-05,2.2613341779219505e-06,-0.00011870084176509574,-2.5015169660105873e-05,0.17264227751674724,-5.286200265467844e-05,-1.2282175940682178e-05,0.5284060392155439,0.0001468700278578208,4.497234478832534e-05
100,True,1.0100000000000007,6.240791558652001,False,False,0.0,False,,-0.15,0.0,-0.73304,-0.58496,-0.50477,-0.4000000000000001,0.0,0.0,0.0,0.0,0.0,0.17,0.0,0.0,0.52333,0.0,0.0,-0.15,0.0,-0.73304,-0.58496,-0.50477,-0.4000000000000001,0.0,0.0,0.0,0.0,0.0,0.17,0.0,0.0,0.52333,0.0,0.0,-0.16677962749930925,-0.003990816458985323,-0.7399596103133689,-0.5877816351957679,-0.5052433651029226,-0.40367726105296764,-0.00015662696056265463,-3.95307193056566e-05,2.2700601839557473e-06,-0.0001186813998418014,-2.509185444001993e-05,0.17264439340173338,-5.2758604318060876e-05,-1.2316345309008438e-05,0.5284081541842134,0.00014740349184384812,4.512889027544451e-05
101,True,1.0200000000000007,6.240801898691099,False,False,0.0,False,,-0.15,0.0,-0.73304,-0.58496,-0.50477,-0.4000000000000001,0.0,0.0,0.0,0.0,0.0,0.17,0.0,0.0,0.52333,0.0,0.0,-0.15,0.0,-0.73304,-0.58496,-0.50477,-0.4000000000000001,0.0,0.0,0.0,0.0,0.0,0.17,0.0,0.0,0.52333,0.0,0.0,-0.16677743998189856,-0.003992729750473697,-0.739961495694721,-0.5877834603523932,-0.5052448825444631,-0.4036793435515983,-0.00015691920233231634,-3.9652778179412014e-05,2.278639621957603e-06,-0.00011866258934355525,-2.5167130789089592e-05,0.17264647371259834,-5.265734919548102e-05,-1.2349917877684052e-05,0.5284102319304684,0.0001479269111212117,4.5282389452444175e-05
102,True,1.0300000000000007,6.240812064822514,False,False,0.0,False,,-0.15,0.0,-0.73304,-0.58496,-0.50477,-0.4000000000000001,0.0,0.0,0.0,0.0,0.0,0.17,0.0,0.0,0.52333,0.0,0.0,-0.15,0.0,-0.73304,-0.58496,-0.50477,-0.4000000000000001,0.0,0.0,0.0,0.0,0.0,0.17,0.0,0.0,0.52333,0.0,0.0,-0.16677526620396524,-0.003994609301742162,-0.739963347663283,-0.5877852511699984,-0.5052463707640521,-0.40368139002981673,-0.00015720631050674451,-3.977256600024798e-05,2.287074953818994e-06,-0.00011864439704028563,-2.5241025318522945e-05,0.17264851904725884,-5.255819683271285e-05,-1.2382904759079628e-05,0.5284122731090194,0.00014844047237515747,4.5432900819263335e-05
103,True,1.0400000000000007,6.240822059971271,False,False,0.0,False,,-0.15,0.0,-0.73304,-0.58496,-0.50477,-0.4000000000000001,0.0,0.0,0.0,0.0,0.0,0.17,0.0,0.0,0.52333,0.0,0.0,-0.15,0.0,-0.73304,-0.58496,-0.50477,-0.4000000000000001,0.0,0.0,0.0,0.0,0.0,0.17,0.0,0.0,0.52333,0.0,0.0,-0.1667731060792126,-0.003996455708972252,-0.7399651668109501,-0.5877870082952525,-0.5052478303245895,-0.4036834011103694,-0.0001574883778053539,-3.989012577402718e-05,2.2953686000789834e-06,-0.00011862680995354642,-2.531356413186519e-05,0.1726505299935832,-5.246110751742727e-05,-1.241531685393935e-05,0.5284142783630635,0.0001489443588363759,4.5580481757131455e-05
104,True,1.0500000000000007,6.24083188701314,False,False,0.0,False,,-0.15,0.0,-0.73304,-0.58496,-0.50477,-0.4000000000000001,0.0,0.0,0.0,0.0,0.0,0.17,0.0,0.0,0.52333,0.0,0.0,-0.15,0.0,-0.73304,-0.58496,-0.50477,-0.4000000000000001,0.0,0.0,0.0,0.0,0.0,0.17,0.0,0.0,0.52333,0.0,0.0,-0.1667709595218858,-0.003998269557803432,-0.7399669537191336,-0.5877887323626435,-0.5052492617781311,-0.40368537740523824,-0.00015776549525632584,-4.000549968734085e-05,2.3035229406188476e-06,-0.00011860981535187054,-2.538477283471421e-05,0.17265250712956018,-5.236604226571611e-05,-1.2447164855440874e-05,0.5284162483244873,0.00014943875034483393,4.5725188549934516e-05
105,True,1.0600000000000007,6.240841548775524,False,False,0.0,False,,-0.15,0.0,-0.73304,-0.58496,-0.50477,-0.4000000000000001,0.0,0.0,0.0,0.0,0.0,0.17,0.0,0.0,0.52333,0.0,0.0,-0.15,0.0,-0.73304,-0.58496,-0.50477,-0.4000000000000001,0.0,0.0,0.0,0.0,0.0,0.17,0.0,0.0,0.52333,0.0,0.0,-0.1667688264467683,-0.004000051423519563,-0.7399687089589465,-0.5877904239947067,-0.5052506656660977,-0.4036873195158265,-0.0001580377522275614,-4.0118729123148e-05,2.311540315344975e-06,-0.00011859340074620828,-2.5454676544250015e-05,0.17265445102346502,-5.227296280886012e-05,-1.247845925317715e-05,0.5284181836140649,0.00014992382341242735,4.586707640517305e-05
106,True,1.0700000000000007,6.240851048038232,False,False,0.0,False,,-0.15,0.0,-0.73304,-0.58496,-0.50477,-0.4000000000000001,0.0,0.0,0.0,0.0,0.0,0.17,0.0,0.0,0.52333,0.0,0.0,-0.15,0.0,-0.73304,-0.58496,-0.50477,-0.4000000000000001,0.0,0.0,0.0,0.0,0.0,0.17,0.0,0.0,0.52333,0.0,0.0,-0.1667667067691785,-0.004001801871232071,-0.7399704330913862,-0.5877920838022511,-0.5052520425194801,-0.40368922803314145,-0.0001583052364570678,-4.0229854676115935e-05,2.3194230248603244e-06,-0.00011857755388544928,-2.552329989858162e-05,0.17265636223402278,-5.2181831580336655e-05,-1.2509210337061712e-05,0.528420084841654,0.0001503997512844766,4.600619947452008e-05
107,True,1.0800000000000007,6.240860387534317,False,False,0.0,False,,-0.15,0.0,-0.73304,-0.58496,-0.50477,-0.4000000000000001,0.0,0.0,0.0,0.0,0.0,0.17,0.0,0.0,0.52333,0.0,0.0,-0.15,0.0,-0.73304,-0.58496,-0.50477,-0.4000000000000001,0.0,0.0,0.0,0.0,0.0,0.17,0.0,0.0,0.52333,0.0,0.0,-0.16676460040496655,-0.004003521456059868,-0.7399721266675136,-0.5877937123845794,-0.5052533928590398,-0.4036911035379746,-0.00015856803408278774,-4.0338916167667703e-05,2.3271733311246416e-06,-0.00011856226275202614,-2.5590667065914873e-05,0.1726582413105687,-5.209261170306241e-05,-1.2539428201158863e-05,0.5284219526063877,0.00015086670400008646,4.6142610873986574e-05
108,True,1.0900000000000007,6.240869569950818,False,False,0.0,False,,-0.15,0.0,-0.73304,-0.58496,-0.50477,-0.4000000000000001,0.0,0.0,0.0,0.0,0.0,0.17,0.0,0.0,0.52333,0.0,0.0,-0.15,0.0,-0.73304,-0.58496,-0.50477,-0.4000000000000001,0.0,0.0,0.0,0.0,0.0,0.17,0.0,0.0,0.52333,0.0,0.0,-0.16676250727051084,-0.004005210723306096,-0.7399737902286287,-0.5877953103297056,-0.5052547171955063,-0.40369294660107774,-0.00015882622967188255,-4.044595266074209e-05,2.3347934581035102e-06,-0.00011854751555759873,-2.5656801753544634e-05,0.17266008879320602,-5.200526697686729e-05,-1.2569122747440238e-05,0.528423787496863,0.0001513248484513914,4.627636270370183e-05
109,True,1.1000000000000008,6.240878597929554,False,False,0.0,False,,-0.15,0.0,-0.73304,-0.58496,-0.50477,-0.4000000000000001,0.0,0.0,0.0,0.0,0.0,0.17,0.0,0.0,0.52333,0.0,0.0,-0.15,0.0,-0.73304,-0.58496,-0.50477,-0.4000000000000001,0.0,0.0,0.0,0.0,0.0,0.17,0.0,0.0,0.52333,0.0,0.0,-0.16676042728271476,-0.004006870208631741,-0.7399754243064443,-0.5877968782145665,-0.5052560160297703,-0.4036947577833369,-0.0001590799062494782,-4.055100247427163e-05,2.3422855924065604e-06,-0.00011853330073881715,-2.57217272166747e-05,0.17266190521296118,-5.191976186619506e-05,-1.2598303689469136e-05,0.528425590091326,0.00015177434844170637,4.6407506067316286e-05
110,True,1.1100000000000008,6.24088747406793,False,False,0.0,False,,-0.15,0.0,-0.73304,-0.58496,-0.50477,-0.4000000000000001,0.0,0.0,0.0,0.0,0.0,0.17,0.0,0.0,0.52333,0.0,0.0,-0.15,0.0,-0.73304,-0.58496,-0.50477,-0.4000000000000001,0.0,0.0,0.0,0.0,0.0,0.17,0.0,0.0,0.52333,0.0,0.0,-0.16675836035900352,-0.004008500438226183,-0.7399770294232545,-0.5877984166052318,-0.505257289853073,-0.4036965376359425,-0.00015932914532688534,-4.06541031973841e-05,2.349651883914943e-06,-0.0001185196069531625,-2.5785466267068773e-05,0.17266369109193627,-5.183606148802664e-05,-1.2626980556014027e-05,0.5284273609578538,0.00015221536474260375,4.6536091091033794e-05
111,True,1.1200000000000008,6.240896200919585,False,False,0.0,False,,-0.15,0.0,-0.73304,-0.58496,-0.50477,-0.4000000000000001,0.0,0.0,0.0,0.0,0.0,0.17,0.0,0.0,0.52333,0.0,0.0,-0.15,0.0,-0.73304,-0.58496,-0.50477,-0.4000000000000001,0.0,0.0,0.0,0.0,0.0,0.17,0.0,0.0,0.52333,0.0,0.0,-0.1667563064173206,-0.004010101928974715,-0.739978606092103,-0.5877999260571074,-0.5052585391471923,-0.40369828670055724,-0.0001595740269293017,-4.0755291703332684e-05,2.356894446398248e-06,-0.00011850642307486347,-2.5848041281535685e-05,0.17266544694345912,-5.175413160002218e-05,-1.2655162694592585e-05,0.5284291006545342,0.00015264805514993634,4.66621669422806e-05
112,True,1.1300000000000008,6.240904780995258,False,False,0.0,False,,-0.15,0.0,-0.73304,-0.58496,-0.50477,-0.4000000000000001,0.0,0.0,0.0,0.0,0.0,0.17,0.0,0.0,0.52333,0.0,0.0,-0.15,0.0,-0.73304,-0.58496,-0.50477,-0.4000000000000001,0.0,0.0,0.0,0.0,0.0,0.17,0.0,0.0,0.52333,0.0,0.0,-0.1667542653761248,-0.004011675188623115,-0.7399801548169458,-0.5878014071151376,-0.5052597643846252,-0.40370000550948054,-0.0001598146296230073,-4.085460416316007e-05,2.3640153581210793e-06,-0.00011849373819088778,-2.590947421025209e-05,0.17266717327223058,-5.167393858887778e-05,-1.2682859274947589e-05,0.5284308097296398,0.00015307257453882556,4.678578184801783e-05
113,True,1.1400000000000008,6.24091321676342,False,False,0.0,False,,-0.15,0.0,-0.73304,-0.58496,-0.50477,-0.4000000000000001,0.0,0.0,0.0,0.0,0.0,0.17,0.0,0.0,0.52333,0.0,0.0,-0.15,0.0,-0.73304,-0.58496,-0.50477,-0.4000000000000001,0.0,0.0,0.0,0.0,0.0,0.17,0.0,0.0,0.52333,0.0,0.0,-0.1667522371543869,-0.0040132207159392945,-0.739981676092813,-0.5878028603140012,-0.5052609660287657,-0.4037016945858107,-0.00016005103054206115,-4.09520760591015e-05,2.3710166624394207e-06,-0.00011848154159700704,-2.596978658492572e-05,0.17266887057446975,-5.159544945889307e-05,-1.2710079292456004e-05,0.528432488721802,0.00015348907491763395,4.690698311270439e-05
114,True,1.1500000000000008,6.240921510650957,False,False,0.0,False,,-0.15,0.0,-0.73304,-0.58496,-0.50477,-0.4000000000000001,0.0,0.0,0.0,0.0,0.0,0.17,0.0,0.0,0.52333,0.0,0.0,-0.15,0.0,-0.73304,-0.58496,-0.50477,-0.4000000000000001,0.0,0.0,0.0,0.0,0.0,0.17,0.0,0.0,0.52333,0.0,0.0,-0.1667502216715864,-0.004014739000872095,-0.7399831704059661,-0.5878042861783053,-0.5052621445340816,-0.40370335444360345,-0.0001602833054145089,-4.104774219773178e-05,2.3779003683870295e-06,-0.00011846982279393336,-2.602899952680225e-05,0.17267053933805623,-5.1518631820745845e-05,-1.2736831571472514e-05,0.5284341381601797,0.00015389770548094103,4.702581713591687e-05
115,True,1.1600000000000008,6.2409296650439865,False,False,0.0,False,,-0.15,0.0,-0.73304,-0.58496,-0.50477,-0.4000000000000001,0.0,0.0,0.0,0.0,0.0,0.17,0.0,0.0,0.52333,0.0,0.0,-0.15,0.0,-0.73304,-0.58496,-0.50477,-0.4000000000000001,0.0,0.0,0.0,0.0,0.0,0.17,0.0,0.0,0.52333,0.0,0.0,-0.16674821884770843,-0.004016230524707271,-0.7399846382340539,-0.587805685222775,-0.5052633003462851,-0.4037049855880288,-0.00016051152858811025,-4.1141636722861215e-05,2.38466845125189e-06,-0.00011845857148352695,-2.6087133754518786e-05,0.17267218004267046,-5.144345388046997e-05,-1.27631247686088e-05,0.5284357585646265,0.00015429861266154086,4.714232942963308e-05
116,True,1.1700000000000008,6.240937682288464,False,False,0.0,False,,-0.15,0.0,-0.73304,-0.58496,-0.50477,-0.4000000000000001,0.0,0.0,0.0,0.0,0.0,0.17,0.0,0.0,0.52333,0.0,0.0,-0.15,0.0,-0.73304,-0.58496,-0.50477,-0.4000000000000001,0.0,0.0,0.0,0.0,0.0,0.17,0.0,0.0,0.52333,0.0,0.0,-0.16674622860324048,-0.004017695760220717,-0.7399860800462651,-0.5878070579524397,-0.5052644339025028,-0.4037065885155243,-0.00016073577305559522,-4.1233793128185134e-05,2.3913228531430936e-06,-0.00011844777756507289,-2.6144209591806915e-05,0.1726737931599315,-5.136988442863284e-05,-1.2788967375949746e-05,0.5284373504458537,0.00015469194018147888,4.7256564635185534e-05
117,True,1.1800000000000008,6.240945564690883,False,False,0.0,False,,-0.15,0.0,-0.73304,-0.58496,-0.50477,-0.4000000000000001,0.0,0.0,0.0,0.0,0.0,0.17,0.0,0.0,0.52333,0.0,0.0,-0.15,0.0,-0.73304,-0.58496,-0.50477,-0.4000000000000001,0.0,0.0,0.0,0.0,0.0,0.17,0.0,0.0,0.52333,0.0,0.0,-0.16674425085916933,-0.004019135171828981,-0.7399874963034774,-0.5878084048628154,-0.5052655456314394,-0.403708163713946,-0.00016095611047945742,-4.1324244269691835e-05,2.3978654835481288e-06,-0.0001184374311316262,-2.6200246975048194e-05,0.1726753791535323,-5.129789282970897e-05,-1.2814367724207858e-05,0.5284389143055914,0.00015507782910214652,4.736856653989135e-05
118,True,1.1900000000000008,6.24095331451889,False,False,0.0,False,,-0.15,0.0,-0.73304,-0.58496,-0.50477,-0.4000000000000001,0.0,0.0,0.0,0.0,0.0,0.17,0.0,0.0,0.52333,0.0,0.0,-0.15,0.0,-0.73304,-0.58496,-0.50477,-0.4000000000000001,0.0,0.0,0.0,0.0,0.0,0.17,0.0,0.0,0.52333,0.0,0.0,-0.16674228553697787,-0.004020549215737116,-0.7399888874584056,-0.587809726440084,-0.5052666359535418,-0.4037097116627169,-0.00016117261121629327,-4.1413022377833464e-05,2.4042982198808423e-06,-0.00011842752246642369,-2.625526546068491e-05,0.17267693847937318,-5.122744901164587e-05,-1.2839333985817006e-05,0.5284404506367463,0.00015545641787345052,4.747837809336452e-05
119,True,1.2000000000000008,6.240960934002029,False,False,0.0,False,,-0.15,0.0,-0.73304,-0.58496,-0.50477,-0.4000000000000001,0.0,0.0,0.0,0.0,0.0,0.17,0.0,0.0,0.52333,0.0,0.0,-0.15,0.0,-0.73304,-0.58496,-0.50477,-0.4000000000000001,0.0,0.0,0.0,0.0,0.0,0.17,0.0,0.0,0.52333,0.0,0.0,-0.1667403325586421,-0.004021938340083918,-0.7399902539557458,-0.5878110231612695,-0.5052677052811567,-0.4037112328329725,-0.00016138534434069506,-4.1500159069464495e-05,2.410622908020145e-06,-0.00011841804203936157,-2.6309284232488862e-05,0.17267847158569263,-5.115852345561899e-05,-1.2863874177966717e-05,0.5284419599235569,0.00015582784238207386,4.758604142351684e-05
120,True,1.2100000000000009,6.24096842533231,False,False,0.0,False,,-0.15,0.0,-0.73304,-0.58496,-0.50477,-0.4000000000000001,0.0,0.0,0.0,0.0,0.0,0.17,0.0,0.0,0.52333,0.0,0.0,-0.15,0.0,-0.73304,-0.58496,-0.50477,-0.4000000000000001,0.0,0.0,0.0,0.0,0.0,0.17,0.0,0.0,0.52333,0.0,0.0,-0.16673839184662786,-0.004023302985084595,-0.739991596232317,-0.5878122954944103,-0.5052687540186878,-0.40371272768770433,-0.00016159437766870651,-4.158568535955205e-05,2.416841362839754e-06,-0.0001184089805035375,-2.6362322108690922e-05,0.17267997891319603,-5.109108718597224e-05,-1.2887996165578134e-05,0.528443442641746,0.0001561922359988459,4.769159785225327e-05
121,True,1.2200000000000009,6.240975790664876,False,False,0.0,False,,-0.15,0.0,-0.73304,-0.58496,-0.50477,-0.4000000000000001,0.0,0.0,0.0,0.0,0.0,0.17,0.0,0.0,0.52333,0.0,0.0,-0.15,0.0,-0.73304,-0.58496,-0.50477,-0.4000000000000001,0.0,0.0,0.0,0.0,0.0,0.17,0.0,0.0,0.52333,0.0,0.0,-0.16673646332388795,-0.0040246435831709105,-0.7399929147172014,-0.5878135438987284,-0.5052697825627476,-0.4037141966819006,-0.00016179977778084856,-4.1669631672662646e-05,2.4229553687289373e-06,-0.00011840032869185596,-2.641439754897404e-05,0.17268146089518233,-5.102511176034057e-05,-1.2911707664222769e-05,0.5284448992586707,0.00015654972962523704,4.77950879108677e-05
122,True,1.2300000000000009,6.240983032118613,False,False,0.0,False,,-0.15,0.0,-0.73304,-0.58496,-0.50477,-0.4000000000000001,0.0,0.0,0.0,0.0,0.0,0.17,0.0,0.0,0.52333,0.0,0.0,-0.15,0.0,-0.73304,-0.58496,-0.50477,-0.4000000000000001,0.0,0.0,0.0,0.0,0.0,0.17,0.0,0.0,0.52333,0.0,0.0,-0.16673454691385894,-0.004025960559128845,-0.7399942098318809,-0.5878147688247954,-0.5052707913023085,-0.4037156402626845,-0.00016200161004472304,-4.1752027854229464e-05,2.4289666801046117e-06,-0.0001183920776136958,-2.646552866133226e-05,0.17268291795766852,-5.096056925995164e-05,-1.2935016242985151e-05,0.5284463302334685,0.00015690045173899503,4.789655135514466e-05
123,True,1.2400000000000009,6.2409901517767645,False,False,0.0,False,,-0.15,0.0,-0.73304,-0.58496,-0.50477,-0.4000000000000001,0.0,0.0,0.0,0.0,0.0,0.17,0.0,0.0,0.52333,0.0,0.0,-0.15,0.0,-0.73304,-0.58496,-0.50477,-0.4000000000000001,0.0,0.0,0.0,0.0,0.0,0.17,0.0,0.0,0.52333,0.0,0.0,-0.1667326425404582,-0.0040272543302338325,-0.7399954819903721,-0.5878159707146959,-0.5052717806188496,-0.4037170588694501,-0.0001621999386372027,-4.183290318160441e-05,2.43487702191475e-06,-0.00011838421845163868,-2.651573320879837e-05,0.17268435051951195,-5.089743228010301e-05,-1.2957929327270442e-05,0.5284477360172033,0.00015724452843893818,4.799602718017285e-05
124,True,1.2500000000000009,6.240997151687517,False,False,0.0,False,,-0.15,0.0,-0.73304,-0.58496,-0.50477,-0.4000000000000001,0.0,0.0,0.0,0.0,0.0,0.17,0.0,0.0,0.52333,0.0,0.0,-0.15,0.0,-0.73304,-0.58496,-0.50477,-0.4000000000000001,0.0,0.0,0.0,0.0,0.0,0.17,0.0,0.0,0.52333,0.0,0.0,-0.16673075012808083,-0.004028525306383591,-0.7399967315993581,-0.5878171500021867,-0.5052727508865011,-0.40371845293399594,-0.0001623948265662142,-4.191228637489908e-05,2.4406880901333683e-06,-0.00011837674255825756,-2.6565028616042696e-05,0.1726857589925307,-5.083567392081182e-05,-1.2980454201558105e-05,0.5284491170530058,0.00015758208348892153,4.809355363487566e-05
125,True,1.260000000000001,6.241004033864609,False,False,0.0,False,,-0.15,0.0,-0.73304,-0.58496,-0.50477,-0.4000000000000001,0.0,0.0,0.0,0.0,0.0,0.17,0.0,0.0,0.52333,0.0,0.0,-0.15,0.0,-0.73304,-0.58496,-0.50477,-0.4000000000000001,0.0,0.0,0.0,0.0,0.0,0.17,0.0,0.0,0.52333,0.0,0.0,-0.1667288696015968,-0.004029773890228617,-0.7399979590583186,-0.5878183071128545,-0.505273702472186,-0.4037198228806565,-0.00016258633569212237,-4.199020560761866e-05,2.4464015522472456e-06,-0.00011836964145296398,-2.6613431975845466e-05,0.17268714378162173,-5.077526777763397e-05,-1.3002598012102614e-05,0.5284504737762145,0.00015791323836099062,4.8189168236264406e-05
126,True,1.270000000000001,6.2410108002879,False,False,0.0,False,,-0.15,0.0,-0.73304,-0.58496,-0.50477,-0.4000000000000001,0.0,0.0,0.0,0.0,0.0,0.17,0.0,0.0,0.52333,0.0,0.0,-0.15,0.0,-0.73304,-0.58496,-0.50477,-0.4000000000000001,0.0,0.0,0.0,0.0,0.0,0.17,0.0,0.0,0.52333,0.0,0.0,-0.1667270008863478,-0.00403100047730036,-0.7399991647596573,-0.5878194424642693,-0.5052746357357584,-0.4037211691264311,-0.00016277452674872273,-4.2066688517092685e-05,2.4520190477344095e-06,-0.00011836290681891299,-2.6660960055445237e-05,0.17268850528487742,-5.071618793264947e-05,-1.3024367769582279e-05,0.5284518066145116,0.00015823811227773867,4.8282907783419395e-05
127,True,1.280000000000001,6.241017452903935,False,False,0.0,False,,-0.15,0.0,-0.73304,-0.58496,-0.50477,-0.4000000000000001,0.0,0.0,0.0,0.0,0.0,0.17,0.0,0.0,0.52333,0.0,0.0,-0.15,0.0,-0.73304,-0.58496,-0.50477,-0.4000000000000001,0.0,0.0,0.0,0.0,0.0,0.17,0.0,0.0,0.52333,0.0,0.0,-0.16672514390814439,-0.004032205456137137,-0.7400003490888281,-0.5878205564661351,-0.5052755510301404,-0.40372249208111055,-0.00016295945936384913,-4.214176221470658e-05,2.4575421885345633e-06,-0.0001183565304999648,-2.6707629302765673e-05,0.1726898438936998,-5.0658408945611114e-05,-1.3045770351697137e-05,0.5284531159880582,0.00015855682225388091,4.837480837120398e-05
128,True,1.290000000000001,6.2410239936265635,False,False,0.0,False,,-0.15,0.0,-0.73304,-0.58496,-0.50477,-0.4000000000000001,0.0,0.0,0.0,0.0,0.0,0.17,0.0,0.0,0.52333,0.0,0.0,-0.15,0.0,-0.73304,-0.58496,-0.50477,-0.4000000000000001,0.0,0.0,0.0,0.0,0.0,0.17,0.0,0.0,0.52333,0.0,0.0,-0.16672329859326307,-0.004033389208407817,-0.7400015124244567,-0.5878216495204389,-0.5052764487014555,-0.4037237921474021,-0.00016314119207960404,-4.22154532959378e-05,2.46297255951167e-06,-0.0001183505044977022,-2.675345585252311e-05,0.17269115999291293,-5.060190584525352e-05,-1.3066812505716928e-05,0.5284544023096263,0.0001588694831370615,4.84649054037169e-05
129,True,1.300000000000001,6.24103042433738,False,False,0.0,False,,-0.15,0.0,-0.73304,-0.58496,-0.50477,-0.4000000000000001,0.0,0.0,0.0,0.0,0.0,0.17,0.0,0.0,0.52333,0.0,0.0,-0.15,0.0,-0.73304,-0.58496,-0.50477,-0.4000000000000001,0.0,0.0,0.0,0.0,0.0,0.17,0.0,0.0,0.52333,0.0,0.0,-0.16672146486844328,-0.004034552109033321,-0.7400026551384625,-0.5878227220215955,-0.5052773290891588,-0.40372506972105165,-0.00016331978237221832,-4.228778785020019e-05,2.468311718908783e-06,-0.00011834482096850243,-2.6798455532217097e-05,0.17269245396087357,-5.05466541207596e-05,-1.3087500850980076e-05,0.5284556659847287,0.00015917620764790651,4.855323360748765e-05
130,True,1.310000000000001,6.24103674688639,False,False,0.0,False,,-0.15,0.0,-0.73304,-0.58496,-0.50477,-0.4000000000000001,0.0,0.0,0.0,0.0,0.0,0.17,0.0,0.0,0.52333,0.0,0.0,-0.15,0.0,-0.73304,-0.58496,-0.50477,-0.4000000000000001,0.0,0.0,0.0,0.0,0.0,0.17,0.0,0.0,0.52333,0.0,0.0,-0.1667196426608846,-0.004035694526305966,-0.7400037775961776,-0.5878237743565905,-0.5052781925261667,-0.4037263251909639,-0.000163495286671547,-4.235879147050042e-05,2.473561198795151e-06,-0.00011833947222066281,-2.6842643868006188e-05,0.17269372616957973,-5.049262971338164e-05,-1.3107841881344667e-05,0.528456907411747,0.00015947710641933712,4.8639827044420016e-05
131,True,1.320000000000001,6.241042963092389,False,False,0.0,False,,-0.15,0.0,-0.73304,-0.58496,-0.50477,-0.4000000000000001,0.0,0.0,0.0,0.0,0.0,0.17,0.0,0.0,0.52333,0.0,0.0,-0.15,0.0,-0.73304,-0.58496,-0.50477,-0.4000000000000001,0.0,0.0,0.0,0.0,0.0,0.17,0.0,0.0,0.52333,0.0,0.0,-0.1667178318982437,-0.0040368168220067,-0.7400048801564629,-0.58782480690512,-0.505279039338982,-0.40372755893932083,-0.00016366776038020803,-4.242848926290993e-05,2.478722505505873e-06,-0.00011833445071157899,-2.6886036090471208e-05,0.17269497698477757,-5.043980900821414e-05,-1.3127841967592292e-05,0.5284581269820569,0.00015977228803515687,4.87247191244884e-05
132,True,1.330000000000001,6.241049074743671,False,False,0.0,False,,-0.15,0.0,-0.73304,-0.58496,-0.50477,-0.4000000000000001,0.0,0.0,0.0,0.0,0.0,0.17,0.0,0.0,0.52333,0.0,0.0,-0.15,0.0,-0.73304,-0.58496,-0.50477,-0.4000000000000001,0.0,0.0,0.0,0.0,0.0,0.17,0.0,0.0,0.52333,0.0,0.0,-0.16671603250863168,-0.004037919351520272,-0.7400059631718229,-0.5878258200397277,-0.5052798698478175,-0.40372877134169805,-0.00016383725789237026,-4.2496905855855944e-05,2.4837971200741374e-06,-0.00011832974904497496,-2.6928647140268148e-05,0.17269620676606656,-5.0388168826115745e-05,-1.314750735978571e-05,0.5284593250801508,0.00016006185906792598,4.88079426181918e-05
133,True,1.340000000000001,6.241055083598428,False,False,0.0,False,,-0.15,0.0,-0.73304,-0.58496,-0.50477,-0.4000000000000001,0.0,0.0,0.0,0.0,0.0,0.17,0.0,0.0,0.52333,0.0,0.0,-0.15,0.0,-0.73304,-0.58496,-0.50477,-0.4000000000000001,0.0,0.0,0.0,0.0,0.0,0.17,0.0,0.0,0.52333,0.0,0.0,-0.16671424442061109,-0.004039002463948351,-0.7400070269885181,-0.5878268141259404,-0.5052806843667175,-0.4037299627671787,-0.00016400383261219753,-4.256406540923503e-05,2.4887864986562665e-06,-0.0001183253599681837,-2.6970491673672737e-05,0.1726974158670027,-5.0337686415777465e-05,-1.3166844189581189e-05,0.5284605020837598,0.0001603459241161362,4.888952966876995e-05
134,True,1.350000000000001,6.241060991385264,False,False,0.0,False,,-0.15,0.0,-0.73304,-0.58496,-0.50477,-0.4000000000000001,0.0,0.0,0.0,0.0,0.0,0.17,0.0,0.0,0.52333,0.0,0.0,-0.15,0.0,-0.73304,-0.58496,-0.50477,-0.4000000000000001,0.0,0.0,0.0,0.0,0.0,0.17,0.0,0.0,0.52333,0.0,0.0,-0.16671246756319313,-0.004040066502220656,-0.7400080719466762,-0.5878277895223994,-0.5052814832036766,-0.40373113357846574,-0.00016416753697195445,-4.262999162335267e-05,2.493692072949537e-06,-0.0001183212763694778,-2.701158406801888e-05,0.17269860463520004,-5.0288339445934675e-05,-1.318585847249641e-05,0.5284616583639721,0.0001606245858406992,4.8969511804186276e-05
135,True,1.360000000000001,6.241066799803681,False,False,0.0,False,,-0.15,0.0,-0.73304,-0.58496,-0.50477,-0.4000000000000001,0.0,0.0,0.0,0.0,0.0,0.17,0.0,0.0,0.52333,0.0,0.0,-0.15,0.0,-0.73304,-0.58496,-0.50477,-0.4000000000000001,0.0,0.0,0.0,0.0,0.0,0.17,0.0,0.0,0.52333,0.0,0.0,-0.1667107018658349,-0.004041111803204109,-0.7400090983803999,-0.5878287465809909,-0.505282266660756,-0.4037322841319923,-0.0001643284224497811,-4.2694707747692e-05,2.498515250603021e-06,-0.00011831749127544892,-2.7051938427032875e-05,0.17269977341243056,-5.024010599772022e-05,-1.3204556110134778e-05,0.5284627942853493,0.00016089794500076082,4.9047919948882e-05
136,True,1.370000000000001,6.241072510524668,False,False,0.0,False,,-0.15,0.0,-0.73304,-0.58496,-0.50477,-0.4000000000000001,0.0,0.0,0.0,0.0,0.0,0.17,0.0,0.0,0.52333,0.0,0.0,-0.15,0.0,-0.73304,-0.58496,-0.50477,-0.4000000000000001,0.0,0.0,0.0,0.0,0.0,0.17,0.0,0.0,0.52333,0.0,0.0,-0.16670894725843646,-0.004042138697810071,-0.740010106617874,-0.5878296856469726,-0.5052830350341979,-0.40373341477803,-0.0001644865395871415,-4.275823658951506e-05,2.5032574156215265e-06,-0.0001183139978484353,-2.7091568586065507e-05,0.17270092253472244,-5.0192964557156006e-05,-1.3222942892367e-05,0.5284639102060417,0.00016116610048885362,4.9124784435305835e-05
137,True,1.380000000000001,6.241078125191018,False,False,0.0,False,,-0.15,0.0,-0.73304,-0.58496,-0.50477,-0.4000000000000001,0.0,0.0,0.0,0.0,0.0,0.17,0.0,0.0,0.52333,0.0,0.0,-0.15,0.0,-0.73304,-0.58496,-0.50477,-0.4000000000000001,0.0,0.0,0.0,0.0,0.0,0.17,0.0,0.0,0.52333,0.0,0.0,-0.16670720367133815,-0.004043147511099664,-0.7400110969814708,-0.5878306070590988,-0.5052837886145378,-0.4037345258607955,-0.00016464193800595287,-4.282060052229989e-05,2.5079199287627744e-06,-0.00011831078938399637,-2.7130488117223893e-05,0.17270205233245645,-5.014689400778069e-05,-1.3241024499470714e-05,0.5284650064779016,0.0001614291493654007,4.920013501522361e-05
138,True,1.390000000000001,6.24108364541799,False,False,0.0,False,,-0.15,0.0,-0.73304,-0.58496,-0.50477,-0.4000000000000001,0.0,0.0,0.0,0.0,0.0,0.17,0.0,0.0,0.52333,0.0,0.0,-0.15,0.0,-0.73304,-0.58496,-0.50477,-0.4000000000000001,0.0,0.0,0.0,0.0,0.0,0.17,0.0,0.0,0.52333,0.0,0.0,-0.1667054710353178,-0.0040441385623872445,-0.7400120697878521,-0.5878315111497434,-0.505284527686714,-0.40373561771855515,-0.00016479466642540087,-4.288182149401635e-05,2.5125041279278627e-06,-0.00011830785930843385,-2.7168710334405077e-05,0.17270316313046097,-5.010187362341097e-05,-1.3258806504229038e-05,0.5284660834465932,0.00016168718689258177,4.927400087081184e-05
139,True,1.400000000000001,6.241089072793615,False,False,0.0,False,,-0.15,0.0,-0.73304,-0.58496,-0.50477,-0.4000000000000001,0.0,0.0,0.0,0.0,0.0,0.17,0.0,0.0,0.52333,0.0,0.0,-0.15,0.0,-0.73304,-0.58496,-0.50477,-0.4000000000000001,0.0,0.0,0.0,0.0,0.0,0.17,0.0,0.0,0.52333,0.0,0.0,-0.16670374928158807,-0.004045112165342044,-0.7400130253480706,-0.5878323982450192,-0.505285252530176,-0.40373669068372786,-0.00016494477267844712,-4.294192103524394e-05,2.517011328545176e-06,-0.000118305201176358,-2.720624829823321e-05,0.17270425524810515,-5.0057883061033997e-05,-1.3276294373988743e-05,0.5284671414517015,0.00016194030656757367,4.93464106255396e-05
140,True,1.410000000000001,6.241094408879202,False,False,0.0,False,,-0.15,0.0,-0.73304,-0.58496,-0.50477,-0.4000000000000001,0.0,0.0,0.0,0.0,0.0,0.17,0.0,0.0,0.52333,0.0,0.0,-0.15,0.0,-0.73304,-0.58496,-0.50477,-0.4000000000000001,0.0,0.0,0.0,0.0,0.0,0.17,0.0,0.0,0.52333,0.0,0.0,-0.1667020383417936,-0.004046068628088003,-0.7400139639676696,-0.5878332686648966,-0.5052859634189898,-0.403737745082986,-0.000165092303728034,-4.3000920267134586e-05,2.5214428239478846e-06,-0.00011830280866829881,-2.7243114820902152e-05,0.1727053289993908,-5.0014902353828586e-05,-1.3293493472678916e-05,0.5284681808268396,0.0001621886001551772,4.941739235484255e-05
141,True,1.420000000000001,6.241099655209872,False,False,0.0,False,,-0.15,0.0,-0.73304,-0.58496,-0.50477,-0.4000000000000001,0.0,0.0,0.0,0.0,0.0,0.17,0.0,0.0,0.52333,0.0,0.0,-0.15,0.0,-0.73304,-0.58496,-0.50477,-0.4000000000000001,0.0,0.0,0.0,0.0,0.0,0.17,0.0,0.0,0.52333,0.0,0.0,-0.1667003381480083,-0.004047008253301849,-0.7400148859467803,-0.5878341227233189,-0.505286660621942,-0.4037387812373549,-0.00016523730568299282,-4.3058839909223335e-05,2.525799885745072e-06,-0.00011830067558836067,-2.7279322470925343e-05,0.17270638469304256,-4.9972911904312995e-05,-1.331040906279081e-05,0.5284692018997533,0.000162432157719841,4.948697359659318e-05
142,True,1.430000000000001,6.241104813294836,False,False,0.0,False,,-0.15,0.0,-0.73304,-0.58496,-0.50477,-0.4000000000000001,0.0,0.0,0.0,0.0,0.0,0.17,0.0,0.0,0.52333,0.0,0.0,-0.15,0.0,-0.73304,-0.58496,-0.50477,-0.4000000000000001,0.0,0.0,0.0,0.0,0.0,0.17,0.0,0.0,0.52333,0.0,0.0,-0.16669864863273282,-0.004047931338309431,-0.7400157915802178,-0.5878349607283162,-0.5052873444026409,-0.4037397994623107,-0.00016537982381366055,-4.311570028708987e-05,2.530083764186606e-06,-0.0001182987958619204,-2.7314883577794714e-05,0.17270742263259653,-4.9931892477616746e-05,-1.3327046307319649e-05,0.5284702049924247,0.00016267106765709423,4.955518136137116e-05
143,True,1.440000000000001,6.241109884618011,False,False,0.0,False,,-0.15,0.0,-0.73304,-0.58496,-0.50477,-0.4000000000000001,0.0,0.0,0.0,0.0,0.0,0.17,0.0,0.0,0.52333,0.0,0.0,-0.15,0.0,-0.73304,-0.58496,-0.50477,-0.4000000000000001,0.0,0.0,0.0,0.0,0.0,0.17,0.0,0.0,0.52333,0.0,0.0,-0.16669696972889164,-0.004048838175180362,-0.7400166811575751,-0.5878357829821164,-0.5052880150196167,-0.4037408000678756,-0.00016551990256721044,-4.317152133987372e-05,2.534295688521945e-06,-0.00011829716353336718,-2.7349810236550367e-05,0.1727084431164875,-4.989182519487443e-05,-1.3343410271669137e-05,0.528471190421173,0.00016290541672439832,4.96220421425376e-05
144,True,1.450000000000001,6.2411148706383015,False,False,0.0,False,,-0.15,0.0,-0.73304,-0.58496,-0.50477,-0.4000000000000001,0.0,0.0,0.0,0.0,0.0,0.17,0.0,0.0,0.52333,0.0,0.0,-0.15,0.0,-0.73304,-0.58496,-0.50477,-0.4000000000000001,0.0,0.0,0.0,0.0,0.0,0.17,0.0,0.0,0.52333,0.0,0.0,-0.16669530136983068,-0.004049729050820975,-0.7400175549633158,-0.5878365897812547,-0.5052886727264195,-0.40374178335871275,-0.00016565758558270197,-4.322632262764595e-05,2.538436867352883e-06,-0.00011829577276388416,-2.7384114312262717e-05,0.1727094464381347,-4.985269152673929e-05,-1.335950592551934e-05,0.5284721584967544,0.00016313529007142913,4.9687581926116886e-05
145,True,1.460000000000001,6.24111977279008,False,False,0.0,False,,-0.15,0.0,-0.73304,-0.58496,-0.50477,-0.4000000000000001,0.0,0.0,0.0,0.0,0.0,0.17,0.0,0.0,0.52333,0.0,0.0,-0.15,0.0,-0.73304,-0.58496,-0.50477,-0.4000000000000001,0.0,0.0,0.0,0.0,0.0,0.17,0.0,0.0,0.52333,0.0,0.0,-0.16669364348931442,-0.004050604247065638,-0.7400184132768645,-0.5878373814166811,-0.5052893177717148,-0.40374274963421863,-0.0001657929157058549,-4.328012333864e-05,2.542508488980354e-06,-0.00011829461782927063,-2.741780744442883e-05,0.172710432886026,-4.981447328701431e-05,-1.3375338144658722e-05,0.5284731095244602,0.00016336077126979955,4.975182620048993e-05
146,True,1.470000000000001,6.241124592483625,False,False,0.0,False,,-0.15,0.0,-0.73304,-0.58496,-0.50477,-0.4000000000000001,0.0,0.0,0.0,0.0,0.0,0.17,0.0,0.0,0.52333,0.0,0.0,-0.15,0.0,-0.73304,-0.58496,-0.50477,-0.4000000000000001,0.0,0.0,0.0,0.0,0.0,0.17,0.0,0.0,0.52333,0.0,0.0,-0.16669199602152335,-0.004051464040766458,-0.7400192563726967,-0.5878381581738646,-0.5052899503993777,-0.4037436991886141,-0.00016592593500355294,-4.3332942296344554e-05,2.5465117217454163e-06,-0.00011829369311780423,-2.745090105128454e-05,0.17271140274380092,-4.9777152626398703e-05,-1.339091171278093e-05,0.5284740438042127,0.00016358194234223324,4.9814799965902305e-05
147,True,1.480000000000001,6.2411293311054905,False,False,0.0,False,,-0.15,0.0,-0.73304,-0.58496,-0.50477,-0.4000000000000001,0.0,0.0,0.0,0.0,0.0,0.17,0.0,0.0,0.52333,0.0,0.0,-0.15,0.0,-0.73304,-0.58496,-0.50477,-0.4000000000000001,0.0,0.0,0.0,0.0,0.0,0.17,0.0,0.0,0.52333,0.0,0.0,-0.1666903589010514,-0.004052308703881398,-0.7400200845204261,-0.5878389203328983,-0.5052905708485853,-0.4037446323110339,-0.0001660566847780817,-4.33847979664608e-05,2.5504477143645505e-06,-0.00011829299312814232,-2.7483406334034007e-05,0.1727123562903319,-4.974071202634788e-05,-1.3406231323247085e-05,0.5284749616306591,0.00016379888379119932,4.9876527743790815e-05
148,True,1.490000000000001,6.241133990018845,False,False,0.0,False,,-0.15,0.0,-0.73304,-0.58496,-0.50477,-0.4000000000000001,0.0,0.0,0.0,0.0,0.0,0.17,0.0,0.0,0.52333,0.0,0.0,-0.15,0.0,-0.73304,-0.58496,-0.50477,-0.4000000000000001,0.0,0.0,0.0,0.0,0.0,0.17,0.0,0.0,0.52333,0.0,0.0,-0.16668873206290333,-0.004053138503560825,-0.7400208979848906,-0.5878396681685988,-0.5052911793539074,-0.4037455492856146,-0.00016618520558110572,-4.343570846372698e-05,2.5543175962592735e-06,-0.00011829251246726193,-2.751533428099827e-05,0.17271329379980468,-4.9705134293044525e-05,-1.3421301580814211e-05,0.528475863293265,0.00016401167462701832,4.9937033585931995e-05
149,True,1.500000000000001,6.241138570564041,False,False,0.0,False,,-0.15,0.0,-0.73304,-0.58496,-0.50477,-0.4000000000000001,0.0,0.0,0.0,0.0,0.0,0.17,0.0,0.0,0.52333,0.0,0.0,-0.15,0.0,-0.73304,-0.58496,-0.50477,-0.4000000000000001,0.0,0.0,0.0,0.0,0.0,0.17,0.0,0.0,0.52333,0.0,0.0,-0.1666871154424921,-0.004053953702232547,-0.7400216970262371,-0.5878404019506064,-0.5052917761453948,-0.40374645039158075,-0.0001663115372273897,-4.34856915586125e-05,2.5581224778802432e-06,-0.00011829224584843746,-2.7546695671684342e-05,0.17271421554179686,-4.9670402551479134e-05,-1.3436127003330454e-05,0.528476749076405,0.0001642203923954488,4.999634108341596e-05
150,True,1.5100000000000011,6.241143074058848,False,False,0.0,False,,-0.15,0.0,-0.73304,-0.58496,-0.50477,-0.4000000000000001,0.0,0.0,0.0,0.0,0.0,0.17,0.0,0.0,0.52333,0.0,0.0,-0.15,0.0,-0.73304,-0.58496,-0.50477,-0.4000000000000001,0.0,0.0,0.0,0.0,0.0,0.17,0.0,0.0,0.52333,0.0,0.0,-0.16668550897563641,-0.00405475455768532,-0.7400224819000045,-0.5878411219434828,-0.5052923614486667,-0.40374733590333006,-0.00016643571880826837,-4.353476468388423e-05,2.561863451025894e-06,-0.00011829218808925547,-2.7577501080776383e-05,0.17271512178135537,-4.9636500239637715e-05,-1.3450712023397719e-05,0.5284776192594526,0.00016442511320476463,5.00544733754489e-05
151,True,1.5200000000000011,6.2411475017988325,False,False,0.0,False,,-0.15,0.0,-0.73304,-0.58496,-0.50477,-0.4000000000000001,0.0,0.0,0.0,0.0,0.0,0.17,0.0,0.0,0.52333,0.0,0.0,-0.15,0.0,-0.73304,-0.58496,-0.50477,-0.4000000000000001,0.0,0.0,0.0,0.0,0.0,0.17,0.0,0.0,0.52333,0.0,0.0,-0.16668391259855805,-0.004055541323150903,-0.7400232528572055,-0.5878418284068067,-0.5052929354849961,-0.40374820609051676,-0.00016655778870486938,-4.3582944941047404e-05,2.5655415891557666e-06,-0.00011829233410966604,-2.760776088205047e-05,0.17271601277907273,-4.9603411102794946e-05,-1.3465060990002378e-05,0.5284784741168678,0.00016462591175233165,5.011145315798747e-05
152,True,1.5300000000000011,6.2411518550578045,False,False,0.0,False,,-0.15,0.0,-0.73304,-0.58496,-0.50477,-0.4000000000000001,0.0,0.0,0.0,0.0,0.0,0.17,0.0,0.0,0.52333,0.0,0.0,-0.15,0.0,-0.73304,-0.58496,-0.50477,-0.4000000000000001,0.0,0.0,0.0,0.0,0.0,0.17,0.0,0.0,0.52333,0.0,0.0,-0.16668232624787943,-0.004056314247384644,-0.7400240101444062,-0.5878425215952672,-0.5052934984713932,-0.40374906121813353,-0.0001666777846010945,-4.363024910666356e-05,2.5691579476985188e-06,-0.00011829267893006971,-2.7637485252214363e-05,0.17271688879116173,-4.957111918791075e-05,-1.347917817011464e-05,0.528479313918284,0.00016482286135069396,5.016730269220836e-05
153,True,1.5400000000000011,6.241156135088157,False,False,0.0,False,,-0.15,0.0,-0.73304,-0.58496,-0.50477,-0.4000000000000001,0.0,0.0,0.0,0.0,0.0,0.17,0.0,0.0,0.52333,0.0,0.0,-0.15,0.0,-0.73304,-0.58496,-0.50477,-0.4000000000000001,0.0,0.0,0.0,0.0,0.0,0.17,0.0,0.0,0.52333,0.0,0.0,-0.1666807498606211,-0.0040570735747446525,-0.7400247540038059,-0.5878432017587564,-0.5052940506206878,-0.4037499015465923,-0.00016679574349636258,-4.3676693638547784e-05,2.5727135643548175e-06,-0.00011829321766943979,-2.7666684174673766e-05,0.1727177500695292,-4.953960883812844e-05,-1.3493067750257205e-05,0.5284801389285921,0.00016501603395317795,5.022204381281611e-05
154,True,1.5500000000000012,6.241160343121245,False,False,0.0,False,,-0.15,0.0,-0.73304,-0.58496,-0.50477,-0.4000000000000001,0.0,0.0,0.0,0.0,0.0,0.17,0.0,0.0,0.52333,0.0,0.0,-0.15,0.0,-0.73304,-0.58496,-0.50477,-0.4000000000000001,0.0,0.0,0.0,0.0,0.0,0.17,0.0,0.0,0.52333,0.0,0.0,-0.16667918337419907,-0.004057819545269558,-0.7400254846733131,-0.5878438691424598,-0.5052945921416095,-0.403750727331803,-0.0001669117017181195,-4.3722294681847574e-05,2.5762094593951185e-06,-0.00011829394554347886,-2.7695367443226458e-05,0.17271859686184823,-4.950886468737261e-05,-1.350673383804377e-05,0.5284809494080248,0.0001652055001790234,5.027569793619232e-05
155,True,1.5600000000000012,6.241164480367683,False,False,0.0,False,,-0.15,0.0,-0.73304,-0.58496,-0.50477,-0.4000000000000001,0.0,0.0,0.0,0.0,0.0,0.17,0.0,0.0,0.52333,0.0,0.0,-0.15,0.0,-0.73304,-0.58496,-0.50477,-0.4000000000000001,0.0,0.0,0.0,0.0,0.0,0.17,0.0,0.0,0.52333,0.0,0.0,-0.16667762672642258,-0.004058552394754905,-0.7400262023866228,-0.5878445239869443,-0.5052951232388674,-0.4037515388252519,-0.00016702569493411878,-4.376706807500576e-05,2.5796466359524065e-06,-0.0001182948578628093,-2.7723544665685694e-05,0.17271942941162932,-4.947887165504507e-05,-1.352018046368799e-05,0.5284817456122376,0.00016539132933805068,5.032828606838926e-05
156,True,1.5700000000000012,6.24116854801771,False,False,0.0,False,,-0.15,0.0,-0.73304,-0.58496,-0.50477,-0.4000000000000001,0.0,0.0,0.0,0.0,0.0,0.17,0.0,0.0,0.52333,0.0,0.0,-0.15,0.0,-0.73304,-0.58496,-0.50477,-0.4000000000000001,0.0,0.0,0.0,0.0,0.0,0.17,0.0,0.0,0.52333,0.0,0.0,-0.16667607985549152,-0.004059272354828194,-0.7400269073732899,-0.5878451665282461,-0.5052956441132267,-0.4037523362740773,-0.00016713775816447728,-4.381102935560939e-05,2.583026080310078e-06,-0.00011829595003119714,-2.77512252674342e-05,0.17272024795829058,-4.9449614940816754e-05,-1.3533411581483443e-05,0.5284825277923899,0.00016557358945487182,5.0379828812970844e-05
157,True,1.5800000000000012,6.241172547241585,False,False,0.0,False,,-0.15,0.0,-0.73304,-0.58496,-0.50477,-0.4000000000000001,0.0,0.0,0.0,0.0,0.0,0.17,0.0,0.0,0.52333,0.0,0.0,-0.15,0.0,-0.73304,-0.58496,-0.50477,-0.4000000000000001,0.0,0.0,0.0,0.0,0.0,0.17,0.0,0.0,0.52333,0.0,0.0,-0.16667454269999385,-0.004059979653022589,-0.7400275998588038,-0.5878457969979554,-0.5052961549615853,-0.40375311992114576,-0.0001672479257935104,-4.385419376612703e-05,2.586348762184955e-06,-0.00011829721754380824,-2.7778418494910154e-05,0.1727210527372262,-4.9421080019514256e-05,-1.3546431071255165e-05,0.528483296195224,0.00016575234729265464,5.0430346378703846e-05
158,True,1.5900000000000012,6.241176479189923,False,False,0.0,False,,-0.15,0.0,-0.73304,-0.58496,-0.50477,-0.4000000000000001,0.0,0.0,0.0,0.0,0.0,0.17,0.0,0.0,0.52333,0.0,0.0,-0.15,0.0,-0.73304,-0.58496,-0.50477,-0.4000000000000001,0.0,0.0,0.0,0.0,0.0,0.17,0.0,0.0,0.52333,0.0,0.0,-0.16667301519890337,-0.004060674512849335,-0.7400282800646595,-0.5878464156233006,-0.5052966559770479,-0.4037538900051251,-0.00016735623158135006,-4.3896576259536455e-05,2.5896156350055813e-06,-0.00011829865598549685,-2.7805133419026375e-05,0.1727218439798742,-4.9393252636098964e-05,-1.3559242739783322e-05,0.5284840510631429,0.0001659276683764479,5.0479858587102364e-05
159,True,1.6000000000000012,6.241180344993885,False,False,0.0,False,,-0.15,0.0,-0.73304,-0.58496,-0.50477,-0.4000000000000001,0.0,0.0,0.0,0.0,0.0,0.17,0.0,0.0,0.52333,0.0,0.0,-0.15,0.0,-0.73304,-0.58496,-0.50477,-0.4000000000000001,0.0,0.0,0.0,0.0,0.0,0.17,0.0,0.0,0.52333,0.0,0.0,-0.16667149729157726,-0.004061357153868876,-0.7400289482084283,-0.5878470226272303,-0.5052971473489993,-0.4037546467605573,-0.00016746270867535023,-4.3938191504844905e-05,2.592827636185786e-06,-0.00011830026102912533,-2.783137893852406e-05,0.17272262191378293,-4.9366118800737254e-05,-1.3571850322199505e-05,0.5284847926342858,0.00016609961701607523,5.05283848798281e-05
160,True,1.6100000000000012,6.241184145765706,False,False,0.0,False,,-0.15,0.0,-0.73304,-0.58496,-0.50477,-0.4000000000000001,0.0,0.0,0.0,0.0,0.0,0.17,0.0,0.0,0.52333,0.0,0.0,-0.15,0.0,-0.73304,-0.58496,-0.50477,-0.4000000000000001,0.0,0.0,0.0,0.0,0.0,0.17,0.0,0.0,0.52333,0.0,0.0,-0.16666998891775353,-0.004062027791760726,-0.7400296045038282,-0.5878476182284935,-0.5052976292631763,-0.40375539041792957,-0.00016756738962128364,-4.3979053892503944e-05,2.5959856873936828e-06,-0.0001183020284339149,-2.7857163783262327e-05,0.17272338676267637,-4.933966478396013e-05,-1.3584257483356225e-05,0.528485521142604,0.00016626825632860677,5.057594432594944e-05
161,True,1.6200000000000012,6.241187882598884,False,False,0.0,False,,-0.15,0.0,-0.73304,-0.58496,-0.50477,-0.4000000000000001,0.0,0.0,0.0,0.0,0.0,0.17,0.0,0.0,0.52333,0.0,0.0,-0.15,0.0,-0.73304,-0.58496,-0.50477,-0.4000000000000001,0.0,0.0,0.0,0.0,0.0,0.17,0.0,0.0,0.52333,0.0,0.0,-0.16666849001754883,-0.00406268663839211,-0.7400302491607912,-0.5878482026417194,-0.5052981019017371,-0.4037561212037449,-0.00016767030637433318,-4.4019177539720894e-05,2.5990906948161693e-06,-0.00011830395404382663,-2.7882496517444715e-05,0.1727241387465185,-4.9313877111910616e-05,-1.3596467819170104e-05,0.528486236817934,0.00016643364826041498,5.0622555629061855e-05
162,True,1.6300000000000012,6.241191556568508,False,False,0.0,False,,-0.15,0.0,-0.73304,-0.58496,-0.50477,-0.4000000000000001,0.0,0.0,0.0,0.0,0.0,0.17,0.0,0.0,0.52333,0.0,0.0,-0.15,0.0,-0.73304,-0.58496,-0.50477,-0.4000000000000001,0.0,0.0,0.0,0.0,0.0,0.17,0.0,0.0,0.52333,0.0,0.0,-0.16666700053145586,-0.004063333901885373,-0.7400308823855307,-0.5878487760774946,-0.5052985654433314,-0.4037568393405905,-0.0001677714903098822,-4.405857629566879e-05,2.6021435494189784e-06,-0.00011830603378597222,-2.790738554278396e-05,0.1727248780815764,-4.928874256167729e-05,-1.3608484857939245e-05,0.5284869398860707,0.00016659585360882359,5.06682371342724e-05
163,True,1.6400000000000012,6.241195168731634,False,False,0.0,False,,-0.15,0.0,-0.73304,-0.58496,-0.50477,-0.4000000000000001,0.0,0.0,0.0,0.0,0.0,0.17,0.0,0.0,0.52333,0.0,0.0,-0.15,0.0,-0.73304,-0.58496,-0.50477,-0.4000000000000001,0.0,0.0,0.0,0.0,0.0,0.17,0.0,0.0,0.52333,0.0,0.0,-0.1666655204003411,-0.004063969786684216,-0.7400315043806077,-0.5878493387424395,-0.5052990200631672,-0.4037575450472056,-0.00016787097223410714,-4.409726374659702e-05,2.6051451272023042e-06,-0.00011830826366905403,-2.7931839101606158e-05,0.1727256049804825,-4.926424815671253e-05,-1.3620312061635333e-05,0.5284876305688371,0.00016675493204335617,5.0713006835050796e-05
164,True,1.6500000000000012,6.241198720127519,False,False,0.0,False,,-0.15,0.0,-0.73304,-0.58496,-0.50477,-0.4000000000000001,0.0,0.0,0.0,0.0,0.0,0.17,0.0,0.0,0.52333,0.0,0.0,-0.15,0.0,-0.73304,-0.58496,-0.50477,-0.4000000000000001,0.0,0.0,0.0,0.0,0.0,0.17,0.0,0.0,0.52333,0.0,0.0,-0.16666404956544273,-0.004064594493618744,-0.7400321153449946,-0.5878498908392827,-0.5052994659330771,-0.4037582385385482,-0.00016796878239437628,-4.413525322084417e-05,2.6080962894522085e-06,-0.00011831063978183364,-2.795586527989548e-05,0.17272631965229537,-4.924038116233381e-05,-1.3631952827170895e-05,0.5284883090841552,0.00016691094212659255,5.075688237994971e-05
165,True,1.6600000000000013,6.241202211777952,False,False,0.0,False,,-0.15,0.0,-0.73304,-0.58496,-0.50477,-0.4000000000000001,0.0,0.0,0.0,0.0,0.0,0.17,0.0,0.0,0.52333,0.0,0.0,-0.15,0.0,-0.73304,-0.58496,-0.50477,-0.4000000000000001,0.0,0.0,0.0,0.0,0.0,0.17,0.0,0.0,0.52333,0.0,0.0,-0.16666258796836775,-0.00406520821996938,-0.7400327154741401,-0.5878504325669346,-0.5052999032215839,-0.40375892002586006,-0.0001680649504894579,-4.4172557793755354e-05,2.610997882987764e-06,-0.00011831315829162876,-2.7979472010280614e-05,0.1727270223025602,-4.921712908130656e-05,-1.3643410487642224e-05,0.5284889756461143,0.00016706394133463964,5.0799881079196757e-05
166,True,1.6700000000000013,6.241205644687494,False,False,0.0,False,,-0.15,0.0,-0.73304,-0.58496,-0.50477,-0.4000000000000001,0.0,0.0,0.0,0.0,0.0,0.17,0.0,0.0,0.52333,0.0,0.0,-0.15,0.0,-0.73304,-0.58496,-0.50477,-0.4000000000000001,0.0,0.0,0.0,0.0,0.0,0.17,0.0,0.0,0.52333,0.0,0.0,-0.16666113555109008,-0.004065811159529629,-0.7400333049600301,-0.5878509641205593,-0.5053003320939639,-0.4037595897167311,-0.00016815950567954164,-4.420919029250548e-05,2.6138507404040674e-06,-0.00011831581544283764,-2.8002667074964003e-05,0.17272771313336746,-4.919447964950725e-05,-1.3654688313548445e-05,0.5284896304650382,0.0001672139860772244,5.0842019911160535e-05
167,True,1.6800000000000013,6.2412090198439065,False,False,0.0,False,,-0.15,0.0,-0.73304,-0.58496,-0.50477,-0.4000000000000001,0.0,0.0,0.0,0.0,0.0,0.17,0.0,0.0,0.52333,0.0,0.0,-0.15,0.0,-0.73304,-0.58496,-0.50477,-0.4000000000000001,0.0,0.0,0.0,0.0,0.0,0.17,0.0,0.0,0.52333,0.0,0.0,-0.1666596922559482,-0.004066403502667749,-0.74003388399125,-0.5878514856916448,-0.5053007527123093,-0.40376024781516257,-0.00016825247659607643,-4.4245163300830514e-05,2.6166556803111356e-06,-0.00011831860755549069,-2.8025458108595024e-05,0.17272839234341122,-4.9172420831665024e-05,-1.3665789513987164e-05,0.5284902737475516,0.00016736113171741515,5.08833155286933e-05
168,True,1.6900000000000013,6.241212338218254,False,False,0.0,False,,-0.15,0.0,-0.73304,-0.58496,-0.50477,-0.4000000000000001,0.0,0.0,0.0,0.0,0.0,0.17,0.0,0.0,0.52333,0.0,0.0,-0.15,0.0,-0.73304,-0.58496,-0.50477,-0.4000000000000001,0.0,0.0,0.0,0.0,0.0,0.17,0.0,0.0,0.52333,0.0,0.0,-0.16665825802564277,-0.004066985436387323,-0.7400344527530452,-0.587851997468073,-0.5053011652355904,-0.4037608945216291,-0.00016834389135142789,-4.42804891636684e-05,2.6194135075688515e-06,-0.00011832153102382865,-2.8047852601088147e-05,0.17272906012804615,-4.915094081718064e-05,-1.367671723782715e-05,0.5284909056966456,0.00016750543259097915,5.092378426535246e-05
169,True,1.7000000000000013,6.2412156007653525,False,False,0.0,False,,-0.15,0.0,-0.73304,-0.58496,-0.50477,-0.4000000000000001,0.0,0.0,0.0,0.0,0.0,0.17,0.0,0.0,0.52333,0.0,0.0,-0.15,0.0,-0.73304,-0.58496,-0.50477,-0.4000000000000001,0.0,0.0,0.0,0.0,0.0,0.17,0.0,0.0,0.52333,0.0,0.0,-0.16665683280323434,-0.00406755714438676,-0.7400350114273794,-0.5878524996341867,-0.5053015698197145,-0.4037615300331395,-0.00016843377754835942,-4.4315179991711373e-05,2.622125013517896e-06,-0.00011832458231490706,-2.8069857900387145e-05,0.17272971667934348,-4.913002801602126e-05,-1.3687474574858503e-05,0.5284915265117406,0.00016764694202538196,5.096344214150325e-05
170,True,1.7100000000000013,6.241218808423874,False,False,0.0,False,,-0.15,0.0,-0.73304,-0.58496,-0.50477,-0.4000000000000001,0.0,0.0,0.0,0.0,0.0,0.17,0.0,0.0,0.52333,0.0,0.0,-0.15,0.0,-0.73304,-0.58496,-0.50477,-0.4000000000000001,0.0,0.0,0.0,0.0,0.0,0.17,0.0,0.0,0.52333,0.0,0.0,-0.16665541653214117,-0.004068118807117745,-0.7400355601929927,-0.5878529923708571,-0.5053019666175859,-0.4037621545432969,-0.00016852216228933938,-4.4349247665871276e-05,2.624790976206845e-06,-0.00011832775796722625,-2.8091481215176365e-05,0.17273036218614649,-4.9109671054689694e-05,-1.369806455692073e-05,0.5284921363887496,0.0001677857123584363,5.1002304870305e-05
171,True,1.7200000000000013,6.241221962116788,False,False,0.0,False,,-0.15,0.0,-0.73304,-0.58496,-0.50477,-0.4000000000000001,0.0,0.0,0.0,0.0,0.0,0.17,0.0,0.0,0.52333,0.0,0.0,-0.15,0.0,-0.73304,-0.58496,-0.50477,-0.4000000000000001,0.0,0.0,0.0,0.0,0.0,0.17,0.0,0.0,0.52333,0.0,0.0,-0.16665400915613696,-0.004068670601842654,-0.7400360992254594,-0.5878534758555488,-0.5053023557791632,-0.4037627682423573,-0.00016860907218567775,-4.438270384165975e-05,2.627412160615418e-06,-0.00011833105458938666,-2.811272961754012e-05,0.17273099683412443,-4.908985877226677e-05,-1.3708490159009179e-05,0.5284927355201403,0.00016792179495660615,5.1040387863582885e-05
172,True,1.7300000000000013,6.2412250627514885,False,False,0.0,False,,-0.15,0.0,-0.73304,-0.58496,-0.50477,-0.4000000000000001,0.0,0.0,0.0,0.0,0.0,0.17,0.0,0.0,0.52333,0.0,0.0,-0.15,0.0,-0.73304,-0.58496,-0.50477,-0.4000000000000001,0.0,0.0,0.0,0.0,0.0,0.17,0.0,0.0,0.52333,0.0,0.0,-0.16665261061934858,-0.004069212702690955,-0.7400366286972442,-0.5878539502623837,-0.5053027374515163,-0.40376337131728784,-0.00016869453336649585,-4.441555995348468e-05,2.6299893188740294e-06,-0.0001183344688587688,-2.813361004557116e-05,0.17273162080582616,-4.9070580216525544e-05,-1.3718754300360198e-05,0.5284933240949952,0.00016805524023297256,5.107770623758779e-05
173,True,1.7400000000000013,6.2412281112201695,False,False,0.0,False,,-0.15,0.0,-0.73304,-0.58496,-0.50477,-0.4000000000000001,0.0,0.0,0.0,0.0,0.0,0.17,0.0,0.0,0.52333,0.0,0.0,-0.15,0.0,-0.73304,-0.58496,-0.50477,-0.4000000000000001,0.0,0.0,0.0,0.0,0.0,0.17,0.0,0.0,0.52333,0.0,0.0,-0.16665122086625397,-0.004069745280714611,-0.7400371487777563,-0.5878544157622049,-0.505303111778882,-0.40376396395182323,-0.00016877857148753139,-4.444782721886465e-05,2.632523190479573e-06,-0.00011833799752023761,-2.8154129305929186e-05,0.17273223428073237,-4.905182464011595e-05,-1.372885984551548e-05,0.5284939022990709,0.00016818609766486794,5.1114274818646e-05
174,True,1.7500000000000013,6.241231108399949,False,False,0.0,False,,-0.15,0.0,-0.73304,-0.58496,-0.50477,-0.4000000000000001,0.0,0.0,0.0,0.0,0.0,0.17,0.0,0.0,0.52333,0.0,0.0,-0.15,0.0,-0.73304,-0.58496,-0.50477,-0.4000000000000001,0.0,0.0,0.0,0.0,0.0,0.17,0.0,0.0,0.52333,0.0,0.0,-0.16664983984167978,-0.0040702685039425,-0.7400376596334043,-0.5878548725226374,-0.5053034789027187,-0.403764546326522,-0.00016886121173978274,-4.4479516642562985e-05,2.635014502507656e-06,-0.00011834163738487062,-2.817429407635041e-05,0.1727328374353072,-4.903358149681871e-05,-1.3738809605365968e-05,0.5284944703148572,0.00016831441581118418,5.115010814870111e-05
175,True,1.7600000000000013,6.2412340551532575,False,False,0.0,False,,-0.15,0.0,-0.73304,-0.58496,-0.50477,-0.4000000000000001,0.0,0.0,0.0,0.0,0.0,0.17,0.0,0.0,0.52333,0.0,0.0,-0.15,0.0,-0.73304,-0.58496,-0.50477,-0.4000000000000001,0.0,0.0,0.0,0.0,0.0,0.17,0.0,0.0,0.52333,0.0,0.0,-0.16664846749079917,-0.004070782537433877,-0.7400381614276488,-0.587855320708149,-0.5053038389617598,-0.403765118618821,-0.00016894247885799465,-4.4510639020642776e-05,2.637463969821251e-06,-0.00011834538532870948,-2.8194110908109067e-05,0.17273343044304904,-4.901584043786725e-05,-1.3748606338175708e-05,0.5284950283216343,0.0001684402423293612,5.118522049075005e-05
176,True,1.7700000000000014,6.241236952328001,False,False,0.0,False,,-0.15,0.0,-0.73304,-0.58496,-0.50477,-0.4000000000000001,0.0,0.0,0.0,0.0,0.0,0.17,0.0,0.0,0.52333,0.0,0.0,-0.15,0.0,-0.73304,-0.58496,-0.50477,-0.4000000000000001,0.0,0.0,0.0,0.0,0.0,0.17,0.0,0.0,0.52333,0.0,0.0,-0.16664710375912992,-0.004071287543330887,-0.7400386543210552,-0.5878557604801106,-0.5053041920920659,-0.4037656810030898,-0.00016902239712898864,-4.454120494444454e-05,2.6398722952758086e-06,-0.00011834923829153459,-2.8213586228431798e-05,0.17273401347454018,-4.89985913083363e-05,-1.3758252750586053e-05,0.5284955764955289,0.00016856362399206155,5.121962583417538e-05
177,True,1.7800000000000014,6.241239800757846,False,False,0.0,False,,-0.15,0.0,-0.73304,-0.58496,-0.50477,-0.4000000000000001,0.0,0.0,0.0,0.0,0.0,0.17,0.0,0.0,0.52333,0.0,0.0,-0.15,0.0,-0.73304,-0.58496,-0.50477,-0.4000000000000001,0.0,0.0,0.0,0.0,0.0,0.17,0.0,0.0,0.52333,0.0,0.0,-0.1666457485925319,-0.004071783680910153,-0.7400391384713446,-0.5878561919968534,-0.5053045384270769,-0.40376623365068337,-0.00016910099039984093,-4.457122480448791e-05,2.642240169920966e-06,-0.00011835319327566218,-2.823272634286582e-05,0.17273458669749592,-4.898182414359609e-05,-1.3767751498600598e-05,0.5284961150095702,0.00016868460670353724,5.1253337899975685e-05
178,True,1.7900000000000014,6.241242601262402,False,False,0.0,False,,-0.15,0.0,-0.73304,-0.58496,-0.50477,-0.4000000000000001,0.0,0.0,0.0,0.0,0.0,0.17,0.0,0.0,0.52333,0.0,0.0,-0.15,0.0,-0.73304,-0.58496,-0.50477,-0.4000000000000001,0.0,0.0,0.0,0.0,0.0,0.17,0.0,0.0,0.52333,0.0,0.0,-0.16664440193720514,-0.004072271106633443,-0.7400396140334443,-0.5878566154137269,-0.5053048780976621,-0.4037667767299942,-0.00016917828208591062,-4.460070879429891e-05,2.6445682731988275e-06,-0.00011835724734476361,-2.8251537437601764e-05,0.17273515027681288,-4.896552916583086e-05,-1.3777105188551182e-05,0.5284966440337439,0.00016880323551569343,5.1286370145896135e-05
179,True,1.8000000000000014,6.241245354647535,False,False,0.0,False,,-0.15,0.0,-0.73304,-0.58496,-0.50477,-0.4000000000000001,0.0,0.0,0.0,0.0,0.0,0.17,0.0,0.0,0.52333,0.0,0.0,-0.15,0.0,-0.73304,-0.58496,-0.50477,-0.4000000000000001,0.0,0.0,0.0,0.0,0.0,0.17,0.0,0.0,0.52333,0.0,0.0,-0.16664306373968765,-0.004072749974197453,-0.7400400811595373,-0.5878570308831547,-0.5053052112321698,-0.40376731040650393,-0.00016925429517872088,-4.462966691416404e-05,2.6468572731389468e-06,-0.00011836139762270641,-2.8270025581752044e-05,0.17273570437461616,-4.894969678062053e-05,-1.3786316378045369e-05,0.5284971637350461,0.00016891955464385644,5.131873577146104e-05
180,True,1.8100000000000014,6.241248061705559,False,False,0.0,False,,-0.15,0.0,-0.73304,-0.58496,-0.50477,-0.4000000000000001,0.0,0.0,0.0,0.0,0.0,0.17,0.0,0.0,0.52333,0.0,0.0,-0.15,0.0,-0.73304,-0.58496,-0.50477,-0.4000000000000001,0.0,0.0,0.0,0.0,0.0,0.17,0.0,0.0,0.52333,0.0,0.0,-0.16664173394685322,-0.004073220434582701,-0.7400405399991106,-0.5878574385546897,-0.5053055379564755,-0.403767834842833,-0.00016932905225369594,-4.4658108974812794e-05,2.649107826550049e-06,-0.00011836564129241668,-2.828819672958562e-05,0.17273624915030597,-4.893431757358449e-05,-1.3795387576895725e-05,0.5284976742775357,0.0001690336074822494,5.1350447722910356e-05
181,True,1.8200000000000014,6.241250723215466,False,False,0.0,False,,-0.15,0.0,-0.73304,-0.58496,-0.50477,-0.4000000000000001,0.0,0.0,0.0,0.0,0.0,0.17,0.0,0.0,0.52333,0.0,0.0,-0.15,0.0,-0.73304,-0.58496,-0.50477,-0.4000000000000001,0.0,0.0,0.0,0.0,0.0,0.17,0.0,0.0,0.52333,0.0,0.0,-0.16664041250590947,-0.004073682636101557,-0.7400409906990035,-0.5878578385750686,-0.5053058583940304,-0.40376835019879076,-0.00016940257547775622,-4.468604460102984e-05,2.651320579208442e-06,-0.00011836997559476242,-2.8306056722719993e-05,0.17273678476060345,-4.891938230708625e-05,-1.3804321248031273e-05,0.528498175822386,0.00016914543661918264,5.1381518698041836e-05
182,True,1.8300000000000014,6.241253339943123,False,False,0.0,False,,-0.15,0.0,-0.73304,-0.58496,-0.50477,-0.4000000000000001,0.0,0.0,0.0,0.0,0.0,0.17,0.0,0.0,0.52333,0.0,0.0,-0.15,0.0,-0.73304,-0.58496,-0.50477,-0.4000000000000001,0.0,0.0,0.0,0.0,0.0,0.17,0.0,0.0,0.52333,0.0,0.0,-0.16663909936439553,-0.004074136724445427,-0.7400414334034543,-0.587858231088264,-0.5053061726659073,-0.40376885663142353,-0.00016947488661677468,-4.4713483235198225e-05,2.653496166043399e-06,-0.0001183743978274575,-2.8323611292271213e-05,0.17273731135959577,-4.89048819169979e-05,-1.3813119808391428e-05,0.5284986685279357,0.00016925508385196315,5.141196115096084e-05
183,True,1.8400000000000014,6.241255912641554,False,False,0.0,False,,-0.15,0.0,-0.73304,-0.58496,-0.50477,-0.4000000000000001,0.0,0.0,0.0,0.0,0.0,0.17,0.0,0.0,0.52333,0.0,0.0,-0.15,0.0,-0.73304,-0.58496,-0.50477,-0.4000000000000001,0.0,0.0,0.0,0.0,0.0,0.17,0.0,0.0,0.52333,0.0,0.0,-0.16663779447018023,-0.004074582842731099,-0.7400418682541459,-0.5878586162355374,-0.5053064808908468,-0.4037693542950628,-0.00016954600704289656,-4.4740434140774974e-05,2.6556352113193267e-06,-0.00011837890534398576,-2.8340866060962762e-05,0.17273782909878024,-4.8890807509523334e-05,-1.3821785629802806e-05,0.5284991525497382,0.00016936259020152862,5.144178729673933e-05
184,True,1.8500000000000014,6.241258442051086,False,False,0.0,False,,-0.15,0.0,-0.73304,-0.58496,-0.50477,-0.4000000000000001,0.0,0.0,0.0,0.0,0.0,0.17,0.0,0.0,0.52333,0.0,0.0,-0.15,0.0,-0.73304,-0.58496,-0.50477,-0.4000000000000001,0.0,0.0,0.0,0.0,0.0,0.17,0.0,0.0,0.52333,0.0,0.0,-0.16663649777145983,-0.004075021131546268,-0.7400422953902517,-0.5878589941554898,-0.5053067831853025,-0.40376984334137167,-0.00016961595774172484,-4.47669064057003e-05,2.65773832881489e-06,-0.00011838349555254498,-2.8357826545194067e-05,0.17273833812710798,-4.887715035807914e-05,-1.3830321039839173e-05,0.5284996280406112,0.0001694679959268111,5.1471009115985916e-05
185,True,1.8600000000000014,6.241260928899642,False,False,0.0,False,,-0.15,0.0,-0.73304,-0.58496,-0.50477,-0.4000000000000001,0.0,0.0,0.0,0.0,0.0,0.17,0.0,0.0,0.52333,0.0,0.0,-0.15,0.0,-0.73304,-0.58496,-0.50477,-0.4000000000000001,0.0,0.0,0.0,0.0,0.0,0.17,0.0,0.0,0.52333,0.0,0.0,-0.16663520921675598,-0.004075451728994261,-0.7400427149484797,-0.5878593649841122,-0.505307079663484,-0.40377032391939155,-0.00016968475931937487,-4.479290894574176e-05,2.6598061219991723e-06,-0.00011838816591501039,-2.8374498157069404e-05,0.1727388385910266,-4.886390190023211e-05,-1.3838728322664908e-05,0.5285000951506846,0.0001695713405388353,5.149963835932871e-05
186,True,1.8700000000000014,6.241263373902914,False,False,0.0,False,,-0.15,0.0,-0.73304,-0.58496,-0.50477,-0.4000000000000001,0.0,0.0,0.0,0.0,0.0,0.17,0.0,0.0,0.52333,0.0,0.0,-0.15,0.0,-0.73304,-0.58496,-0.50477,-0.4000000000000001,0.0,0.0,0.0,0.0,0.0,0.17,0.0,0.0,0.52333,0.0,0.0,-0.16663392875491376,-0.004075874770737971,-0.7400431270631165,-0.5878597288548341,-0.5053073704374014,-0.4037707961755871,-0.00016975243200939905,-4.481845050777458e-05,2.6618391842048044e-06,-0.00011839291394591713,-2.8390886206387995e-05,0.17273933063452226,-4.885105373469235e-05,-1.3847009719862281e-05,0.5285005540274473,0.00016967266281455638,5.1527686551812454e-05
187,True,1.8800000000000014,6.2412657777644815,False,False,0.0,False,,-0.15,0.0,-0.73304,-0.58496,-0.50477,-0.4000000000000001,0.0,0.0,0.0,0.0,0.0,0.17,0.0,0.0,0.52333,0.0,0.0,-0.15,0.0,-0.73304,-0.58496,-0.50477,-0.4000000000000001,0.0,0.0,0.0,0.0,0.0,0.17,0.0,0.0,0.52333,0.0,0.0,-0.16663265633509958,-0.004076290390043006,-0.7400435318660695,-0.5878600858985725,-0.5053076556169069,-0.40377126025389065,-0.00016981899567958524,-4.484353967299934e-05,2.663838098798267e-06,-0.00011839773721146163,-2.8406995902596002e-05,0.17273981439916125,-4.8838597618360976e-05,-1.3855167431242834e-05,0.5285010048157944,0.00016977200081044215,5.155516499721176e-05
188,True,1.8900000000000015,6.241268141176159,False,False,0.0,False,,-0.15,0.0,-0.73304,-0.58496,-0.50477,-0.4000000000000001,0.0,0.0,0.0,0.0,0.0,0.17,0.0,0.0,0.52333,0.0,0.0,-0.15,0.0,-0.73304,-0.58496,-0.50477,-0.4000000000000001,0.0,0.0,0.0,0.0,0.0,0.17,0.0,0.0,0.52333,0.0,0.0,-0.1666313919067992,-0.004076698717820082,-0.7400439294869098,-0.5878604362437789,-0.5053079353097367,-0.40377171629574643,-0.0001698844698386306,-4.4868184860098215e-05,2.6658034393472647e-06,-0.00011840263332852138,-2.842283235670116e-05,0.1727402900241303,-4.8826525463431416e-05,-1.3863203615643217e-05,0.5285014476580726,0.00016986939187580398,5.158208478226195e-05
189,True,1.9000000000000015,6.241270464818125,False,False,0.0,False,,-0.15,0.0,-0.73304,-0.58496,-0.50477,-0.4000000000000001,0.0,0.0,0.0,0.0,0.0,0.17,0.0,0.0,0.52333,0.0,0.0,-0.15,0.0,-0.73304,-0.58496,-0.50477,-0.4000000000000001,0.0,0.0,0.0,0.0,0.0,0.17,0.0,0.0,0.52333,0.0,0.0,-0.16663013541981578,-0.0040770998826666635,-0.7400443200529132,-0.5878607800164855,-0.5053082096215514,-0.4037721644401532,-0.00016994887364269335,-4.4892394328331045e-05,2.6677357697853287e-06,-0.00011840759996369268,-2.843840058315076e-05,0.17274075764627694,-4.8814829334543406e-05,-1.3871120391705731e-05,0.5285018826941245,0.00016996487266588204,5.16084567808091e-05
190,True,1.9100000000000015,6.24127274935911,False,False,0.0,False,,-0.15,0.0,-0.73304,-0.58496,-0.50477,-0.4000000000000001,0.0,0.0,0.0,0.0,0.0,0.17,0.0,0.0,0.52333,0.0,0.0,-0.15,0.0,-0.73304,-0.58496,-0.50477,-0.4000000000000001,0.0,0.0,0.0,0.0,0.0,0.17,0.0,0.0,0.52333,0.0,0.0,-0.16662888682426769,-0.0040774940109078684,-0.7400447036891008,-0.5878611173403507,-0.5053084786559765,-0.4037726048237066,-0.0001700122259018244,-4.4916176180572215e-05,2.669635644573643e-06,-0.00011841263483234636,-2.8453705501673727e-05,0.17274121740014858,-4.880350144598859e-05,-1.3878919838643905e-05,0.528502310061333,0.00017005847915468796,5.163429165788088e-05
191,True,1.9200000000000015,6.2412749954566245,False,False,0.0,False,,-0.15,0.0,-0.73304,-0.58496,-0.50477,-0.4000000000000001,0.0,0.0,0.0,0.0,0.0,0.17,0.0,0.0,0.52333,0.0,0.0,-0.15,0.0,-0.73304,-0.58496,-0.50477,-0.4000000000000001,0.0,0.0,0.0,0.0,0.0,0.17,0.0,0.0,0.52333,0.0,0.0,-0.16662764607058675,-0.004077881226636648,-0.7400450805182793,-0.587861448336705,-0.5053087425146412,-0.4037730375806408,-0.0001700745450862815,-4.493953836628963e-05,2.671503608860159e-06,-0.00011841773569770068,-2.8468751939087384e-05,0.17274166941803124,-4.879253415896687e-05,-1.3886603996993381e-05,0.5285027298946648,0.00017015024664761093,5.165959987367953e-05
192,True,1.9300000000000015,6.241277203757059,False,False,0.0,False,,-0.15,0.0,-0.73304,-0.58496,-0.50477,-0.4000000000000001,0.0,0.0,0.0,0.0,0.0,0.17,0.0,0.0,0.52333,0.0,0.0,-0.15,0.0,-0.73304,-0.58496,-0.50477,-0.4000000000000001,0.0,0.0,0.0,0.0,0.0,0.17,0.0,0.0,0.52333,0.0,0.0,-0.16662641310951615,-0.00407826165175326,-0.7400454506610797,-0.5878617731245933,-0.5053090012972169,-0.40377346284286936,-0.00017013584933272744,-4.4962488684466795e-05,2.6733401986360055e-06,-0.00011842290036991156,-2.8483544631069696e-05,0.17274211382998747,-4.878191997889269e-05,-1.389417486934839e-05,0.5285031423267128,0.00017024020979379033,5.168439168749875e-05
193,True,1.9400000000000015,6.241279374896041,False,False,0.0,False,,-0.15,0.0,-0.73304,-0.58496,-0.50477,-0.4000000000000001,0.0,0.0,0.0,0.0,0.0,0.17,0.0,0.0,0.52333,0.0,0.0,-0.15,0.0,-0.73304,-0.58496,-0.50477,-0.4000000000000001,0.0,0.0,0.0,0.0,0.0,0.17,0.0,0.0,0.52333,0.0,0.0,-0.1666251878921085,-0.004078635406004038,-0.7400458142359964,-0.5878620918208189,-0.5053092551014553,-0.403773880740025,-0.00017019615645031547,-4.498503478646912e-05,2.6751459408893145e-06,-0.00011842812670517948,-2.849808822389757e-05,0.1727425507638938,-4.877165155275009e-05,-1.3901634421084099e-05,0.5285035474877373,0.00017032840259826012,5.1708677161565625e-05
194,True,1.9500000000000015,6.241281509498398,False,False,0.0,False,,-0.15,0.0,-0.73304,-0.58496,-0.50477,-0.4000000000000001,0.0,0.0,0.0,0.0,0.0,0.17,0.0,0.0,0.52333,0.0,0.0,-0.15,0.0,-0.73304,-0.58496,-0.50477,-0.4000000000000001,0.0,0.0,0.0,0.0,0.0,0.17,0.0,0.0,0.52333,0.0,0.0,-0.16662397036972393,-0.004079002607019479,-0.7400461713594245,-0.5878624045399853,-0.505309504023225,-0.4037742913994996,-0.00017025548392666254,-4.500718417885555e-05,2.6769213537564318e-06,-0.00011843341260487288,-2.851238727615189e-05,0.1727429803454776,-4.8761721666495954e-05,-1.3908984581065101e-05,0.5285039455057076,0.00017041485843386853,5.1732466164809274e-05
195,True,1.9600000000000015,6.241283608178548,False,False,0.0,False,,-0.15,0.0,-0.73304,-0.58496,-0.50477,-0.4000000000000001,0.0,0.0,0.0,0.0,0.0,0.17,0.0,0.0,0.52333,0.0,0.0,-0.15,0.0,-0.73304,-0.58496,-0.50477,-0.4000000000000001,0.0,0.0,0.0,0.0,0.0,0.17,0.0,0.0,0.52333,0.0,0.0,-0.16662276049402808,-0.0040793633703516555,-0.7400465221456972,-0.5878627113945378,-0.5053097481565477,-0.40377469494648227,-0.00017031384893371394,-4.502894422613645e-05,2.678666946670618e-06,-0.00011843875601466781,-2.8526446260389933e-05,0.17274340269835292,-4.87521232425103e-05,-1.391622724234031e-05,0.5285043365063422,0.0001704996100529777,5.17557683765575e-05
196,True,1.9700000000000015,6.241285671540492,False,False,0.0,False,,-0.15,0.0,-0.73304,-0.58496,-0.50477,-0.4000000000000001,0.0,0.0,0.0,0.0,0.0,0.17,0.0,0.0,0.52333,0.0,0.0,-0.15,0.0,-0.73304,-0.58496,-0.50477,-0.4000000000000001,0.0,0.0,0.0,0.0,0.0,0.17,0.0,0.0,0.52333,0.0,0.0,-0.1666215582169903,-0.004079717809510968,-0.7400468667071227,-0.5878630124948047,-0.5053099875936339,-0.4037750915039979,-0.00017037126833349998,-4.5050322153478994e-05,2.6803832205082324e-06,-0.00011844415492370346,-2.8540269564785784e-05,0.17274381794405613,-4.874284933709298e-05,-1.392336426282452e-05,0.5285047206131481,0.00017058268959894713,5.177859329016287e-05
197,True,1.9800000000000015,6.241287700178207,False,False,0.0,False,,-0.15,0.0,-0.73304,-0.58496,-0.50477,-0.4000000000000001,0.0,0.0,0.0,0.0,0.0,0.17,0.0,0.0,0.52333,0.0,0.0,-0.15,0.0,-0.73304,-0.58496,-0.50477,-0.4000000000000001,0.0,0.0,0.0,0.0,0.0,0.17,0.0,0.0,0.52333,0.0,0.0,-0.1666203634908816,-0.004080066036002245,-0.7400472051540196,-0.5878633079490356,-0.5053102224249182,-0.4037754811929443,-0.00017042775868378774,-4.5071325049360715e-05,2.6820706677324325e-06,-0.00011844960736375325,-2.8553861494739342e-05,0.172744226202081,-4.873389313800581e-05,-1.3930397465966905e-05,0.5285050979474601,0.0001706641286174047,5.180095021655951e-05
198,True,1.9900000000000015,6.2412896946755,False,False,0.0,False,,-0.15,0.0,-0.73304,-0.58496,-0.50477,-0.4000000000000001,0.0,0.0,0.0,0.0,0.0,0.17,0.0,0.0,0.52333,0.0,0.0,-0.15,0.0,-0.73304,-0.58496,-0.50477,-0.4000000000000001,0.0,0.0,0.0,0.0,0.0,0.17,0.0,0.0,0.52333,0.0,0.0,-0.1666191762682729,-0.004080408159360204,-0.7400475375947518,-0.5878635978634426,-0.5053104527390928,-0.4037758641321293,-0.00017048333624362927,-4.50919598681726e-05,2.683729772534524e-06,-0.00011845511140841128,-2.8567226274454556e-05,0.17274462758991277,-4.8725247962059385e-05,-1.393732864140669e-05,0.5285054686284786,0.00017074395806730976,5.182284828775193e-05
199,True,2.0000000000000013,6.241291655606523,False,False,0.0,False,,-0.15,0.0,-0.73304,-0.58496,-0.50477,-0.4000000000000001,0.0,0.0,0.0,0.0,0.0,0.17,0.0,0.0,0.52333,0.0,0.0,-0.15,0.0,-0.73304,-0.58496,-0.50477,-0.4000000000000001,0.0,0.0,0.0,0.0,0.0,0.17,0.0,0.0,0.52333,0.0,0.0,-0.16661799650203304,-0.00408074428718429,-0.7400478641357643,-0.5878638823422369,-0.5053106786231415,-0.4037762404383065,-0.00017053801697880822,-4.5112233432772404e-05,2.6853610109729105e-06,-0.00011846066517229383,-2.858036804848746e-05,0.172745022223062,-4.8716907252743674e-05,-1.3944159545616224e-05,0.5285058327733073,0.00017082220833181152,5.184429646023734e-05
200,True,2.0100000000000002,6.241293583535699,False,False,0.0,False,,-0.15,0.0,-0.73304,-0.58496,-0.50477,-0.4000000000000001,0.0,0.0,0.0,0.0,0.0,0.17,0.0,0.0,0.52333,0.0,0.0,-0.15,0.0,-0.73304,-0.58496,-0.50477,-0.4000000000000001,0.0,0.0,0.0,0.0,0.0,0.17,0.0,0.0,0.52333,0.0,0.0,-0.16661682414532694,-0.0040810745251728935,-0.7400481848816161,-0.5878641614876678,-0.5053109001623728,-0.40377661022621114,-0.0001705918165671868,-4.513215243698923e-05,2.6869648511096653e-06,-0.00011846626681025553,-2.859329088326457e-05,0.17274541021509787,-4.870886457790178e-05,-1.3950891902531758e-05,0.5285061904969904,0.000170898909228907,5.186530351836251e-05
201,True,2.019999999999999,6.241295479017975,False,False,0.0,False,,-0.15,0.0,-0.73304,-0.58496,-0.50477,-0.4000000000000001,0.0,0.0,0.0,0.0,0.0,0.17,0.0,0.0,0.52333,0.0,0.0,-0.15,0.0,-0.73304,-0.58496,-0.50477,-0.4000000000000001,0.0,0.0,0.0,0.0,0.0,0.17,0.0,0.0,0.52333,0.0,0.0,-0.16661565915161372,-0.00408139897715696,-0.7400484999350138,-0.587864435400059,-0.5053111174404517,-0.40377697360859466,-0.00017064475040395478,-4.515172344808033e-05,2.6885417531448557e-06,-0.00011847191451662017,-2.860599876857226e-05,0.17274579167768064,-4.8701113627445865e-05,-1.3957527404172093e-05,0.5285065419125482,0.0001709740900219018,5.188587807761651e-05
202,True,2.029999999999998,6.241297342598971,False,False,0.0,False,,-0.15,0.0,-0.73304,-0.58496,-0.50477,-0.4000000000000001,0.0,0.0,0.0,0.0,0.0,0.17,0.0,0.0,0.52333,0.0,0.0,-0.15,0.0,-0.73304,-0.58496,-0.50477,-0.4000000000000001,0.0,0.0,0.0,0.0,0.0,0.17,0.0,0.0,0.52333,0.0,0.0,-0.1666145014746449,-0.00408171774513302,-0.740048809396845,-0.5878647041778445,-0.5053113305394316,-0.40377733069625904,-0.00017069683360678282,-4.517095290914104e-05,2.6900921695486475e-06,-0.00011847760652442567,-2.8618495619017617e-05,0.1727461667205938,-4.8693648211114684e-05,-1.3964067711245379e-05,0.5285068871310128,0.0001710477794296777,5.190602858786068e-05
203,True,2.039999999999997,6.24129917481514,False,False,0.0,False,,-0.15,0.0,-0.73304,-0.58496,-0.50477,-0.4000000000000001,0.0,0.0,0.0,0.0,0.0,0.17,0.0,0.0,0.52333,0.0,0.0,-0.15,0.0,-0.73304,-0.58496,-0.50477,-0.4000000000000001,0.0,0.0,0.0,0.0,0.0,0.17,0.0,0.0,0.52333,0.0,0.0,-0.16661335106846262,-0.00408203092929561,-0.7400491133662098,-0.5878649679176057,-0.5053115395397851,-0.40377768159809085,-0.000170748081020881,-4.51898471414687e-05,2.6916165451910673e-06,-0.00011848334110468291,-2.863078527546135e-05,0.17274653545177568,-4.868646225627176e-05,-1.397051445374428e-05,0.5285072262614638,0.0001711200056367705,5.192576333649674e-05
204,True,2.049999999999996,6.241300976193904,False,False,0.0,False,,-0.15,0.0,-0.73304,-0.58496,-0.50477,-0.4000000000000001,0.0,0.0,0.0,0.0,0.0,0.17,0.0,0.0,0.52333,0.0,0.0,-0.15,0.0,-0.73304,-0.58496,-0.50477,-0.4000000000000001,0.0,0.0,0.0,0.0,0.0,0.17,0.0,0.0,0.52333,0.0,0.0,-0.16661220788739756,-0.004082338628069147,-0.7400494119404532,-0.5878652267141041,-0.5053117445204351,-0.40377802642109384,-0.00017079850722396506,-4.52084123468814e-05,2.6931153174697256e-06,-0.00011848911656564846,-2.8642871506423283e-05,0.17274689797735027,-4.867954980574368e-05,-1.39768692315297e-05,0.5285075594110618,0.0001711907963032618,5.194509045157452e-05
205,True,2.0599999999999947,6.277675847722585,False,False,0.0,False,,-0.0,-0.8726646259971648,0.2920477481126179,-0.2094395102393196,1.9547687622336491,0.06192064703062158,0.23592485238631544,0.258712378248333,0.23310010068892367,-0.03195962263763483,0.7400764742922992,0.2524209430130576,-0.0029851571743126945,0.7580418731975532,0.2868371246955752,-0.3490658503988659,0.8002852161548195,-0.0,-0.8726646259971648,0.2920477481126179,-0.2094395102393196,1.9547687622336491,0.06192064703062158,0.23592485238631544,0.258712378248333,0.23310010068892367,-0.03195962263763483,0.7400764742922992,0.2524209430130576,-0.0029851571743126945,0.7580418731975532,0.2868371246955752,-0.3490658503988659,0.8002852161548195,-0.16152875646288764,-0.04335468437045271,-0.7038213813013146,-0.5582923328359425,-0.4652778570516879,-0.369911109040413,0.01801094619387944,0.02019900153766156,0.016790822213103327,-0.0023691385134836547,0.04010466212343542,0.17870801375294246,-0.0001703197628108573,0.04007860840324093,0.5110710068663646,-0.026710282023074537,0.040410012175630325
206,True,2.0699999999999936,6.347792738690894,False,False,0.0,False,,-0.0,-0.8726646259971648,0.2934349509580772,-0.2094395102393196,1.9547687622336491,0.042245164891016165,0.26683126137647867,0.25518918447836564,0.2400837074089973,-0.03424456625511086,0.7401913548534238,0.2593047910897873,-0.007090268629714746,0.7592855683335485,0.3091926720321303,-0.3490658503988659,0.7234952095773811,-0.0,-0.8726646259971648,0.2934349509580772,-0.2094395102393196,1.9547687622336491,0.042245164891016165,0.26683126137647867,0.25518918447836564,0.2400837074089973,-0.03424456625511086,0.7401913548534238,0.2593047910897873,-0.007090268629714746,0.7592855683335485,0.3091926720321303,-0.3490658503988659,0.7234952095773811,-0.14998920350974632,-0.11835293930441358,-0.6331486892154181,-0.5057330593501721,-0.3895463240138877,-0.30919547407400666,0.05323753594516502,0.05603485601952964,0.04835328999174081,-0.006486149671293748,0.11603276498521695,0.19021633550629638,-0.0005413613702948123,0.11595950487448857,0.4808354688935018,-0.07487948807090698,0.11655649972049653
207,True,2.0799999999999925,6.433245999774665,False,False,0.0,False,,-0.0,-0.8726646259971648,0.30504970787262997,-0.2094395102393196,1.9547687622336491,0.04701539733173758,0.27319692994863426,0.26504417931911056,0.2526299480634284,-0.05038414506251819,0.7860048790582772,0.27987963059032994,-0.004741638133189817,0.7882469889308793,0.3491913403179782,-0.34906585039886584,0.7027549535958082,-0.0,-0.8726646259971648,0.30504970787262997,-0.2094395102393196,1.9547687622336491,0.04701539733173758,0.27319692994863426,0.26504417931911056,0.2526299480634284,-0.05038414506251819,0.7860048790582772,0.27987963059032994,-0.004741638133189817,0.7882469889308793,0.3491913403179782,-0.34906585039886584,0.7027549535958082,-0.134395806776464,-0.20819648519798217,-0.5470469454645005,-0.45005501343506704,-0.2994292577589455,-0.24369981001574703,0.09323059554074915,0.0946927021652123,0.08430784253918125,-0.01226844794679613,0.20637851682222283,0.20469257031164137,-0.0009616514854004521,0.20625910307577264,0.45215247863405905,-0.126339606343391,0.20696126690048366
208,True,2.0899999999999914,6.5164230928646285,False,False,0.0,False,,-0.0,-0.8726646259971647,0.31278179467672507,-0.2094395102393195,1.9547687622336491,0.04643558226797182,0.25129111802469023,0.266522682860171,0.2539731145791595,-0.057552681039792164,0.7959327454816414,0.273059706631432,-0.01847054188362832,0.8004177061991917,0.35266539503065236,-0.34906585039886584,0.7127875757488752,-0.0,-0.8726646259971647,0.31278179467672507,-0.2094395102393195,1.9547687622336491,0.04643558226797182,0.25129111802469023,0.266522682860171,0.2539731145791595,-0.057552681039792164,0.7959327454816414,0.273059706631432,-0.01847054188362832,0.8004177061991917,0.35266539503065236,-0.34906585039886584,0.7127875757488752,-0.1167934801571263,-0.3042690312683827,-0.4541958749646603,-0.3996703442318107,-0.20352471380241052,-0.18312052168366788,0.129132912993301,0.13050253414789387,0.11892062944799305,-0.019394841584381258,0.30250110554986104,0.21918652187814205,-0.0024131723450956555,0.30236197497573153,0.42903748324406826,-0.17328943879778855,0.30113026303506263
209,True,2.0999999999999903,6.588009081890017,False,False,0.0,False,,-0.0,-0.8726646259971647,0.31278179467672507,-0.2094395102393195,1.9547687622336491,0.04643558226797182,0.25129111802469023,0.266522682860171,0.2539731145791595,-0.057552681039792164,0.7959327454816414,0.273059706631432,-0.01847054188362832,0.8004177061991917,0.35266539503065236,-0.34906585039886584,0.7127875757488752,-0.0,-0.8726646259971647,0.31278179467672507,-0.2094395102393195,1.9547687622336491,0.04643558226797182,0.25129111802469023,0.266522682860171,0.2539731145791595,-0.057552681039792164,0.7959327454816414,0.273059706631432,-0.01847054188362832,0.8004177061991917,0.35266539503065236,-0.34906585039886584,0.7127875757488752,-0.09845306557921685,-0.40295404874748547,-0.3639999333834534,-0.3573241896546051,-0.10529100577033026,-0.13135243787808545,0.1583067921637786,0.161012112440528,0.14925082854907387,-0.026625055540560775,0.39812177552881867,0.23186096814540816,-0.00470974580798447,0.3983533551697686,0.41101118068018905,-0.21293813873221257,0.3874478814299046
210,True,2.109999999999989,6.646440759428756,False,False,0.0,False,,-0.0,-0.8726646259971647,0.30161647250671914,-0.2094395102393195,1.9547687622336491,0.04502844372945691,0.2492406419423497,0.28651644217258104,0.2565762796902557,-0.05975199343989336,0.8132760698068181,0.27196765676340756,-0.024784667629279115,0.8228031193337652,0.36056067784724133,-0.34906585039886584,0.6620226399078796,-0.0,-0.8726646259971647,0.30161647250671914,-0.2094395102393195,1.9547687622336491,0.04502844372945691,0.2492406419423497,0.28651644217258104,0.2565762796902557,-0.05975199343989336,0.8132760698068181,0.27196765676340756,-0.024784667629279115,0.8228031193337652,0.36056067784724133,-0.34906585039886584,0.6620226399078796,-0.08036211572359815,-0.4981805832037118,-0.28480941158946205,-0.3232985466299443,-0.006144021023370242,-0.08923285708389711,0.18106578616438634,0.18734728423888106,0.17457329669063426,-0.033270432621658984,0.48483442832789053,0.24225773460535804,-0.007594847340053757,0.48613467011457767,0.39776541935614323,-0.24496870693406533,0.45644152184833064
211,True,2.119999999999988,6.692235235481752,False,False,0.0,False,,-0.0,-0.8726646259971645,0.299912844807876,-0.20943951023931956,1.9547687622336491,0.03452869992561974,0.24246899863276555,0.2896023589194582,0.2579393291412535,-0.05604810650798811,0.8234117661472934,0.26837756609440117,-0.012403413083537054,0.8244879402163348,0.36269763708238056,-0.34906585039886584,0.6971353946184321,-0.0,-0.8726646259971645,0.299912844807876,-0.20943951023931956,1.9547687622336491,0.03452869992561974,0.24246899863276555,0.2896023589194582,0.2579393291412535,-0.05604810650798811,0.8234117661472934,0.26837756609440117,-0.012403413083537054,0.8244879402163348,0.36269763708238056,-0.34906585039886584,0.6971353946184321,-0.06317989420219394,-0.5815566089577536,-0.21926271753208396,-0.29678447422249693,0.09333979583853577,-0.05680018105243405,0.19787925053461466,0.20990368797476788,0.19510486985988873,-0.038760348895417844,0.5592191438907538,0.2501969745341519,-0.009730048084750555,0.5612653584265428,0.38850912048526076,-0.27023271141554417,0.5111275271122753
212,True,2.129999999999987,6.559984622517203,False,False,0.0,False,,-0.0,-0.8726646259971645,0.2952398769807672,-0.20943951023931945,1.9547687622336491,0.02755148077325851,0.23255531055799458,0.2910409590051107,0.25305525600629375,-0.07436330110980571,0.8394717954735363,0.2646896522706892,-0.014232855938537927,0.8275359710408435,0.36047110137094623,-0.34906585039886584,0.6700470174879954,-0.0,-0.8726646259971645,0.2952398769807672,-0.20943951023931945,1.9547687622336491,0.02755148077325851,0.23255531055799458,0.2910409590051107,0.25305525600629375,-0.07436330110980571,0.8394717954735363,0.2646896522706892,-0.014232855938537927,0.8275359710408435,0.36047110137094623,-0.34906585039886584,0.6700470174879954,-0.047561857644540004,-0.6503216048579084,-0.1669767280855273,-0.27642132102866684,0.19296662990258778,-0.033084899401739594,0.20920484191882135,0.22849979996224765,0.21096049133204114,-0.04446536057887608,0.6215514550377791,0.2557644909075166,-0.011039903081415474,0.6227587144721044,0.3819141501523689,-0.28982952394650435,0.5528328290706336
213,True,2.139999999999986,6.442994202934724,False,False,0.0,False,,-0.0,-0.8726646259971645,0.2952398769807672,-0.20943951023931945,1.9547687622336491,0.02755148077325851,0.23255531055799458,0.2910409590051107,0.25305525600629375,-0.07436330110980571,0.8394717954735363,0.2646896522706892,-0.014232855938537927,0.8275359710408435,0.36047110137094623,-0.34906585039886584,0.6700470174879954,-0.0,-0.8726646259971645,0.2952398769807672,-0.20943951023931945,1.9547687622336491,0.02755148077325851,0.23255531055799458,0.2910409590051107,0.25305525600629375,-0.07436330110980571,0.8394717954735363,0.2646896522706892,-0.014232855938537927,0.8275359710408435,0.36047110137094623,-0.34906585039886584,0.6700470174879954,-0.03383356546463753,-0.7049756588152906,-0.12630938070475042,-0.2608751560012283,0.2926730056304546,-0.01605882014197148,0.21652478192380098,0.24334596635433428,0.2228223963914037,-0.05035241631739406,0.6723104136408253,0.25952456183250866,-0.011966846603216825,0.6716402476386253,0.3771174400927016,-0.3048593181269118,0.5833499943791761
214,True,2.149999999999985,6.345836594521172,False,False,0.0,False,,-0.0,-0.8726646259971645,0.2901984595064668,-0.20943951023931948,1.9547687622336491,0.033843303249589125,0.23874672068716496,0.30581274525161706,0.2664313547736003,-0.07089559345132242,0.8610792221980961,0.27142430236634185,-0.001030304695720104,0.849242675665155,0.3616787446379181,-0.34906585039886584,0.71628194491142,-0.0,-0.8726646259971645,0.2901984595064668,-0.20943951023931948,1.9547687622336491,0.033843303249589125,0.23874672068716496,0.30581274525161706,0.2664313547736003,-0.07089559345132242,0.8610792221980961,0.27142430236634185,-0.001030304695720104,0.849242675665155,0.3616787446379181,-0.34906585039886584,0.71628194491142,-0.021935115852889576,-0.7473725538987932,-0.09525298320958708,-0.24903001197115765,0.39243496243607495,-0.00337384525459661,0.22178292175752182,0.25607845226512355,0.23258235491481327,-0.05541748437204146,0.7141275977113991,0.2625565017359544,-0.011740964618328603,0.7113890631685283,0.3737247760002825,-0.31632712936671553,0.6094104541821876
215,True,2.1599999999999837,6.2524762742798385,False,False,0.0,False,,-0.0,-0.8726646259971647,0.285475954874254,-0.2094395102393195,1.9547687622336491,0.03737083109983659,0.24259005998786443,0.31891073168513123,0.2683492718178996,-0.060078706960154216,0.8671578620915529,0.2717812494968498,-0.002497750263728822,0.867631366667184,0.3591520942504954,-0.34906585039886584,0.7137848286844704,-0.0,-0.8726646259971647,0.285475954874254,-0.2094395102393195,1.9547687622336491,0.03737083109983659,0.24259005998786443,0.31891073168513123,0.2683492718178996,-0.060078706960154216,0.8671578620915529,0.2717812494968498,-0.002497750263728822,0.867631366667184,0.3591520942504954,-0.34906585039886584,0.7137848286844704,-0.01190348975604253,-0.7797277483563005,-0.07184050423062209,-0.2400071511838939,0.492240252338614,0.006509758446532435,0.22608230084429703,0.26805313560210237,0.2409769838560351,-0.05863721014280124,0.7487263157897635,0.26520680929658247,-0.01073902073534469,0.7450744545978828,0.3711732249530341,-0.325007399321768,0.632208047901272
216,True,2.1699999999999826,5.755259583449731,False,False,0.0,False,,-0.0,-0.8726646259971647,0.285475954874254,-0.2094395102393195,1.9547687622336491,0.03737083109983659,0.24259005998786443,0.31891073168513123,0.2683492718178996,-0.060078706960154216,0.8671578620915529,0.2717812494968498,-0.002497750263728822,0.867631366667184,0.3591520942504954,-0.34906585039886584,0.7137848286844704,-0.0,-0.8726646259971647,0.285475954874254,-0.2094395102393195,1.9547687622336491,0.03737083109983659,0.24259005998786443,0.31891073168513123,0.2683492718178996,-0.060078706960154216,0.8671578620915529,0.2717812494968498,-0.002497750263728822,0.867631366667184,0.3591520942504954,-0.34906585039886584,0.7137848286844704,-0.003851982190704236,-0.8041459168883096,-0.05435191108379722,-0.23313279745076174,0.5920802961537333,0.014211873008600369,0.22962888445331756,0.278819368511296,0.24792151734247336,-0.06031817464481932,0.776585423601655,0.2674095775466361,-0.00959116578967443,0.7730722562153935,0.3691726386124193,-0.33153326571671365,0.6509174566517231
217,True,2.1799999999999815,5.400296200675567,False,False,0.0,False,,-0.0,-0.8726646259971647,0.285475954874254,-0.2094395102393195,1.9547687622336491,0.03737083109983659,0.24259005998786443,0.31891073168513123,0.2683492718178996,-0.060078706960154216,0.8671578620915529,0.2717812494968498,-0.002497750263728822,0.867631366667184,0.3591520942504954,-0.34906585039886584,0.7137848286844704,-0.0,-0.8726646259971647,0.285475954874254,-0.2094395102393195,1.9547687622336491,0.03737083109983659,0.24259005998786443,0.31891073168513123,0.2683492718178996,-0.060078706960154216,0.8671578620915529,0.2717812494968498,-0.002497750263728822,0.867631366667184,0.3591520942504954,-0.34906585039886584,0.7137848286844704,0.002257714542706378,-0.8224320769347414,-0.04138217462493923,-0.22789402854698002,0.6919484228893885,0.02011075171958575,0.23246282124636863,0.2878349890818075,0.25346509820820234,-0.06115898092345345,0.7984598385157666,0.26917274353700066,-0.008509758424451185,0.795489257149329,0.3676335223227927,-0.33641498677293935,0.6657831364961453
218,True,2.1899999999999804,5.147376828081203,False,False,0.0,False,,-0.0,-0.8726646259971647,0.2785781995121985,-0.2094395102393195,1.9547687622336491,0.04084754293101563,0.2619795150561141,0.32425900354658466,0.26607799093900536,-0.023442647992220414,0.8581925245829783,0.2677386221411251,0.03743693569071884,0.845649733565363,0.34918453652396114,-0.34906585039886584,0.7306902412932348,-0.0,-0.8726646259971647,0.2785781995121985,-0.2094395102393195,1.9547687622336491,0.04084754293101563,0.2619795150561141,0.32425900354658466,0.26607799093900536,-0.023442647992220414,0.8581925245829783,0.2677386221411251,0.03743693569071884,0.845649733565363,0.34918453652396114,-0.34906585039886584,0.7306902412932348,0.006945504330392962,-0.8360480221063038,-0.03183845118915293,-0.223899398884299,0.7918395037791153,0.024822269735230974,0.2361945502312337,0.2955006335778867,0.25761776663039027,-0.05879653636143632,0.8146280652052353,0.27025928194599275,-0.0044940473814544385,0.8112669364573473,0.365729390122497,-0.33996523914668714,0.6786928076220122
219,True,2.1999999999999793,4.966520595703345,False,True,0.0,False,,-0.0,-0.8726646259971647,0.2704217580045264,-0.2094395102393195,1.9547687622336491,0.04872162458897705,0.24560110430409768,0.31931170795498554,0.24981868944041874,-0.03899442619282853,0.8428677192372314,0.25414774342726176,0.007904410011939138,0.82836901736507,0.3306044503638561,-0.3490658503988658,0.6449454195006618,-0.0,-0.8726646259971647,0.2704217580045264,-0.2094395102393195,1.9547687622336491,0.04872162458897705,0.24560110430409768,0.31931170795498554,0.24981868944041874,-0.03899442619282853,0.8428677192372314,0.25414774342726176,0.007904410011939138,0.82836901736507,0.3306044503638561,-0.3490658503988658,0.6449454195006618,0.009950893938446732,-0.8461520950064515,-0.0248184439355642,-0.22085341991657872,0.8917497520923856,0.02921102492277289,0.23934111915444314,0.30155078104378796,0.25950493919836043,-0.055203876898171154,0.8250575574444214,0.2698559112415674,-0.0004430954930445061,0.8203281637231777,0.3621117582806859,-0.34150498950775016,0.6832669562608257
220,True,2.209999999999978,4.836678785484053,False,True,0.0,False,,-0.0,-0.8726646259971647,0.275718472365934,-0.20943951023931945,1.9547687622336491,0.05162596990663133,0.256840712807853,0.3256047009378798,0.25056831333334256,-0.025758032037948114,0.8556233974076195,0.24972115135953765,0.041544900213449754,0.8289481449299801,0.3237118069796314,-0.34906585039886584,0.6950159047639566,-0.0,-0.8726646259971647,0.275718472365934,-0.20943951023931945,1.9547687622336491,0.05162596990663133,0.256840712807853,0.3256047009378798,0.25056831333334256,-0.025758032037948114,0.8556233974076195,0.24972115135953765,0.041544900213449754,0.8289481449299801,0.3237118069796314,-0.34906585039886584,0.6950159047639566,0.01169026225398946,-0.8536248694987186,-0.01968945038033254,-0.21852735158940242,0.9915113601755328,0.03347777395425075,0.24215424433007748,0.3065480701630022,0.2596704115459149,-0.05105584741916285,0.8323684192519494,0.2680511373936165,0.004617711221122359,0.8249804953965088,0.3569541779818963,-0.34179108041733014,0.68453338382783
221,True,2.219999999999977,4.741557281505846,False,True,0.0,False,,-0.0,-0.8726646259971647,0.2602638515097178,-0.20943951023931948,1.9547687622336491,0.0626131954885789,0.28211677793554635,0.3542412769012543,0.2667429974064493,0.00030893480243156246,0.8728947092398522,0.26609084527879034,0.04243996948151185,0.8461095047448806,0.31968750020917985,-0.34906585039886584,0.6440488922334264,-0.0,-0.8726646259971647,0.2602638515097178,-0.20943951023931948,1.9547687622336491,0.0626131954885789,0.28211677793554635,0.3542412769012543,0.2667429974064493,0.00030893480243156246,0.8728947092398522,0.26609084527879034,0.04243996948151185,0.8461095047448806,0.31968750020917985,-0.34906585039886584,0.6440488922334264,0.01266893034728299,-0.859129196738193,-0.015960375031038594,-0.21673402134234432,1.0853959096102366,0.03813651606093652,0.2468750021805385,0.31301843088113435,0.2601851918351555,-0.044643585986902705,0.8394067623747816,0.26681126710188596,0.010887234165904819,0.8286890627825938,0.3511558798324705,-0.3415622891393409,0.682293015712419
222,True,2.229999999999976,4.671490118277703,False,True,0.0,False,,-0.0,-0.8726646259971647,0.286374492124283,-0.2094395102393195,1.9547687622336491,0.05876747044088803,0.24364271588887554,0.34028459519670784,0.24732411133606827,-0.01497056806931765,0.8388863134616926,0.24517810052322245,0.04929744408859459,0.7862631588458664,0.2878540824628826,-0.3490658503988657,0.669583835023944,-0.0,-0.8726646259971647,0.286374492124283,-0.2094395102393195,1.9547687622336491,0.05876747044088803,0.24364271588887554,0.34028459519670784,0.24732411133606827,-0.01497056806931765,0.8388863134616926,0.24517810052322245,0.04929744408859459,0.7862631588458664,0.2878540824628826,-0.3490658503988657,0.669583835023944,0.012673147957725258,-0.8631823506428644,-0.013233444771208533,-0.2153460758658819,1.1661191254588397,0.0425807545817454,0.24996076814193344,0.3193738918437083,0.26001810519304536,-0.038160172836065896,0.8435560010344249,0.26504227657470775,0.017534679546092134,0.8276155265007983,0.3431944902664082,-0.34116309842068493,0.6789721254791509
223,True,2.239999999999975,4.627418589609535,False,True,0.0,False,,-0.0,-0.8726646259971647,0.286374492124283,-0.2094395102393195,1.9547687622336491,0.05876747044088803,0.24364271588887554,0.34028459519670784,0.24732411133606827,-0.01497056806931765,0.8388863134616926,0.24517810052322245,0.04929744408859459,0.7862631588458664,0.2878540824628826,-0.3490658503988657,0.669583835023944,-0.0,-0.8726646259971647,0.286374492124283,-0.2094395102393195,1.9547687622336491,0.05876747044088803,0.24364271588887554,0.34028459519670784,0.24732411133606827,-0.01497056806931765,0.8388863134616926,0.24517810052322245,0.04929744408859459,0.7862631588458664,0.2878540824628826,-0.3490658503988657,0.669583835023944,0.011886660491512142,-0.8651820440810698,-0.01126160464386013,-0.2142987662273936,1.2320411590340803,0.046294544591613127,0.2506177828508344,0.32440659436753877,0.2588854607644176,-0.03293591752160617,0.84482994552196,0.2624955319575192,0.023860046684415548,0.8224694838046633,0.333996833197524,-0.3407568457564782,0.6765973185352726
224,True,2.249999999999974,4.602833950187587,False,True,0.0,False,,-0.0,-0.8726646259971647,0.28911247969287907,-0.2094395102393195,1.9547687622336491,0.04754083939208394,0.23124198708535446,0.33361560156378106,0.23771246150303044,-0.010775540166000758,0.8260238741397435,0.2241304755472823,0.05278993687618768,0.7722026920297899,0.2664649716116583,-0.34906585039886573,0.6369921759582836,-0.0,-0.8726646259971647,0.28911247969287907,-0.2094395102393195,1.9547687622336491,0.04754083939208394,0.23124198708535446,0.33361560156378106,0.23771246150303044,-0.010775540166000758,0.8260238741397435,0.2241304755472823,0.05278993687618768,0.7722026920297899,0.2664649716116583,-0.34906585039886573,0.6369921759582836,0.010578427412714309,-0.8656326665611592,-0.009844260345834056,-0.2135088065078373,1.2842436348910529,0.048446191950170726,0.24925907980035805,0.32779250585545594,0.25674747107190504,-0.02849506197651667,0.8437835861057473,0.25835012868036067,0.02960711816710549,0.8151806147832016,0.3236981241996299,-0.34041303067179746,0.6723232423729366
225,True,2.2599999999999727,4.593670507037842,False,True,0.0,False,,-0.0,-0.8726646259971647,0.29925387923439356,-0.20943951023931948,1.9547687622336491,0.043176886659725036,0.26462449225144175,0.3030747324361524,0.23930170660131428,0.023706864092887175,0.7755414183614978,0.22287725224178292,0.07623991807890854,0.7386096262451998,0.2426379695651375,-0.3490658503988658,0.6430825410454121,-0.0,-0.8726646259971647,0.29925387923439356,-0.20943951023931948,1.9547687622336491,0.043176886659725036,0.26462449225144175,0.3030747324361524,0.23930170660131428,0.023706864092887175,0.7755414183614978,0.22287725224178292,0.07623991807890854,0.7386096262451998,0.2426379695651375,-0.3490658503988658,0.6430825410454121,0.009268207747830572,-0.865426913567902,-0.009141857880618106,-0.21290591862006175,1.324776347924483,0.04900524456752883,0.2492761414615578,0.3275043409045272,0.2541572094079567,-0.022030834642712226,0.8374317833149721,0.25308345257544307,0.036430676402223264,0.8046844056193282,0.31149962912553364,-0.34014755550605213,0.6670108079284534
226,True,2.2699999999999716,4.594153813532363,False,True,0.0,False,,-0.0,-0.8726646259971647,0.3111053473881497,-0.20943951023931948,1.9547687622336491,0.04400897983315799,0.2354958128631895,0.2947684943600831,0.23386842931354046,0.0297592924949536,0.7471531126144927,0.21584846411012065,0.06595511503556813,0.7071286092351698,0.23243889792373384,-0.3490658503988658,0.649200999151056,-0.0,-0.8726646259971647,0.3111053473881497,-0.20943951023931948,1.9547687622336491,0.04400897983315799,0.2354958128631895,0.2947684943600831,0.23386842931354046,0.0297592924949536,0.7471531126144927,0.21584846411012065,0.06595511503556813,0.7071286092351698,0.23243889792373384,-0.3490658503988658,0.649200999151056,0.007877965014496495,-0.8650017182540187,-0.008978271032087077,-0.21245074185241353,1.3558378860480598,0.04874520037699743,0.24893641024099644,0.3239894842519702,0.25131078895520226,-0.013688811452988696,0.8254940135079375,0.2473328073271021,0.04304261099724286,0.7903588602822654,0.2981834070900921,-0.3399475452840161,0.662616416168708
227,True,2.2799999999999705,4.598310875514822,False,True,0.0,False,,-0.0,-0.8726646259971647,0.3032346891497563,-0.20943951023931945,1.9547687622336491,0.044321195059322464,0.22961925363444308,0.28156249201930633,0.23456570815182556,0.016771910634241778,0.7317528442485354,0.21636375608437536,0.050849858334579355,0.6927556746650225,0.22902002502331004,-0.3490658503988658,0.5962299896663137,-0.0,-0.8726646259971647,0.3032346891497563,-0.20943951023931945,1.9547687622336491,0.044321195059322464,0.22961925363444308,0.28156249201930633,0.23456570815182556,0.016771910634241778,0.7317528442485354,0.21636375608437536,0.050849858334579355,0.6927556746650225,0.22902002502331004,-0.3490658503988658,0.5962299896663137,0.006227383936260651,-0.8645561488431298,-0.009049066685857848,-0.21211265297068943,1.3794283184049916,0.04821231544782462,0.2469451706141665,0.31822714286932074,0.24851004044335573,-0.006285626420458858,0.8104130342917683,0.24176969246093274,0.047254309186444285,0.7738348753751394,0.2852287871907109,-0.3398076019805928,0.6551728169653155
228,True,2.2899999999999694,4.6032094563844135,False,True,0.0,False,,-0.0,-0.8726646259971647,0.3162163850045854,-0.20943951023931948,1.9547687622336491,0.05340837949838156,0.21382093224450482,0.2800713170386652,0.23734103462068476,0.018622107707347138,0.722638149024507,0.20579040783128186,0.052353725532462404,0.69512657865753,0.21400540213242916,-0.3482144070854676,0.6374134285674775,-0.0,-0.8726646259971647,0.3162163850045854,-0.20943951023931948,1.9547687622336491,0.05340837949838156,0.21382093224450482,0.2800713170386652,0.23734103462068476,0.018622107707347138,0.722638149024507,0.20579040783128186,0.052353725532462404,0.69512657865753,0.21400540213242916,-0.3482144070854676,0.6374134285674775,0.004545658853178789,-0.8641699042664056,-0.009196500768172793,-0.21186369216716588,1.397232403379421,0.048226306325487224,0.24306329544862482,0.3116124557371027,0.24626284840109577,-0.00046354925530420985,0.7945269732406722,0.2361478175397324,0.04950909072473068,0.7579898592221208,0.27262920611865754,-0.33971108173532283,0.6485663837201355
229,True,2.2999999999999683,4.607564189812824,False,True,0.0,False,,-0.0,-0.8726646259971647,0.31152539528547357,-0.20943951023931948,1.9547687622336491,0.0486868928328553,0.2295955111546233,0.2397270668218128,0.23596723538993364,0.050505639624211854,0.6604697506977921,0.20939136954550847,0.06903654367091822,0.6538587179041498,0.22047170094580934,-0.34880762770597973,0.6083800893391709,-0.0,-0.8726646259971647,0.31152539528547357,-0.20943951023931948,1.9547687622336491,0.0486868928328553,0.2295955111546233,0.2397270668218128,0.23596723538993364,0.050505639624211854,0.6604697506977921,0.20939136954550847,0.06903654367091822,0.6538587179041498,0.22047170094580934,-0.34880762770597973,0.6083800893391709,0.0032076213912429785,-0.8638648555576591,-0.009345318013120283,-0.21168107820401133,1.4106097745734894,0.048425903222624876,0.23948630884885488,0.3021768666330683,0.24450955352753773,0.006584518534474438,0.7749100881410067,0.23098751263653017,0.05205383462990779,0.7411050877476456,0.26151288537493217,-0.33965908928572563,0.6423887402894038
230,True,2.309999999999967,4.610963380138512,False,True,0.0,False,,-0.0,-0.8726646259971647,0.29603676679522145,-0.20943951023931948,1.9547687622336491,0.0495123963902289,0.2407938086176269,0.24324970073517257,0.23681746519214136,0.059068254427795654,0.6636336152467311,0.2095361087072959,0.07127364005032412,0.657710124753738,0.22033953141965082,-0.3488776060557518,0.6103063261091887,-0.0,-0.8726646259971647,0.29603676679522145,-0.20943951023931948,1.9547687622336491,0.0495123963902289,0.2407938086176269,0.24324970073517257,0.23681746519214136,0.059068254427795654,0.6636336152467311,0.2095361087072959,0.07127364005032412,0.657710124753738,0.22033953141965082,-0.3488776060557518,0.6103063261091887,0.002335135358627458,-0.8636368276271809,-0.009466182439406147,-0.21154807559035083,1.4206292741326019,0.04856821922347602,0.2378091269951885,0.2914098251973824,0.24317788886012873,0.01519158485931204,0.753931652336786,0.22673824978000143,0.05522620255909423,0.7244879929297428,0.25251009843643996,-0.33963895988491327,0.6361395622824573
231,True,2.319999999999966,4.613391271723155,False,True,0.0,False,,-0.0,-0.8726646259971647,0.29301101063587043,-0.2094395102393195,1.9547687622336491,0.04565068999734308,0.24927034660389222,0.2502077631346145,0.23267922988427509,0.06824366579239842,0.6718911227894359,0.2031152829974191,0.08284231712165536,0.6670826991759354,0.2116285705058948,-0.3489751105056936,0.6331778431272516,-0.0,-0.8726646259971647,0.29301101063587043,-0.2094395102393195,1.9547687622336491,0.04565068999734308,0.24927034660389222,0.2502077631346145,0.23267922988427509,0.06824366579239842,0.6718911227894359,0.2031152829974191,0.08284231712165536,0.6670826991759354,0.2116285705058948,-0.3489751105056936,0.6331778431272516,0.0019163439405358858,-0.8634733459489038,-0.009552251170146126,-0.21145198909992524,1.4281167525927525,0.04848921626458892,0.23812612799493418,0.28204995102405434,0.24190886270465403,0.02446623882362852,0.7356451166317522,0.2228935350798161,0.059238222944304295,0.7108123006184562,0.2447667892854328,-0.33963229413354673,0.6324687109908304
232,True,2.329999999999965,4.614986345235581,False,True,0.0,False,,-0.0,-0.8726646259971647,0.29048409961452926,-0.2094395102393195,1.9547687622336491,0.04501436268281633,0.2597480255068357,0.25471923013235553,0.23361396622462421,0.076124357600993,0.674310774703099,0.20379865163395214,0.08876675724465413,0.6709757561003994,0.21243240828689508,-0.3489923510853963,0.6367273821986659,-0.0,-0.8726646259971647,0.29048409961452926,-0.2094395102393195,1.9547687622336491,0.04501436268281633,0.2597480255068357,0.25471923013235553,0.23361396622462421,0.076124357600993,0.674310774703099,0.20379865163395214,0.08876675724465413,0.6709757561003994,0.21243240828689508,-0.3489923510853963,0.6367273821986659,0.00180782209136526,-0.8633642405881381,-0.009608103140765174,-0.21138338487621663,1.4337029912929462,0.04817012171202112,0.2403447632172704,0.2749785094424186,0.2407204697642521,0.03389442887502177,0.7211053155995869,0.21945699307530217,0.06401963257534894,0.7005984951603833,0.23816009959498932,-0.3396320708274458,0.6313530928397129
233,True,2.339999999999964,4.61592774487859,False,True,0.0,False,,-0.0,-0.8726646259971647,0.2939120018782054,-0.20943951023931956,1.9547687622336491,0.03988102764898349,0.25816828977012013,0.2658379521654525,0.22738893845738328,0.09963615970431507,0.6811641821914232,0.20101575507810146,0.10375272383342103,0.685532820131748,0.21382581760957542,-0.34680457657483643,0.6651801556514173,-0.0,-0.8726646259971647,0.2939120018782054,-0.20943951023931956,1.9547687622336491,0.03988102764898349,0.25816828977012013,0.2658379521654525,0.22738893845738328,0.09963615970431507,0.6811641821914232,0.20101575507810146,0.10375272383342103,0.685532820131748,0.21382581760957542,-0.34680457657483643,0.6651801556514173,0.001955041203086648,-0.8632998849914003,-0.009641278326581619,-0.21133468996659424,1.437865833956945,0.04737866616634111,0.24337863018010722,0.27072390316567013,0.23927873555347565,0.04439320904533562,0.710408697865767,0.2163973447522329,0.06993565321444566,0.6942746364217188,0.23291338150986066,-0.33962610307843694,0.6337414988305288
234,True,2.349999999999963,4.616432808835782,False,True,0.0,False,,-0.0,-0.8726646259971647,0.3066477705095115,-0.2094395102393195,1.9547687622336491,0.041350963702097315,0.23893828088811908,0.30254086360552834,0.2238301929578458,0.11665401962764468,0.6891149427143289,0.1945498004567105,0.10427756788594132,0.7019171733794843,0.2145768917438802,-0.3465582315145723,0.6918081656664181,-0.0,-0.8726646259971647,0.3066477705095115,-0.2094395102393195,1.9547687622336491,0.041350963702097315,0.23893828088811908,0.30254086360552834,0.2238301929578458,0.11665401962764468,0.6891149427143289,0.1945498004567105,0.10427756788594132,0.7019171733794843,0.2145768917438802,-0.3465582315145723,0.6918081656664181,0.002186373020832943,-0.8632676668158866,-0.009660382614117807,-0.2113007228431922,1.4408990326837023,0.04638728227415804,0.2449201909538298,0.2713700727857597,0.2373915509449513,0.056319763510208946,0.7034067170726106,0.21326197570132457,0.07625313311786604,0.6920465333378313,0.22894309880165928,-0.3396125712968751,0.6404608832897758
235,True,2.3599999999999617,4.616703975215383,False,True,0.0,False,,-0.0,-0.8726646259971645,0.3068364574413651,-0.20943951023931956,1.9547687622336491,0.03493089352014596,0.24019455297296394,0.3034563673243575,0.2183885139840186,0.13134792909603654,0.6858870146089862,0.18996521241597805,0.10002629634188476,0.7187236805694324,0.21297537636103822,-0.3490658503988659,0.6808653543312023,-0.0,-0.8726646259971645,0.3068364574413651,-0.20943951023931956,1.9547687622336491,0.03493089352014596,0.24019455297296394,0.3034563673243575,0.2183885139840186,0.13134792909603654,0.6858870146089862,0.18996521241597805,0.10002629634188476,0.7187236805694324,0.21297537636103822,-0.3490658503988659,0.6808653543312023,0.0023269314264596427,-0.8632536675352095,-0.009672381676693577,-0.2112765395316444,1.4422038192185138,0.044999921549342944,0.24506781665167135,0.2753686171672528,0.2349831084826689,0.06925971616425297,0.6987762152470769,0.20985879917341474,0.08171449419411933,0.6936654573825447,0.2258715371871171,-0.33960874714959904,0.6483100223010954
236,True,2.3699999999999606,4.616767204738744,False,True,0.0,False,,-0.0,-0.8726646259971645,0.299500364618294,-0.20943951023931948,1.9547687622336491,0.03435303590709798,0.27260614117807536,0.28786739485701324,0.22089387845761924,0.22362062967774063,0.6474545278426668,0.19000193423814732,0.14186722692668818,0.7076872124866063,0.22620827588752124,-0.3151438030315902,0.6696853576868633,-0.0,-0.8726646259971645,0.299500364618294,-0.20943951023931948,1.9547687622336491,0.03435303590709798,0.27260614117807536,0.28786739485701324,0.22089387845761924,0.22362062967774063,0.6474545278426668,0.19000193423814732,0.14186722692668818,0.7076872124866063,0.22620827588752124,-0.3151438030315902,0.6696853576868633,0.0028969622251010943,-0.8632500715406437,-0.009675306371226055,-0.21125855348688777,1.442434464966193,0.04330451302474841,0.24714356865490328,0.27903809833402066,0.23258690620349196,0.08880533866288011,0.6924454563180336,0.20654573717819943,0.08928396284548636,0.6964085107316333,0.22439318665298966,-0.3378190109873173,0.6543849567508756
237,True,2.3799999999999595,4.616721897328302,False,True,0.0,False,,-0.0,-0.8726646259971647,0.30158908677827884,-0.20943951023931945,1.9547687622336491,0.031371913176446255,0.2988083303840777,0.23234935562681805,0.21671172753733764,0.3037922033614321,0.5628902044255607,0.19022731635664492,0.17285411254587388,0.6730178756408663,0.23355161754103101,-0.30813366225634514,0.656145099363489,-0.0,-0.8726646259971647,0.30158908677827884,-0.20943951023931945,1.9547687622336491,0.031371913176446255,0.2988083303840777,0.23234935562681805,0.21671172753733764,0.3037922033614321,0.5628902044255607,0.19022731635664492,0.17285411254587388,0.6730178756408663,0.23355161754103101,-0.30813366225634514,0.656145099363489,0.003894886205174102,-0.8632512755917657,-0.00967314803691092,-0.21124552390059725,1.442220133020421,0.041420194954764185,0.25303731967125404,0.2772296408254741,0.23024403310859828,0.11856451328430655,0.6779908366941432,0.20364941272575043,0.1008572755544461,0.6961891536117963,0.22477350022682369,-0.3340765191993476,0.6575346621376461
238,True,2.3899999999999584,4.616663473443958,False,True,0.0,False,,-0.0,-0.8726646259971647,0.31988378920657773,-0.20943951023931948,1.9547687622336491,0.025101329459194507,0.33161889842924314,0.2110634341621195,0.20807534389444482,0.3523212853916479,0.5310261428420802,0.1847868038125618,0.19811177947767022,0.6866606212731138,0.23359073330099805,-0.2939055384604911,0.6393149689583805,-0.0,-0.8726646259971647,0.31988378920657773,-0.20943951023931948,1.9547687622336491,0.025101329459194507,0.33161889842924314,0.2110634341621195,0.20807534389444482,0.3523212853916479,0.5310261428420802,0.1847868038125618,0.19811177947767022,0.6866606212731138,0.23359073330099805,-0.2939055384604911,0.6393149689583805,0.005003505087461593,-0.8632537901913729,-0.009670684706082532,-0.2112350561677853,1.4418679789822901,0.039089638613028936,0.263336370789066,0.26961942422995716,0.22739420466455396,0.15596104857052853,0.6561908125804339,0.20086115855492656,0.1158571802711312,0.6945704711931516,0.22618633768810176,-0.32860247901556966,0.6573632942767634
239,True,2.3999999999999573,4.616587844920815,False,True,0.0,False,,-0.0,-0.8726646259971647,0.35721629296862123,-0.20943951023931945,1.9547687622336491,0.01267145675727632,0.40043826114207154,0.1427665218971399,0.19482930172066878,0.42920132431975233,0.49337956709187286,0.1714063099317666,0.22774055043941363,0.7121948762774131,0.20518791670509776,-0.2687500706118196,0.6698481129795535,-0.0,-0.8726646259971647,0.35721629296862123,-0.20943951023931945,1.9547687622336491,0.01267145675727632,0.40043826114207154,0.1427665218971399,0.19482930172066878,0.42920132431975233,0.49337956709187286,0.1714063099317666,0.22774055043941363,0.7121948762774131,0.20518791670509776,-0.2687500706118196,0.6698481129795535,0.006227913003129542,-0.8632566597976684,-0.00966720898757069,-0.21122577663200645,1.4415160714603756,0.03566762708916169,0.28083866166330174,0.25432417108229155,0.22334265294154051,0.20000862019968196,0.6297900986438745,0.19724766958965503,0.13378562236850108,0.6950419328274011,0.22584281377794413,-0.3205913337786245,0.657565179829509
240,True,2.409999999999956,4.616658453572631,False,True,0.0,False,,-0.0,-0.8726646259971647,0.3676843832983494,-0.2094395102393195,1.9547687622336491,-0.00297350134210528,0.41864196943806914,0.09576132144532125,0.17620295961886093,0.41953813749776286,0.434967130615765,0.1663175969263603,0.19600698776074962,0.6865164865671735,0.1842083016032592,-0.2840873783605743,0.6191130611773075,-0.0,-0.8726646259971647,0.3676843832983494,-0.2094395102393195,1.9547687622336491,-0.00297350134210528,0.41864196943806914,0.09576132144532125,0.17620295961886093,0.41953813749776286,0.434967130615765,0.1663175969263603,0.19600698776074962,0.6865164865671735,0.1842083016032592,-0.2840873783605743,0.6191130611773075,0.006645317465239151,-0.8632572638422216,-0.009672466769816895,-0.21121656501392402,1.4412170117921417,0.030535429480243223,0.3032934706777799,0.23137985508188816,0.2173422064433041,0.2439956929963193,0.5986334291987291,0.19278146395831322,0.14959169150377857,0.695350897829358,0.2221673995237349,-0.31268532718723335,0.655131169808332
241,True,2.419999999999955,4.616751204749223,False,True,0.0,False,,-0.0,-0.8726646259971647,0.41918669988843327,-0.2094395102393195,1.9547687622336491,-0.01964515131414469,0.5214578967969979,0.010785506360917185,0.17106256478079232,0.4736195653105514,0.36237871434262,0.16674638008250564,0.20621524842261782,0.6477406390633709,0.18883838104725748,-0.24251439464427502,0.588167477448132,-0.0,-0.8726646259971647,0.41918669988843327,-0.2094395102393195,1.9547687622336491,-0.01964515131414469,0.5214578967969979,0.010785506360917185,0.17106256478079232,0.4736195653105514,0.36237871434262,0.16674638008250564,0.20621524842261782,0.6477406390633709,0.18883838104725748,-0.24251439464427502,0.588167477448132,0.006493173913910987,-0.8632572697101147,-0.009678918564208737,-0.21120755223514465,1.440983069324636,0.023400698829872946,0.33385717622682387,0.19949275211806142,0.21006397582393374,0.2867750328243591,0.5612503536692138,0.1882693619930452,0.1623612829450557,0.6915636673672658,0.21702890420716506,-0.30307829848286,0.6475422245257113
242,True,2.429999999999954,4.616697043564474,False,True,0.0,False,,-0.0,-0.8726646259971647,0.41595855934232145,-0.20943951023931956,1.9547687622336491,-0.04908244811168915,0.6393812307452467,-0.0776526946582799,0.15260752000201283,0.610635252893698,0.21567631955760577,0.15047482103789292,0.3041397778410266,0.47687980474585956,0.195250696445882,-0.17952082516911796,0.47629090374103505,-0.0,-0.8726646259971647,0.41595855934232145,-0.20943951023931956,1.9547687622336491,-0.04908244811168915,0.6393812307452467,-0.0776526946582799,0.15260752000201283,0.610635252893698,0.21567631955760577,0.15047482103789292,0.3041397778410266,0.47687980474585956,0.195250696445882,-0.17952082516911796,0.47629090374103505,0.006797895357173687,-0.8632590617779844,-0.009676340232965727,-0.2111992475155344,1.4408099480342258,0.013363860231801425,0.37735202738286855,0.15745551226444193,0.20147520193580334,0.33678739244827244,0.5113024494085883,0.18306980693140412,0.18041909954866106,0.6715393159994508,0.21250292492896822,-0.28731515281666425,0.628733614573349
243,True,2.439999999999953,4.631057261596831,False,True,0.0,False,,-0.0,-0.8341481871736666,0.4255576655133711,-0.20943951023931956,1.9532679182557424,-0.07597559308304326,0.7275951241621352,-0.15599613176298882,0.10694674603682568,0.6784974749982503,0.12024363977215784,0.13470653934130813,0.3824230944865301,0.2971498183285005,0.18158154864543571,-0.09099822468729026,0.3131440038189495,-0.0,-0.8341481871736666,0.4255576655133711,-0.20943951023931956,1.9532679182557424,-0.07597559308304326,0.7275951241621352,-0.15599613176298882,0.10694674603682568,0.6784974749982503,0.12024363977215784,0.13470653934130813,0.3824230944865301,0.2971498183285005,0.18158154864543571,-0.09099822468729026,0.3131440038189495,0.007472981633307112,-0.8612514290118474,-0.009668256899684008,-0.2111890498197393,1.44069120183535,7.297699067111952e-05,0.43251438021033956,0.10667280238666897,0.18921052714258627,0.39451370382308937,0.44894629008846265,0.17637762316231356,0.20837417409317846,0.6264897294883061,0.20796424285078738,-0.2615200904830348,0.590382867514564
244,True,2.4499999999999518,4.710653952448171,False,True,0.0,False,,-0.0,-0.7358933892503807,0.42565355264736127,-0.2094395102393195,1.8281952052832169,-0.12282054633074413,0.7437253725808,-0.15697904998380907,0.03816353189900244,0.7149803171929878,0.09172000992009764,0.1038317377515388,0.3998105608379125,0.21280116395258308,0.16433886591971344,-0.029230182750400804,0.2319540829056154,-0.0,-0.7358933892503807,0.42565355264736127,-0.2094395102393195,1.8281952052832169,-0.12282054633074413,0.7437253725808,-0.15697904998380907,0.03816353189900244,0.7149803171929878,0.09172000992009764,0.1038317377515388,0.3998105608379125,0.21280116395258308,0.16433886591971344,-0.029230182750400804,0.2319540829056154,0.007723254047954019,-0.8500759175671421,-0.009659528145372711,-0.21123980127995753,1.4406186977344722,-0.017648016433235197,0.4907313636353738,0.055287581120562056,0.16990755467387694,0.45415182486389394,0.38300271176424244,0.1669071564197936,0.24150165441063345,0.5630496370198425,0.20211405914625782,-0.22646622072007716,0.5359181388196469
245,True,2.4599999999999507,4.8509924700384905,False,True,0.0,False,,-0.0,-0.7015663332784683,0.4086647471178982,-0.20943951023931956,1.7308935434216757,-0.1517472251951203,0.8211327357816408,-0.20042714730534747,-0.014852481074933673,0.8186884845339656,0.007690167328756561,0.07519892573673241,0.4690164785517682,0.20053604653542884,0.1605570844243292,0.019879112293463688,0.21216381649467597,-0.0,-0.7015663332784683,0.4086647471178982,-0.20943951023931956,1.7308935434216757,-0.1517472251951203,0.8211327357816408,-0.20042714730534747,-0.014852481074933673,0.8186884845339656,0.007690167328756561,0.07519892573673241,0.4690164785517682,0.20053604653542884,0.1605570844243292,0.019879112293463688,0.21216381649467597,0.007776797729390403,-0.8299786946800117,-0.0096508137667472,-0.2112768452207457,1.4405809741008953,-0.03924981321059448,0.5501253890462603,0.006253741158131776,0.1431426788785397,0.5170982822123368,0.3156113691353117,0.15400860254338983,0.2788525765078896,0.49539455190650944,0.1954278517407859,-0.18553471488422646,0.4766643664545018
246,True,2.4699999999999496,5.015314196447473,False,False,0.0,False,,-0.0,-0.7015663332784683,0.4086647471178982,-0.20943951023931956,1.7308935434216757,-0.1517472251951203,0.8211327357816408,-0.20042714730534747,-0.014852481074933673,0.8186884845339656,0.007690167328756561,0.07519892573673241,0.4690164785517682,0.20053604653542884,0.1605570844243292,0.019879112293463688,0.21216381649467597,-0.0,-0.7015663332784683,0.4086647471178982,-0.20943951023931956,1.7308935434216757,-0.1517472251951203,0.8211327357816408,-0.20042714730534747,-0.014852481074933673,0.8186884845339656,0.007690167328756561,0.07519892573673241,0.4690164785517682,0.20053604653542884,0.1605570844243292,0.019879112293463688,0.21216381649467597,0.007058878169984237,-0.8071890339027464,-0.009653596561862043,-0.21128248168341163,1.4405640157249164,-0.061221552235086615,0.6061104778391339,-0.0377089149931764,0.11403087984605666,0.5781397194933052,0.25235334090162154,0.13992344481073987,0.31623119718689013,0.43353948256149205,0.1889700090075146,-0.1450989477387765,0.4217120079977692
247,True,2.4799999999999485,5.250355785197,False,False,0.0,False,,-0.0,-0.573076521054662,0.33071160421882484,-0.20943951023931948,1.4943495373136138,-0.16878913778979107,0.9118551394912959,-0.25967533888762206,-0.05196684516458177,0.8979987001376256,-0.07279618823091133,0.051572089577551904,0.5645718670898314,0.06517302942764741,0.16845188394064914,0.06405748795865365,0.1774876837647606,-0.0,-0.573076521054662,0.33071160421882484,-0.20943951023931948,1.4943495373136138,-0.16878913778979107,0.9118551394912959,-0.25967533888762206,-0.05196684516458177,0.8979987001376256,-0.07279618823091133,0.051572089577551904,0.5645718670898314,0.06517302942764741,0.16845188394064914,0.06405748795865365,0.1774876837647606,0.005974610864702609,-0.7760010552281674,-0.009653589559776255,-0.21133664885789266,1.4405576406443383,-0.08218642685403463,0.6612862584816322,-0.07914676766429647,0.08434415372273255,0.637557737908717,0.19185751916621965,0.12512446833685614,0.3567592977564518,0.370597032765037,0.1839261055903178,-0.10608820822390684,0.37223376522730006
248,True,2.4899999999999474,5.71023934477806,False,False,0.0,False,,-0.0,-0.2878341005289651,0.16533873058056472,-0.20943951023931956,1.4841966305484584,-0.18205219911971993,1.0122968647073989,-0.2678988505771266,-0.06513944078287902,1.0220376284433994,-0.1499305543214104,0.05171581515988781,0.6602274030702809,-0.03982170318409069,0.18916696842663133,0.12943491199518042,0.11865446315073012,-0.0,-0.2878341005289651,0.16533873058056472,-0.20943951023931956,1.4841966305484584,-0.18205219911971993,1.0122968647073989,-0.2678988505771266,-0.06513944078287902,1.0220376284433994,-0.1499305543214104,0.05171581515988781,0.6602274030702809,-0.03982170318409069,0.18916696842663133,0.12943491199518042,0.11865446315073012,0.005350494972264602,-0.7180134685844781,-0.009635257842649823,-0.21164726024200545,1.4405559876051814,-0.10202152402329291,0.7210039942981147,-0.11767187675345825,0.05531299686676807,0.7020577714295988,0.13033216245034956,0.11076284372674672,0.4050185926399389,0.30106533822296844,0.18183329400572024,-0.06535441511497533,0.32478912974865615
249,True,2.4999999999999463,5.850700045441663,False,False,0.0,False,,-0.0,-0.13390015113525716,0.11601367226289923,-0.2094395102393196,1.444300289056509,-0.20033246411495187,1.0263141878219713,-0.21439399589666291,-0.08746403381392553,1.0662879271098864,-0.1165743193608897,0.024663508514777884,0.7738931500651729,-0.14941194673168845,0.18171919958101043,0.23032782027653476,0.0037649404623423814,-0.0,-0.13390015113525716,0.11601367226289923,-0.2094395102393196,1.444300289056509,-0.20033246411495187,1.0263141878219713,-0.21439399589666291,-0.08746403381392553,1.0662879271098864,-0.1165743193608897,0.024663508514777884,0.7738931500651729,-0.14941194673168845,0.18171919958101043,0.23032782027653476,0.0037649404623423814,0.004932282003449083,-0.6375701257138012,-0.009620407757113692,-0.21194049723532396,1.4405288533858687,-0.12102036527063942,0.780624648212176,-0.14654477641256572,0.027616903794085396,0.7693561849889696,0.07529012461212822,0.09617719217471148,0.46329421402761023,0.2243038757235453,0.18142865144173248,-0.018277329344241266,0.27236231158764707
250,True,2.509999999999945,5.735496937678526,False,False,0.0,False,,-0.0,-0.13390015113525716,0.11601367226289923,-0.2094395102393196,1.444300289056509,-0.20033246411495187,1.0263141878219713,-0.21439399589666291,-0.08746403381392553,1.0662879271098864,-0.1165743193608897,0.024663508514777884,0.7738931500651729,-0.14941194673168845,0.18171919958101043,0.23032782027653476,0.0037649404623423814,-0.0,-0.13390015113525716,0.11601367226289923,-0.2094395102393196,1.444300289056509,-0.20033246411495187,1.0263141878219713,-0.21439399589666291,-0.08746403381392553,1.0662879271098864,-0.1165743193608897,0.024663508514777884,0.7738931500651729,-0.14941194673168845,0.18171919958101043,0.23032782027653476,0.0037649404623423814,0.003554820120558323,-0.5479152284463571,-0.009629044399269709,-0.21204684151707803,1.4404842464767762,-0.13819916447247188,0.8338740109197503,-0.16600985390213915,0.0027386549396100847,0.8318005336859973,0.030696446061732073,0.082059127819165,0.5233416673846041,0.14947305874751052,0.18149654110593483,0.029771364745753665,0.21966906496365798
251,True,2.519999999999944,5.6327154730706654,False,False,0.0,False,,-0.0,-0.13390015113525716,0.11601367226289923,-0.2094395102393196,1.444300289056509,-0.20033246411495187,1.0263141878219713,-0.21439399589666291,-0.08746403381392553,1.0662879271098864,-0.1165743193608897,0.024663508514777884,0.7738931500651729,-0.14941194673168845,0.18171919958101043,0.23032782027653476,0.0037649404623423814,-0.0,-0.13390015113525716,0.11601367226289923,-0.2094395102393196,1.444300289056509,-0.20033246411495187,1.0263141878219713,-0.21439399589666291,-0.08746403381392553,1.0662879271098864,-0.1165743193608897,0.024663508514777884,0.7738931500651729,-0.14941194673168845,0.18171919958101043,0.23032782027653476,0.0037649404623423814,0.0007668655768439285,-0.4633142028656438,-0.009660479485233534,-0.21192531633038905,1.4404426189290587,-0.15265047991767258,0.8783926498185316,-0.1793642602157098,-0.0181283916465931,0.8851339888603661,-0.004389220584074968,0.06968612719807166,0.5772731823549627,0.08429255941938947,0.18175295745828873,0.07264103671962094,0.1731058904806992
252,True,2.529999999999943,5.559830586245294,False,False,0.0,False,,-0.0,-0.2212953245206133,0.059507113710612805,-0.20943951023931956,1.140220006787823,-0.22245506362581052,1.0795803105910007,-0.01635493082706302,-0.06299548666644003,1.157914201042969,-0.1548085349276923,0.048079999599348326,0.8431796462738139,-0.26112794422039093,0.20123932546555257,0.26480993814910847,-0.013342974290469652,-0.0,-0.2212953245206133,0.059507113710612805,-0.20943951023931956,1.140220006787823,-0.22245506362581052,1.0795803105910007,-0.01635493082706302,-0.06299548666644003,1.157914201042969,-0.1548085349276923,0.048079999599348326,0.8431796462738139,-0.26112794422039093,0.20123932546555257,0.26480993814910847,-0.013342974290469652,-0.0022124165699442806,-0.39731276913070823,-0.00969569730092307,-0.21148935913003256,1.4167901926010587,-0.16598720419626203,0.9181726328728964,-0.1731820083851187,-0.03307315655260954,0.9356637147365029,-0.034572521048314125,0.06118191501094628,0.627971614981661,0.021861255408544056,0.18354255417921564,0.11116563529302988,0.13315698209842786
253,True,2.539999999999942,5.502591283125502,False,False,0.0,False,,-0.0,-0.5703900568280736,-0.12113481155525406,0.8643506165266738,-0.3490658503988646,-0.4254273809247181,1.2759940786071056,0.13142088376174244,-0.3108731553748957,1.3474946792642355,0.008734321656920563,0.05625725343103927,0.9741476314477185,-0.030848454213948745,0.2876449252463558,0.2660775442221006,0.006211985552356459,-0.0,-0.5703900568280736,-0.12113481155525406,0.8643506165266738,-0.3490658503988646,-0.4254273809247181,1.2759940786071056,0.13142088376174244,-0.3108731553748957,1.3474946792642355,0.008734321656920563,0.05625725343103927,0.9741476314477185,-0.030848454213948745,0.2876449252463558,0.2660775442221006,0.006211985552356459,-0.0028900535509172377,-0.37739084086112484,-0.018632298910042214,-0.17095144406078297,1.355900708195517,-0.19360699873364168,0.9685467620051971,-0.14068178491002836,-0.06154814185771902,0.9971076640385521,-0.04802579906417837,0.05682348311572726,0.6840451668337558,-0.01836992090905754,0.19301511711791436,0.14501349898179255,0.10150986426046865
254,True,2.5499999999999408,5.472636124551341,False,False,0.0,False,,-0.0,-0.5557789691080142,-0.19401288970921474,0.9023727562722546,-0.34906585039886556,-0.4121039641376235,1.2808069928138524,0.20344662794229218,-0.3455475621938497,1.36589177619058,0.08781027351331028,0.07880649272628311,0.9978347729623852,0.029740192150850928,0.3115355142614848,0.2788265495484122,0.004495690848805968,-0.0,-0.5557789691080142,-0.19401288970921474,0.9023727562722546,-0.34906585039886556,-0.4121039641376235,1.2808069928138524,0.20344662794229218,-0.3455475621938497,1.36589177619058,0.08781027351331028,0.07880649272628311,0.9978347729623852,0.029740192150850928,0.3115355142614848,0.2788265495484122,0.004495690848805968,-0.002525492374025378,-0.39089086593206557,-0.04009803671527128,-0.0948626816351466,1.271730226375879,-0.2308992834179987,1.0254383813339853,-0.08992578309670263,-0.10469652634263373,1.0646327726260103,-0.04057198585061044,0.05665211440927782,0.7426552988863868,-0.03128082550034052,0.20974854853287503,0.17397212351774888,0.07752666700545073
255,True,2.5599999999999397,5.478080646191157,False,False,0.0,False,,-0.0,-0.5082761598523373,-0.24853427418293564,0.9132221335256722,-0.3490658503988657,-0.4010127074305702,1.2978574411027775,0.26843111757386373,-0.4152709200737749,1.4094307170155258,0.15009611981685694,0.07574875480094236,1.0084936508999731,0.04296815809866014,0.34157371706090606,0.2837361481461366,-0.0063033888506527245,-0.0,-0.5082761598523373,-0.24853427418293564,0.9132221335256722,-0.3490658503988657,-0.4010127074305702,1.2978574411027775,0.26843111757386373,-0.4152709200737749,1.4094307170155258,0.15009611981685694,0.07574875480094236,1.0084936508999731,0.04296815809866014,0.34157371706090606,0.2837361481461366,-0.0063033888506527245,-0.0028873209561139216,-0.4122010827080974,-0.07127957057476948,-0.00463157623874703,1.1781987635588682,-0.26670061240325266,1.0800592356299474,-0.02977789650659504,-0.15590525181893902,1.1310261570636209,-0.017527765364067298,0.058899847499029274,0.7974391846950981,-0.02823453258602804,0.2308645508064271,0.1983612030014026,0.05850703147767904
256,True,2.5699999999999386,5.1026956116455535,False,False,0.0,False,,-0.0,-0.42968339893773433,-0.24364808751791922,0.9127140433915373,-0.34906585039886473,-0.23528310183906254,1.2095444625292324,0.5625272369403327,-0.2908280485347578,1.373882546496872,0.42081319420822805,0.08614831024783255,1.0444963136039531,0.1457330241028816,0.36747032763382514,0.2701359734088836,-0.00024624751810954117,-0.0,-0.42968339893773433,-0.24364808751791922,0.9127140433915373,-0.34906585039886473,-0.23528310183906254,1.2095444625292324,0.5625272369403327,-0.2908280485347578,1.373882546496872,0.42081319420822805,0.08614831024783255,1.0444963136039531,0.1457330241028816,0.36747032763382514,0.2701359734088836,-0.00024624751810954117,-0.004856746633954134,-0.4263839771085175,-0.10477576683526056,0.09110319297174682,1.0808940283460964,-0.2846899540892058,1.1212940203676414,0.04730855342688891,-0.1978526533537232,1.188202755259549,0.032935131279584785,0.06260655474435048,0.8474733918402506,-0.010494313732589477,0.25456651836578575,0.21714656924987963,0.043782580229802075
257,True,2.5799999999999375,4.763759398843027,False,True,0.0,False,,-0.0,-0.43850169342133505,-0.3199813149311039,0.9791853468262773,-0.34906585039886573,-0.13667017796824593,1.2977570451075187,0.5436558706398761,0.05411402506626223,1.4398475995471054,0.47542070350502175,0.11442365224414962,1.074584215440312,0.20448984746270993,0.433140248456129,0.24688540488066407,0.023689175097486727,-0.0,-0.43850169342133505,-0.3199813149311039,0.9791853468262773,-0.34906585039886573,-0.13667017796824593,1.2977570451075187,0.5436558706398761,0.05411402506626223,1.4398475995471054,0.47542070350502175,0.11442365224414962,1.074584215440312,0.20448984746270993,0.433140248456129,0.24688540488066407,0.023689175097486727,-0.007864389544279485,-0.4335983876819916,-0.14108588091451754,0.1891145137168825,0.982068975685366,-0.27919930283443894,1.1557268937386354,0.13581033212260743,-0.1998585526549007,1.2388531988287026,0.10332132520192848,0.06904991635418375,0.8935747458433124,0.019722579751820856,0.2826287933711269,0.22916446156253317,0.03466835950646653
258,True,2.5899999999999364,5.419408593062301,False,False,0.0,False,,-0.0,-0.45957529639053124,-0.3490658503988659,1.011609704364277,-0.3490658503988659,-0.1288170976963428,1.301588210202891,0.563524675685499,0.4693594592826096,1.5559183141331674,0.40641556436508297,0.13530075244663314,1.0956795044910523,0.19344826719265681,0.45596350110528455,0.24742277162448345,0.011248839215195336,-0.0,-0.45957529639053124,-0.3490658503988659,1.011609704364277,-0.3490658503988659,-0.1288170976963428,1.301588210202891,0.563524675685499,0.4693594592826096,1.5559183141331674,0.40641556436508297,0.13530075244663314,1.0956795044910523,0.19344826719265681,0.45596350110528455,0.24742277162448345,0.011248839215195336,-0.011408801513721194,-0.43903614431948595,-0.17953771714786276,0.2881340738469223,0.8826329901390284,-0.2600866479715816,1.1872105636489274,0.2211663309202147,-0.15174974937125313,1.2925745638599941,0.1700798762020026,0.07859819472642499,0.9356999561808215,0.052862644977938855,0.31362959540842644,0.23618867755765877,0.028828684632956243
259,True,2.5999999999999353,5.736005159177886,False,False,0.0,False,,-0.0,-0.41502502108390626,-0.3490658503988659,1.0025013194057883,-0.3490658503988659,-0.06532522068887439,1.3079315577873527,0.5771068307167789,0.4449768110601654,1.527541946838336,0.45461026090222934,0.16848776142903266,1.1021091312823976,0.20810401976341364,0.45365964607085085,0.24172096173227517,0.011679159520792378,-0.0,-0.41502502108390626,-0.3490658503988659,1.0025013194057883,-0.3490658503988659,-0.06532522068887439,1.3079315577873527,0.5771068307167789,0.4449768110601654,1.527541946838336,0.45461026090222934,0.16848776142903266,1.1021091312823976,0.20810401976341364,0.45365964607085085,0.24172096173227517,0.011679159520792378,-0.015547538241544145,-0.44060571412471405,-0.21562108589432996,0.3874997031818325,0.7829431793026581,-0.2322589360425592,1.214561164858716,0.29708280004479404,-0.07315441897287145,1.3437530608477264,0.22872956857896504,0.09170250286773747,0.9727180737142298,0.08404189320130344,0.343136614604962,0.23991719495322603,0.024534470685655833
260,True,2.609999999999934,5.272640788619745,False,False,0.0,False,,-0.0,-0.4418956738710831,-0.34906585039886584,1.0078911457547928,-0.34906585039886556,-0.03961976972775404,1.335556147531904,0.5854760878707923,0.5305544486981394,1.5580375695538662,0.4503137489221956,0.15576957916285225,1.1136105580329632,0.21723739506514855,0.4396527876335979,0.257225551975681,0.0032678749484082743,-0.0,-0.4418956738710831,-0.34906585039886584,1.0078911457547928,-0.34906585039886556,-0.03961976972775404,1.335556147531904,0.5854760878707923,0.5305544486981394,1.5580375695538662,0.4503137489221956,0.15576957916285225,1.1136105580329632,0.21723739506514855,0.4396527876335979,0.257225551975681,0.0032678749484082743,-0.019838778180076552,-0.4407268339687553,-0.24654843660932432,0.4870536991656554,0.6831511222191166,-0.19959207002517806,1.2394498324564238,0.3614421679379417,0.018171266212521565,1.389294246110893,0.27876566624435284,0.10515003711670774,1.0045554321891983,0.11206914904977995,0.36759775958898133,0.24285724263020414,0.020707320558794193
261,True,2.619999999999933,3.2747824679439472,False,True,0.0,False,,-0.0,-0.4055484168310662,-0.3432533463598358,1.016231808640138,-0.34906585039886556,0.08312048018139565,1.3855946963208983,0.6216667291358589,0.5221926968634757,1.5611522106672817,0.5268749793787849,0.18786932872606063,1.1476933610066766,0.28111825963859555,0.40949764555575774,0.23582156782773495,0.04447173374196891,-0.0,-0.4055484168310662,-0.3432533463598358,1.016231808640138,-0.34906585039886556,0.08312048018139565,1.3855946963208983,0.6216667291358589,0.5221926968634757,1.5611522106672817,0.5268749793787849,0.18786932872606063,1.1476933610066766,0.28111825963859555,0.40949764555575774,0.23582156782773495,0.04447173374196891,-0.02373990951413686,-0.4384870109404894,-0.2713169177476696,0.5857995130099172,0.5833160715101711,-0.15817891176698368,1.2653278541548103,0.41671379838901257,0.11279733586808925,1.4286234839610101,0.3253203588331855,0.11917723573140726,1.033590476545014,0.14089732281419903,0.38439692028035816,0.2441552305021272,0.020381268132849895
262,True,2.629999999999932,1.3159325215536686,False,True,0.0,False,,-0.0,-0.39718327528837294,-0.2811760720042909,0.9961627573691678,-0.3490658503988656,0.07882962775027956,1.3993111442294377,0.6333660011796672,0.49106417956023213,1.556620731409427,0.5918615833185127,0.189822259514051,1.1297947078762243,0.3414007018535008,0.4018883946406413,0.2291709320003986,0.07057800662636997,-0.0,-0.39718327528837294,-0.2811760720042909,0.9961627573691678,-0.3490658503988656,0.07882962775027956,1.3993111442294377,0.6333660011796672,0.49106417956023213,1.556620731409427,0.5918615833185127,0.189822259514051,1.1297947078762243,0.3414007018535008,0.4018883946406413,0.2291709320003986,0.07057800662636997,-0.027194059451367266,-0.4334024730443089,-0.28555435524149536,0.674589150361895,0.4834959815590617,-0.11355656508956996,1.29160415265265,0.46415197890047616,0.1969492349604428,1.4606100270003106,0.37309878891343135,0.13322395483697597,1.0580647701259436,0.17391453072726282,0.3943163350905323,0.24332125921000544,0.025124342497693374
263,True,2.639999999999931,0.0,True,True,0.0,False,,-0.0,-0.36800254179719205,-0.2513801811542806,0.9982465515518172,-0.34906585039886556,0.060452656060599685,1.4041062619633742,0.6356396933677101,0.39353652104616405,1.5322048166850342,0.6012225237186105,0.19603982649292176,1.0961886098789388,0.40695953966758147,0.3674398085334832,0.16694990198670628,0.1366895409797451,-0.0,-0.36800254179719205,-0.2513801811542806,0.9982465515518172,-0.34906585039886556,0.060452656060599685,1.4041062619633742,0.6356396933677101,0.39353652104616405,1.5322048166850342,0.6012225237186105,0.19603982649292176,1.0961886098789388,0.40695953966758147,0.3674398085334832,0.16694990198670628,0.1366895409797451,-0.030377914893846513,-0.42506701081257836,-0.289089421180157,0.748428228465142,0.3837024065133989,-0.07438158972296796,1.3159363722788255,0.5035083641458395,0.2581502112446185,1.4839179371168905,0.4190386022187775,0.14622240108423779,1.0746055401794468,0.21228458112866178,0.39737489577691554,0.23662592805812527,0.037615139373530296
264,True,2.6499999999999297,0.0,True,True,0.0,False,,-0.0,-0.36543403975247685,-0.20179084231291045,0.9780089158734784,-0.3490658503988657,0.04378222935938251,1.3887010760073921,0.6281388117870502,0.411077789698269,1.5113427420063896,0.6233955110456654,0.169938767636986,1.0837057178195522,0.4067991567266826,0.3695952323304728,0.1633081313439171,0.12182842576327865,-0.0,-0.36543403975247685,-0.20179084231291045,0.9780089158734784,-0.3490658503988657,0.04378222935938251,1.3887010760073921,0.6281388117870502,0.411077789698269,1.5113427420063896,0.6233955110456654,0.169938767636986,1.0837057178195522,0.4067991567266826,0.3695952323304728,0.1633081313439171,0.12182842576327865,-0.0330934406894177,-0.4149964042768747,-0.2827847178492831,0.806117506008516,0.28393377904069667,-0.04400945904314854,1.3357011356919086,0.5345048921008441,0.29528941791848173,1.496423964713364,0.4609824080851861,0.15931773220108283,1.085546590105551,0.2508113604767923,0.39603815673911585,0.22566707350555362,0.05314318793875421
265,True,2.6599999999999286,0.0,True,True,0.0,False,,-0.0,-0.3667758293878215,-0.2233142904620691,0.999816047985283,-0.3490658503988657,0.03997498737204158,1.3851481305725015,0.6420466836067916,0.39749797580621554,1.5115775731080365,0.6170372619933812,0.17991275782809701,1.0825895251770832,0.41045532288862024,0.36645223054088377,0.15826419124791005,0.12230832677612108,-0.0,-0.3667758293878215,-0.2233142904620691,0.999816047985283,-0.3490658503988657,0.03997498737204158,1.3851481305725015,0.6420466836067916,0.39749797580621554,1.5115775731080365,0.6170372619933812,0.17991275782809701,1.0825895251770832,0.41045532288862024,0.36645223054088377,0.15826419124791005,0.12230832677612108,-0.0349166315226965,-0.40548948442769844,-0.2729740651336911,0.8517769389407897,0.18441616593465587,-0.02173014768981149,1.3497267476694386,0.5589171864103882,0.31594925095273035,1.5017205215072282,0.49669775342297956,0.17216595626852854,1.0928591552463227,0.2851473458631178,0.39280602545323184,0.21372036336673592,0.06751642485631157
266,True,2.6699999999999275,0.0,True,True,0.0,False,,-0.0,-0.37350375720713774,-0.23744898380214982,1.0046499994827869,-0.3490658503988657,0.04190945454000021,1.3914134666451001,0.6384212804285904,0.3978448039541241,1.51640255320576,0.6163168670884702,0.17990139988230996,1.0882172658555154,0.41425865807232043,0.36593359512854456,0.16963038204752123,0.12732994075447288,-0.0,-0.37350375720713774,-0.23744898380214982,1.0046499994827869,-0.3490658503988657,0.04190945454000021,1.3914134666451001,0.6384212804285904,0.3978448039541241,1.51640255320576,0.6163168670884702,0.17990139988230996,1.0882172658555154,0.41425865807232043,0.36593359512854456,0.16963038204752123,0.12732994075447288,-0.03584274800802727,-0.3987572247395129,-0.26525230888073126,0.8934636991755205,0.08946649511843484,-0.005425316180618874,1.350058647363949,0.5724763984722865,0.32775157862616283,1.5044037388366416,0.5253443705833742,0.18353074234043673,1.097677323411577,0.3141842138845523,0.38895699093089503,0.20341541147665057,0.08012207277873801
267,True,2.6799999999999264,0.0,True,True,0.0,False,,-0.0,-0.37350375720713774,-0.23744898380214982,1.0046499994827869,-0.3490658503988657,0.04190945454000021,1.3914134666451001,0.6384212804285904,0.3978448039541241,1.51640255320576,0.6163168670884702,0.17990139988230996,1.0882172658555154,0.41425865807232043,0.36593359512854456,0.16963038204752123,0.12732994075447288,-0.0,-0.37350375720713774,-0.23744898380214982,1.0046499994827869,-0.3490658503988657,0.04190945454000021,1.3914134666451001,0.6384212804285904,0.3978448039541241,1.51640255320576,0.6163168670884702,0.17990139988230996,1.0882172658555154,0.41425865807232043,0.36593359512854456,0.16963038204752123,0.12732994075447288,-0.03587956955669571,-0.39315088380511215,-0.25938307738977157,0.9308806085493163,0.004582424194923557,0.006338338534852128,1.3431975639209395,0.5789451291538817,0.3349193835271536,1.5060544028597456,0.5477219254269512,0.19287264275641844,1.1009673795589106,0.33780565851556277,0.3852493686371296,0.1954132161882007,0.0907227306120842
268,True,2.6899999999999253,0.0,True,True,0.0,False,,-0.0,-0.35727703423600526,-0.21765818098928696,0.9853517048684894,-0.3490658503988656,0.05398229643501178,1.391008891654874,0.645579917401278,0.3950758855992237,1.5169242967889454,0.6274834946657485,0.19217980343528823,1.1001790559776972,0.42001585852630385,0.3682881158557298,0.18365915412983375,0.137339102325704,-0.0,-0.35727703423600526,-0.21765818098928696,0.9853517048684894,-0.3490658503988656,0.05398229643501178,1.391008891654874,0.645579917401278,0.3950758855992237,1.5169242967889454,0.6274834946657485,0.19217980343528823,1.1001790559776972,0.42001585852630385,0.3682881158557298,0.18365915412983375,0.137339102325704,-0.03510581743806709,-0.3871061317899978,-0.2539131062860065,0.9609705833878348,-0.06663196956938042,0.015335357177094099,1.3341738142861925,0.5829689587044719,0.3399845835680438,1.5074408112700024,0.5658044999171856,0.20062297526752873,1.1037773696392326,0.35690278479218146,0.3821884262998549,0.19035383541137918,0.10004718955265429
269,True,2.6999999999999242,0.0,True,True,0.0,False,,-0.0,-0.35478285353336825,-0.17915023222496718,0.9638841938075388,-0.3490658503988658,0.06227655641540409,1.3877626044231481,0.679804412057923,0.41584782726802083,1.4984199081373264,0.6693395169828836,0.18408352208296155,1.0766733170248535,0.4748055215800093,0.37603981528484065,0.15936677577751124,0.17470126920822218,-0.0,-0.35478285353336825,-0.17915023222496718,0.9638841938075388,-0.3490658503988658,0.06227655641540409,1.3877626044231481,0.679804412057923,0.41584782726802083,1.4984199081373264,0.6693395169828836,0.18408352208296155,1.0766733170248535,0.4748055215800093,0.37603981528484065,0.15936677577751124,0.17470126920822218,-0.033903834048480845,-0.38069558837890166,-0.24629817643535204,0.9830439230630833,-0.12383335420375953,0.02260809256697619,1.3238233007242601,0.5886298402201373,0.34462009535546273,1.5071663577734904,0.5837686964773424,0.20725476180889477,1.1047958897873358,0.3764771685135123,0.3804034379435124,0.18571930363589625,0.11111131799649628
270,True,2.709999999999923,0.0,True,True,0.0,False,,-0.0,-0.3816075482873369,-0.17172075079810148,0.9610029266251316,-0.3490658503988657,0.05389544762414983,1.385388965284853,0.6605789458816673,0.4454823643065266,1.5085840718849304,0.6522099021533574,0.1740139134650368,1.092282769361797,0.47572570185820773,0.36916072030699915,0.18806699273320315,0.18252727148782433,-0.0,-0.3816075482873369,-0.17172075079810148,0.9610029266251316,-0.3490658503988657,0.05389544762414983,1.385388965284853,0.6605789458816673,0.4454823643065266,1.5085840718849304,0.6522099021533574,0.1740139134650368,1.092282769361797,0.47572570185820773,0.36916072030699915,0.18806699273320315,0.18252727148782433,-0.03229722464726351,-0.3759642724378126,-0.23653708257175865,0.9991737411031693,-0.16837597894031806,0.02733187381756193,1.3142265194552474,0.594534715227807,0.35005161809260044,1.5063032591706096,0.5998297877650075,0.2132447078807991,1.1052870819198155,0.3961197992977057,0.3791474795217052,0.18300333344437117,0.12362217091676793
271,True,2.719999999999922,0.0,True,True,0.0,False,,-0.0,-0.3666847034963472,-0.18269979189695426,0.9604405675153058,-0.34906585039886573,0.04817139841447907,1.3622342791739601,0.6743470384640079,0.4577647286849674,1.5026784769090697,0.6794975670040387,0.1654414264312983,1.0899879080904042,0.46309401312524856,0.3778827446843968,0.19557209232622025,0.16988563448353855,-0.0,-0.3666847034963472,-0.18269979189695426,0.9604405675153058,-0.34906585039886573,0.04817139841447907,1.3622342791739601,0.6743470384640079,0.4577647286849674,1.5026784769090697,0.6794975670040387,0.1654414264312983,1.0899879080904042,0.46309401312524856,0.3778827446843968,0.19557209232622025,0.16988563448353855,-0.030469680649574265,-0.37185357939075814,-0.2270421128183,1.0106679722424476,-0.20271361753235403,0.02963624559356928,1.305506534795362,0.6005937230043378,0.3561085489500197,1.5053995398214874,0.6147148945693693,0.21858392977767863,1.105749268308957,0.4125193748426524,0.3785721836109309,0.18304847959122814,0.1345487391674689
272,True,2.729999999999921,0.0,True,True,0.0,False,,-0.0,-0.37805867877209215,-0.21123083820976066,0.9745242602458601,-0.3490658503988656,0.061624946510207335,1.3858035726031213,0.6390951064632419,0.43850380976542297,1.523513219454019,0.6266944125110281,0.17902339298521802,1.1049801680601887,0.45934080465825294,0.3591505087825378,0.2088699642978067,0.1699092561706649,-0.0,-0.37805867877209215,-0.21123083820976066,0.9745242602458601,-0.3490658503988656,0.061624946510207335,1.3858035726031213,0.6390951064632419,0.43850380976542297,1.523513219454019,0.6266944125110281,0.17902339298521802,1.1049801680601887,0.45934080465825294,0.3591505087825378,0.2088699642978067,0.1699092561706649,-0.02847623318855805,-0.36841892133090054,-0.2210753559471078,1.0200017278651667,-0.22899203121335535,0.031518512476608244,1.299895371366252,0.6040934876238462,0.36143013981239286,1.5059001425564127,0.6242564629486568,0.22297940527840307,1.1071940341816633,0.4248833155346229,0.3773229606070695,0.18555294094098485,0.14306750080380723
273,True,2.73999999999992,0.0,True,True,0.0,False,,-0.0,-0.37100440350517383,-0.2250205002386208,0.9971259440258483,-0.3490658503988656,0.03614715906593539,1.3470889659892236,0.675643573651013,0.3990722260828779,1.5008269051372427,0.6772594208770787,0.17439178665969865,1.1001151952411923,0.4584447181219098,0.35175000245254934,0.19865109404280143,0.15726572429359806,-0.0,-0.37100440350517383,-0.2250205002386208,0.9971259440258483,-0.3490658503988656,0.03614715906593539,1.3470889659892236,0.675643573651013,0.3990722260828779,1.5008269051372427,0.6772594208770787,0.17439178665969865,1.1001151952411923,0.4584447181219098,0.35175000245254934,0.19865109404280143,0.15726572429359806,-0.026669191336859816,-0.3655097723494245,-0.21856437899693373,1.028429490806371,-0.24959077965135454,0.03229523448574313,1.2959935756536098,0.6079845742391511,0.36401459007738096,1.5068427576717116,0.6324661884793767,0.2253624455488292,1.1082310845588024,0.43396296963685493,0.37469545106599056,0.18850504206364044,0.1486341413104126
274,True,2.7499999999999187,0.0,True,True,0.0,False,,-0.0,-0.37464648593541533,-0.28999877545022723,1.0318444963479296,-0.3490658503988656,0.034899119914274135,1.3487001056396828,0.6799548689299787,0.4057152916367269,1.5097253298560551,0.6746953251799094,0.17091736385907608,1.1072553612907208,0.45996820408703043,0.35645473686290857,0.21343862903956687,0.15598488529130744,-0.0,-0.37464648593541533,-0.28999877545022723,1.0318444963479296,-0.3490658503988656,0.034899119914274135,1.3487001056396828,0.6799548689299787,0.4057152916367269,1.5097253298560551,0.6746953251799094,0.17091736385907608,1.1072553612907208,0.45996820408703043,0.35645473686290857,0.21343862903956687,0.15598488529130744,-0.024993640289316995,-0.36274505144654273,-0.22215745090307817,1.0380183402391439,-0.26604400235859943,0.0322435196531081,1.2939638415407644,0.6135804687136812,0.3646268445569989,1.508073218450152,0.6409269611232613,0.2261618444341051,1.1089174768263357,0.44073092724413554,0.3718383718548107,0.19205079834414096,0.15176158784797342
275,True,2.7599999999999176,0.0,True,True,0.0,False,,-0.0,-0.37629276889432617,-0.29704025778419296,1.0227293832687998,-0.34906585039886556,0.032355951226527284,1.337747113755614,0.6670631665887938,0.42210105954750154,1.5122070328439097,0.6583182599923816,0.1648726030772712,1.0992124831744294,0.4564388466477381,0.3484199837506223,0.21409999328370283,0.15216453391817203,-0.0,-0.37629276889432617,-0.29704025778419296,1.0227293832687998,-0.34906585039886556,0.032355951226527284,1.337747113755614,0.6670631665887938,0.42210105954750154,1.5122070328439097,0.6583182599923816,0.1648726030772712,1.0992124831744294,0.4564388466477381,0.3484199837506223,0.21409999328370283,0.15216453391817203,-0.023541968549038575,-0.35993347807850246,-0.23021488853769465,1.0473982449376547,-0.27901372897596133,0.03177402442159225,1.2935674585779884,0.618786235825347,0.3648906558395336,1.5094484128251184,0.6471093832577796,0.2263450508167822,1.1093853686045234,0.4455489995871083,0.3687739502153319,0.19603906145556851,0.15319968243731763
276,True,2.7699999999999165,0.0,True,True,0.0,False,,-0.0,-0.36919187078285354,-0.2735084703167382,1.005856341733128,-0.34906585039886556,0.031308094904483635,1.3436339515715512,0.6763509683752681,0.41525342492651024,1.5059421319123443,0.6841588167372887,0.1714956328615781,1.1043169264632329,0.4584200627072464,0.3462995016556615,0.22544284894205507,0.1518430471592056,-0.0,-0.36919187078285354,-0.2735084703167382,1.005856341733128,-0.34906585039886556,0.031308094904483635,1.3436339515715512,0.6763509683752681,0.41525342492651024,1.5059421319123443,0.6841588167372887,0.1714956328615781,1.1043169264632329,0.4584200627072464,0.3462995016556615,0.22544284894205507,0.1518430471592056,-0.022424504631630707,-0.35697941449093445,-0.23790675711879122,1.05429390574027,-0.2888907130454127,0.03074660296110746,1.293476864020561,0.6234168404281522,0.3651608457193033,1.5105106969260687,0.6530490401771455,0.22643520210974366,1.1095887007849912,0.4490310226622794,0.3654986759276301,0.20063809117547718,0.15369301687234413
277,True,2.7799999999999154,0.0,True,True,0.0,False,,-0.0,-0.3778716943268068,-0.3177929601557745,1.0207136991119699,-0.3490658503988656,0.04745797471880962,1.352954859739675,0.6460329672185479,0.4265315703610441,1.52366210598191,0.6396481562992181,0.17875252247879414,1.1182982901171121,0.4423260061417718,0.35218026478786923,0.25669953875600665,0.12585420907487824,-0.0,-0.3778716943268068,-0.3177929601557745,1.0207136991119699,-0.3490658503988656,0.04745797471880962,1.352954859739675,0.6460329672185479,0.4265315703610441,1.52366210598191,0.6396481562992181,0.17875252247879414,1.1182982901171121,0.4423260061417718,0.35218026478786923,0.25669953875600665,0.12585420907487824,-0.0214152255644312,-0.3542096563323406,-0.2469321693926369,1.0601493548140843,-0.2962478211803763,0.030605579156521266,1.2949500858844376,0.6255807928945267,0.3660693090504121,1.5123863566177347,0.6557542463943232,0.2270689477986647,1.1109895659936329,0.450436829425279,0.3628605323301113,0.20782885417883085,0.15169182306834486
278,True,2.7899999999999143,0.0,True,True,0.0,False,,-0.0,-0.3887002447964739,-0.3236514033848885,1.052564831743048,-0.3490658503988657,0.04931836155625006,1.3413921525872103,0.664926067381782,0.4327738240468119,1.518800516934253,0.6473160349390957,0.1830366717228562,1.1175168513918101,0.4469256324509652,0.3548839782357612,0.2602136352204122,0.12611191033129102,-0.0,-0.3887002447964739,-0.3236514033848885,1.052564831743048,-0.3490658503988657,0.04931836155625006,1.3413921525872103,0.664926067381782,0.4327738240468119,1.518800516934253,0.6473160349390957,0.1830366717228562,1.1175168513918101,0.4469256324509652,0.3548839782357612,0.2602136352204122,0.12611191033129102,-0.02058177556264122,-0.3529016073163299,-0.2574083889077043,1.0672536781612214,-0.30208334880393084,0.03176923656111801,1.2975565169502818,0.6272965253928071,0.36791313063134595,1.5146138027420628,0.6557604954272148,0.22850356731665894,1.1132471584117734,0.4506212876096424,0.3612105967855349,0.21672410792200067,0.14794234618531088
279,True,2.7999999999999132,0.0,True,True,0.0,False,,-0.0,-0.3985980620025774,-0.3402023969163012,1.05412146653165,-0.3490658503988656,0.034307675323330566,1.3333244443168115,0.6493548468971382,0.43705915432095743,1.5283674435699326,0.6105700872449719,0.19227431715079815,1.1168201826541329,0.44615478219419885,0.35790627936966085,0.27838102053776076,0.12228730544784154,-0.0,-0.3985980620025774,-0.3402023969163012,1.05412146653165,-0.3490658503988656,0.034307675323330566,1.3333244443168115,0.6493548468971382,0.43705915432095743,1.5283674435699326,0.6105700872449719,0.19227431715079815,1.1168201826541329,0.44615478219419885,0.35790627936966085,0.27838102053776076,0.12228730544784154,-0.019964166938832087,-0.3530903556145261,-0.26850827895930707,1.0750356189189791,-0.3067847560269795,0.03236100507242734,1.3005949183790984,0.6287148383477154,0.37053342621783664,1.516931358829128,0.6520796862246205,0.23067675106039934,1.1158615664351594,0.45041185266799777,0.36045930651841485,0.22682876602370156,0.1436382002342616
280,True,2.809999999999912,0.0,True,True,0.0,False,,-0.0,-0.3902484276698268,-0.33538404882724676,1.0096056888292586,-0.34906585039886495,0.03669387878735651,1.3323013617166823,0.6393660871092127,0.42830906747579284,1.5395139423716042,0.5591117605800349,0.17791976059164794,1.1220309414886498,0.44014424350070896,0.35990022124661736,0.2770217640869809,0.10528938739844743,-0.0,-0.3902484276698268,-0.33538404882724676,1.0096056888292586,-0.34906585039886495,0.03669387878735651,1.3323013617166823,0.6393660871092127,0.42830906747579284,1.5395139423716042,0.5591117605800349,0.17791976059164794,1.1220309414886498,0.44014424350070896,0.35990022124661736,0.2770217640869809,0.10528938739844743,-0.01964496349573344,-0.3525866064269876,-0.2784792287935437,1.0798884384036989,-0.309910880145796,0.03197713738598228,1.303145107192202,0.6285566045523162,0.37255373539656556,1.5201215132021049,0.6418578743981669,0.23222751907763925,1.1188483505043054,0.44956336697850297,0.36037004345862733,0.23687215615996854,0.1381426043599016
281,True,2.819999999999911,0.31633053993504423,False,True,0.0,False,,-0.0,-0.5203796986352018,-0.16261839848176032,0.8711458170331385,-0.3490658503988656,-0.27023143065803984,1.2212521670806686,0.46776485261204037,-0.27494082592542696,1.3937667300433128,0.33410711529342646,0.09881924868844467,1.0382637255581142,0.2583649908164079,0.3122273817116081,0.34401953168793004,0.04144768981966686,-0.0,-0.5203796986352018,-0.16261839848176032,0.8711458170331385,-0.3490658503988656,-0.27023143065803984,1.2212521670806686,0.46776485261204037,-0.27494082592542696,1.3937667300433128,0.33410711529342646,0.09881924868844467,1.0382637255581142,0.2583649908164079,0.3122273817116081,0.34401953168793004,0.04144768981966686,-0.02054610278765045,-0.3587565222804555,-0.27239691027682406,1.07292835884044,-0.3108918680423352,0.0064482881754410705,1.2980027577926403,0.6148400498954129,0.333701882704555,1.5138446468786915,0.6106098641085265,0.22330683725996836,1.1147373024245546,0.4340969748855279,0.35714296082649494,0.25082077592531316,0.12706313114785414
282,True,2.82999999999991,0.5623419530732341,False,True,0.0,False,,-0.0,-0.5203796986352018,-0.16261839848176032,0.8711458170331385,-0.3490658503988656,-0.27023143065803984,1.2212521670806686,0.46776485261204037,-0.27494082592542696,1.3937667300433128,0.33410711529342646,0.09881924868844467,1.0382637255581142,0.2583649908164079,0.3122273817116081,0.34401953168793004,0.04144768981966686,-0.0,-0.5203796986352018,-0.16261839848176032,0.8711458170331385,-0.3490658503988656,-0.27023143065803984,1.2212521670806686,0.46776485261204037,-0.27494082592542696,1.3937667300433128,0.33410711529342646,0.09881924868844467,1.0382637255581142,0.2583649908164079,0.3122273817116081,0.34401953168793004,0.04144768981966686,-0.02197112631505869,-0.3728252295158305,-0.254331056776779,1.055346449587303,-0.31155785301327066,-0.038034322503171895,1.2864692440651537,0.5910301564057864,0.2587780557007973,1.4985214376390992,0.5657994630727611,0.20566778645335287,1.1050060531888741,0.40747917948558554,0.3511874423517527,0.26737875164060987,0.1125934882552543
283,True,2.839999999999909,0.9221306934240892,False,True,0.0,False,,-0.0,-0.6781537041207821,0.11834856232563387,0.7211858970261136,-0.34906585039886584,-0.08568800885518335,0.9711692568047273,-0.12296220686860526,-0.06920095525237835,1.0730574020848869,-0.06887125852419973,-0.0009168703189839922,0.9511540763329205,-0.04972184980690725,0.12465517196061765,0.3616854616164562,-0.06620289082509961,-0.0,-0.6781537041207821,0.11834856232563387,0.7211858970261136,-0.34906585039886584,-0.08568800885518335,0.9711692568047273,-0.12296220686860526,-0.06920095525237835,1.0730574020848869,-0.06887125852419973,-0.0009168703189839922,0.9511540763329205,-0.04972184980690725,0.12465517196061765,0.3616854616164562,-0.06620289082509961,-0.024937271607649317,-0.4070507377920151,-0.2233200802243459,1.0164171056032323,-0.3155797404458477,-0.06903039944314139,1.2557950621376084,0.5365099587912904,0.1847068717454401,1.4568431678338096,0.49845707601134753,0.1786554248681205,1.087614493337614,0.35523819587117966,0.3306932243237301,0.2844694497259056,0.08997102066515723
284,True,2.8499999999999077,3.802668230888248,False,True,0.0,False,,-0.0,-0.851429728026154,0.10403232606265252,0.779006704274848,-0.3490658503988659,-0.02662786603882368,0.9414771143370881,-0.2165195362231005,-0.03477619114438774,1.000020684479787,-0.07510515959374547,0.05080433845110718,0.9382769184245141,-0.06571377321502074,0.10831833873401478,0.3637337847941538,-0.06186555414277652,-0.0,-0.851429728026154,0.10403232606265252,0.779006704274848,-0.3490658503988659,-0.02662786603882368,0.9414771143370881,-0.2165195362231005,-0.03477619114438774,1.000020684479787,-0.07510515959374547,0.05080433845110718,0.9382769184245141,-0.06571377321502074,0.10831833873401478,0.3637337847941538,-0.06186555414277652,-0.028736780014227078,-0.4660451325666546,-0.1847917840796999,0.9711233242518075,-0.32095407521122143,-0.07912522654774098,1.2089584457903273,0.4552788486550059,0.12780811670200126,1.3910612557432926,0.4121330444064485,0.15101580860065694,1.0645948632242759,0.28556237140238716,0.29796557959474507,0.3006567434848105,0.06291443938589461
285,True,2.8599999999999066,4.081757039430573,False,True,0.0,False,,-0.0,-0.8726646259971647,0.26377071735744934,0.4748393908795859,-0.3490658503988659,0.06916620564975699,0.5815413570517559,-0.08334631147947452,0.03927166040213519,0.5502248376032833,0.15204013258029137,0.020950590064344715,0.7827508087565248,-0.1661765232985467,0.06280917508479215,0.27725720030418716,0.033573290117042326,-0.0,-0.8726646259971647,0.26377071735744934,0.4748393908795859,-0.3490658503988659,0.06916620564975699,0.5815413570517559,-0.08334631147947452,0.03927166040213519,0.5502248376032833,0.15204013258029137,0.020950590064344715,0.7827508087565248,-0.1661765232985467,0.06280917508479215,0.27725720030418716,0.033573290117042326,-0.033242935163853675,-0.5364753707605058,-0.1477360208197041,0.9068796319285607,-0.3262139691749998,-0.06988069424714399,1.1402628109423334,0.36374905587936096,0.09161300765810625,1.3093872976396899,0.3391012039444626,0.12596471364649509,1.0294655631899114,0.2085770050893396,0.2595880486893727,0.3079843761612361,0.045004981324021885
286,True,2.8699999999999055,4.014064281945048,False,True,0.0,False,,-0.0,-0.8726646259971647,0.30661688266790915,0.29169008957058273,-0.34906585039886584,0.13032120544038672,0.4229448548536908,0.07576685194690222,0.09046733540182304,0.3719545424410972,0.3955782673739064,0.038015697711569194,0.8054210206534971,-0.3482001373507471,0.08107884219260483,0.18100642664152475,0.17948854655851842,-0.0,-0.8726646259971647,0.30661688266790915,0.29169008957058273,-0.34906585039886584,0.13032120544038672,0.4229448548536908,0.07576685194690222,0.09046733540182304,0.3719545424410972,0.3955782673739064,0.038015697711569194,0.8054210206534971,-0.3482001373507471,0.08107884219260483,0.18100642664152475,0.17948854655851842,-0.037419992487860036,-0.6043483388257345,-0.11585105218651538,0.8232773490453587,-0.3308735792731685,-0.045461579526678675,1.0539232507470684,0.28723586260905487,0.0747980933025774,1.2175401401267363,0.30701922487362304,0.10503345795552471,0.9890910174382365,0.12196355558192885,0.22273303035195283,0.30008231538385405,0.04808243464554907
287,True,2.8799999999999044,3.8071999441383864,False,True,0.0,False,,-0.0,-0.8726646259971647,0.30245812305273617,0.23662134644298333,-0.34906585039886584,0.15531623410918166,0.3039177567633444,0.1936555843270442,0.09489781649688699,0.24385608977578646,0.5666555861076108,0.03314226458215712,0.7505980922536433,-0.34899060468686854,0.06671165258026607,0.11354562147741325,0.31748279637650095,-0.0,-0.8726646259971647,0.30245812305273617,0.23662134644298333,-0.34906585039886584,0.15531623410918166,0.3039177567633444,0.1936555843270442,0.09489781649688699,0.24385608977578646,0.5666555861076108,0.03314226458215712,0.7505980922536433,-0.34899060468686854,0.06671165258026607,0.11354562147741325,0.31748279637650095,-0.040266263477112096,-0.6634729069898649,-0.0900069836611988,0.7299837385310313,-0.334815572606656,-0.013406052355909253,0.9600133513121217,0.24103315124304878,0.07002511213369864,1.121369190926153,0.3180646407807245,0.08848109455287366,0.9477233943519475,0.03226119507153529,0.19027865600150498,0.27790959355029565,0.07576303303742364
288,True,2.8899999999999033,3.658150089487198,False,True,0.0,False,,-0.0,-0.8726646259971647,0.31087277101684435,0.19042816501254214,-0.34906585039886584,0.15512925589757626,0.2283080289907853,0.25040988213624915,0.09656454228229552,0.15989205940200354,0.6337745899277921,0.033009801857240256,0.7087500481913355,-0.34905261140796673,0.06583293333541462,0.06234416528645172,0.36598904775573776,-0.0,-0.8726646259971647,0.31087277101684435,0.19042816501254214,-0.34906585039886584,0.15512925589757626,0.2283080289907853,0.25040988213624915,0.09656454228229552,0.15989205940200354,0.6337745899277921,0.033009801857240256,0.7087500481913355,-0.34905261140796673,0.06583293333541462,0.06234416528645172,0.36598904775573776,-0.04161601649917237,-0.7122444488312942,-0.06974691033719523,0.633114089909174,-0.33804364497618855,0.01908221623917358,0.8629213245386587,0.22141754980694264,0.07102064452587462,1.0235142802000476,0.35712793683782607,0.0754369304683379,0.9052351000702688,-0.04856595505031871,0.1627364758385951,0.24592754413424747,0.11926202418721155
289,True,2.899999999999902,3.4528567930555867,False,True,0.0,False,,-0.0,-0.8726646259971647,0.31482063957166806,0.13278134380739562,-0.34906585039886584,0.15849782501500592,0.21369699847828574,0.3023850823676913,0.09686156513446356,0.15546785547005793,0.6263336417395143,0.02926792820159995,0.7052169653976401,-0.34906360503180345,0.0636355317454072,0.0013701252339845815,0.4974182587018254,-0.0,-0.8726646259971647,0.31482063957166806,0.13278134380739562,-0.34906585039886584,0.15849782501500592,0.21369699847828574,0.3023850823676913,0.09686156513446356,0.15546785547005793,0.6263336417395143,0.02926792820159995,0.7052169653976401,-0.34906360503180345,0.0636355317454072,0.0013701252339845815,0.4974182587018254,-0.04153198734206523,-0.7511831796756914,-0.05418720093769949,0.5373542948534642,-0.340630044065001,0.04833808337677056,0.7645200454367802,0.22107514707082687,0.07437151582521118,0.9251251582795276,0.40492813083261336,0.0650455786579807,0.8651458741676097,-0.11637472576752715,0.14018083668945427,0.2068976075718175,0.176250738906438
290,True,2.909999999999901,3.127855447306146,False,True,0.0,False,,-0.0,-0.8726646259971647,0.29467090012822217,0.17141953334145837,-0.34906585039886584,0.1649250390553675,0.19319735596354787,0.2965697086415922,0.09458913568818851,0.12729370006480736,0.6283892823789287,0.02430870611939236,0.6967131940535922,-0.3490649445471546,0.05568961058426204,-0.03544331419869233,0.5281116660903832,-0.0,-0.8726646259971647,0.29467090012822217,0.17141953334145837,-0.34906585039886584,0.1649250390553675,0.19319735596354787,0.2965697086415922,0.09458913568818851,0.12729370006480736,0.6283892823789287,0.02430870611939236,0.6967131940535922,-0.3490649445471546,0.05568961058426204,-0.03544331419869233,0.5281116660903832,-0.04026429661144949,-0.7817776398127044,-0.04245061565202063,0.4538521958086817,-0.3427089417388247,0.073582959705155,0.6656660986659845,0.23009896135696253,0.0781660089813598,0.8265637174110749,0.4505084952954489,0.05642168614403573,0.82978896383865,-0.17100005068785099,0.12160507202479713,0.16431474466353085,0.23946648355196967
291,True,2.9199999999999,2.6628608155942386,False,True,0.0,False,,-0.0,-0.8726646259971647,0.3021878289900279,0.10631389747048559,-0.34906585039886584,0.1664009214446376,0.20034544794647638,0.294750318722787,0.09610829690459642,0.14635379539888482,0.6166310360900833,0.02693944663290425,0.7160215059136132,-0.3490172106975458,0.05304921599956383,-0.03089762875142173,0.5431605160260866,-0.0,-0.8726646259971647,0.3021878289900279,0.10631389747048559,-0.34906585039886584,0.1664009214446376,0.20034544794647638,0.294750318722787,0.09610829690459642,0.14635379539888482,0.6166310360900833,0.02693944663290425,0.7160215059136132,-0.3490172106975458,0.05304921599956383,-0.03089762875142173,0.5431605160260866,-0.03774403669297201,-0.8053694700316839,-0.0336328803035548,0.38151276038093673,-0.34432722091094037,0.0946823645993817,0.5716027579718825,0.2414121338640738,0.08175383039694835,0.7279466451719315,0.4889865056324524,0.04951800277242271,0.8015892621837921,-0.21391527369291116,0.10632005043361523,0.12416584317755583,0.3000939214790357
292,True,2.929999999999899,2.2733869717899347,False,True,0.0,False,,-0.0,-0.8726646259971647,0.32101506681746345,0.0920240524248791,-0.34906585039886584,0.17113137904806547,0.19275203101574076,0.2816767646682871,0.10053918462434346,0.14923618079005696,0.6006372894375155,0.0185906084025631,0.7254439481853153,-0.349046931673702,0.05516922994750299,-0.031008428172259773,0.5419616608924457,-0.0,-0.8726646259971647,0.32101506681746345,0.0920240524248791,-0.34906585039886584,0.17113137904806547,0.19275203101574076,0.2816767646682871,0.10053918462434346,0.14923618079005696,0.6006372894375155,0.0185906084025631,0.7254439481853153,-0.349046931673702,0.05516922994750299,-0.031008428172259773,0.5419616608924457,-0.03402321506684092,-0.8233317072314926,-0.027020046904238235,0.31855669065939257,-0.34556275350178395,0.11210248278121976,0.4894626522702282,0.251141021761197,0.08524609500716546,0.6292689054519064,0.5183505030732716,0.043592410026816825,0.7810687401892569,-0.2470713958720588,0.0942115643568793,0.08984271273361899,0.3530145305982165
293,True,2.939999999999898,1.9755330159069089,False,True,0.0,False,,-0.0,-0.8726646259971647,0.3228079209063175,0.09255101545399456,-0.34906585039886584,0.1642359815989957,0.16254561907900764,0.31759131339839375,0.09733707113338905,0.11441164332981102,0.6189803332338002,0.016247297325786243,0.6976862843799974,-0.34905908000916747,0.047777866371964295,-0.004385410249359196,0.5222686413477822,-0.0,-0.8726646259971647,0.3228079209063175,0.09255101545399456,-0.34906585039886584,0.1642359815989957,0.16254561907900764,0.31759131339839375,0.09733707113338905,0.11441164332981102,0.6189803332338002,0.016247297325786243,0.6976862843799974,-0.34905908000916747,0.047777866371964295,-0.004385410249359196,0.5222686413477822,-0.02952130448405638,-0.8369250271274722,-0.022068784394448197,0.2662615628086231,-0.3465035042952591,0.12570237633069814,0.41902994660890003,0.2613995562752613,0.08824171326930286,0.5318384309916846,0.5413703856452655,0.03825185022921615,0.7643799916917882,-0.27235748551575933,0.08434099567393305,0.0639308715902409,0.3949767066213067
294,True,2.9499999999998967,1.7444823421961435,False,True,0.0,False,,-0.0,-0.8726646259971647,0.3186157457843666,0.11487575915516203,-0.34906585039886584,0.16690498384431846,0.1643188898867195,0.32277571513344666,0.0952518845768527,0.11501917320839172,0.6259805491152748,0.014125439605275188,0.7064369383911591,-0.34906335000868527,0.04414570895978736,-3.1149380492792936e-05,0.5117058962934884,-0.0,-0.8726646259971647,0.3186157457843666,0.11487575915516203,-0.34906585039886584,0.16690498384431846,0.1643188898867195,0.32277571513344666,0.0952518845768527,0.11501917320839172,0.6259805491152748,0.014125439605275188,0.7064369383911591,-0.34906335000868527,0.04414570895978736,-3.1149380492792936e-05,0.5117058962934884,-0.024183350685672896,-0.847180911616525,-0.018393834471329664,0.2261773901280288,-0.34722119557847836,0.1361073604302547,0.3605277472430335,0.2724565571792895,0.09042651225537227,0.44361855010927115,0.5602851437206274,0.03350965689080553,0.7508394234477108,-0.29149413831619164,0.07598847493946567,0.04585109217739506,0.4259999860119296
295,True,2.9599999999998956,1.5637382401517639,False,True,0.0,False,,-0.0,-0.8726646259971647,0.31652216837303115,0.11978379639583454,-0.34906585039886584,0.16627130867724954,0.1692900639716599,0.32174214488866193,0.09596517810799433,0.11350950284547445,0.6247738938357948,0.010659506325503368,0.7036424542485842,-0.3490638250828196,0.0401750470042265,-0.008150048188180197,0.5088455882061722,-0.0,-0.8726646259971647,0.31652216837303115,0.11978379639583454,-0.34906585039886584,0.16627130867724954,0.1692900639716599,0.32174214488866193,0.09596517810799433,0.11350950284547445,0.6247738938357948,0.010659506325503368,0.7036424542485842,-0.3490638250828196,0.0401750470042265,-0.008150048188180197,0.5088455882061722,-0.0182508699597028,-0.854849459946712,-0.01564344494313663,0.19701108771521889,-0.3477566664112536,0.14404654357129643,0.3141367048747372,0.28264542264776327,0.09200085935375371,0.36913590211156033,0.5754427765279744,0.02921103370409412,0.7402709033930224,-0.3059054691995581,0.06878220285615758,0.03261292236478579,0.448348930509868
296,True,2.9699999999998945,1.428445205626553,False,True,0.0,False,,-0.0,-0.8726646259971647,0.3195499963673535,0.10815746166984992,-0.34906585039886584,0.1664966293947316,0.1453059372940492,0.3211197483693605,0.09554442931306319,0.0875065334152643,0.6288693775104564,0.009966465520033703,0.6827863119902331,-0.34906491448724203,0.03473601523054933,-0.01576555685091623,0.507965568926272,-0.0,-0.8726646259971647,0.3195499963673535,0.10815746166984992,-0.34906585039886584,0.1664966293947316,0.1453059372940492,0.3211197483693605,0.09554442931306319,0.0875065334152643,0.6288693775104564,0.009966465520033703,0.6827863119902331,-0.34906491448724203,0.03473601523054933,-0.01576555685091623,0.507965568926272,-0.012455375762218227,-0.8604934579835926,-0.013519763382836229,0.17501223591041362,-0.34813745230212734,0.15004556349792467,0.27641729615258054,0.2912163292223592,0.09313547045718795,0.30678549221041085,0.5875848179500746,0.025390360329401736,0.7304193489407554,-0.31670866773335027,0.062301993985534806,0.02194667348351081,0.4643930055582711
297,True,2.9799999999998934,1.35531488277511,False,True,0.0,False,,-0.0,-0.8726646259971647,0.30640465316186244,0.13961242508560698,-0.34906585039886584,0.1607666133867556,0.15120564311330356,0.333437874985854,0.09295930012307217,0.0925623184899956,0.6387040044839783,0.01331335624719408,0.6970218319759012,-0.3490654437362692,0.03233250915718287,0.016480263987524845,0.5015234521749569,-0.0,-0.8726646259971647,0.30640465316186244,0.13961242508560698,-0.34906585039886584,0.1607666133867556,0.15120564311330356,0.333437874985854,0.09295930012307217,0.0925623184899956,0.6387040044839783,0.01331335624719408,0.6970218319759012,-0.3490654437362692,0.03233250915718287,0.016480263987524845,0.5015234521749569,-0.006893623007102177,-0.8643920469106446,-0.01190930554388902,0.16050752126445228,-0.34841535393128825,0.1541283932837516,0.2461571793515762,0.29907684429745857,0.09375232334937851,0.2560026870775491,0.5980170290578706,0.022419531974036053,0.7222697772765918,-0.3248051703536455,0.056471706057648396,0.015746847603053206,0.4754403272916131
298,True,2.9899999999998923,1.3092316584353085,False,True,0.0,False,,-0.0,-0.8726646259971647,0.306916501214321,0.12691252638213069,-0.34906585039886584,0.16296619018109804,0.16283238680569992,0.3294995032344032,0.09273662766726574,0.11584036595843375,0.6062427325307977,0.008387034605330898,0.7042002119194787,-0.3490657053966088,0.027926424879416684,0.041613850910383665,0.469387289106646,-0.0,-0.8726646259971647,0.306916501214321,0.12691252638213069,-0.34906585039886584,0.16296619018109804,0.16283238680569992,0.3294995032344032,0.09273662766726574,0.11584036595843375,0.6062427325307977,0.008387034605330898,0.7042002119194787,-0.3490657053966088,0.027926424879416684,0.041613850910383665,0.469387289106646,-0.0016329909831498575,-0.8658215104370506,-0.010676655569221129,0.15097726070698864,-0.34860915912690127,0.15687929069822248,0.22358167295874248,0.3058862117453372,0.09399422565625737,0.21783022093499646,0.6043442721085489,0.019906483073953842,0.7168358871208407,-0.33087232349723705,0.05114955659047377,0.015209048446955887,0.4804584979178666
299,True,2.999999999999891,1.2779999618750015,False,True,0.0,False,,-0.0,-0.8726646259971647,0.2835812989444666,0.19224440205790977,-0.34906585039886584,0.16097611572899032,0.19394111479590156,0.31025720572970894,0.09234635623965765,0.1391563253890625,0.5720156950870123,0.010498082908289574,0.7300010329733276,-0.3484371180093853,0.028838787065630107,0.09977288758774965,0.3831512170896451,-0.0,-0.8726646259971647,0.2835812989444666,0.19224440205790977,-0.34906585039886584,0.16097611572899032,0.19394111479590156,0.31025720572970894,0.09234635623965765,0.1391563253890625,0.5720156950870123,0.010498082908289574,0.7300010329733276,-0.3484371180093853,0.028838787065630107,0.09977288758774965,0.3831512170896451,0.0032448357973796416,-0.8659395525174676,-0.009779234385433334,0.149123763220955,-0.34875759573247794,0.15868395180920128,0.20963240125908006,0.3097886604462732,0.09407305270075574,0.1919781057688782,0.6043999001365203,0.017841008043911772,0.7153069653313803,-0.3353767817057198,0.04653981462174478,0.02252751105044278,0.47443119040140674
300,True,3.00999999999989,1.2474864204272738,False,True,0.0,False,,-0.0,-0.8726646259971647,0.2778929131562228,0.25826573569714184,-0.34893952394456373,0.16501426923778,0.23253960912129246,0.25486550200604985,0.09628853727515174,0.19600832881149835,0.498641514025852,0.009488006291737438,0.775571293059038,-0.34755253827762705,0.025009507823058642,0.16745531378632328,0.36283581220445255,-0.0,-0.8726646259971647,0.2778929131562228,0.25826573569714184,-0.34893952394456373,0.16501426923778,0.23253960912129246,0.25486550200604985,0.09628853727515174,0.19600832881149835,0.498641514025852,0.009488006291737438,0.775571293059038,-0.34755253827762705,0.025009507823058642,0.16745531378632328,0.36283581220445255,0.00781561421493962,-0.8655342768477219,-0.009352094051134914,0.15825304834053558,-0.34887090240829205,0.16010167280813445,0.2049941268475032,0.30702440431654093,0.09428875298189165,0.17946756023925195,0.594838151276688,0.01620284510860549,0.7199957446731583,-0.33865426541244265,0.04250070411744332,0.039676500534755015,0.45969120798546487
301,True,3.019999999999889,1.2289608093665843,False,True,0.0,False,,-0.0,-0.8726646259971647,0.2868963102083006,0.32689802128356443,-0.348963152989987,0.16035736187411628,0.2351546534480077,0.2236742155540287,0.09588662179635259,0.19894148046429647,0.46497342127025304,0.001872116091826398,0.7674519369000193,-0.3484003294810134,0.017967883863085315,0.19181523138796472,0.37460307128033155,-0.0,-0.8726646259971647,0.2868963102083006,0.32689802128356443,-0.348963152989987,0.16035736187411628,0.2351546534480077,0.2236742155540287,0.09588662179635259,0.19894148046429647,0.46497342127025304,0.001872116091826398,0.7674519369000193,-0.3484003294810134,0.017967883863085315,0.19181523138796472,0.37460307128033155,0.011414044534572544,-0.8649896055746323,-0.009235647179047849,0.17871230002793476,-0.34895348058386116,0.1610080172839773,0.2063623573064734,0.29734857950275834,0.09462085569439839,0.17623787907613342,0.5770526465523321,0.014324290351150945,0.7278443764325546,-0.340555665419365,0.038473167931131584,0.06329977577156316,0.4433199203322363
302,True,3.029999999999888,1.2078146032430084,False,True,0.0,False,,-0.0,-0.8726646259971647,0.2884874474860201,0.3584909166046732,-0.34902681692188303,0.17084934708907346,0.2493659242812068,0.19742693612378234,0.10180642507650119,0.2018323813331826,0.4495985697066803,0.004725786384862093,0.7576426561344776,-0.3488128976154198,0.015025673992798031,0.19221547518950374,0.3893034811375531,-0.0,-0.8726646259971647,0.2884874474860201,0.3584909166046732,-0.34902681692188303,0.17084934708907346,0.2493659242812068,0.19742693612378234,0.10180642507650119,0.2018323813331826,0.4495985697066803,0.004725786384862093,0.7576426561344776,-0.3488128976154198,0.015025673992798031,0.19221547518950374,0.3893034811375531,0.013555319942921244,-0.864484291823906,-0.00926890134799647,0.20656104816693988,-0.34900013401851376,0.162196855438067,0.21122307459159056,0.2827524684081395,0.09538444940817702,0.17754849835418016,0.5555535627027327,0.012469217184613081,0.7350709725311384,-0.34111998718525066,0.034404756708102786,0.08780671053182093,0.4298694173547155
303,True,3.039999999999887,1.1634054057769367,False,True,0.0,False,,-0.0,-0.8726646259971647,0.28920868882274026,0.3675117370225986,-0.34905932432959547,0.16868910921854727,0.2795307624627047,0.17263277124173923,0.09497734540969582,0.23684828540722636,0.39774043012145677,0.004009143910640804,0.7824112966187798,-0.3490235588195729,0.0172503846931262,0.1704612320919977,0.4445672359340378,-0.0,-0.8726646259971647,0.28920868882274026,0.3675117370225986,-0.34905932432959547,0.16868910921854727,0.2795307624627047,0.17263277124173923,0.09497734540969582,0.23684828540722636,0.39774043012145677,0.004009143910640804,0.7824112966187798,-0.3490235588195729,0.0172503846931262,0.1704612320919977,0.4445672359340378,0.014504971992630934,-0.864084613353611,-0.009358261942377712,0.23615077914220206,-0.3490214903192546,0.1636073945793248,0.21984715809870503,0.2649136175903324,0.09597960423609805,0.18342981038768666,0.5303986323938886,0.010884974731484198,0.7427528727957626,-0.34108579272936135,0.030832117571403958,0.10819079500183029,0.4240759267575501
304,True,3.0499999999998857,1.1213870511901598,False,True,0.0,False,,-0.0,-0.8726646259971647,0.2970611476912476,0.37935506913115224,-0.3490633957873816,0.1702425415152571,0.2571556275128039,0.18066704882162357,0.10127511585069784,0.21121349320590949,0.40985697037470764,0.0010198494669976885,0.7592896724578686,-0.3490499435195606,0.007820148166876699,0.18113064319148595,0.4387762709304092,-0.0,-0.8726646259971647,0.2970611476912476,0.37935506913115224,-0.3490633957873816,0.1702425415152571,0.2571556275128039,0.18066704882162357,0.10127511585069784,0.21121349320590949,0.40985697037470764,0.0010198494669976885,0.7592896724578686,-0.3490499435195606,0.007820148166876699,0.18113064319148595,0.4387762709304092,0.014160429930283007,-0.8637923299629886,-0.009458853843698831,0.2643017760319086,-0.3490333376873098,0.16499495215516596,0.2284562815284464,0.24757117330256015,0.09664173272942808,0.18991239698984458,0.5057101885917648,0.00934436486986701,0.7489468201099769,-0.3408299648567082,0.027247159471016615,0.12452970779530122,0.4236979370288703
305,True,3.0599999999998846,1.0960222413905873,False,True,0.0,False,,-0.0,-0.8726646259971647,0.33319388880959394,0.35171446894404146,-0.3490649531848355,0.18027921427473895,0.2678892909896436,0.17063533577667564,0.11401757909185523,0.21860239820170982,0.41412967686951596,0.01301772247992841,0.7694850700297399,-0.34906003608756475,0.018751013744354054,0.17429985607065263,0.435416857913771,-0.0,-0.8726646259971647,0.33319388880959394,0.35171446894404146,-0.3490649531848355,0.18027921427473895,0.2678892909896436,0.17063533577667564,0.11401757909185523,0.21860239820170982,0.41412967686951596,0.01301772247992841,0.7694850700297399,-0.34906003608756475,0.018751013744354054,0.17429985607065263,0.435416857913771,0.012824209534278834,-0.8635957554731921,-0.009546898449371271,0.28691811750025026,-0.34904264607878827,0.1670155446181816,0.23606717000282734,0.23199977310084005,0.09842085139168194,0.19551215115535645,0.4849314148726302,0.008697761450467504,0.7537413883685212,-0.34052715976336506,0.024525007005018962,0.13724924459806914,0.42507355017537846
306,True,3.0699999999998835,1.0644444064857117,False,True,0.0,False,,-0.0,-0.8726646259971647,0.353748084427437,0.32781700906898176,-0.34906541486838133,0.1806680583494566,0.2673451058632356,0.16555488726657944,0.10941016650052424,0.2407025808400077,0.39843113696527416,0.008504563940455769,0.7804291341464351,-0.34906302798444455,0.0077205907523279875,0.17971243845206142,0.4308888392738146,-0.0,-0.8726646259971647,0.353748084427437,0.32781700906898176,-0.34906541486838133,0.1806680583494566,0.2673451058632356,0.16555488726657944,0.10941016650052424,0.2407025808400077,0.39843113696527416,0.008504563940455769,0.7804291341464351,-0.34906302798444455,0.0077205907523279875,0.17971243845206142,0.4308888392738146,0.010975774171983596,-0.8634714675838078,-0.009611642542192428,0.3017261652433785,-0.3490514029688508,0.16948885788119367,0.24279747509617197,0.21819523198212382,0.10063968849023211,0.20211352562479087,0.4670894515066246,0.008597035307210794,0.7586551442165301,-0.34025060704147847,0.02207517964002636,0.1472035065141801,0.42651235425805534
307,True,3.0799999999998824,1.0189280434495693,False,True,0.0,False,,-0.0,-0.8726646259971647,0.3383447174620141,0.4011304353948351,-0.3490656234107233,0.18791711158343052,0.2770809961755625,0.16062445668806802,0.11604245812489133,0.2502197320636822,0.3878116106580775,0.018691297008252804,0.7856824538148547,-0.3490643794235152,0.017657554222857984,0.18279624755513363,0.43757408693355276,-0.0,-0.8726646259971647,0.3383447174620141,0.4011304353948351,-0.3490656234107233,0.18791711158343052,0.2770809961755625,0.16062445668806802,0.11604245812489133,0.2502197320636822,0.3878116106580775,0.018691297008252804,0.7856824538148547,-0.3490643794235152,0.017657554222857984,0.18279624755513363,0.43757408693355276,0.008909151006306322,-0.8633774230195761,-0.00964732526638898,0.3163698523127243,-0.3490569797748063,0.17243478564274786,0.24913786648391165,0.20614100563017218,0.10312595043903054,0.20999249928803457,0.4510909020258208,0.009330931582068425,0.7639044077960849,-0.3400258134079102,0.020349933777733028,0.1553245412206973,0.42815790890919203
308,True,3.0899999999998813,0.9761788226786167,False,True,0.0,False,,-0.0,-0.8726646259971647,0.34754803287407615,0.3642130223441563,-0.3490657406656845,0.17750187655262972,0.2832448004628451,0.15888463341166606,0.10682790357261722,0.2634160011596157,0.37338797071226465,0.010428890741840034,0.7899381076053775,-0.3490651392832846,0.012748918555872811,0.18157869180387606,0.43627888546566884,-0.0,-0.8726646259971647,0.34754803287407615,0.3642130223441563,-0.3490657406656845,0.17750187655262972,0.2832448004628451,0.15888463341166606,0.10682790357261722,0.2634160011596157,0.37338797071226465,0.010428890741840034,0.7899381076053775,-0.3490651392832846,0.012748918555872811,0.18157869180387606,0.43627888546566884,0.0067560942967943355,-0.8633221616989917,-0.00966925339273489,0.3292047311907141,-0.34906215472915564,0.17476239923210887,0.25544295668406336,0.1958815147631527,0.10503648007334541,0.21890630152037077,0.4361742733791818,0.010117989876327772,0.7692385194309973,-0.3398558285824767,0.01913889011824647,0.16178685941814547,0.4298534982584546
309,True,3.09999999999988,0.9453701427282373,False,True,0.0,False,,-0.0,-0.8726646259971647,0.3546219117897258,0.3672205683971382,-0.34906581147840127,0.1809947100617518,0.27758480129898666,0.16566715541930752,0.11076910725557967,0.2422725671018331,0.37027603564641265,0.011297942766784079,0.7868634575331578,-0.3490655981784485,0.006803122024828845,0.18425788438373392,0.42949256210206527,-0.0,-0.8726646259971647,0.3546219117897258,0.3672205683971382,-0.34906581147840127,0.1809947100617518,0.27758480129898666,0.16566715541930752,0.11076910725557967,0.2422725671018331,0.37027603564641265,0.011297942766784079,0.7868634575331578,-0.3490655981784485,0.006803122024828845,0.18425788438373392,0.42949256210206527,0.004426794077642389,-0.8632968704754073,-0.009686551921784324,0.3386270670541675,-0.3490673022231237,0.1764335998289513,0.2608033461816653,0.18802728146212408,0.10642969015016761,0.2261465248803799,0.4226752906383567,0.010596135028289072,0.7739296834688891,-0.33973796625607144,0.017654501107972537,0.16697992810911969,0.43080085427225184
310,True,3.109999999999879,0.9228406096101397,False,True,0.0,False,,-0.0,-0.8726646259971647,0.3424203993808554,0.40321002472788153,-0.34906583396725904,0.17285236012867003,0.2853783334934065,0.1613672977071742,0.10184709662272828,0.26282064113895215,0.37350359372381753,-0.007075439999659601,0.7722842456489922,-0.3490657439153801,-0.00019779624011500782,0.17890158708800985,0.4299615983918973,-0.0,-0.8726646259971647,0.3424203993808554,0.40321002472788153,-0.34906583396725904,0.17285236012867003,0.2853783334934065,0.1613672977071742,0.10184709662272828,0.26282064113895215,0.37350359372381753,-0.007075439999659601,0.7722842456489922,-0.3490657439153801,-0.00019779624011500782,0.17890158708800985,0.4299615983918973,0.0020825780729773935,-0.8632792958443207,-0.009695328973966804,0.3484589789529944,-0.34907099163583305,0.17723460482409312,0.2655601706525663,0.1819911496886626,0.10701134855156783,0.23262089109085027,0.41145636387272455,0.009634387401105698,0.7766226464043707,-0.33966739823424813,0.01547557822808453,0.17075037066920273,0.4311589602852375
311,True,3.119999999999878,0.9253379945218332,False,True,0.0,False,,-0.0,-0.8726646259971647,0.3279663539901873,0.4966087888233035,-0.3490658503988659,0.1710706826096238,0.3977331149751331,0.08544280370836026,0.11022217052009944,0.35763820923911854,0.3643486316231296,0.007086295380369261,0.8157378262222841,-0.3490658503988659,0.024271751456184053,0.2532992497771264,0.3710124637130617,-0.0,-0.8726646259971647,0.3279663539901873,0.4966087888233035,-0.3490658503988659,0.1710706826096238,0.3977331149751331,0.08544280370836026,0.11022217052009944,0.35763820923911854,0.3643486316231296,0.007086295380369261,0.8157378262222841,-0.3490658503988659,0.024271751456184053,0.2532992497771264,0.3710124637130617,0.000839012171938964,-0.8632498803182368,-0.009682198996970906,0.3659481966213549,-0.34908364025958455,0.17715920329931167,0.2785622938834688,0.17117968288658744,0.10741498072584292,0.24610330273370468,0.401812595622304,0.008562495936889316,0.7809956756379443,-0.33963121518267003,0.014755023887854065,0.1791248469413629,0.42661535395289296
312,True,3.129999999999877,1.0430331810591895,False,True,0.0,False,,-0.0,-0.8726646259971648,0.3432027098604608,0.5692937530462001,-0.3490658503988659,0.1298693651930231,0.5694273297248846,0.03906146667517408,0.10306303436161214,0.5701210630584167,0.27380112314805727,0.020759440934602257,0.9366696900056486,-0.3490658503988659,0.05896013583109339,0.41820104490624105,0.22672674339186968,-0.0,-0.8726646259971648,0.3432027098604608,0.5692937530462001,-0.3490658503988659,0.1298693651930231,0.5694273297248846,0.03906146667517408,0.10306303436161214,0.5701210630584167,0.27380112314805727,0.020759440934602257,0.9366696900056486,-0.3490658503988659,0.05896013583109339,0.41820104490624105,0.22672674339186968,0.0022286290982841753,-0.8632182716442047,-0.00964356746982979,0.39379653470912823,-0.34909853963600734,0.17358456851245402,0.3110690317749548,0.1530323188107075,0.10752309433102435,0.2809147353458794,0.38631772046126256,0.009043581292293497,0.7964920565848982,-0.3396100145864131,0.018249103978795495,0.20416141368639007,0.4069046645329199
313,True,3.139999999999876,1.320326386377209,False,True,0.0,False,,-0.0,-0.8355488682517445,0.26929634904055366,0.6423591230475016,-0.3490658503988659,0.0943939126382188,0.6997756651531496,0.005886071260767199,0.09270885524536072,0.6697952908878094,0.253979060832816,0.012844547828265714,0.9699044770995263,-0.34650831799479703,0.06806843834575821,0.4698614481195631,0.14064616160828336,-0.0,-0.8355488682517445,0.26929634904055366,0.6423591230475016,-0.3490658503988659,0.0943939126382188,0.6997756651531496,0.005886071260767199,0.09270885524536072,0.6697952908878094,0.253979060832816,0.012844547828265714,0.9699044770995263,-0.34650831799479703,0.06806843834575821,0.4698614481195631,0.14064616160828336,0.005252449127132629,-0.8614547021716057,-0.009601138477241892,0.431112928221924,-0.34911702134691464,0.16471868039774482,0.3644233475796103,0.12960842122674032,0.10650313590621592,0.33629732690503056,0.36520820288294403,0.0100237956483934,0.8219487743303467,-0.33958964191961827,0.02513157390533092,0.2434648425929325,0.3710274142996753
314,True,3.1499999999998747,1.7496351535265575,False,True,0.0,False,,-0.0,-0.7711577477295971,0.12047595185767004,0.7476786608807802,-0.3490658503988659,0.05730177372710533,0.800149619758262,-0.04027603039213034,0.0839809103374933,0.7700980327495626,0.2229057232571675,0.0008526279420869327,0.9383757230493878,-0.1763709563912516,0.08806522476736972,0.5193480257063111,0.034690546536082056,-0.0,-0.7711577477295971,0.12047595185767004,0.7476786608807802,-0.3490658503988659,0.05730177372710533,0.800149619758262,-0.04027603039213034,0.0839809103374933,0.7700980327495626,0.2229057232571675,0.0008526279420869327,0.9383757230493878,-0.1763709563912516,0.08806522476736972,0.5193480257063111,0.034690546536082056,0.008188464691814617,-0.8533456489243241,-0.009565455264924158,0.47889814028787014,-0.34915848757555096,0.15044843099792907,0.4329368305532125,0.1019103544824369,0.10406463714507735,0.4053380875523174,0.3411322633510564,0.009982519105675502,0.8473524833757243,-0.32670802534232046,0.03451110200126009,0.28986413426139807,0.32118576289064577
315,True,3.1599999999998736,1.9182868007217662,False,True,0.0,False,,-0.0,-0.537173572553639,-0.05506208370333052,0.733571526622491,-0.3490658503988659,0.019233506023388462,0.9283135479080041,-0.09828166045906041,0.05718008012310834,0.9254064755688287,0.11711816983013426,0.017666008730165404,0.9296300171226164,-0.12318376811229795,0.1292514105235811,0.5131209375209483,-0.03520278360539897,-0.0,-0.537173572553639,-0.05506208370333052,0.733571526622491,-0.3490658503988659,0.019233506023388462,0.9283135479080041,-0.09828166045906041,0.05718008012310834,0.9254064755688287,0.11711816983013426,0.017666008730165404,0.9296300171226164,-0.12318376811229795,0.1292514105235811,0.5131209375209483,-0.03520278360539897,0.01027258481131793,-0.8228067077947355,-0.013661647323946492,0.5281587775113438,-0.3492153720842917,0.13117023093280855,0.5135718051260699,0.06940108055352694,0.09896505579678272,0.4873809213249727,0.30913972382092053,0.010258302056639135,0.8679640544572027,-0.29962342079160664,0.04773859523221759,0.3352256934693548,0.26201400753014675
316,True,3.1699999999998725,1.875200212033822,False,True,0.0,False,,-0.0,-0.524204147402997,-0.04115283723286532,0.7622979225467774,-0.3490104283860137,-0.06854191569776583,1.0169396599271117,0.32038334828649895,-0.016817478932380753,1.2281177650567054,0.0035456569965142265,-0.008402249621302309,1.0271391254254625,-0.04093409087474911,0.1421992875518887,0.5111324252242206,-0.0014156085420452616,-0.0,-0.524204147402997,-0.04115283723286532,0.7622979225467774,-0.3490104283860137,-0.06854191569776583,1.0169396599271117,0.32038334828649895,-0.016817478932380753,1.2281177650567054,0.0035456569965142265,-0.008402249621302309,1.0271391254254625,-0.04093409087474911,0.1421992875518887,0.5111324252242206,-0.0014156085420452616,0.011631557867495904,-0.7764813641480829,-0.019773358973571565,0.5741582600114399,-0.3492384448767647,0.10385015279044689,0.6012657547279991,0.06946909178042165,0.08678597546634338,0.578853569577256,0.26472295540113844,0.009364018291729217,0.8912801149772885,-0.26152988162710133,0.06366737114817403,0.37444761545400485,0.20602019580393216
317,True,3.1799999999998714,2.263407999889132,False,True,0.0,False,,-0.0,-0.4553844886079378,0.020549413436432813,0.6699866891814125,-0.3490610824190287,-0.1439138509826927,1.1692937387078246,0.2814612569929187,-0.11635215053045302,1.4315890335599066,-0.045984613109155234,-0.033597222710539845,1.1038366377606457,-0.04781736674359828,0.13193744405692065,0.5594590189967417,-0.09643282173848464,-0.0,-0.4553844886079378,0.020549413436432813,0.6699866891814125,-0.3490610824190287,-0.1439138509826927,1.1692937387078246,0.2814612569929187,-0.11635215053045302,1.4315890335599066,-0.045984613109155234,-0.033597222710539845,1.1038366377606457,-0.04781736674359828,0.13193744405692065,0.5594590189967417,-0.09643282173848464,0.011914235607462586,-0.7230310553766381,-0.022207233574690476,0.6075329116061475,-0.34924465787579173,0.06708586004343856,0.6939325496477675,0.09581803295419196,0.06266147639577634,0.675443938631065,0.21224976526441833,0.005227646651136682,0.9226594574123277,-0.22087293533864685,0.07868916110075477,0.41025101698269273,0.15167099187501434
318,True,3.1899999999998703,3.0591256420255406,False,True,0.0,False,,-0.0,-0.2843438426102489,-0.15089030827645503,0.7063015976187297,-0.34906585039886545,-0.15626650567620265,1.242531331781312,0.45001217101986185,-0.2670230503530676,1.5101455600599742,0.04677843893761614,0.028232254443065978,1.1588533336196492,0.016577411057103156,0.17467760050052403,0.5817922136040983,-0.11436369110547125,-0.0,-0.2843438426102489,-0.15089030827645503,0.7063015976187297,-0.34906585039886545,-0.15626650567620265,1.242531331781312,0.45001217101986185,-0.2670230503530676,1.5101455600599742,0.04677843893761614,0.028232254443065978,1.1588533336196492,0.016577411057103156,0.17467760050052403,0.5817922136040983,-0.11436369110547125,0.011378764031518041,-0.6568562957274039,-0.03287533934018015,0.6311242302437522,-0.3492417588011742,0.026513549535880518,0.7904101415944603,0.1415035020509248,0.02096194420073462,0.7740870699313737,0.16810964021919664,0.0037624765720042958,0.9610305075848002,-0.17911457585062887,0.09446424577280195,0.44408876165444394,0.09927331221882843
319,True,3.199999999999869,3.061861664376842,False,True,0.0,False,,-0.0,-0.18840990807029395,-0.29783845870958114,0.7564595292298744,-0.34906585039886495,-0.07413666078865361,1.377416452445395,0.3702054846042821,0.03797988718454193,1.5534173567587477,0.1926026721816046,0.09887925382846191,1.166629166853622,0.08775277726734552,0.2673640199048785,0.546351307160479,-0.05863290655086967,-0.0,-0.18840990807029395,-0.29783845870958114,0.7564595292298744,-0.34906585039886495,-0.07413666078865361,1.377416452445395,0.3702054846042821,0.03797988718454193,1.5534173567587477,0.1926026721816046,0.09887925382846191,1.166629166853622,0.08775277726734552,0.2673640199048785,0.546351307160479,-0.05863290655086967,0.009936024917553249,-0.5791127256206431,-0.06276580867699587,0.6533326915712593,-0.34923857159559485,-0.005398923766738194,0.8885551281528227,0.18991909047919783,-0.00671849776947187,0.873465233303433,0.14753112171385604,0.011232821163927549,1.0006989880523007,-0.1336370262425272,0.11735097126070378,0.4712594925629317,0.05755655898722337
320,True,3.209999999999868,3.8201579906634766,False,True,0.0,False,,-0.0,-0.22470024866543292,-0.3490658503988659,0.7920851182605043,-0.34906585039886556,-0.07297536774373517,1.4523617035052676,0.3281328905114095,0.24606999759200995,1.5882496193148399,0.23864824644808832,0.06437651760912451,1.1768668552707902,0.13747176051537574,0.23382955358968502,0.5675104084240755,-0.05396950804833913,-0.0,-0.22470024866543292,-0.3490658503988659,0.7920851182605043,-0.34906585039886556,-0.07297536774373517,1.4523617035052676,0.3281328905114095,0.24606999759200995,1.5882496193148399,0.23864824644808832,0.06437651760912451,1.1768668552707902,0.13747176051537574,0.23382955358968502,0.5675104084240755,-0.05396950804833913,0.007226327240599219,-0.5048157991292329,-0.10658732622324454,0.6772744304381029,-0.34923672999170674,-0.026731824073853355,0.9880745221768251,0.2273734490194752,0.0019891733114957705,0.9732782918437608,0.14814590579293563,0.021778278868614394,1.037513873975795,-0.08527611545914728,0.141701308560919,0.49277782667246817,0.02755373380035523
321,True,3.219999999999867,2.8661471337657,False,True,0.0,False,,-0.0,-0.22192647338912413,-0.3490658503988657,0.8038866793480649,-0.34906585039886534,-0.01446112713126809,1.4196442770502455,0.41557930780646063,0.29634473913652565,1.5882496193148397,0.28968842922877036,0.06720697317202307,1.1941481555921594,0.14135291120276974,0.22697729359088778,0.5754936324216461,-0.058734538893090944,-0.0,-0.22192647338912413,-0.3490658503988657,0.8038866793480649,-0.34906585039886534,-0.01446112713126809,1.4196442770502455,0.41557930780646063,0.29634473913652565,1.5882496193148397,0.28968842922877036,0.06720697317202307,1.1941481555921594,0.14135291120276974,0.22697729359088778,0.5754936324216461,-0.058734538893090944,0.002982929746226693,-0.4418100248110548,-0.15302087320628335,0.7014686873949039,-0.34923270677364904,-0.036623505502581526,1.0805057021013327,0.26136742699952015,0.03728497409920571,1.073393653628556,0.16306637488913747,0.031354918006753885,1.0707104881500509,-0.03918498886462914,0.1621747493914653,0.5109134038637636,0.0055906425131895384
322,True,3.229999999999866,1.4997001533590726,False,True,0.0,False,,-0.0,-0.20171250050575693,-0.34906585039886523,0.8227125920298076,-0.34906585039886495,0.027025591616491464,1.4191191490580777,0.4305093347342215,0.31160890786032136,1.5882496193148394,0.2881311389433572,0.08024376554019916,1.187960885626175,0.18266270532495177,0.2232320628585597,0.5688980658683499,-0.04169238076716617,-0.0,-0.20171250050575693,-0.34906585039886523,0.8227125920298076,-0.34906585039886495,0.027025591616491464,1.4191191490580777,0.4305093347342215,0.31160890786032136,1.5882496193148394,0.2881311389433572,0.08024376554019916,1.187960885626175,0.18266270532495177,0.2232320628585597,0.5688980658683499,-0.04169238076716617,-0.0027585443090817068,-0.3891416962683109,-0.1951985997377591,0.7248279409775588,-0.34923001455995684,-0.03510801608604425,1.1585013840232912,0.2946166255395138,0.08313267231203351,1.1723466711100106,0.18390015627721673,0.04052623196815531,1.0988302255312143,0.004009789015631738,0.17815267778702637,0.5253727557168008,-0.009378411381980914
323,True,3.2399999999998648,0.32184726023110094,False,True,0.0,False,,-0.0,-0.20171250050575693,-0.34906585039886523,0.8227125920298076,-0.34906585039886495,0.027025591616491464,1.4191191490580777,0.4305093347342215,0.31160890786032136,1.5882496193148394,0.2881311389433572,0.08024376554019916,1.187960885626175,0.18266270532495177,0.2232320628585597,0.5688980658683499,-0.04169238076716617,-0.0,-0.20171250050575693,-0.34906585039886523,0.8227125920298076,-0.34906585039886495,0.027025591616491464,1.4191191490580777,0.4305093347342215,0.31160890786032136,1.5882496193148394,0.2881311389433572,0.08024376554019916,1.187960885626175,0.18266270532495177,0.2232320628585597,0.5688980658683499,-0.04169238076716617,-0.009651794815851718,-0.3460382668784949,-0.2307407685802924,0.7458551525911098,-0.34922781375712303,-0.027373155832622603,1.2215749308872432,0.32425706255340775,0.12879268804682178,1.262097021231023,0.20473545137834115,0.048976242831198114,1.121446340913233,0.04257864588241003,0.19027794924124697,0.5364340607427723,-0.01909713871958639
324,True,3.2499999999998637,0.0,True,True,0.0,False,,-0.0,-0.23170858612155926,-0.34906585039886545,0.8712225176760466,-0.3490658503988651,-0.0137651602759764,1.3982619530151392,0.45187624835030105,0.30343740239458816,1.5882496193148394,0.30232266631775456,0.06304400688917607,1.1605178239987846,0.2704533429744975,0.22157260692451403,0.5722950445750331,-0.03137361015339316,-0.0,-0.23170858612155926,-0.34906585039886545,0.8712225176760466,-0.3490658503988651,-0.0137651602759764,1.3982619530151392,0.45187624835030105,0.30343740239458816,1.5882496193148394,0.30232266631775456,0.06304400688917607,1.1605178239987846,0.2704533429744975,0.22157260692451403,0.5722950445750331,-0.03137361015339316,-0.016953805672181226,-0.31422264992880816,-0.2594442808885667,0.7672928660883441,-0.3492263138249224,-0.02110849857328918,1.269625058845829,0.350658282494864,0.16471618111754804,1.334440074978318,0.22434573783745856,0.05698894689605542,1.1402905776482553,0.0816814929626226,0.19928484373984892,0.5451280204404828,-0.024733531525747345
325,True,3.2599999999998626,0.0,True,True,0.0,False,,-0.0,-0.23170858612155926,-0.34906585039886545,0.8712225176760466,-0.3490658503988651,-0.0137651602759764,1.3982619530151392,0.45187624835030105,0.30343740239458816,1.5882496193148394,0.30232266631775456,0.06304400688917607,1.1605178239987846,0.2704533429744975,0.22157260692451403,0.5722950445750331,-0.03137361015339316,-0.0,-0.23170858612155926,-0.34906585039886545,0.8712225176760466,-0.3490658503988651,-0.0137651602759764,1.3982619530151392,0.45187624835030105,0.30343740239458816,1.5882496193148394,0.30232266631775456,0.06304400688917607,1.1605178239987846,0.2704533429744975,0.22157260692451403,0.5722950445750331,-0.03137361015339316,-0.023809916583537937,-0.2918832660477972,-0.2820368141606012,0.78824858753871,-0.3492267530368113,-0.017754996517196704,1.3051311689941738,0.3734610777157161,0.18398017633351763,1.3844291894035872,0.24163546302769273,0.06818164883417592,1.1609096522442202,0.11993175906004716,0.20590306427269214,0.5520333034161863,-0.027645567691057908
326,True,3.2699999999998615,0.0,True,True,0.0,False,,-0.0,-0.22361835844143882,-0.3490658503988654,0.8477547458546075,-0.34906585039886506,-0.007890102593594068,1.3873587775060618,0.49193971813009946,0.285680310642581,1.5882496193148394,0.2998202094463584,0.06079013167088344,1.1369011467624528,0.26745669202992045,0.2297668202957783,0.5405326700308465,-0.028640408914452162,-0.0,-0.22361835844143882,-0.3490658503988654,0.8477547458546075,-0.34906585039886506,-0.007890102593594068,1.3873587775060618,0.49193971813009946,0.285680310642581,1.5882496193148394,0.2998202094463584,0.06079013167088344,1.1369011467624528,0.26745669202992045,0.2297668202957783,0.5405326700308465,-0.028640408914452162,-0.02995722322676074,-0.2813133126316652,-0.2982047111716645,0.8030770202435772,-0.3501295775782372,-0.012614192371130557,1.3228215432229888,0.3894588661539845,0.19283874800306006,1.421356713869318,0.25581580992944397,0.07943819144120806,1.1762292928574507,0.1530189667985873,0.21137681495328942,0.5550655780299905,-0.028913619758228228
327,True,3.2799999999998604,0.0,True,True,0.0,False,,-0.0,-0.2047710932722468,-0.34906585039886556,0.8559160615438048,-0.3490658503988653,0.026510086850572274,1.410646131795964,0.4471940219743786,0.2863588093453253,1.5882496193148394,0.3149596600257195,0.07771794327250944,1.1305431901729022,0.2566049077400445,0.22582550485934363,0.5190807853532804,-0.02866165143706013,-0.0,-0.2047710932722468,-0.34906585039886556,0.8559160615438048,-0.3490658503988653,0.026510086850572274,1.410646131795964,0.4471940219743786,0.2863588093453253,1.5882496193148394,0.3149596600257195,0.07771794327250944,1.1305431901729022,0.2566049077400445,0.22582550485934363,0.5190807853532804,-0.02866165143706013,-0.034961730701606096,-0.2784562574455166,-0.30892286869685165,0.8123242902276608,-0.35193136307325307,-0.00312660456375695,1.3284963107602044,0.3957783977920452,0.19761473849638592,1.4490445376532604,0.268138029197711,0.08927260350926305,1.1858909052077033,0.17916524829533267,0.2157713753286844,0.5533500580813145,-0.029317712055534653
328,True,3.2899999999998593,0.0,True,True,0.0,False,,-0.0,-0.20544721663962712,-0.3490658503988656,0.8529268053146354,-0.3490658503988653,-0.0013814344668279174,1.41176164052085,0.44551820904089423,0.29514901252622505,1.5882496193148394,0.3153690907677187,0.06690796162814171,1.1362949581846369,0.2566873597169704,0.23144179201775922,0.5122407652842765,-0.03533964561494551,-0.0,-0.20544721663962712,-0.3490658503988656,0.8529268053146354,-0.3490658503988653,-0.0013814344668279174,1.41176164052085,0.44551820904089423,0.29514901252622505,1.5882496193148394,0.3153690907677187,0.06690796162814171,1.1362949581846369,0.2566873597169704,0.23144179201775922,0.5122407652842765,-0.03533964561494551,-0.038451535574586936,-0.27846858528183754,-0.31613350977228644,0.8182998911492075,-0.35390113933992245,0.005961495051176324,1.329479631846794,0.39561014442971787,0.20196849326721955,1.4698670947413734,0.27885459371872995,0.09658552811774218,1.1922504547025454,0.19899955976501946,0.21949419942014378,0.5485361731507012,-0.0297870896361358
329,True,3.299999999999858,0.0,True,True,0.0,False,,-0.0,-0.2137768847632425,-0.3490658503988656,0.8600529278770559,-0.34906585039886534,0.024834152681051845,1.3965844104505358,0.46035165555619795,0.278962384752582,1.587992377311627,0.3251273505083165,0.09272100503654487,1.1339652528560094,0.2674053425893677,0.21873096501691772,0.500803893926015,-0.02621564257878625,-0.0,-0.2137768847632425,-0.3490658503988656,0.8600529278770559,-0.34906585039886534,0.024834152681051845,1.3965844104505358,0.46035165555619795,0.278962384752582,1.587992377311627,0.3251273505083165,0.09272100503654487,1.1339652528560094,0.2674053425893677,0.21873096501691772,0.500803893926015,-0.02621564257878625,-0.04045334720468182,-0.27978046669268064,-0.32122096760384405,0.8228181864667534,-0.3556285208278748,0.01446520450126912,1.3279374878728112,0.3944796862791671,0.2059040638784165,1.486299398187768,0.28841700400250514,0.10277176982855164,1.1955861729776283,0.21479780355227066,0.22176952774667738,0.5418326789404347,-0.02982053775435632
330,True,3.309999999999857,0.0,True,True,0.0,False,,-0.0,-0.2155432682070492,-0.34906585039886556,0.8580589628645302,-0.34906585039886523,0.02475396208673479,1.4127094444806054,0.45219635425883603,0.2698819212608155,1.5880776864060744,0.3293774833827191,0.09377663492956984,1.137422757824535,0.26903429038982085,0.21349380262572343,0.5104868627527155,-0.018654850657712364,-0.0,-0.2155432682070492,-0.34906585039886556,0.8580589628645302,-0.34906585039886523,0.02475396208673479,1.4127094444806054,0.45219635425883603,0.2698819212608155,1.5880776864060744,0.3293774833827191,0.09377663492956984,1.137422757824535,0.26903429038982085,0.21349380262572343,0.5104868627527155,-0.018654850657712364,-0.04111879523859504,-0.28148130639687235,-0.3254635994305373,0.8266181149667142,-0.35689926103007114,0.022439631682712412,1.3260874913917204,0.39318896838679634,0.21046375534220718,1.5011548645884898,0.29706326062317906,0.10723567296909889,1.1953767490422622,0.22765809257641886,0.22237057985923162,0.5354004955272005,-0.028791231272282402
331,True,3.319999999999856,0.0,True,True,0.0,False,,-0.0,-0.18347925402053228,-0.3490658503988656,0.844583202557418,-0.34906585039886556,0.04328718617179533,1.3877100772440931,0.49493265726692076,0.2661210324095918,1.571913199832179,0.34463957194130174,0.09373299898530822,1.1318203736062513,0.2647368709874345,0.22338458019136548,0.4951960838894032,-0.02448656377097793,-0.0,-0.18347925402053228,-0.3490658503988656,0.844583202557418,-0.34906585039886556,0.04328718617179533,1.3877100772440931,0.49493265726692076,0.2661210324095918,1.571913199832179,0.34463957194130174,0.09373299898530822,1.1318203736062513,0.2647368709874345,0.22338458019136548,0.4951960838894032,-0.02448656377097793,-0.040867024732658845,-0.2808730073575399,-0.3293980016795859,0.82862999279482,-0.35778799999344857,0.030719409927472404,1.3223163480971105,0.3946689279906446,0.21430853297567265,1.5127024819225774,0.3057150301887226,0.11045593648228379,1.193137391504318,0.2375141502783533,0.22268455785061636,0.5289996736122669,-0.027622954149112772
332,True,3.329999999999855,0.0,True,True,0.0,False,,-0.0,-0.1627794523522201,-0.3490658503988657,0.8045932830966254,-0.3490658503988654,0.02768123365610074,1.3971852876492128,0.491962889833843,0.21289987478367647,1.5812506872426986,0.32097735333988,0.0874399098209815,1.1204668385715213,0.285069835454099,0.21476032934832787,0.4798152171140176,-0.009588817410015266,-0.0,-0.1627794523522201,-0.3490658503988657,0.8045932830966254,-0.3490658503988654,0.02768123365610074,1.3971852876492128,0.491962889833843,0.21289987478367647,1.5812506872426986,0.32097735333988,0.0874399098209815,1.1204668385715213,0.285069835454099,0.21476032934832787,0.4798152171140176,-0.009588817410015266,-0.03999520433633306,-0.27656009304641915,-0.3327807694457825,0.8265496393671585,-0.3582635592553649,0.03774445436803432,1.316926934102785,0.397780779340151,0.2146500783470316,1.522837844403436,0.3120437915443614,0.11141138443476473,1.1879974427849136,0.24644698500050946,0.22259642220976528,0.5215551739316377,-0.025584443772151827
333,True,3.3399999999998538,0.0,True,True,0.0,False,,-0.0,-0.14595285001520014,-0.34868521869079483,0.7982638813241102,-0.34906585039886556,0.033349316955664086,1.3856105095477904,0.5103484867589037,0.18389071066721036,1.5757139355824827,0.31794106315876103,0.09676708866045891,1.1082585791933357,0.28647957371402955,0.2064920706017252,0.46414462445661203,-0.007757276417762837,-0.0,-0.14595285001520014,-0.34868521869079483,0.7982638813241102,-0.34906585039886556,0.033349316955664086,1.3856105095477904,0.5103484867589037,0.18389071066721036,1.5757139355824827,0.31794106315876103,0.09676708866045891,1.1082585791933357,0.28647957371402955,0.2064920706017252,0.46414462445661203,-0.007757276417762837,-0.03875219183718516,-0.26923428447906833,-0.3355096732964019,0.8211438511208212,-0.3584432225210387,0.04335377891615151,1.310402343008367,0.40214553536147507,0.2123594230033688,1.5339869989481516,0.3155117858581027,0.1100258152075551,1.1781101502333677,0.25486790291297906,0.2214331407474342,0.5127253703683775,-0.02271509854636916
334,True,3.3499999999998527,0.0,True,True,0.0,False,,-0.0,-0.1554060617205808,-0.3489384902926097,0.825314771473794,-0.34906585039886573,0.048303548514171596,1.377243669449425,0.5269490739588624,0.1845949028808319,1.578915028444555,0.32719874958549555,0.11956926992368332,1.1118501780906103,0.3058158364079566,0.19572998690316093,0.4737544789937597,0.0007458049620585969,-0.0,-0.1554060617205808,-0.3489384902926097,0.825314771473794,-0.34906585039886573,0.048303548514171596,1.377243669449425,0.5269490739588624,0.1845949028808319,1.578915028444555,0.32719874958549555,0.11956926992368332,1.1118501780906103,0.3058158364079566,0.19572998690316093,0.4737544789937597,0.0007458049620585969,-0.03710289679697186,-0.2619044076716229,-0.3380157955565843,0.8163361146082924,-0.35872049196671857,0.04910047302417365,1.3034797583842335,0.40891614209593874,0.2083044750044959,1.544425119838255,0.3180461986071001,0.10979849107144003,1.1670121117025798,0.2636260957533417,0.21882240698522246,0.5044706100916875,-0.019128288441795642
335,True,3.3599999999998515,0.0,True,True,0.0,False,,-0.0,-0.18219059167174245,-0.34900585944627827,0.8375423124243545,-0.3490658503988657,0.023828270134887464,1.4257667374622751,0.4524092220503813,0.18949586750364517,1.5756721157954976,0.3326166904784164,0.09218734526637189,1.1100324331307403,0.32677320281749583,0.20284328078349093,0.4851096074541239,-0.0034022354290265183,-0.0,-0.18219059167174245,-0.34900585944627827,0.8375423124243545,-0.3490658503988657,0.023828270134887464,1.4257667374622751,0.4524092220503813,0.18949586750364517,1.5756721157954976,0.3326166904784164,0.09218734526637189,1.1100324331307403,0.32677320281749583,0.20284328078349093,0.4851096074541239,-0.0034022354290265183,-0.035000447541443776,-0.25746405121122334,-0.34164224281814093,0.8141330170529113,-0.35903542343179223,0.05247097396239303,1.3008527011933717,0.41145686393823855,0.20441154412152807,1.5532471228642013,0.320701356733109,0.10888646781672089,1.1566361830317184,0.2738692200631378,0.216011955189663,0.49865026521506417,-0.01568794160618399
336,True,3.3699999999998504,0.0,True,True,0.0,False,,-0.0,-0.15557520665860056,-0.3488189784811054,0.8290466872097295,-0.34906585039886556,0.05716647398134657,1.39380711572285,0.4897076021823683,0.23623026993251625,1.5791653632963196,0.323946746293716,0.1102318814878321,1.115942732087043,0.279343514327025,0.2094673678217146,0.46584475953354415,0.00402981891086729,-0.0,-0.15557520665860056,-0.3488189784811054,0.8290466872097295,-0.34906585039886556,0.05716647398134657,1.39380711572285,0.4897076021823683,0.23623026993251625,1.5791653632963196,0.323946746293716,0.1102318814878321,1.115942732087043,0.279343514327025,0.2094673678217146,0.46584475953354415,0.00402981891086729,-0.03281564705580957,-0.25364710163242954,-0.3457960239693443,0.8128533486320967,-0.35941944495981853,0.05597021343465179,1.2999660198967822,0.4123941086721575,0.2048068181734678,1.5605173696959358,0.32261542915855024,0.1080924991030229,1.1481525232928846,0.28056698711378,0.21418434467360378,0.49344120584290724,-0.012272956229798498
337,True,3.3799999999998493,0.0,True,True,0.0,False,,-0.0,-0.1615858633725026,-0.3489894296719632,0.8348102573460116,-0.34906585039886523,0.04301661773318102,1.3931680582846047,0.5140875392602636,0.19865602830449802,1.5551328754396818,0.37898102118955806,0.10218883828001425,1.107121949744081,0.34096087536821545,0.2112884979207302,0.4805727238919154,-0.009265780268643047,-0.0,-0.1615858633725026,-0.3489894296719632,0.8348102573460116,-0.34906585039886523,0.04301661773318102,1.3931680582846047,0.5140875392602636,0.19865602830449802,1.5551328754396818,0.37898102118955806,0.10218883828001425,1.107121949744081,0.34096087536821545,0.2112884979207302,0.4805727238919154,-0.009265780268643047,-0.03075910340786823,-0.25024864807133196,-0.3495040270984813,0.8121681780050212,-0.3598079915010534,0.05939100630300096,1.29821895740732,0.4155535485598526,0.2058010967148695,1.56456916938225,0.3280229974095489,0.10754692021839475,1.1409153071049618,0.28806708956038884,0.21335628129034057,0.48948137879283166,-0.010042574434124396
338,True,3.3899999999998482,0.0,True,True,0.0,False,,-0.0,-0.16110172105056247,-0.3490589823426845,0.8355051636948504,-0.3490658503988657,0.048810866435174315,1.3953928630866472,0.4934839583497715,0.19448987892116013,1.5843642599649166,0.31094093882463997,0.11628078404650542,1.1158059013525297,0.29566817243694826,0.20287669431871488,0.4716127841636758,-0.011113242630552609,-0.0,-0.16110172105056247,-0.3490589823426845,0.8355051636948504,-0.3490658503988657,0.048810866435174315,1.3953928630866472,0.4934839583497715,0.19448987892116013,1.5843642599649166,0.31094093882463997,0.11628078404650542,1.1158059013525297,0.29566817243694826,0.20287669431871488,0.4716127841636758,-0.011113242630552609,-0.028868328593362882,-0.2475096034796568,-0.35294503839190905,0.8119602436371139,-0.36018456346675726,0.06215499830348424,1.296648909882774,0.41880541131208593,0.20518456820551959,1.5681749486673842,0.33102049837133235,0.10790327109748482,1.1353875545713676,0.2938213404695675,0.21248263104001974,0.48636728342963986,-0.009138493955915471
339,True,3.399999999999847,0.0,True,True,0.0,False,,-0.0,-0.18930492240979677,-0.3490636718510054,0.8745481935785495,-0.3490658503988656,0.03993666631331807,1.3760373578406506,0.5464727696511856,0.1893335743528389,1.5632796200419798,0.39306363581370146,0.10499186640461347,1.1222122723081704,0.3546016725373395,0.20079688340547353,0.4737230258827559,0.005860516309711922,-0.0,-0.18930492240979677,-0.3490636718510054,0.8745481935785495,-0.3490658503988656,0.03993666631331807,1.3760373578406506,0.5464727696511856,0.1893335743528389,1.5632796200419798,0.39306363581370146,0.10499186640461347,1.1222122723081704,0.3546016725373395,0.20079688340547353,0.4737230258827559,0.005860516309711922,-0.02716310882968227,-0.24774003721687657,-0.3556960389380992,0.8146956682104396,-0.36070373251283633,0.06395213620917181,1.2942515498338054,0.4252498269263702,0.20341857341840341,1.5706053867147665,0.3364988168336974,0.10830578297967113,1.1319711366766545,0.30107668927554615,0.21122693773172202,0.48376099507761977,-0.007641560592410179
340,True,3.409999999999846,0.0,True,True,0.0,False,,-0.0,-0.18061854309390388,-0.3490653835059591,0.834096435091117,-0.3490658503988658,0.02804507438864858,1.4022130980836405,0.4960832030473564,0.19003975814922594,1.5726398092922622,0.3470650959515224,0.0977027549466901,1.1090487304619103,0.3578097350258182,0.2117352005359799,0.47894576571975467,0.016843822333758574,-0.0,-0.18061854309390388,-0.3490653835059591,0.834096435091117,-0.3490658503988658,0.02804507438864858,1.4022130980836405,0.4960832030473564,0.19003975814922594,1.5726398092922622,0.3470650959515224,0.0977027549466901,1.1090487304619103,0.3578097350258182,0.2117352005359799,0.47894576571975467,0.016843822333758574,-0.025673618496621965,-0.24882236092223753,-0.35817286892494443,0.8173450298048823,-0.36094264160679607,0.06367860655047074,1.292712590562812,0.4302165326768084,0.2012462897154373,1.5722161156386754,0.3418459470166535,0.10773024037202436,1.129087826643161,0.31064077797087375,0.21061305080983012,0.4821358131668287,-0.004603513970760839
341,True,3.419999999999845,0.20021933931243777,False,True,0.0,False,,-0.0,-0.45790367321292247,-0.01721391094441921,0.7152140202885757,-0.3490658503988656,-0.1418343923847544,1.1574902030629384,0.3274151049241522,-0.09109943061618524,1.4497292815517324,-0.062492771399993215,-0.002965003612374048,1.072785317581974,0.01748037643695083,0.15822128230211638,0.4663963601885299,-0.07377098201722086,-0.0,-0.45790367321292247,-0.01721391094441921,0.7152140202885757,-0.3490658503988656,-0.1418343923847544,1.1574902030629384,0.3274151049241522,-0.09109943061618524,1.4497292815517324,-0.062492771399993215,-0.002965003612374048,1.072785317581974,0.01748037643695083,0.15822128230211638,0.4663963601885299,-0.07377098201722086,-0.025953175723907422,-0.26556209903595485,-0.3333809409316617,0.8107332786325209,-0.3600008021518979,0.04710554179825984,1.2823392181883078,0.4243156885498867,0.177156811043561,1.5648117283686178,0.31266739942710453,0.09879903868652802,1.123778038676471,0.2934393190036776,0.20674255010074205,0.48033227020240254,-0.007947355885875161
342,True,3.429999999999844,0.9143989904670757,False,True,0.0,False,,-0.0,-0.8726646259971648,0.33129788113791037,0.4515474381486548,-0.3490658503988659,0.09081022977417619,0.6915504100263958,-0.004899354821744695,0.09461943777707096,0.7728873331445215,0.020384835456535716,0.015394814439527942,0.8968734931158809,0.013725891194310684,0.08057516399940017,0.4766323944789422,-0.059771014571656615,-0.0,-0.8726646259971648,0.33129788113791037,0.4515474381486548,-0.3490658503988659,0.09081022977417619,0.6915504100263958,-0.004899354821744695,0.09461943777707096,0.7728873331445215,0.020384835456535716,0.015394814439527942,0.8968734931158809,0.013725891194310684,0.08057516399940017,0.4766323944789422,-0.059771014571656615,-0.028895463567081232,-0.31908597192309873,-0.28509494669193347,0.7771318012151394,-0.3581116173132309,0.03645110633077631,1.2351349784991694,0.384999946524537,0.15067872166928764,1.5197717341481916,0.26402324027005797,0.08497210510059226,1.1032499787592653,0.25415812688335365,0.19409486233207818,0.4788899098976453,-0.01586946012399929
343,True,3.4399999999998427,0.9919263512760581,False,True,0.0,False,,-0.0,-0.8726646259971648,0.33129788113791037,0.4515474381486548,-0.3490658503988659,0.09081022977417619,0.6915504100263958,-0.004899354821744695,0.09461943777707096,0.7728873331445215,0.020384835456535716,0.015394814439527942,0.8968734931158809,0.013725891194310684,0.08057516399940017,0.4766323944789422,-0.059771014571656615,-0.0,-0.8726646259971648,0.33129788113791037,0.4515474381486548,-0.3490658503988659,0.09081022977417619,0.6915504100263958,-0.004899354821744695,0.09461943777707096,0.7728873331445215,0.020384835456535716,0.015394814439527942,0.8968734931158809,0.013725891194310684,0.08057516399940017,0.4766323944789422,-0.059771014571656615,-0.03284062561575217,-0.3995980684700221,-0.23236673139274164,0.7259779669188706,-0.3561696318662674,0.03833118711345082,1.158278021376871,0.32382292801636103,0.1335057141283039,1.444011835060631,0.21630525521248847,0.07141232682381438,1.071834297930615,0.21035989158229823,0.1762137166115606,0.4782175546935536,-0.024140603884357282
344,True,3.4499999999998416,0.9996123184733592,False,True,0.0,False,,-0.0,-0.8726646259971647,0.33862674757676137,0.4485264689658802,-0.3490658503988659,0.16689859068019605,0.5437443832547758,0.006024794023360751,0.13542772203779344,0.543413854891119,0.22937763152139637,0.05338859068731484,0.8106389434284978,0.0429961598265818,0.08603555553594021,0.42944133805776574,0.006998906671599227,-0.0,-0.8726646259971647,0.33862674757676137,0.4485264689658802,-0.3490658503988659,0.16689859068019605,0.5437443832547758,0.006024794023360751,0.13542772203779344,0.543413854891119,0.22937763152139637,0.05338859068731484,0.8106389434284978,0.0429961598265818,0.08603555553594021,0.42944133805776574,0.006998906671599227,-0.03646782221303639,-0.4874375741442222,-0.184336980377631,0.672923756527728,-0.3545926540709122,0.05096737272429078,1.0689628572717889,0.2616829704139561,0.12524139920181487,1.3549173897930908,0.19074960365995405,0.06241769214719424,1.0327843501676786,0.17217074207770877,0.15851954161689377,0.47432220990369517,-0.026337522037606795
345,True,3.4599999999998405,0.8410889124773877,False,True,0.0,False,,-0.0,-0.8726646259971648,0.4087960219612619,0.1520185208565416,-0.3490658503988659,0.1901113531446766,0.38374804646605565,0.1288162829201624,0.11758384945878653,0.3861405684939263,0.4076272720225551,0.009854786997954718,0.7775087327805663,0.012285412267592302,0.03265485677895453,0.38145009549934517,0.14889118049238306,-0.0,-0.8726646259971648,0.4087960219612619,0.1520185208565416,-0.3490658503988659,0.1901113531446766,0.38374804646605565,0.1288162829201624,0.11758384945878653,0.3861405684939263,0.4076272720225551,0.009854786997954718,0.7775087327805663,0.012285412267592302,0.03265485677895453,0.38145009549934517,0.14889118049238306,-0.039015771522428064,-0.5682714779742173,-0.14389545447820676,0.6025418077995701,-0.35332286953388625,0.07122378490214373,0.9739337372380595,0.2164734274661395,0.12175780326542254,1.2600267361092232,0.19915946452081093,0.054497311177633186,0.989193966548916,0.13941368143856048,0.1391091361836254,0.46399049364701134,-0.012059149867502932
346,True,3.4699999999998394,0.6448745657774568,False,True,0.0,False,,-0.0,-0.8726646259971648,0.4240260240165324,0.09132273041157835,-0.3490658503988659,0.19128948493322637,0.36707875710691656,0.14104164457667398,0.11923739692451814,0.3698528004239373,0.4145144758146728,0.014156880389916015,0.7789538094707477,0.0025434777164860534,0.02469521773988618,0.37733437580787565,0.1636455487720665,-0.0,-0.8726646259971648,0.4240260240165324,0.09132273041157835,-0.3490658503988659,0.19128948493322637,0.36707875710691656,0.14104164457667398,0.11923739692451814,0.3698528004239373,0.4145144758146728,0.014156880389916015,0.7789538094707477,0.0025434777164860534,0.02469521773988618,0.37733437580787565,0.1636455487720665,-0.040222290956176986,-0.6369254027844122,-0.11140686813731665,0.5166413347079946,-0.3523682080014363,0.09328216140267769,0.8764726248044402,0.18909427225043957,0.12011457374344925,1.1628348603574423,0.2277176256036718,0.04660644293913229,0.9474612134770765,0.11066407544003286,0.11853156866258809,0.45008651450597803,0.01382981686636002
347,True,3.4799999999998383,0.5203314932338104,False,True,0.0,False,,-0.0,-0.8726646259971647,0.4224181528727774,0.05853425302249823,-0.3490658503988659,0.18535589365535612,0.37019548341320146,0.18607894965332586,0.11687694686699868,0.4044900094238287,0.42274605032716356,0.007025704066426369,0.8952243408699522,-0.3490658503988654,0.0280390300395795,0.3277544169359868,0.2484704841487578,-0.0,-0.8726646259971647,0.4224181528727774,0.05853425302249823,-0.3490658503988659,0.18535589365535612,0.37019548341320146,0.18607894965332586,0.11687694686699868,0.4044900094238287,0.42274605032716356,0.007025704066426369,0.8952243408699522,-0.3490658503988654,0.0280390300395795,0.3277544169359868,0.2484704841487578,-0.04005329045966988,-0.6928358723831306,-0.08608839885294395,0.42912913092970983,-0.3517203261232902,0.11319710572978821,0.7798476770496051,0.17608687243369417,0.1193027265979324,1.0648016902062822,0.26196545465828164,0.039240299685337814,0.9203867957981645,0.05868480754597505,0.09970165042037922,0.43234680929693947,0.04863490249759024
348,True,3.4899999999998372,0.429656400410984,False,True,0.0,False,,-0.0,-0.8726646259971647,0.4246316833477775,0.07733214647012676,-0.3490658503988659,0.19208709550723016,0.36643945320418614,0.19309263351309686,0.122572231526931,0.3736076557266259,0.42951769830893516,0.011628044851929382,0.878558197341821,-0.3490658503988656,0.039653340524692396,0.29127766173969527,0.2473034221169934,-0.0,-0.8726646259971647,0.4246316833477775,0.07733214647012676,-0.3490658503988659,0.19208709550723016,0.36643945320418614,0.19309263351309686,0.122572231526931,0.3736076557266259,0.42951769830893516,0.011628044851929382,0.878558197341821,-0.3490658503988656,0.039653340524692396,0.29127766173969527,0.2473034221169934,-0.038614222326838046,-0.7372246197620882,-0.06672492130559235,0.35130522410605886,-0.3513228500844171,0.1302789061704439,0.692525054086344,0.1725251002717691,0.11919963732508153,0.9664402035132431,0.2953308961381495,0.032995031016475676,0.9056122729920899,-0.010151027192795533,0.08471743579561723,0.41041349084472467,0.08615162698326215
349,True,3.499999999999836,0.338461031869743,False,True,0.0,False,,-0.0,-0.8726646259971647,0.4187877758003113,0.10012350020558054,-0.3490658503988659,0.19173681496783027,0.3620944505329218,0.18871105491446025,0.12233975443414201,0.36044297971012446,0.4363339354749011,0.010593396806356379,0.8639717022553701,-0.34906585039886573,0.039533617587092576,0.27667554319351734,0.26739856007340324,-0.0,-0.8726646259971647,0.4187877758003113,0.10012350020558054,-0.3490658503988659,0.19173681496783027,0.3620944505329218,0.18871105491446025,0.12233975443414201,0.36044297971012446,0.4363339354749011,0.010593396806356379,0.8639717022553701,-0.34906585039886573,0.039533617587092576,0.27667554319351734,0.26739856007340324,-0.036150818324998835,-0.7718322948124648,-0.052061008921747434,0.2890019283410754,-0.3510941351767446,0.14450445540471876,0.6186151755985477,0.17306725279958846,0.11956723911500439,0.8679078073934664,0.32520766950592317,0.028016083502872702,0.8957919292654313,-0.07764909192676925,0.07348186717096034,0.38675865340289683,0.12186812805013002
350,True,3.509999999999835,0.18851222586892424,False,True,0.0,False,,-0.0,-0.8726646259971647,0.41690185381898576,0.09446360926897734,-0.3490658503988659,0.19296962517798708,0.38247970209955945,0.17360294269625984,0.12648106265757172,0.39526894609176455,0.4147189108175851,0.018726238433228744,0.8912103965271864,-0.3476848648812889,0.04455587099595354,0.3102226372107221,0.26401205329363314,-0.0,-0.8726646259971647,0.41690185381898576,0.09446360926897734,-0.3490658503988659,0.19296962517798708,0.38247970209955945,0.17360294269625984,0.12648106265757172,0.39526894609176455,0.4147189108175851,0.018726238433228744,0.8912103965271864,-0.3476848648812889,0.04455587099595354,0.3102226372107221,0.26401205329363314,-0.03246504143012451,-0.7983656631057569,-0.04100082803187298,0.24077339009074133,-0.35094661923986803,0.15602579461366967,0.5602055510599417,0.17387200347225382,0.12039911762918036,0.773559412703359,0.3486641419742818,0.024704723471818395,0.8906103000059558,-0.13657715335742326,0.06548819504368329,0.36715658872758733,0.1531194885845929
351,True,3.519999999999834,0.5176268229999769,False,True,0.0,False,,-0.0,-0.8726646259971648,0.40968543533621155,0.11341646983949769,-0.3490658503988659,0.1955565502794469,0.39214887788602115,0.1572650737944619,0.12916341175152138,0.3932673868781244,0.3922695504226886,0.023954909096280615,0.9054350652196884,-0.3486586929382747,0.043627371088248455,0.3256275570509028,0.23717737994872526,-0.0,-0.8726646259971648,0.40968543533621155,0.11341646983949769,-0.3490658503988659,0.1955565502794469,0.39214887788602115,0.1572650737944619,0.12916341175152138,0.3932673868781244,0.3922695504226886,0.023954909096280615,0.9054350652196884,-0.3486586929382747,0.043627371088248455,0.3256275570509028,0.23717737994872526,-0.027601294042946308,-0.8184698076921102,-0.032669681799685324,0.205210725266596,-0.35083844864699304,0.16536272008441713,0.5164852652168953,0.1728844532651113,0.12169408395056516,0.6910848881392435,0.3640718641361431,0.02315194623247597,0.8899713703134913,-0.18514990417912036,0.05989674320189309,0.3539811272411488,0.17663178795460743
352,True,3.529999999999833,0.8876331489984609,False,True,0.0,False,,-0.0,-0.8726646259971648,0.43775367754317007,0.02476598142487002,-0.3490658503988659,0.19921376432395202,0.3627631827702346,0.1551318729502675,0.12776718981616025,0.35808214121103643,0.37755183776780693,0.022379320053673775,0.8913828808860674,-0.34887085360163533,0.03265714022545909,0.332464972419202,0.24091883681488,-0.0,-0.8726646259971648,0.43775367754317007,0.02476598142487002,-0.3490658503988659,0.19921376432395202,0.3627631827702346,0.1551318729502675,0.12776718981616025,0.35808214121103643,0.37755183776780693,0.022379320053673775,0.8913828808860674,-0.34887085360163533,0.03265714022545909,0.332464972419202,0.24091883681488,-0.022400185248700456,-0.8333849495208698,-0.026275199869002983,0.1728583855136636,-0.35070646560159763,0.17310806697930514,0.4819652506929411,0.17053075002563842,0.1230404481194183,0.620139064559476,0.37237883759184637,0.02256598120210878,0.8907322227260438,-0.22387192906019832,0.05508743237236712,0.3460422280097215,0.19350667765028748
353,True,3.5399999999998317,0.8489948843980683,False,True,0.0,False,,-0.0,-0.8726646259971648,0.4342274996670325,0.012108729354726268,-0.3490658503988659,0.1954170051975084,0.34295163902868037,0.16491734986248094,0.11586006934991452,0.3754008614867043,0.32663709264685004,0.02127644932512001,0.8915679913353561,-0.34900336306975316,0.0245717489329189,0.3087437050046739,0.22969955331217698,-0.0,-0.8726646259971648,0.4342274996670325,0.012108729354726268,-0.3490658503988659,0.1954170051975084,0.34295163902868037,0.16491734986248094,0.11586006934991452,0.3754008614867043,0.32663709264685004,0.02127644932512001,0.8915679913353561,-0.34900336306975316,0.0245717489329189,0.3087437050046739,0.22969955331217698,-0.01737096022177454,-0.8443946626466089,-0.021373559579489946,0.14121250973870583,-0.35056958366886476,0.17917124129753711,0.45255345701802674,0.16861455674427275,0.12340429023110798,0.5620445285866129,0.37230669588972076,0.02233778376292428,0.8914578573388955,-0.2540841083671421,0.05012344623135247,0.33959888822480977,0.20500859373019886
354,True,3.5499999999998306,0.6990203977251294,False,True,0.0,False,,-0.0,-0.8726646259971648,0.45050327655546807,-0.09452505161728038,-0.3490658503988659,0.19162466608666473,0.3342644081308404,0.19302462398699557,0.11178254452664692,0.3847677353067937,0.30241571745088697,0.012544414117681096,0.9074962258286803,-0.34844291158290064,0.02148907123415626,0.3119315456712333,0.22501511682427427,-0.0,-0.8726646259971648,0.45050327655546807,-0.09452505161728038,-0.3490658503988659,0.19162466608666473,0.3342644081308404,0.19302462398699557,0.11178254452664692,0.3847677353067937,0.30241571745088697,0.012544414117681096,0.9074962258286803,-0.34844291158290064,0.02148907123415626,0.3119315456712333,0.22501511682427427,-0.012599221499850455,-0.8523847905896512,-0.017590100129130835,0.1047787570107744,-0.3504149278038009,0.183416394535722,0.4271833014341676,0.169616434629789,0.12260126778621618,0.5173017309297174,0.3650089590553081,0.021616693650812015,0.8932995147765155,-0.27729007133663697,0.045109993363394364,0.3338406338173277,0.2121872236747837
355,True,3.5599999999998295,0.5477419128712804,False,True,0.0,False,,-0.0,-0.8726646259971648,0.39720541224067935,-0.03537463167978395,-0.3490658503988659,0.1774959202503967,0.3104938202766606,0.2105655976782012,0.09335262947770713,0.3824917203723306,0.291616057461432,-0.015859481862180634,0.8860370873128454,-0.34883173885376895,-0.0027809000912922613,0.30975085612558706,0.21619511293185256,-0.0,-0.8726646259971648,0.39720541224067935,-0.03537463167978395,-0.3490658503988659,0.1774959202503967,0.3104938202766606,0.2105655976782012,0.09335262947770713,0.3824917203723306,0.291616057461432,-0.015859481862180634,0.8860370873128454,-0.34883173885376895,-0.0027809000912922613,0.30975085612558706,0.21619511293185256,-0.008435064636003383,-0.858385410080314,-0.014771149954241072,0.07109745277774776,-0.35031243941995255,0.18529391266225614,0.4042167821476627,0.1741170939846285,0.11987392437383901,0.48338805153191644,0.35387797022472034,0.018315149035701868,0.89444856730443,-0.29493346183818614,0.038694923565667776,0.3289493691729218,0.2158900714736181
356,True,3.5699999999998284,0.33567114022571826,False,True,0.0,False,,-0.0,-0.8726646259971648,0.39659390521700477,-0.062021274568844806,-0.3490658503988659,0.1821938091686651,0.31231261899774904,0.21898418830456234,0.09888838082997539,0.3843755449372808,0.2840907283822575,-0.016673749031330384,0.8843259502520985,-0.34895145158730473,0.00294944698632291,0.30814394298477155,0.21545967457830528,-0.0,-0.8726646259971648,0.39659390521700477,-0.062021274568844806,-0.3490658503988659,0.1821938091686651,0.31231261899774904,0.21898418830456234,0.09888838082997539,0.3843755449372808,0.2840907283822575,-0.016673749031330384,0.8843259502520985,-0.34895145158730473,0.00294944698632291,0.30814394298477155,0.21545967457830528,-0.0049648620327153,-0.8628991105235119,-0.01269300717154669,0.042655223845408104,-0.3502491378478301,0.18579758059097654,0.3841157345898348,0.18083358171542913,0.11632929751405806,0.4579248018284109,0.3415150568012322,0.01314114024453623,0.8942770214631914,-0.30828002086219697,0.03190690178734213,0.32475506891973444,0.21739074314415535
357,True,3.5799999999998273,0.14146093388132855,False,True,0.0,False,,-0.0,-0.8726646259971648,0.41532556260615444,-0.14712421786001093,-0.3490658503988659,0.18646360359519673,0.3228097759693767,0.22784051942273018,0.10079942465641824,0.40726927784259087,0.2730278899304572,-0.012459919368412667,0.9032948207063907,-0.34784127562617473,0.0026419294968882683,0.3227067052744555,0.2206331540008962,-0.0,-0.8726646259971648,0.41532556260615444,-0.14712421786001093,-0.3490658503988659,0.18646360359519673,0.3228097759693767,0.22784051942273018,0.10079942465641824,0.40726927784259087,0.2730278899304572,-0.012459919368412667,0.9032948207063907,-0.34784127562617473,0.0026419294968882683,0.3227067052744555,0.2206331540008962,-0.001945518016866219,-0.8651817041072638,-0.011117169926499738,0.012022471654244837,-0.35017822953665395,0.18606691250426147,0.36840595712909063,0.188667802000677,0.11316152729334249,0.4407373785927828,0.3289448657389827,0.008021879654129628,0.8948801776623004,-0.3182619193643787,0.025912274618758772,0.3223840297558595,0.21819210836990652
358,True,3.589999999999826,0.0,True,True,0.0,False,,-0.0,-0.8726646259971648,0.41008432687303153,-0.14447732057949286,-0.3490658503988659,0.19020863422352655,0.316838033767117,0.22477035736385279,0.10148282105252782,0.3994549410131033,0.2697714591603252,-0.016098755329684373,0.8952941225568198,-0.3481049307485921,0.004193320380992304,0.31820408778042997,0.2201320173155662,-0.0,-0.8726646259971648,0.41008432687303153,-0.14447732057949286,-0.3490658503988659,0.19020863422352655,0.316838033767117,0.22477035736385279,0.10148282105252782,0.3994549410131033,0.2697714591603252,-0.016098755329684373,0.8952941225568198,-0.3481049307485921,0.004193320380992304,0.31820408778042997,0.2201320173155662,0.00040404302350438695,-0.8657402357128541,-0.009943987853482404,-0.019019377045096045,-0.35012455026942874,0.18657165829373923,0.35624476032874985,0.19612935589977873,0.11066222650235447,0.4292634443208989,0.3171106097806727,0.0033794017184195575,0.8958053117312336,-0.32568786278539313,0.021026131895190227,0.32122939143817425,0.21874517279086142
359,True,3.599999999999825,0.0,True,True,0.0,False,,-0.0,-0.8726646259971648,0.42501872258366197,-0.16715566597307296,-0.34905039779769104,0.19469274069268988,0.3275571255885744,0.22047621316466917,0.10488668036609547,0.40348288822739514,0.2768734842323373,-0.0115556955862072,0.9123069414946399,-0.34873592679316323,0.0005565977430537841,0.34118598473746553,0.25236597717879744,-0.0,-0.8726646259971648,0.42501872258366197,-0.16715566597307296,-0.34905039779769104,0.19469274069268988,0.3275571255885744,0.22047621316466917,0.10488668036609547,0.40348288822739514,0.2768734842323373,-0.0115556955862072,0.9123069414946399,-0.34873592679316323,0.0005565977430537841,0.34118598473746553,0.25236597717879744,0.0021598724428659186,-0.8655552766930267,-0.009346079365039473,-0.04827545485726705,-0.3500874408613593,0.1868742504228213,0.3474039951004813,0.20195169979816244,0.10963866349576465,0.42164691736825205,0.3074808328849657,-0.0003372740996258546,0.8977610099204066,-0.331277857801927,0.01695068714432537,0.32221779139233564,0.2216413627448351
360,True,3.609999999999824,0.0,True,True,0.0,False,,-0.0,-0.8726646259971648,0.4249999902789949,-0.15082406645082985,-0.3490621450687667,0.1937208443506672,0.31842087160168514,0.20813964992541886,0.1101168850314059,0.40289998778377617,0.25749342813661386,-0.010663397990742363,0.9079583658245034,-0.3489867390665531,0.002736745093583612,0.325277607595606,0.25642657117735757,-0.0,-0.8726646259971648,0.4249999902789949,-0.15082406645082985,-0.3490621450687667,0.1937208443506672,0.31842087160168514,0.20813964992541886,0.1101168850314059,0.40289998778377617,0.25749342813661386,-0.010663397990742363,0.9079583658245034,-0.3489867390665531,0.002736745093583612,0.325277607595606,0.25642657117735757,0.0031795666326900137,-0.8651066143873477,-0.00918149529267549,-0.07300934058615381,-0.35006297106117423,0.18711274224971364,0.34110435306750553,0.20538100891146588,0.10984255755600747,0.41627848355817243,0.29860173736154955,-0.0030056013987338494,0.9002393245594565,-0.3355092018071325,0.013701103842804915,0.3235989970671076,0.226730412718462
361,True,3.619999999999823,0.0,True,True,0.0,False,,-0.0,-0.8726646259971648,0.4259009121527984,-0.1371527237497288,-0.34906428828400965,0.19693096313581449,0.3419199362537403,0.20509116498170732,0.11297035260746503,0.42913400960366854,0.24974722950593164,0.0002887280673824627,0.9192184817277624,-0.3490324981780923,0.008105373701197117,0.33376984236240614,0.26300905209650427,-0.0,-0.8726646259971648,0.4259009121527984,-0.1371527237497288,-0.34906428828400965,0.19693096313581449,0.3419199362537403,0.20509116498170732,0.11297035260746503,0.42913400960366854,0.24974722950593164,0.0002887280673824627,0.9192184817277624,-0.3490324981780923,0.008105373701197117,0.33376984236240614,0.26300905209650427,0.0037023735030588764,-0.8646209502996443,-0.009208057025502824,-0.09132870580537428,-0.3500442587582968,0.18765943160310586,0.3380751423334559,0.2068361988170255,0.11078692102856065,0.41430848301382867,0.28967377193224714,-0.004145272145428384,0.9033744351990511,-0.3387046847838812,0.011658863098557171,0.3250604200136492,0.23279070171036764
362,True,3.629999999999822,0.0,True,True,0.0,False,,-0.0,-0.8726646259971648,0.4198159828651288,-0.07516233056931224,-0.3488526438429361,0.19564258979838015,0.3286302977881594,0.19881479375008293,0.10765677895518369,0.41647779273782753,0.2453291549381434,-0.01256192258971176,0.908547481664697,-0.34905877555269366,0.0025566022959891445,0.34036820790750055,0.2536610223481322,-0.0,-0.8726646259971648,0.4198159828651288,-0.07516233056931224,-0.3488526438429361,0.19564258979838015,0.3286302977881594,0.19881479375008293,0.10765677895518369,0.41647779273782753,0.2453291549381434,-0.01256192258971176,0.908547481664697,-0.34905877555269366,0.0025566022959891445,0.34036820790750055,0.2536610223481322,0.003665203759819387,-0.8641829013829405,-0.009300685169705593,-0.09963167990410218,-0.35002511909420175,0.18825525491794018,0.3367502119755607,0.20679492746411474,0.11170739999197052,0.41398559088137427,0.28114296015928447,-0.005011065642079177,0.9060438208568418,-0.34059240416209974,0.0101489013209289,0.32723140391152816,0.2380444215339871
363,True,3.6399999999998207,0.0,True,True,0.0,False,,-0.0,-0.8726646259971648,0.42925169779476313,-0.057951116705126746,-0.34901596692172376,0.19670684567982316,0.3388759635549919,0.18437029995815596,0.11072383962689522,0.4336109531909625,0.22695977528680894,-0.003458568243602421,0.9061051186996677,-0.34903998250180956,0.004399816708380719,0.352036713732934,0.2439638452905475,-0.0,-0.8726646259971648,0.42925169779476313,-0.057951116705126746,-0.34901596692172376,0.19670684567982316,0.3388759635549919,0.18437029995815596,0.11072383962689522,0.4336109531909625,0.22695977528680894,-0.003458568243602421,0.9061051186996677,-0.34903998250180956,0.004399816708380719,0.352036713732934,0.2439638452905475,0.0031833424321797543,-0.8638340865208815,-0.009404731916208237,-0.09916874306494504,-0.3500071622512701,0.18885409967250963,0.33659485244832477,0.20489828082758213,0.11254051239713836,0.41514110429140416,0.27210265317737564,-0.005500494039189166,0.9076412103758494,-0.34114600539927703,0.008969070543508862,0.3306192047231055,0.2412287115731839
364,True,3.6499999999998196,0.0,True,True,0.0,False,,-0.0,-0.8726646259971648,0.41463214052680586,-0.0019474632396851224,-0.349044238546117,0.19603745601579503,0.32013235397533346,0.1807665267408788,0.11128108136686003,0.4138986546889562,0.21011191351981584,-0.003288458349968603,0.9012394270449353,-0.34905464321736746,0.0038791931308718684,0.3392764564070331,0.24267825091139666,-0.0,-0.8726646259971648,0.41463214052680586,-0.0019474632396851224,-0.349044238546117,0.19603745601579503,0.32013235397533346,0.1807665267408788,0.11128108136686003,0.4138986546889562,0.21011191351981584,-0.003288458349968603,0.9012394270449353,-0.34905464321736746,0.0038791931308718684,0.3392764564070331,0.24267825091139666,0.002179597413728449,-0.8635705439741898,-0.009496626650612409,-0.0901429850816489,-0.34999059011435035,0.18957897631510498,0.3358174211668567,0.20168731307324944,0.1132363840957126,0.41609293214254645,0.2618840114171089,-0.0054570372044381015,0.9082170278392195,-0.34110335383318585,0.008091147439775933,0.33358228679451507,0.24274329079676982
365,True,3.6599999999998185,0.018323076281330165,False,True,0.0,False,,-0.0,-0.8726646259971648,0.4121449120112496,0.09298092338706102,-0.3486551071107043,0.1988004339863516,0.3018133732710262,0.17809860765891514,0.11875439210915638,0.3883119176113176,0.1944554595698431,0.0010106273762590778,0.8723651799080825,-0.3490613215096753,0.0016592386369583994,0.3245753205800952,0.24169783926719263,-0.0,-0.8726646259971648,0.4121449120112496,0.09298092338706102,-0.3486551071107043,0.1988004339863516,0.3018133732710262,0.17809860765891514,0.11875439210915638,0.3883119176113176,0.1944554595698431,0.0010106273762590778,0.8723651799080825,-0.3490613215096753,0.0016592386369583994,0.3245753205800952,0.24169783926719263,0.0005392385812919844,-0.8633717183089582,-0.009566336055874846,-0.06912256421411829,-0.34997030291198017,0.190518069340936,0.3327252520885402,0.19786978089586665,0.11429702292047443,0.41427403576431276,0.25058545772946067,-0.004861854703974269,0.9059652165279957,-0.34084093424557516,0.007253519185990747,0.3344776479667606,0.2433513036177691
366,True,3.6699999999998174,0.031735623927558056,False,True,0.0,False,,-0.0,-0.8726646259971648,0.4228029482069905,0.17740802017214657,-0.34900279099820236,0.19300761922264117,0.3280151736350106,0.15302381736907933,0.11601982250282386,0.41305829686302736,0.19864891323063383,-0.0031829514362272885,0.8843108756960911,-0.34906515510074115,-0.006159118327191491,0.3363431763973277,0.24775879537636766,-0.0,-0.8726646259971648,0.4228029482069905,0.17740802017214657,-0.34900279099820236,0.19300761922264117,0.3280151736350106,0.15302381736907933,0.11601982250282386,0.41305829686302736,0.19864891323063383,-0.0031829514362272885,0.8843108756960911,-0.34906515510074115,-0.006159118327191491,0.3363431763973277,0.24775879537636766,-0.0010779109968793996,-0.8632382891251238,-0.009610158858095894,-0.03539602595531874,-0.3499496304890129,0.19141343690917584,0.33016629627072,0.19213497022426065,0.115218444289529,0.4126124567541007,0.23988715853264236,-0.0042405945953598815,0.9026362784575124,-0.3405331499084272,0.005873532897916964,0.3347469946107889,0.24393577069488465
367,True,3.6799999999998163,0.0451662162201634,False,True,0.0,False,,-0.0,-0.8726646259971648,0.4257855226527828,0.140249853947309,-0.3490382361803143,0.19899816003467222,0.32759222007758554,0.15222854782658296,0.12171669424967627,0.4083294585327563,0.1989698033477703,0.0010381916263301413,0.8882734305047941,-0.34906554592222677,-0.005257873326682521,0.3366829873114807,0.2421964115661754,-0.0,-0.8726646259971648,0.4257855226527828,0.140249853947309,-0.3490382361803143,0.19899816003467222,0.32759222007758554,0.15222854782658296,0.12171669424967627,0.4083294585327563,0.1989698033477703,0.0010381916263301413,0.8882734305047941,-0.34906554592222677,-0.005257873326682521,0.3366829873114807,0.2421964115661754,-0.0024470968737980146,-0.8631901512089198,-0.009644835536958274,3.0261760804009124e-05,-0.3499227358854915,0.19239179090009095,0.3290242351971678,0.1852627422132922,0.11628908042491057,0.4118353390669162,0.23087356604884515,-0.003517683482835931,0.8999881306230618,-0.34025260699564774,0.004191377049028508,0.33517507800994917,0.2442778891268357
368,True,3.689999999999815,0.056396076610631625,False,True,0.0,False,,-0.0,-0.8726646259971648,0.4274172281014086,0.13812533054926618,-0.3490554716237369,0.19548398136515882,0.34489239432441066,0.14685494409361846,0.1179395847644743,0.4212120265172332,0.20180729253556948,-0.0029137417148990593,0.8957654145970592,-0.34906573596163987,-0.005715292019220183,0.36414536029269573,0.21712215872155433,-0.0,-0.8726646259971648,0.4274172281014086,0.13812533054926618,-0.3490554716237369,0.19548398136515882,0.34489239432441066,0.14685494409361846,0.1179395847644743,0.4212120265172332,0.20180729253556948,-0.0029137417148990593,0.8957654145970592,-0.34906573596163987,-0.005715292019220183,0.36414536029269573,0.21712215872155433,-0.0034544772688344942,-0.863199697164085,-0.009672807295841482,0.03047124585519583,-0.34988229676391025,0.19324016911236366,0.32972799955869647,0.17827919425149277,0.11728412886097343,0.4123572420283321,0.22383059428669413,-0.0029666705358212956,0.8986320713511826,-0.34002437482675923,0.0025693346168885692,0.3377719235770306,0.24231204801761905
369,True,3.699999999999814,0.0587940624969619,False,True,0.0,False,,-0.0,-0.8726646259971648,0.4054895904877823,0.2609075120512295,-0.3488890961725419,0.1888931728600046,0.3592219916805618,0.1236485703234604,0.11282645763061572,0.41697153813074106,0.25158834662304547,-0.01830276686529925,0.884748010366246,-0.34906583573151295,-0.010254028541013625,0.40714886128431793,0.14378677921651348,-0.0,-0.8726646259971648,0.4054895904877823,0.2609075120512295,-0.3488890961725419,0.1888931728600046,0.3592219916805618,0.1236485703234604,0.11282645763061572,0.41697153813074106,0.25158834662304547,-0.01830276686529925,0.884748010366246,-0.34906583573151295,-0.010254028541013625,0.40714886128431793,0.14378677921651348,-0.004147177654629156,-0.8632068954135301,-0.009685048092386517,0.06477266850716663,-0.3498493830737646,0.19349732568432623,0.3329064518755809,0.1700272162146883,0.11761424347223003,0.41340648700178523,0.22237077763335614,-0.0037742613118887255,0.8974217106266081,-0.33985334835025066,0.0007959775501574883,0.3453751791682668,0.23287073209385387
370,True,3.709999999999813,0.07755123876255075,False,True,0.0,False,,-0.0,-0.8726646259971648,0.38516668029754175,0.3916748477499734,-0.3490658503988659,0.18172097888850727,0.4715189039730656,0.09193097020724994,0.11376691046627278,0.47208957022521597,0.2910008349071915,-0.0140446954402244,0.9166475189189208,-0.3490658503988659,0.0011874789622892765,0.41642323910638557,0.1807086528269537,-0.0,-0.8726646259971648,0.38516668029754175,0.3916748477499734,-0.3490658503988659,0.18172097888850727,0.4715189039730656,0.09193097020724994,0.11376691046627278,0.47208957022521597,0.2910008349071915,-0.0140446954402244,0.9166475189189208,-0.3490658503988659,0.0011874789622892765,0.41642323910638557,0.1807086528269537,-0.003987253518765436,-0.8631946422637607,-0.009675928502968383,0.11155044432424871,-0.34982778647687884,0.19277580902412764,0.3459768504487334,0.15876109631800972,0.11748617775114571,0.41857362803154446,0.22829554685080428,-0.005295036700957388,0.8984039397285135,-0.33973544803629724,-0.00022168111408208842,0.356519453594868,0.22161338262903538
371,True,3.719999999999812,0.3504942782347302,False,True,0.0,False,,-0.0,-0.8362972518181531,0.34004657430345914,0.5191193835118612,-0.3490658503988659,0.10470969398228089,0.7281566917005659,0.024909514745875785,0.08679775968673009,0.7283926912825078,0.2191718014616131,0.01575534000087614,1.0333268952835795,-0.3405540588811355,0.06299030002434768,0.5368421936345287,0.1511547156767626,-0.0,-0.8362972518181531,0.34004657430345914,0.5191193835118612,-0.3490658503988659,0.10470969398228089,0.7281566917005659,0.024909514745875785,0.08679775968673009,0.7283926912825078,0.2191718014616131,0.01575534000087614,1.0333268952835795,-0.3405540588811355,0.06299030002434768,0.5368421936345287,0.1511547156767626,-0.001080537822552181,-0.8615835302140606,-0.009678842568323685,0.1729341520742886,-0.3498143236045386,0.18572024157370187,0.38576441101623815,0.1409516311510216,0.11523719131050623,0.4466370655411873,0.23226629774957241,-0.004626672646076072,0.9103449997708354,-0.3396205274246388,0.00425932843461896,0.37757666575886906,0.21001021309501017
372,True,3.729999999999811,0.958590412320206,False,True,0.0,False,,-0.0,-0.6290791963434669,0.13615442819346413,0.5983504895460721,-0.3490658503988659,0.023610873207335237,0.8683601355078217,-0.06823514725093476,0.045564935127626466,0.8379977032921447,0.19236537031771186,-0.0039879248123226504,0.9974109312180566,-0.20535510389745754,0.0900010940007856,0.5806824713607805,0.0562983248342403,-0.0,-0.6290791963434669,0.13615442819346413,0.5983504895460721,-0.3490658503988659,0.023610873207335237,0.8683601355078217,-0.06823514725093476,0.045564935127626466,0.8379977032921447,0.19236537031771186,-0.0039879248123226504,0.9974109312180566,-0.20535510389745754,0.0900010940007856,0.5806824713607805,0.0562983248342403,0.0033140075771706935,-0.8426334848826534,-0.009714266434409723,0.24393156284913875,-0.3498432361541908,0.16778669539793867,0.4526212166760769,0.1126398810940974,0.1082624732448906,0.49912388725118667,0.2301010121323278,-0.0034950316733554985,0.9270450343165887,-0.3289628718407527,0.014924382132113688,0.40829603710666823,0.1910014235726074
373,True,3.7399999999998097,1.4638759646597825,False,True,0.0,False,,-0.0,-0.5386644684670912,0.0014561781633977977,0.6436079697009989,-0.34906585039886584,-0.006015863196955153,0.9299154652498182,0.0480509251169478,0.0354477090476608,0.9590730027533104,0.12185664895478293,0.006420352374417887,0.9674126921665906,-0.08195787089893614,0.13122369778049514,0.5764436030238891,0.029132596541943306,-0.0,-0.5386644684670912,0.0014561781633977977,0.6436079697009989,-0.34906585039886584,-0.006015863196955153,0.9299154652498182,0.0480509251169478,0.0354477090476608,0.9590730027533104,0.12185664895478293,0.006420352374417887,0.9674126921665906,-0.08195787089893614,0.13122369778049514,0.5764436030238891,0.029132596541943306,0.007124723006795068,-0.8036147067124028,-0.009700579987880797,0.31721403573403856,-0.3498545032742023,0.1418411754355835,0.5329342720461374,0.08906432908153392,0.09766034850778027,0.5692181082058757,0.219154988447,-0.0022706412204240504,0.9400260410734462,-0.30038218476280604,0.03112578357640822,0.4407367678160264,0.16546363216468152
374,True,3.7499999999998086,1.4511211955816572,False,True,0.0,False,,-0.0,-0.5602681580877813,0.05405986677261712,0.6258956285468567,-0.3490658503988656,-0.05642694624420648,0.9871753637515985,0.310650000994241,-0.006535651140848434,1.1281017438810688,0.046826934272627324,-0.010361390327434734,0.9783169857295115,0.016734085228223783,0.13704526855138274,0.5553449840188609,0.039081371013355355,-0.0,-0.5602681580877813,0.05405986677261712,0.6258956285468567,-0.3490658503988656,-0.05642694624420648,0.9871753637515985,0.310650000994241,-0.006535651140848434,1.1281017438810688,0.046826934272627324,-0.010361390327434734,0.9783169857295115,0.016734085228223783,0.13704526855138274,0.5553449840188609,0.039081371013355355,0.009615977546349203,-0.7587259770026626,-0.009691213498846956,0.3836251344466659,-0.349816504106658,0.11038437643347428,0.6161565837078777,0.09536863703999891,0.0831209378562085,0.6535174648908705,0.19733429249095955,-0.0019413693629950666,0.94961520877298,-0.2553833262170805,0.04987057230226984,0.4682908696343462,0.14006772572247259
375,True,3.7599999999998075,1.7156521004190786,False,True,0.0,False,,-0.0,-0.50665227137478,0.04879506760707077,0.6712581078670499,-0.34906585039886573,-0.1420067981051922,1.1510160971772612,0.3827998884489347,-0.08948702093624265,1.350754659138898,0.02967099231903921,-0.04044344464165704,1.0534750665396755,0.021371207071033793,0.15371937067896052,0.5754388554058861,0.024865484044247953,-0.0,-0.50665227137478,0.04879506760707077,0.6712581078670499,-0.34906585039886573,-0.1420067981051922,1.1510160971772612,0.3827998884489347,-0.08948702093624265,1.350754659138898,0.02967099231903921,-0.04044344464165704,1.0534750665396755,0.021371207071033793,0.15371937067896052,0.5754388554058861,0.024865484044247953,0.010896986702737574,-0.7132617918285751,-0.00968684875286223,0.4424508897786377,-0.34975498306121616,0.07168726924150559,0.7047322148186619,0.12879402687889743,0.06069589576700653,0.7469370797125547,0.16950127733931844,-0.004888220818851569,0.9629014040097468,-0.2049225702041901,0.06908134190961342,0.49137557779291724,0.11696954127372286
376,True,3.7699999999998064,1.2420804797534353,False,True,0.0,False,,-0.0,-0.2267000672016145,-0.29739912055737594,0.7371772885669305,-0.3490658503988658,-0.03720140252159851,1.4184253472567374,0.4658886433127569,0.3057709156240261,1.5882496193148399,0.27155473154060156,0.06805084345734477,1.1826797826850406,0.1571549480685765,0.3067789922584839,0.5848453265398507,0.05323761489171806,-0.0,-0.2267000672016145,-0.29739912055737594,0.7371772885669305,-0.3490658503988658,-0.03720140252159851,1.4184253472567374,0.4658886433127569,0.3057709156240261,1.5882496193148399,0.27155473154060156,0.06805084345734477,1.1826797826850406,0.1571549480685765,0.3067789922584839,0.5848453265398507,0.05323761489171806,0.012043828441511908,-0.6489548342309678,-0.03229035155354232,0.49804701983906075,-0.3497070520314375,0.03880720883053506,0.7991895317462793,0.17863738586414768,0.06362712172997934,0.8442285085171637,0.16089968487527231,-0.0019535461550977424,0.9889054930784914,-0.1473838841108353,0.09848503945743622,0.5114675436374444,0.09920319667633529
377,True,3.7799999999998053,0.2697278851306552,False,True,0.0,False,,-0.0,-0.2267000672016145,-0.29739912055737594,0.7371772885669305,-0.3490658503988658,-0.03720140252159851,1.4184253472567374,0.4658886433127569,0.3057709156240261,1.5882496193148399,0.27155473154060156,0.06805084345734477,1.1826797826850406,0.1571549480685765,0.3067789922584839,0.5848453265398507,0.05323761489171806,-0.0,-0.2267000672016145,-0.29739912055737594,0.7371772885669305,-0.3490658503988658,-0.03720140252159851,1.4184253472567374,0.4658886433127569,0.3057709156240261,1.5882496193148399,0.27155473154060156,0.06805084345734477,1.1826797826850406,0.1571549480685765,0.3067789922584839,0.5848453265398507,0.05323761489171806,0.011893977978227091,-0.5736544252036274,-0.07275637098286104,0.5484871126366836,-0.34966670930307414,0.016131618822978536,0.8970403463818895,0.23250503376083612,0.09225279729959829,0.9431622731985506,0.17041436418401879,0.0072375237239766365,1.022264805482471,-0.08842093508435613,0.13470562621058976,0.52828087192822,0.08675080639021186
378,True,3.789999999999804,0.0,True,True,0.0,False,,-0.0,-0.20787674322759392,-0.3490658503988659,0.7703634938201573,-0.34906585039886506,-0.001671952692959583,1.3990311784826353,0.548002904244547,0.345990429967678,1.5882496193148392,0.349138132914346,0.08594148284452972,1.1871214802974266,0.2393829176315361,0.2909769037777066,0.5598400079279875,0.04948081038541377,-0.0,-0.20787674322759392,-0.3490658503988659,0.7703634938201573,-0.34906585039886506,-0.001671952692959583,1.3990311784826353,0.548002904244547,0.345990429967678,1.5882496193148392,0.349138132914346,0.08594148284452972,1.1871214802974266,0.2393829176315361,0.2909769037777066,0.5598400079279875,0.04948081038541377,0.00960670795446548,-0.5011676562414028,-0.11984219082213161,0.5936663344451786,-0.34960923066443717,0.0031533552808768175,0.9942420344478006,0.2881936834749409,0.12647228765401258,1.0394102321042409,0.19230136051072538,0.023036852149369708,1.0582834403912944,-0.029292481708933445,0.16858420394721652,0.5398544398333236,0.07762083133235687
379,True,3.799999999999803,0.09987525426961802,False,True,0.0,False,,-0.0,-0.1280504461707233,-0.3490658503988659,0.7810811211499956,-0.34906585039886534,-0.013548664797233408,1.33970689282419,0.6916502332259542,0.15917058268324677,1.5776857128612551,0.4583906511391835,0.07490561197143482,1.1593932843672372,0.4074604806852404,0.19489656916220438,0.5419225094947967,0.050034440701006114,-0.0,-0.1280504461707233,-0.3490658503988659,0.7810811211499956,-0.34906585039886534,-0.013548664797233408,1.33970689282419,0.6916502332259542,0.15917058268324677,1.5776857128612551,0.4583906511391835,0.07490561197143482,1.1593932843672372,0.4074604806852404,0.19489656916220438,0.5419225094947967,0.050034440701006114,0.004815787477761289,-0.4314266427191588,-0.16623655413873703,0.6334857574969215,-0.34956329406425224,-0.0037368081979932822,1.0770629701778627,0.3527310277563558,0.13809799138624812,1.1280413037129409,0.22778622813756308,0.045437476639378874,1.094752773827988,0.039729894960433665,0.1898291457195935,0.5455873380781562,0.07080558596877817
380,True,3.809999999999802,0.39876061740938606,False,True,0.0,False,,-0.0,-0.12650407239368142,-0.34906585039886584,0.7591117398404732,-0.34906585039886545,-0.02290609831242495,1.3566669649262533,0.6844401378769052,0.15274284323722745,1.5882496193148399,0.4385564393830222,0.0571118349569253,1.1615961296082113,0.4036782174906262,0.19485243829940818,0.5429273935222074,0.052179281600187706,-0.0,-0.12650407239368142,-0.34906585039886584,0.7591117398404732,-0.34906585039886545,-0.02290609831242495,1.3566669649262533,0.6844401378769052,0.15274284323722745,1.5882496193148399,0.4385564393830222,0.0571118349569253,1.1615961296082113,0.4036782174906262,0.19485243829940818,0.5429273935222074,0.052179281600187706,-0.001998269536536184,-0.36766354556050257,-0.20693123458184756,0.6652493239238698,-0.34950166311853875,-0.008426581690128093,1.1435894335579397,0.41829057098290645,0.14113409931662388,1.2149982545975795,0.2676374531723386,0.05945901741368391,1.1207575983185754,0.11075491086734252,0.19966612778279316,0.5477426185948029,0.06590650969013473
381,True,3.819999999999801,0.39859632542557416,False,True,0.0,False,,-0.0,-0.12650407239368142,-0.34906585039886584,0.7591117398404732,-0.34906585039886545,-0.02290609831242495,1.3566669649262533,0.6844401378769052,0.15274284323722745,1.5882496193148399,0.4385564393830222,0.0571118349569253,1.1615961296082113,0.4036782174906262,0.19485243829940818,0.5429273935222074,0.052179281600187706,-0.0,-0.12650407239368142,-0.34906585039886584,0.7591117398404732,-0.34906585039886545,-0.02290609831242495,1.3566669649262533,0.6844401378769052,0.15274284323722745,1.5882496193148399,0.4385564393830222,0.0571118349569253,1.1615961296082113,0.4036782174906262,0.19485243829940818,0.5429273935222074,0.052179281600187706,-0.009890477053674521,-0.31366342324724966,-0.24052717117772834,0.6892491743902326,-0.34942501039649476,-0.012010785253142113,1.1964657821776103,0.47628201409173965,0.14377895403084842,1.2949400674509894,0.3039880269422534,0.0651790714242214,1.1370825390772041,0.17405880546067304,0.20357590313062285,0.5482918127154467,0.062440913745606834
382,True,3.8299999999998,0.0,True,True,0.0,False,,-0.0,-0.12743848297692115,-0.3402150926580182,0.7735003953891917,-0.34906585039886545,0.0005356061371359494,1.332511003280284,0.725083126491832,0.16086548110253127,1.5647348056024342,0.5085975058820399,0.07829229515133698,1.1424189382958794,0.43933681844096545,0.19926332440394276,0.5260270737520519,0.0670676041816434,-0.0,-0.12743848297692115,-0.3402150926580182,0.7735003953891917,-0.34906585039886545,0.0005356061371359494,1.332511003280284,0.725083126491832,0.16086548110253127,1.5647348056024342,0.5085975058820399,0.07829229515133698,1.1424189382958794,0.43933681844096545,0.19926332440394276,0.5260270737520519,0.0670676041816434,-0.017971755634732717,-0.27084489213985025,-0.2666235490751551,0.7081252808459201,-0.34942241559743553,-0.012582295502513297,1.2347987390349697,0.5268886996301275,0.146576548560185,1.361113461328072,0.3402650212628304,0.06836632958981506,1.1460567076762425,0.2296104989531845,0.20492834140088964,0.5468547456872667,0.06107764055614379
383,True,3.8399999999997987,0.0,True,True,0.0,False,,-0.0,-0.12743848297692115,-0.3402150926580182,0.7735003953891917,-0.34906585039886545,0.0005356061371359494,1.332511003280284,0.725083126491832,0.16086548110253127,1.5647348056024342,0.5085975058820399,0.07829229515133698,1.1424189382958794,0.43933681844096545,0.19926332440394276,0.5260270737520519,0.0670676041816434,-0.0,-0.12743848297692115,-0.3402150926580182,0.7735003953891917,-0.34906585039886545,0.0005356061371359494,1.332511003280284,0.725083126491832,0.16086548110253127,1.5647348056024342,0.5085975058820399,0.07829229515133698,1.1424189382958794,0.43933681844096545,0.19926332440394276,0.5260270737520519,0.0670676041816434,-0.025511566260431204,-0.2486639781658737,-0.2849310811643746,0.719454307252257,-0.3502795321674679,-0.005474880882881933,1.2485738665351218,0.5597460861785447,0.14941842758116436,1.413123031616442,0.37497398901421675,0.07090068451131427,1.1502231606914834,0.27686652717314747,0.20522828352385086,0.5441602153341951,0.06126718292845181
384,True,3.8499999999997976,0.0,True,True,0.0,False,,-0.0,-0.11597970509636493,-0.3477080876494464,0.7939825249309578,-0.3490658503988656,-0.03133636813448127,1.3810375943159026,0.7065299024272929,0.13101201752410024,1.5591079036594115,0.5384565003988423,0.07376259362274969,1.1302747777527644,0.48136289086223716,0.19545012260893038,0.5164479264753734,0.09847053600630452,-0.0,-0.11597970509636493,-0.3477080876494464,0.7939825249309578,-0.3490658503988656,-0.03133636813448127,1.3810375943159026,0.7065299024272929,0.13101201752410024,1.5591079036594115,0.5384565003988423,0.07376259362274969,1.1302747777527644,0.48136289086223716,0.19545012260893038,0.5164479264753734,0.09847053600630452,-0.03161468589836408,-0.24140589733286325,-0.2972838962510991,0.7262370494186651,-0.3519757493047496,0.0031178979221702942,1.2495297642691137,0.5764081958932761,0.1496914381703775,1.4528368408032462,0.4073115758691633,0.07252979723153476,1.1510544722792944,0.31852693444892743,0.20478059622685008,0.5405492686224856,0.06454961105599694
385,True,3.8599999999997965,0.0,True,True,0.0,False,,-0.0,-0.11597970509636493,-0.3477080876494464,0.7939825249309578,-0.3490658503988656,-0.03133636813448127,1.3810375943159026,0.7065299024272929,0.13101201752410024,1.5591079036594115,0.5384565003988423,0.07376259362274969,1.1302747777527644,0.48136289086223716,0.19545012260893038,0.5164479264753734,0.09847053600630452,-0.0,-0.11597970509636493,-0.3477080876494464,0.7939825249309578,-0.3490658503988656,-0.03133636813448127,1.3810375943159026,0.7065299024272929,0.13101201752410024,1.5591079036594115,0.5384565003988423,0.07376259362274969,1.1302747777527644,0.48136289086223716,0.19545012260893038,0.5164479264753734,0.09847053600630452,-0.03597052187017048,-0.24120082365959766,-0.30617403732762255,0.7312847076619033,-0.3537039893287975,0.009732997450903355,1.2461309410724777,0.5838337380923315,0.14775828301188781,1.482628134829461,0.43602097486119684,0.07342232297308503,1.1499722529726237,0.35464555146606463,0.20392745218149735,0.5366357576809377,0.06991129972889819
386,True,3.8699999999997954,0.0,True,True,0.0,False,,-0.0,-0.14456466369897084,-0.3474707614485325,0.8159776374781429,-0.34906585039886556,0.0003969877828158136,1.343974692531891,0.7071572009481091,0.049302159513870514,1.537565161592406,0.5856314818085496,0.10774549050646674,1.0988788652426646,0.4949955566880239,0.16197093719573666,0.4428926905096525,0.1294095451968581,-0.0,-0.14456466369897084,-0.3474707614485325,0.8159776374781429,-0.34906585039886556,0.0003969877828158136,1.343974692531891,0.7071572009481091,0.049302159513870514,1.537565161592406,0.5856314818085496,0.10774549050646674,1.0988788652426646,0.4949955566880239,0.16197093719573666,0.4428926905096525,0.1294095451968581,-0.038947886664727205,-0.24462301119455204,-0.31286995421415975,0.7369531229947928,-0.3552884436867199,0.01639431303121768,1.2408214746477257,0.5884185816561565,0.13874925789026504,1.5031352460636294,0.4635955846732018,0.07651273780223075,1.1457979061865249,0.38536756480990125,0.20047250327033,0.527369094697535,0.0779704599146799
387,True,3.8799999999997943,0.0,True,True,0.0,False,,-0.0,-0.13121874139418213,-0.2906444367559304,0.7953631828933463,-0.3490658503988656,-0.03485907461130849,1.3754701845574733,0.6950934274281384,0.08086783051872404,1.5715122499633414,0.5230104741160371,0.09790809162230511,1.1337187138087381,0.47114199048958894,0.16978447413482647,0.4737768404680355,0.12676857232855476,-0.0,-0.13121874139418213,-0.2906444367559304,0.7953631828933463,-0.3490658503988656,-0.03485907461130849,1.3754701845574733,0.6950934274281384,0.08086783051872404,1.5715122499633414,0.5230104741160371,0.09790809162230511,1.1337187138087381,0.47114199048958894,0.16978447413482647,0.4737768404680355,0.12676857232855476,-0.04041167988294241,-0.24881063051419602,-0.31673188533741437,0.7416301764831095,-0.3566549081279582,0.020146974326604485,1.2348966538885404,0.5906291405319335,0.12721379512917794,1.5191872712271395,0.48430617383476243,0.08070885429013047,1.1422514445697016,0.4089004350966966,0.19562278242653822,0.5165252158562706,0.08711776680678042
388,True,3.889999999999793,0.0,True,True,0.0,False,,-0.0,-0.12422777444825762,-0.2430132010613748,0.7781147739091389,-0.3490658503988657,-0.026773339909714478,1.3486431835523296,0.7265296468650617,0.11115520776045487,1.5424840831999116,0.5537128081282447,0.08526925497845333,1.1013314394184495,0.487035519486281,0.17294027054397412,0.44513263668546826,0.12741587988999553,-0.0,-0.12422777444825762,-0.2430132010613748,0.7781147739091389,-0.3490658503988657,-0.026773339909714478,1.3486431835523296,0.7265296468650617,0.11115520776045487,1.5424840831999116,0.5537128081282447,0.08526925497845333,1.1013314394184495,0.487035519486281,0.17294027054397412,0.44513263668546826,0.12741587988999553,-0.040832827657362354,-0.2515283933361412,-0.3163763248730971,0.7435055637857395,-0.35775049969569733,0.02093725479269072,1.22678032944812,0.5936977271186302,0.1195787516445136,1.5305578777413869,0.4998083923590915,0.08353414408045813,1.138183049792924,0.42710622989770297,0.19123810333754915,0.5052312071067669,0.0955664639082558
389,True,3.899999999999792,0.0,True,True,0.0,False,,-0.0,-0.13415969792953936,-0.3008506122258408,0.7963642206991024,-0.34906585039886523,-0.03795654301655996,1.3648683563857895,0.7062299806489126,0.09678190498419853,1.561338970513851,0.5392067239225704,0.09124574501368117,1.1084132083300247,0.4884555680547727,0.17416599230179008,0.4560083816704733,0.1228504655694023,-0.0,-0.13415969792953936,-0.3008506122258408,0.7963642206991024,-0.34906585039886523,-0.03795654301655996,1.3648683563857895,0.7062299806489126,0.09678190498419853,1.561338970513851,0.5392067239225704,0.09124574501368117,1.1084132083300247,0.4884555680547727,0.17416599230179008,0.4560083816704733,0.1228504655694023,-0.040220029050633155,-0.2532066256610458,-0.3165084495384956,0.7450406873699162,-0.3584988254432621,0.019878919143130763,1.2195655032694879,0.5963689004674891,0.11446636406336973,1.538964487832582,0.5114030052706215,0.08544213562681487,1.1336482731573412,0.4417410368148918,0.18775639817026343,0.4947983896881461,0.10238979236841357
390,True,3.909999999999791,0.0,True,True,0.0,False,,-0.0,-0.13588348607672282,-0.2793087730634223,0.8018656303672513,-0.3490658503988652,-0.023942633531547037,1.3740347880831338,0.7063759399685109,0.057050033843119415,1.5631855952685452,0.5630610248457376,0.11402808976511172,1.1427629080125181,0.46742312027512933,0.16883295752098113,0.4779195856771298,0.12110796011742433,-0.0,-0.13588348607672282,-0.2793087730634223,0.8018656303672513,-0.3490658503988652,-0.023942633531547037,1.3740347880831338,0.7063759399685109,0.057050033843119415,1.5631855952685452,0.5630610248457376,0.11402808976511172,1.1427629080125181,0.46742312027512933,0.16883295752098113,0.4779195856771298,0.12110796011742433,-0.038629233500039196,-0.2546891861588107,-0.31800941244019226,0.7473871978036707,-0.3590346321684348,0.01869347267293711,1.2146692531846572,0.5978585528276575,0.10730885827762157,1.5459727225621047,0.5213557999087276,0.08872831650399475,1.1322169754470757,0.45156819432451917,0.1846951574652221,0.48801247017852106,0.10741091877263517
391,True,3.91999999999979,0.0,True,True,0.0,False,,-0.0,-0.14727556294012012,-0.2615867759337331,0.8109508718161609,-0.34906585039886556,-0.06074880005362401,1.3910927960592685,0.7038765496107484,0.04678581231568135,1.5624078081871835,0.5634056032859605,0.10141097885302194,1.1225325613758033,0.4987079488745937,0.1602679893543554,0.455291925922655,0.13679843760539928,-0.0,-0.14727556294012012,-0.2615867759337331,0.8109508718161609,-0.34906585039886556,-0.06074880005362401,1.3910927960592685,0.7038765496107484,0.04678581231568135,1.5624078081871835,0.5634056032859605,0.10141097885302194,1.1225325613758033,0.4987079488745937,0.1602679893543554,0.455291925922655,0.13679843760539928,-0.036589262640390335,-0.25736593629545357,-0.31923623975840437,0.7505168108331838,-0.35953885361914756,0.015083977358737998,1.2117205515474023,0.5984154358006888,0.0978136573467527,1.5515742427835588,0.530422572985996,0.09210827590127457,1.1319984902682578,0.4599678767439132,0.1813000507162994,0.48257571992606224,0.11229858503542689
392,True,3.9299999999997888,0.0,True,True,0.0,False,,-0.0,-0.1429257115189958,-0.2735696343153168,0.8049110155901612,-0.34906585039886556,-0.04468880248407259,1.3683996575772719,0.7136707564257998,0.05707185855238147,1.5500506903442373,0.5754201692321533,0.09403149464617182,1.1070222838888057,0.4956344105444909,0.16498586913346175,0.4427202897604608,0.13332769414937248,-0.0,-0.1429257115189958,-0.2735696343153168,0.8049110155901612,-0.34906585039886556,-0.04468880248407259,1.3683996575772719,0.7136707564257998,0.05707185855238147,1.5500506903442373,0.5754201692321533,0.09403149464617182,1.1070222838888057,0.4956344105444909,0.16498586913346175,0.4427202897604608,0.13332769414937248,-0.0345451122755626,-0.25998524429346526,-0.32032938433795727,0.753589156655935,-0.3599357867682125,0.010608284676784457,1.209302401904761,0.599436104185789,0.08888337575124212,1.55495670870403,0.5390329276568725,0.09408751610949882,1.130392356033339,0.4677954138755507,0.17816311653633174,0.4764756014460059,0.11690202542814586
393,True,3.9399999999997877,0.0,True,True,0.0,False,,-0.0,-0.14278599969508332,-0.2597329799985502,0.7940184320376446,-0.34906585039886556,-0.021238135335441426,1.3515061690617185,0.7306372311032426,0.061975996006493075,1.55634351394827,0.561766527705723,0.10011928511664309,1.1216399248858462,0.4737562498758091,0.16932770634851457,0.4434098784380768,0.13213467200152168,-0.0,-0.14278599969508332,-0.2597329799985502,0.7940184320376446,-0.34906585039886556,-0.021238135335441426,1.3515061690617185,0.7306372311032426,0.061975996006493075,1.55634351394827,0.561766527705723,0.10011928511664309,1.1216399248858462,0.4737562498758091,0.16932770634851457,0.4434098784380768,0.13213467200152168,-0.03258589206493897,-0.26127708189099386,-0.32071452731064076,0.7557561598097079,-0.3600872014610427,0.008309131249765771,1.2057741587798698,0.6026306602094105,0.08200585407345998,1.5570334608726908,0.5458243242807451,0.09544198411374308,1.1289153877988856,0.4726094839465928,0.17598961427671514,0.4703712594472858,0.12061213481289822
394,True,3.9499999999997866,0.0,True,True,0.0,False,,-0.0,-0.16955277776244254,-0.25473946802994085,0.8177929766282347,-0.3490658503988659,-0.006497389565314043,1.3722539117571655,0.6883261395800685,0.07271027195309261,1.5490123697300735,0.560149637799369,0.13368788272975948,1.110427931802766,0.5335800720047924,0.17688117712665327,0.448657441329529,0.1716317648782109,-0.0,-0.16955277776244254,-0.25473946802994085,0.8177929766282347,-0.3490658503988659,-0.006497389565314043,1.3722539117571655,0.6883261395800685,0.07271027195309261,1.5490123697300735,0.560149637799369,0.13368788272975948,1.110427931802766,0.5335800720047924,0.17688117712665327,0.448657441329529,0.1716317648782109,-0.030604043409302117,-0.26324320388212225,-0.32096569205488973,0.7588690431028797,-0.3601226067635654,0.00856503398006139,1.2037005739849702,0.6047678528273298,0.07779636209148204,1.5580666944891082,0.5504259637302985,0.09919533273541697,1.1273079327530051,0.47951028714766386,0.17513016297943457,0.4653646786284546,0.1265791289318718
395,True,3.9599999999997855,0.0,True,True,0.0,False,,-0.0,-0.21551569859568032,-0.1889200719051083,0.7595603993734982,-0.3490658503988656,-0.0035508174016125795,1.3621815560096617,0.680372244611913,0.1651708972811587,1.5445254638140324,0.4973808516955016,0.09786528956368318,1.110882801368558,0.4664524859099953,0.20588931203246816,0.44912443138882713,0.15169039531029496,-0.0,-0.21551569859568032,-0.1889200719051083,0.7595603993734982,-0.3490658503988656,-0.0035508174016125795,1.3621815560096617,0.680372244611913,0.1651708972811587,1.5445254638140324,0.4973808516955016,0.09786528956368318,1.110882801368558,0.4664524859099953,0.20588931203246816,0.44912443138882713,0.15169039531029496,-0.028844417043917277,-0.2668697904189877,-0.3178486967453189,0.7608500661077705,-0.35913520546837974,0.00913391884728709,1.202341028772926,0.6051733663399167,0.0827470809170617,1.5580178126977215,0.5486751139655565,0.10207066901520188,1.1254868380218872,0.4835496067476195,0.1773466073860482,0.461636199960958,0.13271041655017782
396,True,3.9699999999997844,0.0,True,True,0.0,False,,-0.0,-0.628647731578512,0.1194769757661139,0.6541415544377603,-0.3490658503988659,-0.161344315684442,1.1377910274602887,0.33325318235445917,-0.09262615678544611,1.385026552033248,0.032646464983022205,-0.03359579769696627,1.1338118165649496,0.09813206456920703,0.1770016267070418,0.5052869173698923,0.021692170957125865,-0.0,-0.628647731578512,0.1194769757661139,0.6541415544377603,-0.3490658503988659,-0.161344315684442,1.1377910274602887,0.33325318235445917,-0.09262615678544611,1.385026552033248,0.032646464983022205,-0.03359579769696627,1.1338118165649496,0.09813206456920703,0.1770016267070418,0.5052869173698923,0.021692170957125865,-0.028142805006163826,-0.2972411086957957,-0.2904802454026228,0.753640108941964,-0.35738783199750856,-0.003871644026378919,1.1971367790731722,0.5839675262569936,0.07424660840680974,1.5456807483676926,0.50642425486119,0.09285325253003388,1.1257522354245793,0.4543647544164927,0.17953968557186542,0.4631922993057683,0.12720054601758932
397,True,3.9799999999997833,2.822613993585362,False,True,0.0,False,,-0.0,-0.7157870847902031,0.3180261813377856,0.46940384410480035,-0.34906585039886573,-0.018932559337863336,1.0634010975565604,0.21449732928281107,-0.002713442655238027,1.2344051104132825,-0.010081673754389934,-0.025233670616152382,1.1647550407286877,-0.05476474236325274,0.14086241512341008,0.5755854895714728,-0.029181675422178352,-0.0,-0.7157870847902031,0.3180261813377856,0.46940384410480035,-0.34906585039886573,-0.018932559337863336,1.0634010975565604,0.21449732928281107,-0.002713442655238027,1.2344051104132825,-0.010081673754389934,-0.025233670616152382,1.1647550407286877,-0.05476474236325274,0.14086241512341008,0.5755854895714728,-0.029181675422178352,-0.028277356732951064,-0.3546685858787565,-0.24571442694935136,0.7252178195937168,-0.35557032310383635,-0.016385889967868595,1.1833185652734506,0.5369130788182895,0.05841443399650758,1.5120169442061542,0.43132718650185364,0.0752929983551077,1.1300603280244046,0.3890717539584324,0.17776201891694962,0.4742965399880683,0.10859667951369008
398,True,3.989999999999782,2.508899594732894,False,True,0.0,False,,-0.0,-0.7157870847902031,0.3180261813377856,0.46940384410480035,-0.34906585039886573,-0.018932559337863336,1.0634010975565604,0.21449732928281107,-0.002713442655238027,1.2344051104132825,-0.010081673754389934,-0.025233670616152382,1.1647550407286877,-0.05476474236325274,0.14086241512341008,0.5755854895714728,-0.029181675422178352,-0.0,-0.7157870847902031,0.3180261813377856,0.46940384410480035,-0.34906585039886573,-0.018932559337863336,1.0634010975565604,0.21449732928281107,-0.002713442655238027,1.2344051104132825,-0.010081673754389934,-0.025233670616152382,1.1647550407286877,-0.05476474236325274,0.14086241512341008,0.5755854895714728,-0.029181675422178352,-0.028639906110594936,-0.42023272778340054,-0.19925396082298774,0.6839578352921708,-0.3540603875749348,-0.021795147750853314,1.16450557155185,0.4802952662016302,0.04492714190564926,1.4671464689291176,0.34947105981549537,0.05659307078222053,1.1365484304349185,0.3107437733501172,0.17316937043831165,0.4907479634011054,0.08497278358375718
399,True,3.999999999999781,2.2141531251138025,False,True,0.0,False,,-0.0,-0.8726646259971648,0.3188094518916431,0.5210645467625892,-0.34906585039886584,0.1127503019047123,0.7066430198050938,-0.01935472255359691,0.0980764086373248,0.6948980632454876,0.13960011007172093,0.02911307588264035,0.8816407942101858,0.02158064813632793,0.10254184835907777,0.419424564048794,0.12121946299250726,-0.0,-0.8726646259971648,0.3188094518916431,0.5210645467625892,-0.34906585039886584,0.1127503019047123,0.7066430198050938,-0.01935472255359691,0.0980764086373248,0.6948980632454876,0.13960011007172093,0.02911307588264035,0.8816407942101858,0.02158064813632793,0.10254184835907777,0.419424564048794,0.12121946299250726,-0.031206817883343944,-0.4938937385222334,-0.15744482953100594,0.646277151738417,-0.35290747520622956,-0.013547000050719632,1.118484129373479,0.4082828375572071,0.041746357878896884,1.4006950103075237,0.28640725023543384,0.043708891472684065,1.1215631729376416,0.24262529146676073,0.16495470166325896,0.4953288294841777,0.07399505055297668
400,True,4.00999999999978,1.9561393190070144,False,True,0.0,False,,-0.0,-0.8726646259971648,0.3733211127205773,0.4250801591875403,-0.3490658503988659,0.1486100797926146,0.6104392160475385,0.0018070997461761412,0.10584796663634514,0.6041851748029334,0.3057678901046773,0.03471148891252008,0.9176899666076171,-0.13725981755579716,0.1069567032023938,0.4130145493549321,0.20627992714633234,-0.0,-0.8726646259971648,0.3733211127205773,0.4250801591875403,-0.3490658503988659,0.1486100797926146,0.6104392160475385,0.0018070997461761412,0.10584796663634514,0.6041851748029334,0.3057678901046773,0.03471148891252008,0.9176899666076171,-0.13725981755579716,0.1069567032023938,0.4130145493549321,0.20627992714633234,-0.03480760935279661,-0.5683788714302374,-0.12255824909829134,0.6088049656353683,-0.35205228621549184,0.007095130411446879,1.0455116805955875,0.33108774314667183,0.04755402955725633,1.31539383165071,0.2570890647213125,0.03723759546064673,1.0913992474464773,0.1769825703780172,0.1550317740198609,0.4880579281885524,0.0819061896902874
401,True,4.019999999999779,1.8926653300630185,False,True,0.0,False,,-0.0,-0.8726646259971648,0.3958313751603065,0.39506054085814457,-0.3490658503988659,0.1534335234574384,0.5764722904347724,0.005879926882018405,0.1121280142343738,0.5463923340590424,0.3011978277398593,0.03623346759224508,0.8993259150003468,-0.1686040086011245,0.09778347057159878,0.39298168438547143,0.21048185119789573,-0.0,-0.8726646259971648,0.3958313751603065,0.39506054085814457,-0.3490658503988659,0.1534335234574384,0.5764722904347724,0.005879926882018405,0.1121280142343738,0.5463923340590424,0.3011978277398593,0.03623346759224508,0.8993259150003468,-0.1686040086011245,0.09778347057159878,0.39298168438547143,0.21048185119789573,-0.037717758964742755,-0.6346397053016963,-0.09476923658461404,0.5695895575232178,-0.3514528110910816,0.032165920591184005,0.9630500839655136,0.2618256118672716,0.05712701245139402,1.2222513361651055,0.25078120995378533,0.03449910795755638,1.0582516566708011,0.11132239586296556,0.14500335952352347,0.4750758443144011,0.10012301429161895
402,True,4.029999999999778,1.8787010629582446,False,True,0.0,False,,-0.0,-0.8726646259971648,0.41632673190710484,0.4104534826456484,-0.3490658503988659,0.17542996296292124,0.5752010120396616,-0.010809295636832984,0.12721848352729873,0.5309987101782313,0.26614298176613554,0.06227460215003112,0.9735704835812439,-0.3490658503988659,0.12058440067539535,0.3690580572614386,0.2943539569467878,-0.0,-0.8726646259971648,0.41632673190710484,0.4104534826456484,-0.3490658503988659,0.17542996296292124,0.5752010120396616,-0.010809295636832984,0.12721848352729873,0.5309987101782313,0.26614298176613554,0.06227460215003112,0.9735704835812439,-0.3490658503988659,0.12058440067539535,0.3690580572614386,0.2943539569467878,-0.03904576631379287,-0.6899556934914789,-0.07325508085623876,0.5341980198643664,-0.35106562360449106,0.05806095878586316,0.8846254945268631,0.20261234641357254,0.06853772309606115,1.1259756464849062,0.25153848307162513,0.03558955004403034,1.03263021674293,0.03781919311722966,0.13743748666319588,0.4586554772262095,0.1271306238747864
403,True,4.039999999999777,1.8891598059464367,False,True,0.0,False,,-0.0,-0.8726646259971648,0.43881146026335077,0.38005699852505126,-0.3490658503988659,0.18458062090574753,0.5288552666908773,0.0060813561178167715,0.1250405663763814,0.486942007715268,0.27631791193729427,0.0560994890972936,0.9481290668791804,-0.3490658503988659,0.11785971115774888,0.3290300738645812,0.33835532954835956,-0.0,-0.8726646259971648,0.43881146026335077,0.38005699852505126,-0.3490658503988659,0.18458062090574753,0.5288552666908773,0.0060813561178167715,0.1250405663763814,0.486942007715268,0.27631791193729427,0.0560994890972936,0.9481290668791804,-0.3490658503988659,0.11785971115774888,0.3290300738645812,0.33835532954835956,-0.0389414072125909,-0.7343322687092415,-0.056800733864526144,0.5027229726868593,-0.3508063661294911,0.08291121419375402,0.8131996986577739,0.15506474390358918,0.07980982459855329,1.02836547484105,0.2544806198583662,0.03867031364349164,1.0138701435194222,-0.03719585915739968,0.13242296548987417,0.4387080416818952,0.1612319464361525
404,True,4.049999999999776,1.8702431035842486,False,True,0.0,False,,-0.0,-0.8726646259971648,0.42294531195197993,0.43272407942892743,-0.3490658503988659,0.18190218834824656,0.48334763880489084,0.031239738937612005,0.11487563646987989,0.4335004982099554,0.32200539433230596,0.041141867566883206,0.9020650230401359,-0.3490658503988659,0.1047014280999784,0.27242537275201956,0.4453865824099545,-0.0,-0.8726646259971648,0.42294531195197993,0.43272407942892743,-0.3490658503988659,0.18190218834824656,0.48334763880489084,0.031239738937612005,0.11487563646987989,0.4335004982099554,0.32200539433230596,0.041141867566883206,0.9020650230401359,-0.3490658503988659,0.1047014280999784,0.27242537275201956,0.4453865824099545,-0.03786908298918253,-0.7691314551531533,-0.04433770091279844,0.4794526725610792,-0.350647142768444,0.10469218814562119,0.7475640938347123,0.12044798641726646,0.08889918678418339,0.930082496260924,0.26193055964297896,0.04087862913133859,0.9955682863672405,-0.10395386948788976,0.12796482157381436,0.41365277487768365,0.20433654053795255
405,True,4.059999999999775,1.766818640155788,False,True,0.0,False,,-0.0,-0.8726646259971648,0.44021133303831034,0.38223530608056755,-0.3490658503988659,0.18552751422664396,0.4943454598585318,0.03399843183564475,0.11758940177585173,0.44318722248413944,0.32132689794938024,0.044919913113864174,0.9215373715593663,-0.348106646415924,0.1031294175505624,0.2822512133555588,0.4591052492328552,-0.0,-0.8726646259971648,0.44021133303831034,0.38223530608056755,-0.3490658503988659,0.18552751422664396,0.4943454598585318,0.03399843183564475,0.11758940177585173,0.44318722248413944,0.32132689794938024,0.044919913113864174,0.9215373715593663,-0.348106646415924,0.1031294175505624,0.2822512133555588,0.4591052492328552,-0.035575089309495274,-0.7958489871774581,-0.03491693580862729,0.46039168888022963,-0.3505170509737444,0.12292684565663776,0.6909914768609934,0.09627401607676926,0.09588931424958584,0.8346928665096625,0.27199214863196797,0.04219698038441016,0.9792366243962176,-0.15948736785479575,0.12363819924923282,0.3880122110316476,0.2511991050250465
406,True,4.069999999999774,1.53991453777595,False,True,0.0,False,,-0.0,-0.8726646259971648,0.4560431231495719,0.3541933419990895,-0.3490658503988659,0.17757060301638214,0.476586387255621,0.038651540847706244,0.10926193258951883,0.4381264443890195,0.3244379411506529,0.029652787094522293,0.905484105113064,-0.3486376633278838,0.08925790704171405,0.2703123987754617,0.4627730362281132,-0.0,-0.8726646259971648,0.4560431231495719,0.3541933419990895,-0.3490658503988659,0.17757060301638214,0.476586387255621,0.038651540847706244,0.10926193258951883,0.4381264443890195,0.3244379411506529,0.029652787094522293,0.905484105113064,-0.3486376633278838,0.08925790704171405,0.2703123987754617,0.4627730362281132,-0.032055992765378995,-0.8160558302564862,-0.027789284655054626,0.4411890422100791,-0.3503897325635992,0.13717791001569712,0.6437544787089786,0.07962781579528935,0.1007070343814209,0.7499904898216649,0.2820482789516639,0.04206126494247093,0.9651019970853336,-0.2039722645602711,0.11875067171597874,0.3645866112279441,0.29487619342609095
407,True,4.079999999999773,1.3524025802258666,False,True,0.0,False,,-0.0,-0.8726646259971648,0.4494726209458381,0.3785771735433228,-0.34906585039886584,0.1868591187758161,0.4729872026377067,0.04445431300691566,0.11417723446607622,0.4313295342491689,0.3260586667655065,0.04278776711388073,0.9051152261391895,-0.34887231380758704,0.09195134775126013,0.27155335201288994,0.4679107434968373,-0.0,-0.8726646259971648,0.4494726209458381,0.3785771735433228,-0.34906585039886584,0.1868591187758161,0.4729872026377067,0.04445431300691566,0.11417723446607622,0.4313295342491689,0.3260586667655065,0.04278776711388073,0.9051152261391895,-0.34887231380758704,0.09195134775126013,0.27155335201288994,0.4679107434968373,-0.027614203052989738,-0.8312914786695834,-0.02243453468131447,0.42499055747573133,-0.35029013596495484,0.14855193708640876,0.6048637808628489,0.06861311631609983,0.1041332693109057,0.6786637466046626,0.29113122542609626,0.04169473934399816,0.9528500211027855,-0.23881679848240464,0.11384083180935287,0.3444169927390301,0.3326686737591368
408,True,4.089999999999772,1.1972148890124323,False,True,0.0,False,,-0.0,-0.8726646259971648,0.4628249507369569,0.3448655937639231,-0.34906585039886584,0.18219372492358016,0.47711545269811434,0.05401819702118047,0.11545441930801961,0.44982707554271023,0.32638194014663635,0.03872283127858793,0.9246639621242844,-0.34854256289163577,0.09153611942779093,0.28207783492278193,0.48701954552783994,-0.0,-0.8726646259971648,0.4628249507369569,0.3448655937639231,-0.34906585039886584,0.18219372492358016,0.47711545269811434,0.05401819702118047,0.11545441930801961,0.44982707554271023,0.32638194014663635,0.03872283127858793,0.9246639621242844,-0.34854256289163577,0.09153611942779093,0.28207783492278193,0.48701954552783994,-0.022434902415853848,-0.8426668784679157,-0.018394324921429332,0.4102435273543382,-0.3501994643625971,0.15743821651759785,0.5740795626575907,0.0621384610717671,0.10687165404668211,0.6221953949366319,0.29881703006275023,0.04149653220503208,0.9442392715808485,-0.2656874712233414,0.10953502900696768,0.3287534049730198,0.3653332979074946
409,True,4.0999999999997705,0.9991686200181177,False,True,0.0,False,,-0.0,-0.8726646259971648,0.43442832111395197,0.4159675995363345,-0.34906585039886584,0.19159009466422205,0.49447026306459135,0.04373015193117502,0.11989664318388048,0.44729809116239516,0.31867866732578853,0.04812913747827106,0.9199064430761412,-0.34878727178076935,0.10404671256571373,0.2585186405356756,0.47961203282284043,-0.0,-0.8726646259971648,0.43442832111395197,0.4159675995363345,-0.34906585039886584,0.19159009466422205,0.49447026306459135,0.04373015193117502,0.11989664318388048,0.44729809116239516,0.31867866732578853,0.04812913747827106,0.9199064430761412,-0.34878727178076935,0.10404671256571373,0.2585186405356756,0.47961203282284043,-0.017089232351521638,-0.8512374034849466,-0.015377558583298246,0.40198160694703416,-0.35013757217008,0.16480371218834666,0.5516623558514522,0.05779735305016951,0.10939178299425441,0.5788749456592885,0.30445039414225167,0.04190172488103361,0.9384938673011909,-0.28619128658900994,0.10687725727436036,0.3153294706423152,0.3922613500691728
410,True,4.109999999999769,0.8187574732758666,False,True,0.0,False,,-0.0,-0.8726646259971648,0.4533255156300988,0.3534754945676009,-0.34906585039886584,0.18747805489152145,0.5003928368958696,0.03262813029665719,0.12161918091701118,0.46377441194258673,0.3067155795594863,0.053046292250084344,0.9466559432135067,-0.34564339509809316,0.10724632705611226,0.28272899059585843,0.47531212749284274,-0.0,-0.8726646259971648,0.4533255156300988,0.3534754945676009,-0.34906585039886584,0.18747805489152145,0.5003928368958696,0.03262813029665719,0.12161918091701118,0.46377441194258673,0.3067155795594863,0.053046292250084344,0.9466559432135067,-0.34564339509809316,0.10724632705611226,0.28272899059585843,0.47531212749284274,-0.011913250101382646,-0.8575425482873964,-0.013059515125522425,0.3952544022393303,-0.3500716493887023,0.17074843832170358,0.5364188633322723,0.0535601669139721,0.11183596515764714,0.5471591985362355,0.3073625621082869,0.04320221949367315,0.936362107370449,-0.3014983580461499,0.10585255683163264,0.3053230479721917,0.4130621526277368
411,True,4.119999999999768,0.6852867380230343,False,True,0.0,False,,-0.0,-0.8710033568355113,0.46869303308934585,0.3619690685504581,-0.34906585039886584,0.18777504405634873,0.49586548241944634,0.030214563480062424,0.1187263362460686,0.457139189457824,0.3041648174966762,0.04237129944446434,0.9224023069300136,-0.3466786181676329,0.09424471231119189,0.2723076834961489,0.4755831379313577,-0.0,-0.8710033568355113,0.46869303308934585,0.3619690685504581,-0.34906585039886584,0.18777504405634873,0.49586548241944634,0.030214563480062424,0.1187263362460686,0.457139189457824,0.3041648174966762,0.04237129944446434,0.9224023069300136,-0.3466786181676329,0.09424471231119189,0.2723076834961489,0.4755831379313577,-0.007493272186734732,-0.8620372037919944,-0.011256833928536016,0.3882428895125624,-0.35000906197958814,0.17529507599769423,0.5257541336795106,0.04925395486047573,0.11383098455090933,0.5240088338281681,0.30827458724224077,0.04413155387358725,0.9351893423793719,-0.31284661955972976,0.10481313762135795,0.29796430579504435,0.4287990202895475
412,True,4.129999999999767,0.6068846733694009,False,True,0.0,False,,-0.0,-0.8724009432970756,0.47400846728310697,0.2995225128836162,-0.34906585039886584,0.16962462469159065,0.4964198705848027,0.05772697303747755,0.10514960681483244,0.47754118308587173,0.29814117808630497,0.02302899189200579,0.9498477226030475,-0.3485692669154363,0.0777244113696352,0.29300996147110564,0.484577859223332,-0.0,-0.8724009432970756,0.47400846728310697,0.2995225128836162,-0.34906585039886584,0.16962462469159065,0.4964198705848027,0.05772697303747755,0.10514960681483244,0.47754118308587173,0.29814117808630497,0.02302899189200579,0.9498477226030475,-0.3485692669154363,0.0777244113696352,0.29300996147110564,0.484577859223332,-0.003858369293990356,-0.8645931855901298,-0.009846442229539763,0.3774035680382992,-0.34993691363909973,0.1774694470918444,0.5180694322603691,0.0474335907418872,0.11438065345418616,0.508398898670853,0.3077363139716251,0.043028587345705194,0.935686965165864,-0.3214667538076398,0.10219411849985958,0.29372888672983166,0.4413524110906398
413,True,4.139999999999766,0.5481651320635808,False,True,0.0,False,,-0.0,-0.8725934310380824,0.46116428684504834,0.3552513594461288,-0.34906585039886584,0.1880918282422902,0.48027954923418764,0.050169012823383714,0.11890017798550255,0.4490975806811655,0.30597547496112526,0.039255345878399704,0.9411233181102711,-0.34893177167177525,0.095276045603728,0.2817406125170794,0.48919811045391576,-0.0,-0.8725934310380824,0.46116428684504834,0.3552513594461288,-0.34906585039886584,0.1880918282422902,0.48027954923418764,0.050169012823383714,0.11890017798550255,0.4490975806811655,0.30597547496112526,0.039255345878399704,0.9411233181102711,-0.34893177167177525,0.095276045603728,0.2817406125170794,0.48919811045391576,-0.0012743598987744512,-0.8653408157765571,-0.00911945860844767,0.3681708047679437,-0.3498882313692345,0.17903658231945382,0.5112883531469283,0.04727797004207445,0.11470769336357116,0.4963373609078986,0.30710253734862114,0.041681597643801756,0.937160447052839,-0.3280690315492709,0.0998757588893296,0.29117723444360505,0.45186867464841635
414,True,4.149999999999765,0.5190846047701889,False,True,0.0,False,,-0.0,-0.872617380004287,0.47577486056717866,0.35240350651478225,-0.34906585039886584,0.1851517900054446,0.46874468471584324,0.047275613516935995,0.12070321003012631,0.4512643423618051,0.3069295647780175,0.04288197923584512,0.9246807050329768,-0.34897687383835047,0.09323376784669171,0.27236920671796777,0.4857249889684447,-0.0,-0.872617380004287,0.47577486056717866,0.35240350651478225,-0.34906585039886584,0.1851517900054446,0.46874468471584324,0.047275613516935995,0.12070321003012631,0.4512643423618051,0.3069295647780175,0.04288197923584512,0.9246807050329768,-0.34897687383835047,0.09323376784669171,0.27236920671796777,0.4857249889684447,0.0001617259440721304,-0.8652833794980097,-0.008942724251828968,0.36260069737312717,-0.3498604716631222,0.18060342346268632,0.5041733015874451,0.04731955572365018,0.11550825446569397,0.48622362984696815,0.3068450165136169,0.041185973339167604,0.9373888726747654,-0.3330742222927186,0.09845113780823171,0.28846817417765597,0.4602481032555261
415,True,4.159999999999764,0.46370316430942476,False,True,0.0,False,,-0.0,-0.8726620672625364,0.4698166728516354,0.32616569783297356,-0.34906585039886584,0.19162007012240836,0.5087887602352251,0.0574052597452188,0.1192055677517937,0.4901526729622867,0.29145599871397787,0.04709866699173297,0.9708207449011125,-0.3484622257541888,0.10730496943813572,0.29861058029956394,0.4957961533113382,-0.0,-0.8726620672625364,0.4698166728516354,0.32616569783297356,-0.34906585039886584,0.19162007012240836,0.5087887602352251,0.0574052597452188,0.1192055677517937,0.4901526729622867,0.29145599871397787,0.04709866699173297,0.9708207449011125,-0.3484622257541888,0.10730496943813572,0.29861058029956394,0.4957961533113382,0.0012068099737269082,-0.8649376289780787,-0.009002764011872492,0.3570500346538653,-0.3498316730835201,0.1823626484768581,0.5003234480173755,0.048088854108760085,0.11638922006989466,0.48111481645666404,0.30558608840504337,0.0415345525931887,0.9399521701412211,-0.3368376226077963,0.09849021615335575,0.2876230100364659,0.4674305265669938
416,True,4.169999999999763,0.43897417594563715,False,True,0.0,False,,-0.0,-0.8726638004669178,0.4654588414349325,0.32855229727654695,-0.34906585039886584,0.18113890546983466,0.5086959070092216,0.05407786327456748,0.12000853306942853,0.4919557146738544,0.280046542915013,0.04165049492941859,0.9694512958555837,-0.3488711016365654,0.0975537714667517,0.29512665513349595,0.49217315862393324,-0.0,-0.8726638004669178,0.4654588414349325,0.32855229727654695,-0.34906585039886584,0.18113890546983466,0.5086959070092216,0.05407786327456748,0.12000853306942853,0.4919557146738544,0.280046542915013,0.04165049492941859,0.9694512958555837,-0.3488711016365654,0.0975537714667517,0.29512665513349595,0.49217315862393324,0.0018162895720879983,-0.8645337253302906,-0.009145356908921883,0.3513296455377881,-0.34980777834906757,0.18348206747845364,0.4997564302850967,0.04918400159141924,0.11721244628035786,0.4802749886554971,0.30261248005183206,0.041956420725654205,0.9448143325964111,-0.3396071559714074,0.09891139014582108,0.28834196245756366,0.4733947339676774
417,True,4.179999999999762,0.4402644513085592,False,True,0.0,False,,-0.0,-0.8726642335708888,0.4776879741332708,0.30683106058551235,-0.34906585039886584,0.1815928613231965,0.5223846322321202,0.05333842928414515,0.1177398352940747,0.5053603467354222,0.2724075516148693,0.042127656848038174,0.9712210677936015,-0.3489732741040628,0.10209618723639868,0.29415363498371394,0.486423606741931,-0.0,-0.8726642335708888,0.4776879741332708,0.30683106058551235,-0.34906585039886584,0.1815928613231965,0.5223846322321202,0.05333842928414515,0.1177398352940747,0.5053603467354222,0.2724075516148693,0.042127656848038174,0.9712210677936015,-0.3489732741040628,0.10209618723639868,0.29415363498371394,0.486423606741931,0.0019077419959268238,-0.8641711058308026,-0.009299175290717145,0.34460883678413795,-0.349783676363939,0.18390168967374781,0.5016768208618165,0.05010114813966602,0.11778344653467314,0.48242005278123407,0.2982634981370766,0.0421928089946989,0.9501810950388354,-0.34084223940105984,0.09942206848109579,0.2894258879791095,0.4775838282339074
418,True,4.189999999999761,0.4405405048592285,False,True,0.0,False,,-0.0,-0.8726645670708124,0.4751522724770073,0.32723355413787625,-0.34906585039886584,0.18311307058633575,0.5001903427961641,0.039385384782586914,0.11692777883026452,0.48845835590711173,0.25903008448782855,0.04153056123380626,0.9456960518101263,-0.3490519492314413,0.09596864140871154,0.2790647988597013,0.4784295040775032,-0.0,-0.8726645670708124,0.4751522724770073,0.32723355413787625,-0.34906585039886584,0.18311307058633575,0.5001903427961641,0.039385384782586914,0.11692777883026452,0.48845835590711173,0.25903008448782855,0.04153056123380626,0.9456960518101263,-0.3490519492314413,0.09596864140871154,0.2790647988597013,0.4784295040775032,0.0012002464415660984,-0.8638724066240979,-0.009431813590549286,0.33899981062936096,-0.349765276564714,0.18407068968822377,0.5032706976164812,0.04981737729475534,0.11804439360953872,0.48479807959543014,0.2925485702921634,0.04230815687997868,0.9533102892916631,-0.341106757806982,0.0996935622605832,0.2894029447081123,0.4797226767626953
419,True,4.1999999999997595,0.45660238637819894,False,True,0.0,False,,-0.0,-0.8726646041442462,0.48433989822964274,0.31562238733751014,-0.34906585039886584,0.18498161700072524,0.5291199934275769,0.03794185618189937,0.123955435494207,0.5271129605461623,0.2455051428009631,0.05032124337937895,0.9799269023104699,-0.3458248583466165,0.10766984918059143,0.3043012565253431,0.48126769986452844,-0.0,-0.8726646041442462,0.48433989822964274,0.31562238733751014,-0.34906585039886584,0.18498161700072524,0.5291199934275769,0.03794185618189937,0.123955435494207,0.5271129605461623,0.2455051428009631,0.05032124337937895,0.9799269023104699,-0.3458248583466165,0.10766984918059143,0.3043012565253431,0.48126769986452844,0.0003034938668750216,-0.8636445854054322,-0.009526909567605435,0.33438210234083715,-0.34975180214795504,0.18426871553514798,0.5059650756472339,0.04846180077590264,0.11862914223584252,0.4893563443505264,0.2853555508162332,0.042995872144294685,0.9568190564369008,-0.3409459429313146,0.1004566346003279,0.2902775617010453,0.4806871880305988
420,True,4.209999999999758,0.479770137972814,False,True,0.0,False,,-0.0,-0.8726646176715537,0.4661017459320702,0.3594656563420468,-0.34906585039886584,0.18871352780389408,0.5403294487193857,0.03218822556455401,0.12724389357106777,0.5338251764189476,0.23209904093113576,0.057021771409709855,0.9778165401678496,-0.3478310844665499,0.11094613490303624,0.2982266642105125,0.4813820132535911,-0.0,-0.8726646176715537,0.4661017459320702,0.3594656563420468,-0.34906585039886584,0.18871352780389408,0.5403294487193857,0.03218822556455401,0.12724389357106777,0.5338251764189476,0.23209904093113576,0.057021771409709855,0.9778165401678496,-0.3478310844665499,0.11094613490303624,0.2982266642105125,0.4813820132535911,-0.000632665291436606,-0.8634706806498438,-0.009585848135520434,0.3335829172583,-0.3497393043339201,0.18480400445690623,0.5107421320492904,0.04631752766394825,0.11978599608501708,0.49630321538523525,0.2768346339059007,0.04467731284532013,0.9612058822476953,-0.3406486589732515,0.10199561561919018,0.2918832704720545,0.4811857029333852
421,True,4.219999999999757,0.48739555863156064,False,True,0.0,False,,-0.0,-0.8726646203019061,0.46647616032380734,0.3604406701029651,-0.34906585039886584,0.19239968140241634,0.5324790906860006,0.02561874455499616,0.12817297546719658,0.5261932889253611,0.22818462155527872,0.06579555572737704,0.9816246962651679,-0.3482211903111886,0.12363605231072901,0.29611053289603884,0.4810823183616439,-0.0,-0.8726646203019061,0.46647616032380734,0.3604406701029651,-0.34906585039886584,0.19239968140241634,0.5324790906860006,0.02561874455499616,0.12817297546719658,0.5261932889253611,0.22818462155527872,0.06579555572737704,0.9816246962651679,-0.3482211903111886,0.12363605231072901,0.29611053289603884,0.4810823183616439,-0.0018036767152566488,-0.8633517487215414,-0.009622671156474688,0.33616974186154414,-0.3497276239151408,0.18584110367745343,0.5156651563449358,0.04338510715451901,0.1212575680423376,0.503135030584166,0.26797658030467203,0.04750611097033494,0.965666867255985,-0.3403489486588119,0.10476664757166336,0.29320313634745243,0.48142382251646604
422,True,4.229999999999756,0.49573094041123217,False,True,0.0,False,,-0.0,-0.8719283385908713,0.48182669053244753,0.35880127056510497,-0.34906585039886584,0.19343612404523097,0.5329545133101525,0.024209725274093104,0.13199343218061368,0.5225283810046933,0.22553390715313976,0.06646561378897728,0.982313857730779,-0.3484730701098484,0.12427102501252711,0.2980777701849892,0.4843670820363831,-0.0,-0.8719283385908713,0.48182669053244753,0.35880127056510497,-0.34906585039886584,0.19343612404523097,0.5329545133101525,0.024209725274093104,0.13199343218061368,0.5225283810046933,0.22553390715313976,0.06646561378897728,0.982313857730779,-0.3484730701098484,0.12427102501252711,0.2980777701849892,0.4843670820363831,-0.0031927338752200905,-0.8632826068644904,-0.009646745277213103,0.339764499398405,-0.34971710534503114,0.18719539907643298,0.5198256637253778,0.040122636684527556,0.12302143380345797,0.508578921746799,0.2596766413903195,0.050892213390807975,0.9698566383192354,-0.34009510371494917,0.10828277072688475,0.2943216366282997,0.48177517295137523
423,True,4.239999999999755,0.5106573361168026,False,True,0.0,False,,-0.0,-0.8724472320137832,0.47975939767697967,0.36450610413045736,-0.34906585039886584,0.19261002690782172,0.5098970409203395,0.012147204595921243,0.1296132761940577,0.4993626460002028,0.23080345039881695,0.05869017426789478,0.9454729367993193,-0.3488908278910814,0.11193640998795133,0.278366088747425,0.4853414924407833,-0.0,-0.8724472320137832,0.47975939767697967,0.36450610413045736,-0.34906585039886584,0.19261002690782172,0.5098970409203395,0.012147204595921243,0.1296132761940577,0.4993626460002028,0.23080345039881695,0.05869017426789478,0.9454729367993193,-0.3488908278910814,0.11193640998795133,0.278366088747425,0.4853414924407833,-0.00501362304873903,-0.8632496354143072,-0.009666427524317726,0.343738159611047,-0.34970723580359203,0.18851544745226922,0.5215150200292347,0.036120836479891595,0.12468655233249529,0.5109738294997396,0.25290494290190996,0.053577718288576756,0.9707640945287759,-0.3399023496262405,0.11081935267809272,0.2938514567721224,0.4823458585302557
424,True,4.249999999999754,0.494555096026968,False,True,0.0,False,,-0.0,-0.872577866608094,0.4988779375935681,0.3224809703835801,-0.34906585039886584,0.18075702099041366,0.508085757413537,0.015376395932602475,0.11148306471136109,0.5304405931433032,0.22600800964782738,0.02502375572387413,0.9307547470628794,-0.3489960009687537,0.08070674421810033,0.2709480544378044,0.46033412534785234,-0.0,-0.872577866608094,0.4988779375935681,0.3224809703835801,-0.34906585039886584,0.18075702099041366,0.508085757413537,0.015376395932602475,0.11148306471136109,0.5304405931433032,0.22600800964782738,0.02502375572387413,0.9307547470628794,-0.3489960009687537,0.08070674421810033,0.2709480544378044,0.46033412534785234,-0.006971291663344108,-0.8632482070603119,-0.00968518363840302,0.34444825546267216,-0.34968594480664233,0.18883334981388317,0.5210157421951941,0.032079535829690226,0.12477960360171367,0.5132688969444713,0.2473389265209909,0.052921161946703134,0.9677366499382051,-0.33976804586172926,0.10992827914031185,0.2915302764117309,0.4810930357917262
425,True,4.259999999999753,0.4620350776332233,False,True,0.0,False,,-0.0,-0.8726435511248453,0.49796962722011845,0.2371465142167497,-0.34906585039886584,0.18733661778341593,0.5108307929866517,0.02859656982957877,0.11995674214869609,0.4965628356354089,0.23283564583200853,0.02262120131278507,0.9078972719515979,-0.34904888315374155,0.07255503696726878,0.24376549936503197,0.41999043391471186,-0.0,-0.8726435511248453,0.49796962722011845,0.2371465142167497,-0.34906585039886584,0.18733661778341593,0.5108307929866517,0.02859656982957877,0.11995674214869609,0.4965628356354089,0.23283564583200853,0.02262120131278507,0.9078972719515979,-0.34904888315374155,0.07255503696726878,0.24376549936503197,0.41999043391471186,-0.008981614634325475,-0.8632746641546799,-0.009709243994189405,0.33554112506534284,-0.349634603048074,0.18874036936524421,0.5197786407150519,0.02964725587316809,0.12415753434744944,0.5139217435663036,0.24329371080152115,0.04949637737256537,0.9610970127940826,-0.33968323435650005,0.10591869691664665,0.2863612046626551,0.47515635743699275
426,True,4.269999999999752,0.46146833782085017,False,True,0.0,False,,-0.0,-0.8726608756543953,0.4207868971584068,0.3149565074383763,-0.34906585039886584,0.18215525733802018,0.5524268539927989,-0.029456165664089456,0.11957881644457477,0.4727798300710956,0.21764788499771234,0.0125091373830371,0.8945558532563963,-0.3490628310218512,0.049917157143512754,0.3071575201210613,0.19287522316058814,-0.0,-0.8726608756543953,0.4207868971584068,0.3149565074383763,-0.34906585039886584,0.18215525733802018,0.5524268539927989,-0.029456165664089456,0.11957881644457477,0.4727798300710956,0.21764788499771234,0.0125091373830371,0.8945558532563963,-0.3490628310218512,0.049917157143512754,0.3071575201210613,0.19287522316058814,-0.010840736198439347,-0.8632796599825799,-0.009719835738464732,0.3264559616140297,-0.3495987184253789,0.1883497148454062,0.5216480037245882,0.024053064921875436,0.12357746797679761,0.5108108379706738,0.23943507303930117,0.04442274439093992,0.9518152246003448,-0.3396360289749534,0.09902217255446251,0.2845296225537404,0.4485180948227233
427,True,4.279999999999751,0.5438995937674374,False,True,0.0,False,,-0.0,-0.8726642585626936,0.4196373486556653,0.21363591605581875,-0.3490658503988659,0.18052353941030375,0.43749662030576836,0.022877817083254724,0.12436710994925612,0.3597531225555888,0.3652947235685444,0.033977905850530454,0.8173785661485207,-0.3490655545797195,0.03156112473553591,0.3158003259353992,-0.020313118291802684,-0.0,-0.8726642585626936,0.4196373486556653,0.21363591605581875,-0.3490658503988659,0.18052353941030375,0.43749662030576836,0.022877817083254724,0.12436710994925612,0.3597531225555888,0.3652947235685444,0.033977905850530454,0.8173785661485207,-0.3490655545797195,0.03156112473553591,0.3158003259353992,-0.020313118291802684,-0.013272422970895714,-0.8632890239871129,-0.00973817023475485,0.31347587939214144,-0.3495642076191147,0.18757658077109346,0.5173434243915729,0.01976568758715248,0.12334135347210028,0.49679902689919747,0.24713632026698323,0.04043056547280386,0.9360616713079914,-0.3396161942122662,0.08941665478556926,0.2873840804065506,0.3910401831857842
428,True,4.28999999999975,0.757946859991217,False,True,0.0,False,,-0.0,-0.8726646259971647,0.32076842618459506,0.2393221266030408,-0.3490658503988659,0.17668045850654018,0.18982604810012826,0.17865982882013026,0.13220869201403626,0.11762740604110694,0.5684381393074969,0.020961059804373114,0.40268374998130146,0.36610287564075,0.015472966883358016,0.10974474151445518,0.08137829767989112,-0.0,-0.8726646259971647,0.32076842618459506,0.2393221266030408,-0.3490658503988659,0.17668045850654018,0.18982604810012826,0.17865982882013026,0.13220869201403626,0.11762740604110694,0.5684381393074969,0.020961059804373114,0.40268374998130146,0.36610287564075,0.015472966883358016,0.10974474151445518,0.08137829767989112,-0.018282802234594102,-0.8632890154412406,-0.009777435417147987,0.2984882751845911,-0.3495439858236374,0.18639110928727706,0.4873931802374209,0.03089354530745261,0.12399238632751355,0.45682559084476565,0.2804133748772268,0.03716370851300677,0.8861304867452137,-0.2992561938656005,0.07778774738898864,0.2760576354928079,0.32774781102889833
429,True,4.2999999999997485,1.0394217694008843,False,True,0.0,False,,-0.0,-0.8726646259971648,0.35804522335422667,0.26620348519153764,-0.3490658503988659,0.2714709156711036,-0.02782683585586959,0.28235456667556896,0.19231943746971567,-0.16020516692123243,1.0563011752241123,0.08112239799480245,0.0145912239469847,1.0462743002885395,0.02467804319538837,-0.3490658503988659,0.6888022374613886,-0.0,-0.8726646259971648,0.35804522335422667,0.26620348519153764,-0.3490658503988659,0.2714709156711036,-0.02782683585586959,0.28235456667556896,0.19231943746971567,-0.16020516692123243,1.0563011752241123,0.08112239799480245,0.0145912239469847,1.0462743002885395,0.02467804319538837,-0.3490658503988659,0.6888022374613886,-0.025201586433808564,-0.8632706703881583,-0.009817382811387262,0.28747765070832637,-0.34953086914530707,0.19006717159811812,0.4245412865200238,0.06122441118608304,0.12965804236011266,0.3876364756417874,0.3460655319207103,0.038506565834490816,0.807543544088774,-0.2230724434837987,0.06669790686644408,0.22516842605674386,0.32146837536507256
430,True,4.309999999999747,0.24289909824573977,False,True,0.0,False,,-0.0,0.3627929597094942,0.6937940325192559,-0.2094395102393196,1.1431431265918712,0.22147518735024432,0.13517851011705473,1.8849555921538754,-0.03510833153802939,0.6129927798586986,1.8675022996339325,0.008101594894031519,1.0181752609089323,1.8164043818424946,0.24118191618041382,0.9504196092181962,1.6898802308726888,-0.0,0.3627929597094942,0.6937940325192559,-0.2094395102393196,1.1431431265918712,0.22147518735024432,0.13517851011705473,1.8849555921538754,-0.03510833153802939,0.6129927798586986,1.8675022996339325,0.008101594894031519,1.0181752609089323,1.8164043818424946,0.24118191618041382,0.9504196092181962,1.6898802308726888,-0.022540466685925693,-0.823926665909117,-0.010351572727418818,0.24253329330949172,-0.30947994462896256,0.1960971657905527,0.3596000580651577,0.1228813908935455,0.12262414633317742,0.35841823057134703,0.4318835422966238,0.03867341951989669,0.7734171118575035,-0.13306014502321703,0.07377732761745798,0.22381729613781856,0.3730908933996922
431,True,4.319999999999746,0.0,True,True,0.0,False,,-0.0,0.3627929597094942,0.6937940325192559,-0.2094395102393196,1.1431431265918712,0.22147518735024432,0.13517851011705473,1.8849555921538754,-0.03510833153802939,0.6129927798586986,1.8675022996339325,0.008101594894031519,1.0181752609089323,1.8164043818424946,0.24118191618041382,0.9504196092181962,1.6898802308726888,-0.0,0.3627929597094942,0.6937940325192559,-0.2094395102393196,1.1431431265918712,0.22147518735024432,0.13517851011705473,1.8849555921538754,-0.03510833153802939,0.6129927798586986,1.8675022996339325,0.008101594894031519,1.0181752609089323,1.8164043818424946,0.24118191618041382,0.9504196092181962,1.6898802308726888,-0.012782055389829908,-0.7492917841836013,-0.010658832125438153,0.17074227013816023,-0.23375547457552073,0.19323321369784044,0.31324139059130207,0.2073683440964284,0.10950957062161555,0.37035877699808323,0.5258545493474163,0.035575472347612484,0.787405181695949,-0.03749083912541065,0.09593940260986114,0.28173940082690796,0.4531047670052138
432,True,4.329999999999745,0.12958603185568757,False,True,0.0,False,,-0.0,0.3627929597094942,0.6937940325192559,-0.2094395102393196,1.1431431265918712,0.22147518735024432,0.13517851011705473,1.8849555921538754,-0.03510833153802939,0.6129927798586986,1.8675022996339325,0.008101594894031519,1.0181752609089323,1.8164043818424946,0.24118191618041382,0.9504196092181962,1.6898802308726888,-0.0,0.3627929597094942,0.6937940325192559,-0.2094395102393196,1.1431431265918712,0.22147518735024432,0.13517851011705473,1.8849555921538754,-0.03510833153802939,0.6129927798586986,1.8675022996339325,0.008101594894031519,1.0181752609089323,1.8164043818424946,0.24118191618041382,0.9504196092181962,1.6898802308726888,-0.0027590202573382076,-0.6603288139636764,-0.010497714288410159,0.09663588958056751,-0.1436811327636819,0.17873575832911276,0.2855038279587537,0.30090569199420714,0.10220525832690895,0.39287437164424693,0.6233452383698177,0.031321516968529965,0.8198158700240401,0.06053720082170916,0.12204842450358752,0.36421485098565504,0.5448156068483414
433,True,4.339999999999744,0.12412112151270743,False,True,0.0,False,,-0.0,0.3627929597094942,0.6937940325192559,-0.2094395102393196,1.1431431265918712,0.22147518735024432,0.13517851011705473,1.8849555921538754,-0.03510833153802939,0.6129927798586986,1.8675022996339325,0.008101594894031519,1.0181752609089323,1.8164043818424946,0.24118191618041382,0.9504196092181962,1.6898802308726888,-0.0,0.3627929597094942,0.6937940325192559,-0.2094395102393196,1.1431431265918712,0.22147518735024432,0.13517851011705473,1.8849555921538754,-0.03510833153802939,0.6129927798586986,1.8675022996339325,0.008101594894031519,1.0181752609089323,1.8164043818424946,0.24118191618041382,0.9504196092181962,1.6898802308726888,0.004687238534798525,-0.5655465917387142,-0.00999121211118589,0.030347473535886106,-0.0478306372871466,0.1689773580231765,0.2625415555862581,0.39917523625119505,0.09137732913941442,0.42203122547359895,0.72181243227742,0.027002481267221407,0.8562499826175441,0.15968944920959258,0.14689344326457232,0.4569157051967613,0.6413590383929831
434,True,4.349999999999743,0.1391017743955822,False,True,0.0,False,,-0.0,0.3627929597094942,0.6937940325192559,-0.2094395102393196,1.1431431265918712,0.22147518735024432,0.13517851011705473,1.8849555921538754,-0.03510833153802939,0.6129927798586986,1.8675022996339325,0.008101594894031519,1.0181752609089323,1.8164043818424946,0.24118191618041382,0.9504196092181962,1.6898802308726888,-0.0,0.3627929597094942,0.6937940325192559,-0.2094395102393196,1.1431431265918712,0.22147518735024432,0.13517851011705473,1.8849555921538754,-0.03510833153802939,0.6129927798586986,1.8675022996339325,0.008101594894031519,1.0181752609089323,1.8164043818424946,0.24118191618041382,0.9504196092181962,1.6898802308726888,0.008747316718155063,-0.4683664315948387,-0.009625033125221257,-0.024947380056619825,0.05035501529693356,0.160542552646005,0.2448002736824308,0.5011571636651786,0.0819488438083127,0.4497588393241121,0.8199375386782236,0.02312780274420869,0.8902787832408605,0.25937680684892067,0.168369139529114,0.5512635355265249,0.7399473598812691
435,True,4.359999999999742,0.11498815483800037,False,True,0.0,False,,-0.0,0.3627929597094942,0.6937940325192559,-0.2094395102393196,1.1431431265918712,0.22147518735024432,0.13517851011705473,1.8849555921538754,-0.03510833153802939,0.6129927798586986,1.8675022996339325,0.008101594894031519,1.0181752609089323,1.8164043818424946,0.24118191618041382,0.9504196092181962,1.6898802308726888,-0.0,0.3627929597094942,0.6937940325192559,-0.2094395102393196,1.1431431265918712,0.22147518735024432,0.13517851011705473,1.8849555921538754,-0.03510833153802939,0.6129927798586986,1.8675022996339325,0.008101594894031519,1.0181752609089323,1.8164043818424946,0.24118191618041382,0.9504196092181962,1.6898802308726888,0.009492433283813181,-0.3701607854916211,-0.009496369332525944,-0.06925831309642225,0.1494950688930245,0.15324951517294644,0.22988158997526945,0.6037188566144984,0.0738527721788039,0.47519807328338115,0.9183952508913011,0.019880950373651677,0.9194955238708387,0.35932895859910524,0.18594246780292287,0.6366495808414875,0.8394776885942313
436,True,4.369999999999741,0.08974413452339823,False,True,0.0,False,,-0.0,0.3627929597094942,0.6937940325192559,-0.2094395102393196,1.1431431265918712,0.22147518735024432,0.13517851011705473,1.8849555921538754,-0.03510833153802939,0.6129927798586986,1.8675022996339325,0.008101594894031519,1.0181752609089323,1.8164043818424946,0.24118191618041382,0.9504196092181962,1.6898802308726888,-0.0,0.3627929597094942,0.6937940325192559,-0.2094395102393196,1.1431431265918712,0.22147518735024432,0.13517851011705473,1.8849555921538754,-0.03510833153802939,0.6129927798586986,1.8675022996339325,0.008101594894031519,1.0181752609089323,1.8164043818424946,0.24118191618041382,0.9504196092181962,1.6898802308726888,0.007544489007989446,-0.27147907033731056,-0.009484926235142627,-0.10388071597059695,0.24903516331969783,0.1471121120392837,0.21639728415446802,0.7055908782043833,0.06698724951343574,0.4983396745281275,1.0174611174397739,0.01727609926659252,0.9434494944411173,0.45941930557465926,0.1998318937712201,0.7085509660691639,0.9394472937844626
437,True,4.37999999999974,0.06264139970910666,False,True,0.0,False,,-0.0,0.3627929597094942,0.6937940325192559,-0.2094395102393196,1.1431431265918712,0.22147518735024432,0.13517851011705473,1.8849555921538754,-0.03510833153802939,0.6129927798586986,1.8675022996339325,0.008101594894031519,1.0181752609089323,1.8164043818424946,0.24118191618041382,0.9504196092181962,1.6898802308726888,-0.0,0.3627929597094942,0.6937940325192559,-0.2094395102393196,1.1431431265918712,0.22147518735024432,0.13517851011705473,1.8849555921538754,-0.03510833153802939,0.6129927798586986,1.8675022996339325,0.008101594894031519,1.0181752609089323,1.8164043818424946,0.24118191618041382,0.9504196092181962,1.6898802308726888,0.003721647890259985,-0.1725446554838709,-0.009521668683089896,-0.13047865496847338,0.3487519860809717,0.14204311128608815,0.2037522303728494,0.8063014338075546,0.06119932495138299,0.5193197651104594,1.117218784452001,0.015247486804260173,0.9625459425001994,0.5595844611675639,0.21056025808593765,0.7666211189295099,1.039611609454328
438,True,4.3899999999997386,0.02482525891413384,False,True,0.0,False,,-0.0,0.3627929597094942,0.6937940325192559,-0.2094395102393196,1.1431431265918712,0.22147518735024432,0.13517851011705473,1.8849555921538754,-0.03510833153802939,0.6129927798586986,1.8675022996339325,0.008101594894031519,1.0181752609089323,1.8164043818424946,0.24118191618041382,0.9504196092181962,1.6898802308726888,-0.0,0.3627929597094942,0.6937940325192559,-0.2094395102393196,1.1431431265918712,0.22147518735024432,0.13517851011705473,1.8849555921538754,-0.03510833153802939,0.6129927798586986,1.8675022996339325,0.008101594894031519,1.0181752609089323,1.8164043818424946,0.24118191618041382,0.9504196092181962,1.6898802308726888,-0.0011764220440439455,-0.07408810038624444,-0.009569574418405067,-0.15065460351330578,0.4485576413125728,0.13787373023207958,0.1916873712346386,0.9056907941284439,0.05632177599886258,0.5383440336626997,1.2176501161395161,0.013700164368533515,0.97749447702544,0.6597895757085799,0.21871919460175504,0.8122905299177259,1.1398495848682015
439,True,4.3999999999997375,0.0,True,True,0.0,False,,-0.0,0.3627929597094942,0.6937940325192559,-0.2094395102393196,1.1431431265918712,0.22147518735024432,0.13517851011705473,1.8849555921538754,-0.03510833153802939,0.6129927798586986,1.8675022996339325,0.008101594894031519,1.0181752609089323,1.8164043818424946,0.24118191618041382,0.9504196092181962,1.6898802308726888,-0.0,0.3627929597094942,0.6937940325192559,-0.2094395102393196,1.1431431265918712,0.22147518735024432,0.13517851011705473,1.8849555921538754,-0.03510833153802939,0.6129927798586986,1.8675022996339325,0.008101594894031519,1.0181752609089323,1.8164043818424946,0.24118191618041382,0.9504196092181962,1.6898802308726888,-0.006401890268926829,0.016750259936483665,-0.009615180469733075,-0.16568274990612392,0.5484393714074007,0.13457037640132322,0.1801327081714136,1.0037734909944245,0.05214584789184302,0.5555999845896188,1.3187206218230403,0.012537433115425049,0.9890539477434928,0.7600143180338361,0.22485909146323446,0.8475721099695347,1.239778870428464
440,True,4.409999999999736,0.0,True,True,0.0,False,,-0.0,0.3627929597094942,0.6937940325192559,-0.2094395102393196,1.1431431265918712,0.22147518735024432,0.13517851011705473,1.8849555921538754,-0.03510833153802939,0.6129927798586986,1.8675022996339325,0.008101594894031519,1.0181752609089323,1.8164043818424946,0.24118191618041382,0.9504196092181962,1.6898802308726888,-0.0,0.3627929597094942,0.6937940325192559,-0.2094395102393196,1.1431431265918712,0.22147518735024432,0.13517851011705473,1.8849555921538754,-0.03510833153802939,0.6129927798586986,1.8675022996339325,0.008101594894031519,1.0181752609089323,1.8164043818424946,0.24118191618041382,0.9504196092181962,1.6898802308726888,-0.011358282625995149,0.09405147818320528,-0.009652310835467939,-0.17672925066557843,0.6483831404899464,0.13206117313707907,0.16903829552395516,1.100589276954209,0.04848407889501523,0.5712982867187254,1.4200148986752483,0.011672397962910855,0.997912100646354,0.8602450895300151,0.22944514487029286,0.8745238312704637,1.3330112379699337
441,True,4.419999999999735,0.0,True,True,0.0,False,,-0.0,0.3627929597094942,0.6937940325192559,-0.2094395102393196,1.1431431265918712,0.22147518735024432,0.13517851011705473,1.8849555921538754,-0.03510833153802939,0.6129927798586986,1.8675022996339325,0.008101594894031519,1.0181752609089323,1.8164043818424946,0.24118191618041382,0.9504196092181962,1.6898802308726888,-0.0,0.3627929597094942,0.6937940325192559,-0.2094395102393196,1.1431431265918712,0.22147518735024432,0.13517851011705473,1.8849555921538754,-0.03510833153802939,0.6129927798586986,1.8675022996339325,0.008101594894031519,1.0181752609089323,1.8164043818424946,0.24118191618041382,0.9504196092181962,1.6898802308726888,-0.015643177669088383,0.15684882833308575,-0.009678234533085943,-0.18482061771203037,0.7456195623851862,0.12971683306739967,0.1580209468487818,1.1959495374770963,0.045436666589528,0.5859846544766197,1.5148599001207756,0.011032438885375789,1.0046482919830035,0.9604721783314086,0.23285123454616843,0.8949326007127404,1.4127327927457003
442,True,4.429999999999734,0.0,True,True,0.0,False,,-0.0,0.3627929597094942,0.6937940325192559,-0.2094395102393196,1.1431431265918712,0.22147518735024432,0.13517851011705473,1.8849555921538754,-0.03510833153802939,0.6129927798586986,1.8675022996339325,0.008101594894031519,1.0181752609089323,1.8164043818424946,0.24118191618041382,0.9504196092181962,1.6898802308726888,-0.0,0.3627929597094942,0.6937940325192559,-0.2094395102393196,1.1431431265918712,0.22147518735024432,0.13517851011705473,1.8849555921538754,-0.03510833153802939,0.6129927798586986,1.8675022996339325,0.008101594894031519,1.0181752609089323,1.8164043818424946,0.24118191618041382,0.9504196092181962,1.6898802308726888,-0.019019406519295307,0.20640529696590554,-0.009690549620662226,-0.19075266291453796,0.8316024359768274,0.1276487047063444,0.14708496747056055,1.2903349098410561,0.042695994790477254,0.5996798933828891,1.5958672966966503,0.010559797616123606,1.009733489700135,1.0606887825985913,0.2353698961809333,0.9102535101251688,1.4776102439601058
443,True,4.439999999999733,0.0,True,True,0.0,False,,-0.0,0.3627929597094942,0.6937940325192559,-0.2094395102393196,1.1431431265918712,0.22147518735024432,0.13517851011705473,1.8849555921538754,-0.03510833153802939,0.6129927798586986,1.8675022996339325,0.008101594894031519,1.0181752609089323,1.8164043818424946,0.24118191618041382,0.9504196092181962,1.6898802308726888,-0.0,0.3627929597094942,0.6937940325192559,-0.2094395102393196,1.1431431265918712,0.22147518735024432,0.13517851011705473,1.8849555921538754,-0.03510833153802939,0.6129927798586986,1.8675022996339325,0.008101594894031519,1.0181752609089323,1.8164043818424946,0.24118191618041382,0.9504196092181962,1.6898802308726888,-0.02139319782104378,0.2447468651243103,-0.009690014574372791,-0.19513999894768963,0.9029323717349924,0.1232065877943165,0.13875479608307592,1.384227051826004,0.04009775971253608,0.6103252462942752,1.6609055496126992,0.010210039185382495,1.013542440349941,1.160890255464124,0.23722572759982732,0.9216664681452456,1.5288505168206332
444,True,4.449999999999732,0.0,True,True,0.0,False,,-0.0,0.3627929597094942,0.6937940325192559,-0.2094395102393196,1.1431431265918712,0.22147518735024432,0.13517851011705473,1.8849555921538754,-0.03510833153802939,0.6129927798586986,1.8675022996339325,0.008101594894031519,1.0181752609089323,1.8164043818424946,0.24118191618041382,0.9504196092181962,1.6898802308726888,-0.0,0.3627929597094942,0.6937940325192559,-0.2094395102393196,1.1431431265918712,0.22147518735024432,0.13517851011705473,1.8849555921538754,-0.03510833153802939,0.6129927798586986,1.8675022996339325,0.008101594894031519,1.0181752609089323,1.8164043818424946,0.24118191618041382,0.9504196092181962,1.6898802308726888,-0.022858622618205697,0.2740027771437499,-0.00968103701786605,-0.1984238463816269,0.9599633578920319,0.11834552195375281,0.13328941961842164,1.4767782034245596,0.037553519197330625,0.6175526956610935,1.7115623518949474,0.009949295986536063,1.0163647861555065,1.2610736176243866,0.2385877741643777,0.9301112404331047,1.5685467608303583
445,True,4.459999999999731,0.0,True,True,0.0,False,,-0.0,0.3627929597094942,0.6937940325192559,-0.2094395102393196,1.1431431265918712,0.22147518735024432,0.13517851011705473,1.8849555921538754,-0.03510833153802939,0.6129927798586986,1.8675022996339325,0.008101594894031519,1.0181752609089323,1.8164043818424946,0.24118191618041382,0.9504196092181962,1.6898802308726888,-0.0,0.3627929597094942,0.6937940325192559,-0.2094395102393196,1.1431431265918712,0.22147518735024432,0.13517851011705473,1.8849555921538754,-0.03510833153802939,0.6129927798586986,1.8675022996339325,0.008101594894031519,1.0181752609089323,1.8164043818424946,0.24118191618041382,0.9504196092181962,1.6898802308726888,-0.02358768876146957,0.296106494889939,-0.009668044905753449,-0.20091059112734194,1.004520624647186,0.11535592593385478,0.12959617169927581,1.560196781623386,0.03567302780759489,0.6223211445519761,1.7504450516099996,0.009752966010803325,1.0184320736577888,1.3610152376978386,0.23958360527986972,0.9363253493069865,1.5989041356041394
446,True,4.46999999999973,0.0,True,True,0.0,False,,-0.0,0.3627929597094942,0.6937940325192559,-0.2094395102393196,1.1431431265918712,0.22147518735024432,0.13517851011705473,1.8849555921538754,-0.03510833153802939,0.6129927798586986,1.8675022996339325,0.008101594894031519,1.0181752609089323,1.8164043818424946,0.24118191618041382,0.9504196092181962,1.6898802308726888,-0.0,0.3627929597094942,0.6937940325192559,-0.2094395102393196,1.1431431265918712,0.22147518735024432,0.13517851011705473,1.8849555921538754,-0.03510833153802939,0.6129927798586986,1.8675022996339325,0.008101594894031519,1.0181752609089323,1.8164043818424946,0.24118191618041382,0.9504196092181962,1.6898802308726888,-0.023741419221883896,0.31268800886470205,-0.00965360796102731,-0.2028122613874915,1.038807587393527,0.11395572266870624,0.12697951300120044,1.6303200708139147,0.03438653396699741,0.6254901608574615,1.7799932832163397,0.00960366332445505,1.0199618228264316,1.4547623365411244,0.2403093332480376,0.9408783653866678,1.6219134193673774
447,True,4.479999999999729,0.0,True,True,0.0,False,,-0.0,0.3627929597094942,0.6937940325192559,-0.2094395102393196,1.1431431265918712,0.22147518735024432,0.13517851011705473,1.8849555921538754,-0.03510833153802939,0.6129927798586986,1.8675022996339325,0.008101594894031519,1.0181752609089323,1.8164043818424946,0.24118191618041382,0.9504196092181962,1.6898802308726888,-0.0,0.3627929597094942,0.6937940325192559,-0.2094395102393196,1.1431431265918712,0.22147518735024432,0.13517851011705473,1.8849555921538754,-0.03510833153802939,0.6129927798586986,1.8675022996339325,0.008101594894031519,1.0181752609089323,1.8164043818424946,0.24118191618041382,0.9504196092181962,1.6898802308726888,-0.023414190482250668,0.32506175722201336,-0.009639440702362041,-0.20427805050083755,1.0649207666735903,0.11366860478291527,0.12510222063696724,1.686985713185035,0.033547703257482596,0.6275547218327676,1.8022920020625173,0.00948937503781627,1.0210927465515722,1.535205409886818,0.24083727765014912,0.9442042152694033,1.6392441364602313
448,True,4.4899999999997275,0.0,True,True,0.0,False,,-0.0,0.3627929597094942,0.6937940325192559,-0.2094395102393196,1.1431431265918712,0.22147518735024432,0.13517851011705473,1.8849555921538754,-0.03510833153802939,0.6129927798586986,1.8675022996339325,0.008101594894031519,1.0181752609089323,1.8164043818424946,0.24118191618041382,0.9504196092181962,1.6898802308726888,-0.0,0.3627929597094942,0.6937940325192559,-0.2094395102393196,1.1431431265918712,0.22147518735024432,0.13517851011705473,1.8849555921538754,-0.03510833153802939,0.6129927798586986,1.8675022996339325,0.008101594894031519,1.0181752609089323,1.8164043818424946,0.24118191618041382,0.9504196092181962,1.6898802308726888,-0.022703664625387372,0.3342611408860195,-0.009626732699852238,-0.2054132022294947,1.0846670072203122,0.11411564895992346,0.1237572931421054,1.7316854657312797,0.033074829129599755,0.6288418891573936,1.819037390410285,0.009401309041217006,1.021891398572978,1.600812081490664,0.24122044001091195,0.9466274951987648,1.6522397849782806
