frame,scored,sim_time,min_distance_measured_mm,measured_collision,measured_margin_violation,modification_rad,fallback,total_safety_time_ms,q_nominal.right_wrist,q_nominal.right_thumb_mcp,q_nominal.right_thumb_abd,q_nominal.right_thumb_pip,q_nominal.right_thumb_dip,q_nominal.right_index_abd,q_nominal.right_index_mcp,q_nominal.right_index_pip,q_nominal.right_middle_abd,q_nominal.right_middle_mcp,q_nominal.right_middle_pip,q_nominal.right_ring_abd,q_nominal.right_ring_mcp,q_nominal.right_ring_pip,q_nominal.right_pinky_abd,q_nominal.right_pinky_mcp,q_nominal.right_pinky_pip,q_safe.right_wrist,q_safe.right_thumb_mcp,q_safe.right_thumb_abd,q_safe.right_thumb_pip,q_safe.right_thumb_dip,q_safe.right_index_abd,q_safe.right_index_mcp,q_safe.right_index_pip,q_safe.right_middle_abd,q_safe.right_middle_mcp,q_safe.right_middle_pip,q_safe.right_ring_abd,q_safe.right_ring_mcp,q_safe.right_ring_pip,q_safe.right_pinky_abd,q_safe.right_pinky_mcp,q_safe.right_pinky_pip,q_measured.right_wrist,q_measured.right_thumb_mcp,q_measured.right_thumb_abd,q_measured.right_thumb_pip,q_measured.right_thumb_dip,q_measured.right_index_abd,q_measured.right_index_mcp,q_measured.right_index_pip,q_measured.right_middle_abd,q_measured.right_middle_mcp,q_measured.right_middle_pip,q_measured.right_ring_abd,q_measured.right_ring_mcp,q_measured.right_ring_pip,q_measured.right_pinky_abd,q_measured.right_pinky_mcp,q_measured.right_pinky_pip
0,True,0.01,6.228385962484579,False,False,3.8490493799511966e-27,False,28.784416965208948,-0.15,0.0,-0.73304,-0.58496,-0.50477,-0.4000000000000001,0.0,0.0,0.0,0.0,0.0,0.17,0.0,0.0,0.52333,0.0,0.0,-0.15,3.6915830757113034e-27,-0.73304,-0.58496,-0.50477,-0.4000000000000001,1.897494192599708e-28,0.0,-2.1444243022467644e-29,-1.0652895115617252e-27,0.0,0.17,-1.2684275033616486e-28,0.0,0.52333,0.0,0.0,-0.1504636294717452,-0.00024913347586931196,-0.733488708629297,-0.5851219546970908,-0.5047744998339302,-0.40023331337118867,-2.4794459782912207e-05,-1.2086908669606811e-06,1.9421818310665445e-08,-3.829584200719741e-05,-1.202505450442284e-06,0.170156837943458,-2.8209428762938118e-05,-1.017519327709447e-06,0.5236657896662829,-6.383528447448374e-07,-2.4370657384594807e-07
1,True,0.020000000000000004,6.229844568071037,False,False,1.6704870637688748e-09,False,27.968875016085804,-0.15,0.0,-0.73304,-0.58496,-0.50477,-0.4000000000000001,0.0,0.0,0.0,0.0,0.0,0.17,0.0,0.0,0.52333,0.0,0.0,-0.1500000009259819,-4.97616365919152e-10,-0.7330400008961814,-0.5849600003234633,-0.5047700000089873,-0.4000000004666447,-4.9521558444123696e-11,-2.414052479694995e-12,1.3486102809184066e-14,-7.647805338914212e-11,-2.4016986841537925e-12,0.17000000031363086,-5.632854509300114e-11,-2.032235969997865e-12,0.5233300006708196,-1.2749473914911732e-12,-4.867418749345399e-13,-0.15153608456330847,-0.0007135247426687595,-0.7343212865158393,-0.5854269552472096,-0.5047827157535005,-0.4006634860753598,-5.4849406227842125e-05,-3.1663330070268552e-06,5.530149906622191e-08,-8.772162223470984e-05,-3.0913443575100013e-06,0.17044841109048006,-6.094927992536568e-05,-2.5944822590679613e-06,0.5242823459075623,-1.261926409570805e-06,-5.039324300044038e-07
2,True,0.030000000000000013,6.231455258452941,False,False,5.012438706761603e-09,False,28.17654103273526,-0.15,0.0,-0.73304,-0.58496,-0.50477,-0.4000000000000001,0.0,0.0,0.0,0.0,0.0,0.17,0.0,0.0,0.52333,0.0,0.0,-0.15000000306921327,-1.4258339962273242e-09,-0.733040002560278,-0.5849600009330698,-0.504770000025409,-0.40000000132700403,-1.0961760250454691e-10,-6.3272689911696525e-12,6.596681894131576e-14,-1.752905592352456e-10,-6.177481231035847e-12,0.17000000089674258,-1.2178470580083423e-10,-5.184616814644591e-12,0.5233300019032623,-2.5221326761074194e-12,-1.0071471112529676e-12,-0.15301403427206522,-0.001228707451813408,-0.7352421419310226,-0.5857686335361719,-0.5047921876498697,-0.401135298704278,-7.151411832448627e-05,-5.092739874964781e-06,9.704372695246652e-08,-0.00011548413996563158,-4.868568327169367e-06,0.17077066979090016,-7.759111580045276e-05,-4.048709867540662e-06,0.5249561521354176,-1.2401198310961135e-06,-5.511125088281712e-07
3,True,0.04000000000000002,6.232967048296152,False,False,9.083330547348191e-09,False,27.94895804254338,-0.15,0.0,-0.73304,-0.58496,-0.50477,-0.4000000000000001,0.0,0.0,0.0,0.0,0.0,0.17,0.0,0.0,0.52333,0.0,0.0,-0.1500000060239915,-2.456062565348374e-09,-0.7330400044017423,-0.5849600016163241,-0.5047700000443492,-0.4000000022706305,-1.4298389012232845e-10,-1.0180160932106767e-11,1.4788076789110926e-13,-2.3087191238098902e-10,-9.732229051412366e-12,0.1700000015412562,-1.5511003318888737e-10,-8.09340378868156e-12,0.5233300032507017,-2.4802946792647982e-12,-1.102093047919776e-12,-0.15472494497891576,-0.0017148699475056748,-0.7361102875376738,-0.5860939163914191,-0.5048020129384532,-0.40157568620557593,-8.056243314050554e-05,-6.749387721536727e-06,1.405705837731235e-07,-0.00012810114899720356,-6.31158545626586e-06,0.17107341273547924,-8.552145330241295e-05,-5.1873550436939175e-06,0.5255833504505432,-4.2844077353032615e-07,-3.3106490822652696e-07
4,True,0.05000000000000003,6.234277275428973,False,False,1.3369498058344459e-08,False,28.327416977845132,-0.15,0.0,-0.73304,-0.58496,-0.50477,-0.4000000000000001,0.0,0.0,0.0,0.0,0.0,0.17,0.0,0.0,0.52333,0.0,0.0,-0.1500000094451653,-3.428459705153916e-09,-0.733040006138175,-0.5849600022669336,-0.5047700000639987,-0.4000000031514008,-1.6110127050742926e-10,-1.3494191952945689e-11,2.403828221492006e-13,-2.561484172013996e-10,-1.2619176748812481e-11,0.1700000021467504,-1.7099677096922387e-10,-1.0371557574294257e-11,0.5233300045051748,-8.59112299514851e-13,-6.627337175869056e-13,-0.1565265372702684,-0.0021386806151185477,-0.7368680076328574,-0.5863797677259261,-0.5048118656890622,-0.4019556906438587,-8.596992667698786e-05,-8.095273187900712e-06,1.843189126118301e-07,-0.0001339500969434684,-7.396085135712034e-06,0.17133600502862956,-8.925072852799233e-05,-5.990085427163701e-06,0.5261235224390899,1.1133142409755225e-06,1.3751210910224717e-07
5,True,0.06000000000000004,6.235360659607339,False,False,1.7577233652040865e-08,False,27.89820800535381,-0.15,0.0,-0.73304,-0.58496,-0.50477,-0.4000000000000001,0.0,0.0,0.0,0.0,0.0,0.17,0.0,0.0,0.52333,0.0,0.0,-0.15000001304809327,-4.276241326751223e-09,-0.733040007653916,-0.5849600028387436,-0.5047700000837042,-0.400000003911403,-1.7192600094235663e-10,-1.6186812230962132e-11,3.3519810784848286e-13,-2.6786755384883114e-10,-1.4789157848155903e-11,0.17000000267194676,-1.7847070146064827e-10,-1.1977939040772533e-11,0.5233300055857049,2.2223835399201266e-12,2.737348800255498e-13,-0.15830751234872095,-0.0024911620099339915,-0.737500347315782,-0.5866192759386549,-0.5048216291552787,-0.4022688853896106,-8.943733267036118e-05,-9.159928954646679e-06,2.2769568331682748e-07,-0.00013649567097403064,-8.163728277068303e-06,0.17155328370252018,-9.072417829562262e-05,-6.497687498050624e-06,0.5265682310016748,3.2607170915957177e-06,8.123891467384448e-07
6,True,0.07000000000000005,6.2362292624466,False,False,2.1531096470361088e-08,False,28.33179198205471,-0.15,0.0,-0.73304,-0.58496,-0.50477,-0.4000000000000001,0.0,0.0,0.0,0.0,0.0,0.17,0.0,0.0,0.52333,0.0,0.0,-0.15000001661009302,-4.98138884004809e-09,-0.7330400089189376,-0.5849600033178866,-0.5047700001032313,-0.4000000045377858,-1.7886587713343213e-10,-1.8316893008997687e-11,4.290127364053892e-13,-2.7297074962819717e-10,-1.632531255328412e-11,0.17000000310651556,-1.8142777673268735e-10,-1.2993952879047194e-11,0.5233300064753408,6.515514860105221e-12,1.6229188420257461e-12,-0.15998618322588376,-0.0027752355731565604,-0.7380128055517997,-0.5868136279716286,-0.5048312602968029,-0.4025194490459055,-9.175545027209614e-05,-9.9940458338526e-06,2.704817096470807e-07,-0.00013725997606667639,-8.675736304361973e-06,0.17172758456835044,-9.085926123170358e-05,-6.768215786885093e-06,0.5269238650782084,5.879986037915734e-06,1.6474739708181808e-06
7,True,0.08000000000000006,6.236910623159271,False,False,2.512513054106479e-08,False,28.30004197312519,-0.15,0.0,-0.73304,-0.58496,-0.50477,-0.4000000000000001,0.0,0.0,0.0,0.0,0.0,0.17,0.0,0.0,0.52333,0.0,0.0,-0.15000001996770942,-5.549713803093548e-09,-0.7330400099441817,-0.584960003706714,-0.504770000122494,-0.40000000503890715,-1.8350503129299818e-10,-1.9985757513391457e-11,5.206245492950374e-13,-2.745069768554393e-10,-1.735002966695028e-11,0.1700000034551271,-1.8170514273991092e-10,-1.353566043039452e-11,0.5233300071868208,1.1752744439748309e-11,3.292644509358638e-12,-0.16150728315761537,-0.0029989200673268108,-0.7384194245836102,-0.586967630124604,-0.5048407412031124,-0.4027157846037573,-9.334060720129532e-05,-1.0650702685434206e-05,3.1260138753417215e-07,-0.0001369821474812439,-8.99451010153193e-06,0.17186437262747714,-9.014841757960347e-05,-6.860204725487217e-06,0.5272025837047725,8.846573505767265e-06,2.5996467626120762e-06
8,True,0.09000000000000007,6.237436354529963,False,False,2.829903008974399e-08,False,27.601042005699128,-0.15,0.0,-0.73304,-0.58496,-0.50477,-0.4000000000000001,0.0,0.0,0.0,0.0,0.0,0.17,0.0,0.0,0.52333,0.0,0.0,-0.1500000230103366,-5.997244807969676e-09,-0.7330400107577093,-0.5849600040148287,-0.5047700001414561,-0.4000000054315747,-1.866764811578759e-10,-2.1299556682199267e-11,6.106699969625385e-13,-2.7395302332525705e-10,-1.7988107458441157e-11,0.17000000372871155,-1.8028949890619948e-10,-1.3720129000371038e-11,0.523330007744443,1.7684952235483948e-11,5.19666424218042e-12,-0.16283795028840126,-0.0031717628246402986,-0.7387366802665826,-0.5870873046249281,-0.5048500625422576,-0.40286726508773163,-9.444531181921209e-05,-1.1178409064414991e-05,3.5403385725330453e-07,-0.00013607195574703057,-9.176556853747248e-06,0.1719699532010291,-8.889611403469039e-05,-6.8264205993655e-06,0.5274177648334507,1.205099211544202e-05,3.6310038609618564e-06
9,True,0.10000000000000007,6.237836624737348,False,False,3.102561811936187e-08,False,27.37479197094217,-0.15,0.0,-0.73304,-0.58496,-0.50477,-0.4000000000000001,0.0,0.0,0.0,0.0,0.0,0.17,0.0,0.0,0.52333,0.0,0.0,-0.1500000256721893,-6.343061961094909e-09,-0.7330400113924652,-0.5849600042542716,-0.5047700001600992,-0.4000000057345313,-1.8888720742951757e-10,-2.2355321995223072e-11,6.971773291935082e-13,-2.721370422574792e-10,-1.8352576294615452e-11,0.17000000393987882,-1.777885105303835e-10,-1.3652906813115657e-11,0.5233300081749631,2.4093122497951766e-11,7.259156522551125e-12,-0.16396349116509554,-0.0033030841638400817,-0.738980552372785,-0.5871786746779323,-0.5048592183703488,-0.40298270346183845,-9.524178691842844e-05,-1.1618750510641621e-05,3.9477882767967154e-07,-0.00013478823124762296,-9.270038106341299e-06,0.1720503587570357,-8.731290523784716e-05,-6.711778506534894e-06,0.5275819032155894,1.5400208420618226e-05,4.70944080716152e-06
10,True,0.11000000000000008,6.238137850792025,False,False,3.330302364277799e-08,False,27.374915953259915,-0.15,0.0,-0.73304,-0.58496,-0.50477,-0.4000000000000001,0.0,0.0,0.0,0.0,0.0,0.17,0.0,0.0,0.52333,0.0,0.0,-0.15000002792383074,-6.60581234851465e-09,-0.7330400118804102,-0.5849600044370892,-0.5047700001784112,-0.4000000059654046,-1.904810022142515e-10,-2.3236243416101883e-11,7.814441546174816e-13,-2.6957271874808453e-10,-1.8539782021067836e-11,0.17000000410069463,-1.7462466573388204e-10,-1.3423845480429195e-11,0.5233300085033682,3.079114345899735e-11,9.415896611433621e-12,-0.16488328824065454,-0.003401211457322291,-0.7391652884175633,-0.5872472109655302,-0.5048682047040229,-0.40306974351364133,-9.585589232914891e-05,-1.2005878142506857e-05,4.348435192587263e-07,-0.00013331022118924187,-9.314267038948668e-06,0.17211088006718786,-8.555377448282599e-05,-6.552965809553184e-06,0.5277057971553443,1.8817413154942092e-05,5.808597608559027e-06
11,True,0.12000000000000009,6.23836206624249,False,False,3.5148691354119736e-08,False,26.927375001832843,-0.15,0.0,-0.73304,-0.58496,-0.50477,-0.4000000000000001,0.0,0.0,0.0,0.0,0.0,0.17,0.0,0.0,0.52333,0.0,0.0,-0.1500000297639871,-6.80215316972016e-09,-0.7330400122500442,-0.5849600045742243,-0.5047700001963844,-0.4000000061394819,-1.9170971217842905e-10,-2.4010643496499232e-11,8.636729639249779e-13,-2.666188631905795e-10,-1.8628375173996062e-11,0.1700000042217408,-1.7110817210547798e-10,-1.3106342210524383e-11,0.5233300087512579,3.7625352249245295e-11,1.1614148828760853e-11,-0.1656070668943638,-0.0034732322153321425,-0.739303032230877,-0.587297632189563,-0.5048770191776224,-0.4031347190648008,-9.63818152753119e-05,-1.2366778579651525e-05,4.742377452104522e-07,-0.00013176745913837752,-9.340072374516911e-06,0.17215593477190305,-8.373492578040527e-05,-6.3788103650563735e-06,0.5277983800356527,2.224109305958284e-05,6.907522705665835e-06
12,True,0.1300000000000001,6.238527098897662,False,False,3.659420865873452e-08,False,27.008916018530726,-0.15,0.0,-0.73304,-0.58496,-0.50477,-0.4000000000000001,0.0,0.0,0.0,0.0,0.0,0.17,0.0,0.0,0.52333,0.0,0.0,-0.15000003121208066,-6.946262590731139e-09,-0.7330400125256605,-0.5849600046751163,-0.5047700002140137,-0.40000000626943083,-1.9276179850718448e-10,-2.4732515060759633e-11,9.440410941043561e-13,-2.635347727260144e-10,-1.8680036409710185e-11,0.17000000431185291,-1.6747162440459637e-10,-1.2758074217778382e-11,0.5233300089365034,4.447268057357107e-11,1.3811995264790308e-11,-0.16615163452983783,-0.003525002789204763,-0.7394038651446748,-0.5873338845101561,-0.5048856609150328,-0.40318273230568064,-9.68893812451928e-05,-1.2721893593550454e-05,5.129721056552628e-07,-0.00013025365108451035,-9.370564573456255e-06,0.17218910002492155,-8.194233763357244e-05,-6.210993226011311e-06,0.5278668473664287,2.5623733567055006e-05,7.990192269231243e-06
13,True,0.1400000000000001,6.238647087306903,False,False,3.768068669016406e-08,False,27.310249977745116,-0.15,0.0,-0.73304,-0.58496,-0.50477,-0.4000000000000001,0.0,0.0,0.0,0.0,0.0,0.17,0.0,0.0,0.52333,0.0,0.0,-0.15000003230170664,-7.049856460324827e-09,-0.7330400127274275,-0.5849600047476599,-0.5047700002312977,-0.4000000063654557,-1.937769788921441e-10,-2.5442759578241862e-11,1.0226953007605685e-12,-2.6050803956503485e-10,-1.8741007797899657e-11,0.17000000437818544,-1.6388712888409755e-10,-1.2422423177193154e-11,0.5233300090734998,5.1238060920033666e-11,1.5977374769556344e-11,-0.16653814084417604,-0.0035612691970719687,-0.7394760200631272,-0.5873592028046822,-0.5048941303792803,-0.40321781848584815,-9.742857897428836e-05,-1.3085904457506316e-05,5.510573526021621e-07,-0.00012883445277345437,-9.422092889621732e-06,0.17221321430295383,-8.023722257272454e-05,-6.064926969481373e-06,0.5279168962286038,2.8930290405780846e-05,9.044945463958756e-06
14,True,0.1500000000000001,6.238733091111672,False,False,3.845471492771189e-08,False,27.208916028030217,-0.15,0.0,-0.73304,-0.58496,-0.50477,-0.4000000000000001,0.0,0.0,0.0,0.0,0.0,0.17,0.0,0.0,0.52333,0.0,0.0,-0.15000003307515247,-7.122429672955233e-09,-0.733040012871816,-0.5849600047983264,-0.504770000248237,-0.4000000064356268,-1.9485528522742573e-10,-2.6170755382140358e-11,1.0997520175190007e-12,-2.5767011817951456e-10,-1.8844006363928872e-11,0.17000000442641552,-1.6047723189909803e-10,-1.2130231422697744e-11,0.5233300091736447,5.7851370632714446e-11,1.808695372496733e-11,-0.16678985891342318,-0.0035858214293905144,-0.739526146089993,-0.5873763049270005,-0.5049024292070287,-0.40324312987867633,-9.803303193398096e-05,-1.3468585920535042e-05,5.885041805950776e-07,-0.00012755289579871842,-9.50527925994041e-06,0.172230498851537,-7.866031919209903e-05,-5.950702609022599e-06,0.5279529862831749,3.213652168195702e-05,1.0063874718864805e-05
15,True,0.16000000000000011,6.238795208663195,False,False,3.8964976529008846e-08,False,27.187125000637025,-0.15,0.0,-0.73304,-0.58496,-0.50477,-0.4000000000000001,0.0,0.0,0.0,0.0,0.0,0.17,0.0,0.0,0.52333,0.0,0.0,-0.15000003357895833,-7.171564677613956e-09,-0.7330400129721284,-0.5849600048325532,-0.5047700002648351,-0.4000000064862486,-1.9606400919849106e-10,-2.6936065426820294e-11,1.17530708430475e-12,-2.5510718608097796e-10,-1.9010291701343604e-11,0.17000000446098576,-1.5732350822474442e-10,-1.1901695581628463e-11,0.5233300092458607,6.426409629597084e-11,2.0124906686667964e-11,-0.16693044033231824,-0.003601854967882926,-0.7395595580452499,-0.5873887580333982,-0.5049105604268966,-0.4032611081323934,-9.8723246617539e-05,-1.3875729997151754e-05,6.253231637165599e-07,-0.0001264341344251795,-9.626123275067726e-06,0.17224298262698018,-7.72359590506191e-05,-5.874103387859091e-06,0.527978581582322,3.522711625889056e-05,1.1042157493540818e-05
16,True,0.17000000000000012,6.2388458798076645,False,False,3.9259938109155557e-08,False,27.439041004981846,-0.15,0.0,-0.73304,-0.58496,-0.50477,-0.4000000000000001,0.0,0.0,0.0,0.0,0.0,0.17,0.0,0.0,0.52333,0.0,0.0,-0.15000003386042626,-7.203653957198186e-09,-0.7330400130389981,-0.5849600048574721,-0.504770000281098,-0.40000000652220447,-1.9744419994642288e-10,-2.7750284671757735e-11,1.2494370755432261e-12,-2.5286963877533576e-10,-1.925187567415436e-11,0.17000000448595415,-1.544746905802856e-10,-1.1748393958252532e-11,0.5233300092970783,7.044559113968769e-11,2.2081580120108277e-11,-0.1669878183365601,-0.0036134497503185333,-0.7395803525975035,-0.5873992348418828,-0.5049185259651029,-0.40327398928553343,-9.953042279573262e-05,-1.4316621733871492e-05,6.615249009464385e-07,-0.00012551853760763877,-9.794901688418092e-06,0.1722531658520963,-7.600216979945216e-05,-5.84480059448751e-06,0.5279962586743289,3.8180220826685426e-05,1.1972557458432742e-05
17,True,0.18000000000000013,6.2388916152118155,False,False,3.939488451908159e-08,False,26.270375004969537,-0.15,0.0,-0.73304,-0.58496,-0.50477,-0.4000000000000001,0.0,0.0,0.0,0.0,0.0,0.17,0.0,0.0,0.52333,0.0,0.0,-0.1500000339754109,-7.226854973393232e-09,-0.7330400130806218,-0.5849600048784311,-0.5047700002970295,-0.40000000654796636,-1.9905822736671075e-10,-2.8631973558696866e-11,1.322217518727116e-12,-2.5103820208032847e-10,-1.9589299984990927e-11,0.17000000450632125,-1.520068041436281e-10,-1.1689658404159863e-11,0.5233300093324528,7.635216663423724e-11,2.3942508025614627e-11,-0.16700645521235166,-0.0036231647750615812,-0.739593674965547,-0.5874087870591155,-0.5049263236643016,-0.4032844553509895,-0.0001005199563411133,-1.4811416718538284e-05,6.971201643273754e-07,-0.00012489431023278403,-1.003494371672477e-05,0.17226235717899033,-7.504037577594557e-05,-5.88442792348402e-06,0.5280088281929705,4.095217759221759e-05,1.2840012809037978e-05
18,True,0.19000000000000014,6.238934968841663,False,False,3.9453587000586704e-08,False,27.2094170213677,-0.15,0.0,-0.73304,-0.58496,-0.50477,-0.4000000000000001,0.0,0.0,0.0,0.0,0.0,0.17,0.0,0.0,0.52333,0.0,0.0,-0.15000003401279113,-7.246289832930908e-09,-0.7330400131072871,-0.5849600048975381,-0.5047700003126253,-0.40000000656889834,-2.0103678895482414e-10,-2.962141329001578e-11,1.3936503424445614e-12,-2.497891389986306e-10,-2.0069187073852124e-11,0.1700000045247043,-1.5008260756952437e-10,-1.176872331649871e-11,0.5233300093576048,8.189656730686135e-11,2.5677588380289035e-11,-0.1670109362781811,-0.003632028815404904,-0.7396039060344157,-0.587417851285503,-0.5049339599819644,-0.40329388182520354,-0.0001016451107921065,-1.5345199303249752e-05,7.321187411423141e-07,-0.00012449499398715396,-1.0328090772729777e-05,0.1722710699717061,-7.42904141427795e-05,-5.976323044800709e-06,0.5280191991445805,4.3573447597462435e-05,1.3655551252508483e-05
19,True,0.20000000000000015,6.238976957242772,False,False,3.948386774496238e-08,False,26.8787500099279,-0.15,0.0,-0.73304,-0.58496,-0.50477,-0.4000000000000001,0.0,0.0,0.0,0.0,0.0,0.17,0.0,0.0,0.52333,0.0,0.0,-0.15000003402179218,-7.264020077720618e-09,-0.7330400131277577,-0.5849600049156678,-0.5047700003278983,-0.4000000065877512,-2.0328672031583606e-10,-3.068886909258551e-11,1.4637492143133201e-12,-2.4898998119381177e-10,-2.0655333954667262e-11,0.17000000454213002,-1.4858217081822542e-10,-1.1952369431883004e-11,0.5233300093783523,8.713951129136858e-11,2.7308804801111797e-11,-0.1670102550663216,-0.0036404618512012542,-0.7396128282093801,-0.5874266158086774,-0.504941442834347,-0.40330280927037065,-0.00010283804411079053,-1.5896597340138143e-05,7.665301277362867e-07,-0.00012422550702381822,-1.0648693266086684e-05,0.1722795085625469,-7.366568298724294e-05,-6.096860854473936e-06,0.5280286152655043,4.608891837608518e-05,1.4435161769689346e-05
20,True,0.21000000000000016,6.239017988700784,False,False,3.9503484005031424e-08,False,26.880582969170064,-0.15,0.0,-0.73304,-0.58496,-0.50477,-0.4000000000000001,0.0,0.0,0.0,0.0,0.0,0.17,0.0,0.0,0.52333,0.0,0.0,-0.15000003402044396,-7.2808872329625796e-09,-0.7330400131456056,-0.5849600049331977,-0.5047700003428645,-0.40000000660560603,-2.0567239576751214e-10,-3.1791614506964175e-11,1.5326157362530526e-12,-2.4845069626850194e-10,-2.129646214388823e-11,0.17000000455900724,-1.4733239911554011e-10,-1.2193365789139128e-11,0.523330009397187,9.217073375285831e-11,2.886812153155016e-11,-0.16700770084583902,-0.0036486354672436794,-0.7396211475423929,-0.5874351617687471,-0.5049487783364028,-0.40331145092939297,-0.00010405418906841658,-1.645162854294922e-05,8.003638491472883e-07,-0.0001240233198038836,-1.097997027376056e-05,0.17228775501552696,-7.310912905441468e-05,-6.230550936774727e-06,0.5280375641889412,4.852858750777416e-05,1.5189494622677514e-05
21,True,0.22000000000000017,6.2390582312337095,False,False,3.951899478240123e-08,False,27.272416977211833,-0.15,0.0,-0.73304,-0.58496,-0.50477,-0.4000000000000001,0.0,0.0,0.0,0.0,0.0,0.17,0.0,0.0,0.52333,0.0,0.0,-0.15000003401534068,-7.297235106104583e-09,-0.7330400131622459,-0.5849600049502902,-0.5047700003575358,-0.40000000662288926,-2.0810461698068244e-10,-3.2901664702986774e-11,1.6003047738700053e-12,-2.4804616214203594e-10,-2.1958985472255322e-11,0.17000000457550013,-1.4621912361456602e-10,-1.2460709244285968e-11,0.523330009415086,9.705027076710492e-11,3.0376853747451893e-11,-0.1670044330443928,-0.00365662044320713,-0.7396291443874198,-0.587443524833377,-0.504955971037538,-0.4033198918267866,-0.00010526949525369302,-1.7002788618902505e-05,8.336294275278459e-07,-0.0001238544484628658,-1.131287334388029e-05,0.17229584309652834,-7.258967604319302e-05,-6.369009038783169e-06,0.5280462380479143,5.0909181416098896e-05,1.5924472564674087e-05
22,True,0.23000000000000018,6.239097757887065,False,False,3.9532750658155016e-08,False,26.915375026874244,-0.15,0.0,-0.73304,-0.58496,-0.50477,-0.4000000000000001,0.0,0.0,0.0,0.0,0.0,0.17,0.0,0.0,0.52333,0.0,0.0,-0.15000003400880704,-7.313205514693916e-09,-0.7330400131782404,-0.5849600049670167,-0.5047700003719215,-0.40000000663977103,-2.105352267983739e-10,-3.400399329922836e-11,1.6668487996545188e-12,-2.4770834415230834e-10,-2.2624785811853148e-11,0.1700000045916763,-1.4518012887796555e-10,-1.2737611783879927e-11,0.5233300094324344,1.0181161152317784e-10,3.184685992701922e-11,-0.16700084202456916,-0.003664446701206308,-0.7396369307430056,-0.5874517214770528,-0.5049630245204888,-0.40332816674167293,-0.00010647239607296072,-1.754650809080935e-05,8.663363186232024e-07,-0.00012370224595044044,-1.1643042034278468e-05,0.17230378747994962,-7.209203728174609e-05,-6.508162282162771e-06,0.5280547134637857,5.3239314583416415e-05,1.6643134205166765e-05
23,True,0.24000000000000019,6.239136603984993,False,False,3.954556527986831e-08,False,27.201708988286555,-0.15,0.0,-0.73304,-0.58496,-0.50477,-0.4000000000000001,0.0,0.0,0.0,0.0,0.0,0.17,0.0,0.0,0.52333,0.0,0.0,-0.15000003400162593,-7.328858413375994e-09,-0.7330400131938137,-0.5849600049834105,-0.5047700003860289,-0.4000000066563208,-2.129410577852769e-10,-3.509145054140313e-11,1.7322717936387255e-12,-2.474039056032853e-10,-2.3285129385633777e-11,0.17000000460756504,-1.4418480167135202e-10,-1.3015915800471491e-11,0.5233300094493857,1.0647200735137844e-10,3.328422520915532e-11,-0.16699718670593985,-0.0036721275194080416,-0.7396445518383535,-0.5874597600094259,-0.5049699418125964,-0.4033362907132241,-0.00010765818800256564,-1.8081378245070842e-05,8.98493870180128e-07,-0.00012355958722613515,-1.1968687739248686e-05,0.17231159525742437,-7.160960331416852e-05,-6.646304429745181e-06,0.5280630218305614,5.552312270869699e-05,1.7346927479906546e-05
24,True,0.25000000000000017,6.239174790200306,False,False,3.9557941177345816e-08,False,26.93025005282834,-0.15,0.0,-0.73304,-0.58496,-0.50477,-0.4000000000000001,0.0,0.0,0.0,0.0,0.0,0.17,0.0,0.0,0.52333,0.0,0.0,-0.15000003399431547,-7.344220396329065e-09,-0.7330400132090563,-0.584960004999488,-0.5047700003998639,-0.4000000066725687,-2.1531268390125643e-10,-3.616121304169306e-11,1.7965955960377747e-12,-2.4711857262100026e-10,-2.3936431936411452e-11,0.17000000462318057,-1.4321990106727373e-10,-1.3292202323496099e-11,0.5233300094660028,1.110397418883414e-10,3.469184983297753e-11,-0.16699359675340117,-0.003679669713561736,-0.7396520270419848,-0.5874676455791413,-0.5049767257067561,-0.4033442711248056,-0.00010882478389039227,-1.8606813285932165e-05,9.301112917761432e-07,-0.00012342298034067137,-1.2289001793299574e-05,0.17231927057551572,-7.113907505106872e-05,-6.782631413790103e-06,0.5280711770037649,5.7763023716612525e-05,1.803669015579563e-05
25,True,0.2600000000000002,6.239212331422514,False,False,3.957012634159742e-08,False,27.075916004832834,-0.15,0.0,-0.73304,-0.58496,-0.50477,-0.4000000000000001,0.0,0.0,0.0,0.0,0.0,0.17,0.0,0.0,0.52333,0.0,0.0,-0.1500000339871354,-7.3593051149595246e-09,-0.7330400132240071,-0.5849600050152595,-0.504770000413432,-0.4000000066885295,-2.176459238393191e-10,-3.721210696828732e-11,1.859837553027635e-12,-2.4684535193881044e-10,-2.4577073425583124e-11,0.1700000046385312,-1.4227882023584715e-10,-1.3564860737592238e-11,0.5233300094823136,1.1551965569696733e-10,3.6071411018589105e-11,-0.16699005229843153,-0.003687077554641331,-0.7396593656532515,-0.5874753820723254,-0.5049833788748342,-0.40335211236826923,-0.00010997113924072134,-1.9122554648309985e-05,9.61197645603396e-07,-0.00012329038659312927,-1.2603566250285515e-05,0.17232681641847253,-7.067847819578026e-05,-6.91669945128987e-06,0.5280791860100342,5.996074006823393e-05,1.8713012938911453e-05
26,True,0.2700000000000002,6.239249239963689,False,False,3.958209903697159e-08,False,27.333084028214216,-0.15,0.0,-0.73304,-0.58496,-0.50477,-0.4000000000000001,0.0,0.0,0.0,0.0,0.0,0.17,0.0,0.0,0.52333,0.0,0.0,-0.15000003398004638,-7.374121115382576e-09,-0.7330400132386846,-0.5849600050307329,-0.5047700004267387,-0.40000000670421193,-2.1993868565847816e-10,-3.8243614296164154e-11,1.922017430651526e-12,-2.4658016280947395e-10,-2.520621689650548e-11,0.17000000465362286,-1.4135760726015356e-10,-1.3833002489951646e-11,0.5233300094983319,1.1991519562536915e-10,3.742409085467804e-11,-0.1669865385156068,-0.0036943541126008782,-0.739666572674956,-0.5874829726747779,-0.50498990387167,-0.40335981758519296,-0.00011109710266197385,-1.9628623533482838e-05,9.917618481953155e-07,-0.00012316101313656217,-1.291229736868751e-05,0.1723342352527107,-7.022697643974475e-05,-7.0483734694426284e-06,0.5280870530931842,6.211739267821792e-05,1.9376273308879637e-05
27,True,0.2800000000000002,6.239285527028664,False,False,3.959384090588516e-08,False,26.936166977975518,-0.15,0.0,-0.73304,-0.58496,-0.50477,-0.4000000000000001,0.0,0.0,0.0,0.0,0.0,0.17,0.0,0.0,0.52333,0.0,0.0,-0.15000003397301875,-7.3886745441571755e-09,-0.7330400132530991,-0.5849600050459144,-0.5047700004397889,-0.4000000067196223,-2.2219066403384932e-10,-3.9255776648522596e-11,1.9831535021629776e-12,-2.463214160094464e-10,-2.5823693943782008e-11,0.17000000466846052,-1.4045458661415561e-10,-1.409635658424131e-11,0.5233300095140664,1.2422860514533975e-10,3.8750644860751976e-11,-0.1669830498832512,-0.0037015019669512546,-0.7396736514186967,-0.5874904202700061,-0.5049963031778698,-0.403367389408064,-0.00011220286922105453,-2.0125148740635017e-05,1.021812668854918e-06,-0.00012303455595785194,-1.321524097492379e-05,0.1723415293223642,-6.978418131081306e-05,-7.177638776186938e-06,0.528094781391463,6.423385731014499e-05,2.002676204097464e-05
28,True,0.2900000000000002,6.239321203293682,False,False,3.960534727116614e-08,False,27.06804103218019,-0.15,0.0,-0.73304,-0.58496,-0.50477,-0.4000000000000001,0.0,0.0,0.0,0.0,0.0,0.17,0.0,0.0,0.52333,0.0,0.0,-0.15000003396604142,-7.402970557748856e-09,-0.7330400132672569,-0.5849600050608099,-0.5047700004525879,-0.40000000673476593,-2.2440224827532766e-10,-4.024885132347883e-11,2.0432618133306256e-12,-2.460685025423674e-10,-2.6429595867400032e-11,0.17000000468304866,-1.3956898004398137e-10,-1.435489330654544e-11,0.5233300095295234,1.2846163651054898e-10,4.0051654846801716e-11,-0.16697958429031035,-0.0037085234894468026,-0.7396806045292366,-0.5874977276002057,-0.5050025792182181,-0.40337483025018805,-0.0001132887477670821,-2.061229345518579e-05,1.0513587304331422e-06,-0.00012291087814417286,-1.3512485568932166e-05,0.1723487007656235,-6.934985874143292e-05,-7.304521054461697e-06,0.5281023735922417,6.631091678352547e-05,2.066473719186763e-05
29,True,0.3000000000000002,6.239356279126615,False,False,3.961661874916041e-08,False,26.433125021867454,-0.15,0.0,-0.73304,-0.58496,-0.50477,-0.4000000000000001,0.0,0.0,0.0,0.0,0.0,0.17,0.0,0.0,0.52333,0.0,0.0,-0.15000003395911019,-7.417013903228409e-09,-0.7330400132811634,-0.584960005075425,-0.5047700004651403,-0.4000000067496476,-2.2657405574118272e-10,-4.1223164594736015e-11,2.1023606194085494e-12,-2.45821147888247e-10,-2.7024099536309266e-11,0.17000000469739152,-1.3870031913363473e-10,-1.4608663910827674e-11,0.5233300095447081,1.3261585551222182e-10,4.132763701503411e-11,-0.16697614087632578,-0.0037154209495856116,-0.7396874343735359,-0.5875048973247488,-0.505008734368288,-0.403382142416798,-0.0001143550811511092,-2.1090230183223403e-05,1.0804085112201343e-06,-0.00012278989970777418,-1.3804132613652256e-05,0.1723557516589863,-6.892382855496685e-05,-7.429058990041776e-06,0.5281098321837008,6.834931346321097e-05,2.12904427022735e-05
30,True,0.3100000000000002,6.239390764671848,False,False,3.962765762850444e-08,False,26.438834029249847,-0.15,0.0,-0.73304,-0.58496,-0.50477,-0.4000000000000001,0.0,0.0,0.0,0.0,0.0,0.17,0.0,0.0,0.52333,0.0,0.0,-0.1500000339522233,-7.430809117331405e-09,-0.7330400132948234,-0.5849600050897648,-0.5047700004774509,-0.4000000067642719,-2.287067719860007e-10,-4.217906147236609e-11,2.1604661343014252e-12,-2.4557919210015967e-10,-2.7607407857252225e-11,0.1700000047114933,-1.3784824329102566e-10,-1.4857745730349065e-11,0.5233300095596255,1.3669274706010117e-10,4.2579079283531834e-11,-0.16697271923973314,-0.0037221965542795893,-0.7396941431888654,-0.5875119320417721,-0.5050147709571485,-0.4033893281479144,-0.00011540221917579934,-2.1559132279157583e-05,1.1089703471852385e-06,-0.0001226715602123185,-1.4090286493875982e-05,0.17236268403432342,-6.850593034332021e-05,-7.551295005917888e-06,0.5281171595519076,7.034976730702937e-05,2.1904114786490198e-05
31,True,0.32000000000000023,6.239424669884225,False,False,3.9638467046965456e-08,False,26.919999974779785,-0.15,0.0,-0.73304,-0.58496,-0.50477,-0.4000000000000001,0.0,0.0,0.0,0.0,0.0,0.17,0.0,0.0,0.52333,0.0,0.0,-0.15000003394537997,-7.444360617097495e-09,-0.7330400133082413,-0.5849600051038346,-0.5047700004895244,-0.4000000067786433,-2.3080109664544348e-10,-4.31168886401781e-11,2.2175965747233333e-12,-2.4534251418114293e-10,-2.817972957811063e-11,0.17000000472535803,-1.3701243178204647e-10,-1.5102223603929608e-11,0.5233300095742806,1.4069375111019737e-10,4.3806454096779676e-11,-0.1669693191476902,-0.0037288524630477685,-0.7397007331394958,-0.5875188342965002,-0.5050206912687983,-0.40339638963513824,-0.00011643050958080074,-2.2019171143786138e-05,1.1370524343063082e-06,-0.00012255580623839286,-1.437105118153923e-05,0.17236949988568157,-6.809601199868753e-05,-7.671272171353992e-06,0.528124358018546,7.231298210999907e-05,2.250598413986685e-05
32,True,0.33000000000000024,6.239458004543564,False,False,3.964905027509046e-08,False,26.64558298420161,-0.15,0.0,-0.73304,-0.58496,-0.50477,-0.4000000000000001,0.0,0.0,0.0,0.0,0.0,0.17,0.0,0.0,0.52333,0.0,0.0,-0.15000003393857977,-7.457672718518688e-09,-0.7330400133214215,-0.5849600051176395,-0.5047700005013653,-0.40000000679276626,-2.328577252080997e-10,-4.4036988909346457e-11,2.2737674130016047e-12,-2.4511100736438786e-10,-2.874127265224929e-11,0.1700000047389897,-1.361925801898322e-10,-1.5342183668043776e-11,0.5233300095886778,1.4462027526863843e-10,4.501022285734093e-11,-0.16696594042972482,-0.0037353907940986197,-0.7397072063386656,-0.5875256065848007,-0.5050264975431895,-0.4034033290284769,-0.00011744029513455684,-2.247051533977195e-05,1.1646628309017177e-06,-0.00012244258723557953,-1.4646529162885661e-05,0.1723762011722062,-6.769392589523249e-05,-7.789033194063557e-06,0.5281314298558547,7.423964774060187e-05,2.30962767276992e-05
33,True,0.34000000000000025,6.239490778261975,False,False,3.965941051243956e-08,False,27.125207998324186,-0.15,0.0,-0.73304,-0.58496,-0.50477,-0.4000000000000001,0.0,0.0,0.0,0.0,0.0,0.17,0.0,0.0,0.52333,0.0,0.0,-0.1500000339318223,-7.470749658657072e-09,-0.7330400133343682,-0.5849600051311843,-0.5047700005129782,-0.400000006806645,-2.348773431336878e-10,-4.493969940576044e-11,2.3289939776797276e-12,-2.4488457033120144e-10,-2.9292242058253314e-11,0.17000000475239227,-1.3538839347586665e-10,-1.5577711338341004e-11,0.5233300096028218,1.4847369938597674e-10,4.61908375047268e-11,-0.16696258293875485,-0.0037418136270142427,-0.7397135648573488,-0.5875322513550254,-0.5050321919771169,-0.40341014843935463,-0.00011843191276697509,-2.291333034666765e-05,1.1918094599365597e-06,-0.00012233185416928388,-1.4916821117941427e-05,0.17238278981959285,-6.729952762076727e-05,-7.904620105631788e-06,0.5281383772928026,7.613044103051847e-05,2.367521409816423e-05
34,True,0.35000000000000026,6.2395230004883535,False,False,3.9669551195427114e-08,False,26.52400004444644,-0.15,0.0,-0.73304,-0.58496,-0.50477,-0.4000000000000001,0.0,0.0,0.0,0.0,0.0,0.17,0.0,0.0,0.52333,0.0,0.0,-0.15000003392510727,-7.483595599547949e-09,-0.7330400133470856,-0.5849600051444742,-0.5047700005243673,-0.40000000682028375,-2.3686062441648833e-10,-4.582535110585011e-11,2.383293119842913e-12,-2.446631053407578e-10,-2.983283914940679e-11,0.17000000476556953,-1.34599582524088e-10,-1.580889067860614e-11,0.5233300096167169,1.5225537703441455e-10,4.734874116591771e-11,-0.16695924653679947,-0.003748123004161799,-0.739719810727997,-0.5875387710092286,-0.5050377767250577,-0.4034168499421558,-0.00011940569337241168,-2.3347778525237443e-05,1.2185001112944836e-06,-0.00012222355908341623,-1.5182025845564293e-05,0.1723892677209763,-6.691267554461722e-05,-8.018074173536542e-06,0.5281452025178881,7.798602621692908e-05,2.424301353736451e-05
35,True,0.36000000000000026,6.2395546805116675,False,False,3.967947558484384e-08,False,26.05608303565532,-0.15,0.0,-0.73304,-0.58496,-0.50477,-0.4000000000000001,0.0,0.0,0.0,0.0,0.0,0.17,0.0,0.0,0.52333,0.0,0.0,-0.15000003391843442,-7.496214623863018e-09,-0.7330400133595776,-0.5849600051575138,-0.5047700005355371,-0.40000000683368675,-2.3880823078574476e-10,-4.669426874171867e-11,2.4366802840781625e-12,-2.4444651614300913e-10,-3.0363261536802246e-11,0.17000000477852534,-1.3382586438483429e-10,-1.6035804228811765e-11,0.5233300096303677,1.5596663682239907e-10,4.848436840947318e-11,-0.1669559310897394,-0.0037543209316233976,-0.7397259459463602,-0.5875451679041532,-0.5050432538999872,-0.40342343557520105,-0.00012036196182726072,-2.3774019148253786e-05,1.2447424440125701e-06,-0.0001221176549566565,-1.5442240266477994e-05,0.17239563673760164,-6.653323065399186e-05,-8.12943588539765e-06,0.5281519076806368,7.980705523716314e-05,2.479988817237255e-05
36,True,0.3700000000000003,6.239585827463987,False,False,3.9689187009673205e-08,False,27.403291023802012,-0.15,0.0,-0.73304,-0.58496,-0.50477,-0.4000000000000001,0.0,0.0,0.0,0.0,0.0,0.17,0.0,0.0,0.52333,0.0,0.0,-0.15000003391180347,-7.508610742716637e-09,-0.7330400133718483,-0.5849600051703079,-0.5047700005464917,-0.400000006846858,-2.407208120309241e-10,-4.754677085196438e-11,2.489171121860276e-12,-2.4423470903578264e-10,-3.0883703062235595e-11,0.17000000479126334,-1.3306696079761794e-10,-1.6258532961919503e-11,0.5233300096437783,1.5960878266567304e-10,4.959814549625359e-11,-0.16695263646539385,-0.00376040937993934,-0.7397319724725726,-0.5875514443521244,-0.5050486255741776,-0.40342990734149875,-0.00012130103707330479,-2.4192208451231026e-05,1.2705439884790489e-06,-0.00012201409565005773,-1.5697559449938916e-05,0.1724018986994071,-6.61610564743191e-05,-8.238744955369808e-06,0.5281584948925873,8.159416797399541e-05,2.534604705692515e-05
37,True,0.3800000000000003,6.239616450323225,False,False,3.969868876491266e-08,False,27.100624982267618,-0.15,0.0,-0.73304,-0.58496,-0.50477,-0.4000000000000001,0.0,0.0,0.0,0.0,0.0,0.17,0.0,0.0,0.52333,0.0,0.0,-0.1500000339052142,-7.520787898267906e-09,-0.7330400133839017,-0.5849600051828611,-0.5047700005572353,-0.40000000685980147,-2.4259900605592705e-10,-4.8383169930758417e-11,2.5407795088594785e-12,-2.440275914417653e-10,-3.1394353872745036e-11,0.17000000480378727,-1.3232259890940973e-10,-1.6477156305902884e-11,0.5233300096569531,1.6318309423450812e-10,5.069049055221489e-11,-0.16694936253281226,-0.0037663902847746887,-0.7397378922319481,-0.5875576026219003,-0.5050538937799814,-0.40343626720940506,-0.00012222323221937502,-2.460249968831291e-05,1.2959121485942266e-06,-0.00012191283588191061,-1.594807664687404e-05,0.17240805540556786,-6.579601901505111e-05,-8.346040336854485e-06,0.528164966228076,8.33479924831316e-05,2.5881695250855116e-05
38,True,0.3900000000000003,6.2396465579157505,False,False,3.970798401032705e-08,False,28.056750015821308,-0.15,0.0,-0.73304,-0.58496,-0.50477,-0.4000000000000001,0.0,0.0,0.0,0.0,0.0,0.17,0.0,0.0,0.52333,0.0,0.0,-0.15000003389866629,-7.532749965021707e-09,-0.7330400133957414,-0.584960005195178,-0.504770000567772,-0.4000000068725212,-2.444434391230335e-10,-4.920377248544307e-11,2.591521805940663e-12,-2.4382507287073335e-10,-3.1895400471433025e-11,0.17000000481610067,-1.3159251071898515e-10,-1.669175218271086e-11,0.523330009669896,1.666908278075141e-10,5.1761813710710135e-11,-0.1669461091620118,-0.0037722655475503314,-0.7397437071156606,-0.5875636449394983,-0.5050590605106002,-0.40344251711324164,-0.0001231288546467104,-2.5005043188790748e-05,1.3208542038950922e-06,-0.0001218138312102913,-1.6193883324280456e-05,0.17241410862501974,-6.543798672305643e-05,-8.451360236719526e-06,0.5281713237249356,8.506914521272243e-05,2.6407033896705375e-05
39,True,0.4000000000000003,6.239676158918974,False,False,3.971707600469523e-08,False,26.947042031679302,-0.15,0.0,-0.73304,-0.58496,-0.50477,-0.4000000000000001,0.0,0.0,0.0,0.0,0.0,0.17,0.0,0.0,0.52333,0.0,0.0,-0.1500000338921595,-7.544500741588772e-09,-0.7330400134073715,-0.5849600052072629,-0.5047700005781057,-0.40000000688502096,-2.462547258935601e-10,-5.0008879188997686e-11,2.641411503374064e-12,-2.4362706459429145e-10,-3.238702580047551e-11,0.1700000048282071,-1.3087643304981935e-10,-1.6902396994715268e-11,0.5233300096826112,1.7013321624453383e-10,5.28125172615673e-11,-0.16694287622387788,-0.0037780370360540366,-0.7397494189813725,-0.5875695734890011,-0.5050641277208382,-0.4034486589538907,-0.0001240182061137587,-2.5399986412951126e-05,1.3453773116442467e-06,-0.00012171703801763525,-1.6435069199402713e-05,0.17242006009697,-6.50868304384195e-05,-8.554742129650267e-06,0.5281775693851544,8.675823121787048e-05,2.6922260294557525e-05
40,True,0.4100000000000003,6.239705261863903,False,False,3.9725967937690024e-08,False,27.507915976457298,-0.15,0.0,-0.73304,-0.58496,-0.50477,-0.4000000000000001,0.0,0.0,0.0,0.0,0.0,0.17,0.0,0.0,0.52333,0.0,0.0,-0.15000003388569355,-7.556043963696107e-09,-0.7330400134187954,-0.5849600052191203,-0.5047700005882404,-0.4000000068973046,-2.4803347003772395e-10,-5.079878496135385e-11,2.69046277307968e-12,-2.434334791715344e-10,-3.286940929533204e-11,0.17000000484011002,-1.301741076720599e-10,-1.7109165695861615e-11,0.5233300096951029,1.735114697049272e-10,5.384299580355519e-11,-0.16693966359012447,-0.003783706585037359,-0.7397550296538378,-0.5875753904133474,-0.5050690973278421,-0.40345469459937644,-0.0001248915828593003,-2.5787474006923653e-05,1.3694885088837493e-06,-0.00012162241349585226,-1.6671722273314847e-05,0.17242591153139775,-6.474242335127999e-05,-8.65622277228072e-06,0.5281837051755129,8.841584437099317e-05,2.742756797537344e-05
41,True,0.4200000000000003,6.239733875137599,False,False,3.973466294314924e-08,False,26.876333984546363,-0.15,0.0,-0.73304,-0.58496,-0.50477,-0.4000000000000001,0.0,0.0,0.0,0.0,0.0,0.17,0.0,0.0,0.52333,0.0,0.0,-0.15000003387926825,-7.567383305488035e-09,-0.733040013430017,-0.5849600052307544,-0.5047700005981799,-0.40000000690937587,-2.4978026399069715e-10,-5.157377909814436e-11,2.7386898932801445e-12,-2.4324423112667345e-10,-3.334272695928466e-11,0.17000000485181288,-1.294852809637136e-10,-1.7312131801833458e-11,0.5233300097073746,1.7682677594572666e-10,5.4853636430730705e-11,-0.16693647113327645,-0.003789275996800775,-0.7397605409254886,-0.5875810978151074,-0.5050739712118265,-0.40346062588543374,-0.00012574927570367013,-2.616764785647291e-05,1.3931947144545009e-06,-0.00012152991563166616,-1.69039288638417e-05,0.17243166460954573,-6.440464095941153e-05,-8.755838217037452e-06,0.5281897330282058,9.004256756829956e-05,2.792314677293882e-05
42,True,0.4300000000000003,6.239762006985621,False,False,3.974316421278826e-08,False,26.64950001053512,-0.15,0.0,-0.73304,-0.58496,-0.50477,-0.4000000000000001,0.0,0.0,0.0,0.0,0.0,0.17,0.0,0.0,0.52333,0.0,0.0,-0.1500000338728833,-7.578522366082086e-09,-0.7330400134410399,-0.5849600052421695,-0.5047700006079279,-0.4000000069212384,-2.514956893998402e-10,-5.233414539945226e-11,2.7861080320062026e-12,-2.4305923646114527e-10,-3.3807151437976806e-11,0.170000004863319,-1.2880970378867374e-10,-1.7511367425627794e-11,0.5233300097194307,1.800803007959758e-10,5.5844818796813326e-11,-0.16693329872666002,-0.0037947470417679994,-0.739765954557008,-0.587586697757243,-0.5050787512167852,-0.40346645461606656,-0.00012659157014808189,-2.654064713974699e-05,1.4165027309816374e-06,-0.00012143950319214908,-1.7131773637827675e-05,0.17243732098440306,-6.40733610265017e-05,-8.85362382569759e-06,0.5281956548414506,9.16389729324792e-05,2.8409182894443092e-05
43,True,0.44000000000000034,6.2397896655144205,False,False,3.9751474715814264e-08,False,26.546458015218377,-0.15,0.0,-0.73304,-0.58496,-0.50477,-0.4000000000000001,0.0,0.0,0.0,0.0,0.0,0.17,0.0,0.0,0.52333,0.0,0.0,-0.15000003386653843,-7.589464689518322e-09,-0.7330400134518673,-0.5849600052533697,-0.5047700006174881,-0.40000000693289584,-2.5318031723312213e-10,-5.308016220708029e-11,2.8327289886385677e-12,-2.4287841253163925e-10,-3.426285208039969e-11,0.17000000487463174,-1.281471318490858e-10,-1.7706943282637258e-11,0.5233300097312745,1.832731885090949e-10,5.681691534218996e-11,-0.16693014624439595,-0.003800121459049948,-0.7397712722778936,-0.5875921922638546,-0.5050834391511894,-0.4034721825640966,-0.00012741874647209883,-2.6906608379007602e-05,1.4394192468266164e-06,-0.00012135113571047138,-1.735533964277335e-05,0.17244288228118027,-6.374846354114344e-05,-8.949614282673399e-06,0.5282014724800862,9.320562201166731e-05,2.8885858989718872e-05
44,True,0.45000000000000034,6.239816858693689,False,False,3.9759597632232486e-08,False,26.914666988886893,-0.15,0.0,-0.73304,-0.58496,-0.50477,-0.4000000000000001,0.0,0.0,0.0,0.0,0.0,0.17,0.0,0.0,0.52333,0.0,0.0,-0.15000003386023342,-7.600213753483631e-09,-0.733040013462503,-0.5849600052643589,-0.5047700006268642,-0.4000000069443517,-2.548347081856965e-10,-5.381210258073371e-11,2.8785670549524004e-12,-2.4270167851088344e-10,-3.470999496260922e-11,0.17000000488575434,-1.2749732502127364e-10,-1.7898928751636494e-11,0.5233300097429101,1.86406562223667e-10,5.777029137523011e-11,-0.16692701356139408,-0.0038054009569986735,-0.739776495787011,-0.5875975833209122,-0.5050880367886709,-0.40347781147170253,-0.000128231079829302,-2.726566549136584e-05,1.4619508380065013e-06,-0.00012126477347188591,-1.757470833785843e-05,0.17244835009777598,-6.342983067654435e-05,-9.043843608034572e-06,0.5282071877761593,9.474306597474665e-05,2.9353354219163616e-05
45,True,0.46000000000000035,6.239843594358733,False,False,3.976753591899676e-08,False,26.520667015574872,-0.15,0.0,-0.73304,-0.58496,-0.50477,-0.4000000000000001,0.0,0.0,0.0,0.0,0.0,0.17,0.0,0.0,0.52333,0.0,0.0,-0.150000033853968,-7.610772974949581e-09,-0.7330400134729503,-0.5849600052751412,-0.5047700006360597,-0.4000000069556095,-2.5645941243595573e-10,-5.453023435561858e-11,2.9236350488855335e-12,-2.42528955116594e-10,-3.514874301647499e-11,0.17000000489668995,-1.2686004759968495e-10,-1.8087391869699957e-11,0.5233300097543409,1.89481524329356e-10,5.870530521458737e-11,-0.16692390055334816,-0.003810587213751489,-0.7397816267531345,-0.5876028728769744,-0.5050925458686943,-0.4034833430509493,-0.00012902884034119536,-2.7617949838545558e-05,1.4841039700810406e-06,-0.00012118037749995452,-1.7789959624366585e-05,0.17245372600523615,-6.31173467509535e-05,-9.136345170276776e-06,0.5282128025295009,9.625184580304876e-05,2.9811844320366446e-05
46,True,0.47000000000000036,6.239869880212672,False,False,3.9775292603663306e-08,False,26.340457960031927,-0.15,0.0,-0.73304,-0.58496,-0.50477,-0.4000000000000001,0.0,0.0,0.0,0.0,0.0,0.17,0.0,0.0,0.52333,0.0,0.0,-0.15000003384774196,-7.621145709738736e-09,-0.7330400134832125,-0.5849600052857207,-0.504770000645078,-0.4000000069666726,-2.580549703773676e-10,-5.523482027119074e-11,2.9679462481029315e-12,-2.423601640151639e-10,-3.557925605339723e-11,0.17000000490744174,-1.2623506825623371e-10,-1.8272399379635758e-11,0.5233300097655706,1.9249915677861489e-10,5.962230834844168e-11,-0.1669208070967309,-0.0038156818777654294,-0.7397866668154813,-0.5876080628438932,-0.505096968097215,-0.403488778984309,-0.0001298122931893866,-2.7963590275694612e-05,1.5058850000079721e-06,-0.00012109790954302063,-1.8001171875525682e-05,0.17245901154820503,-6.281089818879842e-05,-9.227151698843076e-06,0.5282183185082936,9.773249247851768e-05,3.026150167346391e-05
47,True,0.48000000000000037,6.239895723828688,False,False,3.978287064984603e-08,False,26.895250019151717,-0.15,0.0,-0.73304,-0.58496,-0.50477,-0.4000000000000001,0.0,0.0,0.0,0.0,0.0,0.17,0.0,0.0,0.52333,0.0,0.0,-0.15000003384155502,-7.631335255560423e-09,-0.7330400134932928,-0.5849600052961008,-0.5047700006539227,-0.40000000697754445,-2.5962191229321474e-10,-5.59261180321422e-11,3.011513038767382e-12,-2.421952290820482e-10,-3.600169082529315e-11,0.17000000491801281,-1.2562215994543248e-10,-1.8454016731679732e-11,0.5233300097766028,1.9546052160168172e-10,6.052164554969574e-11,-0.16691773306878915,-0.0038206865683422853,-0.7397916175842351,-0.5876131550975051,-0.5051013051473245,-0.40349412092517223,-0.00013058169870607626,-2.8302713199262744e-05,1.5273001779672573e-06,-0.00012101733206092552,-1.820842196577541e-05,0.1724642082453691,-6.25103734825231e-05,-9.316295296403892e-06,0.5282237374496277,9.918552716840049e-05,3.070249536524834e-05
48,True,0.4900000000000004,6.239921132652255,False,False,3.979027294387073e-08,False,26.790832984261215,-0.15,0.0,-0.73304,-0.58496,-0.50477,-0.4000000000000001,0.0,0.0,0.0,0.0,0.0,0.17,0.0,0.0,0.52333,0.0,0.0,-0.15000003383540692,-7.641344850709691e-09,-0.7330400135031946,-0.5849600053062856,-0.5047700006625971,-0.4000000069882283,-2.611607588986955e-10,-5.6604380450702655e-11,3.0543476668577204e-12,-2.4203407500585344e-10,-3.641620107203082e-11,0.1700000049284062,-1.2502109947071152e-10,-1.8632308142787742e-11,0.5233300097874409,1.983666611369726e-10,6.14036549945597e-11,-0.16691467834753904,-0.0038256028761443146,-0.7397964806410593,-0.5876181514783093,-0.5051055586598834,-0.4034993704983506,-0.00013133731246288793,-2.8635442593964377e-05,1.5483556491546225e-06,-0.00012093860821196542,-1.8411785299473656e-05,0.17246931758989295,-6.221566315511494e-05,-9.40380745090047e-06,0.5282290610600474,0.00010061146140652794,3.113499125205242e-05
49,True,0.5000000000000003,6.239946114003324,False,False,3.97975024629541e-08,False,27.230458974372596,-0.15,0.0,-0.73304,-0.58496,-0.50477,-0.4000000000000001,0.0,0.0,0.0,0.0,0.0,0.17,0.0,0.0,0.52333,0.0,0.0,-0.15000003382929744,-7.651177675802034e-09,-0.7330400135129209,-0.5849600053162786,-0.5047700006711043,-0.40000000699872745,-2.6267202134092407e-10,-5.7269855500849615e-11,3.0964630955779293e-12,-2.4187662833188243e-10,-3.682293761968496e-11,0.17000000493862488,-1.2443166799941483e-10,-1.8807336589859417e-11,0.5233300097980884,2.0121859843765747e-10,6.226866841162887e-11,-0.16691164281176105,-0.0038304323637008645,-0.7398012575396035,-0.5876230537921344,-0.5051097302441425,-0.40350452930057096,-0.00013207938535806946,-2.8961900078843868e-05,1.5690574555449455e-06,-0.00012086170184008635,-1.86113358390528e-05,0.17247434104984846,-6.192665972330936e-05,-9.489719047356611e-06,0.5282342910160889,0.00010201079727124796,3.155915202143326e-05
50,True,0.5100000000000003,6.239970675078353,False,False,3.9804561992015355e-08,False,26.84995799791068,-0.15,0.0,-0.73304,-0.58496,-0.50477,-0.4000000000000001,0.0,0.0,0.0,0.0,0.0,0.17,0.0,0.0,0.52333,0.0,0.0,-0.15000003382322633,-7.660836857676517e-09,-0.7330400135224749,-0.5849600053260835,-0.5047700006794477,-0.400000007009045,-2.6415620136156087e-10,-5.792278640639982e-11,3.137871102709382e-12,-2.417228164456947e-10,-3.722204838053694e-11,0.1700000049486718,-1.23853650466489e-10,-1.8979163843619467e-11,0.5233300098085485,2.0401733771889356e-10,6.311701117675149e-11,-0.16690862634099557,-0.0038351765659060113,-0.7398059498059987,-0.5876278638107906,-0.5051138214783518,-0.40350959890096044,-0.00013280816370209655,-2.928220495246058e-05,1.589411537626086e-06,-0.00012078657746231267,-1.8807146132636334e-05,0.17247928006863636,-6.164325766145996e-05,-9.574060379463177e-06,0.5282394289648071,0.00010338402756007338,3.1975137252678696e-05
51,True,0.5200000000000004,6.239994822952501,False,False,3.9811454445334584e-08,False,28.009458968881518,-0.15,0.0,-0.73304,-0.58496,-0.50477,-0.4000000000000001,0.0,0.0,0.0,0.0,0.0,0.17,0.0,0.0,0.52333,0.0,0.0,-0.15000003381719335,-7.670325464191607e-09,-0.7330400135318597,-0.5849600053357038,-0.5047700006876303,-0.4000000070191842,-2.6561379167628317e-10,-5.856341180025143e-11,3.1785836951558644e-12,-2.4157256857599337e-10,-3.7613678475047554e-11,0.1700000049585498,-1.2328683591329628e-10,-1.9147850487252413e-11,0.5233300098188247,2.0676386460177082e-10,6.394900245871834e-11,-0.16690562881553786,-0.0038398369905073906,-0.7398105589393451,-0.587632583272711,-0.5051178339103574,-0.40351458084152414,-0.00013352388930170704,-2.959647423721045e-05,1.6094237361035747e-06,-0.00012071320025640478,-1.8999287341126294e-05,0.17248413606540083,-6.13653533660622e-05,-9.656861160939762e-06,0.5282444765242946,0.00010473163596110505,3.238310347615853e-05
52,True,0.5300000000000004,6.2400185645816,False,False,3.9818182527737086e-08,False,27.43799996096641,-0.15,0.0,-0.73304,-0.58496,-0.50477,-0.4000000000000001,0.0,0.0,0.0,0.0,0.0,0.17,0.0,0.0,0.52333,0.0,0.0,-0.15000003381119825,-7.67964651203143e-09,-0.7330400135410782,-0.5849600053451429,-0.5047700006956555,-0.400000007029148,-2.6704527597478517e-10,-5.919196571421963e-11,3.218612083398433e-12,-2.4142581507634146e-10,-3.799797021491634e-11,0.1700000049682618,-1.2273101712169648e-10,-1.9313455960448295e-11,0.52333000982892,2.0945914647923017e-10,6.476495533445925e-11,-0.16690265011643352,-0.0038444151185863928,-0.7398150864121908,-0.5876372138835799,-0.5051217690581874,-0.40351947663761323,-0.00013422679954239533,-2.9904822722800765e-05,1.6290997935766401e-06,-0.0001206415360487417,-1.9187829264771534e-05,0.17248891043543715,-6.109284512091877e-05,-9.738150536677894e-06,0.5282494352841909,0.00010605409722128905,3.278320423154249e-05
53,True,0.5400000000000004,6.240041906804215,False,False,3.982474907646051e-08,False,27.124374988488853,-0.15,0.0,-0.73304,-0.58496,-0.50477,-0.4000000000000001,0.0,0.0,0.0,0.0,0.0,0.17,0.0,0.0,0.52333,0.0,0.0,-0.15000003380524082,-7.68880296367e-09,-0.7330400135501333,-0.5849600053544044,-0.504770000703526,-0.4000000070389396,-2.684511288394628e-10,-5.980867773489073e-11,3.257968154485712e-12,-2.4128248757423944e-10,-3.837506320472552e-11,0.17000000497781054,-1.2218599058694182e-10,-1.9476038542462016e-11,0.5233300098388377,2.1210413288198175e-10,6.55651768839108e-11,-0.16689969012547376,-0.003848912405029876,-0.7398195336710021,-0.5876417573169508,-0.5051256284106261,-0.403524287778386,-0.00013491712746939452,-3.0207363008894185e-05,1.6484453561861052e-06,-0.0001205715513024247,-1.9372840369227077e-05,0.1724936045505924,-6.0825633062935306e-05,-9.817957093669915e-06,0.528254306806182,0.00010735187731156755,3.3175590124906806e-05
54,True,0.5500000000000004,6.240064856343622,False,False,3.983115680919648e-08,False,27.104292006697506,-0.15,0.0,-0.73304,-0.58496,-0.50477,-0.4000000000000001,0.0,0.0,0.0,0.0,0.0,0.17,0.0,0.0,0.52333,0.0,0.0,-0.15000003379932078,-7.69779772997331e-09,-0.733040013559028,-0.5849600053634915,-0.5047700007112448,-0.40000000704856187,-2.698318165856705e-10,-6.041377307477286e-11,3.2966634151485307e-12,-2.4114251890336273e-10,-3.874509438937389e-11,0.17000000498719875,-1.2165155657866333e-10,-1.9635655413099713e-11,0.523330009848581,2.146997557766605e-10,6.634996830521276e-11,-0.16689674872519078,-0.003853330278993503,-0.7398239021366253,-0.5876462152148499,-0.505129413427778,-0.40352901572726074,-0.00013559510186717476,-3.050420554693786e-05,1.6674659752345998e-06,-0.0001205032131055983,-1.955438781111394e-05,0.17249821975965954,-6.056361914853473e-05,-9.89630887172764e-06,0.5282590926244932,0.0001086254335889794,3.356040888475043e-05
55,True,0.5600000000000004,6.240087419809777,False,False,3.983740840115179e-08,False,27.203208999708295,-0.15,0.0,-0.73304,-0.58496,-0.50477,-0.4000000000000001,0.0,0.0,0.0,0.0,0.0,0.17,0.0,0.0,0.52333,0.0,0.0,-0.15000003379343796,-7.70663366499516e-09,-0.7330400135677652,-0.5849600053724074,-0.5047700007188151,-0.40000000705801775,-2.7118779661119974e-10,-6.100747263667054e-11,3.3347089308135544e-12,-2.4100584345592736e-10,-3.9108198074405557e-11,0.17000000499642914,-1.2112751909343702e-10,-1.979236265610689e-11,0.5233300098581528,2.1724692982332417e-10,6.711962509766724e-11,-0.16689382579885317,-0.0038576701443569024,-0.7398281932047408,-0.5876505891883718,-0.5051331255416193,-0.4035336619223601,-0.00013626094733748434,-3.0795458681193395e-05,1.6861671087795574e-06,-0.00012043648915998437,-1.9732537463089276e-05,0.17250275738876494,-6.030670712067963e-05,-9.973233373994923e-06,0.5282637942463709,0.00010987521495576794,3.393780541694172e-05
56,True,0.5700000000000004,6.240109603701143,False,False,3.9843506548443944e-08,False,26.710209029261023,-0.15,0.0,-0.73304,-0.58496,-0.50477,-0.4000000000000001,0.0,0.0,0.0,0.0,0.0,0.17,0.0,0.0,0.52333,0.0,0.0,-0.15000003378759205,-7.715313582023348e-09,-0.7330400135763475,-0.5849600053811557,-0.5047700007262395,-0.4000000070673101,-2.725195182636409e-10,-6.158999310855234e-11,3.3721148849343913e-12,-2.408723964237485e-10,-3.946450601071327e-11,0.1700000050055044,-1.2061368553629949e-10,-1.994621527780314e-11,0.5233300098675563,2.1974655295821204e-10,6.787443708206747e-11,-0.16689092123046137,-0.0038619333801707804,-0.7398324082463086,-0.587654880818261,-0.5051367661565407,-0.403538227776949,-0.00013691488437596073,-3.108122868898284e-05,1.704554123199485e-06,-0.00012037134776962521,-1.990735393843604e-05,0.17250721874174907,-6.005480247649083e-05,-1.004875757725805e-05,0.5282684131525573,0.00011110166201555053,3.430792185861619e-05
57,True,0.5800000000000004,6.240131414406746,False,False,3.984945384415443e-08,False,26.68729203287512,-0.15,0.0,-0.73304,-0.58496,-0.50477,-0.4000000000000001,0.0,0.0,0.0,0.0,0.0,0.17,0.0,0.0,0.52333,0.0,0.0,-0.1500000337817829,-7.723840234497709e-09,-0.7330400135847778,-0.5849600053897391,-0.5047700007335209,-0.4000000070764418,-2.7382742246091253e-10,-6.216154706180669e-11,3.4088929057910996e-12,-2.4074211442165656e-10,-3.981414743180786e-11,0.17000000501442708,-1.2010986691725952e-10,-2.0097267235881272e-11,0.5233300098767942,2.2219950639374483e-10,6.861468850234177e-11,-0.16688803490474285,-0.0038661213410961124,-0.7398365486080059,-0.5876590916554845,-0.5051403366498778,-0.40354271467986347,-0.00013755712944733784,-3.1361619820165584e-05,1.7226322947338487e-06,-0.00012030775782983222,-2.0078900615181624e-05,0.17251160510054114,-5.980781243545201e-05,-1.012290794205782e-05,0.5282729507977567,0.0001123052072266042,3.4670897631045115e-05
58,True,0.5900000000000004,6.240152858207808,False,False,3.985525290473606e-08,False,26.765666960272938,-0.15,0.0,-0.73304,-0.58496,-0.50477,-0.4000000000000001,0.0,0.0,0.0,0.0,0.0,0.17,0.0,0.0,0.52333,0.0,0.0,-0.15000003377601018,-7.732216337260484e-09,-0.7330400135930587,-0.584960005398161,-0.504770000740662,-0.40000000708541555,-2.751119422062572e-10,-6.272234299867577e-11,3.4450529182804805e-12,-2.406149354603924e-10,-4.0157249091087683e-11,0.1700000050231998,-1.196158776751153e-10,-2.024557144787763e-11,0.5233300098858698,2.246066549302329e-10,6.934065824239395e-11,-0.166885166707148,-0.00387023535783557,-0.7398406156126577,-0.5876632232217917,-0.5051438383724336,-0.40354712399593384,-0.00013818789505927413,-3.1636734335861e-05,1.7404068109971475e-06,-0.00012024568881633628,-2.0247239659754167e-05,0.17251591772552735,-5.956564590818976e-05,-1.0195710422607164e-05,0.5282774086110927,0.00011348627505232092,3.502686949149468e-05
59,True,0.6000000000000004,6.240173941279771,False,False,3.9860906339342666e-08,False,26.91604197025299,-0.15,0.0,-0.73304,-0.58496,-0.50477,-0.4000000000000001,0.0,0.0,0.0,0.0,0.0,0.17,0.0,0.0,0.52333,0.0,0.0,-0.15000003377027377,-7.740444545305952e-09,-0.7330400136011929,-0.5849600054064243,-0.5047700007476656,-0.40000000709423417,-2.763735025069266e-10,-6.327258544034688e-11,3.4806057640007423e-12,-2.404907982960858e-10,-4.0493935322825e-11,0.17000000503182505,-1.1913153567067814e-10,-2.0391179825053423e-11,0.5233300098947856,2.2696884770126522e-10,7.005261979899828e-11,-0.1668823165238453,-0.0038742767375573132,-0.7398446105596591,-0.5876672770102661,-0.5051472726489884,-0.40355145706639894,-0.00013880738983482866,-3.190667254643124e-05,1.7578827724675833e-06,-0.00012018511077463583,-2.0412432050185654e-05,0.1725201578559128,-5.932821346581832e-05,-1.0267190476518049e-05,0.5282817879965589,0.00011464528210888441,3.5375971584095234e-05
60,True,0.6100000000000004,6.240194669693935,False,False,3.986641657150619e-08,False,26.685542019549757,-0.15,0.0,-0.73304,-0.58496,-0.50477,-0.4000000000000001,0.0,0.0,0.0,0.0,0.0,0.17,0.0,0.0,0.52333,0.0,0.0,-0.15000003376457335,-7.74852747633184e-09,-0.7330400136091829,-0.5849600054145321,-0.5047700007545344,-0.4000000071029003,-2.776125205639166e-10,-6.381247501843204e-11,3.5155615296319793e-12,-2.403696430265667e-10,-4.082432809637609e-11,0.1700000050403053,-1.186566619428269e-10,-2.0534143282559107e-11,0.5233300099035445,2.292869178484487e-10,7.075084147831114e-11,-0.16687948424171697,-0.0038782467643112884,-0.73984853472539,-0.5876712544858642,-0.5051506407788018,-0.4035557152093142,-0.00013941581858360823,-3.217153284873818e-05,1.7750651939506662e-06,-0.00012012599430953996,-2.0574537598870402e-05,0.17252432671007747,-5.9095427309838964e-05,-1.03373730743413e-05,0.52828609033346,0.00011578263731022018,3.571833548973923e-05
61,True,0.6200000000000004,6.240215049419321,False,False,3.987178620735701e-08,False,26.668082980904728,-0.15,0.0,-0.73304,-0.58496,-0.50477,-0.4000000000000001,0.0,0.0,0.0,0.0,0.0,0.17,0.0,0.0,0.52333,0.0,0.0,-0.15000003375890875,-7.756467700764658e-09,-0.7330400136170314,-0.5849600054224873,-0.5047700007612709,-0.40000000711141653,-2.7882940607012324e-10,-6.434220852240182e-11,3.5499295338071605e-12,-2.402514108880774e-10,-4.114854703312189e-11,0.170000005048643,-1.1819108099988748e-10,-2.067451176315132e-11,0.5233300099121494,2.315616832532447e-10,7.143558644330484e-11,-0.1668766697483545,-0.003882146699438169,-0.7398523893636233,-0.5876751570859459,-0.505153944036104,-0.4035598997199521,-0.00014001338237161094,-3.243141176268857e-05,1.7919590060182564e-06,-0.00012006831057490166,-2.073361497488747e-05,0.17252842548592623,-5.886720124258394e-05,-1.0406282708922966e-05,0.5282903169768461,0.00011689874201026853,3.605409027502644e-05
62,True,0.6300000000000004,6.240235086324345,False,False,3.987701767276627e-08,False,26.423625007737428,-0.15,0.0,-0.73304,-0.58496,-0.50477,-0.4000000000000001,0.0,0.0,0.0,0.0,0.0,0.17,0.0,0.0,0.52333,0.0,0.0,-0.15000003375327972,-7.764267738290254e-09,-0.7330400136247409,-0.5849600054302926,-0.5047700007678775,-0.40000000711978556,-2.8002456112902717e-10,-6.486197901478183e-11,3.583720930679652e-12,-2.40136044323035e-10,-4.146670948439505e-11,0.17000000505684054,-1.1773462035884674e-10,-2.0812334260909794e-11,0.5233300099206029,2.3379394661828413e-10,7.210711287639797e-11,-0.16687387293205422,-0.0038859777819710505,-0.7398561757059245,-0.5876789862207942,-0.5051571836705782,-0.4035640118711961,-0.00014060027858978972,-3.2686403967080976e-05,1.808569056423455e-06,-0.00012001203126353901,-2.0889721725895284e-05,0.17253245536123285,-5.864345063819545e-05,-1.0473943404580755e-05,0.5282944692579398,0.00011799399014263083,3.63833625402747e-05
63,True,0.6400000000000005,6.240254786178504,False,False,3.988211338751049e-08,False,25.96554101910442,-0.15,0.0,-0.73304,-0.58496,-0.50477,-0.4000000000000001,0.0,0.0,0.0,0.0,0.0,0.17,0.0,0.0,0.52333,0.0,0.0,-0.15000003374768606,-7.771930065660071e-09,-0.7330400136323137,-0.584960005437951,-0.504770000774357,-0.4000000071280098,-2.8119838057995457e-10,-6.537197584470522e-11,3.6169443748085923e-12,-2.4002348645148306e-10,-4.177893053825617e-11,0.17000000506490026,-1.1728711085028445e-10,-2.0947658817849235e-11,0.5233300099289077,2.3598449588749584e-10,7.276567389136396e-11,-0.166871093681813,-0.0038897412290300427,-0.7398598949620458,-0.5876827432741257,-0.5051603609078331,-0.4035680529139279,-0.00014117670102135917,-3.293660233476771e-05,1.824900111491699e-06,-0.00011995712859733976,-2.104291429960679e-05,0.1725364174939784,-5.842409241412965e-05,-1.0540378726103993e-05,0.5282985484845543,0.00011906876835763669,3.670627646661415e-05
64,True,0.6500000000000005,6.240274154654125,False,False,3.988707575493032e-08,False,26.84845798648894,-0.15,0.0,-0.73304,-0.58496,-0.50477,-0.4000000000000001,0.0,0.0,0.0,0.0,0.0,0.17,0.0,0.0,0.52333,0.0,0.0,-0.1500000337421275,-7.779457121461636e-09,-0.7330400136397525,-0.5849600054454653,-0.5047700007807115,-0.4000000071360919,-2.823512519167619e-10,-6.587238477666173e-11,3.649609814807705e-12,-2.399136819384532e-10,-4.2085323083868335e-11,0.17000000507282453,-1.1684838623890253e-10,-2.1080532567965024e-11,0.5233300099370662,2.381341043409743e-10,7.341151795345943e-11,-0.16686833188732375,-0.0038934382362098867,-0.7398635483203122,-0.5876864296035903,-0.5051634769498675,-0.4035720240774071,-0.00014174283990786923,-3.318209796714477e-05,1.8409568574884917e-06,-0.00011990357531754707,-2.119324806485306e-05,0.17254031302268372,-5.8209045003176144e-05,-1.0605611787580522e-05,0.5283025559415052,0.00012012345615687997,3.7022953862182226e-05
65,True,0.6600000000000005,6.240293197327922,False,False,3.989190715964278e-08,False,27.18879102030769,-0.15,0.0,-0.73304,-0.58496,-0.50477,-0.4000000000000001,0.0,0.0,0.0,0.0,0.0,0.17,0.0,0.0,0.52333,0.0,0.0,-0.1500000337366039,-7.786851293108132e-09,-0.7330400136470593,-0.5849600054528382,-0.5047700007869438,-0.4000000071440342,-2.8348355569441167e-10,-6.636338800405017e-11,3.681726621614244e-12,-2.3980657623502363e-10,-4.2385997872483464e-11,0.17000000508061558,-1.16418283352274e-10,-2.1211001737233225e-11,0.5233300099450814,2.402435309744504e-10,7.404488862192615e-11,-0.16686558743897112,-0.003897069977960704,-0.7398671369480009,-0.587690046541263,-0.5051665329755242,-0.4035759265696457,-0.0001422988820140675,-3.3422980227983065e-05,1.8567439019642041e-06,-0.00011985134467522239,-2.1340777332243294e-05,0.17254414306673652,-5.799822832598357e-05,-1.0669665261053799e-05,0.5283064928910156,0.00012115842602527104,3.733351420743661e-05
66,True,0.6700000000000005,6.240311919682626,False,False,3.989660989315809e-08,False,27.10316702723503,-0.15,0.0,-0.73304,-0.58496,-0.50477,-0.4000000000000001,0.0,0.0,0.0,0.0,0.0,0.17,0.0,0.0,0.52333,0.0,0.0,-0.15000003373111495,-7.794114932450913e-09,-0.7330400136542368,-0.5849600054600722,-0.504770000793056,-0.40000000715183914,-2.845956655018675e-10,-6.684516423049363e-11,3.713304084638542e-12,-2.3970211570029185e-10,-4.2681063530994844e-11,0.17000000508827565,-1.1599664215538198e-10,-2.133911166902157e-11,0.5233300099529554,2.4231352081099944e-10,7.46660249023568e-11,-0.16686286022782731,-0.0039006376079620225,-0.7398706619917138,-0.5876935953941249,-0.5051695301409362,-0.4035797615777747,-0.00014284501069157326,-3.365933677661309e-05,1.872265775076223e-06,-0.00011980041042188242,-2.1485555374429027e-05,0.17254790872671297,-5.779156376408291e-05,-1.0732561385013552e-05,0.5283103605731124,0.00012217404356065022,3.7638074699603255e-05
67,True,0.6800000000000005,6.240330327108634,False,False,3.990118630134262e-08,False,27.20637497259304,-0.15,0.0,-0.73304,-0.58496,-0.50477,-0.4000000000000001,0.0,0.0,0.0,0.0,0.0,0.17,0.0,0.0,0.52333,0.0,0.0,-0.1500000337256605,-7.801250342769073e-09,-0.733040013661287,-0.5849600054671701,-0.5047700007990505,-0.4000000071595092,-2.856879479078839e-10,-6.731788883246976e-11,3.744350728631938e-12,-2.3960024802150304e-10,-4.2970626605982843e-11,0.17000000509580696,-1.1558330531693866e-10,-2.1464906847806385e-11,0.5233300099606909,2.443448050501191e-10,7.527516115860347e-11,-0.16686015014564756,-0.003904142259490182,-0.7398741245777447,-0.5876970774445368,-0.5051724695799649,-0.4035835302684053,-0.00014338140594138466,-3.3891253600475585e-05,1.887526930888926e-06,-0.00011975074680030676,-2.1627634445979983e-05,0.17255161108469363,-5.758897413339846e-05,-1.0794321972723153e-05,0.5283141602060172,0.00012317066760100692,3.7936750296275674e-05
68,True,0.6900000000000005,6.2403484249055206,False,False,3.9905638633939645e-08,False,27.190541964955628,-0.15,0.0,-0.73304,-0.58496,-0.50477,-0.4000000000000001,0.0,0.0,0.0,0.0,0.0,0.17,0.0,0.0,0.52333,0.0,0.0,-0.1500000337202403,-7.808259797851408e-09,-0.7330400136682124,-0.5849600054741344,-0.5047700008049295,-0.40000000716704653,-2.8676076308442253e-10,-6.778173376444313e-11,3.774876054551244e-12,-2.3950092146866105e-10,-4.3254791600984364e-11,0.17000000510321167,-1.151781184872123e-10,-2.1588430900866648e-11,0.5233300099682904,2.463381013658849e-10,7.587252735672323e-11,-0.16685745708486605,-0.003907585045779237,-0.7398775258124379,-0.5877004939507023,-0.5051753524046285,-0.4035872337879837,-0.00014390824447523969,-3.4118815047050184e-05,1.90253174865184e-06,-0.00011970232853551349,-2.176706580287909e-05,0.17255525120457457,-5.7390383658238206e-05,-1.085496842038683e-05,0.5283178929865296,0.00012414865034935077,3.8229653758181836e-05
69,True,0.7000000000000005,6.240366218283577,False,False,3.990996911043452e-08,False,27.385541994590312,-0.15,0.0,-0.73304,-0.58496,-0.50477,-0.4000000000000001,0.0,0.0,0.0,0.0,0.0,0.17,0.0,0.0,0.52333,0.0,0.0,-0.15000003371485415,-7.815145515108202e-09,-0.7330400136750149,-0.5849600054809676,-0.5047700008106953,-0.40000000717445355,-2.8781446431876134e-10,-6.823686772149552e-11,3.8048891627066856e-12,-2.394040857889952e-10,-4.3533661047643604e-11,0.1700000051104919,-1.1478093009473916e-10,-2.170972661861279e-11,0.5233300099757561,2.482941141915534e-10,7.645834899043915e-11,-0.16685478093859163,-0.003910967060375478,-0.7398808667825423,-0.5877038461471235,-0.5051781797055229,-0.40359087326313936,-0.0001444256997758535,-3.43421038551741e-05,1.9172845340562848e-06,-0.00011965513082589986,-2.1903899721643922e-05,0.17255883013237264,-5.719571794575491e-05,-1.0914521715159817e-05,0.5283215600904038,0.0001251083374962764,3.851689569113444e-05
70,True,0.7100000000000005,6.240383712365261,False,False,3.991417994881747e-08,False,27.501082979142666,-0.15,0.0,-0.73304,-0.58496,-0.50477,-0.4000000000000001,0.0,0.0,0.0,0.0,0.0,0.17,0.0,0.0,0.52333,0.0,0.0,-0.15000003370950182,-7.82190968853097e-09,-0.733040013681697,-0.5849600054876721,-0.50477000081635,-0.40000000718173245,-2.888493986369107e-10,-6.868345620708854e-11,3.834397315770512e-12,-2.3930969112275803e-10,-4.380733548199514e-11,0.17000000511764976,-1.1439159136665241e-10,-2.1828835973221414e-11,0.5233300099830904,2.502135350583752e-10,7.703284727087574e-11,-0.1668521216006036,-0.0039142893774856725,-0.739884148555558,-0.5877071352450467,-0.5051809525522346,-0.4035944498010276,-0.00014493394215605123,-3.4561201185762355e-05,1.9317895204709228e-06,-0.00011960912933454439,-2.2038185518081882e-05,0.17256234889652605,-5.700490396086943e-05,-1.0973002443004473e-05,0.5283251626727187,0.00012605006834026463,3.87985845871805e-05
71,True,0.7200000000000005,6.240400912186817,False,False,3.991827336319442e-08,False,26.808292022906244,-0.15,0.0,-0.73304,-0.58496,-0.50477,-0.4000000000000001,0.0,0.0,0.0,0.0,0.0,0.17,0.0,0.0,0.52333,0.0,0.0,-0.1500000337041831,-7.828554466141058e-09,-0.7330400136882608,-0.5849600054942505,-0.5047700008218959,-0.4000000071888855,-2.8986590669519315e-10,-6.912166150595863e-11,3.8634105083079834e-12,-2.392176889112448e-10,-4.4075913542719744e-11,0.17000000512468727,-1.1400995626769566e-10,-2.194580014574035e-11,0.5233300099902958,2.520970422974396e-10,7.759623922142661e-11,-0.16684947896534755,-0.003917553052319171,-0.7398873721800772,-0.5877103624329014,-0.5051836719937449,-0.40359796448966634,-0.00014543313881681749,-3.477618665194115e-05,1.9460508701565895e-06,-0.00011956430018066801,-2.216997156568585e-05,0.17256580850818987,-5.681787000164754e-05,-1.1030430796395321e-05,0.5283287018682412,0.00012697417590576198,3.907482686496515e-05
72,True,0.7300000000000005,6.240417822699617,False,False,3.992225143897542e-08,False,26.451999961864203,-0.15,0.0,-0.73304,-0.58496,-0.50477,-0.4000000000000001,0.0,0.0,0.0,0.0,0.0,0.17,0.0,0.0,0.52333,0.0,0.0,-0.1500000336988978,-7.835081954760126e-09,-0.7330400136947082,-0.584960005500705,-0.5047700008273349,-0.4000000071959149,-2.908643228886638e-10,-6.955164290095746e-11,3.891935785303881e-12,-2.3912803132758714e-10,-4.4339491981308784e-11,0.17000000513160649,-1.1363588132404017e-10,-2.206065952270052e-11,0.5233300099973743,2.539453022322967e-10,7.814873763032065e-11,-0.16684685292793114,-0.003920759121423931,-0.7398905386861194,-0.5877135288767296,-0.5051863390588278,-0.4036014183982667,-0.00014592345390428195,-3.49871383486054e-05,1.9600726754606756e-06,-0.00011952061993125032,-2.2299305313677444e-05,0.1725692099615263,-5.66345456751226e-05,-1.1086826581875922e-05,0.528332178791784,0.00012788098705908036,3.934572690932472e-05
73,True,0.7400000000000005,6.2404344487716505,False,False,3.992611627963122e-08,False,27.030874975025654,-0.15,0.0,-0.73304,-0.58496,-0.50477,-0.4000000000000001,0.0,0.0,0.0,0.0,0.0,0.17,0.0,0.0,0.52333,0.0,0.0,-0.15000003369364567,-7.841494231719537e-09,-0.7330400137010413,-0.5849600055070381,-0.5047700008326692,-0.4000000072028227,-2.918449755679505e-10,-6.997355653752665e-11,3.919982461579526e-12,-2.390406715342512e-10,-4.4598165706109935e-11,0.17000000513840938,-1.1326922576558639e-10,-2.2173453704586277e-11,0.5233300100043283,2.5575896844712113e-10,7.869055135555384e-11,-0.16684424338412004,-0.003923908603016613,-0.7398936490854607,-0.5877166357206073,-0.5051889547564381,-0.40360481257755826,-0.00014640504856566031,-3.519413288141156e-05,1.9738589599914798e-06,-0.00011947806559280012,-2.2426233304704615e-05,0.1725725542339904,-5.645486187355566e-05,-1.1142209227470418e-05,0.5283355945385555,0.00012877082262215608,3.961138711012409e-05
74,True,0.7500000000000006,6.24045079518889,False,False,3.9929870012829365e-08,False,26.87254105694592,-0.15,0.0,-0.73304,-0.58496,-0.50477,-0.4000000000000001,0.0,0.0,0.0,0.0,0.0,0.17,0.0,0.0,0.52333,0.0,0.0,-0.15000003368842657,-7.847793326645758e-09,-0.7330400137072622,-0.5849600055132519,-0.5047700008379007,-0.40000000720961104,-2.92808186957939e-10,-7.038755565409076e-11,3.947557539132776e-12,-2.389555636694851e-10,-4.485202779249157e-11,0.17000000514509792,-1.1290985141754369e-10,-2.2284221560045503e-11,0.52333001001116,2.575386827353889e-10,7.922188508772011e-11,-0.1668416502303338,-0.00392700249730683,-0.739896704371956,-0.5877196840870588,-0.5051915200760941,-0.40360814806010836,-0.00014687808100417074,-3.539724539521655e-05,1.987413679772799e-06,-0.00011943661460327547,-2.255080119220001e-05,0.1725758422866107,-5.6278750751124996e-05,-1.1196597789952526e-05,0.5283389501845056,0.00012964399748420798,3.9871907900352376e-05
75,True,0.7600000000000006,6.240466866656677,False,False,3.993351463521139e-08,False,27.389290975406766,-0.15,0.0,-0.73304,-0.58496,-0.50477,-0.4000000000000001,0.0,0.0,0.0,0.0,0.0,0.17,0.0,0.0,0.52333,0.0,0.0,-0.15000003368324022,-7.853981250083297e-09,-0.7330400137133729,-0.5849600055193488,-0.5047700008430315,-0.400000007216282,-2.937542734288232e-10,-7.079379055495221e-11,3.974670027429575e-12,-2.3887266241363805e-10,-4.510116956754607e-11,0.17000000515167402,-1.1255762250391875e-10,-2.2393001202172694e-11,0.5233300100178714,2.592850748288269e-10,7.974293976336332e-11,-0.16683907336364176,-0.003930041786815672,-0.7398997055218569,-0.5877226750774627,-0.5051940359882515,-0.403611425860636,-0.00014734270653294325,-3.559654960197324e-05,2.0007407243791693e-06,-0.00011939624482415118,-2.2673053757406822e-05,0.17257907506426537,-5.610614570103781e-05,-1.1250010961974791e-05,0.5283422467866636,0.00013050082071133396,4.012738779349144e-05
76,True,0.7700000000000006,6.240482667801124,False,False,3.9937052229538457e-08,False,27.227374957874417,-0.15,0.0,-0.73304,-0.58496,-0.50477,-0.4000000000000001,0.0,0.0,0.0,0.0,0.0,0.17,0.0,0.0,0.52333,0.0,0.0,-0.15000003367808645,-7.860059957065513e-09,-0.7330400137193753,-0.5849600055253309,-0.5047700008480634,-0.4000000072228376,-2.94683545821366e-10,-7.119240864417262e-11,4.001326442694387e-12,-2.387919235583664e-10,-4.5345680576208474e-11,0.17000000515813957,-1.1221240587113226e-10,-2.249983001561401e-11,0.5233300100244648,2.609987628039885e-10,8.025391238201821e-11,-0.16683651268175903,-0.003933027436688585,-0.7399026534941238,-0.58772560977245,-0.5051965034446712,-0.40361464697632043,-0.00014779907762794173,-3.579211780809305e-05,2.013843918051981e-06,-0.00011935693453263162,-2.2793034926078424e-05,0.17258225349595355,-5.593698133305586e-05,-1.1302467079060733e-05,0.5283454853834711,0.0001313415956540834,4.0377923420170844e-05
77,True,0.7800000000000006,6.240498203170489,False,False,3.9940484760514336e-08,False,26.48416702868417,-0.15,0.0,-0.73304,-0.58496,-0.50477,-0.4000000000000001,0.0,0.0,0.0,0.0,0.0,0.17,0.0,0.0,0.52333,0.0,0.0,-0.15000003367296505,-7.866031386145889e-09,-0.7330400137252715,-0.5849600055312004,-0.5047700008529985,-0.4000000072292798,-2.9559630885058787e-10,-7.158355454754553e-11,4.027535938812271e-12,-2.3871330378979344e-10,-4.5585648679512345e-11,0.17000000516449643,-1.1187407073729718e-10,-2.2604744671813866e-11,0.523330010030942,2.6268035340751457e-10,8.075499622982709e-11,-0.1668339680830424,-0.003935960395002715,-0.7399055492307313,-0.5877284892322949,-0.5051989233787789,-0.4036178123871045,-0.00014824734397991544,-3.598402094128574e-05,2.0267270207969163e-06,-0.00011931866241400546,-2.2910787784857997e-05,0.17258537849506211,-5.577119345142789e-05,-1.1353984126462503e-05,0.528348666995109,0.00013216662005304327,4.062360956412295e-05
78,True,0.7900000000000006,6.240513477236327,False,False,3.9943814144037784e-08,False,27.394749980885535,-0.15,0.0,-0.73304,-0.58496,-0.50477,-0.4000000000000001,0.0,0.0,0.0,0.0,0.0,0.17,0.0,0.0,0.52333,0.0,0.0,-0.15000003366787582,-7.87189742643829e-09,-0.7330400137310631,-0.5849600055369595,-0.5047700008578384,-0.4000000072356106,-2.9649286202733903e-10,-7.196737012614895e-11,4.053304328123313e-12,-2.386367602819333e-10,-4.58211600512016e-11,0.1700000051707464,-1.1154248875320507e-10,-2.270778114256747e-11,0.5233300100373054,2.6433044230007863e-10,8.124638088631607e-11,-0.16683143946648635,-0.0039388415930688295,-0.7399083936569701,-0.5877313144972987,-0.5052012967060184,-0.40362092305599206,-0.0001486876525453995,-3.617232857688636e-05,2.0393937294629127e-06,-0.00011928140755414027,-2.3026354597344312e-05,0.17258845095962816,-5.56087190332215e-05,-1.1404579745886698e-05,0.528351792623818,0.00013297618614247422,4.086453919745174e-05
79,True,0.8000000000000006,6.240528494394975,False,False,3.99470424017001e-08,False,27.21324999583885,-0.15,0.0,-0.73304,-0.58496,-0.50477,-0.4000000000000001,0.0,0.0,0.0,0.0,0.0,0.17,0.0,0.0,0.52333,0.0,0.0,-0.15000003366281855,-7.877659944505178e-09,-0.7330400137367521,-0.5849600055426102,-0.5047700008625852,-0.40000000724183193,-2.973734993059335e-10,-7.234399454410798e-11,4.078640559954116e-12,-2.385622512116872e-10,-4.6052299231940643e-11,0.17000000517689132,-1.1121753373127558e-10,-2.2808974715267404e-11,0.5233300100435568,2.659496137311264e-10,8.172825227182896e-11,-0.16682892673171906,-0.003941671945727879,-0.7399111876817422,-0.5877340865881653,-0.5052036243241982,-0.40362397992934135,-0.00014912014759677972,-3.63571089636792e-05,2.051847678802969e-06,-0.00011924514943211406,-2.3139776819849765e-05,0.17259147177259704,-5.544949620704707e-05,-1.145427124209082e-05,0.5283548632542152,0.00013377058075203253,4.110080351522809e-05
80,True,0.8100000000000006,6.240543258968682,False,False,3.995017131716279e-08,False,27.20470796339214,-0.15,0.0,-0.73304,-0.58496,-0.50477,-0.4000000000000001,0.0,0.0,0.0,0.0,0.0,0.17,0.0,0.0,0.52333,0.0,0.0,-0.15000003365779305,-7.88332077134718e-09,-0.7330400137423402,-0.5849600055481545,-0.5047700008672406,-0.40000000724794565,-2.9823850919256933e-10,-7.271356426859481e-11,4.103550715577726e-12,-2.384897356097655e-10,-4.627914911914995e-11,0.17000000518293296,-1.1089908206568478e-10,-2.290835999629176e-11,0.5233300100496983,2.675384415146576e-10,8.2200792796605e-11,-0.16682642977899848,-0.003944452351642314,-0.7399139321978501,-0.5877368065063714,-0.5052059071138311,-0.40362698393715213,-0.00014954497077144076,-3.653842904922845e-05,2.064092442517207e-06,-0.00011920986791298104,-2.325109511685638e-05,0.17259444180207575,-5.529346423216671e-05,-1.1503075589352887e-05,0.5283578798536028,0.0001345500854066142,4.1332491969424654e-05
81,True,0.8200000000000006,6.240557775206891,False,False,3.9953202823697824e-08,False,27.374916011467576,-0.15,0.0,-0.73304,-0.58496,-0.50477,-0.4000000000000001,0.0,0.0,0.0,0.0,0.0,0.17,0.0,0.0,0.52333,0.0,0.0,-0.1500000336527991,-7.888881701535733e-09,-0.7330400137478293,-0.5849600055535945,-0.5047700008718062,-0.4000000072539536,-2.9908817493506414e-10,-7.307621323245908e-11,4.1280424593717645e-12,-2.384191733064778e-10,-4.650179105170939e-11,0.170000005188873,-1.1058701218348782e-10,-2.3005970934721065e-11,0.5233300100557315,2.690974886768605e-10,8.266418136077891e-11,-0.16682394850920845,-0.003947183693582275,-0.7399166280822831,-0.5877394752345277,-0.5052081459384673,-0.403629935993349,-0.00014996226112001297,-3.671635450472476e-05,2.0761315342783716e-06,-0.00011917554324067012,-2.336034937617572e-05,0.1725973619015824,-5.514056347798149e-05,-1.1551009437816676e-05,0.5283608433722731,0.00013531497642435515,4.1559692302202666e-05
82,True,0.8300000000000006,6.2405720472876025,False,False,3.9956138788052384e-08,False,27.295999985653907,-0.15,0.0,-0.73304,-0.58496,-0.50477,-0.4000000000000001,0.0,0.0,0.0,0.0,0.0,0.17,0.0,0.0,0.52333,0.0,0.0,-0.15000003364783654,-7.894344501886696e-09,-0.7330400137532213,-0.584960005558932,-0.504770000876284,-0.40000000725985774,-2.999227747125903e-10,-7.343207277324144e-11,4.152123444702428e-12,-2.3835052463357705e-10,-4.672030480318192e-11,0.1700000051947132,-1.1028120485632705e-10,-2.3101840834196738e-11,0.5233300100616587,2.7062730780847734e-10,8.311859346957738e-11,-0.16682148282385464,-0.003949866838706688,-0.7399192761964977,-0.5877420937367351,-0.5052103416450214,-0.40363283699605884,-0.00015037215515373555,-3.6890949749357225e-05,2.0879684087401204e-06,-0.00011914215603101282,-2.3467578723818346e-05,0.17260023291029136,-5.499073540388967e-05,-1.1598089119714903e-05,0.5283637547438075,0.00013606552501282127,4.17824905785635e-05
83,True,0.8400000000000006,6.240586079318337,False,False,3.995898100060868e-08,False,27.24016597494483,-0.15,0.0,-0.73304,-0.58496,-0.50477,-0.4000000000000001,0.0,0.0,0.0,0.0,0.0,0.17,0.0,0.0,0.52333,0.0,0.0,-0.15000003364290515,-7.899710907123547e-09,-0.7330400137585176,-0.5849600055641692,-0.5047700008806756,-0.4000000072656597,-3.007425814459397e-10,-7.37812717280413e-11,4.175799393700791e-12,-2.3828375091215076e-10,-4.693476864280001e-11,0.1700000052004552,-1.0998154303102541e-10,-2.3196002356309225e-11,0.5233300100674816,2.7212844141717013e-10,8.356420124009528e-11,-0.16681903262506084,-0.003952502638839401,-0.7399218773866915,-0.5877446629589331,-0.505212495064093,-0.403635687827884,-0.0001507747868909517,-3.7062277974219664e-05,2.099606462528347e-06,-0.0001191096872648983,-2.3572821538578388e-05,0.17260305565327438,-5.484392253950958e-05,-1.1644330655472733e-05,0.5283666148853706,0.00013680199736342227,4.200097121837664e-05
84,True,0.8500000000000006,6.240599875337515,False,False,3.9961731236455164e-08,False,26.523665990680456,-0.15,0.0,-0.73304,-0.58496,-0.50477,-0.4000000000000001,0.0,0.0,0.0,0.0,0.0,0.17,0.0,0.0,0.52333,0.0,0.0,-0.1500000336380047,-7.904982619010015e-09,-0.7330400137637201,-0.5849600055693077,-0.5047700008849825,-0.40000000727136137,-3.015478632854146e-10,-7.412393648095067e-11,4.199077547651519e-12,-2.382188140053875e-10,-4.714525931513681e-11,0.17000000520610067,-1.0968791168050867e-10,-2.3288487546008988e-11,0.523330010073202,2.7360142187331064e-10,8.400117352326845e-11,-0.16681659781556493,-0.003955091930740427,-0.7399244324840742,-0.587747183829242,-0.5052146070102804,-0.4036384893561707,-0.0001511702879027518,-3.723040116576014e-05,2.111049035215872e-06,-0.00011907811828155384,-2.3676115466338654e-05,0.1726058309417374,-5.4700068465260406e-05,-1.1689749759693938e-05,0.5283694246979987,0.00013752465474408244,4.221521702779625e-05
85,True,0.8600000000000007,6.240613439315553,False,False,3.9964391278204056e-08,False,27.177874988410622,-0.15,0.0,-0.73304,-0.58496,-0.50477,-0.4000000000000001,0.0,0.0,0.0,0.0,0.0,0.17,0.0,0.0,0.52333,0.0,0.0,-0.15000003363313505,-7.910161310686892e-09,-0.7330400137688304,-0.5849600055743496,-0.5047700008892065,-0.40000000727696444,-3.0233888328556717e-10,-7.446019101048796e-11,4.221965386702571e-12,-2.3815567675225784e-10,-4.7351852128197595e-11,0.17000000521165126,-1.0940019808163221e-10,-2.3379327833300567e-11,0.5233300100788217,2.75046771762346e-10,8.442967592420247e-11,-0.16681417829871514,-0.0039576355363724145,-0.7399269423051331,-0.5877496572582979,-0.5052166782824895,-0.40364124243327243,-0.0001515587873577798,-3.7395380128782506e-05,2.1222994102807963e-06,-0.00011904743077194825,-2.3777497434101627e-05,0.17260855957325374,-5.455911779329458e-05,-1.1734361847031976e-05,0.5283721850668832,0.0001382337535901992,4.2425309230077926e-05
86,True,0.8700000000000007,6.240626775156024,False,False,3.996696281322365e-08,False,27.022958965972066,-0.15,0.0,-0.73304,-0.58496,-0.50477,-0.4000000000000001,0.0,0.0,0.0,0.0,0.0,0.17,0.0,0.0,0.52333,0.0,0.0,-0.15000003362829598,-7.91524863534565e-09,-0.7330400137738502,-0.5849600055792966,-0.5047700008933491,-0.40000000728247054,-3.0311589994730034e-10,-7.479015690992682e-11,4.244468133659098e-12,-2.3809430235765053e-10,-4.7554620909374045e-11,0.1700000052171085,-1.0911829133406631e-10,-2.3468554051877307e-11,0.5233300100843425,2.764650038847988e-10,8.484987090381663e-11,-0.16681177397846622,-0.003960134263162374,-0.7399294076518936,-0.587752084139583,-0.5052187096642354,-0.40364394789680963,-0.00015194041206621894,-3.755727450900863e-05,2.133360816048692e-06,-0.00011901760677231496,-2.38770036637517e-05,0.17261124233199324,-5.442101614877513e-05,-1.1778182037948117e-05,0.5283748968616493,0.00013892954559392273,4.263132749580703e-05
87,True,0.8800000000000007,6.2406398866967665,False,False,3.996944764417656e-08,False,27.60729199508205,-0.15,0.0,-0.73304,-0.58496,-0.50477,-0.4000000000000001,0.0,0.0,0.0,0.0,0.0,0.17,0.0,0.0,0.52333,0.0,0.0,-0.15000003362348732,-7.920246192401337e-09,-0.733040013778781,-0.5849600055841505,-0.504770000897412,-0.4000000072878815,-3.03879166729977e-10,-7.511395350249259e-11,4.266592542338305e-12,-2.38034655097104e-10,-4.775363813080513e-11,0.17000000522247402,-1.0884208274654318e-10,-2.3556196440815426e-11,0.5233300100897663,2.7785662174415783e-10,8.526191783305402e-11,-0.16680938475937568,-0.0039625889042587785,-0.7399318293121754,-0.5877544653497487,-0.5052207019239398,-0.403646606569924,-0.00015231528652297162,-3.771614281520925e-05,2.144236426619013e-06,-0.00011898862865779419,-2.3974669685553717e-05,0.17261387998894723,-5.428571015149192e-05,-1.182122516435891e-05,0.52837756093663,0.00013961227779178608,4.283334997254996e-05
88,True,0.8900000000000007,6.240652777711004,False,False,3.9971847289000226e-08,False,26.56570798717439,-0.15,0.0,-0.73304,-0.58496,-0.50477,-0.4000000000000001,0.0,0.0,0.0,0.0,0.0,0.17,0.0,0.0,0.52333,0.0,0.0,-0.15000003361870884,-7.925155581268994e-09,-0.7330400137836244,-0.584960005588913,-0.5047700009013966,-0.4000000072931988,-3.046289327832564e-10,-7.543169780070474e-11,4.28834604968947e-12,-2.379766994901021e-10,-4.794897484839073e-11,0.17000000522774933,-1.085714655861352e-10,-2.364228465812654e-11,0.5233300100950946,2.7922211935714307e-10,8.566597296577648e-11,-0.16680701054659997,-0.0039650002387841415,-0.7399342080598442,-0.5877568017489321,-0.5052226558152209,-0.4036492192615287,-0.00015268353295004716,-3.787204244091224e-05,2.1549293627759244e-06,-0.00011896047913619124,-2.4070530351392836e-05,0.17261647330215021,-5.415314739781073e-05,-1.1863505775174978e-05,0.5283801781311346,0.00014028219265071757,4.303145331393937e-05
89,True,0.9000000000000007,6.240665451908438,False,False,3.9974163542989154e-08,False,26.866458007134497,-0.15,0.0,-0.73304,-0.58496,-0.50477,-0.4000000000000001,0.0,0.0,0.0,0.0,0.0,0.17,0.0,0.0,0.52333,0.0,0.0,-0.1500000336139604,-7.92997835192405e-09,-0.733040013788382,-0.584960005593586,-0.5047700009053046,-0.40000000729842417,-3.0536544232367784e-10,-7.574350460124455e-11,4.309734344385866e-12,-2.3792040112677847e-10,-4.8140700762778e-11,0.17000000523293593,-1.0830633503759735e-10,-2.372684780955678e-11,0.5233300101003291,2.805619816602812e-10,8.606218963527626e-11,-0.16680465124589075,-0.003967369032083104,-0.7399365446550588,-0.5877590941810673,-0.5052245720771791,-0.40365178676655433,-0.00015304527133817373,-3.802502968569619e-05,2.1654426928838496e-06,-0.00011893314124184838,-2.4164619847760773e-05,0.17261902301689752,-5.402327644294899e-05,-1.190503814173339e-05,0.5283827492697131,0.00014093952815246496,4.3225712708203896e-05
90,True,0.9100000000000007,6.2406779129363255,False,False,3.997639792008757e-08,False,27.18012494733557,-0.15,0.0,-0.73304,-0.58496,-0.50477,-0.4000000000000001,0.0,0.0,0.0,0.0,0.0,0.17,0.0,0.0,0.52333,0.0,0.0,-0.15000003360924175,-7.93471604046414e-09,-0.7330400137930553,-0.5849600055981709,-0.5047700009091372,-0.40000000730355917,-3.060889355291276e-10,-7.604948648495509e-11,4.330763038020769e-12,-2.378657259089747e-10,-4.832888424985459e-11,0.17000000523803538,-1.0804658809494697e-10,-2.380991442825801e-11,0.5233300101054714,2.818766845641158e-10,8.64507182000659e-11,-0.1668023067635912,-0.003969696035966128,-0.7399388398445138,-0.5877613434741912,-0.5052264514346767,-0.4036543098661907,-0.00015340061948764718,-3.8175159776077114e-05,2.1757794337679622e-06,-0.00011890659832962894,-2.4256971708493237e-05,0.1726215298659595,-5.389604678357228e-05,-1.1945836263125505e-05,0.5283852751624158,0.00014158451787645972,4.341620190615332e-05
91,True,0.9200000000000007,6.240690164380552,False,False,3.997855215763383e-08,False,27.188125008251518,-0.15,0.0,-0.73304,-0.58496,-0.50477,-0.4000000000000001,0.0,0.0,0.0,0.0,0.0,0.17,0.0,0.0,0.52333,0.0,0.0,-0.15000003360455275,-7.939370147425073e-09,-0.7330400137976458,-0.5849600056026696,-0.5047700009128959,-0.40000000730860535,-3.0679964805094793e-10,-7.634975391848523e-11,4.351438143681072e-12,-2.3781264083628725e-10,-4.851359238446551e-11,0.17000000524304906,-1.0779212385961939e-10,-2.389151252730386e-11,0.5233300101105234,2.8316669544109843e-10,8.683170624038984e-11,-0.16679997700663224,-0.003971981988948899,-0.7399410943616782,-0.5877635504407418,-0.5052282945986115,-0.4036567893281246,-0.00015374969304843164,-3.8322486885995974e-05,2.1859425515798974e-06,-0.0001188808340690113,-2.434761882726333e-05,0.1726239945697918,-5.3771408840706e-05,-1.1985913871422423e-05,0.5283877566050481,0.00014221739108115166,4.36029932486294e-05
92,True,0.9300000000000007,6.24070220976656,False,False,3.998062767733895e-08,False,26.613084017299116,-0.15,0.0,-0.73304,-0.58496,-0.50477,-0.4000000000000001,0.0,0.0,0.0,0.0,0.0,0.17,0.0,0.0,0.52333,0.0,0.0,-0.15000003359989322,-7.94394215079125e-09,-0.7330400138021549,-0.5849600056070836,-0.5047700009165823,-0.4000000073135643,-3.0749781098683183e-10,-7.664441527461836e-11,4.3717665693439745e-12,-2.3776111290831244e-10,-4.8694890943801325e-11,0.17000000524797845,-1.07542843208431e-10,-2.3971669570890613e-11,0.5233300101154863,2.8443247263769747e-10,8.720529833460781e-11,-0.16679766188252898,-0.003974227616487487,-0.73994330892703,-0.5877657158778533,-0.505230102266187,-0.40365922590677233,-0.00015409260555952542,-3.8467064156915e-05,2.195934962648901e-06,-0.00011885583243829129,-2.443659346983558e-05,0.17262641783674254,-5.3649313942956234e-05,-1.2025284436799955e-05,0.528390194379421,0.0001428383727838415,4.378615769343267e-05
93,True,0.9400000000000007,6.240714052560527,False,False,3.9982626116390395e-08,False,27.002875052858144,-0.15,0.0,-0.73304,-0.58496,-0.50477,-0.4000000000000001,0.0,0.0,0.0,0.0,0.0,0.17,0.0,0.0,0.52333,0.0,0.0,-0.15000003359526293,-7.948433501658858e-09,-0.7330400138065841,-0.5849600056114146,-0.5047700009201977,-0.40000000731843743,-3.0818365153134457e-10,-7.693357680516738e-11,4.391753682657265e-12,-2.3771111027661145e-10,-4.887284447854887e-11,0.170000005252825,-1.0729864871904032e-10,-2.405041248619566e-11,0.523330010120362,2.8567446626044483e-10,8.757163645221801e-11,-0.16679536129937697,-0.003976433631209336,-0.7399454842482851,-0.5877678405676438,-0.505231875121175,-0.4036616203435102,-0.00015442946848760508,-3.860894371753003e-05,2.2057595343187144e-06,-0.00011883157771888963,-2.452392728608512e-05,0.1726288003632556,-5.352971431003441e-05,-1.2063961172565003e-05,0.5283925892535974,0.00014344768383903862,4.396576484173508e-05
94,True,0.9500000000000007,6.240725696170209,False,False,3.998454902059513e-08,False,27.4164589936845,-0.15,0.0,-0.73304,-0.58496,-0.50477,-0.4000000000000001,0.0,0.0,0.0,0.0,0.0,0.17,0.0,0.0,0.52333,0.0,0.0,-0.15000003359066175,-7.952845624235871e-09,-0.7330400138109349,-0.5849600056156641,-0.5047700009237436,-0.40000000732322627,-3.0885739267776796e-10,-7.721734276972371e-11,4.4114044328344535e-12,-2.376626014451112e-10,-4.904751626884558e-11,0.17000000525759004,-1.070594448122496e-10,-2.4127767710811353e-11,0.5233300101251519,2.8689311804041065e-10,8.79308598251082e-11,-0.16679307516584851,-0.003978600733140172,-0.7399476210206248,-0.587769925277498,-0.5052336138341752,-0.40366397336689913,-0.00015476039126496174,-3.8748176703106177e-05,2.215419085770347e-06,-0.0001188080544897643,-2.4609651321786765e-05,0.1726311428340707,-5.341256303658011e-05,-1.2101957040085329e-05,0.5283949419821332,0.0001440455410153724,4.4141882963988345e-05
95,True,0.9600000000000007,6.240737143946095,False,False,3.998639781460921e-08,False,26.365457975771278,-0.15,0.0,-0.73304,-0.58496,-0.50477,-0.4000000000000001,0.0,0.0,0.0,0.0,0.0,0.17,0.0,0.0,0.52333,0.0,0.0,-0.15000003358608943,-7.957179921913582e-09,-0.7330400138152086,-0.5849600056198336,-0.5047700009272211,-0.4000000073279323,-3.095192532994156e-10,-7.749581546953859e-11,4.4307254703547256e-12,-2.3761555566312754e-10,-4.92189684259234e-11,0.17000000526227496,-1.0682513772489969e-10,-2.4203761165639943e-11,0.5233300101298575,2.880888614145184e-10,8.828310496788441e-11,-0.16679080339118932,-0.003980729609926914,-0.739949719926917,-0.5877719707603455,-0.5052353190628684,-0.40366628569290625,-0.00015508548132674217,-3.888481327444418e-05,2.2249163888310946e-06,-0.00011878524762192437,-2.4693796030178096e-05,0.17263344592242022,-5.329781407627682e-05,-1.2139284753624545e-05,0.5283972533063157,0.00014463215707108266,4.431457902533767e-05
96,True,0.9700000000000008,6.240748399182209,False,False,3.998817400555842e-08,False,27.171374997124076,-0.15,0.0,-0.73304,-0.58496,-0.50477,-0.4000000000000001,0.0,0.0,0.0,0.0,0.0,0.17,0.0,0.0,0.52333,0.0,0.0,-0.15000003358154587,-7.96143776685826e-09,-0.7330400138194064,-0.5849600056239247,-0.5047700009306316,-0.400000007332557,-3.101694482309479e-10,-7.776909520008923e-11,4.44972164744632e-12,-2.375699424510269e-10,-4.938726185145124e-11,0.17000000526688114,-1.0659563536756858e-10,-2.4278418281998638e-11,0.5233300101344802,2.892621220947512e-10,8.862850580662e-11,-0.1667885458852146,-0.0039828209370566265,-0.7399517816379343,-0.5877739777549319,-0.5052369914522657,-0.40366855802512297,-0.00015540484414750753,-3.9018902636484374e-05,2.2342541687699755e-06,-0.00011876314227304424,-2.4776391283301012e-05,0.17263571029022245,-5.318542222625515e-05,-1.2175956785084122e-05,0.528399523954396,0.0001452077408281161,4.448391871055036e-05
97,True,0.9800000000000008,6.240759465117148,False,False,3.9989879042803375e-08,False,27.409916976466775,-0.15,0.0,-0.73304,-0.58496,-0.50477,-0.4000000000000001,0.0,0.0,0.0,0.0,0.0,0.17,0.0,0.0,0.52333,0.0,0.0,-0.15000003357703082,-7.965620510419491e-09,-0.73304001382353,-0.5849600056279388,-0.5047700009339765,-0.4000000073371016,-3.1080818826837234e-10,-7.803728039338037e-11,4.468399625176333e-12,-2.375257323998254e-10,-4.955245628835694e-11,0.17000000527140988,-1.0637084732457135e-10,-2.4351764001619603e-11,0.5233300101390216,2.9041331771578575e-10,8.8967193739842e-11,-0.16678630255830573,-0.00398487537807159,-0.7399538068125684,-0.5877759469860874,-0.5052386316349528,-0.40367079105497855,-0.000155718583277122,-3.915049305655528e-05,2.243435105079707e-06,-0.00011874172388217685,-2.4857466383126044e-05,0.1726379365882717,-5.307534311177845e-05,-1.2211985368654217e-05,0.5284017546418195,0.00014577249724485463,4.464996644846825e-05
98,True,0.9900000000000008,6.240770344934982,False,False,3.999151430791513e-08,False,27.525707962922752,-0.15,0.0,-0.73304,-0.58496,-0.50477,-0.4000000000000001,0.0,0.0,0.0,0.0,0.0,0.17,0.0,0.0,0.52333,0.0,0.0,-0.15000003357254413,-7.969729480528098e-09,-0.7330400138275804,-0.5849600056318773,-0.504770000937257,-0.40000000734156765,-3.1143568081956445e-10,-7.830046757728668e-11,4.486762544342934e-12,-2.3748289615474916e-10,-4.9714610344544184e-11,0.17000000527586245,-1.0615068481330259e-10,-2.4423822793590618e-11,0.523330010143483,2.9154285810604336e-10,8.929929759787358e-11,-0.16678407332140657,-0.003986893584780592,-0.7399557960980407,-0.5877778791649878,-0.5052402402313286,-0.4036729854619504,-0.000156026800375984,-3.9279631882273625e-05,2.252461832245635e-06,-0.00011872097816456309,-2.493705007246356e-05,0.17264012545642535,-5.296753317120562e-05,-1.2247382505375079e-05,0.5284039460714496,0.0001463266274875004,4.4812785435993484e-05
99,True,1.0000000000000007,6.240781041766211,False,False,3.999308126254056e-08,False,31.558250018861145,-0.15,0.0,-0.73304,-0.58496,-0.50477,-0.4000000000000001,0.0,0.0,0.0,0.0,0.0,0.17,0.0,0.0,0.52333,0.0,0.0,-0.15000003356808564,-7.973765977359326e-09,-0.733040013831559,-0.5849600056357418,-0.5047700009404742,-0.4000000073459565,-3.12052128874276e-10,-7.855875145686793e-11,4.504817852483311e-12,-2.374414053503589e-10,-4.9873781506445036e-11,0.1700000052802402,-1.059350607452228e-10,-2.449461866282541e-11,0.523330010147866,2.9265114558584514e-10,8.962494379868803e-11,-0.16678185808601997,-0.003988876197466453,-0.7399577501301087,-0.5877797749894125,-0.5052418178498408,-0.40367514191377074,-0.00015632959524961173,-3.9406365559102224e-05,2.261336940501721e-06,-0.00011870089110653593,-2.5015170545665847e-05,0.17264227752378755,-5.2861949641226144e-05,-1.228215996761075e-05,0.5284060989337895,0.0001468703290001424,4.497243766161636e-05
100,True,1.0100000000000007,6.240791558688682,False,False,3.9994581302157435e-08,False,30.048750049900264,-0.15,0.0,-0.73304,-0.58496,-0.50477,-0.4000000000000001,0.0,0.0,0.0,0.0,0.0,0.17,0.0,0.0,0.52333,0.0,0.0,-0.15000003356365513,-7.977731290680079e-09,-0.7330400138354672,-0.5849600056395335,-0.5047700009436296,-0.40000000735026936,-3.126577323593876e-10,-7.881222492114523e-11,4.522570040989667e-12,-2.37401231770293e-10,-5.003002616612499e-11,0.17000000528454431,-1.0572388954967551e-10,-2.4564175151757712e-11,0.5233300101521718,2.937385750216223e-10,8.994425632758004e-11,-0.16677965676420445,-0.003990823845089903,-0.7399596695332691,-0.5877816351439964,-0.5052433650872156,-0.4036772610666295,-0.00015662706588259512,-3.953073964757264e-05,2.270062976573845e-06,-0.00011868144896051816,-2.509185545912423e-05,0.17264439340888998,-5.2758550542362464e-05,-1.2316329303436775e-05,0.5284082139072004,0.00014740379557352885,4.51289839284938e-05
101,True,1.0200000000000007,6.240801898728353,False,False,3.9996015704292667e-08,False,27.880667010322213,-0.15,0.0,-0.73304,-0.58496,-0.50477,-0.4000000000000001,0.0,0.0,0.0,0.0,0.0,0.17,0.0,0.0,0.52333,0.0,0.0,-0.15000003355925245,-7.981626667756536e-09,-0.7330400138393062,-0.5849600056432539,-0.5047700009467241,-0.40000000735450764,-3.132526871089166e-10,-7.906097908375867e-11,4.540024103968259e-12,-2.373623481062093e-10,-5.0183399628059245e-11,0.1700000052887761,-1.0551708735007017e-10,-2.4632515360670064e-11,0.5233300101564018,2.9480553420538694e-10,9.0257356771047e-11,-0.1667774692685704,-0.003992737145489844,-0.7399615549209574,-0.5877834603004779,-0.5052448825286834,-0.4036793435653738,-0.00015691930847192543,-3.965279884017868e-05,2.2786424444106148e-06,-0.00011866263824011115,-2.5167131941565077e-05,0.1726464737198695,-5.2657294664734854e-05,-1.2349901840943502e-05,0.5284102916581135,0.00014792721741257016,4.528248387708743e-05
102,True,1.0300000000000007,6.240812064860354,False,False,3.999738588647972e-08,False,27.51633303705603,-0.15,0.0,-0.73304,-0.58496,-0.50477,-0.4000000000000001,0.0,0.0,0.0,0.0,0.0,0.17,0.0,0.0,0.52333,0.0,0.0,-0.15000003355487743,-7.985453350650706e-09,-0.733040013843077,-0.5849600056469043,-0.504770000949759,-0.40000000735867264,-3.1383718548743354e-10,-7.930510337105868e-11,4.55718441634426e-12,-2.3732472723950095e-10,-5.0333956170119055e-11,0.1700000052929367,-1.0531457159796385e-10,-2.4699661942611606e-11,0.5233300101605575,2.9585240350236616e-10,9.056436444553799e-11,-0.1667752955122769,-0.0039946167055800565,-0.7399634068957436,-0.5877852511179413,-0.505246370748201,-0.4036813900437043,-0.00015720641745971465,-3.977258697794724e-05,2.2870778059018452e-06,-0.00011864444571527357,-2.5241026604148535e-05,0.17264851905464276,-5.255814155408383e-05,-1.2382888692456694e-05,0.528412332841241,0.00014844078120259475,4.543299600736922e-05
103,True,1.0400000000000007,6.240822060009662,False,False,3.99986930946097e-08,False,27.382457978092134,-0.15,0.0,-0.73304,-0.58496,-0.50477,-0.4000000000000001,0.0,0.0,0.0,0.0,0.0,0.17,0.0,0.0,0.52333,0.0,0.0,-0.1500000335505299,-7.989212548464852e-09,-0.7330400138467811,-0.584960005650486,-0.5047700009527355,-0.4000000073627656,-3.14411416444272e-10,-7.954468538658079e-11,4.574056778175776e-12,-2.372883427969501e-10,-5.0481748999526036e-11,0.17000000529702736,-1.0511626149996593e-10,-2.476563712203281e-11,0.5233300101646399,2.9687955614915787e-10,9.08653963025861e-11,-0.1667731354090282,-0.003996463121542459,-0.7399652260495249,-0.5877870082430559,-0.505247830308668,-0.40368340112436735,-0.0001574884855653147,-3.989014706669258e-05,2.295371481585087e-06,-0.00011862685840758884,-2.531356555037382e-05,0.17265053000107813,-5.246105149804586e-05,-1.2415300758676965e-05,0.5284143380997817,0.00014894467017438127,4.558057770060337e-05
104,True,1.0500000000000007,6.24083188705208,False,False,3.9999938614776574e-08,False,27.5247500394471,-0.15,0.0,-0.73304,-0.58496,-0.50477,-0.4000000000000001,0.0,0.0,0.0,0.0,0.0,0.17,0.0,0.0,0.52333,0.0,0.0,-0.15000003354620967,-7.992905459892896e-09,-0.7330400138504194,-0.5849600056540004,-0.5047700009556547,-0.4000000073667877,-3.1497556543221353e-10,-7.97798112363063e-11,4.590645719395009e-12,-2.3725316875770463e-10,-5.062683033416732e-11,0.17000000530104925,-1.049220776111622e-10,-2.4830462710032065e-11,0.5233300101686504,2.978873586332014e-10,9.11605671592014e-11,-0.16677098887307026,-0.003998276979016914,-0.7399670129637145,-0.587788732310309,-0.5052492617621406,-0.4036853774193449,-0.00015776560381684858,-4.000552129296014e-05,2.3035258513401836e-06,-0.00011860986358561799,-2.538477438579466e-05,0.17265250713716443,-5.236598551267737e-05,-1.2447148732739618e-05,0.5284163080656231,0.00014943906416799022,4.5725285240712133e-05
105,True,1.0600000000000007,6.240841548815017,False,False,4.000112379761964e-08,False,25.99212498171255,-0.15,0.0,-0.73304,-0.58496,-0.50477,-0.4000000000000001,0.0,0.0,0.0,0.0,0.0,0.17,0.0,0.0,0.52333,0.0,0.0,-0.15000003354191657,-7.99653325413846e-09,-0.7330400138539933,-0.5849600056574485,-0.5047700009585178,-0.4000000073707403,-3.1552981438038273e-10,-8.001056523050665e-11,4.6069559139297615e-12,-2.372191796159084e-10,-5.0769251375490506e-11,0.17000000530500353,-1.0473194188932505e-10,-2.4894160078944697e-11,0.5233300101725905,2.988761707740928e-10,9.144998956912192e-11,-0.16676885581918735,-0.004000058853287689,-0.7399687682094275,-0.5877904239422366,-0.5052506656500392,-0.4036873195300402,-0.0001580378615821634,-4.0118751039665596e-05,2.3115432550722186e-06,-0.00011859344876033855,-2.5454678227548773e-05,0.17265445103117696,-5.227290532922283e-05,-1.2478443104196476e-05,0.5284182433595411,0.00014992413969541616,4.586717383523384e-05
106,True,1.0700000000000007,6.24085104807827,False,False,4.000224983274727e-08,False,27.246167010162026,-0.15,0.0,-0.73304,-0.58496,-0.50477,-0.4000000000000001,0.0,0.0,0.0,0.0,0.0,0.17,0.0,0.0,0.52333,0.0,0.0,-0.15000003353765043,-8.000097077853763e-09,-0.733040013857504,-0.584960005660832,-0.5047700009613255,-0.4000000073746245,-3.16074342155033e-10,-8.023703017512275e-11,4.622991936604982e-12,-2.3718635057043674e-10,-5.090906236610189e-11,0.1700000053088913,-1.0454577785754373e-10,-2.4956750219941207e-11,0.5233300101764612,2.998463455609543e-10,9.173377395156265e-11,-0.16676673616269877,-0.004001809309466635,-0.739970492347663,-0.5877920837496472,-0.5052520425033548,-0.4036892280474607,-0.0001583053465992164,-4.0229876901435326e-05,2.3194259933829414e-06,-0.00011857760168066615,-2.552330171370466e-05,0.17265636224184075,-5.2181773381122334e-05,-1.2509194162921113e-05,0.5284201445913946,0.00015040007000208307,4.600629763588085e-05
107,True,1.0800000000000007,6.240860387574876,False,False,4.0003317935104835e-08,False,27.38599997246638,-0.15,0.0,-0.73304,-0.58496,-0.50477,-0.4000000000000001,0.0,0.0,0.0,0.0,0.0,0.17,0.0,0.0,0.52333,0.0,0.0,-0.1500000335334111,-8.003598063813233e-09,-0.7330400138609523,-0.5849600056641516,-0.5047700009640793,-0.40000000737844155,-3.1660932428849604e-10,-8.045928723623974e-11,4.638759291440762e-12,-2.371546569556902e-10,-5.1046312586378343e-11,0.17000000531271373,-1.0436351036027889e-10,-2.5018253709145947e-11,0.5233300101802637,3.0079822939638005e-10,9.201202858443933e-11,-0.16676462981945553,-0.0040035289026731,-0.7399721859294837,-0.5877937123318437,-0.5052533928428488,-0.4036911035523978,-0.00015856814500590473,-4.033893869965378e-05,2.327176328230975e-06,-0.00011856231032905841,-2.5590669012429366e-05,0.17265824131849108,-5.2092552791254607e-05,-1.2539412002939013e-05,0.5284220123603183,0.00015086702512720403,4.6142709758704805e-05
108,True,1.0900000000000007,6.240869569991884,False,False,4.000432929501028e-08,False,27.488916995935142,-0.15,0.0,-0.73304,-0.58496,-0.50477,-0.4000000000000001,0.0,0.0,0.0,0.0,0.0,0.17,0.0,0.0,0.52333,0.0,0.0,-0.15000003352919836,-8.00703732397462e-09,-0.7330400138643395,-0.5849600056674089,-0.50477000096678,-0.40000000738219255,-3.1713493295207687e-10,-8.067741608238851e-11,4.654261268313069e-12,-2.3712407487856343e-10,-5.118105037140797e-11,0.17000000531647186,-1.0418506567178281e-10,-2.5078690738130315e-11,0.5233300101839994,3.0173216247590673e-10,9.228485974666989e-11,-0.16676253670583674,-0.004005218178210676,-0.7399738494961917,-0.5877953102768401,-0.5052547171792506,-0.40369294661560334,-0.00015882634136934809,-4.0445975497223455e-05,2.3347964835809093e-06,-0.00011854756291719918,-2.5656803830980585e-05,0.1726600888012312,-5.200520735941074e-05,-1.2569106526184115e-05,0.52842384725491,0.00015132517196302642,4.627646230387701e-05
109,True,1.1000000000000008,6.240878597971153,False,False,4.0005285155349245e-08,False,27.79633301543072,-0.15,0.0,-0.73304,-0.58496,-0.50477,-0.4000000000000001,0.0,0.0,0.0,0.0,0.0,0.17,0.0,0.0,0.52333,0.0,0.0,-0.15000003352501212,-8.010415948611627e-09,-0.7330400138676667,-0.5849600056706048,-0.5047700009694288,-0.40000000738587865,-3.176513372813144e-10,-8.089149480323054e-11,4.669503119249691e-12,-2.370945805272662e-10,-5.131332312454263e-11,0.17000000532016682,-1.0401037138767916e-10,-2.5138081102054287e-11,0.5233300101876692,3.026484785982782e-10,9.255237160975434e-11,-0.16676045673874676,-0.004006877671740812,-0.7399754835795013,-0.587796878161573,-0.5052560160134512,-0.4036947577979633,-0.00015908001871463485,-4.0551025613042833e-05,2.3422886460414374e-06,-0.00011853334788176181,-2.57217294245266e-05,0.17266190522108765,-5.1919701549994965e-05,-1.2598287446183103e-05,0.5284256498534172,0.00015177467431298232,4.6407606375091094e-05
110,True,1.1100000000000008,6.240887474110017,False,False,4.0006186672316594e-08,False,26.680083014070988,-0.15,0.0,-0.73304,-0.58496,-0.50477,-0.4000000000000001,0.0,0.0,0.0,0.0,0.0,0.17,0.0,0.0,0.52333,0.0,0.0,-0.15000003352085217,-8.013735005446554e-09,-0.733040013870935,-0.5849600056737407,-0.5047700009720265,-0.40000000738950103,-3.1815870334887635e-10,-8.110160009929326e-11,4.6844881353971454e-12,-2.3706615101158016e-10,-5.1443177391936835e-11,0.17000000532379966,-1.0383935634364783e-10,-2.519644423862994e-11,0.5233300101912745,3.0354750521965554e-10,9.281466640718126e-11,-0.16675838983561148,-0.004008507909453352,-0.7399770887017085,-0.587798416552112,-0.5052572898366913,-0.4036965376506682,-0.0001593292585530414,-4.0654126636207706e-05,2.3496549654928725e-06,-0.0001185196538802493,-2.5785468604797135e-05,0.1726636911001625,-5.183600047994797e-05,-1.2626964291668878e-05,0.5284274207239188,0.00015221569294876513,4.653619209859538e-05
111,True,1.1200000000000008,6.24089620096219,False,False,4.000703491962522e-08,False,26.932707987725735,-0.15,0.0,-0.73304,-0.58496,-0.50477,-0.4000000000000001,0.0,0.0,0.0,0.0,0.0,0.17,0.0,0.0,0.52333,0.0,0.0,-0.1500000335167183,-8.016995550925998e-09,-0.7330400138741453,-0.5849600056768176,-0.5047700009745743,-0.4000000073930607,-3.186571942187695e-10,-8.130780707868218e-11,4.699223062102308e-12,-2.3703876360391726e-10,-5.157065875412755e-11,0.17000000532737142,-1.0367195085937047e-10,-2.5253799201016384e-11,0.5233300101948163,3.0442956404992845e-10,9.307184438699405e-11,-0.1667563359143753,-0.004010109408234077,-0.7399786653758585,-0.5877999260038632,-0.5052585391307491,-0.4036982867153808,-0.00015957414090973494,-4.075531543994137e-05,2.3568975557040715e-06,-0.00011850646978691145,-2.5848043748568604e-05,0.1726654469517836,-5.175406990688903e-05,-1.2655146410124596e-05,0.5284291604245029,0.00015264838566635285,4.66622686418617e-05
112,True,1.1300000000000008,6.24090478103835,False,False,4.000783110150416e-08,False,27.549082995392382,-0.15,0.0,-0.73304,-0.58496,-0.50477,-0.4000000000000001,0.0,0.0,0.0,0.0,0.0,0.17,0.0,0.0,0.52333,0.0,0.0,-0.15000003351261046,-8.020198614608343e-09,-0.7330400138772987,-0.5849600056798365,-0.5047700009770729,-0.40000000739655883,-3.1914697002765474e-10,-8.151018955523644e-11,4.713709155515039e-12,-2.370123959155026e-10,-5.169581199205263e-11,0.1700000053308831,-1.035080864607036e-10,-2.5310164686618902e-11,0.5233300101982958,3.0529497067324426e-10,9.332400385922467e-11,-0.16675429489349783,-0.004011682675829258,-0.7399802141059094,-0.5878014070617709,-0.5052597643681215,-0.4037000055244006,-0.0001598147443509686,-4.085462819525858e-05,2.3640184949389776e-06,-0.0001184937846887366,-2.5909476805986697e-05,0.17266717328065187,-5.1673876217472634e-05,-1.2682842971259509e-05,0.5284308695034442,0.0001530729073409959,4.678588423189783e-05
113,True,1.1400000000000008,6.24091321680698,False,False,4.000857623413842e-08,False,26.7673340276815,-0.15,0.0,-0.73304,-0.58496,-0.50477,-0.4000000000000001,0.0,0.0,0.0,0.0,0.0,0.17,0.0,0.0,0.52333,0.0,0.0,-0.15000003350852836,-8.023345218245714e-09,-0.7330400138803962,-0.5849600056827987,-0.5047700009795235,-0.4000000073999964,-3.196281877137965e-10,-8.170881981135964e-11,4.72795221992861e-12,-2.369870262487403e-10,-5.181868100912379e-11,0.17000000533433576,-1.0334769589323122e-10,-2.5365559032006733e-11,0.523330010201714,3.061440347648485e-10,9.357124131109023e-11,-0.16675226669195065,-0.004013228211007309,-0.7399817353868926,-0.5878028602605134,-0.5052609660122027,-0.4037016946008257,-0.0001600511460107778,-4.095210038436861e-05,2.371019826553019e-06,-0.0001184815878815155,-2.5969789308729614e-05,0.17266887058298633,-5.1595386415956324e-05,-1.2710062970418022e-05,0.528432548499375,0.000153489409981189,4.690708617321037e-05
114,True,1.1500000000000008,6.240921510695005,False,False,4.000927154676689e-08,False,27.28791703702882,-0.15,0.0,-0.73304,-0.58496,-0.50477,-0.4000000000000001,0.0,0.0,0.0,0.0,0.0,0.17,0.0,0.0,0.52333,0.0,0.0,-0.15000003350447194,-8.026436356702027e-09,-0.7330400138834389,-0.5849600056857052,-0.5047700009819268,-0.4000000074033746,-3.201010016675842e-10,-8.190376888262286e-11,4.741956901318736e-12,-2.369626331228747e-10,-5.193930885494355e-11,0.17000000533773038,-1.0319071316292235e-10,-2.5420000234935942e-11,0.5233300102050721,3.0697706044345054e-10,9.381365134600653e-11,-0.166750251229214,-0.004014746503717576,-0.7399832297050715,-0.5878042861246983,-0.5052621445174602,-0.4037033544587122,-0.00016028342161718783,-4.104776681382211e-05,2.3779035595794396e-06,-0.00011846986886597895,-2.6029002378014887e-05,0.17267053934666668,-5.1518568112975165e-05,-1.2736815231923224e-05,0.5284341979414555,0.00015389804278164744,4.702592086542454e-05
115,True,1.1600000000000008,6.2409296650885056,False,False,4.000991798875025e-08,False,26.623292011208832,-0.15,0.0,-0.73304,-0.58496,-0.50477,-0.4000000000000001,0.0,0.0,0.0,0.0,0.0,0.17,0.0,0.0,0.52333,0.0,0.0,-0.150000033500441,-8.029473004891874e-09,-0.7330400138864276,-0.584960005688557,-0.5047700009842839,-0.4000000074066943,-3.205655632707461e-10,-8.209510632059547e-11,4.7557252787277864e-12,-2.3693919559925145e-10,-5.205773778290345e-11,0.1700000053410679,-1.0303707350224969e-10,-2.5473505935714688e-11,0.523330010208371,3.077943460543832e-10,9.405132678523206e-11,-0.16674824842527383,-0.004016238035246337,-0.7399846975380963,-0.5878056851690504,-0.5052633003296062,-0.4037049856032298,-0.00016051164551794122,-4.11416616274071e-05,2.3846716693058135e-06,-0.00011845861734400484,-2.608713673245279e-05,0.1726721800513734,-5.144338951451977e-05,-1.2763108412356127e-05,0.5284358183495401,0.0001542989521753043,4.71424338205677e-05
116,True,1.1700000000000008,6.240937682333446,False,False,4.0010516622299514e-08,False,26.853166986256838,-0.15,0.0,-0.73304,-0.58496,-0.50477,-0.4000000000000001,0.0,0.0,0.0,0.0,0.0,0.17,0.0,0.0,0.52333,0.0,0.0,-0.15000003349643537,-8.032456131658317e-09,-0.7330400138893632,-0.5849600056913551,-0.5047700009865955,-0.40000000740995656,-3.210220212758203e-10,-8.22829004367906e-11,4.769262724885746e-12,-2.369166930644767e-10,-5.2174009223079e-11,0.1700000053443493,-1.02886713275322e-10,-2.5526093454472675e-11,0.523330010211612,3.0859618444065325e-10,9.428435860010537e-11,-0.16674625820061845,-0.0040177032783700155,-0.7399861393551572,-0.5878070578985991,-0.5052644338857674,-0.4037065885308162,-0.0001607358907057536,-4.123381831879831e-05,2.3913260978408936e-06,-0.00011844782321489505,-2.614421269574941e-05,0.17267379316872547,-5.136981941111385e-05,-1.278895100377186e-05,0.5284374102343414,0.000154692281884347,4.725666968002274e-05
117,True,1.1800000000000008,6.2409455647363155,False,False,4.0011068506018954e-08,False,26.527916023042053,-0.15,0.0,-0.73304,-0.58496,-0.50477,-0.4000000000000001,0.0,0.0,0.0,0.0,0.0,0.17,0.0,0.0,0.52333,0.0,0.0,-0.1500000334924549,-8.035386681558288e-09,-0.7330400138922469,-0.5849600056941007,-0.5047700009888627,-0.40000000741316244,-3.2147052172483946e-10,-8.246721822812624e-11,4.782573068381536e-12,-2.368951052981799e-10,-5.22881638364398e-11,0.17000000534757553,-1.0273957010663304e-10,-2.5577779772526432e-11,0.5233300102147957,3.093828631597819e-10,9.451283612888547e-11,-0.16674428047623546,-0.004019142697505689,-0.7399875556171337,-0.5878084048088604,-0.5052655456146484,-0.40370816372932744,-0.0001609562288431073,-4.132426974396512e-05,2.3978687546719185e-06,-0.00011843747657172095,-2.620025020426207e-05,0.17267537916241602,-5.129782716718769e-05,-1.2814351336854039e-05,0.5284389740975907,0.0001550781729703118,4.736867223115795e-05
118,True,1.1900000000000008,6.240953314564774,False,False,4.001157466575633e-08,False,26.946083002258092,-0.15,0.0,-0.73304,-0.58496,-0.50477,-0.4000000000000001,0.0,0.0,0.0,0.0,0.0,0.17,0.0,0.0,0.52333,0.0,0.0,-0.1500000334884994,-8.038265580934123e-09,-0.7330400138950796,-0.5849600056967945,-0.5047700009910863,-0.4000000074163128,-3.2191120781380547e-10,-8.264812540403031e-11,4.7956590459786086e-12,-2.368744125407765e-10,-5.240024147758009e-11,0.17000000535074752,-1.0259558273198379e-10,-2.5628581556096227e-11,0.5233300102179236,3.1015466426696434e-10,9.473684692767404e-11,-0.16674231517360846,-0.004020556748858952,-0.739988946776742,-0.5878097263860163,-0.5052666359366962,-0.4037097116781866,-0.00016117273028659038,-4.141304813334237e-05,2.4043015172125205e-06,-0.00011842756769773467,-2.6255268814410034e-05,0.1726769384883453,-5.122738271064419e-05,-1.2839317584008498e-05,0.5284405104321955,0.00015545676388325304,4.747848442363932e-05
119,True,1.2000000000000008,6.240960934048362,False,False,4.0012036090521034e-08,False,27.240167022682726,-0.15,0.0,-0.73304,-0.58496,-0.50477,-0.4000000000000001,0.0,0.0,0.0,0.0,0.0,0.17,0.0,0.0,0.52333,0.0,0.0,-0.15000003348456878,-8.041093743117733e-09,-0.733040013897862,-0.5849600056994377,-0.504770000993267,-0.4000000074194087,-3.2234422043479066e-10,-8.282568644742703e-11,4.8085262392005704e-12,-2.3685459523596977e-10,-5.251028128958643e-11,0.17000000535386617,-1.0245469097815369e-10,-2.5678515139365417e-11,0.5233300102209963,3.109118646132253e-10,9.49564768923882e-11,-0.16674036221471425,-0.004021945880569155,-0.7399903132786794,-0.5878110231070907,-0.5052677052642573,-0.4037112328485293,-0.00016138546411078916,-4.1500185103768785e-05,2.4106262313414875e-06,-0.000118418087062847,-2.6309287709943277e-05,0.1726784715947518,-5.1158456522613793e-05,-1.286385776239757e-05,0.5284420197223959,0.00015582819051000393,4.7586148385431304e-05
120,True,1.2100000000000009,6.240968425379078,False,False,4.0012453679700004e-08,False,27.003749972209334,-0.15,0.0,-0.73304,-0.58496,-0.50477,-0.4000000000000001,0.0,0.0,0.0,0.0,0.0,0.17,0.0,0.0,0.52333,0.0,0.0,-0.15000003348066282,-8.043872063226432e-09,-0.733040013900595,-0.5849600057020313,-0.5047700009954057,-0.400000007422451,-3.2276969757962654e-10,-8.299996454019798e-11,4.821176686008692e-12,-2.3683563450508944e-10,-5.2618321612558135e-11,0.17000000535693238,-1.0231683579678191e-10,-2.5727596571914284e-11,0.5233300102240149,3.116547361706797e-10,9.517181029941807e-11,-0.16673842152201948,-0.004023310532852061,-0.7399916555597668,-0.5878122954401219,-0.5052687540017353,-0.4037127277033468,-0.0001615944981317443,-4.158571167019738e-05,2.4168447119324655e-06,-0.0001184090253201696,-2.6362325709071997e-05,0.17267997892234094,-5.109101962739496e-05,-1.2887979736916025e-05,0.5284435024439156,0.0001561925862215465,4.7691705438492135e-05
121,True,1.2200000000000009,6.240975790712093,False,False,4.001282849518184e-08,False,26.70462499372661,-0.15,0.0,-0.73304,-0.58496,-0.50477,-0.4000000000000001,0.0,0.0,0.0,0.0,0.0,0.17,0.0,0.0,0.52333,0.0,0.0,-0.15000003347678142,-8.046601428571276e-09,-0.7330400139032797,-0.584960005704576,-0.5047700009975031,-0.40000000742544073,-3.2318777496332003e-10,-8.317102176647008e-11,4.833615119199567e-12,-2.3681751156433284e-10,-5.272440008863939e-11,0.17000000535994703,-1.0218195927791992e-10,-2.577584157467433e-11,0.5233300102269804,3.123835454091166e-10,9.538292978529799e-11,-0.16673649301847768,-0.004024651138139992,-0.7399929740490877,-0.5878135438443319,-0.5052697825457431,-0.4037141966976276,-0.0001617998989299762,-4.166965825718188e-05,2.422958743374743e-06,-0.0001184003733026202,-2.6414401271459564e-05,0.17268146090441172,-5.10250435825769e-05,-1.2911691223109773e-05,0.5284449590641124,0.00015655008191950597,4.7795196114169655e-05
122,True,1.2300000000000009,6.240983032166245,False,False,4.001316144172153e-08,False,27.318332984577864,-0.15,0.0,-0.73304,-0.58496,-0.50477,-0.4000000000000001,0.0,0.0,0.0,0.0,0.0,0.17,0.0,0.0,0.52333,0.0,0.0,-0.1500000334729244,-8.04928269437094e-09,-0.7330400139059167,-0.5849600057070728,-0.5047700009995603,-0.4000000074283787,-3.23598585753003e-10,-8.333891894320893e-11,4.845844217091374e-12,-2.368002080229206e-10,-5.282855365524295e-11,0.170000005362911,-1.0205000452805871e-10,-2.582326557889179e-11,0.5233300102298938,3.130985543530959e-10,9.558991638736409e-11,-0.16673457662752617,-0.004025968121219498,-0.7399942691681254,-0.5878147687702924,-0.5052707912852528,-0.4037156402784947,-0.0001620017318730885,-4.175205471014416e-05,2.428970080085278e-06,-0.00011839212201959025,-2.6465532505081508e-05,0.17268291796698113,-5.096050046934121e-05,-1.2934999790038509e-05,0.5284463900421252,0.0001569008060817871,4.789666016830296e-05
123,True,1.2400000000000009,6.240990151824796,False,False,4.0013453394856423e-08,False,27.283292030915618,-0.15,0.0,-0.73304,-0.58496,-0.50477,-0.4000000000000001,0.0,0.0,0.0,0.0,0.0,0.17,0.0,0.0,0.52333,0.0,0.0,-0.15000003346909158,-8.051916718446184e-09,-0.7330400139085069,-0.5849600057095228,-0.5047700010015779,-0.40000000743126585,-3.240022605950372e-10,-8.350371578284919e-11,4.857867957350833e-12,-2.367837059102018e-10,-5.293081851116886e-11,0.1700000053658251,-1.0192091563624751e-10,-2.586988372951576e-11,0.5233300102327557,3.138000199043225e-10,9.579284967250329e-11,-0.16673267227308308,-0.004027261899366579,-0.7399955413308976,-0.5878159706600878,-0.5052717806017435,-0.4037170588853422,-0.00016220006113795796,-4.183293030642618e-05,2.434880447012162e-06,-0.00011838426265367321,-2.6515737172953166e-05,0.17268435052890652,-5.0897362882939034e-05,-1.2957912863083335e-05,0.5284477958290187,0.00015724488480736742,4.7996136596035785e-05
124,True,1.2500000000000009,6.240997151735965,False,False,4.001370538280593e-08,False,26.92508400650695,-0.15,0.0,-0.73304,-0.58496,-0.50477,-0.4000000000000001,0.0,0.0,0.0,0.0,0.0,0.17,0.0,0.0,0.52333,0.0,0.0,-0.15000003346528284,-8.054504329127465e-09,-0.7330400139110513,-0.5849600057119266,-0.5047700010035565,-0.4000000074341031,-3.243989280215902e-10,-8.366547083908443e-11,4.869689650182702e-12,-2.367679875943385e-10,-5.303123019453145e-11,0.17000000536869023,-1.0179463789093419e-10,-2.5915710873339738e-11,0.5233300102355674,3.1448819427532665e-10,9.599180760840433e-11,-0.1667307798795443,-0.004028532882479535,-0.7399967909440891,-0.5878171499474752,-0.5052727508693454,-0.4037184529499689,-0.00016239494973251762,-4.191231376613089e-05,2.4406915401296083e-06,-0.00011837678655745336,-2.6565032699728393e-05,0.17268575900200592,-5.0835603923340865e-05,-1.2980437726700353e-05,0.5284491768679249,0.00015758244186026276,4.809366364634702e-05
125,True,1.260000000000001,6.241004033913456,False,False,4.0013918263368454e-08,False,26.662499993108213,-0.15,0.0,-0.73304,-0.58496,-0.50477,-0.4000000000000001,0.0,0.0,0.0,0.0,0.0,0.17,0.0,0.0,0.52333,0.0,0.0,-0.15000003346149804,-8.057046348673713e-09,-0.7330400139135507,-0.5849600057142853,-0.5047700010054971,-0.4000000074368912,-3.24788713827219e-10,-8.382424156107727e-11,4.881313242336999e-12,-2.3675303587717376e-10,-5.312982355226616e-11,0.17000000537150717,-1.0167111743437582e-10,-2.5960761579330418e-11,0.5233300102383296,3.1516332496235935e-10,9.618686667197795e-11,-0.16672889937178045,-0.004029781473209445,-0.7399980184071807,-0.587818307058041,-0.5052737024549814,-0.40371982289670905,-0.00016258645951714102,-4.199023326275605e-05,2.4464050269246125e-06,-0.00011836968525035284,-2.6613436178171968e-05,0.17268714379117647,-5.077519718605571e-05,-1.3002581527121408e-05,0.5284505335941829,0.0001579135987126814,4.818927883630398e-05
126,True,1.270000000000001,6.24101080033714,False,False,4.001409281097067e-08,False,26.972124993335456,-0.15,0.0,-0.73304,-0.58496,-0.50477,-0.4000000000000001,0.0,0.0,0.0,0.0,0.0,0.17,0.0,0.0,0.52333,0.0,0.0,-0.150000033457737,-8.059543585466067e-09,-0.7330400139160056,-0.5849600057165996,-0.5047700010074003,-0.4000000074396311,-3.251717419633371e-10,-8.398008424602551e-11,4.892740875113015e-12,-2.367388337367335e-10,-5.322663277062276e-11,0.17000000537427673,-1.0155030154724177e-10,-2.6005050135239553e-11,0.5233300102410431,3.1582565498933755e-10,9.637810193067206e-11,-0.16672703067513409,-0.004031008067088338,-0.7399992241125779,-0.5878194424093547,-0.5052746357185058,-0.4037211691425622,-0.00016277465122563431,-4.2066716433625106e-05,2.4520225468754812e-06,-0.00011836295041553668,-2.6660964375507906e-05,0.17268850529451052,-5.071611675311647e-05,-1.302435127500287e-05,0.5284518664354758,0.00015823847458738092,4.828301896504341e-05
127,True,1.280000000000001,6.241017452953582,False,False,4.0014230020921764e-08,False,27.144959021825343,-0.15,0.0,-0.73304,-0.58496,-0.50477,-0.4000000000000001,0.0,0.0,0.0,0.0,0.0,0.17,0.0,0.0,0.52333,0.0,0.0,-0.1500000334539996,-8.061996825334261e-09,-0.7330400139184171,-0.5849600057188703,-0.5047700010092669,-0.40000000744232356,-3.2554813372506243e-10,-8.413305422889754e-11,4.903976934870867e-12,-2.3672536450340936e-10,-5.332169137855342e-11,0.17000000537699975,-1.0143213820815655e-10,-2.6048590578097146e-11,0.5233300102437088,3.1647542260968865e-10,9.656558696115661e-11,-0.16672517371541645,-0.0040322130526551205,-0.7400004084457353,-0.5878205564111211,-0.5052755510128407,-0.4037224920973191,-0.00016295958448584396,-4.21417903901185e-05,2.457545711922265e-06,-0.00011835657389687463,-2.6707633739646275e-05,0.17268984390341008,-5.065833718422864e-05,-1.3045753848023498e-05,0.5284531758119659,0.0001585571864992427,4.83749201274855e-05
128,True,1.290000000000001,6.241023993676596,False,False,4.0014330589158124e-08,False,26.876375020947307,-0.15,0.0,-0.73304,-0.58496,-0.50477,-0.4000000000000001,0.0,0.0,0.0,0.0,0.0,0.17,0.0,0.0,0.52333,0.0,0.0,-0.15000003345028562,-8.064406846301775e-09,-0.7330400139207858,-0.5849600057210983,-0.5047700010110976,-0.40000000744496944,-3.259180084559492e-10,-8.428320572657824e-11,4.9150242841584e-12,-2.367126120361414e-10,-5.341503228159408e-11,0.17000000537967697,-1.0131657667645849e-10,-2.609139664338947e-11,0.5233300102463276,3.1711286217371223e-10,9.674939397807253e-11,-0.16672332841890478,-0.004033396811579262,-0.7400015717852803,-0.5878216494653267,-0.5052764486841093,-0.403723792163687,-0.000163141317839887,-4.22154817277098e-05,2.4629761069293263e-06,-0.00011835054769595852,-2.675346040529069e-05,0.17269116000269927,-5.0601833508079314e-05,-1.3066795993432416e-05,0.528454462136426,0.0001588698492960781,4.846501772778611e-05
129,True,1.300000000000001,6.241030424387788,False,False,4.001439555570614e-08,False,26.427584001794457,-0.15,0.0,-0.73304,-0.58496,-0.50477,-0.4000000000000001,0.0,0.0,0.0,0.0,0.0,0.17,0.0,0.0,0.52333,0.0,0.0,-0.15000003344659502,-8.06677441771847e-09,-0.7330400139231126,-0.5849600057232845,-0.5047700010128929,-0.4000000074475696,-3.2628148330404207e-10,-8.44305919124079e-11,4.925886347953337e-12,-2.367005600718971e-10,-5.350668775170003e-11,0.17000000538230914,-1.0120356699075623e-10,-2.613348184637423e-11,0.5233300102489004,3.177382031527981e-10,9.692959377304543e-11,-0.16672149471233927,-0.0040345597187822786,-0.7400027145031333,-0.5878227219663865,-0.505277329071767,-0.4037250697374116,-0.00016331990876401067,-4.228781653581015e-05,2.468315290140167e-06,-0.00011834486396917374,-2.6798460199928824e-05,0.17269245397073477,-5.0546581213803716e-05,-1.3087484330548076e-05,0.5284557258143698,0.00015917657569868176,4.855334649253222e-05
130,True,1.310000000000001,6.241036746937152,False,False,4.0014425536320824e-08,False,26.54374996200204,-0.15,0.0,-0.73304,-0.58496,-0.50477,-0.4000000000000001,0.0,0.0,0.0,0.0,0.0,0.17,0.0,0.0,0.52333,0.0,0.0,-0.15000003344292756,-8.06910028031127e-09,-0.7330400139253981,-0.5849600057254296,-0.5047700010146537,-0.4000000074501247,-3.26638673005036e-10,-8.457526497039234e-11,4.9365650397031045e-12,-2.3668919297106013e-10,-5.359668943741031e-11,0.1700000053848971,-1.0109306012478277e-10,-2.617485940754167e-11,0.5233300102514277,3.1835167106099814e-10,9.710625582310577e-11,-0.16671967252292016,-0.004035702142557081,-0.7400038369646277,-0.5878237743012861,-0.5052781925087301,-0.403726325207398,-0.00016349541368808815,-4.235882040742448e-05,2.4735647936245123e-06,-0.00011833951502482549,-2.6842648649708163e-05,0.1726937261795147,-5.049255624260631e-05,-1.31078253532092e-05,0.52845696724418,0.0001594774763401448,4.863994048368531e-05
131,True,1.320000000000001,6.241042963143547,False,False,4.0014421483813753e-08,False,26.35508304229006,-0.15,0.0,-0.73304,-0.58496,-0.50477,-0.4000000000000001,0.0,0.0,0.0,0.0,0.0,0.17,0.0,0.0,0.52333,0.0,0.0,-0.15000003343928317,-8.071385178276547e-09,-0.7330400139276431,-0.5849600057275343,-0.5047700010163807,-0.40000000745263564,-3.269896906954277e-10,-8.471727610197917e-11,4.947065560613516e-12,-2.3667849556835256e-10,-5.3685068397729034e-11,0.1700000053874415,-1.0098500792640915e-10,-2.6215542330541592e-11,0.5233300102539107,3.189534872110808e-10,9.727944822970251e-11,-0.16671786177830492,-0.004036824444685222,-0.7400049395286254,-0.5878248068497215,-0.5052790393215011,-0.40372755895582796,-0.00016366788801475747,-4.2428518448623545e-05,2.4787261237179838e-06,-0.00011833449332031664,-2.6886040985199277e-05,0.17269497699478523,-5.043973497953368e-05,-1.3127825432178619e-05,0.5284581868172329,0.00015977265980444158,4.8724833111277776e-05
132,True,1.330000000000001,6.2410490747952,False,False,4.0014384059322475e-08,False,26.95974998641759,-0.15,0.0,-0.73304,-0.58496,-0.50477,-0.4000000000000001,0.0,0.0,0.0,0.0,0.0,0.17,0.0,0.0,0.52333,0.0,0.0,-0.15000003343566165,-8.073629828055096e-09,-0.7330400139298482,-0.5849600057295994,-0.5047700010180743,-0.40000000745510317,-3.2733464699094376e-10,-8.485667548540016e-11,4.957388614992467e-12,-2.366684525900763e-10,-5.3771855078408454e-11,0.17000000538994312,-1.0087936321928831e-10,-2.6255543342891064e-11,0.5233300102563498,3.19543868660321e-10,9.744923782712333e-11,-0.1667160624066053,-0.004037926980552053,-0.7400060225476325,-0.5878258199842364,-0.5052798698302929,-0.40372877135827717,-0.00016383738613820928,-4.249693528783488e-05,2.4838007614543484e-06,-0.00011832979145937815,-2.692865214704869e-05,0.17269620677614583,-5.038809424539644e-05,-1.3147490817500925e-05,0.5284593849180219,0.0001600622326643043,4.880805714586683e-05
133,True,1.340000000000001,6.241055083650329,False,False,4.001431411426173e-08,False,26.54541697120294,-0.15,0.0,-0.73304,-0.58496,-0.50477,-0.4000000000000001,0.0,0.0,0.0,0.0,0.0,0.17,0.0,0.0,0.52333,0.0,0.0,-0.1500000334320629,-8.075834946087712e-09,-0.7330400139320142,-0.5849600057316258,-0.5047700010197353,-0.40000000745752795,-3.2767365079969246e-10,-8.49935124111966e-11,4.967539079632152e-12,-2.366590493452919e-10,-5.385707937971161e-11,0.17000000539240268,-1.0077607960634356e-10,-2.6294874958654848e-11,0.523330010258746,3.2012302864418106e-10,9.761569015538955e-11,-0.16671427433638464,-0.004039010099259851,-0.7400070863679103,-0.5878268140703575,-0.5052806843491502,-0.4037299627838288,-0.00016400396146263024,-4.256409508495631e-05,2.4887901629905266e-06,-0.00011832540218934928,-2.6970496791523406e-05,0.1726974158771525,-5.033761128883759e-05,-1.3166827640814792e-05,0.5284605619242789,0.0001603462995183979,4.888964473075063e-05
134,True,1.350000000000001,6.241060991437495,False,False,4.0014212446201344e-08,False,26.93937497679144,-0.15,0.0,-0.73304,-0.58496,-0.50477,-0.4000000000000001,0.0,0.0,0.0,0.0,0.0,0.17,0.0,0.0,0.52333,0.0,0.0,-0.15000003342848672,-8.078001228865872e-09,-0.733040013934142,-0.584960005733614,-0.5047700010213645,-0.4000000074599108,-3.280068087258524e-10,-8.512783518735152e-11,4.9775188247813175e-12,-2.366502712108226e-10,-5.394077060897847e-11,0.17000000539482088,-1.0067511159174121e-10,-2.633354943101156e-11,0.5233300102611002,3.206911763594701e-10,9.777886948058494e-11,-0.16671249749665482,-0.004040074143738941,-0.7400081313295878,-0.5878277894667263,-0.5052814831860672,-0.40373113359518575,-0.0001641676664203099,-4.2630021540295416e-05,2.493695760024454e-06,-0.00011832131839850844,-2.701158929594933e-05,0.1726986046454194,-5.028826377854434e-05,-1.318584191762087e-05,0.5284617182070926,0.00016062496302780745,4.8969627393951134e-05
135,True,1.360000000000001,6.241066799856278,False,False,4.001407971080369e-08,False,26.921042008325458,-0.15,0.0,-0.73304,-0.58496,-0.50477,-0.4000000000000001,0.0,0.0,0.0,0.0,0.0,0.17,0.0,0.0,0.52333,0.0,0.0,-0.150000033424933,-8.08012936247271e-09,-0.733040013936232,-0.5849600057355648,-0.5047700010229622,-0.4000000074622524,-3.2833422588282417e-10,-8.525969123415744e-11,4.987330524946495e-12,-2.366421040920401e-10,-5.402295752467167e-11,0.17000000539719842,-1.0057641447247046e-10,-2.6371578796299377e-11,0.5233300102634127,3.212485170727645e-10,9.793883891682847e-11,-0.16671073181687354,-0.0040411194508568555,-0.7400091577667687,-0.5878287465252289,-0.5052822666431052,-0.40373228414878126,-0.00016432855248941423,-4.269473790333831e-05,2.4985189602059e-06,-0.0001183175331134525,-2.705194376404543e-05,0.17269977342271844,-5.0240029795601276e-05,-1.3204539549506054e-05,0.5284628541310259,0.00016089832395185338,4.9048036059968226e-05
136,True,1.370000000000001,6.24107251057759,False,False,4.0013916706441866e-08,False,27.67949999542907,-0.15,0.0,-0.73304,-0.58496,-0.50477,-0.4000000000000001,0.0,0.0,0.0,0.0,0.0,0.17,0.0,0.0,0.52333,0.0,0.0,-0.15000003342140164,-8.082220023450382e-09,-0.7330400139382849,-0.584960005737479,-0.5047700010245292,-0.4000000074645535,-3.286560051342889e-10,-8.538912703000626e-11,4.996977952812431e-12,-2.3663453389431623e-10,-5.4103668319435824e-11,0.17000000539953597,-1.0047994449419737e-10,-2.6408974851993192e-11,0.5233300102656847,3.2179525244566826e-10,9.809566026364397e-11,-0.16670897722694164,-0.004042146351525562,-0.7400101660076391,-0.5878296855911227,-0.5052830350165062,-0.4037334147948869,-0.00016448667021143467,-4.2758266981350906e-05,2.5032611475404155e-06,-0.00011831403949652475,-2.7091574031155853e-05,0.1727009225450778,-5.019288782598207e-05,-1.3222926326325082e-05,0.52846397005423,0.00016116648118324342,4.9124901061309475e-05
137,True,1.380000000000001,6.241078125244311,False,False,4.001372409892334e-08,False,26.89558401471004,-0.15,0.0,-0.73304,-0.58496,-0.50477,-0.4000000000000001,0.0,0.0,0.0,0.0,0.0,0.17,0.0,0.0,0.52333,0.0,0.0,-0.15000003341789245,-8.084273867524361e-09,-0.7330400139403014,-0.5849600057393571,-0.504770001026066,-0.4000000074668148,-3.289722475820992e-10,-8.551618819948063e-11,5.006463858695106e-12,-2.366275471328864e-10,-5.418293068786017e-11,0.17000000540183421,-1.0038565854633306e-10,-2.6445749185503723e-11,0.5233300102679166,3.223315801553425e-10,9.824939420247179e-11,-0.16670723365720017,-0.0040431551708067955,-0.7400111563745723,-0.5878306070031623,-0.5052837885968059,-0.4037345258777194,-0.0001646420692083173,-4.28206311478159e-05,2.5079236827864755e-06,-0.00011831083084328914,-2.7130493669381706e-05,0.1727020523428783,-5.014681675317713e-05,-1.3241007928340128e-05,0.5284650663285574,0.0001614295317825761,4.920025214979956e-05
138,True,1.390000000000001,6.241083645471605,False,False,4.001350258913078e-08,False,27.263667027000338,-0.15,0.0,-0.73304,-0.58496,-0.50477,-0.4000000000000001,0.0,0.0,0.0,0.0,0.0,0.17,0.0,0.0,0.52333,0.0,0.0,-0.15000003341440526,-8.08629154955276e-09,-0.7330400139422821,-0.5849600057412,-0.5047700010275731,-0.40000000746903697,-3.292830524036488e-10,-8.564091948624897e-11,5.0157895830241586e-12,-2.366211303094336e-10,-5.4260771775656606e-11,0.1700000054040938,-1.0029351444663676e-10,-2.6481913157236857e-11,0.5233300102701092,3.228576943552913e-10,9.840010024245865e-11,-0.1667055010384276,-0.004044146228015528,-0.740012129184231,-0.5878315110937213,-0.5052845276689426,-0.4037356177355452,-0.000164794798199278,-4.288185235070851e-05,2.5125079038459768e-06,-0.00011830790058005145,-2.71687159926147e-05,0.17270316314094836,-5.0101795850954935e-05,-1.3258789928319346e-05,0.5284661432996735,0.00016168757101220726,4.927411850767392e-05
139,True,1.400000000000001,6.241089072847546,False,False,4.0013252930343564e-08,False,26.93774999352172,-0.15,0.0,-0.73304,-0.58496,-0.50477,-0.4000000000000001,0.0,0.0,0.0,0.0,0.0,0.17,0.0,0.0,0.52333,0.0,0.0,-0.15000003341094,-8.088273707046456e-09,-0.7330400139442278,-0.5849600057430082,-0.5047700010290513,-0.40000000747122066,-3.295885171500281e-10,-8.576336479372299e-11,5.024958964976422e-12,-2.366152701966913e-10,-5.4337218179659674e-11,0.1700000054063154,-1.0020347074470417e-10,-2.6517477914146182e-11,0.5233300102722631,3.2337378562115153e-10,9.854783674756278e-11,-0.16670377930183733,-0.004045119836821604,-0.7400130847476691,-0.5878323981889126,-0.5052852525123656,-0.403736690700783,-0.00016494490501730967,-4.2941952120614346e-05,2.517015126148139e-06,-0.00011830524226142568,-2.720625406147422e-05,0.1727042552586571,-5.005780477625438e-05,-1.3276277793595025e-05,0.5284672013071638,0.00016194069236949028,4.9346528758460605e-05
140,True,1.410000000000001,6.24109440893346,False,False,4.001297581826188e-08,False,27.15066698146984,-0.15,0.0,-0.73304,-0.58496,-0.50477,-0.4000000000000001,0.0,0.0,0.0,0.0,0.0,0.17,0.0,0.0,0.52333,0.0,0.0,-0.1500000334074965,-8.090220967107986e-09,-0.733040013946139,-0.5849600057447825,-0.5047700010305011,-0.4000000074733666,-3.2988873736655364e-10,-8.588356717828148e-11,5.0339736859122974e-12,-2.366099539333113e-10,-5.441229604947052e-11,0.17000000540849963,-1.001154867084149e-10,-2.655245438126265e-11,0.5233300102743792,3.238800407880625e-10,9.869266097043512e-11,-0.16670206837907464,-0.004046076305349575,-0.7400140233704309,-0.5878332686087067,-0.5052859634011413,-0.40373774510010535,-0.00016509243662538695,-4.3000951578692194e-05,2.52144664302698e-06,-0.00011830284956794493,-2.724312068814995e-05,0.17270532901000638,-5.001482356220608e-05,-1.3293476888082248e-05,0.5284682406846425,0.0001621889876194029,4.941751097765423e-05
141,True,1.420000000000001,6.24109965526445,False,False,4.0012671821951766e-08,False,26.68729197466746,-0.15,0.0,-0.73304,-0.58496,-0.50477,-0.4000000000000001,0.0,0.0,0.0,0.0,0.0,0.17,0.0,0.0,0.52333,0.0,0.0,-0.15000003340407464,-8.092133942962099e-09,-0.7330400139480163,-0.5849600057465234,-0.5047700010319228,-0.40000000747547537,-3.301838071077638e-10,-8.600156888315157e-11,5.042838048759156e-12,-2.366051689425483e-10,-5.4486030999365475e-11,0.17000000541064714,-1.000295224255765e-10,-2.65868532955759e-11,0.523330010276458,3.2437664360118745e-10,9.883462905241943e-11,-0.16670036820221418,-0.004047015936276781,-0.7400149453526487,-0.5878341226670468,-0.5052866606040557,-0.40373878125453766,-0.0001652374391323747,-4.305887144448463e-05,2.5258037260924708e-06,-0.00011830071630371665,-2.7279328441151694e-05,0.17270638470372082,-4.9972832611280135e-05,-1.3310392474258706e-05,0.5284692617598559,0.00016243254682657104,4.948709270318631e-05
142,True,1.430000000000001,6.241104813349732,False,False,4.001234166967285e-08,False,27.30233402689919,-0.15,0.0,-0.73304,-0.58496,-0.50477,-0.4000000000000001,0.0,0.0,0.0,0.0,0.0,0.17,0.0,0.0,0.52333,0.0,0.0,-0.15000003340067428,-8.094013242629372e-09,-0.7330400139498603,-0.5849600057482315,-0.5047700010333173,-0.4000000074775477,-3.3047381853084333e-10,-8.611741134518505e-11,5.051552790012146e-12,-2.3660090285094505e-10,-5.4558448179446804e-11,0.1700000054127585,-9.99455387632668e-11,-2.662068518062327e-11,0.5233300102785002,3.2486377406519204e-10,9.897379607776233e-11,-0.16669867870375718,-0.00404793902692969,-0.7400158509891384,-0.5878349606719631,-0.5052873443847173,-0.40373979947955585,-0.00016537995780864455,-4.311573204357953e-05,2.5300876255954155e-06,-0.0001182988363941201,-2.731488964996831e-05,0.17270742264333658,-4.993181268855799e-05,-1.332702971510653e-05,0.5284702648547865,0.0001626714583867011,4.9555300945695436e-05
143,True,1.440000000000001,6.241109884673219,False,False,4.001198597478674e-08,False,26.27287502400577,-0.15,0.0,-0.73304,-0.58496,-0.50477,-0.4000000000000001,0.0,0.0,0.0,0.0,0.0,0.17,0.0,0.0,0.52333,0.0,0.0,-0.15000003339729526,-8.095859464589406e-09,-0.7330400139516716,-0.5849600057499076,-0.5047700010346848,-0.40000000747958414,-3.3075886205825335e-10,-8.623113522873965e-11,5.0601210652925115e-12,-2.3659714347477965e-10,-5.462957223498514e-11,0.1700000054148344,-9.986349711711218e-11,-2.6653960363430453e-11,0.5233300102805064,3.2534160898634555e-10,9.911021606683708e-11,-0.16669699981662892,-0.004048845869378521,-0.7400167405694941,-0.5878357829256832,-0.5052880150016568,-0.4037408000851823,-0.00016552003710140528,-4.3171553315125194e-05,2.5342995707862257e-06,-0.00011829720388354654,-2.734981640963735e-05,0.17270844312728842,-4.989174491512627e-05,-1.3343393676016747e-05,0.5284712502857547,0.00016290580905743213,4.96221621986016e-05
144,True,1.450000000000001,6.2411148706938055,False,False,4.001160543135426e-08,False,26.709457975812256,-0.15,0.0,-0.73304,-0.58496,-0.50477,-0.4000000000000001,0.0,0.0,0.0,0.0,0.0,0.17,0.0,0.0,0.52333,0.0,0.0,-0.15000003339393747,-8.097673186505117e-09,-0.7330400139534509,-0.5849600057515522,-0.5047700010360261,-0.4000000074815854,-3.310390268385175e-10,-8.634278039857399e-11,5.068545817616229e-12,-2.365938788471706e-10,-5.469942735724146e-11,0.17000000541687535,-9.978335986529727e-11,-2.66866889694293e-11,0.5233300102824774,3.258103219454158e-10,9.924394198969604e-11,-0.1666953314741758,-0.0040497367505302195,-0.74001761437818,-0.5878365897247425,-0.5052886727084237,-0.4037417833760802,-0.00016565772064975294,-4.322635481920206e-05,2.538440770267661e-06,-0.00011829581293318112,-2.738412058522721e-05,0.1727094464489956,-4.985261076159025e-05,-1.3359489326657187e-05,0.5284722183635174,0.00016313568398861736,4.968770244798802e-05
145,True,1.460000000000001,6.241119772845899,False,False,4.001120049707066e-08,False,26.71800000825897,-0.15,0.0,-0.73304,-0.58496,-0.50477,-0.4000000000000001,0.0,0.0,0.0,0.0,0.0,0.17,0.0,0.0,0.52333,0.0,0.0,-0.15000003339060075,-8.099454988641508e-09,-0.7330400139551985,-0.5849600057531658,-0.5047700010373416,-0.4000000074835519,-3.3131439998728036e-10,-8.645238600793904e-11,5.076828988382812e-12,-2.3659109729939204e-10,-5.4768037286855205e-11,0.170000005418882,-9.970508984679261e-11,-2.6718880944480677e-11,0.5233300102844135,3.262700831892489e-10,9.937502588126725e-11,-0.1666936736101631,-0.004050611952219775,-0.7400184726946223,-0.5878373813600908,-0.5052893177536835,-0.4037427496516459,-0.00016579305129944455,-4.328015574405354e-05,2.5425124123416574e-06,-0.00011829465781882474,-2.7417813816233368e-05,0.17271043289694601,-4.981439204170508e-05,-1.3375321542804457e-05,0.5284731693933665,0.00016336116675204723,4.9751947182294395e-05
146,True,1.470000000000001,6.241124592539738,False,False,4.0010771956760503e-08,False,27.0117920008488,-0.15,0.0,-0.73304,-0.58496,-0.50477,-0.4000000000000001,0.0,0.0,0.0,0.0,0.0,0.17,0.0,0.0,0.52333,0.0,0.0,-0.15000003338728501,-8.1012054304469e-09,-0.7330400139569151,-0.584960005754749,-0.5047700010386317,-0.4000000074854845,-3.315850672378287e-10,-8.655999038338158e-11,5.084972947166932e-12,-2.365887875150838e-10,-5.4835425290127374e-11,0.1700000054208549,-9.962865074082542e-11,-2.6750546037933808e-11,0.5233300102863156,3.2672105992892497e-10,9.950351863129018e-11,-0.1666920261587719,-0.0040514717512999026,-0.7400193157932969,-0.5878381581171976,-0.5052899503813114,-0.4037436992061004,-0.00016592607111740217,-4.333297491317874e-05,2.546515665350324e-06,-0.000118293732928756,-2.745090752089056e-05,0.17271140275477917,-4.9777070906122236e-05,-1.3390895108140761e-05,0.5284741036752246,0.00016358233937062278,4.981492140182487e-05
147,True,1.480000000000001,6.241129331161882,False,False,4.0010320342717116e-08,False,26.700416987296194,-0.15,0.0,-0.73304,-0.58496,-0.50477,-0.4000000000000001,0.0,0.0,0.0,0.0,0.0,0.17,0.0,0.0,0.52333,0.0,0.0,-0.15000003338399007,-8.102925061828636e-09,-0.7330400139586014,-0.5849600057563026,-0.504770001039897,-0.40000000748738357,-3.3185111267004103e-10,-8.666563122125591e-11,5.092980451484348e-12,-2.3658693808301795e-10,-5.490161422000688e-11,0.17000000542279461,-9.955400687714422e-11,-2.6781693817872865e-11,0.5233300102881843,3.271634161229175e-10,9.962947032990518e-11,-0.16669038905459682,-0.004052316419729176,-0.7400201439438185,-0.5878389202761554,-0.5052905708304848,-0.40374463232857843,-0.0001660568214059504,-4.338483079228993e-05,2.55045167801118e-06,-0.00011829303276163328,-2.748341290040232e-05,0.17271235630136755,-4.9740629836249475e-05,-1.3406214716016163e-05,0.5284750215037399,0.0001637992823469904,4.987664962807474e-05
148,True,1.490000000000001,6.24113399007555,False,False,4.000984623821794e-08,False,26.31066698813811,-0.15,0.0,-0.73304,-0.58496,-0.50477,-0.4000000000000001,0.0,0.0,0.0,0.0,0.0,0.17,0.0,0.0,0.52333,0.0,0.0,-0.15000003338071585,-8.104614437898228e-09,-0.7330400139602578,-0.584960005757827,-0.5047700010411379,-0.4000000074892498,-3.32112618981438e-10,-8.676934542509347e-11,5.100853007783157e-12,-2.365855381476203e-10,-5.4966626468656724e-11,0.1700000054247017,-9.948112310726983e-11,-2.6812333671116968e-11,0.5233300102900199,3.275973128023541e-10,9.975292996272167e-11,-0.16668876223264323,-0.004053146224658578,-0.740020957411026,-0.5878396681117809,-0.505291179335773,-0.40374554930321643,-0.00016618534271679376,-4.343574149613685e-05,2.554321579746793e-06,-0.0001182925519244341,-2.7515340943089448e-05,0.17271329381089692,-4.9705051638222065e-05,-1.3421284971177014e-05,0.5284759231683787,0.00016401207469164775,4.9937155912878894e-05
149,True,1.500000000000001,6.24113857062103,False,False,4.0009350201590324e-08,False,26.799499988555908,-0.15,0.0,-0.73304,-0.58496,-0.50477,-0.4000000000000001,0.0,0.0,0.0,0.0,0.0,0.17,0.0,0.0,0.52333,0.0,0.0,-0.15000003337746218,-8.106274081674802e-09,-0.7330400139618847,-0.5849600057593227,-0.5047700010423549,-0.4000000074910838,-3.3236966716192196e-10,-8.687116922757561e-11,5.108593749661748e-12,-2.365845768397641e-10,-5.503048400811155e-11,0.1700000054265767,-9.940996516363734e-11,-2.6842474808302388e-11,0.5233300102918234,3.2802290804391163e-10,9.987394565476359e-11,-0.1666871456283248,-0.004053961428516513,-0.7400217564550673,-0.5878404018937146,-0.5052917761272273,-0.4037464504092391,-0.00016631167486473746,-4.3485724795200855e-05,2.5581264810089175e-06,-0.00011829228513043325,-2.7546702428459172e-05,0.17271421555294486,-4.9670319436983135e-05,-1.3436110391461136e-05,0.528476808953516,0.00016422079395053056,4.999646384738566e-05
150,True,1.5100000000000011,6.241143074116103,False,False,4.0008832831751054e-08,False,26.85608295723796,-0.15,0.0,-0.73304,-0.58496,-0.50477,-0.4000000000000001,0.0,0.0,0.0,0.0,0.0,0.17,0.0,0.0,0.52333,0.0,0.0,-0.15000003337422896,-8.107904524851106e-09,-0.7330400139634828,-0.5849600057607903,-0.5047700010435486,-0.40000000749288595,-3.3262233700877275e-10,-8.697113818375733e-11,5.116203966727781e-12,-2.365840436426882e-10,-5.5093208413994595e-11,0.1700000054284202,-9.934049921913896e-11,-2.6872126263882538e-11,0.5233300102935949,3.284403569969209e-10,9.999256458237795e-11,-0.16668553917746082,-0.004054762289092351,-0.7400225413314819,-0.587841121886518,-0.5052923614304666,-0.4037473359210441,-0.00016643585694115756,-4.3534798122261206e-05,2.561867473597105e-06,-0.00011829222719721715,-2.7577507931196263e-05,0.17271512179255838,-4.9636416670471526e-05,-1.345069540946048e-05,0.5284776791385262,0.00016442551623208917,5.005459657085925e-05
151,True,1.5200000000000011,6.241147501856357,False,False,4.0008294610686136e-08,False,27.163334016222507,-0.15,0.0,-0.73304,-0.58496,-0.50477,-0.4000000000000001,0.0,0.0,0.0,0.0,0.0,0.17,0.0,0.0,0.52333,0.0,0.0,-0.15000003337101603,-8.109506280037926e-09,-0.7330400139650526,-0.5849600057622303,-0.5047700010447193,-0.400000007494657,-3.328707065845468e-10,-8.70692871439622e-11,5.123686854413052e-12,-2.3658392809384164e-10,-5.5154820821471957e-11,0.17000000543023266,-9.927269216495086e-11,-2.6901296899516113e-11,0.5233300102953353,3.288498117207366e-10,1.0010883304099752e-10,-0.1666839428162737,-0.004055549059618453,-0.7400233122912833,-0.58784182834977,-0.5052929354667639,-0.4037482061082858,-0.00016655792732722354,-4.358297857883602e-05,2.5655456309720232e-06,-0.00011829237304473559,-2.7607767825077785e-05,0.17271601279032991,-4.9603327083914884e-05,-1.3465044374151806e-05,0.5284785339978697,0.00016462631623386575,5.01115767793142e-05
152,True,1.5300000000000011,6.24115185511561,False,False,4.0007736174991314e-08,False,26.461917033884674,-0.15,0.0,-0.73304,-0.58496,-0.50477,-0.4000000000000001,0.0,0.0,0.0,0.0,0.0,0.17,0.0,0.0,0.52333,0.0,0.0,-0.15000003336782328,-8.111079853774517e-09,-0.7330400139665946,-0.5849600057636433,-0.5047700010458673,-0.40000000749639736,-3.3311485265075796e-10,-8.716565030799251e-11,5.131043138624795e-12,-2.3658422020501196e-10,-5.521534199640337e-11,0.17000000543201466,-9.920651155632303e-11,-2.6929995421007746e-11,0.5233300102970451,3.292514216455232e-10,1.0022279638415444e-10,-0.16668235648138652,-0.004056321988850776,-0.7400240695810387,-0.5878425215381594,-0.5052934984531293,-0.40374906123595694,-0.00016667792370687954,-4.363028294150008e-05,2.569162008563486e-06,-0.0001182927176933888,-2.7637492286812856e-05,0.1727168888024723,-4.9571034724226224e-05,-1.3479161552496039e-05,0.5284793738011805,0.0001648232672685804,5.016742673398483e-05
153,True,1.5400000000000011,6.241156135146239,False,False,4.000715800187265e-08,False,26.906499988399446,-0.15,0.0,-0.73304,-0.58496,-0.50477,-0.4000000000000001,0.0,0.0,0.0,0.0,0.0,0.17,0.0,0.0,0.52333,0.0,0.0,-0.1500000333646506,-8.112625743926516e-09,-0.7330400139681091,-0.5849600057650297,-0.5047700010469933,-0.4000000074981076,-3.333548506678774e-10,-8.726026125223428e-11,5.138276789829952e-12,-2.365849098795664e-10,-5.527479226419144e-11,0.17000000543376667,-9.914192538896258e-11,-2.695823035628515e-11,0.5233300102987247,3.296453335722548e-10,1.0033449917933425e-10,-0.16668078010982038,-0.004057081321148032,-0.7400248134429479,-0.5878432017015784,-0.5052940506023926,-0.4037499015644692,-0.0001667958830795876,-4.367672766808208e-05,2.5727176440733234e-06,-0.00011829325626214922,-2.7666691299808876e-05,0.17271775008089238,-4.953952393450217e-05,-1.3493051131006932e-05,0.5284801988133501,0.00016501644128973499,5.022216826963311e-05
154,True,1.5500000000000012,6.241160343179593,False,False,4.000656062386411e-08,False,27.126041997689754,-0.15,0.0,-0.73304,-0.58496,-0.50477,-0.4000000000000001,0.0,0.0,0.0,0.0,0.0,0.17,0.0,0.0,0.52333,0.0,0.0,-0.1500000333614978,-8.11414444228803e-09,-0.733040013969597,-0.5849600057663901,-0.5047700010480977,-0.40000000749978826,-3.3359077455138823e-10,-8.735315288899972e-11,5.145388799057069e-12,-2.36585987400343e-10,-5.533319162158998e-11,0.17000000543548924,-9.907890236330805e-11,-2.6986010084198236e-11,0.5233300103003747,3.3003169121192943e-10,1.0044398507245067e-10,-0.166679213638992,-0.004057827296549447,-0.7400255441149204,-0.5878438690852125,-0.5052945921232836,-0.4037507273497327,-0.0001669118417728372,-4.372232890374357e-05,2.5762135577731682e-06,-0.00011829398396671845,-2.7695374657865687e-05,0.17271859687326319,-4.9508779348620884e-05,-1.3506717217289552e-05,0.5284810092946117,0.0001652059089167444,5.027582280269788e-05
155,True,1.5600000000000012,6.241164480426274,False,False,4.0005944599918784e-08,False,27.09383296314627,-0.15,0.0,-0.73304,-0.58496,-0.50477,-0.4000000000000001,0.0,0.0,0.0,0.0,0.0,0.17,0.0,0.0,0.52333,0.0,0.0,-0.15000003335836487,-8.115636425040651e-09,-0.7330400139710583,-0.5849600057677249,-0.5047700010491807,-0.4000000075014398,-3.33822696942836e-10,-8.744435750718477e-11,5.152381525292906e-12,-2.365874431450475e-10,-5.539055964183634e-11,0.17000000543718283,-9.901741180999048e-11,-2.701334282266066e-11,0.5233300103019958,3.304106359445103e-10,1.0055129691659455e-10,-0.1666776570067112,-0.004058560150851164,-0.7400262618306518,-0.5878445239296286,-0.5052951232205112,-0.40375153884323356,-0.00016702583545442597,-4.3767102486941706e-05,2.579650752797217e-06,-0.00011829489611771747,-2.772355196879892e-05,0.17271942942309543,-4.947878588593784e-05,-1.3520163841549219e-05,0.5284818055006214,0.0001653917394596034,5.0328411339288345e-05
156,True,1.5700000000000012,6.241168548076569,False,False,4.000531032889018e-08,False,26.923792029265314,-0.15,0.0,-0.73304,-0.58496,-0.50477,-0.4000000000000001,0.0,0.0,0.0,0.0,0.0,0.17,0.0,0.0,0.52333,0.0,0.0,-0.15000003335525158,-8.117102164896528e-09,-0.7330400139724937,-0.5849600057690345,-0.504770001050243,-0.4000000075030628,-3.3405068929114393e-10,-8.753390677226913e-11,5.159256703684455e-12,-2.3658926784375124e-10,-5.544691554580216e-11,0.1700000054388479,-9.89574235475319e-11,-2.7040236621873556e-11,0.5233300103035883,3.3078230619550987e-10,1.0065647671104756e-10,-0.16667611015117845,-0.004059280115681283,-0.740026966819698,-0.5878451664708628,-0.5052956440948406,-0.4037523362921104,-0.0001671378991445154,-4.38110639552782e-05,2.5830302154300692e-06,-0.00011829598811891081,-2.7751232657993974e-05,0.17272024796980706,-4.944952874607789e-05,-1.3533394958071472e-05,0.5284825876825394,0.00016557400094309812,5.037995448302513e-05
157,True,1.5800000000000012,6.241172547300713,False,False,4.000465835105542e-08,False,26.441207970492542,-0.15,0.0,-0.73304,-0.58496,-0.50477,-0.4000000000000001,0.0,0.0,0.0,0.0,0.0,0.17,0.0,0.0,0.52333,0.0,0.0,-0.15000003335215784,-8.118542125026829e-09,-0.7330400139739037,-0.5849600057703197,-0.5047700010512847,-0.4000000075046577,-3.3427482147314197e-10,-8.762183175342131e-11,5.1660158898077235e-12,-2.3659145214521057e-10,-5.5502278174888314e-11,0.17000000544048502,-9.889890791622662e-11,-2.7066699389736515e-11,0.5233300103051526,3.3114683830335126e-10,1.0075956567582103e-10,-0.1666745730109824,-0.0040599874185735674,-0.740027659307549,-0.5878457969405056,-0.5052961549431698,-0.40375311993922947,-0.00016724806722746594,-4.385422855123665e-05,2.5863529153897905e-06,-0.00011829725546546253,-2.7778425971892044e-05,0.17272105274879238,-4.9420993403821705e-05,-1.3546414446673619e-05,0.5284833560871084,0.00016575276013056965,5.043047244273151e-05
158,True,1.5900000000000012,6.264417478618693,False,False,1.1119872090243323,False,39.899209048599005,-0.0,-0.8726646259971648,0.44427287106152996,-0.20943951023931884,-0.3490658503988659,0.01685816874394165,0.4937974218585024,-0.008497438092712592,0.2185910836950443,0.3329947022380133,0.2360326257892199,0.2246407375462859,0.3216263940997505,0.32716859730596753,0.20861555624200157,-0.1713097546545607,0.5793202817258535,-0.08333745317973086,-0.43835999370928674,-0.3700138296537745,-0.39864303199544215,-0.42718115890100994,-0.19886650753327753,0.24681459293195543,-0.004270637707064957,0.08786132940735,0.16582086699555934,0.11800218762169189,0.22828565316749683,0.16078816477832933,0.16357719826427108,0.3685497762903054,-0.08557182947205055,0.28968477683045535,-0.16275974713513516,-0.037157256020665316,-0.7136151068170373,-0.5728209559628952,-0.4991361862646138,-0.3890522269571834,0.01897230723829437,-0.00046847646050013304,0.006307918998280794,0.0126990591650479,0.009167239047330824,0.176931458806952,0.012301979530162488,0.012766348392332318,0.5170996228923271,-0.006376401896772803,0.02296647956698888
159,True,1.6000000000000012,6.304367405101844,False,False,1.1280530069523556,False,42.92604100191966,-0.0,-0.8726646259971648,0.45455705073676117,-0.20943951023931925,-0.3490658503988659,0.015195974304250024,0.46462389278890887,-0.0028154649559171668,0.22694567817942102,0.3041245259546407,0.2661223171427247,0.24282823738579767,0.30669059989330294,0.3131193127713806,0.22838449121257562,-0.17503192099793502,0.5687073127933918,-0.08138003632698922,-0.45490862801031096,-0.35680755340851866,-0.39113059648182624,-0.4241011684017756,-0.27963067876860326,0.2415901215836073,-0.0016419683612248482,0.08414572970690859,0.15513708353876263,0.13764452114046358,0.22274574549912923,0.15949599532316386,0.1629425302294928,0.4957684186460838,-0.08521456218641148,0.29583635044044854,-0.15522999096910903,-0.09835327499709555,-0.664019047924174,-0.5458106532581218,-0.4880058183336672,-0.36798532553201285,0.052878815323634996,-0.0008895319645233629,0.01770422186462939,0.03490586859735469,0.02714163151830126,0.18429749005037344,0.03445732389648064,0.03551115960704865,0.5057091726979216,-0.01808016562961148,0.06409658732579894
160,True,1.6100000000000012,6.347578965120046,False,False,1.0627628819291532,False,43.08066703379154,-0.0,-0.8726646259971648,0.45738686111998816,-0.2094395102393194,-0.3490658503988659,-0.0015094885465799567,0.46581948266947837,-0.02267059891682839,0.2281039709699675,0.3170051600395512,0.2582175982776555,0.2561088940933172,0.32052900854705724,0.28428318651877105,0.2484777028688778,-0.15557314440685455,0.5396221902166768,-0.07761515071423503,-0.4855066374985478,-0.332009523962087,-0.3776254181191909,-0.4185359733059566,-0.26211930218641377,0.2594852062003526,-0.011780043659652486,0.09270710772756412,0.17282674852208632,0.14267938382247378,0.22844231467600346,0.17749288023303061,0.15989692429138047,0.48425379918490064,-0.08213543534393734,0.3018589132465861,-0.1462574182043377,-0.16751651709702697,-0.6073021695008181,-0.515991897977462,-0.4756647670845657,-0.3481277611726826,0.09014714712945164,-0.0018844586117173242,0.030637866469802315,0.05939471987051294,0.047741002842593076,0.19247730099918087,0.05950239395145653,0.059383626550834956,0.49944486933934035,-0.030319397133721462,0.1083965934980958
161,True,1.6200000000000012,6.391114171455122,False,False,0.9983179583372301,False,44.19149999739602,-0.0,-0.8726646259971648,0.45785372346987757,-0.20943951023931942,-0.3490658503988659,-0.00735173548122508,0.4496786120739577,-0.0062722116859746345,0.23681309839062076,0.2847367579317818,0.28727916390750746,0.2773377536260151,0.3021595738146463,0.3022998793507038,0.2669188756147971,-0.15316325611550907,0.5386790253886724,-0.07312885535929456,-0.5200882585485135,-0.30365108475041136,-0.36271601066016534,-0.4123654353403793,-0.24324727600558171,0.27029013902170684,-0.00407833076110168,0.10606266836139117,0.16904932716229534,0.16750984383736825,0.23729915365679904,0.1808307412941564,0.18084151003500237,0.4797145167883006,-0.08765591190877436,0.3235373791618127,-0.13696157565917003,-0.2360274277661937,-0.5506753655582698,-0.48694767573310666,-0.46360714843428463,-0.32892600055935617,0.12599263886875117,-0.002752005411226882,0.044147231068321864,0.08238237214915796,0.06915623214004041,0.2009799913446313,0.08380142296506149,0.08246356425248486,0.4953085677891087,-0.04170101796826269,0.15068716349087816
162,True,1.6300000000000012,6.43399040820639,False,False,0.9435628525546649,False,44.1593750147149,-0.0,-0.8726646259971648,0.45785372346987757,-0.20943951023931942,-0.3490658503988659,-0.00735173548122508,0.4496786120739577,-0.0062722116859746345,0.23681309839062076,0.2847367579317818,0.28727916390750746,0.2773377536260151,0.3021595738146463,0.3022998793507038,0.2669188756147971,-0.15316325611550907,0.5386790253886724,-0.06848092479088677,-0.5543437138830969,-0.275337682779135,-0.34819387049382355,-0.4063366139576442,-0.22928489078707745,0.2883829168967261,-0.004512105028401524,0.11175253098198437,0.18062799782082048,0.1782174799012784,0.2468706937602494,0.19269512191200067,0.19238150196571888,0.4775223835730856,-0.09347620984504296,0.3446827064486893,-0.12777476757206177,-0.3004096037133487,-0.4972083228485595,-0.45995724117844516,-0.45237971927401566,-0.3103830210888875,0.1589138083411404,-0.0031938962814959393,0.0573611280418755,0.10284401322713933,0.09019479236650807,0.2097227341430595,0.1060345874588144,0.10424166366855271,0.4922126703998329,-0.052089544724171356,0.18969682861892895
163,True,1.6400000000000012,6.470735922007759,False,False,0.8998851648501959,False,47.850499977357686,-0.0,-0.8726646259971648,0.4650945924031731,-0.20943951023931948,-0.3490658503988659,-0.009798809640042129,0.43239050168614984,0.034670234996924496,0.23128036092912457,0.26264399177754866,0.3280727851680888,0.27496767213125023,0.2901364436795307,0.32369727458628167,0.2689969391307958,-0.1805657075931251,0.5442179575685556,-0.06388751156054293,-0.5865348018566743,-0.24860416142427985,-0.33469862622611224,-0.40072288815010304,-0.22226845060678313,0.2963664211262065,0.01573813149365873,0.10830906147608425,0.17938477035453887,0.2091335508897814,0.24031681829051674,0.1973254274309309,0.21396924967224518,0.4652353718860476,-0.11632749773249593,0.3669570385733224,-0.11894619438781577,-0.35946308425920537,-0.44802321200344514,-0.4353578245683219,-0.44213634346388037,-0.29312383697281935,0.18811544062313865,-0.0019067410857113722,0.06897803208772389,0.1202302126377551,0.11146511422367358,0.21750399891242617,0.12564896237078527,0.12508831146325902,0.48890952422688616,-0.06286498016976903,0.22538363126180339
164,True,1.6500000000000012,6.503407623002214,False,False,0.880795992842995,False,46.96125001646578,-0.0,-0.8726646259971648,0.4602023580319405,-0.20943951023931956,-0.3490658503988659,0.00010128391904934766,0.42306705564286373,0.08642442348198576,0.24646096909057583,0.1951187885292509,0.48191125458995404,0.2756687344262409,0.24248893927776283,0.4258885867161696,0.2788451617716832,-0.256854678853005,0.6488096142598755,-0.059473216139864366,-0.6160615420999926,-0.2240116060017226,-0.32239889332168326,-0.39560119000168004,-0.20133372602940366,0.3063290544158668,0.04225875286714927,0.12602833127188184,0.1546484542048838,0.29668781396141425,0.2523380277693581,0.1837076612924101,0.2754881482900406,0.46717886711222767,-0.1577121680248959,0.4370961993357032,-0.11065754511657216,-0.41298877457657523,-0.40335741710451345,-0.413120682524671,-0.43287407401592803,-0.27651695853307856,0.21345784495383166,0.002760795311602625,0.07977888028163044,0.132348715253754,0.13844918535597955,0.22463764643479167,0.14102146786525088,0.14881055916689082,0.48556245500958334,-0.07667208529935862,0.261945434812439
165,True,1.6600000000000013,6.534268551518494,False,False,0.8243421999893893,False,47.733374987728894,-0.0,-0.8726646259971648,0.44850409931406937,-0.20943951023931956,-0.3490658503988659,0.0020999416184029397,0.43260845227109995,0.0892909702822643,0.2495913358246991,0.22220162285252956,0.45381175385070743,0.2776227682465172,0.25208276165416404,0.4215245574716272,0.280351953120028,-0.25248421992510395,0.6376111184188519,-0.05532888321560989,-0.6428243872656612,-0.20167870855225675,-0.3112803000627602,-0.390970046015453,-0.1864643362847808,0.32376576633058046,0.04602579626693155,0.13486933772739532,0.17446083994448813,0.2961301542414057,0.2584349780527762,0.19630431794841685,0.2851672856058061,0.4637143908805212,-0.16175198229728588,0.449777900950713,-0.10273233830731832,-0.4612154751645367,-0.3630818999521765,-0.39309211568026103,-0.4245329286000668,-0.2601478410457914,0.2360319147067204,0.009565560342715548,0.0903389628576934,0.14148568579843135,0.16789619603624287,0.2315935959086639,0.153331561378057,0.1740443254348636,0.4823849970040194,-0.09202486470702599,0.29826647890699437
166,True,1.6700000000000013,6.56253580047004,False,False,0.7833097512794531,False,48.02141699474305,-0.0,-0.8726646259971648,0.44850409931406937,-0.20943951023931956,-0.3490658503988659,0.0020999416184029397,0.43260845227109995,0.0892909702822643,0.2495913358246991,0.22220162285252956,0.45381175385070743,0.2776227682465172,0.25208276165416404,0.4215245574716272,0.280351953120028,-0.25248421992510395,0.6376111184188519,-0.051366271885792,-0.666937737397571,-0.1815409499760884,-0.30126599661202846,-0.3867994649663936,-0.17461272575214398,0.3350727446755779,0.04942818558723942,0.1408229122230499,0.17918298137085306,0.3108536890284891,0.26140506051298823,0.20248987079913033,0.2977841939735083,0.4582154656364497,-0.16945871026120082,0.4679384593189623,-0.09512128310979044,-0.5045313391359199,-0.3268859967576735,-0.37507543147341754,-0.41703371637232295,-0.24425459819538115,0.256415373042064,0.0168477990935957,0.10040653017203142,0.149468262342798,0.19600568590740614,0.23815579185133426,0.1639201082158465,0.19828451732686161,0.4790940220804292,-0.10698975676628068,0.33212989373257396
167,True,1.6800000000000013,6.59397171421581,False,False,0.7993456406168488,False,39.88108300836757,-0.0,-0.8726646259971648,0.44121971510302377,-0.20943951023931956,-0.34906585039886584,-0.0006508259443180819,0.4551098341972732,0.07184647647451141,0.24712825777141456,0.26841021926084513,0.4222821890754753,0.2651744152061456,0.2715343581337835,0.43469502525156056,0.2739100216077749,-0.23796745270256386,0.630158581426822,-1.9024218571306317e-07,-0.5079470818692846,-0.2452462319354402,-0.24231786443112543,-0.34906598633432595,-0.08783491691356671,0.4566862102963728,0.07184636647737666,0.18347782242853897,0.2630205577122225,0.4222817365233741,0.2837021870469181,0.27110403379361336,0.43469455243149036,0.42075630469400305,-0.23278940823460287,0.6301579853706387,-0.08499929704764465,-0.5299377384068613,-0.3007381142051762,-0.35537407167333673,-0.40771488422386204,-0.22351874035033445,0.2835106920087258,0.025336535184680868,0.11247581260414168,0.1628114627808746,0.22961585455289132,0.24559187569587543,0.17818190139606258,0.23055087445149863,0.4731823894972325,-0.12518331676970246,0.37459327321061275
168,True,1.6900000000000013,6.628211407577201,False,False,0.7694767525569773,False,39.23387505346909,-0.0,-0.8726646259971647,0.44027518655727893,-0.20943951023931956,-0.34906585039886584,0.013918179908931556,0.45028015102716334,0.09265810290752319,0.2620089300229543,0.2518799614663108,0.4550296642770885,0.26848197419913405,0.2588538497208721,0.4571449220039259,0.27441899624669264,-0.24124693340808614,0.6465698924582152,-1.6999825412644665e-07,-0.5226180974763265,-0.2202128046660249,-0.2395842268877486,-0.3490659676966989,-0.07161288126289397,0.4519979222771576,0.092657968264657,0.19479317625607645,0.24642124788420314,0.45502921345037073,0.29012684053818044,0.2584281068327,0.4571444688167372,0.4160195921091471,-0.23643740253114848,0.6465693485060648,-0.07299845836735303,-0.5398518075967869,-0.28230998368612464,-0.33464895008829004,-0.39726061862957984,-0.19848990823866594,0.31451032869739065,0.03584626292443489,0.12652960616362993,0.17874841987138138,0.2684171327268854,0.25389049784781853,0.19396368387502708,0.2693549961545795,0.46500869498197067,-0.14535335194528437,0.4230805604789767
169,True,1.7000000000000013,6.655327156312952,False,False,0.7463609913318793,False,45.54679204011336,-0.0,-0.8726646259971647,0.42903176603972687,-0.20943951023931956,-0.34906585039886584,0.021690528667850276,0.43716856963151024,0.1081002808599325,0.26222587445232354,0.22220295567013343,0.4829470957624185,0.2630230190077223,0.255832923167093,0.4684783266248585,0.26970102611650343,-0.2402702592539869,0.6324056085981039,-1.4599662474801267e-07,-0.534492521345983,-0.2063615070705777,-0.23703388405720666,-0.3490659467882095,-0.07112998753486086,0.43923076040743203,0.10810013635218563,0.1780233922087215,0.21583991246876635,0.48294666670335057,0.26896520958341047,0.24507095424141886,0.46847792837899405,0.419054954990083,-0.24062121399348668,0.632405189948845,-0.06126744612554818,-0.5433937177614926,-0.2671601795062334,-0.3153652779940591,-0.3875154383631315,-0.17366286568281897,0.34230332111123546,0.04798911507482231,0.1391504962595532,0.1908851351908266,0.3082540868285916,0.2603507637427351,0.2069997458529636,0.30801336288828435,0.4567683236709809,-0.16451879229787814,0.4677687125809473
170,True,1.7100000000000013,6.671500579082882,False,False,0.7297157282230565,False,45.57233297964558,-0.0,-0.8726646259971647,0.42327650777953274,-0.20943951023931942,-0.34906585039886584,0.025120196905165783,0.4624527678181335,0.08549251600499293,0.2579146225150232,0.2534459379091931,0.45238907986213994,0.25674446198517237,0.27549674123898216,0.455118463346475,0.2428208170600515,-0.22358407480463482,0.61414753481491,-1.2253464717199014e-07,-0.5410010481280989,-0.19506982239581117,-0.23518220883965818,-0.349065927297888,-0.06310808397701578,0.4645655972258856,0.08549244099834108,0.1694898690076712,0.2471224877374259,0.45238879159273043,0.2576158756152158,0.264614396922183,0.45511816913686254,0.39677685233931337,-0.2240110753610767,0.6141472420578511,-0.050317062300665606,-0.5446861050681394,-0.2537186485612366,-0.2985707191052868,-0.3791761316976714,-0.1510435912485829,0.36703546770066975,0.05817160121686251,0.14852310165941254,0.20127090471366776,0.3424698723541595,0.2636746119183038,0.21838142664674678,0.34143916093050986,0.4478598993076169,-0.17993289544147506,0.5036552974757907
171,True,1.7200000000000013,6.676035471161338,False,False,0.7024779372339268,False,46.42991698347032,-0.0,-0.8726646259971647,0.40049055072709705,-0.20943951023931942,-0.34906585039886584,0.024566291724267744,0.4644502772725146,0.06196717241864224,0.24964114145173275,0.2979506002769862,0.4078278769748296,0.24167975709439152,0.27476435842333397,0.47110144276274746,0.2061667791340338,-0.21111305414420703,0.6111729901345858,-1.0063392334030974e-07,-0.5533000764202005,-0.18942723402504255,-0.233237666921539,-0.349065910619308,-0.05977206586399167,0.4665848141486345,0.06196716482751502,0.15311366288484957,0.29146966917615796,0.4078277462590818,0.23927549607147097,0.2633942072915598,0.4711011834387025,0.36833903091504855,-0.21158241021703672,0.6111727750996305,-0.040327610826634684,-0.546013586046733,-0.24164928227245355,-0.2844668764910508,-0.37237021382640095,-0.13133739897854352,0.38879236541389217,0.06364006758226258,0.1539220560396005,0.21430064878990424,0.36565365077904244,0.2635522448229608,0.228396927630352,0.36956564503082245,0.43669501766854796,-0.19044273294692438,0.5308170961719322
172,True,1.7300000000000013,6.669582736265487,False,False,0.6859613426099396,False,47.14349994901568,-0.0,-0.8726646259971647,0.3925366855493716,-0.20943951023931945,-0.34906585039886584,0.022959131795731873,0.4856821972574369,0.036242310025345524,0.2400195438204161,0.33073859482503365,0.3666908121871386,0.23090753635211714,0.2957621369579409,0.46789441628401685,0.18383975905212283,-0.1787477134825066,0.5770885196780948,-8.065506033883008e-08,-0.5590896016546353,-0.18153757905794912,-0.23207642647696392,-0.34906589700749946,-0.05322303958893081,0.48768788979611644,0.03624236482075105,0.14118374938307338,0.32441738624112315,0.36669081011281995,0.22484285921150493,0.28427028927415826,0.46789421962686767,0.3461812364996493,-0.17914802742333621,0.5770884271354328,-0.03138369696902068,-0.5480979771662774,-0.23071190047331497,-0.27292871821900117,-0.36698060918653674,-0.11447077296847034,0.40850727688871025,0.06369214114796475,0.15556123206090888,0.23115008107980392,0.3767179137729704,0.26021040221001923,0.2382208899332197,0.3925986756273397,0.4230775647517273,-0.19480882304481525,0.5484505384328956
173,True,1.7400000000000013,6.660236458833776,False,False,0.6762644271168239,False,54.7899579978548,-0.0,-0.8726646259971647,0.3925366855493716,-0.20943951023931945,-0.34906585039886584,0.022959131795731873,0.4856821972574369,0.036242310025345524,0.2400195438204161,0.33073859482503365,0.3666908121871386,0.23090753635211714,0.2957621369579409,0.46789441628401685,0.18383975905212283,-0.1787477134825066,0.5770885196780948,-6.276726840365177e-08,-0.5615146769825226,-0.17251898651205597,-0.23139050312541737,-0.34906588622831175,-0.058367636816626434,0.48559638134361605,0.03624236492489796,0.15914783106565789,0.31747902429784886,0.36669083224130167,0.23684460822384354,0.2836774725179947,0.4678942656928367,0.34887940687965546,-0.17897555223050626,0.5770884624022469,-0.023801163386641504,-0.5506859703733377,-0.2204969490464243,-0.26369701142737373,-0.36279928432470343,-0.10084049236836516,0.42570602867135043,0.06059260323287515,0.15617290077513046,0.24835972502066536,0.38010831032451164,0.2561289876054422,0.24756177025369597,0.4107455633649262,0.40928000761419725,-0.19494688475609354,0.5588573945847404
174,True,1.7500000000000013,6.65497187983662,False,False,0.6605567736963133,False,53.394083050079644,-0.0,-0.8726646259971647,0.390281132495182,-0.20943951023931948,-0.34906585039886584,0.026490686424775645,0.5412939434993387,-0.027031688976465996,0.24859113505529468,0.4160881119729608,0.23987906476613416,0.24211174253517187,0.3510333016543812,0.3657858933034532,0.20530848829137716,-0.13561935347530604,0.5153373022207304,-4.7602231559307207e-08,-0.5648021662277172,-0.1644242792767702,-0.2308762265025759,-0.3490658778656788,-0.04284311954097063,0.5412312240537778,-0.027031513728232058,0.1708851985469169,0.40453327659885574,0.23987934522406446,0.2471857786193162,0.33968860454997263,0.36578598322261346,0.35452301510096496,-0.13560890154721877,0.515337389260741,-0.01716430473708719,-0.5535504352369506,-0.2108259469005942,-0.2564326769759028,-0.35960131643851523,-0.08917616551688859,0.4441262625881013,0.051567699700709464,0.1577410527815861,0.2702163742803607,0.36996962018133905,0.2533628945864771,0.25998133797895434,0.41679206895190785,0.3974721114806892,-0.18992357050573022,0.5603334579858621
175,True,1.7600000000000013,6.650072801921455,False,False,0.6475453529952494,False,52.64720803825185,-0.0,-0.8726646259971647,0.385596736728079,-0.20943951023931945,-0.34906585039886584,0.023911486238931242,0.5151820564744722,-0.022060832527193923,0.2390510983255323,0.39728875436345135,0.2400301624165896,0.22721051773199658,0.3384209014176981,0.3762039631332191,0.18509705244909905,-0.1414849931613485,0.5183621141730318,-3.432854081553138e-08,-0.5689876637080941,-0.1572120354607486,-0.23050975604215107,-0.34906587146975576,-0.04182165258005523,0.5151300552371844,-0.022060685270423992,0.16039205275416987,0.38615036005992687,0.24003042229498536,0.23245389999725694,0.32698006483544384,0.37620404430926835,0.3307658000109807,-0.14128250693031244,0.5183621981155515,-0.011930935445076287,-0.5566618993587139,-0.20159642163154276,-0.25076997007216456,-0.3571767514269557,-0.07899528563757824,0.46100552695569413,0.039176040534293834,0.1592322058769922,0.29336637984512554,0.35069485348687957,0.2507831919435158,0.2733612898198444,0.4141658441013658,0.3862693730028111,-0.18217583464628076,0.5559294817981028
176,True,1.7700000000000014,6.644159160587763,False,False,0.6369780850986443,False,51.81141599314287,-0.0,-0.8726646259971647,0.385596736728079,-0.20943951023931945,-0.34906585039886584,0.023911486238931242,0.5151820564744722,-0.022060832527193923,0.2390510983255323,0.39728875436345135,0.2400301624165896,0.22721051773199658,0.3384209014176981,0.3762039631332191,0.18509705244909905,-0.1414849931613485,0.5183621141730318,-2.386182316495289e-08,-0.5710728939237205,-0.1491058911292051,-0.23045892572866705,-0.34906586662063543,-0.03593936495857556,0.515105827857702,-0.02206071005369275,0.1638037448921004,0.3864031201908892,0.24003038374552907,0.23159935225147238,0.3277532566246176,0.37620403905682914,0.3227157371471292,-0.14129094684956406,0.5183621893076168,-0.00825012526359715,-0.5598526363483931,-0.19271200395928517,-0.24641159844736993,-0.35535174860041546,-0.07011199363269577,0.47427769759470517,0.027085918503254952,0.1603860065958458,0.31369319397540046,0.3300355986357061,0.24795737383217692,0.2851508489838879,0.40876896636650006,0.3750825814145916,-0.17444308698754474,0.5498033806149163
177,True,1.7800000000000014,6.6377297525974965,False,False,0.6167319978491047,False,51.71145900385454,-0.0,-0.8726646259971647,0.370078524750592,-0.20943951023931948,-0.34906585039886584,0.020563327642033138,0.5131794056740092,0.0007738941204420875,0.24212782652489176,0.429141198608284,0.23524135171188576,0.22707453260111213,0.36053658895835955,0.3850060389152343,0.17423019954367105,-0.11397305891485975,0.504634865010623,-1.650021752737374e-08,-0.5796680325138925,-0.14498002274779984,-0.23009497231355389,-0.3490658629706371,-0.0319988244276147,0.513116067364135,0.0007739467443856028,0.16270448492036185,0.41900339941153714,0.2352415413000004,0.22813524510731117,0.3498779661704656,0.38500608644099416,0.3139119834578642,-0.11377356174967103,0.5046349553474736,-0.005561824626435768,-0.5634518814522582,-0.18439496876449835,-0.24305914486704522,-0.35398279577013675,-0.062272044826953366,0.4843825782054273,0.018344080393396238,0.16131117846822107,0.333025454166275,0.31085341833449365,0.24505273017143567,0.2966549826874225,0.4035737701046586,0.36420042362896177,-0.16546333595065726,0.5426152412115048
178,True,1.7900000000000014,6.632353770309086,False,False,0.5954337679166191,False,52.53449996234849,-0.0,-0.8726646259971645,0.35523212287714045,-0.20943951023931945,-0.3490658503988658,0.02962442493020862,0.5106683699128929,0.019346657964749228,0.244446188301711,0.4542975020532083,0.22329018523369493,0.22837773647050882,0.36916973555978,0.38897881543713964,0.1756848387673512,-0.10441891350534133,0.4850030805040336,-1.112362700735059e-08,-0.5880377914495113,-0.14107797516535048,-0.22980327129089526,-0.34906586023273684,-0.021961948172046754,0.5106061839183131,0.019346655959598096,0.16849405895382652,0.44446737247642043,0.22329036035981087,0.2308221872611775,0.35903479545002565,0.3889788446269906,0.31042642646619095,-0.1042242743786568,0.48500319572812456,-0.0035960763447655288,-0.5677802843742866,-0.1768225532188924,-0.24046624365275315,-0.35295809218370733,-0.05486418562141115,0.4917439638595652,0.014273229656069844,0.16241559222736182,0.35292987788668695,0.29338340859574863,0.2424992384942612,0.30827872938064865,0.3997265302998453,0.3540754597420175,-0.1551928168201286,0.5337708595861014
179,True,1.8000000000000014,6.626227761201423,False,False,0.5750614659989175,False,53.12404199503362,-0.0,-0.8726646259971644,0.3385040524702792,-0.20943951023931945,-0.34906585039886573,0.02520831915664297,0.5130601183373471,0.022874214807362486,0.24696286378233195,0.4414484037801157,0.23183913556455113,0.2152441708060705,0.3474910719934902,0.3934906463151545,0.15889867158919674,-0.09954642704145275,0.45686780764694185,-7.1921383054847354e-09,-0.5974304556347192,-0.13811040561537935,-0.22942706128084686,-0.34906585818333374,-0.019504123732666794,0.5130025141300387,0.02287419760542659,0.16281234209116105,0.4321178046276131,0.23183925865285102,0.2213826466662231,0.33750864780203127,0.39349065878689754,0.29334588399912304,-0.09935037470558411,0.4568679614527381,-0.002544779321061608,-0.5729593767559047,-0.17003940338335327,-0.23844131405282964,-0.3521922924895477,-0.047904271118004736,0.4971987261013623,0.013490252491030474,0.16327751728769976,0.37082981430262385,0.2788974769720096,0.23978637867290115,0.3173452838291859,0.39741553366171006,0.3439965094156209,-0.1448278988419716,0.5223279911096431
180,True,1.8100000000000014,6.6130056016269005,False,False,0.5609107431263388,False,58.33383300341666,-0.0,-0.8726646259971644,0.327133539004903,-0.2094395102393195,-0.3490658503988658,0.011218644852883965,0.5220526221650943,0.011059282254674653,0.23513168104434376,0.4305530235535908,0.22800205845884805,0.1876359786111424,0.3524483419825612,0.37724502670262605,0.12853669499492026,-0.07826459749194667,0.41139039980085856,-5.0895484623655896e-09,-0.605615946064165,-0.13478447488252546,-0.22894779786789485,-0.34906585665173745,-0.030578602075230967,0.5219947356382542,0.011059287116605402,0.1423546150509948,0.42122965772279874,0.2280021602494815,0.1987094475723594,0.3423873933102808,0.3772450670889449,0.2659835280774117,-0.07806259051044781,0.4113906216755975,-0.0022957707650303103,-0.5788898282164743,-0.1640090426973841,-0.23683803833386236,-0.3516226170881914,-0.0426431301257197,0.5020477145741065,0.013403729052449747,0.16230686656587265,0.3845924062736556,0.26737596995892443,0.2352961017909496,0.3238919856915432,0.3948924738207194,0.3323823844039661,-0.13376621109865292,0.5065039974930994
181,True,1.8200000000000014,6.5935937872657915,False,False,0.5401024019698855,False,71.13087503239512,-0.0,-0.8726646259971647,0.310474625544764,-0.2094395102393195,-0.34906585039886584,0.009837383537436128,0.5355944996828946,0.030942574372420106,0.23671752606863844,0.44134139117166166,0.22997731230661983,0.1815886792753978,0.3601586521689679,0.35750084762567014,0.1231544143588456,-0.06362588381783957,0.37030783133861384,-4.591532346172322e-09,-0.6170577240430839,-0.1336553371977362,-0.22804717802336189,-0.349065855512389,-0.026511610743357585,0.5355421161264144,0.030942539294799627,0.14130685468595833,0.4326296111464487,0.22997738715350868,0.1949461968151215,0.35050530530316026,0.35750092242080816,0.2573410523527288,-0.06342706185371905,0.37030810373040135,-0.0024448331352240615,-0.5856433430326351,-0.158798017628189,-0.23550577636113929,-0.3511995935493295,-0.038819746984763336,0.5074894022900451,0.01467494778767195,0.1598332770258479,0.3955375474658935,0.258405117446585,0.22939890666681506,0.329483110187504,0.39038833464765305,0.31973556077363,-0.12171960508282915,0.48577718053566815
182,True,1.8300000000000014,6.576043051213529,False,False,0.541685942816381,False,71.32529199589044,-0.0,-0.8726646259971644,0.3170612937869643,-0.20943951023931956,-0.3490658503988658,0.021541141638043007,0.5930588710906821,0.010183625765029562,0.2516957032514937,0.5017951751743338,0.17049233397530042,0.19162994005770256,0.41078227500844006,0.31674104286129956,0.12494510506272094,-0.020003015442271274,0.3232016453586838,-4.889656492201855e-09,-0.6178529346918639,-0.12663448715442893,-0.22798969804849006,-0.34906585466634354,-0.014859692466790947,0.5930060253320851,0.010183634747655643,0.15366667074142878,0.49304165745121664,0.17049250984059927,0.20564285821288644,0.401833472251952,0.3167411901694204,0.2663544907810149,-0.0204623705154814,0.3232019705091039,-0.0022915876618267083,-0.5924709842774138,-0.1540101107038971,-0.23443068012359916,-0.3508924926126628,-0.035033708474109186,0.517541103794571,0.015492280255440676,0.1578296273533323,0.409172497253426,0.24686025102081133,0.224172244939353,0.3383111598631255,0.38160203818399246,0.30841123735934006,-0.10674408602384731,0.4601944884139616
183,True,1.8400000000000014,6.56320709803726,False,False,0.5327973052065579,False,76.63645804859698,-0.0,-0.8726646259971643,0.31667618813220005,-0.20943951023931956,-0.3490658503988657,0.024645401619744232,0.6126878675382132,0.02162179013979309,0.24925062963078376,0.5414948386300209,0.14795434850802994,0.19016927872482065,0.4418060274461473,0.3092758822144822,0.12910446353677882,-0.00381633548099352,0.3274824750842441,-4.5831661577878935e-09,-0.6213793494292216,-0.12151036043431546,-0.22776146336371245,-0.3490658540521428,-0.01064768151609775,0.6126385088592448,0.02162177788079784,0.15585594423754118,0.5331353682617034,0.14795454628425891,0.2061669243502779,0.43343742187948797,0.30927602686095335,0.26334804386490823,-0.004244894026653123,0.3274827405077399,-0.0017728460041900502,-0.598851881017056,-0.14930046241044548,-0.23357993297685792,-0.350671609530809,-0.030933260423910654,0.5320654095651883,0.01609625021967799,0.1568688745254389,0.42773063509915105,0.23153211534333212,0.22024581120829254,0.3518271671942332,0.3699379411568077,0.2990325960445779,-0.08942541270264125,0.4341735097246828
184,True,1.8500000000000014,6.554948490680485,False,False,0.5320698351385054,False,82.09354098653421,-0.0,-0.8726646259971645,0.32384103749064563,-0.20943951023931948,-0.34906585039886573,0.026751646640987937,0.6362074233349131,0.00919066464632595,0.25189296175928144,0.5703114646199424,0.11793395581657007,0.19082869612128203,0.4648509767855073,0.2894646290759084,0.1297660211783892,0.018958677636588043,0.3224037166337633,-3.545684916679559e-09,-0.6216370976109603,-0.11479319912623445,-0.22777086665001717,-0.34906585361037756,-0.003505297477584164,0.636167369297469,0.009190678457469473,0.16063031037912207,0.5626529117883329,0.11793418274879969,0.20864356793257718,0.4619599371997563,0.28946478995859276,0.262645887749115,0.011912004022090736,0.31893878666777076,-0.0012159983874957374,-0.6044719710161355,-0.14444134878408568,-0.23291953485104203,-0.3505133296476571,-0.02645719387948766,0.5493415358344952,0.016059229405555438,0.15682829013685592,0.44999601375917625,0.21324635806480968,0.2175179666947568,0.36912073388305744,0.35663500487548827,0.29136671632921535,-0.07129950453955763,0.41053044176309667
185,True,1.8600000000000014,6.552728237499361,False,False,0.5313883275803412,False,85.9872919972986,-0.0,-0.8726646259971644,0.32994665710117815,-0.2094395102393195,-0.3490658503988658,0.03216299457428479,0.6475177278161041,0.00395022299677008,0.25829801933766705,0.5866029545934323,0.08812142562822682,0.19241842446662435,0.4827826537821733,0.26290570862557683,0.13034158549934866,0.039016904610317406,0.29415080296426255,-2.4319919110244587e-09,-0.6225032866906911,-0.10869419682571818,-0.22771705986610352,-0.3490658532938185,0.009644333244402767,0.647489716404685,0.003950247218496426,0.1714583671448537,0.5813642722673545,0.08712331866606302,0.21623913561921643,0.4763692910317377,0.26171405592051855,0.26535437296381853,0.027273607011536957,0.2941510357181996,-0.0009772516478818445,-0.6092067386819475,-0.13933469600453743,-0.23241054336308098,-0.3503991522250785,-0.021063185229635028,0.5675446933276301,0.014927575756610693,0.15813315132466288,0.47382215804692157,0.1923427205342513,0.21621435718006007,0.3882136522642918,0.34129729240790635,0.2854620840056176,-0.05312963055575535,0.3883430792773918
186,True,1.8700000000000014,6.5513719733911335,False,False,0.5319310114698231,False,86.38887497363612,-0.0,-0.8726646259971644,0.33693647767350055,-0.20943951023931942,-0.3490658503988658,0.03608355186454464,0.656587929755985,0.00960684685924729,0.2546735661383077,0.6038655480660169,0.06772028227153244,0.18591831220006055,0.4902069531431547,0.26200261550441106,0.12463447180188417,0.04605171422245047,0.29145361472160836,-1.954499386121189e-09,-0.6232083529901287,-0.10275792889982392,-0.2276470101115359,-0.3490658530654641,0.004745884071328123,0.6565519443207939,0.00960685748947687,0.1613816480082567,0.5959523706032906,0.06772053161479008,0.20484663503286768,0.48037776777673985,0.26200277411953005,0.2544657001097805,0.04542611100884688,0.2914538086052649,-0.0011881321405478394,-0.6131135810161368,-0.13401447556495366,-0.2320120088395454,-0.35031557916940453,-0.015741322937759008,0.585168872008079,0.013744480034294316,0.15955254686901812,0.49741142961368756,0.17013408118097528,0.21513802018267897,0.40673531404308977,0.32591279831960596,0.28026422701260373,-0.035058837143274534,0.36817652714679017
187,True,1.8800000000000014,6.549147525635265,False,False,0.529526765274853,False,88.03529100259766,-0.0,-0.8726646259971644,0.34130401052078385,-0.2094395102393194,-0.3490658503988658,0.04335764699002201,0.6371790253487811,0.01838446094998408,0.24922560734740704,0.596157943124875,0.055588487668786615,0.18745518968593278,0.4907708617150775,0.24629501653088867,0.12468892972029103,0.04626739069831721,0.2814747998009909,-2.376259529207267e-09,-0.6252225050112297,-0.09781882036366399,-0.227453478676469,-0.3490658528983183,0.008921442487303553,0.6371425052694597,0.01838445167845565,0.15950975695666866,0.5847251469524873,0.055588716682392014,0.20702557136094518,0.48074832498580544,0.2462951757593589,0.2518436854684327,0.045676546547458126,0.2814749731196822,-0.0020636491803554735,-0.6164042584144152,-0.128592245010263,-0.23167864221587384,-0.350252332037666,-0.010912673653305938,0.5993825705423544,0.013540995353545858,0.1603536372222288,0.5179082993763184,0.14833104096027386,0.2140482010585578,0.42308274690488157,0.3111045914609481,0.2753419820154857,-0.018403605357945517,0.3503150872349462
188,True,1.8900000000000015,6.5399661081224965,False,False,0.5200368681322157,False,86.58395800739527,-0.0,-0.8726646259971641,0.3367180234310155,-0.20943951023931923,-0.3490658503988658,0.04236201752883615,0.6425710974462769,0.01772663454353514,0.24747951064230822,0.6037530702103725,0.045247264533369275,0.185979323543467,0.5039198264871798,0.2240550929594565,0.12200469444835492,0.05648500865872591,0.26140652194011255,-4.127290107337062e-09,-0.6311383721924814,-0.09529861349968755,-0.22695578759157023,-0.34906585277182434,0.012013752581503497,0.642540517294161,0.017726626177367522,0.15833805647460128,0.5928887991970325,0.045247470657817146,0.20391819939500305,0.4961311169186107,0.22405526705321438,0.24761988913905206,0.05311980055918115,0.2614066997095518,-0.003380699569550311,-0.6195816097258474,-0.12337336544107212,-0.2313493088660617,-0.3502014105701631,-0.006450830181759172,0.6102455919604771,0.014010881389887285,0.1606898545682828,0.534987013197566,0.12797563766280198,0.21292752676790946,0.4378740584011088,0.2959064453948219,0.2706788124126766,-0.0036381512729895048,0.3335257201276726
189,True,1.9000000000000015,6.531820798871407,False,False,0.5125507909072073,False,86.01041696965694,-0.0,-0.8726646259971643,0.33275878660857744,-0.20943951023931917,-0.3490658503988658,0.046291711642196885,0.6478818532289514,0.018791203400528908,0.24985047390166013,0.6205787219008199,0.03384237948209548,0.18660757652998722,0.5170911842885956,0.20537982607913477,0.11936636864070255,0.07297934719725109,0.25086505877458715,-6.761385617625598e-09,-0.636619515195846,-0.09272197787084119,-0.22648975854429704,-0.3490658526699816,0.01345866662228231,0.6478544656814592,0.01879119379268594,0.16142410805061663,0.6086076390635137,0.033842568144482665,0.20566676209038082,0.5096102750762962,0.2053800071848017,0.2466088125406023,0.06897530757653624,0.2508652245676052,-0.004764310208292662,-0.6229854187560362,-0.11856135869236925,-0.23099602989536705,-0.35015959633731164,-0.002424803676821246,0.619108196789956,0.014752507471996858,0.1609505005899638,0.5502137076994387,0.10928704529652569,0.21193323899889502,0.4519727837393943,0.28000304571462653,0.2664205203756432,0.010172129798941955,0.31753222213607124
190,True,1.9100000000000015,6.525026566714717,False,False,0.5033713209428956,False,85.33112495206296,-0.0,-0.8726646259971643,0.32802675096902995,-0.2094395102393193,-0.3490658503988658,0.05535961524569107,0.6723096639622781,0.020791809355488803,0.25102010869795366,0.6409424530773757,0.02390607172251624,0.18762642415118416,0.5270023897589463,0.19193909281474794,0.122200150473383,0.09805294274212463,0.24143306192617317,-9.528601361934175e-09,-0.6421136987095811,-0.09034660613874881,-0.22603610616479702,-0.3490658525863533,0.019385252710098857,0.6722783753814727,0.02079179728057823,0.16545720196090058,0.6286381404949027,0.023906242474600797,0.20879974310554134,0.5200317519002637,0.19193926894172142,0.2472346971408687,0.0935647586640011,0.24143321406578513,-0.0059172120549158096,-0.6267185824834877,-0.11420823951697995,-0.23061851377854375,-0.3501258770986908,0.001458411021422029,0.6282103997137995,0.015698231746705916,0.16152738236903577,0.5650695245266129,0.09223237915773504,0.21139837164663242,0.4655062493138837,0.2639064530348887,0.26282595196328173,0.024510105449908497,0.30257884984861316
191,True,1.9200000000000015,6.520832650350764,False,False,0.496699861734024,False,85.304084001109,-0.0,-0.8726646259971644,0.3282441309792563,-0.20943951023931945,-0.3490658503988658,0.06027126324689556,0.6761160340432775,0.021772789160928615,0.253301184292666,0.6487288396085289,0.014222624901554449,0.19499705133629114,0.5531304306862687,0.16381365898082578,0.13077029076970784,0.11310877435949869,0.22107958486486012,-1.1834400443118398e-08,-0.6451796211754541,-0.08682924518807322,-0.2257738832528805,-0.3490658525189149,0.028031288392232553,0.6760872923727373,0.021772777010042835,0.17176212740140967,0.6373029116496468,0.014222780930514892,0.2134897804679745,0.5468686438886625,0.16381385916747554,0.24987473514231215,0.10831713831438569,0.22107974788775514,-0.006819673537446385,-0.6306049119741198,-0.11019139921350309,-0.2302421467584835,-0.35010049923053216,0.005716413963517164,0.6375988889333348,0.016774068414152247,0.16279325377177997,0.5795060382609488,0.07669634504691164,0.21150815196768524,0.4797015884763498,0.24687094860432135,0.2601384198504025,0.03950587970955491,0.28783489816282315
192,True,1.9300000000000015,6.5066018146171185,False,False,0.47871990578704166,False,85.46737500000745,-0.0,-0.8726646259971645,0.314307277531033,-0.2094395102393192,-0.3490658503988657,0.058836020948541436,0.6708872807449586,0.01928876133536005,0.2354454254575237,0.6227872023323617,0.013966680210101706,0.18370219920949257,0.5355495688576462,0.1577883974791447,0.11890012753739167,0.09493172982335517,0.21096838892929407,-1.3639319797718874e-08,-0.6539506548970563,-0.08663876943918483,-0.2251124683673337,-0.3490658524681592,0.024843708275588135,0.6708570919724879,0.019288756303289918,0.1608934215863951,0.6115760294852666,0.013966805678226446,0.20005418273202247,0.5298763921444295,0.15778857564480017,0.23365521855326948,0.08982294116574308,0.21096854266364645,-0.007925615559620262,-0.6348965965736592,-0.10659355433446062,-0.22983691594907224,-0.35007892968257337,0.009752574562482826,0.6457532830437187,0.01762614663291879,0.16367811682613828,0.5904726991498709,0.06323242721822096,0.21111327117606934,0.4922544258325386,0.2299153211378122,0.2570237616754961,0.05217126765112059,0.2733463384104039
193,True,1.9400000000000015,6.480489966230292,False,False,0.4654563342086668,False,84.24283296335489,-0.0,-0.8726646259971647,0.3050186492085626,-0.20943951023931937,-0.3490658503988658,0.05236380115035549,0.6555198147533364,0.023553762840617557,0.22911994201349534,0.6161205706295972,0.01650211424299625,0.17516799346277903,0.5298610096898037,0.15268682304685896,0.11348075328324388,0.09597239838166759,0.2137401117338527,-1.5851199422489692e-08,-0.6604592310429845,-0.08534000177037061,-0.22462982684599694,-0.3490658524250203,0.0231131163355712,0.6554951647087556,0.023553750981894897,0.15411835496179851,0.6056529114545091,0.01650220776167647,0.1918254456717639,0.5247558666033302,0.15268697751655816,0.22341470267050922,0.09064063056862337,0.21374023099022482,-0.009276929880974852,-0.6396956458811767,-0.10347658167150017,-0.22940119135927808,-0.3500607861585893,0.012993185293966808,0.6510888119911293,0.018546497911054376,0.163473059044847,0.597301780400729,0.05238139559460041,0.20947283548755674,0.5016529112787875,0.2143632391838007,0.2527006490445567,0.06175683297577933,0.26049376536101826
194,True,1.9500000000000015,6.452813651321811,False,False,0.4694135745467955,False,92.61300001526251,-0.0,-0.8726646259971647,0.31148260806222244,-0.20943951023931948,-0.34906585039886584,0.05746302796701233,0.6810090962638254,0.020655481451487614,0.23807388750019873,0.6349297925940688,0.01356284082890643,0.17630887989661442,0.538263619899623,0.14167394330533223,0.10861673917813616,0.12103111219965551,0.20831604943969378,-1.8553822653602503e-08,-0.6600400925520153,-0.08041380138913816,-0.22466207793036805,-0.3490658523887334,0.02769867589437936,0.6809853556149033,0.020655477232173525,0.15762403487180138,0.6240110039901726,0.013562918459972421,0.19468103333509035,0.5332181768725821,0.1416740886894669,0.22458494805646784,0.11499327319607607,0.20831615396956682,-0.010365923550931579,-0.644372337776903,-0.10053773547663189,-0.22900853052106268,-0.3500472693824026,0.01580205047875142,0.6560370824373852,0.01930568207195389,0.16282983083136995,0.6028149236063954,0.04370372593722464,0.2073751333446822,0.5091444209086222,0.20013506868453285,0.248049741696107,0.07089091658324662,0.2494744657882692
195,True,1.9600000000000015,6.424914535640671,False,False,0.46784029202706534,False,102.76095900917426,-0.0,-0.8726646259971645,0.315732623716258,-0.20943951023931937,-0.34906585039886573,0.05525261339859504,0.6810857988656677,0.009798110227123551,0.23110515449411895,0.6325295386468317,0.021109270051576763,0.17233467835538702,0.5488505916080327,0.12503388600174326,0.1053992510629073,0.13531587003407944,0.18349931356179805,-2.0731805636803324e-08,-0.6604377880310158,-0.07614145138029675,-0.22463646688910924,-0.3490658523616998,0.027283055691180273,0.6810651358436585,0.009798129243415587,0.1532600572790215,0.6221572270703226,0.02110931525956473,0.1891310998200275,0.5442671595431646,0.12503403621503947,0.21829726804594385,0.12905173312377333,0.18349944544909214,-0.011102655865164315,-0.6484772334896237,-0.097508194559783,-0.22869008684269496,-0.3500358533939094,0.018252323406247273,0.6612484849816066,0.01902107103927133,0.16187409270441694,0.6077002531332613,0.03740002634810828,0.20500509968548508,0.5161453884834318,0.18636036476620435,0.24335056489558754,0.08082222087485481,0.23831732289256882
196,True,1.9700000000000015,6.396115269777423,False,False,0.4713933749450886,False,101.84725001454353,-0.0,-0.8726646259971647,0.3245682109483442,-0.20943951023931942,-0.3490658503988657,0.05876159860017469,0.6912750194916016,0.011139810953290105,0.22912217568295407,0.6266528249904705,0.028246587062761303,0.17082510909782211,0.5525252812377891,0.12444077639124909,0.10143468337627604,0.13461196405520284,0.17292231964486213,-2.2205267324534872e-08,-0.6589883465960125,-0.07106490749804636,-0.22472820635695642,-0.3490658523388678,0.029254574298714697,0.6913593856215828,0.011139826715219531,0.15350652538116608,0.6158864908197208,0.0282466053677756,0.18743016432449996,0.5482542217763007,0.1244409002334864,0.2143607662282346,0.12795833319126887,0.17292245054881222,-0.011602628696565462,-0.6517771023548747,-0.09423543698550577,-0.22845107650454333,-0.3500252609773133,0.02040779887242376,0.666752362753558,0.018068587678510654,0.1607412157979757,0.6112128735554405,0.03365685676354001,0.20244179220961295,0.5228459884758299,0.17369144418022084,0.23862166064660695,0.09039644902551255,0.22663222222552576
197,True,1.9800000000000015,6.365476754947012,False,False,0.46522593223121517,False,99.57516699796543,-0.0,-0.8726646259971644,0.3223064762316432,-0.2094395102393194,-0.3490658503988658,0.0531289872722942,0.6751104314973202,0.014009163599927998,0.22654912135861419,0.6170137199566178,0.03826313632266242,0.16445937852403464,0.533940290111011,0.12837463359758908,0.0957719821129942,0.12170363914111551,0.1815750479352817,-2.320521098712891e-08,-0.6623385985935746,-0.06877765102917482,-0.2244530807700456,-0.3490658523176831,0.029063749374686934,0.675191348861379,0.014009171719365016,0.14904374312795576,0.607074667774256,0.038263127133232246,0.18125273058965707,0.5300908773875955,0.12837472424604868,0.20530544368598136,0.11488426748030825,0.1815751379078098,-0.012104640344811828,-0.6545608060364524,-0.09084671662489241,-0.2282433210503906,-0.350015234817198,0.02225793995197372,0.6708844172350034,0.017251402879936904,0.15933428816526993,0.6128834046410799,0.032374145960895204,0.19955346265845506,0.5274097128150883,0.16326215480605794,0.23357838199214923,0.09764416472563932,0.21639252349317897
198,True,1.9900000000000015,6.334091547953376,False,False,0.4543967615780185,False,99.47579202707857,-0.0,-0.8726646259971644,0.3158212496997214,-0.20943951023931937,-0.34906585039886573,0.05290183360695414,0.6817283857161687,0.01556407691475383,0.22512284201927432,0.6191486215085676,0.03958190394654555,0.16234867917592963,0.5316582360928231,0.12811587251932588,0.09941048901190663,0.11816503080698551,0.1804668255651138,-2.4209232278582515e-08,-0.6675096037193434,-0.06760905530199254,-0.22403313713116363,-0.34906585229763076,0.031821302964649294,0.6818086592214728,0.015564080290059122,0.14952447461632062,0.6099187441584407,0.039581889544782596,0.18046848530973927,0.528300479715929,0.12811594283345223,0.20201119391387265,0.11146760796533708,0.18046689731582158,-0.012531204998039681,-0.6573270416399428,-0.08761799842194948,-0.22801443161261506,-0.3500057172272023,0.02396838027218834,0.6738658397076045,0.016815830948969414,0.15783153940197658,0.6134800666318135,0.03268197462413532,0.1965532538021134,0.5297380785104563,0.1550952989472255,0.2283772759004606,0.10233177667541306,0.20818985712733978
199,True,2.0000000000000013,6.30240327556138,False,False,0.4508221967493211,False,98.63091597799212,-0.0,-0.8726646259971644,0.3141418721128272,-0.2094395102393194,-0.34906585039886573,0.04838098692370284,0.6733293399234523,0.011696038640097835,0.2208147610486904,0.6161184178648227,0.03790789757210276,0.15438232315880573,0.5359684106245466,0.12874722458015087,0.087978747192517,0.1201244588638373,0.17966613374402038,-2.5062359874927775e-08,-0.6705610141239545,-0.06542581161533197,-0.22376480182587447,-0.3490658522785956,0.028385823141726215,0.6734134663084151,0.011696048882303087,0.14246164681961282,0.6069375624979446,0.037907887125348455,0.17265373591633695,0.5327733897473048,0.12874727728996377,0.1933321519867053,0.11296640123549648,0.17966619084602167,-0.012799870719624039,-0.660196562773263,-0.08461708647786749,-0.22776335206467582,-0.3499965209852528,0.025273290834421314,0.6756458218916354,0.01634576922861133,0.15594988383381136,0.6134890478208699,0.03351303846906296,0.19323081796697772,0.531129705366648,0.14882678323586895,0.22291783304861326,0.10540600765402558,0.20165946492093997
200,True,2.0100000000000002,6.271296625685376,False,False,0.45291445311584283,False,99.91529199760407,-0.0,-0.8726646259971645,0.32162179526318746,-0.2094395102393195,-0.34906585039886573,0.05245669690263489,0.6783801383665989,0.00795744838633509,0.23090188601981973,0.6123296394142894,0.03804432087948086,0.16011885785063243,0.5345673692139057,0.12798652856713333,0.09544483509970865,0.111940422014343,0.18299990833252947,-2.5599690242628093e-08,-0.6696668415758837,-0.061272191328523434,-0.22378013206268232,-0.3490658522602032,0.03855603896882952,0.6784435286579522,0.00795746516638029,0.15104462341535088,0.6041281271811344,0.03804431182627361,0.17882831527222592,0.5317378068360988,0.12798657026854252,0.19576645448240756,0.10488450817153039,0.18299994558559007,-0.012910368733637174,-0.6628288178183007,-0.08166133491293949,-0.22753312892137104,-0.34998739478439195,0.026890910803233137,0.676785875275887,0.015465400331120475,0.15447814453076358,0.6129446615120623,0.03440381013789221,0.1902937597443468,0.5320602893512859,0.14402119629096963,0.21780908147948264,0.1069280636790134,0.19680354718294862
201,True,2.019999999999999,6.241305700908485,False,False,0.4513635308062443,False,100.70150002138689,-0.0,-0.8726646259971645,0.32340705936610376,-0.20943951023931948,-0.34906585039886573,0.054134191941360585,0.6769000326229104,0.006726072678470947,0.2331031317220339,0.6045084529119474,0.03720387309367487,0.15851685126597492,0.5233697071347219,0.12500956059899138,0.09312993677377734,0.10163812105806239,0.18039441944335424,-2.582068582557273e-08,-0.6710983640222009,-0.058510162812791894,-0.22362579625541737,-0.3490658522419508,0.042218376251531645,0.6769582327702565,0.006726090132413889,0.1517421321326781,0.5963496705451962,0.037203867488466234,0.1780252690046469,0.5208664328080441,0.12500959864657263,0.19198206938953888,0.09447524697441487,0.1803944526689252,-0.012962920821372322,-0.665135352412155,-0.07868869863054988,-0.22732751931607506,-0.3499783689796604,0.029120142613782988,0.6775951350197923,0.014276110404419954,0.15371819671682269,0.611525359123138,0.035155155322937476,0.18801696989415068,0.5319035083434323,0.14011344559699074,0.21322698639027438,0.10659344703616096,0.1931195478343352
202,True,2.029999999999998,6.211270340427873,False,False,0.4573294760865809,False,98.81079097976908,-0.0,-0.8726646259971644,0.3341427432169866,-0.2094395102393195,-0.34906585039886573,0.04677329704677112,0.6832248561914183,0.004540684544216557,0.22379721889373114,0.5980862372031592,0.05158957847874319,0.15028144105249017,0.5278039817004283,0.13152159278617656,0.08358702717207789,0.10278480778573254,0.18868705378642336,-2.5925789794503662e-08,-0.6688548602178407,-0.053944425291093875,-0.2237211713487281,-0.34906585222389924,0.03700736959607323,0.6832754910048965,0.0045407040124351775,0.14257292677337818,0.5903348364949937,0.051589545609585064,0.1682573704409375,0.5255593982863002,0.13152160997027512,0.18188165845356424,0.09547998822289488,0.18868706265518725,-0.012913021944323972,-0.6669234263329612,-0.07560224285534639,-0.2271632044943814,-0.3499693806896335,0.03111001963636182,0.6786016606559958,0.012876515681791047,0.1527048266780956,0.6091368568958311,0.03686390135951058,0.18553409485774056,0.5312814204155158,0.13741644079204876,0.20848973385340525,0.1052048819087935,0.1908855186924735
203,True,2.039999999999997,6.181178505852397,False,False,0.49447304005850323,False,98.67529204348102,-0.0,-0.8726646259971645,0.3784867948212154,-0.20943951023931948,-0.3490658503988658,0.04493389485428887,0.7233727159463977,-0.003101000587042761,0.22711064390121455,0.5933654532028679,0.06482011871241619,0.15666182567031245,0.5413872701549933,0.12655175288862286,0.07360522761445526,0.12578514094945323,0.21605574229757737,-2.5825992233663442e-08,-0.6529262414404629,-0.04236324453039127,-0.22475480100504094,-0.34906585220592273,0.03969208298306143,0.7234013432119849,-0.0031009686548720116,0.14253849463409202,0.5861553683013212,0.06482006280103449,0.16689553633521403,0.5392212211402709,0.12655177463093767,0.18066534874952672,0.11765405020533913,0.21605569210607156,-0.012523786907204829,-0.6670667016139972,-0.07179997480255616,-0.2270788317904596,-0.3499599840449542,0.03277783952616152,0.6829000341060805,0.010839206619577,0.15134917506779508,0.6060774051834074,0.040359526896734804,0.18277339481652213,0.5316925365677084,0.13537313136470577,0.20374790971791257,0.10519512132839379,0.19187578848550207
204,True,2.049999999999996,6.148524094437948,False,False,0.4636743375771372,False,98.82958303205669,-0.0,-0.8726646259971645,0.3192500384425137,-0.2094395102393196,0.8031346952952876,0.034215942936865175,0.7976429594186606,-0.05494130994396801,0.20506148318294792,0.5673183961754142,0.13550956844479192,0.11880524948060209,0.5584239618203216,0.14957516400786222,0.07938051781856854,0.18068560407405265,0.1644191648915656,-2.5047523713114805e-08,-0.6798618602102374,-0.05338951131409424,-0.22275522485553811,0.6500400159550458,0.03015958875011889,0.7976663072110359,-0.05494117845334718,0.12644059336186586,0.5645613522855675,0.13550937814628497,0.15008591314588277,0.5533379628524397,0.14957513552131435,0.16930863297079748,0.17370360362577442,0.16441921819686242,-0.011625496209432607,-0.66812902715346,-0.06859359423965548,-0.22702821961756076,-0.3099131695011351,0.03358115600335862,0.6953378400778394,0.004356212936020333,0.14880671118627753,0.6012482508501097,0.05026356952362874,0.17891015526080054,0.5340355152868517,0.13536862102139968,0.19864311070173657,0.11093833748098292,0.1910457435937643
205,True,2.0599999999999947,6.116091571223473,False,False,0.5982704993300625,False,98.76541700214148,-0.0,-0.8726646259971645,0.3243532938151405,-0.20943951023931948,1.0923457744384166,0.023505339619069202,0.9151120981268647,-0.16226915511477707,0.19312667522687937,0.5706045792432868,0.12879872859340352,0.10700194216746588,0.5806743207441418,0.07934829107108321,0.06058001148042787,0.23758822923026993,0.05182133720606871,-2.3250945916861165e-08,-0.6800633444045271,-0.05047084389952814,-0.2226549849168265,0.6900868304988649,0.015342084460653483,0.9146999569017722,-0.16236207794031524,0.11455932785743327,0.5699557972056343,0.1287985714779666,0.14086340500251338,0.5731695167676721,0.079348403061653,0.16469525582081346,0.2292620860173638,0.051821615581200714,-0.010290011607501197,-0.6704032097026307,-0.06616741945497862,-0.22694273340987597,-0.23417412348492916,0.03249101757812216,0.7216023032988574,-0.013690572600065228,0.14454915471983734,0.5958320655037632,0.06378380726774581,0.17368110256675867,0.539035680146368,0.1315807290805494,0.19317700466662863,0.12491984942710394,0.17872969856957555
206,True,2.0699999999999936,6.087045805227267,False,False,0.5857514128184371,False,97.34087501419708,-0.0,-0.8717394946769559,0.35810782732909324,-0.20943951023931945,1.1147745647738776,0.024180969964378074,0.9724755033900423,-0.15814192343665281,0.19232298281027177,0.5987333589998068,0.1215426174070021,0.09711873939862813,0.6126892262656669,0.06908690083646096,0.056554147601794044,0.2680194639530924,0.03722560964856064,-2.0579982053584023e-08,-0.6674374571711804,-0.041067278155189804,-0.22341051920373778,0.7658258765150708,0.012247582279841327,0.9720168357989725,-0.1582470845457845,0.1107514496571736,0.59764392254736,0.12154250185131649,0.13779612349820333,0.6049191591508764,0.06908702579282941,0.16366063479559328,0.2590918699920254,0.03722589264094789,-0.008642787764837602,-0.6718752208646789,-0.06349277165114027,-0.2268604335414082,-0.14406335540242096,0.029917933042923138,0.7594369638246404,-0.03809616136982538,0.1392837637157754,0.5930271190811529,0.076305802806852,0.16785312303261507,0.5477353853795689,0.1232048760169222,0.1879086726632801,0.14510134176960274,0.15772946681930547
207,True,2.0799999999999925,6.059843602992723,False,False,0.5043128790682101,False,94.62162497220561,-0.0,-0.8131104732475742,0.3666065028577316,-0.2094395102393195,1.0834166255788438,0.016146952540679105,0.9794762543189579,-0.14904564861173444,0.19231390030966566,0.6047646210803195,0.09070835644952077,0.09333626394878085,0.6112923254817311,0.03883332341800133,0.05599602755719095,0.2963757438065227,-0.014800702945532554,-1.7285540955189194e-08,-0.6193956533497919,-0.01390892770559115,-0.2226166191930772,0.855936644597579,0.010616622911964437,0.9792639189158119,-0.1490960486043097,0.10713531626271383,0.6042684541856391,0.09070832759805952,0.13328488902472563,0.6039555953819385,0.03883349213998827,0.16122133317676987,0.28716037780098236,-0.014800357789449547,-0.00732079448056752,-0.6687501081872385,-0.058597004078680535,-0.22679397427707954,-0.04818221883922112,0.026760876854003756,0.800437611564475,-0.06124659922908226,0.13374297424439865,0.5931329034988141,0.0842299870312119,0.16194383383945957,0.5580876623452364,0.11119150156066553,0.18307535247359705,0.1687859897472533,0.13103473946626415
208,True,2.0899999999999914,6.033138080278609,False,False,0.4443943991188722,False,92.9513750015758,-0.0,-0.7489756482259207,0.3566169765470326,-0.20943951023931956,1.113019991162882,0.02530661776699066,1.0344335632378994,-0.16823897236638805,0.2014344377293988,0.6070154992154981,0.06945777497162076,0.09773444879660746,0.6070652003463747,0.03744967069483417,0.058727025695160806,0.3096108116172869,-0.03334601097251416,-1.464155967734887e-08,-0.5957451913062002,0.0,-0.21968260766884556,0.9518177811607789,0.012730629886000919,1.0339509497913026,-0.1683599297082722,0.10796913556211972,0.5982052529939873,0.06945780445267095,0.1326963421475511,0.6060924954947238,0.03744981814310766,0.1609799568922605,0.30015886583390394,-0.03334568235691421,-0.006604202576571994,-0.6604238300078872,-0.0512103787418625,-0.22650004010086267,0.05002834240187326,0.023806820686564638,0.842529171164905,-0.08232046283043606,0.1286154558110337,0.5942488993761539,0.08659660532428526,0.15643180615900848,0.5680528610315724,0.09785576262041341,0.17885210971081486,0.19324068333693417,0.10172119278085058
209,True,2.0999999999999903,6.007708725099007,False,False,0.3577574364629966,False,91.59108402673155,-0.0,-0.6397562757522111,0.3235930578712017,-0.20943951023931956,1.1013339977591117,0.02253644994933757,1.0795051128810338,-0.18306424764764756,0.19653906980098226,0.6137447024544334,0.06706063166312358,0.09554464213871526,0.6062662132778209,0.040463640980656454,0.06102809055377156,0.30433950268299054,-0.037504434219875905,-1.3208378737972204e-08,-0.5983360283323835,0.0,-0.21211636032931097,1.0500283424018733,0.012001717979524658,1.0793828058376025,-0.18306404627331757,0.10575258005102421,0.6055458880783054,0.06706067076345691,0.13037638373236432,0.604946047822995,0.04046375574089345,0.15701663659345055,0.29575773698012897,-0.037504155573378786,-0.006382521442032669,-0.6501443058685236,-0.043027818865211,-0.2253370716978589,0.1492030482830765,0.021295663800543943,0.8858482134043538,-0.10197687259322208,0.12410083186832986,0.5959816010914956,0.08547156569872329,0.15150802042741376,0.576708254288193,0.08574822961100953,0.17506009739223008,0.21534151184264944,0.0737789690271457
210,True,2.109999999999989,5.985524653547786,False,False,0.2981542986540915,False,89.86908302176744,-0.0,-0.4755615192375341,0.2676009796408779,-0.2091430557532567,1.049223870268286,0.029656545581136364,1.102203161750972,-0.19878252284029307,0.2014172939584784,0.6181007227898907,0.03839317649815678,0.10783804912168135,0.62331921715478,0.024827162529723314,0.06843210399145995,0.3241805567041148,-0.05904020428072662,-1.2765017353040531e-08,-0.475561868402409,-5.551115123125783e-17,-0.20914308814122382,1.049222070230242,0.020809715759410447,1.1020963304776004,-0.198782329831439,0.11484651315107584,0.6104379285416495,0.038393270699852364,0.1378340822629421,0.6195341443029803,0.0248272842681891,0.16175571991536059,0.3186290603532252,-0.059039937975304435,-0.0064854815040823275,-0.6309021488829699,-0.035476841642234296,-0.22357301219283532,0.2487414653806541,0.019889759248578994,0.9282288256481859,-0.12052547964109649,0.12093873670948503,0.5984505583935077,0.08072014821800567,0.1478475161124522,0.5849097623205287,0.074435780994508,0.17208394997519036,0.23552208922039278,0.047810739502807356
211,True,2.119999999999988,5.967267187772249,False,False,0.26213004174217575,False,90.82950005540624,-0.0,-0.3947599457598708,0.23646568838391266,-0.20936654879866587,1.0597960138959273,0.01762809051488641,1.142934267300234,-0.20795964961270466,0.19231111704890888,0.6272768062424939,0.019517513576664765,0.11465269548732145,0.6369973173625586,-0.004904913069028179,0.0820826538180303,0.32608805056766377,-0.07184539856748393,-1.297093706574548e-08,-0.39476041846111853,0.0,-0.2093665772131857,1.0597943917900745,0.017628093915934333,1.1429338380261294,-0.20795947471185383,0.11476266297479452,0.6215545611511104,0.019517636060008267,0.1376243627643826,0.6331360850786082,-0.004904754152548221,0.16076721569971705,0.322117749724278,-0.07184516015581825,-0.0067989598596558355,-0.5992158070991952,-0.029072906914415372,-0.22170108257081866,0.3484274860799216,0.019201017523674764,0.9693738837650911,-0.1377722442727931,0.11904985613841892,0.6019864732858378,0.07246262540085331,0.14540699810339913,0.5936059734787804,0.06181888412284643,0.16989788539842834,0.2537347684594935,0.023852718969205988
212,True,2.129999999999987,5.945385164645359,False,False,0.21261161348971236,False,89.51562497531995,-0.0,-0.2947354022019107,0.18253891403528452,-0.2094232452365662,0.9238382136183163,-0.04335576619783348,1.1448262078585492,-0.19797138720678326,0.149158232833973,0.5834482265387433,0.02681471202944751,0.07072024287177078,0.623208816808575,-0.037308242876966,0.055491626477806796,0.32672353196256987,-0.0919315258151952,-1.3597892522046462e-08,-0.29473601168777325,0.0,-0.20942326979375314,0.9238370627991628,-0.04335564294301419,1.1448258572405756,-0.19797126674458382,0.07866828765486933,0.5834482648155626,0.026814803367512803,0.10425925652617782,0.6160068989474892,-0.037308044452042236,0.13113647045713284,0.3227820599319876,-0.09193129435561848,-0.007670682892569004,-0.5551872071481911,-0.023863706298203242,-0.21999181644640953,0.4481558150915604,0.01415178309575038,1.0069661815844757,-0.15201230634798835,0.11526415759753894,0.6031289844397251,0.06363812896088111,0.1413009639721746,0.6007380793390887,0.04647367234613321,0.16604302039698948,0.2692057142581442,0.0014430895002493674
213,True,2.139999999999986,5.918562934871921,False,False,0.19810983332979046,False,84.18687497032806,-0.0,-0.3173239195008435,0.17276071033063514,-0.2094362465778615,0.6762397279073351,-0.06318432622918882,1.1177775222062991,-0.013294938527743912,0.14024025764879897,0.594894228426515,0.029516669779961754,0.07244742793610699,0.640186286726674,-0.05910126919340044,0.0626166930286152,0.35127599446699803,-0.12564826527502848,-1.534133510332214e-08,-0.31732439506844456,-1.3927504982635952e-11,-0.20943626768827556,0.6762392717404219,-0.06318417104439973,1.1177773005177751,-0.013295215976195401,0.0770706174729782,0.5948942452393281,0.029516738028253692,0.10186582887004642,0.633702497617785,-0.05910105804592866,0.12965670588776032,0.3482769239968683,-0.12564801142863177,-0.008758890304086253,-0.5088683813626145,-0.01964531435730859,-0.21821693540584244,0.524108786971515,0.003993214175627464,1.0366509293705972,-0.14845864222779373,0.10960385024860131,0.6026041669336079,0.05610861744704161,0.13550292638640576,0.6071181387756079,0.02885101913742719,0.16068262812440812,0.2837845953898462,-0.021154209111132843
214,True,2.149999999999985,5.889558309890188,False,False,0.18818342637092092,False,84.24908301094547,-0.0,-0.25569170505605393,0.1593022728732936,-0.20943852615826328,0.6014991365902939,-0.06792801003233191,1.126398835218536,0.04409855253870359,0.14702778847523518,0.5951670128416733,0.01883988573001192,0.07664124860112727,0.649767067370402,-0.07193300775404078,0.059857269371080754,0.3543672707904148,-0.13324886126460436,-1.75177455753045e-08,-0.25569221158795574,-3.1155633628543455e-15,-0.20943854371503492,0.6014989818099042,-0.0679278176500007,1.1263986550602159,0.0440981673353964,0.0780041174601667,0.59139396106096,0.018839960251611575,0.10149031899498819,0.6445850828847548,-0.0719328062415838,0.1277610129473885,0.35294000660874486,-0.13324863710314697,-0.00977175703611595,-0.4630412127134175,-0.016298550884337588,-0.21657248692525416,0.566666582288832,-0.00829301665837565,1.059286298754676,-0.12650617314817858,0.10375378997206941,0.6016289010905629,0.049244017095816765,0.12948591394530168,0.6139508028748838,0.01051442544731551,0.15507568370271899,0.29765516525323676,-0.043072278725993944
215,True,2.1599999999999837,5.86130302300052,False,False,0.1815648427433889,False,83.01270799711347,-0.0,-0.2240073082164118,0.15418089364322163,-0.20943901103227175,0.5868589233087385,-0.06477162197962892,1.1459353019148568,0.04289373682069541,0.1518279898627945,0.5985322816882699,0.012598809417894088,0.08407673064741461,0.653698798388681,-0.08225863375943616,0.06597651256100377,0.36375178598302166,-0.13948403693558262,-1.9543474985908582e-08,-0.22400778628987691,0.0,-0.20943902529880257,0.5868588829241372,-0.06477151270848783,1.145935129393159,0.04289339820354182,0.08473284373973394,0.5931591281562782,0.012598882681649493,0.10642314545934625,0.6478456770722231,-0.08225844829654524,0.1302398974130089,0.36385583627204976,-0.13948384364878585,-0.010667496775246987,-0.41795701337638236,-0.01370082812423385,-0.21521203624784013,0.5867130570991876,-0.02001935861020288,1.078323865470833,-0.09759560773459255,0.09899318292007334,0.6005808666711732,0.04254477379623905,0.12438320788138939,0.6208530651518063,-0.007262091404251826,0.15010009877134772,0.3106461035823427,-0.06292649755591748
216,True,2.1699999999999826,5.834038996309689,False,False,0.19570748303183058,False,84.0188330039382,-0.0,-0.22290632401944602,0.16933117811005258,-0.20943910517847114,0.5868246396947816,-0.07992522715501098,1.1494658756122471,0.04818190935008179,0.14825514598526274,0.5938518515852333,0.013619513187815721,0.07787941538610674,0.6485351001245864,-0.0817012490606308,0.05766420473117987,0.35415216155691875,-0.14212307383820239,-2.1334950882356818e-08,-0.22290671303501075,0.0,-0.2094391167253205,0.5868246394716169,-0.07992512198628418,1.14946573514437,0.04818161820878869,0.07948889778240073,0.5883458592044877,0.013619571140743265,0.1009274254663907,0.6413700169349795,-0.081701099709744,0.12312060862356239,0.3556246403873142,-0.14212291641387925,-0.011554501118037306,-0.37711095611694667,-0.011673124051561058,-0.214095128185266,0.5948094600887591,-0.03121067367863452,1.0947600405683808,-0.06890076656308454,0.09509696986157458,0.5993046824757287,0.036536818715436466,0.12001928391957183,0.6266152858284114,-0.023069046827408006,0.14551041585606397,0.3215526589376684,-0.08005335329545378
217,True,2.1799999999999815,5.809757233667199,False,False,0.19847075555665794,False,79.7610420268029,-0.0,-0.22848293713711024,0.17204269766371366,-0.20943930824207596,0.5947833479872523,-0.08866883111692424,1.1941043341184971,0.017946290214723753,0.14555098765629518,0.6159609067317011,0.01242293315503349,0.07353073646095325,0.6499677627103073,-0.08094454410404789,0.055102533764828245,0.36447112851648844,-0.14200540183336938,-2.3108956021325455e-08,-0.22848323351242866,-7.0140886154757e-11,-0.20943931755380368,0.5947833480394764,-0.08866871188211829,1.1941041354269575,0.017946116520957622,0.07574343218265453,0.6103794813098845,0.012422981355964993,0.09855946383221183,0.6428335250025216,-0.08094442849101022,0.11997161243178636,0.3660112414812469,-0.1420052781918447,-0.012222896856606005,-0.34313959692324353,-0.0100973001572804,-0.21318413075598006,0.5978055210357459,-0.04214815137636738,1.111845874356315,-0.04586756564156584,0.09153743053957698,0.5994994225377315,0.031440704210124876,0.1160830729396374,0.6311224332090994,-0.03613787315053869,0.14110176764391907,0.3308345639145969,-0.09416189059974656
218,True,2.1899999999999804,5.7876332319010695,False,False,0.19182523208176006,False,78.98462499724701,-0.0,-0.22295634042036974,0.16561317243506593,-0.20943944492010658,0.636892191804827,-0.10620204505503668,1.2212846147139074,0.0007578158016646637,0.13545989039644496,0.6192106169999102,-0.008843368777171824,0.059986866860771024,0.6246981854619487,-0.08717695025838465,0.04926902034984911,0.34476596854074215,-0.13764024180860748,-2.4445744822507165e-08,-0.22295658081547515,0.0,-0.20943945240945436,0.6368921136316419,-0.10620191715651664,1.2212843958358677,0.0007577225510882746,0.06576147264495741,0.6136409279261513,-0.008843288216232079,0.08962980933908526,0.6182018711660657,-0.08717684819137846,0.10891288212022338,0.34618354412107205,-0.13764015479438335,-0.01280773969192591,-0.31574737553825155,-0.009154869899057895,-0.21248833674476636,0.6019960861335545,-0.053406458750786055,1.1310366448840001,-0.030363310778997833,0.08764154525098503,0.6013432215191753,0.025587088436923047,0.11201892578523864,0.632852306888256,-0.04701020133477,0.13631517856687053,0.33723629446495706,-0.10503365346896854
219,True,2.1999999999999793,5.776603508718532,False,False,0.14963023205476778,False,79.72908299416304,-0.0,-0.1850020127263704,0.10982144791616716,-0.20943949100000425,0.6539139092377568,-0.09894519153850326,1.290422333108494,0.0013172713562334363,0.14571613930320942,0.7031009611284156,-0.013921176928704669,0.07716579846535837,0.6713084134331718,-0.07561862437407255,0.05545762117437119,0.38232763819144194,-0.13756431432042346,-2.5615428153602515e-08,-0.18500227386247736,-1.0393439581202202e-11,-0.2094394970977989,0.6539138054023182,-0.09894510106598678,1.2904220143340694,0.0013172079951958883,0.07455531603553225,0.697410034631329,-0.013921097993119136,0.10219689974372041,0.6639660113530191,-0.07561856733932219,0.12290527231929077,0.38392575047169547,-0.13756424884663088,-0.012661759036615424,-0.29113633552577023,-0.008884390201630463,-0.21204817474883492,0.6091053817454722,-0.06362979909848676,1.1552538561437884,-0.020364247958538348,0.08430267705031373,0.6101891259857056,0.018835718233903766,0.10894804723649398,0.6357404211461287,-0.05508889162076779,0.13254266242470203,0.3438921642678836,-0.11316798220492093
220,True,2.209999999999978,5.763349802521095,False,False,0.14046769757183328,False,80.39079199079424,-0.0,-0.10615111419837034,0.09013591393817322,-0.20943951023931956,0.542767236647343,-0.10404580368439742,1.2339389877195512,0.061630022413877494,0.1101298100063135,0.6277246786075353,0.00263077061578839,0.03246616301761521,0.5876754667583948,-0.045149243022964636,0.016537147385811628,0.31703725416652745,-0.11674126927984597,-2.5323467423704615e-08,-0.10615148413622733,-1.9448852250913973e-12,-0.20943951545661912,0.5427673693233679,-0.10404572246612834,1.2339388303544152,0.061629858425664735,0.04410372446098768,0.627724643543945,0.002630803022724861,0.07091122538109414,0.5876755627168992,-0.04514926291822231,0.09249147533423584,0.31663185014695194,-0.11674126216341474,-0.012952106031328993,-0.2629717954712247,-0.008925517834126609,-0.21182133430865674,0.6085002319885947,-0.07235247540429139,1.1769934715233599,-0.008922066976237134,0.07965526968978422,0.6187748614142332,0.013695353130191993,0.10479595433191036,0.6346628135041716,-0.05827733065812049,0.12785457453778956,0.34615001376402965,-0.11756984430094095
221,True,2.219999999999977,5.743278920907558,False,False,0.12845338542900295,False,79.95554094668478,-0.0,-0.26987413652928977,0.08923289840819741,0.14467320597717234,0.2144013915860099,-0.04871404937542478,1.2188933812331764,0.2277159722682081,0.11077305877345221,0.5714833460808647,-0.015576060137206436,0.03895748801124679,0.4738871202051186,0.05392412131021599,0.03490118799765091,0.21601233328598848,-0.029822938793927598,-2.5904160254330844e-08,-0.2698741227246667,0.0,0.14467249298948132,0.21440217978211423,-0.05975248315589188,1.2189671950934264,0.2277154989930762,0.05876037743610128,0.5702660737999811,-0.015576001542515379,0.08153069205133592,0.47388744038151587,0.05392389672383756,0.09732333711599138,0.21568610484947404,-0.02982311468064805,-0.014511375749983083,-0.24652965695698356,-0.009080850790979766,-0.18376408259615953,0.574606643881609,-0.07629881575205655,1.1917409533003775,0.01720036569575606,0.07488927328169284,0.6193469930706615,0.009087513384456332,0.1002365085933654,0.6204513881157344,-0.05008042051384773,0.12249667729952786,0.33592951983846076,-0.11231290734878636
222,True,2.229999999999976,5.721167083679509,False,False,0.12364647477994299,False,78.9477500366047,-0.0,-0.3048927280707456,0.09154145992143967,0.26554188016723373,0.1135399409796965,-0.0653322056353975,1.2290969489280525,0.28036071319211414,0.10468976937609253,0.5564109735621806,-0.0007448528903294706,0.03804941653833658,0.4459045917250231,0.08580949493146564,0.03961723963388732,0.1923232493924687,-0.009804468658618358,-2.9022693455102444e-08,-0.30489261124104927,-4.510258486134511e-12,0.26554098155688133,0.113540863111258,-0.0653322270567797,1.22909687421415,0.28036018687247183,0.05179358576602652,0.5564111009596356,-0.0007448331818878332,0.07564904132635591,0.4459049401240106,0.08580922303232993,0.0915478622785865,0.19203299959050452,-0.009804673947743398,-0.016542173189430496,-0.24578719279788952,-0.009248939253805155,-0.12451745138020247,0.5106005176606484,-0.07657981167509172,1.2021529668221937,0.0567515163229757,0.07063134713992587,0.6133369960323637,0.0056968127021626664,0.09597631689240994,0.595940182108877,-0.0319245234416263,0.11721739880078302,0.3160804143299939,-0.09888312561177517
223,True,2.239999999999975,5.704384221512014,False,False,0.6138680273162768,False,91.41941700363532,-0.0,-0.4042385666286087,0.06763408006943217,0.6482751533043617,-0.32717555585135955,-0.040437058714915534,1.367334830353359,0.18372883760686848,0.1169818613254285,0.577845735500189,-0.004637810826069746,0.03183319897587835,0.43406543111037105,0.1369987550839809,0.04666881031230683,0.21143651921641982,-0.02240126789708308,-0.008271103136855352,-0.3145508320359699,-0.0047133908845515765,0.2624704452430238,0.09171331867904242,-0.06632369391838798,1.284167743876538,0.12024004998785476,0.06709715284447429,0.5946040964155332,0.0005295112819470923,0.08979471399676985,0.5150689389886727,0.052536946905511944,0.10601161124550672,0.26360695308615856,-0.06064227316500326,-0.017858928326624366,-0.25342254781018914,-0.009404721279713044,-0.05513730332114626,0.4364140748335204,-0.07560041147472367,1.214470200817811,0.08647433286335438,0.06793421354614927,0.6076638485163242,0.0038100296104439956,0.0931515337671843,0.5741704336559575,-0.013397692937895098,0.1134477084122079,0.2992478838894198,-0.08706178496870963
224,True,2.249999999999974,5.6928352203270105,False,False,0.5586759163436285,False,91.5102080325596,-0.0,-0.4042385666286087,0.06763408006943217,0.6482751533043617,-0.32717555585135955,-0.040437058714915534,1.367334830353359,0.18372883760686848,0.1169818613254285,0.577845735500189,-0.004637810826069746,0.03183319897587835,0.43406543111037105,0.1369987550839809,0.04666881031230683,0.21143651921641982,-0.02240126789708308,-0.00892948202220479,-0.32775944547007463,-0.004702360655302507,0.2966567323026948,0.054620023079183955,-0.0650352923426818,1.2903789944886164,0.13510148798080118,0.0646023862770469,0.5904604714702711,-0.0004138821522423233,0.08722139904807878,0.5042610034383973,0.061800380695392565,0.10263424770941822,0.2551872578350421,-0.05473159102099714,-0.01857507540033245,-0.2648849050744133,-0.009540879286139699,0.012794268908737425,0.36311071455517985,-0.07414486550604937,1.228745794989162,0.10371274125523525,0.06660210668739065,0.6038889973979454,0.0027103060932066364,0.09159945872984283,0.5578238454730496,0.002521629740064984,0.11103547819873966,0.2876849329777112,-0.07879658695136572
225,True,2.2599999999999727,5.683516373166898,False,False,0.532884478370896,False,91.55591699527577,-0.0,-0.42864208906613577,0.03239962102487683,0.703046463287388,-0.3490658503988659,-0.032096444301802626,1.3752347373219327,0.19257432162614616,0.11277712990788381,0.5669309179426572,0.012002528404912317,0.02846385098395123,0.42061617798988044,0.14093363530031,0.03644929200503275,0.20978306291470075,-0.053187395801267856,-0.009287556275204476,-0.3458054940146847,-0.004770439643282517,0.3580226323597214,0.007023144253297697,-0.06287802618649299,1.3012446878429416,0.14814344257928805,0.0643158128770415,0.5854099942891738,0.007356407939407341,0.08650771585160354,0.48922014892698673,0.0717274940834305,0.1009211164984534,0.24853767527471424,-0.0659920168606667,-0.019096026970497407,-0.27850430550890326,-0.009648368871503702,0.07830783471697696,0.29359513296394923,-0.07243866365966913,1.2431917718447054,0.11549351646830984,0.06590007449643717,0.6007702203302572,0.0025589891726753426,0.09062389437160102,0.5440453555660985,0.016682355025550894,0.10921565255959145,0.27878815513297317,-0.07358115747103074
226,True,2.2699999999999716,5.67586758451663,False,False,0.24603922879236034,False,87.70412497688085,-0.0,-0.4140020979474372,0.018473802356489082,0.7307277327820564,-0.34158808248320155,0.016530007895091278,1.3904111771455436,0.23634307200926014,0.12380527673647278,0.5730077324528426,0.007446260423921648,0.03965751372451874,0.44271777194796497,0.13300995774252966,0.04599992924122828,0.23857298805293975,-0.07503355597371843,-3.8191977552726186e-08,-0.5514551599116286,-0.058891192521727066,0.6213259747902355,-0.3665663403134155,-0.01694027053064162,1.2896149116116349,0.19339075648115606,0.097571825775462,0.5647355889702985,0.007446250596236397,0.11136662402472278,0.4387275296917049,0.1330097250075133,0.10942907997540394,0.23765727772657572,-0.07530335500474901,-0.019295480581018043,-0.30814220415472904,-0.013620770077063065,0.15663764556756948,0.21331108346855915,-0.06718667759859698,1.2555344604992236,0.12778094091715356,0.06791374249000937,0.5965564127659957,0.003104626215082695,0.09173375482887687,0.5285016863682216,0.0337377798590866,0.10835329626241663,0.27094298525324617,-0.07128795890545987
227,True,2.2799999999999705,5.664535307906178,False,False,0.2082272690323534,False,86.80466702207923,-0.0,-0.42287929351681114,0.03524926187218367,0.7142449838784436,-0.3463317903053473,0.013545951675373548,1.3443590520603719,0.28136991542622214,0.12213777761557248,0.5311625084678137,0.01573967168835336,0.03747372221608615,0.42430655663181915,0.10958063507500324,0.039347318526791984,0.23027237052701077,-0.0875204559107636,-3.859088397797916e-08,-0.5354762179290795,-0.02963308655571768,0.6233899289129703,-0.3700156047772019,-0.01416877481313375,1.265304710423525,0.24801188480158845,0.0930967567162682,0.5241528280426688,0.015739646400607685,0.10456626810156538,0.4245638248521638,0.10958048338560711,0.10361677125352868,0.2297857582350478,-0.08752042341494959,-0.01939637797433802,-0.3475623023606042,-0.01856281891346897,0.24284545884895395,0.12133318227755586,-0.05909263067629312,1.2632312647642279,0.14490611595253516,0.07176768239786865,0.5884802370614394,0.00455179581468633,0.09402393246348091,0.5110022804050208,0.05047817371293197,0.10791805206047105,0.2633968029173896,-0.07172343846509464
228,True,2.2899999999999694,5.64825185507582,False,False,0.18986117963184965,False,86.85454103397205,-0.0,-0.40660173127542887,0.05617089603433407,0.6912417518418917,-0.34782099718216136,0.005266981520985533,1.3141846010105902,0.2838283665157905,0.11934763413593016,0.49741604759737906,0.0429109673534389,0.03205259278186079,0.39754526591437134,0.11666313568040021,0.03412399556089923,0.2089851401526797,-0.07649920377998735,-3.879267836473521e-08,-0.5021581934403758,-0.012765757946012585,0.6096647355438343,-0.3725508822953122,-0.011727602719287425,1.249486254291802,0.2566067995304856,0.08775317450767176,0.4974162296467025,0.04291089065397796,0.09929697968147352,0.3975454924178484,0.11666300329434975,0.09863468656054292,0.2084966434175888,-0.07649919443094301,-0.019579979742606914,-0.3831483967183884,-0.021067941600607286,0.3212117411903365,0.02737785686756237,-0.05046008246584661,1.266062434974211,0.16476673824043275,0.07544670780932258,0.576078823897114,0.008651402846127781,0.09594444696536353,0.49207040365548804,0.06476822441209276,0.1071614890754507,0.2548722995860592,-0.0728070785922025
229,True,2.2999999999999683,5.629993800495235,False,False,0.1876190446584886,False,86.8112089810893,-0.0,-0.4093916018493542,0.03211368270211916,0.7076116629452257,-0.32925564832292925,0.026173604952043072,1.3341964723529998,0.2743165271977327,0.12467524709751689,0.5128803179127334,0.047998709756270234,0.0375949305727339,0.40524964518144085,0.12022003355467292,0.038031991451676614,0.21481996431242734,-0.07393744833253281,-3.9159881167621924e-08,-0.5061979772770286,-0.029100631238226475,0.6284991084508647,-0.35392670657793013,-0.004697839671170358,1.2672107988952326,0.24626217911335635,0.09243910616531699,0.5067264014150328,0.04799863093952296,0.10228322833417988,0.4051566553705491,0.12021992265702988,0.09907107138128189,0.2143555095553592,-0.07393744539645074,-0.01938624426318806,-0.41205807753466983,-0.022905992618495782,0.3881327241205229,-0.05598879421401195,-0.04196618671577725,1.2673093681298528,0.18288971498104878,0.07879253234436659,0.5629781315967544,0.014757546054004155,0.09752257301184052,0.47425486363594044,0.07691964507595113,0.10620682490929534,0.24657276402492687,-0.07340378852476014
230,True,2.309999999999967,5.612057667417449,False,False,0.18378438434099897,False,87.04937499715015,-0.0,-0.41094230670070364,0.037300327449773296,0.7118793291069128,-0.34005340259160055,0.039163099542291094,1.3255393684901906,0.28389114721038233,0.12651029504039804,0.5085609281099154,0.04344099280077687,0.038191574326950535,0.40340626763416343,0.12197409577926555,0.035814043484271446,0.21398857603170698,-0.07877791411832016,-3.877241098321216e-08,-0.5051010880574532,-0.020718059826947632,0.6370506571183436,-0.3646118470574386,0.00046126823580847076,1.2643698956126697,0.2552161414268682,0.09476200139486413,0.5020427027150538,0.04344093546381589,0.10371307316649457,0.40026434761456053,0.12197400575521453,0.09847947441687742,0.2143276632159838,-0.07877790334598579,-0.01876676920806731,-0.434952502584256,-0.024203324825118656,0.4439808083122298,-0.12539781102885308,-0.03383963589009033,1.2681724097836264,0.19847767221784862,0.08197076662977727,0.5510743469563573,0.020775155491579912,0.09899368420541063,0.45883607906645435,0.08704125643723491,0.10524486865997551,0.23954313111421788,-0.07402607767098797
231,True,2.319999999999966,5.59493323893848,False,False,0.17799420465035148,False,87.12566702160984,-0.0,-0.41094230670070364,0.037300327449773296,0.7118793291069128,-0.34005340259160055,0.039163099542291094,1.3255393684901906,0.28389114721038233,0.12651029504039804,0.5085609281099154,0.04344099280077687,0.038191574326950535,0.40340626763416343,0.12197409577926555,0.035814043484271446,0.21398857603170698,-0.07877791411832016,-3.753346334428587e-08,-0.5017819193236492,-0.019236797486669337,0.6409482211415156,-0.36437479914284976,0.0023695116200434588,1.2643443804950627,0.254891351301857,0.09126111647708318,0.5021922884583269,0.04344094746199712,0.10038128500426395,0.39798637567473594,0.12197402578166855,0.0948931854149,0.21497620898150321,-0.07877790459643093,-0.01784888635462,-0.45242352481500053,-0.024740415905212657,0.48944933124350254,-0.18140998761961746,-0.026455543309167925,1.2686611611275285,0.2115295618881233,0.08455732598648703,0.5408500535362414,0.02586382960510612,0.10006607768041191,0.44580484666555714,0.09521760120958743,0.10409481060591567,0.23388896271667484,-0.07477765392017219
232,True,2.329999999999965,5.578280699217713,False,False,0.17510731665864404,False,86.17575000971556,-0.0,-0.3867011283109968,0.05181584702131059,0.6672330058968603,-0.3015767381127225,0.01764505433948641,1.3022433432986595,0.296138865372593,0.11694854085952423,0.46059536230175413,0.067642226199649,0.027432809480737442,0.38136519225503646,0.13157805835460745,0.022804616303228255,0.20406892964529968,-0.07740314884412,-3.569770131925387e-08,-0.4748504065318718,-0.004334584274693184,0.5987545332532771,-0.3250842763012188,-0.00013629063096761568,1.2414820387491414,0.26769380553545896,0.08197760945512154,0.4605955244365021,0.06764214263720758,0.09222302456107395,0.3813653206563074,0.13157798564513135,0.08806778789403746,0.20357171111244887,-0.0774031438756338,-0.017034982034077953,-0.4633980955342674,-0.023737688371381422,0.5222239913407485,-0.22231410185360304,-0.020348442938732066,1.26723582186693,0.22303205424590244,0.08584467728548185,0.5292952791839567,0.03191406355672915,0.10019497968281427,0.43386484888919613,0.10240954547798412,0.10233932396644738,0.22857546471617488,-0.07538350828839349
233,True,2.339999999999964,5.562735606666481,False,False,0.17860195628744802,False,86.86695800861344,-0.0,-0.38313622639545936,0.04672030564017892,0.6356228373599615,-0.2051472059822375,0.023223978993448142,1.3211263739598336,0.3093326684804027,0.12038584529988641,0.4368855782518318,0.10999394448055251,0.036258983159675545,0.3743862008013658,0.12668690786045875,0.02324553408765388,0.18451844495058306,-0.07827230902599394,-3.40698959287733e-08,-0.47535141561929006,-0.012156765770344951,0.5637678407090158,-0.2306315692484098,0.008377280180376295,1.2573700667681602,0.2793579078443543,0.08791678851203624,0.43688576247800043,0.10999378832097487,0.0959762897235205,0.3743863192565734,0.12668685929124682,0.08890747989234302,0.18401855793655014,-0.07827230344827778,-0.016327938028666954,-0.4694128885605622,-0.022214971187654666,0.5416639614374733,-0.24334331888087402,-0.01490894264830056,1.265541377893406,0.23394994433340335,0.0864925452145398,0.5150839393631457,0.04192593962816715,0.09990273445960315,0.42258883851717827,0.10834922747310802,0.10032432888099098,0.2220785216578911,-0.0758592794770914
234,True,2.349999999999963,5.54745528091584,False,False,0.16807518718142442,False,85.46274999389425,-0.0,-0.4170865047717089,0.062492441070311856,0.6679060618778365,-0.27568372278456293,0.0058957461429254435,1.3366815650712682,0.298298226064738,0.11413599779222473,0.4248669240995787,0.12802816778240805,0.03276745057472014,0.3541674789884532,0.11888490122674905,0.024025421081944075,0.177509089005757,-0.06660011584097093,-3.265581074302082e-08,-0.500774739611935,-0.0003322565055179326,0.6005891209273428,-0.2999795169860947,0.004547592278827978,1.2761388133008258,0.26975880551166953,0.07720664734479452,0.4248671045026707,0.12802799557829253,0.08738876230478182,0.3541676158071499,0.11888488015459453,0.08188341353407154,0.1770659540944537,-0.066600134368347,-0.015645364813284424,-0.4747371999915516,-0.02002038341036085,0.5550034626446905,-0.25573365920466684,-0.010342922822515695,1.2659048094327878,0.24302244539191434,0.08626113032231332,0.49955203256406516,0.05540631857930171,0.09896984021674317,0.41109280836413614,0.11229459418160063,0.09793091720064094,0.21454624487718799,-0.07542295829409984
235,True,2.3599999999999617,5.532064950131581,False,False,0.17028844629702827,False,107.58854204323143,-0.0,-0.3873374952174379,0.05099906463918984,0.6509983841232441,-0.24904134319885188,-0.003637713157106745,1.3245563170609664,0.30703215898384323,0.11555062316318875,0.4281988344017674,0.1273292388013084,0.03378176558991062,0.3798659655177852,0.10496552699343092,0.025196709425348324,0.18886898307922834,-0.08476191074383096,-3.129066704007921e-08,-0.4770905564481973,-0.006226711053109568,0.5813548314019443,-0.27424534486544827,0.006826847174732951,1.2614414383617623,0.2771701945333608,0.07507287671357105,0.42819897709901644,0.12732909495575737,0.08520662834484799,0.3798660279598128,0.10496554165158146,0.07918203617388545,0.1884499669322076,-0.08476189207257709,-0.014777067166578735,-0.47830920654610304,-0.017832935885098555,0.5641992110650123,-0.26382287031140994,-0.006635046729197474,1.2666538272019896,0.25052029754308797,0.08515241435361431,0.48506019478549406,0.06932493302534552,0.09738134829776193,0.40199678600961386,0.11361820099551073,0.09518008042986674,0.20808321424746676,-0.07562608955978363
236,True,2.3699999999999606,5.51794115844261,False,False,0.16948083351332477,False,87.64954103389755,-0.0,-0.39168598823904544,0.03983283196820038,0.6583205231611148,-0.235894316779753,0.04274407270313468,1.3309266117896708,0.30920649914493575,0.1244817656411056,0.44379115168232863,0.13000623171887912,0.040545179385583496,0.3868487287145291,0.10290557011895851,0.027272266982507145,0.19839794335692126,-0.08449271083289928,-2.9554075225285414e-08,-0.4789053404202047,-0.015569391969420065,0.5909387799294747,-0.2603585797061277,0.020956211301769403,1.2690705880624327,0.2798359052533888,0.08945590901083772,0.44191426721677357,0.13000611040391233,0.09528516565398823,0.3818534936234892,0.10290559163995897,0.08636725536524026,0.19932088604519585,-0.08449269297791524,-0.013595797196027838,-0.4799900399177214,-0.016775747034071663,0.5706399974552968,-0.26721717953544616,-0.0025255433754502814,1.2675037331867074,0.25699930316036756,0.08467796142870641,0.47383116499084155,0.08194574594708504,0.09632814194208823,0.3960674507625308,0.1130603981765662,0.09301564454009235,0.2040810101448605,-0.07671872856822641
237,True,2.3799999999999595,5.504043267228106,False,False,0.16269624363902208,False,85.80499998060986,-0.0,-0.407912533969629,0.034810050287559874,0.6684200189944574,-0.22597010898465084,0.018883852723973235,1.3320704645511348,0.3185948501325868,0.11689226117605972,0.43895550441134334,0.12706758330464707,0.036052024669483214,0.38212476903352316,0.09919866089097154,0.024318798004435413,0.18914362760001663,-0.09036570514739689,-2.7191540012683202e-08,-0.49296902645285506,-0.019016745438683223,0.6031043298234007,-0.24964736919078073,0.016187588660760695,1.271019761262036,0.28954363263294247,0.07796119030942439,0.4389555728194622,0.1270674930191807,0.08620985700498061,0.37766895276216955,0.0991986885075163,0.07799340426831212,0.18997993491280837,-0.09036567841224927,-0.012354684039299279,-0.4818695689200748,-0.016861643298252984,0.5765544351612161,-0.2669760650189331,0.0014490259525152648,1.2687157284767339,0.26316766142707687,0.08426332456544047,0.46553303308130606,0.09243176760031557,0.09533150268818712,0.39187848942464565,0.11144565342819451,0.09098537719635286,0.20124236009613614,-0.07848638622725151
238,True,2.3899999999999584,5.490072937705815,False,False,0.15984342990251002,False,85.90187499066815,-0.0,-0.4077349346620816,0.04228913142747065,0.658898639705106,-0.23795116130694924,0.0042246544551695995,1.349265631736739,0.29270899526436334,0.11469130802014438,0.4347060206208195,0.12248234637518643,0.03380438923438838,0.37986315887021704,0.09562067387615092,0.02191966545309237,0.1874304841246837,-0.09123558611800969,-2.4709318658874824e-08,-0.49101151172802904,-0.010272068640133792,0.5953547535194735,-0.260863606410034,0.014828066368042389,1.2887139689168627,0.2638652115814829,0.07132605344732322,0.4347060826973506,0.12248228622545884,0.08075925525810326,0.3768182860736541,0.09562070544531827,0.07275031871745537,0.18789637011547397,-0.09123556071229472,-0.011267450202719832,-0.48399315220019407,-0.016935644373143516,0.5814361060816196,-0.26576790175526394,0.004621770094198862,1.2713817037396453,0.26683191424399716,0.08304627648834324,0.45897128758503214,0.10035800562012075,0.09373947003217702,0.3886555728993615,0.10917071452104768,0.0885304377993787,0.1986810925368397,-0.080612618964494
239,True,2.3999999999999573,5.476318673558229,False,False,0.15785874319446824,False,85.97291604382917,-0.0,-0.3858851258776458,0.0386398974853592,0.6585425753270127,-0.236736353223247,0.00827549144767103,1.3333193913158872,0.2853394910131756,0.12198883117694034,0.4410655628622376,0.12106228153348043,0.03963469143795272,0.3922222162672352,0.09701047501800827,0.03020285782047457,0.19586917973714807,-0.08945692028587059,-2.2534855334196968e-08,-0.46867470389933696,-0.013425112998991514,0.5957445745999519,-0.2592576881081639,0.022761984879877777,1.2725067016341907,0.25634818329227227,0.0777380866234449,0.44106559847296384,0.12106224011668344,0.08496541412804076,0.3884359238423793,0.09701049935385868,0.07632559906949576,0.1965903672481898,-0.08945690233373754,-0.01032043010945775,-0.48425081647886786,-0.016896514869767554,0.5850270458832817,-0.26462818355546963,0.007661502107951365,1.273794439780859,0.26757723632327,0.08183029424022197,0.45420577388361133,0.1060277730802037,0.09216167365275545,0.38699713123535906,0.1068579739346998,0.08623408622014375,0.19711151259167117,-0.08253633759010184
240,True,2.409999999999956,5.462946319316951,False,False,0.15616146431785144,False,86.87070902669802,-0.0,-0.3858851258776458,0.0386398974853592,0.6585425753270127,-0.236736353223247,0.00827549144767103,1.3333193913158872,0.2853394910131756,0.12198883117694034,0.4410655628622376,0.12106228153348043,0.03963469143795272,0.3922222162672352,0.09701047501800827,0.03020285782047457,0.19586917973714807,-0.08945692028587059,-2.0640818932521343e-08,-0.4688393570934443,-0.011042315196176544,0.5971998650134361,-0.25864476095438216,0.02195131410215657,1.2722785080212469,0.25536146180982255,0.07701624176558966,0.44034536193025625,0.12106225162326782,0.0839028901158179,0.3886132739203304,0.09701049480613029,0.07476550404372688,0.19656929946539425,-0.0894569062648587,-0.009549426418812436,-0.48290700319827506,-0.01678282968779608,0.5878080311240561,-0.2635392967206584,0.010537179401185232,1.2751758391534869,0.2667147301561101,0.08093205764530306,0.45091635237665095,0.11006814873899212,0.09083929270493504,0.3865703590874284,0.1048590870797492,0.0842780846457932,0.19645614051812607,-0.08408312876129526
241,True,2.419999999999955,5.452043901353269,False,False,0.14045872857761932,False,86.45637502195314,-0.0,-0.39141075154671157,0.06130407382367951,0.6027825856360766,-0.2268262871405245,-0.0688250319384443,1.3227044047408623,0.22809584208643371,0.12596059577005742,0.4797197596912285,0.07419707543010169,0.04034231868272544,0.38963949115747015,0.12284550128039802,0.04017564415557606,0.18404892142516538,-0.05148377357962694,-1.9098814633966565e-08,-0.45609428482007514,-3.5960911332066914e-11,0.5549394836552288,-0.24387250736559493,-0.0411579900156979,1.2748884581193474,0.20474001234820516,0.07028324073033947,0.47619816967080975,0.07419714717282407,0.0797738205187798,0.3873242893061931,0.12284546530532506,0.07078344456389582,0.18453297533893337,-0.051483838803082535,-0.008900745502416565,-0.4800401280514197,-0.015732339035251782,0.5867764594707103,-0.26139488056824856,0.008159683674222793,1.2761947281743298,0.26127340861411985,0.07975371513617328,0.4512728417821462,0.10933587144958064,0.08943472358239897,0.38660615702443624,0.1051874034120983,0.08233321281123318,0.19530184449450205,-0.08236932263697207
242,True,2.429999999999954,5.443602702421585,False,False,0.13984487525492736,False,86.10775001579896,-0.0,-0.39141075154671157,0.06130407382367951,0.6027825856360766,-0.2268262871405245,-0.0688250319384443,1.3227044047408623,0.22809584208643371,0.12596059577005742,0.4797197596912285,0.07419707543010169,0.04034231868272544,0.38963949115747015,0.12284550128039802,0.04017564415557606,0.18404892142516538,-0.05148377357962694,-1.7801455403504418e-08,-0.45525165483468377,0.0,0.5544893112696103,-0.2447419819926591,-0.039807936682438205,1.2759111620433725,0.2055462381085479,0.07071640587316592,0.47622923574066406,0.07419714569792475,0.07982681237204432,0.3873741975005164,0.12284546596191924,0.07019150719902309,0.18452760594632173,-0.05148383533775931,-0.008412602919362262,-0.4763299405990582,-0.013981940663699068,0.5826946823664663,-0.2585754616230482,0.0016148311019570556,1.2770972607035795,0.252720617954494,0.07836199111435165,0.45443771896944796,0.10499861295609847,0.08799692883914753,0.38679424591084954,0.10738154613717356,0.0804147230752555,0.19362768199629343,-0.07810978556188886
243,True,2.439999999999953,5.438130558651401,False,False,0.15619736841957438,False,85.92395798768848,-0.0,-0.3240209761912554,0.13353740325407926,0.320891121911547,0.049039536966581976,-0.08577768423685782,1.2635154591167095,0.23855639922516175,0.12637516864381274,0.4892493448370146,0.04999158261714927,0.04207679275807285,0.3384729004059252,0.19453927125583712,0.041121229363440384,0.13150591342744036,0.022733139909711597,-1.6825172187776016e-08,-0.3472386493978595,0.0,0.3032627944267376,0.04248894349754656,-0.07513231949889965,1.2467175064888603,0.230505342237718,0.07465691740242657,0.4859769458542937,0.049991692635435285,0.0835614135386811,0.33841275430174783,0.1945390969473185,0.06950871514087116,0.13135124044075835,0.022732938247552334,-0.008333082107582584,-0.4641035521911207,-0.012139447039344501,0.5580823508076348,-0.2331113565384491,-0.00857826472300341,1.275670788884408,0.24593214804271382,0.0773310037887416,0.45914818417986997,0.09781376650737271,0.08697169440488228,0.38333206963178174,0.11576201774257469,0.07864216167107106,0.18778610624327857,-0.06744188772815987
244,True,2.4499999999999518,5.434627965877656,False,False,0.15536775957092352,False,86.55324997380376,-0.0,-0.3240209761912554,0.13353740325407926,0.320891121911547,0.049039536966581976,-0.08577768423685782,1.2635154591167095,0.23855639922516175,0.12637516864381274,0.4892493448370146,0.04999158261714927,0.04207679275807285,0.3384729004059252,0.19453927125583712,0.041121229363440384,0.13150591342744036,0.022733139909711597,-1.6666130885079067e-08,-0.34573563702571225,0.0,0.3042911336688489,0.04299842186053682,-0.07567287032150806,1.2481368814103413,0.23121987760893753,0.07391567500121846,0.4859261619662786,0.04999167826272542,0.08259379366002828,0.33714695247432064,0.19453911371248353,0.06803607719405781,0.13173493809830844,0.022732959582824397,-0.008505827010172726,-0.4456026159553683,-0.010474958902881654,0.518394388732801,-0.19037390454431957,-0.02049443435567981,1.2724674205980269,0.24166817364299717,0.07666414974321231,0.4643514946395122,0.08940265640142582,0.08631099127894178,0.3768478609231715,0.12842523816192214,0.07699860479358012,0.17891767317792576,-0.05257627270647497
245,True,2.4599999999999507,5.428909959607485,False,False,0.14095786181199402,False,86.22566604753956,-0.0,-0.3710729747053495,0.12039489005802101,0.3726447287645941,-0.055043819536328725,-0.07254776719053276,1.2015009392088272,0.23897634987874072,0.12016739721038011,0.4706485909986785,0.035289811744959765,0.035185630588434456,0.339872502339389,0.19232299658075513,0.03184125891634801,0.1338594702577324,0.0273491508066926,-1.7011619998091865e-08,-0.3710731247707237,-2.304382379358927e-12,0.3726450198426172,-0.05504409034412275,-0.07254766649012065,1.2015010808524496,0.23897635508249954,0.06813568083701307,0.4675745193998397,0.03528991998016933,0.07620981311994868,0.3398070170692622,0.19232286887747083,0.06305645300488738,0.13360718853334697,0.027348990497632925,-0.008871075598149255,-0.4287402402542771,-0.009273541943719021,0.4826637139526761,-0.15348537261586864,-0.031522171269346894,1.2653829682189937,0.23957847393141882,0.07578120006270471,0.4677954591528579,0.080355156337516,0.08538389405097202,0.37000736965893577,0.141129315830572,0.07516871077061713,0.16999892743661835,-0.03742196466592074
246,True,2.4699999999999496,5.420901924242969,False,False,0.1406375284570771,False,85.55174997309223,-0.0,-0.3710729747053495,0.12039489005802101,0.3726447287645941,-0.055043819536328725,-0.07254776719053276,1.2015009392088272,0.23897634987874072,0.12016739721038011,0.4706485909986785,0.035289811744959765,0.035185630588434456,0.339872502339389,0.19232299658075513,0.03184125891634801,0.1338594702577324,0.0273491508066926,-1.774211571235751e-08,-0.3710730900008799,-3.272887169614158e-11,0.3726449488244441,-0.05504401641155744,-0.07254768436069364,1.2015010669868205,0.23897635109198276,0.06855857138371571,0.46760134905069023,0.0352899018761047,0.07630122733972351,0.3397917723895507,0.19232289418723164,0.062183750896017534,0.13360920915453303,0.027349021275059684,-0.009253084980822383,-0.4155186483796823,-0.008868278837572593,0.4553624782761491,-0.1271039644051413,-0.04079185668230208,1.255720447936711,0.23881020157005006,0.07471620439136141,0.4694186119588782,0.0715456476646561,0.08421243598770232,0.3639214797377357,0.15226567512838277,0.07321399209859766,0.1621824089137463,-0.02375731265361538
247,True,2.4799999999999485,5.412056609901811,False,False,0.1403448689858851,False,86.33529098005965,-0.0,-0.3710729747053495,0.12039489005802101,0.3726447287645941,-0.055043819536328725,-0.07254776719053276,1.2015009392088272,0.23897634987874072,0.12016739721038011,0.4706485909986785,0.035289811744959765,0.035185630588434456,0.339872502339389,0.19232299658075513,0.03184125891634801,0.1338594702577324,0.0273491508066926,-1.850613294898662e-08,-0.37107306354398983,-1.4781231794103178e-13,0.3726448942207245,-0.05504396364926972,-0.07254771641553204,1.201501047688782,0.238976349554764,0.06786579754178351,0.4675577184266355,0.035289884253896814,0.075442626344077,0.33863181195874037,0.1923229164774737,0.060730070639276185,0.13397529188722734,0.027349048612237102,-0.009520236906965343,-0.4053277474314552,-0.008851058053057284,0.4346658648721822,-0.10805586944386454,-0.0482695517053064,1.2460883510871945,0.23862234086927223,0.07365220066178581,0.4700908054695416,0.06385842797959729,0.08300221206315993,0.35877168533026615,0.16146237870493796,0.07128396114981547,0.15576455839822217,-0.012298825820874198
248,True,2.4899999999999474,5.402457693139997,False,False,0.14677225479789746,False,85.61987499706447,-0.0,-0.1803743843218093,0.11783643560328792,-0.10776419442923624,0.32428973167334785,-0.07919149294742085,1.1035742570203992,0.20342439897004622,0.11316675959882534,0.4353101250524981,0.0678750592743365,0.021904367461988906,0.3656708458430139,0.149039693098437,0.004810969874620957,0.16024841670577686,-0.009804290890907012,-1.9040435733294614e-08,-0.180374834150493,-1.9318054100825321e-13,-0.10776310954075685,0.324288866994125,-0.07919145118512508,1.1035745420208165,0.2034244693776013,0.055598626788887995,0.4353101940670784,0.0678750512328707,0.06579465909132337,0.3640264455432088,0.14903971797347088,0.05393843596703786,0.16034654400391765,-0.009804295857485119,-0.009885218968936908,-0.38232688227401435,-0.008988349464577518,0.38373690673819827,-0.0641335325725389,-0.05466026641699916,1.2301210854328144,0.2360453674327403,0.07178214578545264,0.46786919637501434,0.06003428452474398,0.08116962065412234,0.3564135736245519,0.1654359787683056,0.06901431622140473,0.15264502335001826,-0.006010013014675577
249,True,2.4999999999999463,5.396358626875514,False,False,0.17024730083918138,False,85.09437501197681,-0.0,-0.34502763428291994,0.14051665729077875,-0.20943951023931956,0.6442806471730363,-0.07432625180633957,1.053866340576151,-0.02034117123933099,0.15291419818727717,0.4744320053989221,0.08744615827132383,0.0435525011938013,0.48759276906766436,0.07287242772597398,0.03214790544718044,0.2272140870995431,-0.057295914143514155,-1.9770398399995837e-08,-0.34502770850949116,-7.715223598880883e-11,-0.2094383237217855,0.644279230402278,-0.07432621011329192,1.0538666932335157,-0.020340658404352174,0.08220959695165347,0.47026888736148154,0.08744610345290608,0.0876746937393633,0.4836978986374467,0.07287261283033178,0.07968933570786707,0.2279981608859869,-0.057295811620347636,-0.009631550335743366,-0.36213882366084615,-0.009180740717900067,0.3039547162752054,0.00978348946028125,-0.0597490215881376,1.2060325771929048,0.21387258279757207,0.07117827489013033,0.46610369340378693,0.060955090893865,0.08043217464467768,0.3655887875490905,0.1591033739346752,0.06845293579985731,0.15749682541249818,-0.00767055243506336
250,True,2.509999999999945,5.393941441870598,False,False,0.17005008495466703,False,85.67066700197756,-0.0,-0.34502763428291994,0.14051665729077875,-0.20943951023931956,0.6442806471730363,-0.07432625180633957,1.053866340576151,-0.02034117123933099,0.15291419818727717,0.4744320053989221,0.08744615827132383,0.0435525011938013,0.48759276906766436,0.07287242772597398,0.03214790544718044,0.2272140870995431,-0.057295914143514155,-1.9263062147126253e-08,-0.34502766892476994,-1.3708846904880723e-10,-0.2094384835359714,0.6442793781540618,-0.07432622168476362,1.0538666448602203,-0.020340702842354313,0.08247308280868058,0.4702878817763137,0.08744610527621552,0.08773771682021457,0.4837104909737805,0.07287260023494223,0.07931715283513448,0.22800945914483922,-0.05729581530897106,-0.008979516407707694,-0.3519769467206035,-0.009355233581255184,0.21372954549032827,0.09930501221079631,-0.06352700399778358,1.179280734853639,0.177649347280664,0.07216741063322575,0.4660061869725415,0.0644265071154826,0.08103397731241208,0.3830841675975594,0.14644754856338466,0.06958650373579253,0.16764665966014297,-0.014149268140775011
251,True,2.519999999999944,5.392453436519821,False,False,0.16968762100002896,False,80.61683300184086,-0.0,-0.34502763428291994,0.14051665729077875,-0.20943951023931956,0.6442806471730363,-0.07432625180633957,1.053866340576151,-0.02034117123933099,0.15291419818727717,0.4744320053989221,0.08744615827132383,0.0435525011938013,0.48759276906766436,0.07287242772597398,0.03214790544718044,0.2272140870995431,-0.057295914143514155,-1.7958996898978508e-08,-0.3450276481521684,-1.1142076844494753e-12,-0.20943866390403723,0.6442795572239463,-0.07432623032479146,1.0538665914026957,-0.020340775259085925,0.08273067820491882,0.46999104607863174,0.08744611222757655,0.08739076039127078,0.48400358144892497,0.07287257487289198,0.07871150418887675,0.22802967290292347,-0.05729582777176277,-0.008441290594036878,-0.3473869679651815,-0.009474549619489146,0.12754505745539182,0.19467356983683187,-0.06632897502108673,1.1543008798240428,0.139939881300392,0.07378113059253054,0.4665803806188361,0.06852166967511379,0.08213667287726474,0.4020797431657802,0.13278900669127433,0.07125957363794769,0.17878390416691595,-0.021783856408804304
252,True,2.529999999999943,5.395802434393021,False,False,0.2001626179127009,False,80.00454201828688,-0.0,-0.4027487122036932,0.16996050298648824,-0.20943951023931956,0.8993288893039012,-0.024880538122604358,1.020198021169794,-0.1990147451859303,0.20194478769417382,0.43027171541723813,0.09781138944353986,0.08812800403964736,0.45358687415926746,0.10847122400902527,0.04772599273573471,0.17014236307088193,-0.0036547433414211433,-1.6882547422547578e-08,-0.37159341716447347,0.0,-0.2051195152163792,0.8993274799960806,-0.024880620630768145,1.0201982893793053,-0.19901406727803314,0.12908529555996537,0.4256458741287685,0.09781133086076027,0.12457489122978294,0.4488973189349609,0.1084712726646547,0.10695222038456054,0.17122343128851908,-0.0036547795695469065,-0.008655714433333574,-0.34774291453413086,-0.009551309294144942,0.0533480346031886,0.29204042888084863,-0.06467414566989944,1.1304141590111803,0.09198766798368944,0.07889098393704183,0.46402955658205103,0.07323836203649318,0.08603286100818394,0.41681949009383745,0.12318800380928524,0.07504519714082576,0.1846745957993951,-0.024792195052730222
253,True,2.539999999999942,5.401050289485926,False,False,0.32719780642187646,False,78.70920898858458,-0.0,-0.6765945915322726,0.2261496759281363,-0.20943951023931956,1.0898014421399134,-0.008900930993018186,0.893080676785233,-0.2073250593686298,0.228721522666054,0.34875273084542446,0.16148922739209784,0.11937109111282157,0.4150925801022689,0.15958753443388862,0.04730101630960201,0.13035140502645728,0.08364886146162792,-1.7311394243449407e-08,-0.5726947092059997,-0.06531974108322329,-0.19830009283214306,1.0897998466210777,-0.008901040020853804,0.89308115148446,-0.20732446074437239,0.15328561860128082,0.34619608997434953,0.1614210154567079,0.1412111286247213,0.4061848997434672,0.1585193429794466,0.11750305512594289,0.13169055447330322,0.08364864444797217,-0.00979999870709391,-0.36653909674695895,-0.013940355942937929,-0.0062957410877625035,0.3909467307057942,-0.0582912793564986,1.0986576163798518,0.038051907468169104,0.08847315187375741,0.4527393446202281,0.0831279855160162,0.09333210302170622,0.42355969676088484,0.12163539588514681,0.08116579955920998,0.182465429069393,-0.016644198687501947
254,True,2.5499999999999408,5.404648882318555,False,False,0.4438388190257151,False,77.55787501810119,-0.0,-0.8726646259971648,0.28751662374124504,-0.20943951023931956,1.222204113765837,-0.024429844879884477,0.8613066851121394,-0.19331691340469806,0.22732546806793671,0.36239961409921273,0.20305982139926226,0.10682799281718583,0.42382270438211433,0.2002024662387625,0.04208204790237095,0.144512542219182,0.07100189740487158,-1.9599958215460456e-08,-0.7265596714187397,-0.11618588835370984,-0.19813099415856456,1.222202451254396,-0.024429913534489048,0.8613071598029498,-0.19331645066798184,0.14860873905793656,0.3575102407031632,0.20305958153630305,0.13765898490709222,0.417806611440166,0.20020230912581255,0.11511321063722516,0.14596689243558003,0.07100172222099826,-0.010880576170327835,-0.4103031701882189,-0.025831344475623227,-0.05264357029728047,0.49049838916919636,-0.051273355759249545,1.0598981547466106,-0.011201927739093752,0.09954222035558942,0.4369412502119714,0.09965088119642296,0.10171294400130418,0.42553070376914914,0.1286795905908532,0.08785871456113109,0.17684498001174984,-0.0025875126622889565
255,True,2.5599999999999397,5.406340700523618,False,False,0.4438380085548587,False,77.30420801090077,-0.0,-0.8726646259971648,0.28751662374124504,-0.20943951023931956,1.222204113765837,-0.024429844879884477,0.8613066851121394,-0.19331691340469806,0.22732546806793671,0.36239961409921273,0.20305982139926226,0.10682799281718583,0.42382270438211433,0.2002024662387625,0.04208204790237095,0.144512542219182,0.07100189740487158,-2.1761108819420838e-08,-0.719192044465751,-0.11356614652382929,-0.2022018784539294,1.2222026503573147,-0.024429896638143763,0.8613070823330206,-0.19331654917545518,0.1483386709277257,0.35760930265860325,0.20305961456665272,0.13748401031621266,0.4177726533644284,0.20020232313058484,0.11473230596293629,0.14601484295080122,0.07100175031838656,-0.011532385684572427,-0.46474597318721833,-0.04154496492503121,-0.08880012054801144,0.5902590239555261,-0.04538590060551767,1.0213752355767274,-0.05232004380889505,0.10987108880242871,0.4215139775052156,0.11847944614706943,0.10951888429835216,0.4257643495874871,0.13996062592009115,0.09394512420710434,0.17106320757037632,0.01169690741116067
256,True,2.5699999999999386,5.408637103468162,False,False,0.45015109566199246,False,78.29983299598098,-0.0,-0.8726646259971647,0.27897397807404345,-0.2094395102393195,1.5582153753877916,-0.016745503106713307,0.8497566619327613,-0.21658372334507056,0.22923227822436246,0.3952592801154106,0.19719454393935779,0.10251455955856861,0.4753977090168783,0.1633958103653492,0.051271226719882726,0.17178082152974206,0.03681291440042126,-2.3064725237359474e-08,-0.7114865266215764,-0.11132135103136989,-0.20629407283472492,1.4499999999999997,-0.016745560358161493,0.8497570051679875,-0.2165833948183685,0.14804911849236957,0.390448164136331,0.1971943865175434,0.13867613542708726,0.46970159205504514,0.16339576350589013,0.1194668909563743,0.17323610136131615,0.03681286407925337,-0.011560793942970224,-0.5165231781156546,-0.057000577089402545,-0.11732752669018176,0.6900700883795429,-0.04005452311789744,0.9864891875370885,-0.08718873954126298,0.11871890632023975,0.4105279534185742,0.13552234601326066,0.11630278643451009,0.4291688258818776,0.14867547423165242,0.09943590659753997,0.16795166097330497,0.021680337090276242
257,True,2.5799999999999375,5.411426378631761,False,False,0.44943205192884933,False,77.41779199568555,-0.0,-0.8726646259971647,0.27897397807404345,-0.2094395102393195,1.5582153753877916,-0.016745503106713307,0.8497566619327613,-0.21658372334507056,0.22923227822436246,0.3952592801154106,0.19719454393935779,0.10251455955856861,0.4753977090168783,0.1633958103653492,0.051271226719882726,0.17178082152974206,0.03681291440042126,-2.3121541644841037e-08,-0.7010813632955817,-0.10612746462942778,-0.20999581675679835,1.4499999999999997,-0.016745547900463592,0.8497569354212311,-0.21658346455562055,0.14801046068341567,0.39052717280861154,0.19719442057708608,0.13848198782231613,0.4696822075301317,0.16339578084236409,0.11899436904024108,0.17327474215108832,0.03681288400821151,-0.011189312158166188,-0.5601467356672502,-0.07013463470393011,-0.1399665347376892,0.7898991252768606,-0.035265119609261944,0.9566477162938292,-0.11636484960523664,0.12593557868721192,0.4039037503504741,0.14961571685898511,0.12192162893725547,0.43544408473997676,0.15391192425352826,0.10419565548568664,0.16729360448883587,0.02743039810705555
258,True,2.5899999999999364,5.41690209985278,False,False,0.6526807346770828,False,78.48995801759884,-0.0,-0.8726646259971648,0.2538928858500261,-0.2094395102393196,1.9547687622336491,0.007270352223375499,0.7429633667618255,-0.16372588705299984,0.24543602324475558,0.41472893136610756,0.1804896262707341,0.11950749751735988,0.5005862904338481,0.07490595286866399,0.05505066257399319,0.18290495652783084,0.025549050833999228,-2.2378579560625167e-08,-0.7022882711527637,-0.10423957602133631,-0.2130102880948206,1.45,0.007270265487258766,0.7429637941006785,-0.1637257923311144,0.16148686286592664,0.4098919053299534,0.18048956465985036,0.15097908265674678,0.4940420346955567,0.07490611097957683,0.13116741721658304,0.1846423281165863,0.025549054864682574,-0.010826803500640086,-0.5950368570845641,-0.08040406480110103,-0.15793663560813,0.8897497108879943,-0.029418998051317827,0.9241027406274057,-0.13557326686854126,0.13262543651918002,0.40124662926366556,0.15953967126209695,0.12731220225973297,0.4441068248786773,0.15023342616154398,0.10898962336552041,0.1685758905253005,0.02998130060310208
259,True,2.5999999999999353,5.425220078734619,False,False,0.6150899117235521,False,78.61404097639024,-0.0,-0.8726646259971647,0.18148927018100014,-0.20943951023931956,1.9547687622336491,0.0027663477016615715,0.687203386969899,-0.11904379469618534,0.2460222610624863,0.4408397453202743,0.1549513875907523,0.11806680889639111,0.4978584395791538,0.04006967876293388,0.04665652912694294,0.19339479766018275,0.029845964655545433,-2.1653563693838085e-08,-0.725353476575039,-0.11227755695044647,-0.21451368044224628,1.45,0.002766283114192511,0.6872038607693495,-0.11904382775506356,0.15783777174314398,0.4357928589565988,0.1549513967117734,0.1489010453922105,0.49069239000344,0.040069899090375255,0.128577155006587,0.1953335954653262,0.02984596482383168,-0.010552628968986925,-0.6240587092534478,-0.08877195384892274,-0.17206073087089385,0.989499250272592,-0.023220542334937592,0.8857915241320928,-0.1429944070820024,0.13858656930757288,0.40323594808199636,0.1640252970744526,0.13232322139702649,0.45347178262901516,0.13727670822179638,0.11352812564916151,0.17175637586411838,0.030855946514163988
260,True,2.609999999999934,5.433941548994265,False,False,0.6133034822055979,False,79.71158396685496,-0.0,-0.8726646259971647,0.18148927018100014,-0.20943951023931956,1.9547687622336491,0.0027663477016615715,0.687203386969899,-0.11904379469618534,0.2460222610624863,0.4408397453202743,0.1549513875907523,0.11806680889639111,0.4978584395791538,0.04006967876293388,0.04665652912694294,0.19339479766018275,0.029845964655545433,-2.110521572784574e-08,-0.7216252105096654,-0.10671721655784497,-0.2162248042549683,1.4499999999999997,0.002766295664645514,0.6872037841448856,-0.1190438425973143,0.15787750478801021,0.435807735973608,0.15495140579366679,0.1487348764783532,0.49061989132675715,0.040069873111307816,0.12811827048513588,0.19538785624267097,0.029845966512044818,-0.010303487026234995,-0.6478621432191188,-0.09524634655921133,-0.18312730553220047,1.0835739486107183,-0.01774237625840021,0.8473494464780279,-0.14315719227081777,0.143444084065838,0.4079481401165375,0.16486458206334054,0.1365302065275207,0.4618873613514462,0.12076042403868407,0.11732219916064435,0.17577169024736156,0.03115149424573109
261,True,2.619999999999933,5.427974827598137,False,False,0.6068919593764494,False,80.46237495727837,-0.0,-0.8726646259971647,0.17317977986554745,-0.20943951023931956,1.9547687622336491,0.009560186169467086,0.6571390826922971,-0.08673508975323792,0.2532486447703853,0.4571271257947107,0.13609274498024831,0.12751908066996406,0.5126200674255939,0.01575226982257976,0.05780180823147764,0.19753962825389548,0.03572024260208071,-2.0606932835467995e-08,-0.7225913412615487,-0.1031279846787711,-0.21739369090461563,1.4499999999999997,0.009560161906807543,0.6571394632908006,-0.08673520259721727,0.16724787631289678,0.45221688304603014,0.13609280255568587,0.15757673929489024,0.5055196651541305,0.015752479735202163,0.13665013068617188,0.1995213780713713,0.03572023312272218,-0.009983238957921877,-0.6666644029211631,-0.09968687194551613,-0.19178579458453468,1.164574578889744,-0.012672787284719392,0.8109544630692612,-0.13784348658058176,0.14796889142974654,0.4145367022814192,0.1626569576934365,0.14056349332532958,0.47005768500140965,0.10281986035809573,0.12099220825529235,0.17999444959565397,0.031572448663136556
262,True,2.629999999999932,5.413903040407938,False,False,0.5876991351769032,False,79.53300001099706,-0.0,-0.8726646259971645,0.12986770018991062,-0.20943951023931942,1.954768762233649,0.025626668965809805,0.5169019748037803,0.017395594323038638,0.2595168664154041,0.41178048720783944,0.1474979279775678,0.12742275057335686,0.49615901133948165,-0.0029035992137283403,0.05265762432503327,0.13979217869092192,0.05158504071702071,-1.9966437982132934e-08,-0.7397241887247947,-0.10840833473734375,-0.21729548896476034,1.45,0.02562655710688958,0.5169025627332808,0.017395283845497794,0.16896966802056282,0.4062266998961895,0.1474979566312094,0.1571184851245067,0.4886930151110756,-0.002903386897355198,0.13582380700316043,0.14193546905984614,0.051585001808027914,-0.010257231122269972,-0.682558113089882,-0.10296111793835538,-0.1984373888662009,1.2307831731317325,-0.006873443210489,0.7676062652927205,-0.12140507650010779,0.15232293496794957,0.418308592465361,0.15969013265069099,0.14436386293558334,0.4764184385524936,0.08400416008560649,0.12444318983205863,0.17957679166875057,0.03347177767216509
263,True,2.639999999999931,5.402575653499918,False,False,0.5781983995062363,False,82.51462504267693,-0.0,-0.8726646259971644,0.1089931086930182,-0.20943951023931942,1.954768762233649,0.02198660543061176,0.4767668740476932,0.03836691556826942,0.256176644218892,0.3857504628176405,0.16231176037928205,0.11762313808199486,0.4800078918876765,-0.010535488929219733,0.04736203228393342,0.1204127727105077,0.04622804682858619,-2.051442121904501e-08,-0.7482864205695581,-0.10912609498761185,-0.217375751664211,1.45,0.015025993263615287,0.47786814176151937,0.038920463117498305,0.1661011353080724,0.378329839810212,0.16231175477471993,0.15291005786913178,0.4730673898965613,-0.010535299514290941,0.13042177942001346,0.12185699852329632,0.04622802192578343,-0.011092402229513649,-0.6967158691258881,-0.10561988177005854,-0.20347935791755803,1.2832439899933752,-0.0016060088248803978,0.7180077383388286,-0.09669626467540852,0.1559806898516516,0.41664106652690497,0.15832380041465133,0.1473226209843277,0.4795131972685756,0.06573828364713508,0.126985478379445,0.1735888218047809,0.035944510830705975
264,True,2.6499999999999297,5.392680046024406,False,False,0.5735392238734047,False,82.81637501204386,-0.0,-0.8726646259971644,0.10435846455173432,-0.2094395102393194,1.954768762233649,0.02611984871402436,0.44835515688888944,0.0769627361572188,0.26038146600723344,0.39347676274731574,0.17155157117395994,0.12503860666083552,0.48891080112899893,-0.011669545242688074,0.05685591707779055,0.11060585563480449,0.054210065986765935,-2.2184760088000965e-08,-0.7537413999305925,-0.1076596447281392,-0.21689013111238656,1.45,0.026119795394913433,0.4483556961838013,0.0769623888213118,0.1714830171208195,0.38808728290269406,0.17155154484639,0.15809312750309,0.48398748982898343,-0.01166939058938092,0.13403557225628573,0.11006395274330635,0.054210029234357894,-0.011775610204197609,-0.7092642547040694,-0.10766804763755393,-0.20724673995803883,1.3239930690140929,0.0032712069882479553,0.6677835500372513,-0.06776260348604964,0.15922050010841773,0.4125944807262374,0.1590035192551179,0.14981926720163427,0.4811455575675665,0.04944510859784546,0.1289344971171418,0.16433485036419013,0.038770647770366665
265,True,2.6599999999999286,5.383506866436391,False,False,0.5653254806239303,False,84.59983399370685,-0.0,-0.8726646259971643,0.08628247977389565,-0.20943951023931934,1.954768762233649,0.031406817574528643,0.4207069309400732,0.10142786012467017,0.26394696440160986,0.39691516813881317,0.17663938065901316,0.12761004187103722,0.49082175784632726,0.001000885823394554,0.05906943034675753,0.09991225203158793,0.08306474180792353,-2.3551173306685103e-08,-0.7652591348342076,-0.10975626574126716,-0.21589404656569466,1.45,0.03140676200313151,0.42070742509759557,0.10142752173821525,0.17546563239847324,0.3915893738780004,0.17663934537439635,0.1617426801672532,0.48780039731596136,0.0010009827263518026,0.1349226796219599,0.09718935625225482,0.08306465324049968,-0.011975788039595458,-0.7207867024849739,-0.10933730778623252,-0.20995044318800385,1.355228904751372,0.008247265119274651,0.6198311015205408,-0.03714647769293926,0.16241345447745828,0.40865678442086845,0.16116776558530138,0.15230234754166375,0.48263921187584335,0.03680667528329578,0.13061806267238157,0.1533346752129538,0.04397852233475785
266,True,2.6699999999999275,5.374917031494117,False,False,0.5622004387443824,False,83.71858298778534,-0.0,-0.8726646259971644,0.080790245575617,-0.2094395102393194,1.954768762233649,0.035324958019557116,0.4242738300475241,0.1017666966849725,0.2722296419703498,0.42038171751931264,0.1770502065491278,0.1332162561943502,0.5033425223099892,0.00832749371866632,0.0651953164230107,0.0998262976869664,0.09659978091576163,-2.395152817573354e-08,-0.7710761773122505,-0.10888672623705613,-0.2152537835377843,1.45,0.03344631412820165,0.424540662678903,0.10174404645390013,0.18360242216252562,0.4145879985667918,0.1770501747696072,0.17017238124529063,0.5019714426364799,0.008327550702414581,0.1404643529650155,0.09519569348097531,0.09659967571812335,-0.01149760608312067,-0.7314387175848645,-0.11067817218267169,-0.21181824772530394,1.3789563167078398,0.013061497191923285,0.5775880871409103,-0.008510911786194016,0.1659801466234692,0.40703005146799737,0.16388423219768594,0.15526301541876733,0.48513206279212445,0.028185815762944225,0.132449721721021,0.14223341009514973,0.051706170436867725
267,True,2.6799999999999264,5.366750559603573,False,False,0.5603075940650115,False,84.448000008706,-0.0,-0.8726646259971643,0.08174414984940594,-0.20943951023931942,1.954768762233649,0.04495476611775462,0.4199271656314617,0.09981502260606492,0.27985076851678053,0.42291931552918804,0.17753240733349146,0.13877085424758745,0.5014547464390468,0.008442488864417834,0.07884442786597887,0.09529468568724463,0.09722425163636701,-2.2995166175723836e-08,-0.7739484795878944,-0.10665628276465777,-0.2147832321480207,1.45,0.044954703101410615,0.41992748094365295,0.09981480595592629,0.19245308186667356,0.41772798096150887,0.1775323799914908,0.1782863091301622,0.5002297117747472,0.008442528428900732,0.1469584330839066,0.0911539698973581,0.09722416066687253,-0.010546336065962761,-0.7409443503072661,-0.11151503898200872,-0.21307322873660564,1.3968667140770454,0.018208940369288253,0.542351384210304,0.0158018417772676,0.1702704458266062,0.40761989783881264,0.16655705350338368,0.15901426950085037,0.48816296258055825,0.02249559389749221,0.1348276338888255,0.1319782346151115,0.060104111380593725
268,True,2.6899999999999253,5.358795134365211,False,False,0.5602324280570781,False,84.01670801686123,-0.0,-0.8726646259971644,0.08428296078427554,-0.20943951023931937,1.954768762233649,0.04479466342248094,0.3995489520390634,0.124911169653212,0.2734393406734809,0.4225811562602288,0.17068372609632818,0.13390850878630206,0.49841946576317886,0.03699435889008788,0.07083333488863576,0.09526052292451218,0.11468942514115721,-2.1092629948205044e-08,-0.775867939651135,-0.10414566384109834,-0.21438922435231453,1.45,0.04479461014757037,0.399549237643175,0.12491095143494366,0.1855408270841407,0.417393585847597,0.1706837178582876,0.17191596448042898,0.49736583680582985,0.03699432986914679,0.14119057300102644,0.09072752954420542,0.1146893159433173,-0.009439640681383019,-0.7491342909572171,-0.11182960964569552,-0.21388633799083873,1.4103261247283179,0.02335243763405978,0.5122968258274231,0.03742491916025774,0.17423624630538545,0.409159468929276,0.1683857468050975,0.16253625958027249,0.49075352026974267,0.020835766292425072,0.1369856611960125,0.12304189547692317,0.06917457780036385
269,True,2.6999999999999242,5.351190422887428,False,False,0.556641951979078,False,84.1763750067912,-0.0,-0.8726646259971644,0.07655494983684959,-0.20943951023931937,1.954768762233649,0.04581562794208358,0.3964873089138171,0.1251295955000845,0.2738589086838247,0.4265276446350726,0.1703974306262244,0.13282923456763335,0.4962050050449979,0.038653043197112005,0.07075406561733183,0.09505374796208065,0.11675674302714319,-1.8879243604205675e-08,-0.7815670604170326,-0.10379070868493913,-0.21385464288128106,1.45,0.04581558328795563,0.39648754053700797,0.1251294200909056,0.18560656752709065,0.42135091491702387,0.17039742658888749,0.1720895482767629,0.49625245655645916,0.03865300758102591,0.140223153853724,0.08927966597776517,0.11675664788979241,-0.008330893036796133,-0.7563417944823088,-0.11179302506205574,-0.2143609647897677,1.420408537585081,0.027996456133506212,0.4868246382783908,0.05640903618784561,0.1773745921013609,0.41120013448270887,0.16937217870245513,0.16534690900687218,0.49267324657782885,0.022196366474468703,0.13851780177068923,0.11555063507658167,0.0782865620252563
270,True,2.709999999999923,5.344051528849619,False,False,0.5552625351026846,False,83.46670895116404,-0.0,-0.8726646259971645,0.07127372564814802,-0.20943951023931945,1.954768762233649,0.0430582770320109,0.3818713861198253,0.13651572896405767,0.2701428385757291,0.41529067586658164,0.1776754007371326,0.12077011177200712,0.48753229278256865,0.05224469480536155,0.06049458151754165,0.08062955443662492,0.13488648366305883,-1.6661752750071757e-08,-0.7859578085748513,-0.1029210286439079,-0.2134297526390713,1.45,0.0430582471061073,0.38187159603119686,0.13651556875073217,0.17702674242678862,0.40985722665043534,0.17767538409654152,0.16357213755617178,0.48757796749404564,0.052244634751193154,0.13176981148602063,0.07472453284248817,0.13488637053934588,-0.00742535838638305,-0.7628636608148972,-0.1115203381385179,-0.21458389936365616,1.4279440440926205,0.03174627519752505,0.46492555874121194,0.07300789058667004,0.17917955603684577,0.4124841253315875,0.17047573214543943,0.16691707521958757,0.4934570653353936,0.025754489363808024,0.13901333811086058,0.10832899286557074,0.08786142266201731
271,True,2.719999999999922,5.33770026411354,False,False,0.5540322839242401,False,83.48416700027883,-0.0,-0.8726646259971643,0.061450697461585366,-0.20943951023931945,1.954768762233649,0.04663322986983721,0.3735196690723642,0.1424909316287372,0.27372187530612035,0.41852271920529555,0.18590758761935997,0.11079620717272885,0.48435358319489286,0.06446172972822325,0.050523864932512784,0.07211168255819693,0.14741223665202705,-1.4850687071570057e-08,-0.791919293642414,-0.10293310752611452,-0.21296841116920795,1.45,0.046633204084629724,0.373519851981372,0.14249079266139808,0.17178638403625415,0.4125994515108513,0.18590755678123566,0.1588258330152903,0.4844016660602423,0.06446165227611568,0.12690021698608112,0.0657992172631883,0.14741211746168686,-0.0067278842201157815,-0.7689715344500467,-0.11114499560264433,-0.2146693651770981,1.4335666613711033,0.03485625578726259,0.44582671838840787,0.08761102372436849,0.17956991669393096,0.4130726387617002,0.17242456218597532,0.16717871932912118,0.49314342041300274,0.03127091076340333,0.13836350279981827,0.10080561384087171,0.09819212180567022
272,True,2.729999999999921,5.331929756175961,False,False,0.5501454305746994,False,84.6321249846369,-0.0,-0.8726646259971643,0.05418577169062301,-0.20943951023931923,1.954768762233649,0.0473311473230307,0.37065391099502504,0.14840754037688034,0.26822353001368454,0.42352555434212535,0.18518969797334506,0.11174263477575917,0.48204496400998553,0.10352140048866053,0.0498001433355774,0.07400684354737877,0.15574659969529814,-1.345574152881307e-08,-0.7966920288210031,-0.10244330791010894,-0.21258638422545673,1.45,0.04733112214051272,0.3706540613340601,0.14840741878408498,0.16951072947044657,0.41780591701603437,0.18518967247057766,0.1569261385064344,0.4820822513971023,0.1035212559583483,0.12527735709598317,0.06777843266531777,0.1557464845192727,-0.006102356114158492,-0.7747956523627301,-0.11073789717846505,-0.21469266123347,1.437756781454061,0.037529046471078596,0.429552422817549,0.10039124599741761,0.17896854765080747,0.41379859862738266,0.17474210324560924,0.16655587556127904,0.4920927770546526,0.04047890388740758,0.13698915922292762,0.09384345628674122,0.10874988319739254
273,True,2.73999999999992,5.3264702652676075,False,False,0.5489790242805687,False,84.48700001463294,-0.0,-0.8726646259971643,0.051921903770751864,-0.20943951023931934,1.954768762233649,0.04646311657739493,0.39259164335395225,0.12627342611109027,0.27360661885898024,0.4462432343952716,0.17265067725001662,0.1160332544253932,0.502788209254803,0.09754909467175005,0.05522265074273389,0.08944557496476621,0.14258572063676792,-1.2204687818533067e-08,-0.7993780184322851,-0.10104306584806072,-0.21230737303605252,1.45,0.04646309851926668,0.3925917172704873,0.1262733743467664,0.17406229298615486,0.4404856121969013,0.17265068143258153,0.16211230005735638,0.5028285869222517,0.09754898053235758,0.13075248435894302,0.08321873888213524,0.14258565296790326,-0.005305745942409043,-0.7802185837335607,-0.1102518366950299,-0.21466898408496488,1.4408108760217204,0.03967594039398483,0.41792547020495624,0.10940369456703239,0.17824242303157883,0.41645062958230405,0.17598395558387864,0.16592242639152818,0.4923024874105992,0.05112049403649777,0.13580497703367606,0.0892113180303516,0.11743340273568335
274,True,2.7499999999999187,5.321175830478234,False,False,0.5478557376075177,False,84.4609999912791,-0.0,-0.8726646259971644,0.046586731035847324,-0.20943951023931945,1.954768762233649,0.0503301261771457,0.4042203164292309,0.11961161348903779,0.2739336305955245,0.45887770960264584,0.16437866913311175,0.11186377372376757,0.5071412479840653,0.09022969547673824,0.051892447774265014,0.09537783196837149,0.14324932250794692,-1.061147066310636e-08,-0.8031173538122984,-0.100261880859079,-0.21200855501201676,1.45,0.05033010509361605,0.4042203438456214,0.11961159307341697,0.17114725173209022,0.45293354542694486,0.1643786923202706,0.16000531106635654,0.5071794791332648,0.09022961728270618,0.12927341645373905,0.08900038208600917,0.14324927093570727,-0.004418289238382409,-0.7852405676311378,-0.10967074304313916,-0.21459353859669936,1.4421374846468176,0.04161276010489215,0.41128735391791976,0.11444860792213835,0.17749514562835222,0.42141467723552356,0.17554233000604794,0.16538971865169616,0.4941228123314845,0.06028245838421624,0.13492716736687524,0.08708918616829772,0.12388050297100393
275,True,2.7599999999999176,5.3160557926197045,False,False,0.5531107668080224,False,86.11045900033787,-0.0,-0.8726646259971643,0.06940727046796864,-0.20943951023931945,1.954768762233649,0.051596552501308506,0.4057103902874943,0.1186803929889421,0.2709761347523772,0.46417504733658804,0.1626895624709254,0.1096094748555148,0.5204222860412845,0.08873329058923282,0.053822543584150985,0.10491539762878835,0.14618882206812156,-8.836560803394955e-09,-0.7958980853587727,-0.09442732939278899,-0.21211613369236143,1.45,0.051596532605290825,0.40571040144338927,0.11868038452547347,0.16939590829291612,0.45829119418561753,0.1626895881634038,0.1585649124435655,0.5204534916719713,0.08873323370103472,0.12872277791405387,0.09874030536459057,0.1461887774861988,-0.003618799866737347,-0.7891086395200394,-0.10864175870492877,-0.2145191061506346,1.4423861906217539,0.04348456335857592,0.4080289010421327,0.116979522540041,0.1765830354244041,0.4276547272427171,0.17402817173552873,0.1647733249813783,0.497579912955803,0.06736526474365016,0.1341793996879622,0.08712370688485964,0.12892339339395426
276,True,2.7699999999999165,5.310855206668779,False,False,0.5819519967494291,False,85.56283399229869,-0.0,-0.8726646259971644,0.15003069016234188,-0.20943951023931945,1.954768762233649,0.06378703695820669,0.45769760970486034,0.1103672006895515,0.28645414150983917,0.4907997061248374,0.16808059586190516,0.1156878631017453,0.5507997316755766,0.07712684605975988,0.06299046339955261,0.14564374060267216,0.14407920760940823,-7.237585258109552e-09,-0.76637003832242,-0.07835774924075561,-0.2130076779209341,1.45,0.0617024288517007,0.457690477250981,0.1103672139135118,0.179980157223294,0.4843497149782727,0.16808060774524894,0.1694275551421008,0.550825310231777,0.07712682655162778,0.14104145970594367,0.13920151936473893,0.14407917734457906,-0.0026332581314840167,-0.7895893510753988,-0.10613135668629417,-0.2144947438253954,1.4421857495100148,0.04591501090453461,0.4105275271175562,0.11756127061092193,0.1763337116259363,0.43592161809049335,0.1726138255767673,0.16485969111460688,0.5041740346985211,0.07179295794045332,0.1343986678818908,0.09153996294669256,0.13273616695103643
277,True,2.7799999999999154,5.297677524912312,False,False,0.6024555850681649,False,85.87099995929748,-0.0,-0.8726646259971643,0.1964008999671526,-0.20943951023931945,1.9547687622336491,0.05997273209604374,0.648348283243937,-0.02274201400956537,0.27208665257166126,0.5405459949817378,0.08336554382822517,0.10142097094692026,0.6082810020111812,0.015451797474016123,0.04811180183113797,0.2202221017276102,0.02927953422372817,-5.266505729781268e-09,-0.7489219943656863,-0.0678161710286368,-0.21376049888808854,1.45,0.04557154760193209,0.647483649305441,-0.02274173340942061,0.16390076736064987,0.5336370954383636,0.08336572235999551,0.1571615788873294,0.6082676079396273,0.015451910147459572,0.13698571470747287,0.2128729575734717,0.029279741171670287,-0.0009629572916372195,-0.7861698317012698,-0.10189459886653991,-0.2145546568110491,1.4418439047862257,0.047510113001268194,0.4317290826137172,0.1063857615205725,0.1756596695053941,0.44895677638533965,0.16492385991989636,0.16479415553310287,0.5169412906860708,0.06937572028941873,0.13514539886630497,0.10460427094477354,0.12653052072870907
278,True,2.7899999999999143,5.284595995729838,False,False,0.6220454348508447,False,98.56375004164875,-0.0,-0.8726646259971645,0.23935155790000526,-0.2094395102393195,1.9547687622336491,0.09139049828329238,0.916391872052336,-0.16468250700892229,0.2967086645379128,0.6217728754046229,0.028711102618784234,0.13148648541636812,0.6598704899656578,0.004807794699197343,0.07244807497088529,0.2867801525697292,-0.017739388321077493,-1.925910731348686e-09,-0.731061950714869,-0.05654790556084666,-0.21501401527276018,1.45,0.05763106074753505,0.9142168027739253,-0.16480496346271756,0.19666978973201094,0.6130140696486557,0.028711375065917644,0.1911456631234284,0.6598122348967765,0.004807923696289462,0.1707097736967877,0.2786184461547433,-0.017739100396875512,0.0018648129318801468,-0.7794721494466614,-0.09616902178733248,-0.21475617040368367,1.4414994951467943,0.048862428932938705,0.48605948298279034,0.07528863130149911,0.17663762843576256,0.47047702501592187,0.14798356556336456,0.166674428016132,0.5369824863808972,0.061289503718425654,0.1384050552201827,0.1276718940928664,0.10889613832543991
279,True,2.7999999999999132,5.274239098883065,False,False,0.48886090356720063,True,97.19158295774832,-0.0,-0.4721999065942413,0.10514000903460538,-0.2094395102393196,1.3617578268454889,0.05863571166678489,1.1511361620534446,-0.2884238361452615,0.2394215058302468,0.553199480059538,-0.05837940189670694,0.08080574361516613,0.5379497587495572,0.049449292664675945,0.03269661699651667,0.2654177088479958,-0.09102530616845293,-1.925910731348686e-09,-0.731061950714869,-0.05654790556084666,-0.21501401527276018,1.45,0.05763106074753505,0.9142168027739253,-0.16480496346271756,0.19666978973201094,0.6130140696486557,0.028711375065917644,0.1911456631234284,0.6598122348967765,0.004807923696289462,0.1707097736967877,0.2786184461547433,-0.017739100396875512,0.004322405759528796,-0.7714979758922381,-0.08994219070908906,-0.21499738648396327,1.4412057399076337,0.05040640237789781,0.5580265869843364,0.03445090376332442,0.17941059311016874,0.49594650450406536,0.12719968201437568,0.17040892387753492,0.5596106647824528,0.05147277302815603,0.14361898786958033,0.15460466599094863,0.08692435432894305
280,True,2.809999999999912,5.264093502395023,False,False,0.13098229059921387,False,95.26712499791756,-0.0,-0.25824975451487964,-0.007974745540037062,-0.2094395102393196,0.9094927682186766,0.0714798875372724,1.182052912034182,-0.0931071969675521,0.20534745310413988,0.46657575133020307,-0.008784749554795176,0.07299937258152611,0.5083162733114736,0.059798380463283625,0.04242715059172241,0.20390400357183666,-0.10220060751113517,8.644794229420438e-09,-0.25825078100926924,-0.007974909474599584,-0.20943952135504984,0.9094938316424933,0.013337407887332856,1.1784217587221801,-0.0928538503354253,0.14868131824245998,0.4643385685309953,-0.00878447761681636,0.13976015263507963,0.507933731359489,0.05979836383602949,0.12018732620365419,0.19736839193164574,-0.102200229177968,0.004407791341856712,-0.7281118005135762,-0.08070187116072688,-0.21533774929092261,1.4010153672543944,0.04864816516698332,0.6416664013273962,0.00013137330199471141,0.17922013403678239,0.5088937545945693,0.10451426198176136,0.1708199398545423,0.569167115248984,0.046519332596669724,0.14537152524436484,0.17373326100380468,0.05921116423871608
281,True,2.819999999999911,5.254660751027289,False,False,0.12866867990873446,False,90.98812501179054,-0.0,-0.1343176994419809,-0.0110904900013776,-0.2090113541597522,0.5299205354716581,-0.050581356507884034,1.1684077213348114,0.1560698107218179,0.1459498206633493,0.4713684248068834,0.047732931781259244,0.027841864556721205,0.5049643600771531,0.036590109926827215,-0.010677042596981998,0.2396809145775194,-0.11536607754155824,8.815565053117702e-09,-0.1343188870278078,-0.011090629223861545,-0.20901136681251714,0.5299222776578371,-0.05058115699591806,1.1684066678478513,0.15606949884684915,0.06452325173284164,0.4713685006944261,0.04773304549680653,0.079321186172868,0.5072161639081011,0.036590129653316775,0.07306841610301332,0.2241115993832731,-0.11916692651097407,0.002964477660289963,-0.6525043551149302,-0.06968195133412004,-0.21538294516401663,1.3252101815472894,0.03921188382734908,0.7337644434213186,-0.005135737749092202,0.1698356092013435,0.5100129756363705,0.08671369931882503,0.163422438921399,0.5664532852855314,0.04444656080797645,0.14008898068427217,0.1864009007302878,0.027818760103581107
282,True,2.82999999999991,5.256142285155813,False,False,0.12753173069757232,False,90.52262495970353,-0.0,-0.1343176994419809,-0.0110904900013776,-0.2090113541597522,0.5299205354716581,-0.050581356507884034,1.1684077213348114,0.1560698107218179,0.1459498206633493,0.4713684248068834,0.047732931781259244,0.027841864556721205,0.5049643600771531,0.036590109926827215,-0.010677042596981998,0.2396809145775194,-0.11536607754155824,5.928943462487485e-09,-0.13431873581321951,-0.011090607184065904,-0.20901136690290872,0.529922126047769,-0.050581179698647394,1.1684068520914515,0.15606948832318246,0.06507065636160256,0.47136850111770173,0.04773300958497573,0.07844672942032282,0.5070058406882939,0.03659012586164358,0.0724724146980778,0.22448008683856222,-0.11896964642349361,0.0006687662333580884,-0.5640636925292162,-0.05921671120407502,-0.2150632398905568,1.2350431060091356,0.025065695709489678,0.8221346721426372,0.011721133966660385,0.15434807572039413,0.5062688350008596,0.0750953884460684,0.15110534259259,0.5588376857559818,0.042848031208355605,0.13054941017063226,0.19595027498213838,-0.0020371674952912935
283,True,2.839999999999909,5.266504204356012,False,False,0.12753173069757232,True,83.59325001947582,-0.0,-0.1343176994419809,-0.0110904900013776,-0.2090113541597522,0.5299205354716581,-0.050581356507884034,1.1684077213348114,0.1560698107218179,0.1459498206633493,0.4713684248068834,0.047732931781259244,0.027841864556721205,0.5049643600771531,0.036590109926827215,-0.010677042596981998,0.2396809145775194,-0.11536607754155824,5.928943462487485e-09,-0.13431873581321951,-0.011090607184065904,-0.20901136690290872,0.529922126047769,-0.050581179698647394,1.1684068520914515,0.15606948832318246,0.06507065636160256,0.47136850111770173,0.04773300958497573,0.07844672942032282,0.5070058406882939,0.03659012586164358,0.0724724146980778,0.22448008683856222,-0.11896964642349361,-0.0021826627049107965,-0.47813589232557363,-0.050073005129094274,-0.21439498577183325,1.1390940196615718,0.010469398803528792,0.8990968944960325,0.03564693739840701,0.13788699500778248,0.5009253604686943,0.06730838528211328,0.1379508836769645,0.5500072741998419,0.04159136617174651,0.12021018475368776,0.20311106049744843,-0.027762377918501984
284,True,2.8499999999999077,5.2799511781376784,False,False,0.5039901173745154,False,81.38758299173787,-0.0,-0.5089519606292972,0.00047253220529271984,0.5972923295590542,-0.3490658503988511,0.02943043467387839,1.2351833157948502,0.13689996123211665,0.14980577490189165,0.4874233742950079,0.013664420055361032,0.03725192724032792,0.5249713636593656,-0.020849945724752565,0.00962741159645586,0.24931508833223573,-0.12854005301959065,-4.365316679313946e-09,-0.49441689519017895,-0.03476128980545538,0.5967787518097447,0.13909401966157176,-0.009157385680430471,1.235498626828659,0.13689975882195915,0.09015992171455314,0.4837229199937526,0.013664526205506893,0.09522231098022407,0.5230502639520563,-0.020849819015297637,0.08581035640739856,0.24436655214254807,-0.12853984856911713,-0.004953700953863608,-0.43144829717307,-0.04432193895442059,-0.17380118530883037,1.0407670277344319,0.00048290221412355754,0.9677611371122673,0.058097458511326944,0.12463392541875574,0.4965516095498914,0.0592868294826118,0.12710929881890543,0.5429844548657046,0.036075625479892785,0.11167997826435637,0.21002355103301204,-0.049561909433357046
285,True,2.8599999999999066,5.308915526782923,False,False,0.9976508870571694,False,88.11220800271258,-0.0,-0.364379363737349,-0.021557584888897273,0.5761951330218924,-0.34906585039886584,-0.02542650848040836,1.3518602596179419,0.2141580227071423,0.12597278198106332,0.4256996682198179,0.11553489456076715,0.03149631671393407,0.4682948839355964,0.0632154970446871,0.00703292421658952,0.2193152891490147,-0.14321647735900014,-0.0024768554306228516,-0.3979138976714496,-0.03293978470403094,0.20119622386164204,0.5407670277344319,-0.012471778040271645,1.1598103142669702,0.13612758454898252,0.09354968783155433,0.4611257102315484,0.08741080585621616,0.10054183655279506,0.505639744094715,0.04964553405263251,0.08962243657756186,0.2144751951633211,-0.09638909982333702,-0.007771859395487854,-0.41247465164512703,-0.04127333436783623,-0.10928226710136144,0.9438297579063518,-0.005065878288816716,1.0219147407431723,0.0766022945726021,0.11541975925117444,0.4917543499230678,0.05653705795626269,0.11948143514939513,0.5367108850297208,0.03274563922490644,0.1056600098693888,0.21446561098545672,-0.06503186871019793
286,True,2.8699999999999055,5.354103558903236,False,False,0.8904776009468497,False,87.34183298656717,-0.0,-0.31458982479643494,-0.035283644113872144,0.5371153281645594,-0.34906585039886584,-0.043759384213499085,1.339919283974725,0.19617570981564106,0.1098801877649247,0.38113893935521503,0.1494958375246641,0.011058517737440189,0.41524769954904767,0.09899101999452814,-0.015070963139514861,0.2085144069474122,-0.15486930592767373,-0.003885937469587781,-0.36353233632744364,-0.03827849526905881,0.2139158841355969,0.4438297579063518,-0.024412593288678265,1.1809166943628377,0.1363888826209455,0.07758245525821672,0.4364467559793114,0.10301635489585687,0.08807463159417486,0.4759794134432111,0.0658682632448295,0.08060756781263695,0.21126121908024034,-0.10995049764196757,-0.010681638493972113,-0.4005862573756727,-0.03993154175037213,-0.0458033311785524,0.8497784565351153,-0.009130644464393668,1.0625320674920486,0.09131263882171176,0.10795114371803383,0.4846019960778972,0.060307867762911145,0.11338583090802931,0.5285478941139585,0.03468852015258956,0.10086820466373565,0.21608008814739765,-0.07595071911976739
287,True,2.8799999999999044,5.412414244503349,False,False,0.791460653431705,False,87.30504097184166,-0.0,-0.2544532947138797,-0.07392427853338598,0.5163297103046592,-0.3490658503988658,-0.04712423564198533,1.3188507445994755,0.18398124127585977,0.09369542868726727,0.34400692410490813,0.1537750833994607,-0.002227409592593937,0.3941548031765295,0.12230804686179045,-0.03676693796967265,0.19210854267594132,-0.1508949470097575,-0.005340829928603189,-0.3275199223109547,-0.0569278761837108,0.2352626274317841,0.3497784565351153,-0.028654282618918225,1.1906757316356211,0.13764684738036864,0.06411164075966683,0.4143046011780016,0.10704138218766647,0.07771028320368431,0.4613514826772696,0.07849819581238618,0.07317746161211572,0.2038235732524263,-0.11342275823753958,-0.01348831803007518,-0.3888512834751427,-0.04104221177235467,0.011933943112135286,0.7567827253688141,-0.012883435908727973,1.094381800909272,0.1028301634069806,0.10049258895406787,0.47471337269749087,0.06720275741914068,0.10741301930446856,0.5183175743024435,0.040161898238277066,0.09625477872910575,0.2157062307631594,-0.08454950113987346
288,True,2.8899999999999033,5.476518671103935,False,False,0.6996708870933983,False,86.20466600405052,-0.0,-0.24077938442577745,-0.08283623296278377,0.5171601601794017,-0.3490658503988658,-0.09667670102751667,1.3323707890633143,0.16601889732425865,0.08045656142327512,0.3466435446744055,0.16432830545110377,-0.00948282950414983,0.3747756590838213,0.1650021592938745,-0.043337679733582504,0.17136384024682202,-0.12579322370191093,-0.006744172503328646,-0.3148154815880421,-0.061939180506457414,0.26454654641863357,0.2567827253688141,-0.05477998271853288,1.2133760569730538,0.13442446717701206,0.05432023889368246,0.41067858541156066,0.1157654341192145,0.07026315505457592,0.4465467611197086,0.10258190407367457,0.06776192093353317,0.19325630882415448,-0.1051713209167785,-0.015949952946434233,-0.376180955145389,-0.04416756285867089,0.06370249130630602,0.6641713406949225,-0.01824508095487054,1.1210295217698771,0.11146779110611423,0.0926387876133419,0.46370775213296517,0.07537851874126039,0.10122139773206593,0.5067167189731163,0.04880250460608475,0.0915554418093076,0.2134629773242692,-0.09068200769000094
289,True,2.899999999999902,5.491460721575196,False,False,0.6048163113974315,False,84.9637080100365,-0.0,-0.24077938442577745,-0.08283623296278377,0.5171601601794017,-0.3490658503988658,-0.09667670102751667,1.3323707890633143,0.16601889732425865,0.08045656142327512,0.3466435446744055,0.16432830545110377,-0.00948282950414983,0.3747756590838213,0.1650021592938745,-0.043337679733582504,0.17136384024682202,-0.12579322370191093,-0.007974992423138165,-0.30848030579680413,-0.06350185926565091,0.2904308722869745,0.16417134069492245,-0.057460814122953396,1.226699944071135,0.1387432896641893,0.05056988074512567,0.40517576686111484,0.11985332332659875,0.06741316430874858,0.4407463207003789,0.10690221575339473,0.06546482432003639,0.19212464911260874,-0.1082375808769175,-0.017956986350938765,-0.3636274391426819,-0.048093694471865726,0.1101678303822611,0.5716997593017751,-0.02487026598012387,1.1443272990451063,0.11812787097267576,0.08483052628737021,0.452936299012188,0.08375867144691332,0.09512693248945485,0.4948728929713123,0.058969278922460275,0.08696953417220923,0.210220298001773,-0.09502766254738322
290,True,2.909999999999901,5.485767138280335,False,False,0.5525813268884757,False,84.47475003777072,-0.0,-0.20708066856566978,-0.06472340790771756,0.5077760416540967,-0.34892196604745274,-0.08924408593077578,1.317710827103633,0.21693058586471042,0.07934327069786268,0.2828926526120891,0.2068107319326805,-0.007726734052356626,0.35322473035680985,0.17973156852193675,-0.03523301718816523,0.16403691283167307,-0.1319537698739543,-0.008978511132419818,-0.2853542098486528,-0.05640853454849442,0.3089715384102363,0.11138981724704533,-0.05705710989379836,1.231018889697847,0.1675291296161758,0.04799622039425609,0.3679146447208559,0.14528457849758974,0.0654455723790144,0.42404895348251004,0.11935030295512986,0.0637262979445828,0.1868542053289733,-0.11349067907844636,-0.019709598838065782,-0.35056932287080417,-0.051427848546259924,0.15147026173005837,0.4824088844523768,-0.03133218493957257,1.1643530924776697,0.12563813150694578,0.07756625814004453,0.4404254559720864,0.09341976479002594,0.08948897339858522,0.4827708313828637,0.06970336707697909,0.08272224492453495,0.20648102780154834,-0.09868233170059183
291,True,2.9199999999999,5.480471084908299,False,False,0.5110377070187417,False,84.17074999306351,-0.0,-0.2234463891265224,-0.11571152714830242,0.5677566494752054,-0.3490658503988657,-0.06269183255405596,1.338138660189493,0.23108779450934436,0.08077425582043886,0.28517735997300614,0.1851362901041361,-0.0008191932087334847,0.36143356339807875,0.14384260406998017,-0.03788228907706466,0.15859750383504978,-0.11646054416010924,-0.00985481912859231,-0.2870079829404744,-0.08356962356254186,0.3596130393170147,0.0666723484998274,-0.0470119767935588,1.2512457025491175,0.17836285755869297,0.046044549705702556,0.36280156289237503,0.13927793569053862,0.06392270233809294,0.4221023187679189,0.10677291143460362,0.062277930061438024,0.18223962425695295,-0.10757142010442333,-0.02110086331142908,-0.3380879162833149,-0.055936727469235024,0.19054050218700502,0.3993269043203526,-0.03619386401872203,1.1824325827472997,0.13456532276819105,0.07109693385953463,0.4268243749848732,0.10296664490605648,0.08448563299491355,0.4711858334517243,0.0788903530833706,0.07892358928104194,0.20241213337679687,-0.10136540186322181
292,True,2.929999999999899,5.4755527689976,False,False,0.4633718289227879,False,83.66429200395942,-0.0,-0.2234463891265224,-0.11571152714830242,0.5677566494752054,-0.3490658503988657,-0.06269183255405596,1.338138660189493,0.23108779450934436,0.08077425582043886,0.28517735997300614,0.1851362901041361,-0.0008191932087334847,0.36143356339807875,0.14384260406998017,-0.03788228907706466,0.15859750383504978,-0.11646054416010924,-0.010550452756535648,-0.2807672669857016,-0.08582406751288427,0.37914819861447235,0.02513127535200138,-0.04944282144927848,1.260285465757279,0.182826462116489,0.04299313152390857,0.356001008347142,0.14405138524399969,0.06158237625307101,0.4163098084159893,0.11136641363887048,0.060331201830696096,0.1801951563645945,-0.10891295774877477,-0.022097592490150905,-0.32687119651956315,-0.06161909104904448,0.2276310669494816,0.32351360238930765,-0.03963296612188298,1.1991050720995826,0.14378588659373373,0.06538893052675683,0.4135928622511368,0.11147292783526641,0.08008125781769351,0.46061791362309973,0.08624302215633035,0.07554242804056532,0.19834152667293245,-0.10322111052423442
293,True,2.939999999999898,5.467416511356619,False,False,0.2440141629942707,False,80.54254099261016,-0.0,-0.2234463891265224,-0.11571152714830242,0.5677566494752054,-0.3490658503988657,-0.06269183255405596,1.338138660189493,0.23108779450934436,0.08077425582043886,0.28517735997300614,0.1851362901041361,-0.0008191932087334847,0.36143356339807875,0.14384260406998017,-0.03788228907706466,0.15859750383504978,-0.11646054416010924,-4.419509658931675e-08,-0.340641872955153,-0.20298679180754772,0.500079391555549,-0.35213991537872874,-0.03661805087714763,1.2089929864777387,0.17159934502494287,0.03238127181615577,0.28517761279047715,0.1851361422945509,0.051424496782494125,0.3614337631555787,0.1438424889955036,0.04948131661790503,0.15789680472697115,-0.11646051682883335,-0.022709526968234597,-0.3217352891020527,-0.07609288881021045,0.2699885799062902,0.24015985121820138,-0.04126341902029965,1.2097406409314218,0.15138859024970258,0.05975267916388778,0.39637796781051876,0.12203815510615255,0.07559345892762198,0.447285306837664,0.09477601032080028,0.07183764493518345,0.19295613457128377,-0.10515611984681651
294,True,2.9499999999998967,5.456535945225256,False,False,0.2158883829428706,False,79.86562501173466,-0.0,-0.20977501851813712,-0.1065535223066032,0.5538138492511612,-0.3490658503988656,-0.016794585761996134,1.3195196330617363,0.2399881471398682,0.08628089630703253,0.2632291441158647,0.1878399936149037,0.002292496592246534,0.35728771307206186,0.13890949204333158,-0.03535480988516012,0.15176257093215315,-0.11924062078137261,-4.541896309745441e-08,-0.3118353729602269,-0.17969497100653514,0.4913319790990466,-0.357481134617451,-0.02271568541422136,1.2143346248728304,0.1912762568308417,0.04780566237534682,0.2632294099578198,0.18783986195938973,0.06241003286951488,0.35728789316439985,0.1389094037932511,0.05575051849275192,0.15100822529705293,-0.11924059256781505,-0.022867182283589815,-0.31980699412007296,-0.09532059994841967,0.31345129842936653,0.14696175868187505,-0.04042743086166926,1.2150694331081917,0.15854522648517003,0.05549360231005749,0.37509170521907814,0.1339917531694776,0.07198558593822615,0.43190959781951976,0.10363717930764445,0.06846538307465821,0.18626368260254686,-0.10740892513772603
295,True,2.9599999999998956,5.445189314683759,False,False,0.20859809078451708,False,77.75791600579396,-0.0,-0.1887598344695069,-0.08708397933729903,0.5321191776117097,-0.3490658503988657,-0.024912019842720894,1.3247480590979495,0.22519684502631376,0.08341810642848196,0.2588324249481848,0.19111483900266218,0.0020139452923653833,0.34311677319383255,0.13683514361489088,-0.03878701304391428,0.14626362725193232,-0.12018758120657103,-4.573427310125555e-08,-0.2895513987675179,-0.15528096746916903,0.46599998789990793,-0.36361184327837553,-0.02418819255546298,1.2295519477927643,0.18024888236570918,0.04160398458636931,0.2588326577739589,0.19111472479179925,0.05750804048909555,0.34311695071746956,0.1368350772041632,0.05181269757092445,0.14549170341383083,-0.12018755566070591,-0.02257572366543323,-0.3166455478864578,-0.1116336230134903,0.34985942334746034,0.051464317027760303,-0.0382464675758934,1.2189316418928722,0.16453353962165565,0.052426072583227394,0.35332059080086076,0.14541948675122918,0.06920893736526067,0.41618324347082947,0.11121700213688458,0.06555325734162894,0.1791015748494769,-0.1097176167881326
296,True,2.9699999999998945,5.433912937709693,False,False,0.21407885958268313,False,77.90587499039248,-0.0,-0.19626376598211806,-0.07512424628154245,0.5448001737708857,-0.3490658503988658,-0.013362898520025502,1.3320436046558295,0.21874868460404423,0.0856656038950745,0.2635153602689674,0.1967804229618593,-0.0015406740339964304,0.3462508869769704,0.13409479409324837,-0.03688056220547986,0.14552147519433598,-0.12158488618385849,-4.515135702473638e-08,-0.29757458933895864,-0.14360406969828823,0.484098418219717,-0.3605791314269079,-0.018496548925535018,1.2262980484300685,0.16765309169002654,0.04419411094265959,0.26351553892697144,0.1967803200722965,0.058903906808705546,0.34625102829442034,0.13409474847466116,0.05180913120545522,0.14474702880727597,-0.12158486168731249,-0.02175913387399935,-0.31318149796299016,-0.12305433924086315,0.3795364720535534,-0.0355429348440781,-0.035376056731382194,1.2220851560010264,0.1679240702881785,0.05017910551590071,0.33398926973492393,0.15583066374573443,0.06702386462740445,0.4017887604769923,0.11707117162118254,0.06301756747028486,0.17229800033340972,-0.11193290901593535
297,True,2.9799999999998934,5.4227889999019645,False,False,0.20167011132738788,False,78.0417500063777,-0.0,-0.1812927815252713,-0.0815527554352168,0.5221361334361285,-0.3490658503988658,-0.01806050453484461,1.315567676263572,0.24393086890753654,0.07884821877714002,0.25207851283894556,0.1969878858797511,-0.004910209992595123,0.33016774739153054,0.136754042916074,-0.04084834046579373,0.1355168721366684,-0.12021541154648235,-4.351818071873792e-08,-0.2776748088517458,-0.14357346211116867,0.46036880476850206,-0.3650484789420111,-0.02133702458842644,1.2227942555742064,0.19861807104753915,0.035743366328067794,0.25207867707939924,0.19698780362937426,0.05226887611421596,0.33016789014289377,0.13675400349740788,0.046702479950556305,0.1347370769688103,-0.12021539521320639,-0.020574823992323875,-0.30875265540983765,-0.13065990781379708,0.4018296762900404,-0.10912321929856064,-0.03255096116102582,1.2241436292082535,0.17181775426668405,0.04802097908087939,0.3171725604103425,0.1648395878902191,0.06490463793245163,0.3884631585250402,0.12164368528929145,0.06054251462075317,0.1656108527815646,-0.11379838061220725
298,True,2.9899999999998923,5.411956281600382,False,False,0.20075828245321628,False,77.76424998883158,-0.0,-0.16111017986453297,-0.09248782002364173,0.5122213893788614,-0.3490658503988658,-0.036057287063767464,1.3159487908832643,0.2572957202683987,0.08672542564962482,0.24452354645687768,0.20237295769266173,-0.003136241340296054,0.32096011100304067,0.1371724776044889,-0.04103290509499933,0.13302784446371405,-0.11482899123604333,-4.114956568893047e-08,-0.25951251641936307,-0.1521041649522565,0.4433488783096189,-0.3713722356539537,-0.020021716876947163,1.232620938199631,0.2164160815000122,0.03276441015789208,0.244523692632112,0.20237288273178228,0.04961341802654845,0.3209602455599928,0.13717244647305873,0.04416704152111946,0.1322546189038111,-0.11482898929844407,-0.019114126545683438,-0.30224973875020106,-0.13643896466945074,0.41626557756687654,-0.16930741701151011,-0.030076157620281534,1.2261020602571522,0.1780440033337336,0.04560787446238545,0.3023066127060161,0.17265848034862205,0.06260569646090548,0.37577864615653916,0.1252974619639112,0.05798674760472321,0.15915409247160237,-0.11483174510738879
299,True,2.999999999999891,5.401521956839411,False,False,0.19792640735910075,False,78.49262497620657,-0.0,-0.18987639537880197,-0.08760923486164009,0.5348694401601259,-0.3490658503988658,-0.035311235434180056,1.3483494148098933,0.24766574260763755,0.08133596804811126,0.26383794799204335,0.20109157830265736,-0.0022406153863962705,0.33260686116466237,0.14642510081639365,-0.03384031124323908,0.1382977855635024,-0.10860994487972012,-3.8228176631183164e-08,-0.291756210753161,-0.14644399720258594,0.4609178691113342,-0.3751758394907275,-0.02008251994412717,1.2680639370041231,0.2078907273417621,0.032863044588694004,0.26383802308686555,0.20109152125835283,0.04921844009733553,0.3326069475662043,0.14642505865322167,0.04313618759083504,0.13758598182700804,-0.1086099575911689,-0.017213244859217425,-0.29747843007224595,-0.14066777540175515,0.4265872076869113,-0.21755858950110005,-0.027986241580934233,1.2309054731488178,0.18446942659681737,0.04324034197013034,0.2911347844596021,0.17916507915592475,0.06035211885777094,0.3653290348511556,0.12887654965281442,0.05551134716355851,0.15385450706292667,-0.11479587732469103
300,True,3.00999999999989,5.391326758759645,False,False,0.20255297156058918,False,77.11058302083984,-0.0,-0.16308523164133973,-0.08694172135831786,0.5309448273016414,-0.34814181388378357,-0.040891953296648985,1.3299381987547578,0.24111905559537777,0.08986409629151242,0.2454188963254214,0.19531591187655598,0.0003350692746633705,0.312749115715017,0.14117689426986377,-0.03221783627359337,0.1233413704621553,-0.10678820457371914,-3.4426420866817686e-08,-0.2664715888178278,-0.14583907642896826,0.4589610260850395,-0.3730195880837336,-0.015752952399363716,1.2437795666266087,0.19779988499787568,0.03474449663128771,0.24541898454920555,0.19531587921765245,0.05016297408323932,0.31274922176478304,0.14117686988811104,0.042722108157685665,0.12251536593246691,-0.10678822059598349,-0.015379487271207451,-0.29328133735278716,-0.14349702702544134,0.43451940870661127,-0.2553146317121082,-0.025959101553795272,1.2358435742801221,0.18912516958439898,0.04128934473350304,0.28207923006567803,0.18388119600409114,0.05841147989090138,0.3558994497174099,0.13195386468939502,0.053263987059970076,0.14865755721712393,-0.11398598011214822
301,True,3.019999999999889,5.381375878247697,False,False,0.19196278196610841,False,76.95795799372718,-0.0,-0.1959882664369219,-0.07956496993564363,0.5424656799678739,-0.34875598303502214,-0.021750825808194017,1.3541435497409435,0.22762576670935367,0.07987451999203272,0.2467805775218215,0.1863406249405077,0.0009800579546873913,0.3087733490486151,0.15115569819351,-0.03174108014362379,0.10666434121104733,-0.10795145742594137,-3.0758913022524426e-08,-0.29528289723915446,-0.1373382896112562,0.47339296753657867,-0.37334597009285186,-0.012322902980733304,1.2720496821737406,0.18697494504426362,0.035360963216596465,0.24678064781489653,0.1863406199794902,0.05019871023230302,0.3087734435618104,0.15115565982292045,0.041683457524030826,0.10569012461512257,-0.10795146938867413,-0.013763340654081236,-0.2909986926780411,-0.14479954265814263,0.44163742254865124,-0.2843411235278446,-0.023759044646640085,1.2415099637746543,0.19132890301891295,0.03984928761769032,0.2743458043984558,0.18639247873283932,0.05685711124209263,0.3468973768360872,0.13505050535127106,0.051269805824963995,0.14223040317770957,-0.1129693616840103
302,True,3.029999999999888,5.3717118910645025,False,False,0.18756940808563155,False,78.18191597471014,-0.0,-0.1959882664369219,-0.07956496993564363,0.5424656799678739,-0.34875598303502214,-0.021750825808194017,1.3541435497409435,0.22762576670935367,0.07987451999203272,0.2467805775218215,0.1863406249405077,0.0009800579546873913,0.3087733490486151,0.15115569819351,-0.03174108014362379,0.10666434121104733,-0.10795145742594137,-2.7526626256157982e-08,-0.2945043289978836,-0.13465166813456023,0.47059845557415675,-0.3759067832556371,-0.010350718190904266,1.279836105096636,0.19110056039213616,0.03450586371594225,0.2467806329325287,0.18634062510271224,0.049160772287289115,0.30877342464514906,0.15115566592381796,0.04018656838940875,0.10551206313010147,-0.10795146780530149,-0.012279362424342343,-0.29076385552936335,-0.14482073283204155,0.4479389721039382,-0.3066496043515898,-0.021456901715191025,1.2484961943820454,0.1921581135640277,0.03875353083488426,0.26809542386944274,0.1873978351736301,0.05556988732026283,0.33894760118850487,0.13817050455478816,0.04945782371910682,0.13537606272714803,-0.11204282933702168
303,True,3.039999999999887,5.361905134925193,False,False,0.19157513492661485,False,79.4407919747755,-0.0,-0.20677503202477485,-0.061593448837091044,0.5684294275999887,-0.34906585039886584,0.006821528235364967,1.337320071971169,0.2709434910431091,0.08919861028609323,0.20991792948670418,0.1751728893778566,0.01031180078796023,0.2953158508817546,0.11617252319543576,-0.02356018799167843,0.09360346022851765,-0.11082296743033676,-2.4558675730187995e-08,-0.3105913644604324,-0.11707068674486881,0.49157469294244605,-0.37870247809832547,0.0032054649065496772,1.261420516740184,0.2330224653577968,0.048885963266807664,0.20991804593097976,0.17517291385451958,0.059475785359292,0.2901320244708053,0.11617256719053362,0.04556723142796203,0.0946014218481681,-0.11082296985027426,-0.011276238087250983,-0.2926404358059053,-0.1428412675943153,0.45470457198356107,-0.32395285164257803,-0.018249217873019006,1.2540667301459134,0.19578197293561944,0.03886899156345377,0.26036189692233025,0.18690458622661024,0.055176144161426334,0.33093518723843673,0.13826374872089114,0.0482619573758208,0.1282615392828563,-0.11149698693458863
304,True,3.0499999999998857,5.352030814726544,False,False,0.18595640152318077,False,79.17333301156759,-0.0,-0.1774322368906392,-0.05329962616633959,0.5265523178622697,-0.34906585039886584,-0.035148360169281925,1.281434176533499,0.3537282340112133,0.09690873772416271,0.20177969935163487,0.17120058430851845,0.018030195439835302,0.29320269765105555,0.11142152417095492,-0.016700865912771846,0.08985090865656276,-0.11389066578275533,-2.2552431068467715e-08,-0.27755629185330477,-0.10429753578300477,0.45151951010691593,-0.3783909003471365,0.0010052663915770116,1.2095401947577427,0.31746829225039,0.04384805886617625,0.20177981642426374,0.171200615691209,0.05534218009953282,0.29132860472725425,0.11142157785648171,0.04214130281100694,0.0894718100127132,-0.1138906610121189,-0.01073369362396726,-0.293269636173457,-0.13862090500807775,0.4585829307898375,-0.33728719360173964,-0.014688335501518102,1.253763377695279,0.20843171413559747,0.039639515260237596,0.25086237938598943,0.18512732905832002,0.055266580009641485,0.3231828973585906,0.1354264719573028,0.04741380306827505,0.12104658473151204,-0.1114452637672903
305,True,3.0599999999998846,5.342908420960103,False,False,0.1839279869808932,False,79.39875003648922,-0.0,-0.1774322368906392,-0.05329962616633959,0.5265523178622697,-0.34906585039886584,-0.035148360169281925,1.281434176533499,0.3537282340112133,0.09690873772416271,0.20177969935163487,0.17120058430851845,0.018030195439835302,0.29320269765105555,0.11142152417095492,-0.016700865912771846,0.08985090865656276,-0.11389066578275533,-2.1467344315379e-08,-0.2760613578400819,-0.10314593636370567,0.45231088566623495,-0.37835607880567457,0.002241184814854337,1.210555692000002,0.3179147067499075,0.04251181228191397,0.20177979763056952,0.17120061219083244,0.053959724502708535,0.29019221718867405,0.111421572179588,0.040605726047067706,0.0900155626560572,-0.11389066087460926,-0.010313134933374782,-0.2919617601368154,-0.1333872155881522,0.4593911518720086,-0.34743972301494785,-0.011383345743098577,1.2492325688977997,0.22653008988833953,0.04033615162854892,0.24139607904239938,0.18287065114573764,0.05533852268542819,0.31638415405803433,0.1315523129881872,0.04657510423569453,0.11447986023189531,-0.11168141276886266
306,True,3.0699999999998835,5.334401794970786,False,False,0.1965814761561315,False,79.474541998934,-0.0,-0.21124152213478053,-0.02988211229593808,0.5419828874586475,-0.34906585039886584,-0.1130659859397505,1.325048152979767,0.25143949886405725,0.09484807459577782,0.16596811256593097,0.19430666310612754,0.007744503846034135,0.242954333137618,0.14298489048211396,-0.029439177693088278,0.0641382119757282,-0.08473294372147293,-2.062622861224994e-08,-0.3142402007017874,-0.08145767095055892,0.4640757663419685,-0.3800114018760602,-0.06779596214889858,1.251119705516808,0.21387456062140514,0.034897362876602125,0.1659682628585294,0.1943066401720961,0.04794080207244218,0.24295448058435276,0.1429848676740017,0.03544042407123546,0.06233374021056884,-0.08473299732478257,-0.010111966354353203,-0.29283610928203924,-0.1265821941988313,0.459791596744653,-0.35523771640862906,-0.013868046871156722,1.2466370295789062,0.23654303085595774,0.04039572319947422,0.23026498972989648,0.18244462532515454,0.05496674831591526,0.3070972611557647,0.1301614256232358,0.04538925491839381,0.10679603044696384,-0.10977324944522043
307,True,3.0799999999998824,5.326291667114922,False,False,0.19498410943584868,False,79.09350004047155,-0.0,-0.21124152213478053,-0.02988211229593808,0.5419828874586475,-0.34906585039886584,-0.1130659859397505,1.325048152979767,0.25143949886405725,0.09484807459577782,0.16596811256593097,0.19430666310612754,0.007744503846034135,0.242954333137618,0.14298489048211396,-0.029439177693088278,0.0641382119757282,-0.08473294372147293,-2.0223892262249965e-08,-0.3131651836820694,-0.08119504055158981,0.4647205848780976,-0.37989111596738806,-0.06751458867853594,1.2519187089087,0.21424793286359817,0.03525550076175733,0.16596823877686276,0.19430663906678977,0.04787241605932456,0.2429544625627139,0.14298486503087077,0.03463965770064015,0.06213475463307751,-0.08473299349780644,-0.009948518130620827,-0.2958546602095673,-0.11906756640605473,0.46043962926106485,-0.3612273528422351,-0.02108241376135335,1.246715916079375,0.23815367988337902,0.03994726201877942,0.21835151480673778,0.18365254143051338,0.054236234403510095,0.2960369624443541,0.13110883045720217,0.04393600721568635,0.09847492093099199,-0.10613685232116485
308,True,3.0899999999998813,5.318260516693336,False,False,0.1892897767133858,False,79.0440840064548,-0.0,-0.24914014792396175,0.005946625440947057,0.5691139175646965,-0.3480830028266252,-0.0587167221882471,1.3118858943144711,0.31974986042114967,0.10439925259496,0.1993817676935718,0.1781228736421586,0.015056746382687797,0.2750612718902477,0.11717360140298548,-0.01693900761415154,0.09048887160702322,-0.10914980478002825,-1.989699646536003e-08,-0.33557894779074754,-0.07026153094430052,0.49608609283138205,-0.3775649148718452,-0.014524898949570254,1.242077923699646,0.2843646939665182,0.04464335359961716,0.1993818050769712,0.17812288474069957,0.054538133343442846,0.27264845769808765,0.11717362926382734,0.03905532467694067,0.09015764154804795,-0.1091497987276325,-0.009356698214968555,-0.3011528341654086,-0.11131045870553255,0.4635768961662315,-0.36560588387514437,-0.025378456943217328,1.2471288291624987,0.24166415542979183,0.03994188754111787,0.2100393461544248,0.18413935785953467,0.0538391043913431,0.2877887498416983,0.130889794124769,0.04283584614993136,0.09304646266206576,-0.10409997227279648
309,True,3.09999999999988,5.310187433084666,False,False,0.18684956862499313,False,79.21799999894574,-0.0,-0.24914014792396175,0.005946625440947057,0.5691139175646965,-0.3480830028266252,-0.0587167221882471,1.3118858943144711,0.31974986042114967,0.10439925259496,0.1993817676935718,0.1781228736421586,0.015056746382687797,0.2750612718902477,0.11717360140298548,-0.01693900761415154,0.09048887160702322,-0.10914980478002825,-1.8713359004746133e-08,-0.3377143004799886,-0.06321686608491142,0.4965835179395113,-0.3773371852993907,-0.014340908209016465,1.2427057215232051,0.2847865205948353,0.04356337636726669,0.19938178847205354,0.17812288571347049,0.0534197498716945,0.2712958397720894,0.11717362882611036,0.03785583859183675,0.09112475203391955,-0.1091497946550845,-0.008483517845662661,-0.30778742115924385,-0.10337544852462162,0.4686032137930927,-0.3687117061233871,-0.025965318448790135,1.247289667424678,0.24824072207008155,0.040365520308697465,0.2054368063642231,0.18368754452760508,0.053759299396689955,0.2826642227311173,0.12925979235538965,0.04208280923868525,0.09057593872786765,-0.1038569269853231
310,True,3.109999999999879,5.30599836312776,False,False,0.21447495258404964,False,79.66562500223517,-0.0,-0.40435476231337814,0.08814526158235814,0.6209137677096103,-0.2438979389645492,-0.027327946335516516,1.237658915194359,0.4621581045253353,0.13442042872559073,0.24448908384868842,0.18875817695856234,0.04184151848512694,0.2711517316926802,0.13988375249319238,0.0020084153191413587,0.046475331423425824,-0.0757780425200948,-1.696700175669863e-08,-0.419353509914912,-0.08604151341527325,0.5706999308205936,-0.2655022002268118,0.005648013549568554,1.187000915970953,0.4365915681430206,0.07000660416269772,0.24121034868376,0.18875816685109387,0.0752497789722963,0.2676646641530396,0.1398837311729246,0.05538732753607033,0.04723129227806762,-0.07577809922720621,-0.007432493319628786,-0.3206520858318834,-0.09771180045185975,0.4796823418728017,-0.3621696326077978,-0.02339692223879945,1.2430452940668366,0.2673008981753384,0.04281037327240586,0.20598496392430768,0.18364270246761394,0.05537135297063814,0.27908205030120503,0.1289756054887812,0.042746300628457246,0.08624751296395956,-0.10177010844073651
311,True,3.119999999999878,5.306262484115755,False,False,0.20828216461793544,False,80.20304201636463,-0.0,-0.40435476231337814,0.08814526158235814,0.6209137677096103,-0.2438979389645492,-0.027327946335516516,1.237658915194359,0.4621581045253353,0.13442042872559073,0.24448908384868842,0.18875817695856234,0.04184151848512694,0.2711517316926802,0.13988375249319238,0.0020084153191413587,0.046475331423425824,-0.0757780425200948,-1.4864956907750804e-08,-0.4214181981422259,-0.07840259479462422,0.571132959653093,-0.26513224639797645,0.005343431793872578,1.1872153280923048,0.4365738224267779,0.0695182834035333,0.24095527981426,0.1887581664997216,0.07517000941562763,0.26770981292795,0.13988373081577773,0.05500439410999474,0.04723103705206346,-0.07577809400645595,-0.006435375404483539,-0.33784723086296187,-0.09392477758430288,0.49481258161271463,-0.34818490802782354,-0.01907845394600106,1.2354131791922691,0.29502335599111856,0.04683263474456149,0.2101629383705898,0.1841579724239796,0.058359492805403874,0.2764024957294113,0.130109045374597,0.04453551049235475,0.0799530828146802,-0.09794047641348352
312,True,3.129999999999877,5.3141383771474,False,False,0.21784938284924124,False,80.42579097673297,-0.0,-0.3747056303918687,0.16097967438967664,0.37994164948112397,-0.09551848292815192,0.02459503921351271,1.1401084830006343,0.4087069647988056,0.1687323797063773,0.22392709305435757,0.2417657697850913,0.06793099959340958,0.2025154638240231,0.3521373614502434,0.03006455431538826,0.008869141310961844,0.013709295014012246,-1.2870725066456423e-08,-0.29990587306183797,-0.024821663313595754,0.3835640651119521,-0.09621207388087255,0.025670861941492356,1.1384148158199447,0.40783861437970664,0.10605796654058723,0.2205268041812856,0.24176565463786678,0.1053693821205811,0.1996575433118623,0.35213691736271774,0.07448268641008711,0.009513528516743378,0.013709071527955988,-0.006003245248598153,-0.3454357944068355,-0.08701233412576723,0.49505904623158176,-0.31947563953808494,-0.012969358367889953,1.223595389686282,0.32073942083732904,0.053753594070443264,0.21376506296425124,0.1890509725519879,0.0638199098340763,0.26902532916033317,0.14845399901775977,0.048037647494676004,0.07056786540094612,-0.08680698591218966
313,True,3.139999999999876,5.327925607042081,False,False,0.21079763864039777,False,79.75558302132413,-0.0,-0.3747056303918687,0.16097967438967664,0.37994164948112397,-0.09551848292815192,0.02459503921351271,1.1401084830006343,0.4087069647988056,0.1687323797063773,0.22392709305435757,0.2417657697850913,0.06793099959340958,0.2025154638240231,0.3521373614502434,0.03006455431538826,0.008869141310961844,0.013709295014012246,-1.2006466484221212e-08,-0.30151370376178654,-0.017422686484510203,0.38440022720483885,-0.09579396059027318,0.025032701733516106,1.139415711031761,0.4083488046714083,0.10633324401548958,0.22056894962592383,0.24176566433613014,0.10513267186010276,0.19966713601723218,0.3521369540920204,0.07403049299875511,0.009516432686339407,0.013709094092555288,-0.005969876112816868,-0.3437025125134599,-0.0769809074512576,0.4821247803230479,-0.2816405151337242,-0.0060989170359661655,1.2096216616226456,0.34152844457964177,0.0625874326734391,0.21599501676960392,0.19720413943844917,0.07089016435821263,0.25800834009126705,0.1798026851075877,0.05259418924917737,0.05957488712829011,-0.0705783998162657
314,True,3.1499999999998747,5.349259965053775,False,False,0.19701644222931247,False,80.01858298666775,-0.0,-0.4066381685768351,0.12576676046037488,0.24733913264879995,0.08678087109334966,0.059324121985772374,1.0926082447972836,0.37542030753302824,0.1727688182733094,0.33869382493591627,0.14999255293943425,0.06115696708079035,0.2898902810143209,0.3754651838843969,0.02704091860346243,0.07190851813314733,-0.00017157043987150143,-1.1939728344900757e-08,-0.34282181015063873,-0.03075553006096869,0.251656892323545,0.08678013427501913,0.042109681253886845,1.0938847298188432,0.3754202397804534,0.10790577654867509,0.33250185946913635,0.14999264739296123,0.11079776992952536,0.28620825761034785,0.3754647925542608,0.08363670527006911,0.07275098621396184,-0.00017171144051998655,-0.005183195930807081,-0.3414438600979785,-0.06745276558629695,0.4551502770874086,-0.2300924392807554,0.0015838232374300158,1.1929839556128,0.35533661180975107,0.07144555929557823,0.2260822475704826,0.19848306726072887,0.07832828684959094,0.2533529231393405,0.21447099695059463,0.0578241077831239,0.05408105056844367,-0.055336931984888815
315,True,3.1599999999998736,5.373001205933672,False,False,0.19040219876307493,False,81.48749999236315,-0.0,-0.4066381685768351,0.12576676046037488,0.24733913264879995,0.08678087109334966,0.059324121985772374,1.0926082447972836,0.37542030753302824,0.1727688182733094,0.33869382493591627,0.14999255293943425,0.06115696708079035,0.2898902810143209,0.3754651838843969,0.02704091860346243,0.07190851813314733,-0.00017157043987150143,-1.0366371128688046e-08,-0.34687396072280957,-0.024500784227770196,0.250934318999692,0.08678023768641058,0.0424652765657317,1.0938312959067975,0.3754202678404884,0.10783864637823681,0.3326230505040024,0.14999264974030257,0.11027223104219606,0.2862080422034221,0.3754648618426305,0.08292373624159947,0.07275764126237354,-0.00017167985153865306,-0.004052584086933365,-0.34110514532483377,-0.05924060337654446,0.4204498927043857,-0.17203455759030037,0.009400299938214202,1.1753420217636033,0.3633959501339233,0.079409639591219,0.2425430113930072,0.1933408572974237,0.08529131291752706,0.2551731550518509,0.24731725936755464,0.06306141317573699,0.053867115365673686,-0.04282103275209249
316,True,3.1699999999998725,5.391620602650425,False,False,0.20268448130271913,False,81.59791602520272,-0.0,-0.6735753131389534,0.008105297097360409,0.37744016602169356,0.20147841276463374,0.000731144006159555,1.030326048212869,-0.05107396737137926,0.20422907090902426,0.3425481981714055,0.09532345982339571,0.04492307562341142,0.3479517847898004,0.2241148941334879,-0.005834736811587611,0.1153165525380092,-0.055664091922452634,-8.10515196278394e-09,-0.6230678823189059,-0.12174099940596514,0.37991004075449913,0.20147766575036422,0.0007311618370671371,1.0303263382487184,-0.05107313841840139,0.09695006112063612,0.33684490024285874,0.09532365584084848,0.10034688607631587,0.34226818428554406,0.22411494053685235,0.0779310582842519,0.11662549807763917,-0.05566406605884225,-0.0031134985487088246,-0.36319053858750655,-0.05942141877408401,0.3970483245883281,-0.10910941616927922,0.013237028294173376,1.1547723692179543,0.33470805586851055,0.08531931255644304,0.26014986974275206,0.18195088649153757,0.09054236193693205,0.2639143413455331,0.2637151222396988,0.0673133439629443,0.059265761136468156,-0.037183037310233806
317,True,3.1799999999998714,5.403816862106438,False,False,0.198677394505872,False,81.51491702301428,-0.0,-0.6735753131389534,0.008105297097360409,0.37744016602169356,0.20147841276463374,0.000731144006159555,1.030326048212869,-0.05107396737137926,0.20422907090902426,0.3425481981714055,0.09532345982339571,0.04492307562341142,0.3479517847898004,0.2241148941334879,-0.005834736811587611,0.1153165525380092,-0.055664091922452634,-6.2269846431983744e-09,-0.6241131415288548,-0.1165667495847475,0.3791952781233915,0.2014777915764951,0.000731168621084478,1.0303262970668339,-0.05107319583278991,0.0971972796640688,0.33680903076405444,0.0953236330687413,0.10007445369663051,0.3422067507661091,0.2241149733455617,0.07732038386463976,0.11665991777451927,-0.05566405476746844,-0.0026857738488957773,-0.4026997542884718,-0.06648330774963242,0.38575897307404855,-0.04721965581053653,0.013433340143741507,1.132748381235579,0.2780330483542385,0.08928663881113116,0.27634657644582267,0.16727891517728768,0.09406968268792465,0.2766611973198417,0.26575628671147616,0.07042734211368865,0.06802684184324526,-0.03707471778301947
318,True,3.1899999999998703,5.405266468754174,False,False,0.2980046825084538,False,76.3048340450041,-0.0,-0.7753762641463796,0.11846037673861019,0.263954547079918,0.2865655279762294,0.013731254062328111,0.8408377535604359,-0.13665330988643343,0.1873697377576704,0.21718693712072693,0.25772715103155874,0.08034590663967996,0.3112482466022519,0.37028648385817264,-0.007440508756478866,0.07583316633089537,0.00014322347893371,-5.371536953950595e-09,-0.6698259542328779,-0.1335950845576775,0.2662964506440413,0.2865648604071969,0.013731367650064582,0.840838334606641,-0.13665248051537576,0.11147297388941944,0.21586055905503446,0.2577269701147903,0.10643685479812424,0.3047522517985727,0.37028627474244913,0.07997422326421258,0.077293935985033,0.00014314895424663576,-0.0036060639659756077,-0.4482444998237317,-0.07674030597394979,0.3717593020361404,0.013709571667400344,0.01305504058747518,1.0979645813525036,0.21007740946519676,0.09300032223441798,0.28078057301556775,0.16582291112769112,0.09688734790136344,0.28653279191872844,0.2732455421207803,0.07285872360694472,0.07403663411538827,-0.03485429644154177
319,True,3.199999999999869,5.406781358443721,False,False,0.46195727993768043,False,75.19112498266622,-0.0,-0.8726646259971648,0.1878120825285693,-0.2094395102393196,1.2515046227787427,0.026251569635410425,0.7231572902934836,-0.10956287904644381,0.21970597572500594,0.29027329967996585,0.2889551856181507,0.10427379619889798,0.404031687564517,0.35434956600843187,0.01335345584195048,0.14188017718870444,-0.02904318558989008,-7.212113507966411e-09,-0.7194788043138207,-0.15456602481748416,-0.20838159495305608,1.0137095716674003,0.026251505656449285,0.723158040934293,-0.10956223976714546,0.13392628308862906,0.2856219654222412,0.2889549394543308,0.12849055574811258,0.3974831067210197,0.35434940386245983,0.10366803542708175,0.1434323997744335,-0.02904319640056277,-0.004615591069112031,-0.4960810922190163,-0.08932679414593188,0.32226897549256056,0.0901077090911411,0.013877527438134096,1.0455299218388292,0.14441301791523287,0.0983564512215741,0.2805175250255565,0.17851427019351276,0.10093759390684413,0.29981306255905604,0.28636765809035525,0.0766146315650057,0.0819030721896368,-0.03224314188296889
320,True,3.209999999999868,5.419052762816742,False,False,0.5408600948412052,False,74.77729197125882,-0.0,-0.8726646259971648,0.12039634274330716,-0.2094395102393196,1.5136390823320733,0.03943184548044784,0.6656688280527379,-0.07522275796677669,0.24813440105911044,0.36159742076617135,0.27565431361202797,0.11253357251332657,0.4275391048196981,0.3175449455494842,0.02586568744973266,0.14755114407455977,-0.005160847401427488,-9.23116367807647e-09,-0.7407972096940072,-0.15579224990679777,-0.2122567404968288,1.090107709091141,0.039431705302060964,0.6656695895087452,-0.07522231869610346,0.15102967939545153,0.3563462132076247,0.27565411910585674,0.14625579252176021,0.4206581992712093,0.3175448831333621,0.11983106058675883,0.1492240487837618,-0.00516090211887258,-0.005095000175095934,-0.5430925551871313,-0.10254864248457515,0.24328530856239186,0.1806578868506282,0.01657751982164707,0.982702458503954,0.09105068669562483,0.10593613170118946,0.2863727134324793,0.19548769135327393,0.1072111126998251,0.31844999461968215,0.2967169245216326,0.08262730748161687,0.09263489189478635,-0.0290196720853452
321,True,3.219999999999867,5.436924017066968,False,False,0.49579926659454887,False,74.57237498601899,-0.0,-0.8726646259971648,0.12039634274330716,-0.2094395102393196,1.5136390823320733,0.03943184548044784,0.6656688280527379,-0.07522275796677669,0.24813440105911044,0.36159742076617135,0.27565431361202797,0.11253357251332657,0.4275391048196981,0.3175449455494842,0.02586568744973266,0.14755114407455977,-0.005160847401427488,-1.0189979970931518e-08,-0.7109679350090896,-0.1779095245791705,-0.18906620152967205,1.1806578868506281,0.03943193071938442,0.6656694614206811,-0.07522242542055241,0.15098603969603377,0.35633391785236596,0.2756541565315453,0.1458682102278162,0.42052422063072237,0.31754490203632085,0.11948289584893149,0.14929962597329927,-0.005160895105720098,-0.005393009280568492,-0.5833240343029806,-0.11654680861511359,0.15959434281231252,0.2767651747901549,0.02025083882119332,0.9204389788551528,0.050119417647362316,0.11431439986669706,0.29686767762952854,0.21170766206061606,0.11441681666094317,0.33811305080782833,0.3033541698406683,0.08952373155022196,0.10354156246501127,-0.02498157288797064
322,True,3.229999999999866,5.438360164698748,False,False,0.46855846662722567,False,75.469792005606,-0.0,-0.8726646259971648,0.10790739057821817,-0.20943951023931956,1.587330597132451,0.029502999580405035,0.5551635064452098,-0.04713622721288612,0.263176988371577,0.3443508063340686,0.2734192723537479,0.10336229861738616,0.4167513702359106,0.255996655549276,0.014519595625148242,0.13731498512769752,-0.009355054788238512,-1.0785996990524127e-08,-0.7268250130946412,-0.16879956113763117,-0.1947182337158649,1.276765174790155,0.02950307711285844,0.555164236438559,-0.047136032701985395,0.15111825628580416,0.33824981907330326,0.27341914869070083,0.14482143285998,0.40882711519315673,0.2559967504540125,0.11778309797378049,0.1393455666281095,-0.009355085910785713,-0.00624712004934909,-0.6164532419135123,-0.12949884865527353,0.08399827981494432,0.37505804738297027,0.02316870389340843,0.8570144384284168,0.021239825382049576,0.12214616970450418,0.3067400105788516,0.2255909085832984,0.12115161963019469,0.3550862789081697,0.30297425833248387,0.09588326321702051,0.1124789937677488,-0.021409857343996842
323,True,3.2399999999998648,5.4179494077771375,False,False,0.40169137350924483,False,74.90608299849555,-0.0,-0.8726646259971648,0.10790739057821817,-0.20943951023931956,1.587330597132451,0.029502999580405035,0.5551635064452098,-0.04713622721288612,0.263176988371577,0.3443508063340686,0.2734192723537479,0.10336229861738616,0.4167513702359106,0.255996655549276,0.014519595625148242,0.13731498512769752,-0.009355054788238512,-1.2494215113033336e-08,-0.7355903248917938,-0.16131712050821156,-0.1986572096554545,1.3750580473829703,0.029502980071677728,0.5551641102031312,-0.047136090461054464,0.15110619215424514,0.33822585077958234,0.27341917657602677,0.14443541042547722,0.4086758007434865,0.25599674960080626,0.11725611313347314,0.1394313413749455,-0.009355078836314965,-0.007446927306402894,-0.6441965972005821,-0.13966995035966898,0.019985600225567342,0.47422677470459706,0.025065254688940695,0.7961662657742906,0.0016539666666475117,0.12888765083709114,0.31459178707971697,0.2368373325757474,0.12687777699938899,0.3685511932678033,0.29747491738341164,0.10120763490349022,0.11922090853779813,-0.018599449478260276
324,True,3.2499999999998637,5.399670126150558,False,False,0.5168059014234395,False,77.8165829833597,-0.0,-0.8726646259971648,0.12009390444699075,-0.2094395102393195,1.8257681095977818,0.036362096683164626,0.5125822246768991,-0.007090099824232213,0.2722264682313812,0.3746002507513594,0.2445968120000664,0.11132365065108708,0.44459241348818734,0.21169053632588372,0.027647700059446636,0.14228227001910942,-0.006328957657089353,-1.4893824825355784e-08,-0.7373280387856659,-0.15358719767182327,-0.20145358721542905,1.45,-0.02853961920584436,0.5487069478695349,0.0035260569665118945,0.18517613496755686,0.3305943742544986,0.2445967964414961,0.17364784587456952,0.43535428698441436,0.21169070793870204,0.1437748519619898,0.1447687473599299,-0.006328982087532915,-0.008435769951075811,-0.6669959652326747,-0.14667552939333475,-0.03220364194773642,0.5737572243651592,0.02202260428033817,0.7428558472670531,-0.007986645466516501,0.13689029447826206,0.320210509186207,0.2434479596952324,0.13365604267294776,0.3810676174809472,0.2870431837164619,0.10745621417957298,0.12471899643746043,-0.01618577102840824
325,True,3.2599999999998626,5.381619627087805,False,False,0.6145521835170165,False,80.71479195496067,-0.0,-0.8726646259971647,0.13192166852221912,-0.20943951023931945,1.9547687622336491,0.039039768998629376,0.5122542706485271,0.009934778490603844,0.27709077736690807,0.38800094914436734,0.24171359625836736,0.11589110855756665,0.455559064489865,0.20840774123378691,0.03061643171685452,0.1289984724931223,0.021967464302087354,-1.6871506160892613e-08,-0.7378131855775122,-0.14711679856538498,-0.20374065862710028,1.45,0.002105329656180887,0.5248296234593862,0.014111470425610098,0.17788871372310083,0.3672449202141261,0.24171360186685129,0.16862937586083337,0.4465940595086766,0.2084078968506203,0.1407242070121548,0.13145028133427997,0.021967387632261973,-0.008968275263960209,-0.6851917959451056,-0.15075591832046467,-0.07374573719218441,0.673450082231646,0.017377818959833726,0.6967577338977163,-0.009740139093695662,0.14531279266613634,0.32673097393655876,0.24609985807119508,0.14087917454058538,0.3936168074840062,0.27386497019773437,0.1141831062717733,0.12824033634942575,-0.011856132655044207
326,True,3.2699999999998615,5.363328842799938,False,False,0.612524708256438,False,80.72370802983642,-0.0,-0.8726646259971647,0.1327091791110191,-0.20943951023931948,1.9547687622336491,0.04110175682624899,0.49396798657291896,0.0005928310958065158,0.2760564416566492,0.37576534729955474,0.23698622641116324,0.10625080386100767,0.44777167378699,0.1840719150506748,0.025738276025968915,0.12429609298047935,0.02103666773295574,-1.7936514657215796e-08,-0.7415019589845759,-0.1431768579141449,-0.20575523196417372,1.45,0.012179110491697821,0.5012214755355009,0.0033712019959904437,0.169449471218444,0.3603100391885235,0.23698624443293606,0.16051071244078344,0.43884372724664084,0.18407209477103842,0.13313399277672178,0.1267940622096439,0.021036601784170682,-0.009321291667623995,-0.6996279672055628,-0.15256400283255753,-0.1062987782204285,0.7732290725786506,0.014476721543660455,0.6562594412983828,-0.008530297764516382,0.152121974570878,0.3337132568255702,0.24640830761278937,0.1467281898863218,0.40456761720065637,0.2590946116389297,0.11968585953436504,0.12973097186700186,-0.0062443470125349305
327,True,3.2799999999998604,5.346257351572833,False,False,0.6084853063719582,False,81.98337501380593,-0.0,-0.8726646259971647,0.1305838661439652,-0.20943951023931948,1.9547687622336491,0.04333614846322305,0.5110150306003742,-0.004966697521629063,0.2820851791322895,0.4031937061670925,0.22313556540260754,0.11268694530116322,0.48166044560787896,0.15619108502621198,0.033398032433321505,0.14112153470654296,0.02250643495263877,-1.8642546052022313e-08,-0.7454799362435751,-0.1398769696269557,-0.2073700129353206,1.45,0.028671004553678173,0.5130354904512922,-0.003919461280071304,0.1702261629238706,0.3936379819071298,0.2231356117638912,0.16230139852010175,0.47284131435959353,0.15619129093657014,0.13714717417782596,0.14363563357570974,0.022506377592676673,-0.009262466672076279,-0.7112277173008894,-0.1528664061276498,-0.13154696105525132,0.8730613815588493,0.014176330523271063,0.6227784447710804,-0.007271203160177369,0.157219000793087,0.3423891170888851,0.24444793073112858,0.15116381763215977,0.4159065360089353,0.2422552294894118,0.12406753722670763,0.13131612429956563,-0.0007090676194456949
328,True,3.2899999999998593,5.335701318298838,False,False,0.606164487357186,False,83.35762500064448,-0.0,-0.8726646259971647,0.13023510621281773,-0.2094395102393195,1.9547687622336491,0.044060590559672395,0.5013872010226957,-0.005695405824913234,0.28312237749402996,0.3954490631390338,0.21452710515913062,0.11281225001671828,0.4858053963837627,0.11721397721654472,0.032368810589842284,0.1365189569970395,0.031120288513066908,-1.8524896292296256e-08,-0.7482069333161014,-0.13636903652036583,-0.20861273557254262,1.45,0.04203551531652329,0.5014607096316537,-0.005595593863755469,0.1664979646624209,0.38875185880175467,0.2145271652313339,0.15834399982142203,0.47766192870432866,0.11721422714262769,0.1337739627025085,0.13825935024182331,0.031120224715287397,-0.008999867237796956,-0.7206250360010856,-0.15206963025431622,-0.15099352547864348,0.9729113652798204,0.016605580489629273,0.5956077763602055,-0.0065538110032724904,0.1607570169725003,0.35166857847828337,0.24059911651200122,0.1542631115397516,0.42776595040386983,0.22240489001913075,0.12737067607395025,0.1329332292000748,0.004879226851167367
329,True,3.299999999999858,5.33046010926691,False,False,0.6052755092929077,False,82.93320797383785,-0.0,-0.8726646259971647,0.13186230782200434,-0.2094395102393195,1.9547687622336491,0.04083027778285989,0.4947474618488374,-0.008345770956310524,0.2832253193303376,0.3970710492848362,0.21267706892133695,0.11139262462577465,0.48668424917744546,0.1118809146887963,0.02961702081419108,0.1372219345274793,0.03043562750751898,-1.7999698476503512e-08,-0.749784296746851,-0.13256508625495617,-0.20958190081362663,1.45,0.034531247201796206,0.49576310721592054,-0.008401547224256517,0.16739094047777703,0.3890001654040921,0.21267712471244365,0.15877723814589906,0.4802397598689052,0.11188113577803616,0.13322613388627888,0.1366217539327654,0.030435576457676493,-0.008737633092110255,-0.7282025701531797,-0.15044130422023477,-0.16588998294221774,1.0686123646913803,0.01988208018786292,0.5732926865665381,-0.0063400289044448395,0.1631437243324893,0.35996443452468474,0.2359735641938251,0.15631492982548836,0.43884138494857733,0.20174966105171316,0.12966871820244966,0.13404268402988062,0.0101143444357757
330,True,3.309999999999857,5.32849692365964,False,False,0.5965290379621055,False,81.8649169523269,-0.0,-0.8726646259971645,0.11782254810533982,-0.2094395102393195,1.9547687622336491,0.0387563833194392,0.49344754146045067,-0.0025539003196329516,0.28327259108855746,0.41564032872276274,0.19560459704477345,0.11238160843231877,0.5096675308468208,0.08499632084735745,0.035010232226325204,0.1346763030463215,0.04405077842393619,-1.747523123256378e-08,-0.7570240025368599,-0.1315606953050678,-0.2103114611224699,1.45,0.037839545886681175,0.4935714356136244,-0.0025638880588805604,0.16727708074857955,0.4089828940429191,0.19560467781785462,0.15919016681327444,0.5052584707723607,0.08499655432280641,0.13386248247983837,0.13193962733582382,0.04405071052652207,-0.008345769580155187,-0.7347262927094831,-0.14840791257197125,-0.1772413760549262,1.1520280943670786,0.02312409047276361,0.5551788573474898,-0.006037204777790516,0.16478431571243576,0.36844454759949097,0.23014910881517223,0.15772715964939626,0.45032737816341273,0.18085610079140782,0.13130574942130457,0.1344699967376454,0.01564305741526156
331,True,3.319999999999856,5.328734483338132,False,False,0.5933223263643508,False,82.19279104378074,-0.0,-0.8726646259971647,0.11130680890868379,-0.2094395102393195,1.9547687622336491,0.0381723809736212,0.46838626026889174,0.03165018783024445,0.2805928562412181,0.46024951245185114,0.1483509877012988,0.10584790480309961,0.564472433534511,-0.018222232468507626,0.03148198649923501,0.1523439778252588,0.055977120395768985,-1.669150577823797e-08,-0.761250846526579,-0.129310311735562,-0.21083617204705407,1.4499999999999995,0.03200982210541889,0.4689997025797685,0.03159460491535376,0.16328014981158265,0.4523696164320243,0.14835115123470016,0.15715498798092972,0.5619226870924368,-0.018221834241655327,0.13345708055274383,0.1470769306592107,0.055977039798842665,-0.007646424646755085,-0.7406446253850403,-0.1462225647958746,-0.18587674839064444,1.2206826016835184,0.025680085204209665,0.5389175763502527,-0.0028285231915731617,0.16562488576232468,0.380128010828274,0.22010970240488795,0.15857075584260497,0.4660081695600051,0.15310764040371652,0.13247181315430318,0.13551396703610075,0.022096858845882555
332,True,3.329999999999855,5.32346731200834,False,False,0.5877746852781239,False,84.1156659880653,-0.0,-0.8726646259971647,0.10194067864741338,-0.2094395102393195,1.9547687622336491,0.03482411203032867,0.4578985725891957,0.022074898255224584,0.28123895847684827,0.4665999268393944,0.1431166172120855,0.10895657389305073,0.5774513744385108,-0.03294528991257172,0.030724514658193414,0.14531692213429048,0.07471967969993665,-1.52928187066928e-08,-0.7665161040050505,-0.12769011730120786,-0.21116953340226352,1.45,0.03482409383793238,0.4578987346298852,0.022074848448378825,0.16266443883757553,0.4599187648814704,0.14311677130457034,0.15659646977928102,0.5757302901476837,-0.03294491794915788,0.13206909913991513,0.13907417196302532,0.0747195743383526,-0.006893990190687449,-0.7461897782535971,-0.14399339945037837,-0.19243967833025183,1.2753138918413058,0.027650332046574824,0.5235022712523086,0.001750753785668533,0.16590219482711832,0.3940170815049927,0.20731393728354086,0.15895268569434973,0.4848260939332,0.12070246490867848,0.13317960371748305,0.13659732681255313,0.030107533679695243
333,True,3.3399999999998538,5.319769348581415,False,False,0.5844290843089883,False,83.35258404258639,-0.0,-0.8726646259971648,0.10138848214461386,-0.20943951023931956,1.9547687622336491,0.03232373193292156,0.4210976501454091,0.05310847922487278,0.2788109755320895,0.4632546979949019,0.14927463453610057,0.11264280484902515,0.5856289753646097,-0.017886880962725484,0.03396866636125884,0.129017431957299,0.10773269023161844,-1.3787952805530135e-08,-0.7684129982216349,-0.12464080348916494,-0.211423968256579,1.45,0.03232372230119912,0.42109785495389346,0.05310837650949749,0.16476885860946855,0.45674623221371,0.1492747507014795,0.15791588773683943,0.5839471662329326,-0.017886603922127653,0.1322916442637163,0.12298251117473472,0.10773253486658935,-0.00640815526129952,-0.7512864467201962,-0.14169031703133694,-0.19743004064869046,1.317868256390372,0.02907146161693473,0.5069296367999672,0.008436428394064844,0.16598419684126517,0.4072581355509931,0.1952149810029828,0.15916181560394732,0.503889221775718,0.0908599029791902,0.13356792783597485,0.13607634645451033,0.041142998865412304
334,True,3.3499999999998527,5.319666993143109,False,False,0.5868240263900283,False,81.8136670277454,-0.0,-0.8726646259971647,0.10733111072333751,-0.20943951023931956,1.9547687622336491,0.02186572329937511,0.41029951815658217,0.05113774192873174,0.2738952147708171,0.46418632482190736,0.14922589923458246,0.10449899690603678,0.5908453570518293,-0.017257786632624214,0.02088750059777723,0.13275734505576273,0.11128601951366004,-1.2816284888396423e-08,-0.7677899416367991,-0.1205529304802906,-0.21164988534504384,1.4499999999999997,0.021865738009438546,0.41029971142115296,0.05113765652617536,0.15658854630162658,0.45740604441586663,0.1492259912667531,0.15024206898994746,0.5909774329212121,-0.0172575704897798,0.12414733379665352,0.1241348570848213,0.11128587911987872,-0.006207553144722767,-0.7556326009078498,-0.1391931979195109,-0.20123417570914087,1.3505501275218785,0.029301064575304545,0.489547114597215,0.016225845179838886,0.1654872305515182,0.4186507688557807,0.18506628534719252,0.1588254293945612,0.5217241822670681,0.06620571836689511,0.13325141427592258,0.1344779406829563,0.05365765799609557
335,True,3.3599999999998515,5.314320373467182,False,False,0.5812724750289174,False,82.97225000569597,-0.0,-0.8726646259971647,0.09594732137088664,-0.20943951023931956,1.9547687622336491,0.02100761071838029,0.4145353274483958,0.05492835635961938,0.27972456204429424,0.4675944238940067,0.15084266731963752,0.10347372812551767,0.5849590808142583,-0.02096898190360509,0.026988411495677194,0.13235450624331074,0.11204536048400054,-1.241508145767567e-08,-0.7735875287249899,-0.11954693176591685,-0.21170245569204751,1.45,0.021007628604417055,0.41453547750319963,0.05492827895333982,0.16072411612853185,0.4606349033854535,0.1508427355935596,0.15384334025487167,0.5851852784870847,-0.02096880733446331,0.1270369260394585,0.12395055892317867,0.11204524412628675,-0.006167628109601414,-0.7595815812006228,-0.13666782422062448,-0.20411825896181565,1.3754092299080527,0.028570408128983992,0.4737358716065731,0.02374394070491117,0.16482218743583643,0.42825249503364776,0.1770254205549277,0.15830179675443853,0.5368750339886651,0.04629754751354767,0.13261447922359745,0.13267230101131772,0.06549442083302107
336,True,3.3699999999998504,5.306993430200593,False,False,0.5804870353529163,False,81.45499997772276,-0.0,-0.8726646259971647,0.0956444732190451,-0.2094395102393195,1.9547687622336491,0.018527575457941516,0.4102718386822249,0.05246985008196893,0.275536568060551,0.47376001192859674,0.15086549465737242,0.10070671991657251,0.5900486419521332,-0.022489305062033386,0.020802018189537225,0.14492480547177009,0.11485548624839535,-1.233523154887256e-08,-0.7751023255487459,-0.11669567071948839,-0.21180486627343315,1.45,0.01852759512380267,0.41027196559921564,0.05246979263050172,0.15566846264999795,0.4666795386753558,0.15086554705685878,0.14933756923985592,0.5903212288138127,-0.022489167571424357,0.12425049647319461,0.13619305220150796,0.11485538731152527,-0.006180026987966843,-0.7632440870918419,-0.13416657929474013,-0.2063016561226849,1.3941916137796382,0.027287026451036363,0.46023718251131335,0.030217639296016584,0.16393903034221413,0.43660181698144584,0.17084169720568243,0.157556614742023,0.5493622943006301,0.030382884942491004,0.131812525728436,0.13185764396026964,0.07590879112711812
337,True,3.3799999999998493,5.299194204341106,False,False,0.5786839692336254,False,82.4362090206705,-0.0,-0.8726646259971647,0.09571552688182565,-0.2094395102393195,1.9547687622336491,0.02059320843930898,0.4132689079769098,0.05290927468297946,0.275461808303595,0.47200318640256683,0.14923058851266666,0.10182408760212143,0.5845250470894321,-0.026751255216554123,0.022616280662402365,0.14156470538675794,0.11156072281190725,-1.2360029256162919e-08,-0.7764183341178077,-0.11387945205370734,-0.21187853588002348,1.45,0.020593222254288352,0.4132690019240601,0.05290922929978635,0.15702635321532019,0.4649475279619022,0.14923063171730677,0.1502388972671257,0.584841185856093,-0.026751140933645574,0.12454181242268172,0.13292566155998753,0.11156065155203668,-0.00626396995186167,-0.7665221175067822,-0.1316365159644054,-0.20795726197512046,1.4083157669869846,0.025966622066608953,0.449312309893605,0.03544308456801353,0.16296714305685248,0.4435781299636966,0.16600932411521763,0.15669297080626104,0.5590959094260702,0.01755874085478866,0.1309446931932486,0.13173316798356619,0.08438012271399957
338,True,3.3899999999998482,5.291442105214289,False,False,0.5793062792170035,False,81.7891659680754,-0.0,-0.8726646259971647,0.0980201484935043,-0.2094395102393195,1.9547687622336491,0.023094552022075897,0.4172696810814813,0.05297432166162106,0.27754323378773627,0.4754921559017408,0.14858381535212647,0.10063903993510963,0.5857253574257789,-0.02928295679833091,0.020172564021533283,0.14544786956022515,0.11117198951581445,-1.2527914847008936e-08,-0.7767957254261497,-0.11074917658981025,-0.21196163236460683,1.4499999999999997,0.023094557214967126,0.4172697451503775,0.052974286598938033,0.15674545541258178,0.46824646250173707,0.14858385039133454,0.14991398153164873,0.586080397319856,-0.029282863249914276,0.1244368459477303,0.1365803005916094,0.1111719353621956,-0.006373447143682335,-0.7693391448680096,-0.12904003349145357,-0.2092161154653903,1.4189012329047148,0.025038291860237562,0.44113508553242453,0.03957113218766558,0.16209176479006357,0.4493769673196347,0.1621753201564716,0.1558815886015711,0.5664581039435722,0.007121181946855759,0.13014889504427338,0.13207119461402567,0.09091672900593019
339,True,3.399999999999847,5.284021073397411,False,False,0.5794336421871438,False,82.46083301492035,-0.0,-0.8726646259971647,0.1034317770705069,-0.20943951023931945,1.9547687622336491,0.02487910720135039,0.41475269218280036,0.05075827371471147,0.2792661972344156,0.47367281321370125,0.14622417271276808,0.10325903551810801,0.5850520601482709,-0.03187405772332416,0.024334272197423606,0.1411013201286711,0.10867908452693936,-1.2746868793128696e-08,-0.7758741713210814,-0.10713311901431721,-0.2120802795221751,1.45,0.02487910488577986,0.4147527448747093,0.050758251338629996,0.15903151312878025,0.4656700355862721,0.1462242049901556,0.15200835964475795,0.5856963470990175,-0.0318739799646253,0.12566000862928314,0.13246066936260503,0.10867904785329767,-0.006523890589437842,-0.7715815153438487,-0.12631666350089057,-0.21018134094860544,1.4268155197199903,0.024598044460787487,0.43500252001067025,0.042605971332870154,0.1615110610380948,0.4539532307302914,0.158985434393153,0.15532309839474231,0.5720001825216031,-0.0014350520009221005,0.12955917791221921,0.13238509766456713,0.09569828671740623
340,True,3.409999999999846,5.276622701009958,False,False,0.5786821963021535,False,81.9993750192225,-0.0,-0.8726646259971645,0.10399376294615538,-0.20943951023931945,1.9547687622336491,0.026141225651873,0.40865611569214183,0.04963002517744725,0.2785573228172402,0.4705249715963914,0.14498505317561605,0.10202884727476257,0.5884564921067841,-0.03184117980200282,0.022221932783988534,0.1386159839198924,0.10849096961566677,-1.3047755082970514e-08,-0.7766343799373143,-0.10438985686854728,-0.21216905915633683,1.45,0.02614120857937188,0.4086561680076899,0.049630011118121715,0.15802714397247622,0.4622167605827048,0.14498508165686416,0.1506233020983331,0.5893983766100301,-0.03184111926859137,0.12417223435517308,0.12990582729505504,0.10849094274225941,-0.006722944407595813,-0.7733468680286969,-0.12350242195182565,-0.2109235323747235,1.4327224328094927,0.024502640548055163,0.42986580109221084,0.04467879702042721,0.16113515022843816,0.4571375181377904,0.15624384845389983,0.15491289491242505,0.5764074072432898,-0.008332722811387291,0.1290592725831049,0.13237374785139483,0.09910063734153661
341,True,3.419999999999845,5.271357538862209,False,False,0.5782272723472901,False,81.68012497480959,-0.0,-0.8726646259971645,0.10822646944574008,-0.20943951023931945,1.9547687622336491,0.029153760473818097,0.40792880414321003,0.050655300086378065,0.2804364910505888,0.46957710784433787,0.14463962490403212,0.1038482459331932,0.5865716299281368,-0.033749247462253065,0.02843170402842239,0.13973376247819547,0.10902344103038933,-1.344586192299907e-08,-0.7758620651670268,-0.10103077194295693,-0.21231592645726538,1.45,0.029153751768041244,0.4079288480330958,0.050655288133925114,0.1616152187110349,0.4613685858613832,0.14463964811784327,0.15367444452169954,0.5875154173329685,-0.033749196631527534,0.12665415062449636,0.1313308985109665,0.10902342116441864,-0.006923737800063641,-0.7746775212872516,-0.12061231675604055,-0.21150250744367788,1.4371256075208136,0.024813441305799808,0.42544531503482896,0.04615924567150249,0.1610429859786292,0.459180585900475,0.15392819695271062,0.1547125456154295,0.5798406137450991,-0.013899015805809349,0.1287722463052128,0.13227630255294437,0.10157919798281999
342,True,3.429999999999844,5.265643967386547,False,False,0.577787412511488,False,80.6243330007419,-0.0,-0.8726646259971647,0.10782472471890624,-0.20943951023931945,1.9547687622336491,0.03193693601393386,0.4290915228608518,0.047093312777790164,0.2725737332361018,0.46116330604779127,0.14341001663825062,0.09127587691308621,0.5890171447061269,-0.05968450742521104,0.020570384708975282,0.14774132853311212,0.09009614817746014,-1.3847447906216448e-08,-0.7767260725943489,-0.09851747836960946,-0.21242972095641677,1.45,0.031936804676929206,0.4290915123469025,0.04709331079018083,0.1513542799677024,0.4527808297127436,0.143410037803939,0.14361215333481858,0.5899915349801523,-0.05968441592685377,0.11896293829738042,0.13931595392536578,0.09009617079423289,-0.0070743018270552046,-0.7757082137764018,-0.11770142016083308,-0.21195888319477293,1.4404048885060576,0.025584884274664255,0.42334418177475563,0.046967122590955944,0.16050496336863732,0.45990965063353,0.15195063230913464,0.1540375703972049,0.5826205911700776,-0.02039242602572123,0.12813088437673603,0.13276086227155529,0.10199679319072974
343,True,3.4399999999998427,5.259056853199255,False,False,0.5771726709114441,False,81.19741699192673,-0.0,-0.8726646259971647,0.11815375889667075,-0.20943951023931945,1.9547687622336491,0.05383617263140057,0.4755724885744971,0.043324205116906524,0.28162755740310685,0.4398326418876815,0.17079090819371404,0.105914272733953,0.571165747179721,-0.0507407389174544,0.04297519887909979,0.15448480917969268,0.06226228618764871,-1.4148575357315896e-08,-0.7733837744872666,-0.09412487400739797,-0.2126877513640839,1.45,0.052734584405795024,0.4755086331583789,0.04332421240438655,0.16877684870447987,0.43197220805197045,0.17079087035975946,0.1581656617338365,0.5720999483575259,-0.050740678155653404,0.13140868076641657,0.14690294696651893,0.06226236609917858,-0.007146130604841922,-0.776273682758258,-0.11468630268200429,-0.21233898803621534,1.4420425665482581,0.02811703546092535,0.426766173289575,0.04701654393557008,0.16068678080794807,0.45811773320953725,0.15238744590785364,0.15388698254174774,0.583615624038559,-0.026781785911175356,0.1279831791759751,0.13430032175989845,0.09864312560880546
344,True,3.4499999999998416,5.252111277974458,False,False,0.5829821821351892,False,81.5167089458555,-0.0,-0.8726646259971647,0.13279694678843637,-0.2094395102393195,1.9547687622336491,0.08331070809291796,0.5607236896607981,-0.00019438899283127226,0.2803108921393584,0.42767866142122307,0.1935972029205413,0.1068604035913724,0.5570808120392471,-0.005552979936356791,0.03750691793036847,0.1690350136400457,0.019321712496983678,-1.429223262655599e-08,-0.7682025340521896,-0.08891820679881546,-0.21304559515760824,1.45,0.05476336623097887,0.5591069114079156,-0.00019429456822720598,0.17525060508697418,0.41903033127034905,0.1935971204748247,0.16323680704701504,0.5581058005189955,-0.005553022367721257,0.13656369889888081,0.16054019316244897,0.01932187109602372,-0.00699947418108818,-0.7761327264729149,-0.11141644297894059,-0.21268642165831653,1.442424432743794,0.03206237661221026,0.44031085041109536,0.04317282374241381,0.1622494778269007,0.45369253304740387,0.156568903495873,0.15486171583398245,0.5820033509657865,-0.028542508583387343,0.1288812208984641,0.1374672709952243,0.0896971774584974
345,True,3.4599999999998405,5.245007563241452,False,False,0.4124137451627781,False,81.37304201954976,-0.0,-0.8726646259971648,0.16443217438366722,-0.2094395102393195,1.713899147781196,0.10349049797200902,0.7065063421260255,-0.09277141870444766,0.2819559968730121,0.45492702368912247,0.16441420395098919,0.11109538669842364,0.557314197793231,0.022878991116841864,0.04389676578872378,0.21918991538931168,-0.03173396929747096,-1.3998920363189615e-08,-0.7561470760967238,-0.08042458387425225,-0.21372822464088964,1.45,0.05577736399863667,0.7039680376437285,-0.0927711468231029,0.18283986989292814,0.4458141351041081,0.16441418796823365,0.17159625294776426,0.5671163811535096,0.022878888516631304,0.14674786926805305,0.2003462038667025,-0.035320381620706554,-0.006203146730671545,-0.7746202762947426,-0.10759357002794402,-0.21306111609253922,1.4422692037718103,0.03633469769327701,0.47090407261870987,0.029168039678876132,0.16504842029679992,0.45027066362766266,0.1603217186161317,0.1570331446995214,0.5796390858461212,-0.02429162402886319,0.13109310913915523,0.1445685733948732,0.0735597888818017
346,True,3.4699999999998394,5.237988857911313,False,False,0.30782919007239173,False,80.73904202319682,-0.0,-0.8110334276332206,0.175192039860946,-0.2094395102393196,1.5037497409042406,0.10402988505131311,0.783844114371649,-0.12099855991957802,0.27372673583775886,0.4340940551052837,0.15478227744944634,0.10751831806213333,0.5197232593641301,0.09477711925482298,0.02870050093903143,0.20183241308506097,-0.02034361669594018,-1.2406268647818797e-08,-0.7016299014489229,-0.051287539537964576,-0.21382630205966766,1.45,0.05190794767213078,0.7814207764174426,-0.1209982595866575,0.17558923509498386,0.42491534956080185,0.1547822889237742,0.16388362692741312,0.5361841545533091,0.09477688078486333,0.13793645218376657,0.17480883017293664,-0.02665530761796514,-0.0052879088634073985,-0.7680774614986909,-0.10143971466292787,-0.21351094108425667,1.4419319664556467,0.040035157932053166,0.5165241685973553,0.006913772920935933,0.1678369258998349,0.44705140465187065,0.16165272923087273,0.15922854553834742,0.5751346722381357,-0.011340807795973157,0.1333411838108182,0.15196478570397157,0.055005529076819
347,True,3.4799999999998383,5.244842637147245,False,False,0.1903536547681159,False,92.4355830065906,-0.0,-0.5848262508382874,0.0725479243693798,-0.18006572023213016,1.3171594899038679,0.06315832900914475,0.8919237032053142,-0.16602929002812816,0.23181849281638506,0.40662109703399263,0.13585264855885001,0.06301690089138462,0.4846380389818355,0.1379716309183079,-0.002608606990487598,0.2347839454019237,-0.07353221184540053,-1.0575796576157981e-08,-0.5848266173399757,-1.3877787807814457e-17,-0.1800657871224381,1.3171597394483219,0.018139583050852774,0.88898287404977,-0.16582461675811608,0.13758598772503078,0.405153097452138,0.13585269961144436,0.12976178560000956,0.5026140017266825,0.13797133265102446,0.11674239560407297,0.20361498132111752,-0.08126743297479755,-0.004718773719319211,-0.7491981868089878,-0.09006098490959495,-0.2115063921585384,1.4319402151891643,0.040496923474203715,0.5743634812103552,-0.02066410011498939,0.1673413364605244,0.44196500963980395,0.16003645992807988,0.15846940853170657,0.5664985543396714,0.009804728720294063,0.1335135274846141,0.15985669832065055,0.03366914840633659
348,True,3.4899999999998372,5.279586182774469,False,False,0.17401367923844818,False,89.46074999403208,-0.0,-0.5393524976781244,-0.024804974219918646,0.09009925227361862,0.9560074945328786,0.07300636423300717,1.0452708974761682,-0.2241239724284384,0.22452799119247605,0.4445206117783509,0.08458388408460976,0.053919676081751425,0.43246650876451115,0.22054965466134885,0.0011688223839810717,0.21878582649972764,-0.06083465467131944,-9.43752856332608e-09,-0.5393529173686633,-0.024805104731678962,0.09009864906353621,0.9560084463964162,0.02112905393704847,1.0438345418184736,-0.22412356551673787,0.1261232583147929,0.4402287012417432,0.08458403539383436,0.12038646301575377,0.4484293429049323,0.22054923291382075,0.11268447661598666,0.19170775921816524,-0.06746198179085466,-0.0042293070994270255,-0.7196892350259101,-0.07785104890837138,-0.18625565966706917,1.3859604851159248,0.03848627694563596,0.6466887617034237,-0.05349584979228921,0.16324203956709119,0.43858734684847994,0.15260629647813695,0.15458069770776126,0.5517388065302976,0.039988620854327514,0.13171552652112575,0.16721487166515753,0.012705353750515659
349,True,3.499999999999836,5.313637646007681,False,False,0.7602614689483004,False,86.81025000987574,-0.0,-0.7122130042239646,0.06676996934226982,0.5755342127516424,-0.34906585039886595,0.03735644488190505,1.045884681775084,-0.010113732862219171,0.20119381377897633,0.3583024281773115,0.15257863338073094,0.043601438901745046,0.42850903428916687,0.15598066090527057,-0.002999424700639108,0.16134784174904995,-0.057727606719463476,-8.458597282670621e-09,-0.6518638285438386,-0.04197841915905547,0.5721240279997586,0.38596048511592496,0.0117699892370829,1.0449146867149,-0.00916302953408081,0.1102344314647459,0.3574242089778128,0.15257863280943298,0.10747972051276475,0.4397107681136144,0.15598042950320357,0.09011266157415868,0.1407815131557182,-0.0626553623922895,-0.004341205857108177,-0.6961975020324142,-0.06884668251898766,-0.12508208039489008,1.3096790773425604,0.03503888369745445,0.7225534642469024,-0.06987998432365058,0.15641011052866755,0.4312333553762096,0.14707695963215123,0.14844014663672553,0.533410071161148,0.06834671206357076,0.12741914278135483,0.1691538807898675,-0.0046970138221558684
350,True,3.509999999999835,5.341975100363867,False,False,0.6870951712979958,False,78.02091701887548,-0.0,-0.653792176016503,0.13176074660614864,0.5061008236750293,-0.34906585039886584,0.02716439485420238,0.9814297005119605,0.27070312651836453,0.1877898286132371,0.30679795782049835,0.18032885980548996,0.0444035171909197,0.40806728061298647,0.13416705411811172,0.005107679419595161,0.1454169744972137,-0.06407323296466463,-8.682394350353895e-09,-0.5933930216123718,0.0,0.5045689215823206,0.3096790773425604,0.017127687647608417,0.9814205158908385,0.27070244562679413,0.10515108793032918,0.3059907956704694,0.18032879343972144,0.10321215867361941,0.4088960048806773,0.1341669223463208,0.08725764169936047,0.14315505068646847,-0.06448726843163138,-0.005409577016391438,-0.6775157832044268,-0.059575234181320276,-0.04110467153861148,1.219288308354933,0.031404012435404895,0.7862252315056483,-0.04720349720739172,0.14815676294030444,0.41596533315969364,0.14774957247033696,0.141187904393574,0.513005291376591,0.0884005291044463,0.1214531789687676,0.16686625901543595,-0.018601210988655678
351,True,3.519999999999834,5.382799749750946,False,False,0.5933047114612363,False,76.61449996521696,-0.0,-0.506358050387075,0.11712157108546914,0.4962560811694521,-0.34906585039886584,-0.014688952964655243,0.9955304768015948,0.38160594726179403,0.14971124176985665,0.2639372928177067,0.27066420567983307,0.021475133937113124,0.35939530424802063,0.21286465072120192,-0.009677804478780918,0.11944522871009018,-0.06105564569227422,-1.0819132394666864e-08,-0.506358392701856,0.0,0.49625500645009596,0.21928830835493318,-0.014688860094506623,0.9955300581572,0.38160508963108375,0.06823188623422617,0.26393759649945525,0.2706639597891031,0.07419509020452673,0.359395611611237,0.21286440188273031,0.06679437899272603,0.11890260445137,-0.061055560680942075,-0.007087815306356566,-0.6538376433136867,-0.049636097823641284,0.0515881626337375,1.123220710556418,0.02589429514841161,0.8363115806826227,0.00819103832175512,0.13729698705832427,0.39390793866352747,0.15902861228695758,0.13196439836662294,0.4890514365436958,0.1081209300407516,0.11380557856231029,0.16132841854252541,-0.02925991828015317
352,True,3.529999999999833,5.421705162418866,False,False,0.4887887754875753,False,75.93629200709984,-0.0,-0.43123895294116893,0.06839589583132798,0.5653251843888784,-0.3490658503988659,-0.01335995929634801,1.1170947883408437,0.333888223388522,0.13416232889239058,0.2778247079561756,0.22906550620374946,0.02572111292998741,0.3328817702543913,0.24485098253200346,-0.0008683979631594497,0.13432422398852562,-0.06817422500500459,-1.4175602261468079e-08,-0.4312393981376593,0.0,0.5653241569168899,0.12322071055641803,-0.013359882162338608,1.1170942268817934,0.3338875720282247,0.06491540413040023,0.27782493913932355,0.2290653660106846,0.07166668452272808,0.33288208328139646,0.24485070926629277,0.0645189376476835,0.13383737843655508,-0.06817414698704784,-0.00855183001017499,-0.621565918215135,-0.04056539672634392,0.14600997831559875,1.0248694571348362,0.019086103793801462,0.8851411864471864,0.0707375094510883,0.12486357078950032,0.3710832883200151,0.17343425614848365,0.12163433391240297,0.46246272496673574,0.13095874978369507,0.10536121121159256,0.15535152896268495,-0.03779912666863077
353,True,3.5399999999998317,5.410359289369558,False,False,0.9644194900436026,False,82.48841698514298,-0.0,-0.35982200055672875,0.030892624874427788,0.620102735328418,-0.34906585039886584,0.12487445889600587,1.209474055676351,0.31700771088138197,0.13892543550130315,0.24838373932876331,0.23203249344447296,0.03402732065721976,0.2787960472980212,0.2689641207088417,-0.017396709139245847,0.10160969932599426,-0.09634898953306344,-0.004275923556900402,-0.4906942211854475,-0.02028269836317196,0.38305588273757374,0.5248694571348362,0.023061831084912138,1.047237674563029,0.1938723638965262,0.1148534440004621,0.30973364030643313,0.20273331672205402,0.11184852572829014,0.37062956849320483,0.19996129680553357,0.09452632686808483,0.12808398751278252,-0.06707399962513907,-0.00972662873311747,-0.5907503698766142,-0.03413463965930379,0.21919720056247538,0.9279875344170605,0.015255022408408389,0.9274495877613135,0.11605668260968495,0.11659881608219931,0.353505740111915,0.18365785555655592,0.11478839120190318,0.4396720348391302,0.14999529528134295,0.09965578932210045,0.1500064192467945,-0.04467684837631476
354,True,3.5499999999998306,5.403555783029381,False,False,0.8650044551664818,False,82.64845795929432,-0.0,-0.3295835371043244,0.0263922133726445,0.6284887624099664,-0.3472930011212678,0.11261982138489286,1.2417304449102204,0.30025597105509005,0.1255344034737231,0.2279782602909239,0.2602229409902475,0.021370158426448658,0.24951055590710738,0.30570988890776696,-0.033751786061945045,0.06327047950399763,-0.05155784205364551,-0.004863324093168018,-0.4601672146095973,-0.017067319833451243,0.4238425721988516,0.4279875344170605,0.016471596354880012,1.0846211368552616,0.20815614263346743,0.10230206444264717,0.290742127507162,0.22194032194739094,0.10190079865905265,0.34459148469795037,0.22785243617515055,0.08679413133570227,0.10620010451769572,-0.04811733846451317,-0.010785303804995712,-0.564076183512152,-0.03003553843355739,0.27139356230933787,0.8340057993413535,0.013974406108210567,0.9623611858105529,0.14479468935943962,0.11200918461029923,0.339876556513857,0.19150181455306384,0.11098408056251262,0.42049945031969876,0.16572655028918837,0.09631565968606674,0.14361235645798417,-0.04852710597326024
355,True,3.5599999999998295,5.39883163385583,False,False,0.7659729927063611,False,83.4813749534078,-0.0,-0.31465557628329377,-0.022600248869419623,0.6653861666130358,-0.3490658503988659,0.05720908623177368,1.2950463134248102,0.31878086073766093,0.11195260062876872,0.24901984752172504,0.2653217395495869,0.016308657628058366,0.30633050300858894,0.2513230329996118,-0.0299475553063377,0.08946786009726808,-0.08492990224986188,-0.005392662687780093,-0.4393661297199398,-0.02631790118420087,0.4683894704775915,0.33400579934135355,0.006034261886783391,1.128448208833028,0.2317876010627268,0.08932552592038696,0.29444829592465344,0.22841170363030083,0.09188082188585975,0.36341509024312046,0.20852470574130696,0.07959958995884783,0.11613917420361715,-0.06672846749621297,-0.011498774801327766,-0.5395966722361949,-0.028024645116204096,0.31395219006464253,0.7410587589730229,0.012932484256245618,0.9948753713663635,0.16582314133893625,0.10814075928268321,0.3290400368681562,0.19873172329954958,0.1078413017169261,0.4055009203989491,0.1778250750060425,0.0935524560209853,0.13748017202908602,-0.05144516789463204
356,True,3.5699999999998284,5.395060181034764,False,False,0.6721258176709285,False,82.09229202475399,-0.0,-0.312712745991132,-0.031285551057994715,0.68046838354005,-0.34790461537303885,0.08297974511600516,1.309756002402222,0.32940581135658964,0.11474891674268176,0.24774621289326773,0.24269176253874636,0.024307035052148318,0.3369141442576686,0.20499435365356908,-0.0249335219181859,0.121557363961955,-0.12666234816330768,-0.00574939889941569,-0.42615493577293473,-0.029655094751437922,0.4972099202875762,0.24105875897302287,0.011104431652600789,1.1520541708090728,0.24761431276542,0.0936616113023567,0.2883932023155536,0.22071169846979696,0.09497691403419631,0.37120760241709533,0.1914096875626066,0.08116383443826536,0.1289816290128247,-0.08905368270362848,-0.011891037756494242,-0.5171061578934645,-0.027658377136390595,0.3515788251647066,0.6484791102571819,0.012139282913698183,1.0260998464796525,0.18341962803783965,0.10484833034971014,0.320303864883922,0.20451663977482462,0.1051877350859017,0.3952782887997002,0.18493246348527043,0.09119184170309363,0.13354556609239326,-0.05614244023011722
357,True,3.5799999999998273,5.39174951449811,False,False,0.5800658275496305,False,82.24695903481916,-0.0,-0.312712745991132,-0.031285551057994715,0.68046838354005,-0.34790461537303885,0.08297974511600516,1.309756002402222,0.32940581135658964,0.11474891674268176,0.24774621289326773,0.24269176253874636,0.024307035052148318,0.3369141442576686,0.20499435365356908,-0.0249335219181859,0.121557363961955,-0.12666234816330768,-0.005945530769261099,-0.4149096561493252,-0.029471960417248963,0.516023275463533,0.1502882438238045,0.011582973295927558,1.167726946796094,0.25641257371132326,0.09187755011487078,0.28402510927837327,0.22360416270712657,0.09350769148017013,0.3660962757135971,0.1949633887313118,0.07966459348263001,0.12692926192501217,-0.09140232363551659,-0.012179606876357203,-0.4966825468820879,-0.02811018296486058,0.38539032447495464,0.5561742800710664,0.011772921960362052,1.055293828850022,0.19887592159960407,0.10219908614544788,0.31286291041196873,0.20897109354433074,0.10304437697365673,0.3881092598021034,0.1888212534094694,0.08921021593613504,0.13128887307512185,-0.062055261603301055
358,True,3.589999999999826,5.388618045388381,False,False,0.5284817419995472,False,82.5128749711439,-0.0,-0.3053262172372568,-0.003097469326781087,0.6600887704746633,-0.3483485818286085,0.08376320910179105,1.2796478935507078,0.3537209690850138,0.11474956914542483,0.20605522951007973,0.233980806109705,0.02028139964485211,0.29742130578072146,0.19501210740838634,-0.02596228408046105,0.0968290973984669,-0.1212723677088628,-0.006089815617761119,-0.4010045732142363,-0.015603851156516739,0.5227392727769002,0.10391375364228206,0.01182397714547503,1.167323042675197,0.2762982904975711,0.08980116757701255,0.2594591779500904,0.2214759249694091,0.09183610483206947,0.3427653725892858,0.19191667407790952,0.0778898571220713,0.1133866281560412,-0.09166375568456242,-0.012730260501650869,-0.47798310036979136,-0.02783373577397672,0.41493494689769705,0.4676665909322596,0.01163044620412924,1.0808365082109854,0.21357371869355232,0.09990573587411195,0.3047531427002187,0.2123244210100343,0.10117976462053115,0.3810477399937776,0.19087702720880007,0.08741688923831442,0.12883634271802966,-0.06786652359319097
359,True,3.599999999999825,5.385650671212318,False,False,0.4800810769577227,False,83.0600829795003,-0.0,-0.3053262172372568,-0.003097469326781087,0.6600887704746633,-0.3483485818286085,0.08376320910179105,1.2796478935507078,0.3537209690850138,0.11474956914542483,0.20605522951007973,0.233980806109705,0.02028139964485211,0.29742130578072146,0.19501210740838634,-0.02596228408046105,0.0968290973984669,-0.1212723677088628,-0.006365142981060481,-0.39165483166270426,-0.015465627325702875,0.5375116135333275,0.059659820565366395,0.012484784079131993,1.1801461119858254,0.28364720374231295,0.08853285015105843,0.25540428559598394,0.2231525920059721,0.09077305652250114,0.33923460639350517,0.1929445630979601,0.07668286019120805,0.11210936526319382,-0.09456939215000865,-0.013435964380607318,-0.46091816925878853,-0.026786724168245787,0.44069961864429363,0.38581320933679075,0.011597794593187119,1.1029073850153377,0.2275886249453953,0.09785116966579617,0.296049531132867,0.21488752325289137,0.09950447085753714,0.37368519717015775,0.1919178051775888,0.08575122513007069,0.12597342518430046,-0.07319090176520189
360,True,3.609999999999824,5.382841801690014,False,False,0.4477659449023606,False,82.08295801887289,-0.0,-0.3174391760578024,-0.025872545039839316,0.6990863709589774,-0.3473131797954002,0.10553535637919527,1.272649329906217,0.3658000300817791,0.11119142317612328,0.17957310361134418,0.2560119597803076,0.015269543409321072,0.29555108468291674,0.20786414623660449,-0.03180125415599267,0.07466991556541791,-0.0867199915768348,-0.006717995626241171,-0.38917881562858214,-0.026329635448213578,0.5698927364141628,0.01925074789561837,0.014105681212454998,1.187714173373932,0.29669418930245844,0.08870644911324282,0.23781143304645785,0.2354497002911272,0.09078632608131922,0.33461821892377075,0.19989095982534286,0.07599102933612342,0.09948355964842061,-0.07995543338390894,-0.01414138578419226,-0.44597512214711355,-0.026295227680031303,0.46502335187878824,0.31136261729161835,0.011746229334967963,1.1220756939477097,0.2409926113046946,0.096091928300129,0.28659290310171,0.21786949760412547,0.09805907202022865,0.36654221486327465,0.19300912423392072,0.08423216809976128,0.12224210745412725,-0.07664776751685803
361,True,3.619999999999823,5.380151741944207,False,False,0.4119591039385675,False,82.17595901805907,-0.0,-0.31499922803407354,-0.018408598086778905,0.690576435768914,-0.34759909227236563,0.10438214532340441,1.2777760217954224,0.38779736336518345,0.11300605862608877,0.16204415311799383,0.2497801700691349,0.01819035627775682,0.2752868028915798,0.20098365896984471,-0.0338387500524488,0.06652053061505613,-0.08870412193082482,-0.0070707070334536356,-0.3804873063295283,-0.0223519208291456,0.5777996682725518,-0.018117578529981748,0.015159673930405263,1.1999152361711625,0.3143948405304805,0.08821323128105767,0.22431865402118278,0.23382480210579637,0.0903075273649152,0.3209145997070634,0.19699638348518356,0.07507067868095982,0.09344387586507952,-0.0826759326128098,-0.014846763476247783,-0.43286938988311435,-0.026218505733992075,0.4877875424108522,0.24414097037378985,0.012096612336446157,1.1390503018796696,0.2544679374665916,0.09462559483752572,0.27620170361379515,0.22101892093354075,0.09683870047774851,0.3590917102217001,0.19404013252089525,0.08285092377044743,0.11763489290580263,-0.07859416697179103
362,True,3.629999999999822,5.375621464636622,False,False,0.26281625603244163,False,77.97233300516382,-0.0,-0.32410803476869887,0.021300493052163496,0.6767053894388624,-0.34841041377336085,0.09271188722973835,1.282336436410593,0.3820900314153541,0.11517437469059216,0.15429736785824916,0.2362396874465999,0.021138210986256158,0.2668724499569734,0.1955926159458378,-0.030447734472736816,0.051607450620565924,-0.07039028000333948,-2.9693467564970155e-08,-0.434181898913661,-0.0627095312509124,0.6312927167243061,-0.3493797161055226,0.0323968783983899,1.1339295708397639,0.30713223607333817,0.09743501665331909,0.15429761155585606,0.23623965703082048,0.09512721842341829,0.26687263367243585,0.19559261279357643,0.07328409029027147,0.049445123558489734,-0.07039029677754677,-0.015813052987209635,-0.4257447528850232,-0.029139699286313336,0.5119172625005205,0.16581125100799085,0.013863013571214958,1.148620107812209,0.2665639323797363,0.0940271463194928,0.26076843001682376,0.22404058830505288,0.09617007706981673,0.34773511556963715,0.1947430568374083,0.08151000300291883,0.10956179989437101,-0.07889530743400226
363,True,3.6399999999998207,5.368456035802657,False,False,0.22288420433964634,False,77.89754203986377,-0.0,-0.3395280298695666,0.04114058002801843,0.6831213988173416,-0.3488233697718918,0.07167414668105733,1.2735427637210461,0.37377288573549106,0.11404055443557251,0.144402211606906,0.2333092255588623,0.017768167094933132,0.26165126549327866,0.18162710567598628,-0.030908731264208,0.03559179921055143,-0.053265117575874835,-3.162604272216596e-08,-0.4358186794863974,-0.02835537863681581,0.6319915435950807,-0.35968237681479565,0.02613106974030345,1.1617153415031525,0.3172459943665865,0.08652134475697548,0.14440244410609576,0.2333092070000163,0.0868751859405178,0.26165143758611054,0.18162713192002541,0.0667133768893457,0.03322234351758742,-0.05326516891656908,-0.016625072712348955,-0.42406119656562774,-0.031879567308212856,0.5358644834497092,0.07547803303470958,0.01618793005466801,1.1536305668411213,0.27716310834534824,0.09346470091624227,0.24158606883498085,0.22650417019819025,0.09539736123730491,0.3336142089032597,0.19414443493328376,0.07978977484127098,0.09806259655878886,-0.07670664674303515
364,True,3.6499999999998196,5.360133687680339,False,False,0.1783481302210456,False,77.02745799906552,-0.0,-0.3396903502039433,0.0809479701228788,0.641612493836772,-0.348944371761878,0.02180983158704669,1.2653999123752808,0.3631239213697982,0.1212104673320377,0.12925515929417003,0.2299325062836447,0.02370410179086369,0.25198358439882645,0.15817996597454256,-0.014863758284159657,0.033881602440851796,-0.04967158556425152,-3.325007891935572e-08,-0.41457003728048464,0.0,0.5915191979138766,-0.36609472050215713,0.019817114850767314,1.1953029492379086,0.32772747898405863,0.07495069335487464,0.12925538357889715,0.22993249939826144,0.07804669356725537,0.25198374736029244,0.1581800379110325,0.059813672616800706,0.0316963241455117,-0.04967163985931254,-0.01694830818688527,-0.4233328254773053,-0.030880106456429805,0.5536851586993103,-0.012508648699267329,0.017748201365649835,1.159750546494677,0.2870750589821087,0.09177540480111507,0.22148091280318927,0.22804654345743303,0.09373618403403447,0.31902298004782326,0.1907210954216244,0.07734333842652827,0.08574114757063733,-0.07284451533282726
365,True,3.6599999999998185,5.351578300581659,False,False,0.22231250344810516,False,78.09870800701901,-0.0,-0.358226661401796,0.058134867529480584,0.6945259030919717,-0.3455713728967712,0.05635858027661676,1.2879682376279775,0.3842931355763335,0.11724909403798034,0.150710208551215,0.22387075579520377,0.02329101015863966,0.2665196220002235,0.13878888657514513,-0.01778958155299716,0.030829691166936374,-0.044145982389147916,-3.389654858187985e-08,-0.4501239280969779,-0.009079815861286495,0.6637067826463644,-0.344164429321466,0.028480384142223703,1.1519674720373396,0.3143216380683519,0.08389231115822712,0.15071035004177719,0.22387076413754095,0.08434213703013228,0.26337141144355103,0.13878899045179954,0.0627607120692723,0.030093748552870864,-0.04414603978633952,-0.01661019824090511,-0.4250911742673915,-0.028130385846942833,0.5709668712942597,-0.08775926305055484,0.019238550671212287,1.1636833277578533,0.2949419777377791,0.08998913681221382,0.2043067833213185,0.22845817706918548,0.09199514144446423,0.306383799130149,0.1840940125792617,0.07481770734392738,0.07432423433116427,-0.06819913121577656
366,True,3.6699999999998174,5.343104195474511,False,False,0.2037525133142145,False,76.15858403733,-0.0,-0.35420093143796866,0.06690255569679687,0.6754433218457957,-0.34658744972058636,0.04239093705916916,1.26664488500858,0.3960221925359225,0.12082433378997233,0.13054117721422898,0.21873764686222383,0.028214143122294776,0.253861714771882,0.13835098025909642,-0.016840296896831138,0.028677114115747256,-0.04298831366176856,-3.3220330042382784e-08,-0.436893053246747,0.0,0.6471566086211986,-0.34630699749542704,0.02959996370385782,1.1447413655361793,0.33367309073985707,0.08252354487290461,0.1305413248118044,0.21873766631213143,0.08301165736095018,0.25256522344004867,0.13835107173248373,0.060705220609684724,0.026500605930544825,-0.04298836408165682,-0.015818982007584116,-0.42795742074600956,-0.024621095708276405,0.5874782357825986,-0.14834260138769298,0.020948029847005223,1.1640858801335832,0.3020686928820908,0.08858273589516219,0.1895753731803294,0.227767354505761,0.09054065985172016,0.2955632956914809,0.17616076807620593,0.07249021899256555,0.0642463576279736,-0.06348741152653634
367,True,3.6799999999998163,5.334821256394713,False,False,0.1972859970282822,False,76.44679205259308,-0.0,-0.34880814507725705,0.07189683898228835,0.6739326350732711,-0.347261359163179,0.02520578461983134,1.2841879503774052,0.3716881729479733,0.11315504824357664,0.1321417883255292,0.22414543587954244,0.025223864910392597,0.2536894135963961,0.14053520127001107,-0.013748849572628093,0.024052147371722996,-0.04194879481449732,-3.163790074020567e-08,-0.4366719789314335,0.0,0.6319079250663631,-0.35654867702693427,0.025909165479350578,1.1742610066210262,0.3155705783628741,0.07451485971213428,0.13214190326697536,0.22414544313205453,0.07680303961193184,0.2531853653752344,0.1405352725085411,0.055428123329903274,0.021326319702503004,-0.04194883788890545,-0.0146193312155223,-0.43036595589829146,-0.02083925394201265,0.5999372118576527,-0.19676884837410397,0.02230938464583502,1.164873906219136,0.30733823491003526,0.08686742900081229,0.17688639314194235,0.22693771464707962,0.08887133541664456,0.28634917334516913,0.16878338706962823,0.07003696090110163,0.05534952123095477,-0.05917495321692712
368,True,3.689999999999815,5.326766766674161,False,False,0.19058839631143396,False,77.5850000209175,-0.0,-0.34880814507725705,0.07189683898228835,0.6739326350732711,-0.347261359163179,0.02520578461983134,1.2841879503774052,0.3716881729479733,0.11315504824357664,0.1321417883255292,0.22414543587954244,0.025223864910392597,0.2536894135963961,0.14053520127001107,-0.013748849572628093,0.024052147371722996,-0.04194879481449732,-2.923860395291633e-08,-0.436223927677833,-5.092760900493598e-10,0.625634448995877,-0.3617270362950852,0.02704064329253844,1.1855449498512445,0.321413619276602,0.07321664403170719,0.13214187775032094,0.2241454414574124,0.07554707999764748,0.2518521567035953,0.14053525777622006,0.05390156778844111,0.022472260344579137,-0.04194882926865704,-0.01308040960847654,-0.4322473859208627,-0.017368487190742615,0.6082266211493976,-0.23540376992053608,0.02331673135412839,1.167668472090081,0.31098248063245415,0.08481062640913122,0.16654093837253742,0.22635114376133375,0.08696633796575186,0.2787616843744038,0.1625770400460632,0.06748822761960312,0.04785083150926051,-0.05549549920040712
369,True,3.699999999999814,5.318904568465623,False,False,0.18547735352523784,False,77.45654199970886,-0.0,-0.3344110480123868,0.07893024101198903,0.6305328539422635,-0.34795601963409584,0.02664629546481224,1.2420484584234834,0.43513439246644103,0.11666486260998644,0.11728153390719379,0.21919718608575597,0.025713846409891092,0.22895773047263632,0.1359320279936297,-0.01731696081874716,0.004537556966849952,-0.04060144763354196,-2.6160766894781085e-08,-0.4131381558505078,0.0,0.5898324400654992,-0.35936440750359844,0.029618262022216707,1.1488742217965353,0.3874090241455215,0.07433774930035862,0.11728163249200102,0.21919720039975846,0.0760762337431399,0.22893120170336198,0.13593208127393763,0.052550604725121186,0.001403952494024606,-0.04060147742003399,-0.011653601177512152,-0.4319315386218963,-0.014411584720632791,0.6108788327629266,-0.2655599775780044,0.02430698319588103,1.1686037579381143,0.31900221204382523,0.08285645219198934,0.15718991827362466,0.225545661219552,0.08514979579642183,0.27089759954485937,0.15722194088821004,0.06501333603491567,0.040189404579818844,-0.05239097989425217
370,True,3.709999999999813,5.311317598194043,False,False,0.184103817332225,False,77.26054202066734,-0.0,-0.3344110480123868,0.07893024101198903,0.6305328539422635,-0.34795601963409584,0.02664629546481224,1.2420484584234834,0.43513439246644103,0.11666486260998644,0.11728153390719379,0.21919718608575597,0.025713846409891092,0.22895773047263632,0.1359320279936297,-0.01731696081874716,0.004537556966849952,-0.04060144763354196,-2.330715574185016e-08,-0.4112946362107232,-2.5537855337376403e-10,0.5927647100238288,-0.3577678608837802,0.030492020455806436,1.1478965769599987,0.38659465762260925,0.07299479108776549,0.11728161247285161,0.2191971986847359,0.07480556986751861,0.22781385547187427,0.13593207074158487,0.051035188336989674,0.002399317923221539,-0.04060147123022259,-0.010366227756233325,-0.42978572536361437,-0.012016356052266235,0.609808201152504,-0.28854290797502286,0.025342456328955848,1.1672403633527344,0.33033957383117385,0.08110348131549054,0.14875261906842474,0.22455224641482885,0.0834971386980561,0.2628496236639374,0.1526555686255751,0.06268179674481743,0.0326096474313152,-0.049837086473706535
371,True,3.719999999999812,5.304934794567102,False,False,0.19022262506675858,False,76.06520800618455,-0.0,-0.3333435822374809,0.04819308916040168,0.6760646559578071,-0.34906585039886584,0.0669799980528048,1.274863753713159,0.3928690540921157,0.11833439949236857,0.11876273382046375,0.21481109278917274,0.02436871996800872,0.26431002850860497,0.11740929119600715,-0.020049540414048245,0.032268415165061085,-0.047779593769617094,-2.0732414045959713e-08,-0.42036173623246187,-0.009373640624195878,0.6252037333489864,-0.36560868407875546,0.040315573875902844,1.1816831843540927,0.344807401976751,0.08329922208474115,0.11876279421794703,0.21481111233660766,0.0820398894599854,0.25844674656668815,0.11740936161658991,0.05834085484082626,0.0335602251298697,-0.04777959806403799,-0.00887176194102717,-0.4278249442323155,-0.01079549723802623,0.6099228597617548,-0.3065037883080374,0.027068692480769277,1.167619433384558,0.338326129788348,0.08025395934437142,0.1418052313593455,0.22325521391178552,0.08256451047920935,0.2579454890793516,0.14744965128920387,0.06116430674381919,0.028356026783149364,-0.04839898211263811
372,True,3.729999999999811,5.299486242863575,False,False,0.18161238114208153,False,75.64225001260638,-0.0,-0.3348382420028591,0.058173189634664106,0.6649401289200966,-0.34906585039886584,0.05865130827551425,1.2594615064570343,0.4122046476716675,0.11793418709697613,0.10691400485575017,0.21303449177287756,0.025517871315538128,0.2669075692313535,0.11338948871959209,-0.02022251312661151,0.03673235896060711,-0.04662677848539301,-1.7743488392105156e-08,-0.4195083428454555,-2.2383819797688886e-10,0.6100067862834617,-0.3687948285994074,0.03979055410878041,1.1775912768763115,0.37011306469809013,0.08017292974381232,0.10691407121613605,0.2130345117217526,0.07951253931502754,0.26123132310100927,0.1133895572391417,0.05605142114964539,0.037986483782531014,-0.04662678227924516,-0.0073692637687254835,-0.42643378436317825,-0.009855133993438417,0.6105536846378881,-0.32087846644112433,0.02921948569086035,1.1695857620914694,0.34439872147623873,0.08002222690538813,0.13540782031330612,0.22168294332936533,0.08212839273825134,0.2561957525731358,0.14155986062691692,0.06026633885959743,0.027407371894952435,-0.04776996361715556
373,True,3.7399999999998097,5.294821911233966,False,False,0.1779997342718167,False,75.40220901137218,-0.0,-0.3348382420028591,0.058173189634664106,0.6649401289200966,-0.34906585039886584,0.05865130827551425,1.2594615064570343,0.4122046476716675,0.11793418709697613,0.10691400485575017,0.21303449177287756,0.025517871315538128,0.2669075692313535,0.11338948871959209,-0.02022251312661151,0.03673235896060711,-0.04662677848539301,-1.473849805914973e-08,-0.4187979126427781,0.0,0.6061831358822672,-0.3714413232709004,0.04128086310756614,1.185248075120051,0.374206500872025,0.07965759186315895,0.106914062035295,0.21303450909942115,0.07892460122349507,0.2613041092913244,0.11338954504143071,0.05523587703548683,0.037975029408685315,-0.04662678070588343,-0.006045628365431378,-0.4253267985570107,-0.009255197618262257,0.6105272354894319,-0.3324452265481309,0.031394691999168146,1.172400759983452,0.3502898252668376,0.07994494072055484,0.12949333768848462,0.22010838556400847,0.0818433412837605,0.25603230102885915,0.13594278586392697,0.05958683797345598,0.028095847588838836,-0.04748434798638707
374,True,3.7499999999998086,5.289206983906449,False,False,0.17619005560398054,False,75.43670799350366,-0.0,-0.30064341815391415,0.03516166036926137,0.6408561726227506,-0.34906585039886584,0.07554239757646516,1.2374733735813124,0.43627178000246497,0.12156090373935852,0.10251373035540196,0.22771643818840126,0.02301195986061284,0.258782728035711,0.11716229136472982,-0.022711599111352225,0.04446228269397809,-0.06064335948249536,-1.2091232547313535e-08,-0.38219097219969084,-0.015619788224868238,0.579917826711926,-0.37326336071788185,0.04653059660767528,1.1718429275136426,0.4027907885357314,0.08442484815040893,0.1025137833131343,0.22771642281360763,0.08221251822851536,0.2528817325434472,0.11716232906686075,0.05681711675299665,0.04577648468630586,-0.060643333104110006,-0.005012643014577596,-0.42157075013020745,-0.009785337839446724,0.6080315462560674,-0.34176820366520017,0.03379359233960052,1.174492858144101,0.35784191034063956,0.08026304118345232,0.12408762755930246,0.21979079176335467,0.08179949077154797,0.25598525100722036,0.13140688629778333,0.05916197633746298,0.029989133390697583,-0.04839497631461761
375,True,3.7599999999998075,5.284103429650634,False,False,0.18357194556507153,False,74.81466594617814,-0.0,-0.30465920186257295,0.018503127627158632,0.6586432434015819,-0.3473713002571746,0.07680326970723171,1.2788443872772055,0.4023887295770291,0.11313885480248549,0.10537012921048025,0.2311128349312364,0.0217473768093293,0.2571174487153156,0.1163249436711184,-0.024646094990447936,0.042134569840926055,-0.06434149598187773,-1.0025265976751352e-08,-0.39289201940079205,-0.035306281587913525,0.5935273344659869,-0.3728283575230723,0.04586762618966882,1.2068823356928986,0.36533229062425304,0.08094417650461237,0.10537016691327432,0.23111281233187794,0.07945821728346837,0.25127314906620657,0.11632497380333916,0.0542107770377967,0.04343922583174943,-0.06434146402307642,-0.004188071868753695,-0.41659189790177714,-0.01255867059370081,0.6048955639836544,-0.34912730520138213,0.036158256780716665,1.1782566027207937,0.36330750091241343,0.08064367553576325,0.11956640113960638,0.22081188844672645,0.08182618851194709,0.25560201642959907,0.12792688228572358,0.05876190102143733,0.03229104998319232,-0.05046626907234686
376,True,3.7699999999998064,5.280033044239828,False,False,0.18222254726004777,False,76.42058399505913,-0.0,-0.30465920186257295,0.018503127627158632,0.6586432434015819,-0.3473713002571746,0.07680326970723171,1.2788443872772055,0.4023887295770291,0.11313885480248549,0.10537012921048025,0.2311128349312364,0.0217473768093293,0.2571174487153156,0.1163249436711184,-0.024646094990447936,0.042134569840926055,-0.06434149598187773,-8.376126983851429e-09,-0.39232232772083003,-0.03371715465979656,0.5955479419486971,-0.37139383207800525,0.04694972354266774,1.2051916131395388,0.36405764520687833,0.08024287912690167,0.1053701575960782,0.23111281432830827,0.07874702670548933,0.2513472751796069,0.11632496682773089,0.053353100250455976,0.043424554916366466,-0.06434146871616886,-0.0035957073112311733,-0.41208141948112204,-0.016568459003172182,0.6025515161335825,-0.35470165275917354,0.038295133869823375,1.1834993776063978,0.3657445060299916,0.08083374129807214,0.11604282309557523,0.222383458420662,0.0817648336571196,0.2550607117503896,0.12524605146503223,0.058254689127643866,0.03439884155074059,-0.052902313692340296
377,True,3.7799999999998053,5.275346881015375,False,False,0.17209917617397577,False,75.84187499014661,-0.0,-0.28776324013013627,0.028506252116382188,0.6280319579146337,-0.3485373774064152,0.06616455290075139,1.2453776775649457,0.43197989652212315,0.11401377527496756,0.09490572832316296,0.2246150467388655,0.021238966500479083,0.2592365335637421,0.09831386638887274,-0.023904286036558853,0.04663878817771472,-0.07756228078310562,-7.191400238325263e-09,-0.36984999452535183,-0.01932477776686059,0.5703013590846538,-0.3699621907063728,0.045015894571536166,1.174549156190591,0.3948455976427656,0.07598968448620848,0.09490577037773665,0.2246150422348992,0.07549194062466939,0.2537431448308934,0.0983139202840893,0.05050290811887702,0.04786891856276312,-0.07756223150746092,-0.00337770659100367,-0.406527587770809,-0.01947663259830097,0.5988784519172369,-0.35873320710991907,0.0399840787615895,1.1863904121801168,0.36908542729912963,0.08065805437426339,0.11254862876912612,0.2234901561021936,0.08140714434136694,0.2547005113867036,0.12177680837674565,0.05751029968443877,0.03652207937317915,-0.0562463261835853
378,True,3.789999999999804,5.270019815304251,False,False,0.17011487432740816,False,74.42416698904708,-0.0,-0.28776324013013627,0.028506252116382188,0.6280319579146337,-0.3485373774064152,0.06616455290075139,1.2453776775649457,0.43197989652212315,0.11401377527496756,0.09490572832316296,0.2246150467388655,0.021238966500479083,0.2592365335637421,0.09831386638887274,-0.023904286036558853,0.04663878817771472,-0.07756228078310562,-6.755399670210771e-09,-0.3690045114739541,-0.01791391343264724,0.5709778712145328,-0.3695237843137628,0.04604185047921917,1.1753612428345648,0.39512379242953216,0.07546814008804348,0.09490576376551821,0.22461504451359074,0.07493098851713065,0.25381081852244186,0.09831391324757073,0.049739323126837084,0.047855741627312966,-0.07756223860329683,-0.003416275309109778,-0.40027022968190656,-0.02093800236024974,0.5941748653471379,-0.3615800402677832,0.041297717167385006,1.186906615151495,0.37361074432717745,0.0801779064122444,0.10908034340133825,0.22402926886802937,0.08079680898781846,0.25455384918441615,0.11770197800203448,0.056584853647354896,0.03857979693053023,-0.060072521225954106
379,True,3.799999999999803,5.265463017976868,False,False,0.17064605507796415,False,75.12616598978639,-0.0,-0.335609194696051,0.08409574208309258,0.6569409145188312,-0.3474473109577423,0.055485735337060096,1.2835667272634235,0.375965710769045,0.12046096161761545,0.13528875952363018,0.2050107197259215,0.03284137723649071,0.2425316452229771,0.1175784332902589,-0.01234385070869165,-0.006498516808333597,-0.006051788305717898,-6.832536953750579e-09,-0.4116960651875706,0.0,0.6013520325487094,-0.36839856953153605,0.05121920246373924,1.2214662575523128,0.3434501190317833,0.08001938786465221,0.13528870596024037,0.20501075755385717,0.07803471330704805,0.23782563479466434,0.11757843380119924,0.05166031375481363,-0.0054412000663832324,-0.006051895544093709,-0.0034834767388409018,-0.3976952838405883,-0.020251911398641912,0.5919653653708908,-0.36350900106203116,0.04274400621115907,1.1899073086977265,0.3740538180105138,0.07986562034841704,0.10902128771894062,0.2227720231832514,0.08034656233460276,0.2533088958914907,0.1153530415705474,0.05580232527725502,0.036306545650031864,-0.058042179643549206
380,True,3.809999999999802,5.262025814445137,False,False,0.16896673957731445,False,74.63379204273224,-0.0,-0.335609194696051,0.08409574208309258,0.6569409145188312,-0.3474473109577423,0.055485735337060096,1.2835667272634235,0.375965710769045,0.12046096161761545,0.13528875952363018,0.2050107197259215,0.03284137723649071,0.2425316452229771,0.1175784332902589,-0.01234385070869165,-0.006498516808333597,-0.006051788305717898,-6.966939543068956e-09,-0.4109794601554717,-5.883157502828418e-11,0.6002705480556693,-0.3691603628041274,0.05229679706612258,1.2247452120272386,0.3453454526025307,0.0796675140061091,0.13528870664629153,0.20501075519164105,0.07760157582855645,0.2378752499648429,0.11757842886068963,0.05102722145053174,-0.005447077608149983,-0.006051892558216247,-0.0035347201750084126,-0.3984628544456065,-0.018108752870186838,0.5920767373106077,-0.3648570393689224,0.044360385372526095,1.1955641099984209,0.37098673834320617,0.0797577891229972,0.11190517701386545,0.2202281814100423,0.0800998537603175,0.2511496204975173,0.11464962404694948,0.055194000138280144,0.030510524687757504,-0.05116747136343125
381,True,3.819999999999801,5.25959016364547,False,False,0.1614308025594416,False,75.67312498576939,-0.0,-0.38521176662429746,0.08483718442347805,0.6725917463137623,-0.2719832337060593,0.07120822066871207,1.3035099656405371,0.31192125309123764,0.11612494529142854,0.20309635080299646,0.20408825960274446,0.02641363983600771,0.26984573537661355,0.1439223591289379,-0.014165077620203106,0.010826256862468214,-0.018018021661885937,-7.069426211526314e-09,-0.44626262800372346,-1.2503544380426668e-10,0.6193017364118217,-0.2922349339610906,0.048323959322343464,1.2528266964837886,0.2856442304725578,0.07234960783417839,0.19899493943048546,0.2040882919600651,0.07309749787430393,0.26576746834488957,0.1439223005411776,0.04886030027827428,0.011880754051745802,-0.018018087727963414,-0.003175742926801963,-0.40324401256638787,-0.015621337676184077,0.5945594832230312,-0.35984275125203746,0.0455923208466009,1.2040106386635876,0.36223441441975046,0.079278968134679,0.12055837294883776,0.2173602933405125,0.07963287923974639,0.25089749324881716,0.11674041075557982,0.054552431181051936,0.02530939913267643,-0.04411531602247352
382,True,3.8299999999998,5.257340030752208,False,False,0.16019320411953816,False,76.59025001339614,-0.0,-0.38521176662429746,0.08483718442347805,0.6725917463137623,-0.2719832337060593,0.07120822066871207,1.3035099656405371,0.31192125309123764,0.11612494529142854,0.20309635080299646,0.20408825960274446,0.02641363983600771,0.26984573537661355,0.1439223591289379,-0.014165077620203106,0.010826256862468214,-0.018018021661885937,-6.351473150374709e-09,-0.4495471503259156,0.0,0.6231844443108753,-0.2910450203412192,0.048458208425878904,1.2545717403067176,0.2870860802618094,0.07214332747925883,0.19902045993582007,0.20408828685889924,0.07260211269459414,0.26578441234198624,0.1439223041297422,0.04820287045362597,0.011882341325914777,-0.01801807407375604,-0.0026998131523297934,-0.4107072533907697,-0.013266609431412264,0.5987529893039081,-0.3498196438624764,0.04638315584279492,1.2138186046481296,0.3500274483796378,0.07843779940184678,0.13306169281901578,0.21468565859258784,0.07891232978537051,0.2524805145859205,0.12073137890714757,0.053830323778981636,0.021602319181955338,-0.03829602312575481
383,True,3.8399999999997987,5.254454404200452,False,False,0.15832330604304504,False,76.32808299968019,-0.0,-0.38521176662429746,0.08483718442347805,0.6725917463137623,-0.2719832337060593,0.07120822066871207,1.3035099656405371,0.31192125309123764,0.11612494529142854,0.20309635080299646,0.20408825960274446,0.02641363983600771,0.26984573537661355,0.1439223591289379,-0.014165077620203106,0.010826256862468214,-0.018018021661885937,-5.399615505153471e-09,-0.4478671678567415,-1.2944459740205083e-11,0.6256616205222102,-0.28968786388642215,0.04944637254747257,1.2539051919974038,0.2868666205028364,0.07186601572172134,0.19904262601564376,0.20408828073410168,0.0719766768201286,0.2657992088456659,0.14392231279550577,0.04745160918603182,0.01188402650527372,-0.01801806227004378,-0.002472233200353762,-0.4183779680249602,-0.011237031750925252,0.6034899445979975,-0.33880768123530897,0.046983853162692345,1.2230438315873633,0.33791077109266715,0.07749720350163451,0.14576683127774587,0.21243817429894285,0.07808922135761723,0.254654819116991,0.12502936121297295,0.05306610205429108,0.018922220115169634,-0.03366072866542368
384,True,3.8499999999997976,5.252211935264295,False,False,0.11348522233293258,False,75.38004103116691,-0.0,-0.3683150000657982,0.07506762110553691,0.3714113451657592,0.06509651555353446,-0.004393144261700815,1.0225407208407562,0.328508067454704,0.15600501615986026,0.16430383906523047,0.24191114119600512,0.05724541656012179,0.2872370152848476,0.26363586307898956,0.014585904395339775,0.10449808816189904,-0.04768311951909096,-4.944456511325052e-09,-0.36831510021148256,-1.1738427938001728e-11,0.371411809318404,0.06509570774548296,-0.004393041325851242,1.0225411218363352,0.3285080862580402,0.09314854143634227,0.1612090505800216,0.2419110822613486,0.08830726907917909,0.28739506402961595,0.2636355858549903,0.06253016601204285,0.10018332322631351,-0.048732279392592656,-0.0027017080286089977,-0.4188728863275356,-0.009597695260244213,0.588098920440037,-0.30055232630861706,0.04338003085915258,1.21330882684882,0.33073431824184873,0.07807072838824496,0.15422054203868965,0.2135790558391947,0.07839535518481947,0.2583293212411795,0.1383535756053082,0.053382668061145576,0.02368985008133915,-0.03246353191075099
385,True,3.8599999999997965,5.250418015433413,False,False,0.11307372628890473,False,76.37187500949949,-0.0,-0.3683150000657982,0.07506762110553691,0.3714113451657592,0.06509651555353446,-0.004393144261700815,1.0225407208407562,0.328508067454704,0.15600501615986026,0.16430383906523047,0.24191114119600512,0.05724541656012179,0.2872370152848476,0.26363586307898956,0.014585904395339775,0.10449808816189904,-0.04768311951909096,-5.4034052501469865e-09,-0.368315101225242,-5.677215642041489e-12,0.3714117785251586,0.06509578425192586,-0.0043930488033278245,1.0225411023655429,0.32850807189890496,0.09354034403681352,0.16121346214248922,0.24191108455005164,0.08821513912518258,0.28738880164565606,0.26363561249742745,0.06213081088067118,0.1002108527610582,-0.04872660823783588,-0.003254983756199721,-0.41338841513534696,-0.00886047631355626,0.5565666068783649,-0.24209506376599418,0.03643558378364426,1.187972649147299,0.32789924696144596,0.08003494537049297,0.1585147944158034,0.2173799936696528,0.07973260872788598,0.2631097221563639,0.1584107378294689,0.05463340035127283,0.03435311126905505,-0.03391578574925518
386,True,3.8699999999997954,5.252129586379665,False,False,0.20269643689532096,False,76.566833013203,-0.0,-0.7093250294907935,0.09230710091992614,0.5922143952391633,-0.34906585039886573,-0.023988113634028068,0.9268571466848428,0.03485517122422982,0.2004404789328653,0.1992463285251103,0.27276484155544173,0.05095044306572301,0.35467777356735497,0.21823881014309301,-0.0038161489416292313,0.10765042807571172,-0.05145755818948484,-6.509954492139869e-09,-0.6648224043834758,-0.054699699828307774,0.5843186963453754,-0.3490656364615044,-0.02398799267379314,0.926857668902203,0.03485575730605761,0.10468767611075994,0.19450336283988645,0.27276473080200025,0.09858085830132586,0.3494993083092317,0.21823869047110797,0.07327893417792163,0.10899228862115108,-0.0514575231314503,-0.003622931738286506,-0.42906961615151334,-0.012091818636515008,0.539225375847179,-0.21502392357694042,0.02740169635464848,1.1519765664128325,0.3040085749274177,0.0832306556244203,0.163110378088769,0.22419822422590407,0.08213957421739482,0.27268030775788693,0.17522788107641957,0.05697502544397181,0.04695213906615022,-0.036434049891762785
387,True,3.8799999999997943,5.25479439359071,False,False,0.269394251197333,False,75.70708298590034,-0.0,-0.8372948012870087,0.10475410981758027,0.5945002300281264,-0.3490658503988659,-0.038214882667218564,0.8827225419939911,-0.22842902759375724,0.2118880385899686,0.16522534792122628,0.27638427562186163,0.044702362404290485,0.2830011060382809,0.2705828545157044,-0.013408978062774603,0.07389200842108881,-0.06519599366288924,-7.2458489850518726e-09,-0.7524908305772124,-0.10629089113815009,0.6022771783248047,-0.34906558212501415,-0.03821474176107073,0.8827230809784401,-0.22842796230735213,0.1067495427208062,0.16000571532441002,0.2763841704493286,0.09885986751407147,0.2774731946088317,0.27058266456037416,0.0686523038020324,0.07533448940323899,-0.06519593537064919,-0.004443318918279077,-0.46975979723661093,-0.022351510732174017,0.5392806273950094,-0.21979024600691485,0.016710959496579154,1.1087046060831893,0.24373694697299303,0.08719079821124068,0.16598601357994355,0.23293022113193626,0.08515768835176832,0.2800259561805813,0.19121162392482507,0.05958872672982532,0.0566271339756151,-0.04023693843562701
388,True,3.889999999999793,5.255998826794297,False,False,0.27017133576158836,False,71.95745897479355,-0.0,-0.8372948012870087,0.10475410981758027,0.5945002300281264,-0.3490658503988659,-0.038214882667218564,0.8827225419939911,-0.22842902759375724,0.2118880385899686,0.16522534792122628,0.27638427562186163,0.044702362404290485,0.2830011060382809,0.2705828545157044,-0.013408978062774603,0.07389200842108881,-0.06519599366288924,-8.886620062216466e-09,-0.7475559078183225,-0.10554057512075833,0.6019869308947681,-0.3490655918481742,-0.038214773532412885,0.8827229939735626,-0.2284280832636968,0.10693340738830315,0.16001675866790588,0.2763841887506457,0.09862919072000068,0.2774642648662138,0.27058269574244964,0.06829844889965787,0.07534438783414883,-0.06519594374311312,-0.005688755307355758,-0.519104539823956,-0.03654519471840664,0.5467530867117717,-0.23685413719532664,0.006025532191960796,1.0654292766407303,0.16428497978766562,0.09115379166950892,0.16658127298178957,0.24155782424298583,0.08811542551839895,0.2829353313319181,0.20702838381775307,0.06183381821442243,0.0626919663315732,-0.04463861618139574
389,True,3.899999999999792,5.259289771186956,False,False,0.2783355891812856,False,70.84162504179403,-0.0,-0.8631353189384404,0.10190826703960065,0.5892070331981257,-0.3490658503988659,-0.03234907552693718,0.8734186520293264,-0.24891420541130535,0.2172779514152988,0.20748052386898738,0.2686410187732506,0.054216005223585245,0.316355804951646,0.3071248666894759,-0.008525905377740313,0.08709443727680996,-0.043325958901774285,-1.1377487858961477e-08,-0.7632618879472898,-0.11444333630546205,0.5968891603717406,-0.34906562597588836,-0.03234899839274663,0.8734190360349794,-0.24891337901458768,0.11293522135343977,0.20232087003167784,0.2686409643183899,0.1051162151353653,0.31060981822548395,0.30712466677554584,0.07566926152991824,0.08859957199395055,-0.04332596119303935,-0.006520669628196151,-0.567393386816859,-0.05159388100125153,0.5557740855872926,-0.2568841203757592,-0.0029949975394261874,1.02622453280497,0.0845891902742673,0.09513180049795725,0.16936426935068744,0.24848732554239117,0.09119722162630535,0.2861888067928526,0.2237609511062313,0.06422223979896907,0.06760072917039178,-0.047118806748380176
390,True,3.909999999999791,5.270218256603588,False,False,0.2734644695262289,False,71.17958401795477,-0.0,-0.8726646259971647,0.09348539739140303,0.5161605775961143,-0.34906585039886584,-0.015315421530728249,0.835930046754935,-0.21739813671766609,0.21986927095794037,0.2823632914560425,0.2990577253139475,0.07104195762940153,0.39308970122872733,0.3574591669723971,0.008279048413572932,0.1261688459259539,-0.03294157918460589,-1.3041313173464686e-08,-0.7661926510979765,-0.1192253689313939,0.523822439057478,-0.3490656660357745,-0.015315397116031935,0.8359304273445282,-0.21739753274421997,0.12257733210987096,0.27756146153174,0.2990576240860073,0.11597709711671593,0.3874959679016817,0.3574588996624998,0.08952298775186715,0.12763417697917173,-0.032941607425755276,-0.006201336829768699,-0.6104237383627162,-0.06603502446331741,0.5584884617193154,-0.2757365659486147,-0.00878609583489657,0.9898991472797196,0.015861110323850725,0.09960705638736497,0.18004772717371173,0.25596206816276185,0.09503715208168963,0.2962749815627061,0.24421542165843027,0.06772863440970732,0.0750066054901849,-0.046939402564978694
391,True,3.91999999999979,5.286730886581016,False,False,0.28028409936035786,False,70.60724997427315,-0.0,-0.8726646259971647,0.10044437799699776,0.4461183179145083,-0.34906585039886584,-0.004305662336687634,0.7348926425080945,-0.1782795905332873,0.23290958492547442,0.2698451566292089,0.324123221537086,0.07933256453992185,0.3953323952295764,0.3795857862706639,0.016563216204926824,0.1442808776406395,-0.037778269109129674,-1.2402648854117904e-08,-0.7562294669456605,-0.1153898582425893,0.45378220847026307,-0.34906570374059026,-0.004305671404653686,0.7348931525207368,-0.17827920225266217,0.13459952326843314,0.26496572540229557,0.32412308518241756,0.1255942929364561,0.3897132908606065,0.3795855155626118,0.09716260215161361,0.14576997252012577,-0.03777828739068273,-0.005582819672252063,-0.6456012131899219,-0.07841712123782538,0.5500226265765056,-0.2918903238521786,-0.01116355892470654,0.949659867578794,-0.03601191467181782,0.10504650745583727,0.1946664638158135,0.26596625396771356,0.09988872201284792,0.31113261537207254,0.26747957528064,0.07239799173289364,0.08544522223961232,-0.04570542109126403
392,True,3.9299999999997888,5.305053164995815,False,False,0.28001314875635774,False,70.98520803265274,-0.0,-0.8726646259971648,0.09907082041955337,0.4046077599571702,-0.34906585039886584,0.021173329866963537,0.6093622823647153,-0.06652158330943683,0.2446078920241482,0.27559924046905254,0.323366301449551,0.08884614662543032,0.3999940765952054,0.3745383925038906,0.011285649917372373,0.13895965284909279,-0.02899206591140564,-1.1165617014308182e-08,-0.7602539699788151,-0.11276876930633707,0.41254606182190007,-0.3490657360480415,0.021173271571340434,0.6093629629248096,-0.0665215222902216,0.14145126736656372,0.2704317619481773,0.32336618713443777,0.13151106232429266,0.39346337741237725,0.37453817788933386,0.10238020462272218,0.14069875385776942,-0.028992100105431455,-0.005450942607366045,-0.6734306735417316,-0.08814927219219354,0.5320409727638632,-0.30506610842063164,-0.009528740598948374,0.8988138343215499,-0.06461879604251826,0.11126730319907652,0.20920394898212152,0.2767576662359842,0.10544153886679372,0.3267017750443643,0.28964244330202127,0.07771281275602002,0.09621449660051432,-0.04366946050519872
393,True,3.9399999999997877,5.2965674766361985,False,False,0.2748951646361636,False,70.72508300188929,-0.0,-0.8726646259971648,0.09907082041955337,0.4046077599571702,-0.34906585039886584,0.021173329866963537,0.6093622823647153,-0.06652158330943683,0.2446078920241482,0.27559924046905254,0.323366301449551,0.08884614662543032,0.3999940765952054,0.3745383925038906,0.011285649917372373,0.13895965284909279,-0.02899206591140564,-1.0901863411148793e-08,-0.7679351336314115,-0.11016279707889332,0.41276613915039717,-0.3490657623995579,0.02117326462094213,0.6093628612651526,-0.06652157950386992,0.1414318955743243,0.2703857256240708,0.3233662090868505,0.13120402460762876,0.3933467684860227,0.37453822192939756,0.10205874837622762,0.14075414712197754,-0.02899209553861815,-0.0057291227447477,-0.6958600725783732,-0.09539887810671503,0.510677057648953,-0.31551656217495955,-0.005434284389270696,0.8446026748712104,-0.07626809685976263,0.11741458688976339,0.222310679921737,0.2865943397333573,0.11089910657209684,0.3409956631178198,0.30859398320901615,0.08289170378815577,0.10571342221456707,-0.04118906525137219
394,True,3.9499999999997866,5.2830671049295805,False,False,0.28612363432167803,False,72.26624997565523,-0.0,-0.8726646259971648,0.10962714991102528,0.29951030539339085,-0.3399730388603171,0.026174122643937835,0.5843307789081573,-0.03810740935752613,0.252672666435733,0.3479033994950131,0.2914514575203344,0.09194130970308642,0.4292259497664235,0.3721716449984475,0.012775199427716752,0.1414293158890157,-0.005811634055307699,-1.1458222573881849e-08,-0.7680503840896672,-0.109113137783576,0.3079253041590517,-0.33997298994746156,0.02617405916007632,0.5843312994509646,-0.038107485678748505,0.1438799391535961,0.3423664335176279,0.29145144776582527,0.13611647788104286,0.42208450689796584,0.37217151788732034,0.10833509174568239,0.14338242392028433,-0.005811704732109728,-0.005837622344771694,-0.7136812279421814,-0.10059290137851273,0.4822723165132108,-0.3228986498610561,-0.0003922836864774327,0.7933393170415463,-0.07759103713624482,0.12304058710985018,0.2388629149980755,0.2923304261909342,0.11607280147802264,0.3553682220723518,0.3238342650685995,0.08790409528796392,0.11382269494604318,-0.03698026322241863
395,True,3.9599999999997855,5.268997442488483,False,False,1.0392164010052727,False,72.38612498622388,-0.0,-0.8726646259971648,0.14893880963322684,-0.2094395102393194,1.6619649349651842,0.01604544231401759,0.5333632564983192,-0.0250918870376134,0.2623856444792548,0.4264044064686733,0.2066946738457286,0.08724982973423752,0.49508034853618194,0.24381527226758035,0.02044359460408333,0.17438338838632864,-0.004052735320787969,-1.167522134092741e-08,-0.7505648281655959,-0.11408107567883913,-0.20022924685606724,0.6771013501389438,0.016045563952545815,0.5333637765089073,-0.025091992035703593,0.14502019239077985,0.4197519427998754,0.20647805562304278,0.13998250348725214,0.4884206684039688,0.24398676962122345,0.11632689635219592,0.1764139112915602,-0.004052800554733317,-0.005472250392802284,-0.7259109644094325,-0.10458558491059547,0.42361347695080204,-0.2864415553099585,0.003911058452073818,0.7443723328719574,-0.07245218213284035,0.12799792413566746,0.26367796429116097,0.28784392791984,0.12102314067119442,0.3743936872437534,0.32563306864529445,0.09312318467093626,0.12308501923456419,-0.031551673631635954
396,True,3.9699999999997844,5.254581956633189,False,False,1.0018015781784737,False,71.55649998458102,-0.0,-0.8726646259971648,0.14893880963322684,-0.2094395102393194,1.6619649349651842,0.01604544231401759,0.5333632564983192,-0.0250918870376134,0.2623856444792548,0.4264044064686733,0.2066946738457286,0.08724982973423752,0.49508034853618194,0.24381527226758035,0.02044359460408333,0.17438338838632864,-0.004052735320787969,-1.0944478898676502e-08,-0.754356773025811,-0.10466462452745184,-0.20389586639211082,0.7135584446900415,0.01604546555136857,0.5333636785749614,-0.025091981758014165,0.14506359733232121,0.420270542709421,0.20669483665411129,0.1398423131029877,0.48760050727926324,0.2438154354612563,0.1161558823441932,0.17650541025370933,-0.004052790102311701,-0.005078255396038668,-0.7341241519866643,-0.10709918552373483,0.3403659324495673,-0.21202940805060774,0.007043956691283085,0.7000094622060463,-0.06484757425522554,0.1321632711207775,0.2920858442681275,0.27657302044849286,0.12546028668978534,0.39560738678320045,0.31687922241791416,0.09812913057483703,0.13301888822539165,-0.026198092692218566
397,True,3.9799999999997833,5.2405926978582675,False,False,1.202587313094906,False,75.27020899578929,-0.0,-0.8726646259971648,0.11472017384953816,-0.20943951023931956,1.9547687622336491,0.010995814410582798,0.448833566576481,0.019302119303110633,0.2537321932090898,0.4249549215248031,0.16279521902170752,0.08396237835328677,0.4968399951312146,0.1946513023629098,0.008928548784069588,0.15303579949086057,0.02654278559633092,-1.0156490480237035e-08,-0.7699738019626852,-0.09771853451687001,-0.2094092709661875,0.7879705919493922,-0.03211628960308504,0.46023823345530523,0.023499902039253506,0.1516415664502757,0.40448356417653236,0.16279544667139623,0.14469052958525042,0.48781256017313934,0.1946515467839693,0.12072550265014861,0.15564130902496817,0.0265426805688522,-0.00528406852805128,-0.7412221809441901,-0.10792107812658361,0.24733545799349674,-0.1223816476527223,0.005805231716797627,0.6569844227350207,-0.05328947815318415,0.13600081374113335,0.3175804931302451,0.260497700497905,0.12952543604525757,0.4152606039453386,0.301038228053162,0.10280738247734532,0.14044058809611215,-0.01907221756966497
398,True,3.989999999999782,5.227198426226213,False,False,1.1125029183258217,False,79.1647500009276,-0.0,-0.8726646259971648,0.11216433106612543,-0.20943951023931956,1.9547687622336491,0.017632853250288075,0.43176077971768384,0.023908218905802418,0.2591977252426407,0.4457117712241986,0.13920044287966934,0.0905061734442628,0.5220600736345579,0.17892576228168977,0.008164619576271907,0.16172400828225003,0.03780755233927945,-1.0568115919699916e-08,-0.7725440706842981,-0.08475838372885443,-0.21456066317865544,0.8776183523472777,-0.006155417885666844,0.43540537992117617,0.0257429028163651,0.1477611307600476,0.4337941468891807,0.13920068478730718,0.1422749113907367,0.5126329840923842,0.17892600690505325,0.12068874746575757,0.1644814304576771,0.037807439081302276,-0.0058374418445972945,-0.7480333874706168,-0.10685413617168851,0.15569754352019902,-0.02665100640312844,0.0030005100133699706,0.614791110663837,-0.03943145926242869,0.13923525656928643,0.3405966257741981,0.2408086487975132,0.13298705761448965,0.4339094945805051,0.28104831166480193,0.10699918485559035,0.14586936242692322,-0.009995562305221223
399,True,3.999999999999781,5.218063926677224,False,False,1.0258019501439566,False,79.88762500463054,-0.0,-0.8726646259971648,0.10593239284816999,-0.2094395102393195,1.9547687622336491,0.02020732832676635,0.4348109601744357,0.026873608672121182,0.26192667840088035,0.453851864438041,0.13981176165047116,0.09180038907329342,0.5248952472816166,0.1785681388837399,0.012388281247640635,0.1610775669158735,0.040368407522654505,-1.167486033976789e-08,-0.7837457148839987,-0.12487071487187346,-0.19045091751278856,0.9733489935968714,0.02020727240644726,0.43481132005615686,0.02687347625581453,0.1423317830171043,0.4472366061072085,0.13981196506983534,0.13785407621049256,0.5158264321587922,0.1785683428313274,0.11722374489967356,0.16378017988846022,0.040368305944868954,-0.006333403680095178,-0.7550805613645537,-0.10770034708332411,0.0767788495051593,0.07148867602420426,0.0026963061081960835,0.5768168041820173,-0.026128062719638506,0.14131081207053273,0.36208434398463035,0.2211067640342081,0.1353940458513335,0.4511987655433187,0.2611066428742541,0.11026391325609482,0.15017029029850687,-0.0005550910227389987
400,True,4.00999999999978,5.219048557992509,False,False,0.9296511576624604,False,80.26937500108033,-0.0,-0.8726646259971648,0.10475145853133369,-0.20943951023931956,1.9547687622336491,0.019528268358376892,0.4491364638428098,0.022689243980694874,0.2734933308403523,0.4858610148997479,0.11666088096013308,0.1009274550632779,0.5600319354227421,0.16438756409580643,0.021854038681951873,0.1782610032357466,0.04593717830740858,-1.2666782028651624e-08,-0.7850797604253812,-0.11410622022068355,-0.1955858836485283,1.0714886760242042,0.008885571407187603,0.45065131710782264,0.022551319586227903,0.1565848054007849,0.47658478324159187,0.11666108881643666,0.1514883735643962,0.5522817473772901,0.16438775831260977,0.1305728981297498,0.1788561191981438,0.04593708628566884,-0.006474435559606755,-0.7620032003241229,-0.1099839635411466,0.012750966670207815,0.17059023368487766,0.0036048138878016643,0.5461617640595956,-0.014938135607841458,0.14348388434152615,0.383251141495518,0.20190568041581147,0.13790973396151074,0.46884767316425646,0.24237760183765406,0.11363395136241153,0.1546657904843192,0.00845520531277962
401,True,4.019999999999779,5.227891344379209,False,False,0.8358218000394356,False,81.0060840449296,-0.0,-0.8726646259971648,0.10692086245502279,-0.2094395102393194,1.9547687622336491,0.027282320957610223,0.44018152980986436,0.01156213463441074,0.2842087179092061,0.502960726753306,0.06595484860898423,0.10412067296881138,0.5930994393793222,0.0512328513431306,0.025396598420695325,0.1823898871675905,0.04136809395897405,-1.2948845220898952e-08,-0.7846861643689063,-0.10722923003955812,-0.1992864513415163,1.1705902336848777,0.02728228610618647,0.44018174170290786,0.01156208164933673,0.15922580153763402,0.49581549190622287,0.06595512024156122,0.1543858736613218,0.5877354664888829,0.05123323386026313,0.13368064019783793,0.17994442649675285,0.04136802826897123,-0.0064758708157297016,-0.7680899901297124,-0.11168858187135706,-0.038236673859854554,0.27008645930198905,0.005882785845396801,0.5218676949725948,-0.006944134653856154,0.1461825141381173,0.40446568223729346,0.18026529657458962,0.14091276455944704,0.4887881295665897,0.21685345891967744,0.11740129092110596,0.15938271429410028,0.016087818353402235
402,True,4.029999999999778,5.238738367898111,False,False,0.7394472353087941,False,79.40304197836667,-0.0,-0.8726646259971644,0.10065664595682318,-0.20943951023931948,1.9547687622336491,0.028955150448746393,0.4174708110622739,0.06142470620493023,0.269671796211417,0.507632490112775,0.08421958157184957,0.09166777222853821,0.6290630051192408,-0.07347856817016878,0.017540458609109213,0.1677176616825386,0.08608786321981762,-1.2951715727682611e-08,-0.7869778606232556,-0.1036187609109811,-0.2023994630799294,1.2700864369296192,0.026403355614730478,0.4174695590335147,0.06142456946761421,0.14774657794668755,0.5002537959907588,0.08421977389660212,0.14400826140917966,0.6265995967743959,-0.07347798767092362,0.12320781623885833,0.1618695803450191,0.0860877233371703,-0.0065277689942202155,-0.7732467843542407,-0.1124517780329521,-0.07832570327646482,0.3697571319672094,0.0091253063728533,0.5008161930437071,0.0023466874421126014,0.1480790337738657,0.42430723396112113,0.15966944753225704,0.14314514901487083,0.5117913755933367,0.1773679154094761,0.12025599541742771,0.1622606469124718,0.02563122234819231
403,True,4.039999999999777,5.240387343695347,False,False,0.6445046453619742,False,78.69862503139302,-0.0,-0.8726646259971644,0.09736697780613385,-0.20943951023931948,1.9547687622336491,0.03232576746313332,0.41134865101061274,0.061607398749682456,0.26814998264203754,0.5066575240218552,0.08615478543139966,0.09242405827631134,0.6224019469226119,-0.07524459018907016,0.02375934257827524,0.15612946782190937,0.0837044926941348,-1.3055511876441939e-08,-0.7881556941335972,-0.10060284867520689,-0.2046817385075671,1.3697570762932472,0.028405957919437713,0.41134468867167157,0.06160728021807567,0.15062181834512797,0.4991989561622797,0.08615493268513029,0.146296711845991,0.6207228622000204,-0.0752440851126821,0.12357207721476562,0.1498375389786739,0.08370437671759705,-0.006779555712756803,-0.7775509224595056,-0.11239402440671105,-0.10956614682374609,0.4695145747515375,0.012543881923740657,0.48218657110969976,0.013015902671722574,0.14919658848399142,0.44137575314181376,0.14278639273227836,0.14457233845616616,0.5344141783329234,0.1319483421667446,0.12202971456828801,0.16251020115724887,0.036374877371537995
404,True,4.049999999999776,5.249462125336556,False,False,0.5710328553186182,False,79.94945801328868,-0.0,-0.8726646259971645,0.09542987028725244,-0.2094395102393194,1.9547687622336491,0.03351548418753144,0.3990828130969132,0.09087785346722786,0.27184639211888656,0.5134881893004728,0.1016376133316701,0.09529785348599963,0.6382234988459689,-0.0751676563681613,0.02656132206826607,0.1659628385588786,0.10374231133930242,-1.3559084308459313e-08,-0.788866165397921,-0.09794723005552432,-0.20640800127582742,1.4499999998622453,0.03242088627724502,0.3990807905313424,0.09087769774352492,0.15319567085109634,0.5062062858833264,0.10163769563467287,0.1486131281384296,0.637236631144682,-0.07516724214010029,0.12573494638966373,0.1589041346275497,0.10374217661205665,-0.00705473336661474,-0.7810557550611213,-0.11166955858114626,-0.13375239079696624,0.5693219812808703,0.016031386946245955,0.46553820740844226,0.025310605174767322,0.15014160979105642,0.45583716168832367,0.1306829551234979,0.14574505722688394,0.5552697836542806,0.08941372576369448,0.12331689799981263,0.16192531315198597,0.04781383809195442
405,True,4.059999999999775,5.252184042607048,False,False,0.5679563796408514,False,81.20116696227342,-0.0,-0.8726646259971643,0.0920777904093826,-0.20943951023931934,1.9547687622336491,0.036731536068592675,0.4320152479042158,0.09915241679059891,0.28365795792428194,0.5424017424666772,0.08991169396448447,0.1129875727101203,0.660315786555603,-0.0770593423167043,0.03902551763260025,0.1775854910675293,0.10810580726939728,-1.4109438512509287e-08,-0.7901409622104199,-0.09583789746062049,-0.2077538111425607,1.45,0.0367314943202958,0.4320153149410169,0.09915226910720254,0.16804836359901754,0.5353497440264007,0.08991177552063306,0.16299246972295678,0.6605469331996934,-0.07705900937583111,0.1373637860945653,0.16913704425070486,0.10810568672992438,-0.00700499625235103,-0.7839047616780849,-0.11048024128103918,-0.15238757714062523,0.6691633291522422,0.019629564077437017,0.45370123078930225,0.03857590764006351,0.1520894319514573,0.47007976757639486,0.1215877210326952,0.14782383424633103,0.57539954299411,0.0528860958038293,0.1252041895853788,0.1621446608540852,0.05930287852346011
406,True,4.069999999999774,5.249159095849345,False,False,0.5642331791721524,False,80.51079098368064,-0.0,-0.8726646259971643,0.08284949369263696,-0.20943951023931934,1.9547687622336491,0.0384414105075179,0.4076501158475485,0.10322642528956105,0.2824477177422402,0.5167613793097774,0.0753359289022871,0.11209021999444417,0.6411132534835728,-0.08835070410885,0.03514048797720377,0.16001548450322914,0.10350225230500519,-1.4009964483668869e-08,-0.7936649102670801,-0.09492179958037694,-0.20880229503850672,1.45,0.03844139540461751,0.40765020853267375,0.1032262960043246,0.16600316822386302,0.5088450798212486,0.07533601911721835,0.16035730068321227,0.6416493572574291,-0.08835041943508523,0.13362571920093994,0.15151588767155025,0.10350217011189612,-0.007155369644158577,-0.7864373271566303,-0.10902652806520086,-0.16669146082858505,0.7690318479038781,0.02317246548931115,0.44459639461365874,0.05133277973612549,0.1546666907095084,0.48169460278625803,0.11319782615040139,0.1504053327592019,0.5923563367857547,0.02213325361744774,0.127286524675808,0.1617320691413774,0.06927634794029365
407,True,4.079999999999773,5.243775996176819,False,False,0.5556898555990609,False,80.59579198015854,-0.0,-0.8726646259971644,0.06068573672000883,-0.2094395102393196,1.954768762233649,0.04838732520572197,0.422940325780689,0.10747135900318308,0.2897227942825274,0.5661367066264725,-0.04934934927816001,0.12964513065544872,0.68584942008366,-0.20741956544269124,0.04765229343137843,0.18269601667253552,0.07062904934695452,-1.431071066423234e-08,-0.8021768653602761,-0.09636654153336585,-0.20954666863909485,1.45,0.048387274944941466,0.422940369098872,0.10747124672669273,0.1772954440888561,0.5584471329954659,-0.04934902432480198,0.17311651426340036,0.6863375875191802,-0.2074191062443491,0.14616151811559114,0.1741723531958646,0.07062904705075485,-0.007337146479668728,-0.7892999779816113,-0.10769032941272205,-0.1776274799461837,0.8689236414543019,0.027098724751895148,0.4379466424024794,0.06288268249504723,0.15799180446201513,0.4937693620508801,0.09565796780968061,0.15376764817861743,0.6088491313265523,-0.012521056076276309,0.13002045351473918,0.1621796173325685,0.07470770908923657
408,True,4.089999999999772,5.237660915970668,False,False,0.5550715004747713,False,81.03320898953825,-0.0,-0.8726646259971645,0.0650244594722106,-0.20943951023931945,1.954768762233649,0.05685189509178272,0.43183744225619,0.10133182004671855,0.29409731991258675,0.5624653028231181,-0.04937943819027776,0.13479608688537617,0.6871378417720041,-0.22645260068820303,0.0564418380566285,0.17958854558331092,0.08133438607584877,-1.4674263611527683e-08,-0.801046238350772,-0.09360097880020789,-0.21004468055972936,1.45,0.05685183454004576,0.43183745444068705,0.10133174314711973,0.18407815223897678,0.5545831929861172,-0.04937914780460462,0.17882681013557186,0.6879657350032987,-0.22645217294147815,0.15051136366900084,0.1714357909756292,0.08133437185625635,-0.0074686034841823165,-0.7921889264594445,-0.10639360803050087,-0.1859779105749519,0.96883279232187,0.031756883883132456,0.4343607456127735,0.0722657390250427,0.16219917898706923,0.5062164763752584,0.07165915903069561,0.15799860243896285,0.6250789777730126,-0.05078762143323669,0.13352712339693995,0.16353295141819518,0.07724825011449903
409,True,4.0999999999997705,5.231197675778902,False,False,0.5550667945168772,False,82.35445799073204,-0.0,-0.8726646259971645,0.0727298160423518,-0.20943951023931948,1.954768762233649,0.0706224929150256,0.46351599679571,0.09933180794725459,0.29852885271699964,0.5872404702667936,-0.050095167885708204,0.15007163170529172,0.7028729196592925,-0.2261037527540087,0.06827478723237564,0.20564355942398443,0.08408797556129614,-1.4937177091577103e-08,-0.7987545724318137,-0.09038316360814139,-0.21043989269536498,1.4499999999999997,0.07062242160306399,0.4635159387095928,0.09933175382018823,0.19370690315119235,0.579658564790977,-0.05009492485067632,0.1889783882214104,0.7036657272211051,-0.22610340211952068,0.16108541067910093,0.1975937356881306,0.08408796372191742,-0.007354477517598993,-0.7945149909283812,-0.1049142422869902,-0.19234014687984427,1.06493763191768,0.0375540563221259,0.43517075510094816,0.07926580924560991,0.1672938623865332,0.5191126512499527,0.04780706546762488,0.16310874889891377,0.6405624501163871,-0.08672556811604952,0.13793397536075602,0.16700903592384944,0.07891330464178695
410,True,4.109999999999769,5.224254199978527,False,False,0.556007320363547,False,80.76683303806931,-0.0,-0.8726646259971644,0.07598665783936738,-0.20943951023931948,1.954768762233649,0.06719856674747814,0.460348517869703,0.0952936863040799,0.29076577126120856,0.5827794522118819,-0.05296824626651049,0.14393708382216777,0.6964600552630709,-0.23010620585550795,0.05794106464664755,0.20426307241090186,0.08026860586835717,-1.4708925616564728e-08,-0.7980777932530457,-0.08797012708104528,-0.2107582458115828,1.45,0.06603795892150557,0.4603353432969561,0.09529365425404941,0.1853983093227376,0.5749268046662805,-0.052968044072566,0.1810839350201889,0.6972610472636008,-0.2301059188868601,0.1543265187355232,0.19590389947734613,0.08026860037533315,-0.007253703006810037,-0.7961825299683658,-0.10319415584021495,-0.197166866783066,1.1489542706935076,0.04338356460000854,0.4386353753935157,0.08410176945604983,0.1719702469103138,0.531278385112898,0.026569709620135065,0.1678346124087427,0.6540349924869975,-0.11779631146661204,0.14212781613668693,0.17182263085734698,0.07984035940954244
411,True,4.119999999999768,5.21728311070045,False,False,0.5532248650119,False,93.46200001891702,-0.0,-0.8726646259971639,0.07248316026444752,-0.20943951023931934,1.954768762233649,0.06413946983761971,0.4527481172064528,0.08495433592360344,0.289361776229666,0.5788620865137534,-0.05694145095466323,0.14286973828402313,0.6979763927213185,-0.2393542293657611,0.0631833110001494,0.20533320369617525,0.07073445386354092,-1.4507376996757138e-08,-0.7998626314549239,-0.08672780665114357,-0.21098956719852507,1.4499999999999997,0.0641394279298319,0.45274808896429575,0.08495433421717802,0.18570117261311306,0.5712356555950785,-0.05694128397698618,0.1809858976018834,0.6987616760171349,-0.23935398625001245,0.15426607995462072,0.1974356973660826,0.07073447218277021,-0.007376279586044396,-0.7974926235661531,-0.1013660112980421,-0.20082419254504666,1.2182170404407375,0.04827164026539794,0.44211228175644574,0.08655630716619701,0.17566289412349168,0.5412809551130352,0.008469741975784584,0.17156730433948306,0.6649864533943705,-0.14413605770802698,0.14550167437186176,0.17669082965474323,0.07954949376895622
412,True,4.129999999999767,5.21046279340756,False,False,0.552927239200156,False,93.14095898298547,-0.0,-0.8726646259971645,0.07306264436271119,-0.20943951023931948,1.9547687622336491,0.058680784058447386,0.4460872228489686,0.08578172947090665,0.28300431113736246,0.5792878252688963,-0.0644780645646424,0.1367811620789678,0.7063085552985616,-0.2628745599713334,0.05767537352606761,0.20775532325031307,0.0589781669652074,-1.4752529667490244e-08,-0.8000755426554345,-0.08481486641674135,-0.21120817178836723,1.45,0.058680754302061336,0.44608721429339243,0.08578173093868882,0.17898643874858894,0.571585549104361,-0.06447791740637625,0.17464594889409085,0.7070884310108033,-0.2628743220145018,0.1491256734886643,0.1998264870040881,0.058978203367289386,-0.007695230304402849,-0.798589976515018,-0.09950760961156035,-0.2036058973685242,1.273386716961455,0.051732467044300776,0.44439652748110586,0.08749330967094673,0.17803593431081613,0.5491309018369682,-0.006984420850615934,0.1739825393543625,0.6743381377225552,-0.16769261053420598,0.14776134245258185,0.18127414109453993,0.07754909968606978
413,True,4.139999999999766,5.203608015194722,False,False,0.5540761487184268,False,91.90958295948803,-0.0,-0.8726646259971645,0.0754273073617413,-0.20943951023931948,1.9547687622336491,0.061047015738994605,0.4427603136349019,0.08470002123931406,0.2834376723281629,0.5702920941540133,-0.0662541323002947,0.13094388065007226,0.6963991519756044,-0.2678633535259294,0.052987462545569394,0.20261777901725694,0.05732535987988828,-1.5390429828135432e-08,-0.7995938891335859,-0.08263428730681417,-0.2114106268238895,1.4499999999999997,0.061046996916796444,0.4427603168860696,0.08470002682223039,0.17603870209627231,0.5622957531443752,-0.06625401367308754,0.17125032602792756,0.6972055594991626,-0.2678631531621759,0.14569001560530734,0.19457500562396918,0.05732540006064976,-0.008202126548010061,-0.7994466179636054,-0.09760990610681482,-0.2057366534308375,1.3163871613425047,0.054160953187914716,0.4454357683377136,0.08770704053964706,0.17911765226509385,0.5544930770250351,-0.01998139754466736,0.1750875311588675,0.6815220788901301,-0.18865356876364106,0.1488449111437455,0.18489474369064995,0.07451502421113276
414,True,4.149999999999765,5.195480025672631,False,False,0.5528567996622142,False,92.4818329513073,-0.0,-0.8726646259971645,0.07505727890463988,-0.20943951023931948,1.9547687622336491,0.05790877675006887,0.4356056228419993,0.08254637991592285,0.2818974467677198,0.578053729586419,-0.06260954145803863,0.13465560277929953,0.7085865460805443,-0.2649827784735675,0.05391475145841947,0.20934022056482696,0.05899521337600471,-1.6404220291171834e-08,-0.8001193193675993,-0.08097284995176803,-0.2115650789561207,1.4499999999999997,0.05790877023127199,0.4356056425825413,0.08254639024933573,0.17673819089556544,0.5701924056167265,-0.06260945642419048,0.172172188327771,0.7093688701549216,-0.2649826258965994,0.14693486634334482,0.20126065170203544,0.05899524513976544,-0.008662688646533558,-0.8001259795681893,-0.0957131595184707,-0.2073766356246044,1.3494250242214327,0.05572485234710151,0.4452570256836819,0.08740107868092782,0.1795183479588719,0.5584559229407127,-0.03025045114560555,0.1754984085615806,0.6875262003741024,-0.2060807012732245,0.14927507100713377,0.18801728829546568,0.07148590844581365
415,True,4.159999999999764,5.188494671336468,False,False,0.5582886829066792,False,93.02883403142914,-0.0,-0.8726646259971643,0.09176428616806985,-0.20943951023931937,1.9547687622336491,0.04741282078579563,0.42257738110227067,0.10527484064582805,0.2756612471006414,0.5757175820813557,-0.045755370954374625,0.12292247387106199,0.718548388768382,-0.2709978345709054,0.045100006845100696,0.21579909340176714,0.06315643941172622,-1.732534264317631e-08,-0.7940674104284915,-0.07629861277506728,-0.21190651511600234,1.4499999999999997,0.04741283485084815,0.4225774263008215,0.10527480487838481,0.1670675350881504,0.5675732132712531,-0.04575533961559067,0.16288648797344374,0.7193626063564491,-0.27099770446864363,0.13966034450638223,0.20757499093751564,0.06315645453241112,-0.008964978090036007,-0.8002861542390103,-0.09362139489760908,-0.20866908895040506,1.3745614717478112,0.05591675431925593,0.4433130756563709,0.08855661947949138,0.1789212646738533,0.5614717935373194,-0.036744991214389844,0.1749413945664506,0.6935764540826479,-0.220407762631873,0.14894678721693833,0.19131264179951488,0.06920223761804786
416,True,4.169999999999763,5.183413253083012,False,False,0.5576835746946315,False,92.71799999987707,-0.0,-0.8726646259971643,0.08868563587395537,-0.20943951023931937,1.9547687622336491,0.043280691962254106,0.4280114236791881,0.1082809459985626,0.27128280825054196,0.5810764204877245,-0.042560427586162373,0.11642593598960015,0.7184893598878448,-0.2731027947570011,0.03744221481032383,0.2093495440584872,0.060010584898978,-1.7929920322762305e-08,-0.7954699051201025,-0.07512130707134053,-0.21203782941912247,1.4499999999999997,0.04328071419949505,0.42801145409062874,0.10828090652585515,0.16049500250110435,0.5727386894243462,-0.042560415761346344,0.1570861358819477,0.7193275496674804,-0.27310268923354314,0.13415047070655095,0.20091873339738528,0.06001060247243059,-0.009120970490994213,-0.8001249839423504,-0.09141456850655415,-0.20968964556157577,1.39355684869221,0.05482964550589064,0.4407675041927269,0.09122986680525642,0.17711003786165144,0.5640414540246494,-0.04005464526695429,0.17325059691544809,0.6993437012673007,-0.23219354083695762,0.14767758281370635,0.19403553388639003,0.06741019703086727
417,True,4.179999999999762,5.1791141231227025,False,False,0.5583198560370409,False,92.61799999512732,-0.0,-0.8726646259971644,0.08379831649784591,-0.20943951023931942,1.954768762233649,0.051068797335451444,0.41345560559211103,0.08428985383440595,0.28192547910391264,0.5440709799474127,-0.022760622874840125,0.13852496779520196,0.6705414704182604,-0.26940419745482447,0.024440468945682678,0.19946944431910515,-0.010141916125590018,-1.824190449910279e-08,-0.7975149957052104,-0.07428027277756273,-0.21214510017366153,1.4499999999999997,0.051068805264829806,0.41345566022978153,0.08428986771500054,0.17109472436667497,0.53569648123091,-0.02276065740918873,0.16457935238356422,0.6713417372791578,-0.269404123026092,0.13912361536531564,0.18943715142706807,-0.010141761142832231,-0.009598090247131116,-0.8000085565245689,-0.0892749488828194,-0.21048844491280927,1.4078432703989132,0.05373549049013206,0.43734588848021066,0.09250284231626403,0.17549324891032506,0.563556727482721,-0.04006061660809988,0.1715786022827996,0.7007502639148071,-0.24131783977291255,0.14629476092615448,0.19518016880303668,0.06038294468224763
418,True,4.189999999999761,5.1714695120044425,False,False,0.5617102517018684,False,92.49891701620072,-0.0,-0.872664625997164,0.09543655632123793,-0.2094395102393196,1.9547687622336491,0.05813090195688466,0.438535561031335,0.07574323541678003,0.28563045955592853,0.5550396360775272,0.03504424670596811,0.13394504884812286,0.6958074199135884,-0.2732663042372513,0.03501132338652545,0.29015385038169383,-0.14532878782030828,-1.919614210123266e-08,-0.7931576434402342,-0.07042368620955439,-0.2124711079280608,1.4499999999999997,0.05813089629666511,0.43853555879607636,0.07574326895419159,0.17153378357629437,0.5464174526383163,0.03504409611257332,0.16537892632768364,0.6966514850965427,-0.2732662405927181,0.1477406856236803,0.2802731165542024,-0.14532837488126,-0.009855859522758645,-0.7996875756229834,-0.08711239654443123,-0.21113971420599262,1.4185510966268713,0.05349424705048218,0.4352876782568289,0.0914841857698985,0.1745680529961929,0.5612941016568381,-0.03345744623623445,0.1704466286239764,0.7003382449188047,-0.24848115063265191,0.14578382081082705,0.20216364258818884,0.03863530227198212
419,True,4.1999999999997595,5.164402573702426,False,False,0.5809048536540046,False,92.00712497113273,-0.0,-0.8726646259971647,0.1467239379667976,-0.2094395102393194,1.9547687622336491,0.07199390362391546,0.424708532989626,0.1641209018925636,0.31298750409778353,0.5169378315916433,0.11332737108247991,0.1351279149472599,0.7185009241652921,-0.34359865794105393,0.04454982113206807,0.29142346814924064,-0.15196383624293128,-1.971167962189213e-08,-0.7731609344117856,-0.0590108584389538,-0.21344831002260892,1.45,0.07199386103447108,0.42470855390714285,0.1641207565953684,0.18834552449459774,0.5077407568438546,0.11332707754606483,0.1777953885295664,0.7192239928240332,-0.34359632945242913,0.15801628309154644,0.28146351251806423,-0.15196345491757068,-0.009816642104950405,-0.797644830230425,-0.08418519417138981,-0.2117749163925233,1.4265573462056642,0.054905610868672856,0.43388073645370606,0.09621839470436538,0.17522485957332826,0.5559756114401648,-0.016534484994502364,0.17054758219087524,0.7018512835189934,-0.2597397702008666,0.1467575790042905,0.21423151156038117,0.007750982861498098
420,True,4.209999999999758,5.157719833500583,False,False,0.5560531786799982,False,91.76250000018626,-0.0,-0.8726646259971645,0.04919954515939998,-0.20943951023931948,1.9547687622336491,0.05163742390010814,0.4655104593708883,0.09300449049468794,0.2447354417501498,0.43716993548812355,0.177383872354255,0.06806983797902817,0.6778448732054673,-0.3483054410710674,-0.00996985822340662,0.3645094082655899,-0.29899607437556963,-1.963324494300145e-08,-0.8111928525081438,-0.0758565178828468,-0.2121364365825772,1.45,0.03764137537154695,0.46512896008894483,0.09300449693816351,0.1292323132277337,0.4411196671505137,0.17738348509596916,0.12775932034558263,0.674938002793557,-0.34815274955961495,0.12203057713341156,0.3439978000306403,-0.30212759554581653,-0.009932387085145046,-0.797194641034069,-0.08206232002233507,-0.21219294535515554,1.432533058666081,0.054927075517587125,0.4354713535145091,0.10054293867119633,0.1728294122267765,0.543431493638224,0.010689248726355946,0.1679785143503574,0.7015060784810965,-0.2743728774020936,0.146036199766607,0.2318989166082955,-0.03530488969541255
421,True,4.219999999999757,5.15335531154446,False,False,0.5969004870136513,False,91.64558304473758,-0.0,-0.8726646259971648,0.15346594551004453,-0.2094395102393195,1.954768762233649,0.09634019825783005,0.32906339091107356,0.1579828063297123,0.2674067098329825,0.2616190675390784,0.2717661641039008,0.039224957365452236,0.5350665620161664,-0.34906585039886573,-0.03112442905348944,0.1946133647545168,-0.1848425484085417,-1.9864734438976295e-08,-0.76986557691295,-0.05376364456618434,-0.21415990935071874,1.45,0.055100185396276376,0.3223059542863941,0.15644162465255074,0.13711732344528815,0.26349063662017447,0.27168301781223625,0.13284062399136393,0.5373758618116254,-0.34906570119190666,0.1112515160515467,0.1806219517622685,-0.1859160381877228,-0.011937332598126014,-0.7957919268840169,-0.07942510792731754,-0.2126447090885566,1.4369892687616126,0.054348232524220726,0.42863772648470233,0.10649586668983438,0.16776773688944774,0.5131217890013184,0.04887817889469045,0.16304808150480687,0.6881927555956072,-0.2888090230350918,0.14250742277943818,0.2395070174284153,-0.074753424468803
422,True,4.229999999999756,5.151048479349533,False,False,0.5958295901426293,False,91.89566702116281,-0.0,-0.8726646259971648,0.15346594551004453,-0.2094395102393195,1.954768762233649,0.09634019825783005,0.32906339091107356,0.1579828063297123,0.2674067098329825,0.2616190675390784,0.2717661641039008,0.039224957365452236,0.5350665620161664,-0.34906585039886573,-0.03112442905348944,0.1946133647545168,-0.1848425484085417,-2.3874617442742885e-08,-0.7694865033243402,-0.05171812476745639,-0.21447889304325557,1.45,0.05642421475390955,0.32698658774158407,0.15798270344198573,0.13528205982841454,0.26161957086152715,0.2717657183806776,0.13087803338953863,0.5363116557050875,-0.3490657296871436,0.1099315073521202,0.18480252436516947,-0.18546360596697473,-0.01455872437823162,-0.7925746655442109,-0.07594975681085586,-0.21316528819779762,1.4403080487092137,0.0542580991079102,0.41413452517560784,0.11495438533024079,0.16225699184277187,0.4720524570233319,0.09060378270012436,0.1577001104278626,0.6656959409478596,-0.30153612711398636,0.13768828629776164,0.23621129463278395,-0.10356624594187709
423,True,4.239999999999755,5.304556007699975,False,False,0.4110001614675886,False,92.27116697002202,-0.0,-0.6062036915679152,0.22770155931470143,-0.2094395102393196,0.199388559598505,0.11091249024974467,-0.030651453427871126,0.2074755473785996,0.23760318927682364,-0.11415694458438735,0.4713580836801508,0.032662945608075956,-0.021092916771434433,0.5168243527999257,-0.05167370966723676,-0.04312102842472021,0.025167083671305438,-2.9117390521263276e-08,-0.6062040643091176,0.0,-0.2094395176908606,0.4403080487092137,0.042731641510418285,-0.030650566071900143,0.20747536213026327,0.10854169782396655,-0.11415576681095285,0.4713573228725617,0.1090657471963144,0.009220674886647906,0.5168227154529328,0.11665339517209573,-0.09308326243723991,0.013381724900561234,-0.019845589559943852,-0.7764468333859741,-0.06849761030877262,-0.21345281742693709,1.4020389996207088,0.053521933477692504,0.37073333583992174,0.12759470233371778,0.1551246371950993,0.40747399104215065,0.14470681556106052,0.15105424420073005,0.6120803243768993,-0.26838718132957706,0.13324581931423066,0.2072746098014532,-0.10898347924776462
424,True,4.249999999999754,5.517885741843645,False,False,0.38839858417798245,False,90.22270800778642,-0.0,-0.6062036915679152,0.22770155931470143,-0.2094395102393196,0.199388559598505,0.11091249024974467,-0.030651453427871126,0.2074755473785996,0.23760318927682364,-0.11415694458438735,0.4713580836801508,0.032662945608075956,-0.021092916771434433,0.5168243527999257,-0.05167370966723676,-0.04312102842472021,0.025167083671305438,-3.9691099740224445e-08,-0.6062040320535179,-4.163336342344337e-17,-0.20943951826591792,0.40203899962070877,0.04552983721411762,-0.030650651274682084,0.20747538756245837,0.1086795768551586,-0.11415589643282253,0.47135743098293137,0.10874101923079244,0.008434635725630968,0.5168227817956683,0.11511063128044234,-0.09243238877927931,0.013604480792429707,-0.025904175710789432,-0.7505208753814998,-0.05832226556274666,-0.21341809085287525,1.3270190001763191,0.05229774188004914,0.3067465880092474,0.1422721816952296,0.14709654328068336,0.3235172526578132,0.2051509673592157,0.14378509499498904,0.5317435206164198,-0.19515001198299164,0.12965335700821212,0.16062303142047468,-0.0966970007437454
425,True,4.259999999999753,5.50108694549568,False,False,0.35225351941795785,False,92.4682499608025,-0.0,-0.6062036915679152,0.22770155931470143,-0.2094395102393196,0.199388559598505,0.11091249024974467,-0.030651453427871126,0.2074755473785996,0.23760318927682364,-0.11415694458438735,0.4713580836801508,0.032662945608075956,-0.021092916771434433,0.5168243527999257,-0.05167370966723676,-0.04312102842472021,0.025167083671305438,-5.1808247809870256e-08,-0.6062039802017056,0.0,-0.2094395181964649,0.32701900017631913,0.048843587335930354,-0.030650779202469502,0.20747541693062646,0.10942783066473838,-0.1141560638937113,0.47135755190582607,0.10889034660605582,0.004930304247449446,0.5168229282389609,0.11270639107499955,-0.08832422333709061,0.014604406331749809,-0.02979213225913007,-0.7234502074206153,-0.048219042920691076,-0.21313859344605723,1.2371871471838203,0.05131707083461785,0.24163933793695064,0.15590696568149653,0.1396151427824953,0.23871360398644714,0.2609022736767406,0.1370806349047676,0.4412458450041907,-0.10581954943877574,0.12665222632370018,0.11254168303726159,-0.07870937828808552
426,True,4.269999999999752,5.484812512826879,False,False,0.7532602828064231,False,91.7918750201352,-0.0,-0.6348370544701946,0.4196413325593512,0.457984825064867,-0.34906585039886595,0.07650002792280666,-0.2556646310347135,0.4409584337825941,0.15859120323018083,-0.3490658503988659,0.8512411555593264,-0.0038532576707529798,-0.17185126643345178,0.9300446219104198,-0.10434666088621387,-0.33622102661009357,0.5422734607692776,-5.9584145357255425e-08,-0.6177082330020314,0.0,0.45692006719699685,0.2371871471838204,0.01694349840699226,-0.2556636363178577,0.4409578636886394,0.05571644973735085,-0.34906467495982463,0.8512399748540327,0.06680835293160745,-0.17185004009476784,0.8941804505304035,0.059652566512690255,-0.3393602211058685,0.5422722185565833,-0.032016672658997616,-0.7005876442012758,-0.039542622060505364,-0.1733860467506527,1.1413005428865755,0.048327531201642085,0.16603555303370632,0.18599905565938857,0.12931152271676624,0.1497058518198782,0.33256451376943635,0.12828842657264292,0.34678176319706305,-0.010066570606054244,0.12018905460515628,0.0499019227325086,-0.027392427155871712
427,True,4.279999999999751,5.468609102745335,False,False,0.6795152681876131,False,92.30424999259412,-0.0,-0.6348370544701946,0.4196413325593512,0.457984825064867,-0.34906585039886595,0.07650002792280666,-0.2556646310347135,0.4409584337825941,0.15859120323018083,-0.3490658503988659,0.8512411555593264,-0.0038532576707529798,-0.17185126643345178,0.9300446219104198,-0.10434666088621387,-0.33622102661009357,0.5422734607692776,-6.403321726328182e-08,-0.626935452458152,-4.85722573273506e-17,0.4576700491399709,0.14130054288657545,0.016245465553094786,-0.25566378730154604,0.44095792388080335,0.051346196178736286,-0.3490648530621625,0.8512401181491165,0.0634556818817979,-0.17185022934373934,0.9300427417237284,0.055208409446302786,-0.3362202555454401,0.5422723211784898,-0.032335725420642614,-0.6831202174036467,-0.032411014547906875,-0.09818145434018043,1.0429751549490127,0.04354540507178412,0.08617401361114861,0.2281544317137741,0.11656585666627661,0.05671534201733407,0.42016627446918214,0.11773590855871331,0.2506875936956259,0.08825481620400012,0.11063261434295131,-0.02086153020943315,0.05295671984647534
428,True,4.28999999999975,5.453005464123067,False,False,0.6120217858307542,False,94.43145798286423,-0.0,-0.6348370544701946,0.4196413325593512,0.457984825064867,-0.34906585039886595,0.07650002792280666,-0.2556646310347135,0.4409584337825941,0.15859120323018083,-0.3490658503988659,0.8512411555593264,-0.0038532576707529798,-0.17185126643345178,0.9300446219104198,-0.10434666088621387,-0.33622102661009357,0.5422734607692776,-6.46713214993988e-08,-0.6348371510363273,0.0,0.45798371273453287,0.04297515494901272,0.018997479878520393,-0.25566394748567284,0.44095800815586816,0.05243476450329887,-0.3490650384650279,0.851240293476478,0.06433694589144909,-0.17185042110795218,0.9300429383028771,0.05549711309413404,-0.33622039458566755,0.5422724824518872,-0.029732795259229193,-0.6705514921942558,-0.026628666433693732,-0.008575001000646185,0.9436974650192375,0.03866892484021227,0.013805681985703882,0.27013443056354636,0.10401579576975498,-0.028486217998291558,0.5061507258306748,0.10748564331339017,0.16231596064657702,0.18751301496385284,0.10066311042648747,-0.08653704815058338,0.14199970363760947
429,True,4.2999999999997485,5.451255702210153,False,False,0.5564796311558261,False,93.90308399451897,-0.0,-0.6348370544701946,0.4196413325593512,0.457984825064867,-0.34906585039886595,0.07650002792280666,-0.2556646310347135,0.4409584337825941,0.15859120323018083,-0.3490658503988659,0.8512411555593264,-0.0038532576707529798,-0.17185126643345178,0.9300446219104198,-0.10434666088621387,-0.33622102661009357,0.5422734607692776,-5.946547158158788e-08,-0.6348371258989272,-4.5102810375396984e-17,0.45798389194708095,-0.05630253498076254,0.021993663095913416,-0.2556640920480066,0.44095809214008375,0.054820961698595294,-0.3490652093546073,0.8512404653606246,0.07498821624633564,-0.1638602460672162,0.9300431368699961,0.06251055888322966,-0.3362205273009243,0.5422726602105089,-0.0244277378134467,-0.6615508545613594,-0.021939080457212583,0.08199358472883556,0.8440677356473428,0.03461101650508359,-0.04715716165967762,0.307063648784638,0.09311182685806473,-0.10070885031566218,0.581330444366111,0.09926375138209216,0.08775856259813189,0.28706895450638614,0.09214133354942868,-0.14244086889579066,0.22489620466821708
430,True,4.309999999999747,5.4494180480191465,False,False,0.5070808841359076,False,98.372999986168,-0.0,-0.6348370544701946,0.4196413325593512,0.457984825064867,-0.34906585039886595,0.07650002792280666,-0.2556646310347135,0.4409584337825941,0.15859120323018083,-0.3490658503988659,0.8512411555593264,-0.0038532576707529798,-0.17185126643345178,0.9300446219104198,-0.10434666088621387,-0.33622102661009357,0.5422734607692776,-4.885537791682326e-08,-0.6348371078976879,0.0,0.45798407308389033,-0.15593226435265717,0.022856269070450876,-0.25566421460433697,0.44095816594856985,0.05546981850894904,-0.3490653525822688,0.8512406158634894,0.06680372405321394,-0.17185074798044034,0.9300433357952469,0.054485045910607495,-0.3362206390917437,0.5422728260029811,-0.017361044469303814,-0.6549053428213824,-0.01809578593365439,0.16274648136130518,0.7443315453357406,0.03154316219162665,-0.0964602192734568,0.3375856747905604,0.08425327834120498,-0.15934643634547604,0.6432904885675745,0.09261717380898857,0.02708990348073223,0.38672798651109297,0.08483605277607303,-0.18786524908629804,0.2955514009338495
431,True,4.319999999999746,5.44089070858886,False,False,0.5070808841359076,True,96.29679098725319,-0.0,-0.6348370544701946,0.4196413325593512,0.457984825064867,-0.34906585039886595,0.07650002792280666,-0.2556646310347135,0.4409584337825941,0.15859120323018083,-0.3490658503988659,0.8512411555593264,-0.0038532576707529798,-0.17185126643345178,0.9300446219104198,-0.10434666088621387,-0.33622102661009357,0.5422734607692776,-4.885537791682326e-08,-0.6348371078976879,0.0,0.45798407308389033,-0.15593226435265717,0.022856269070450876,-0.25566421460433697,0.44095816594856985,0.05546981850894904,-0.3490653525822688,0.8512406158634894,0.06680372405321394,-0.17185074798044034,0.9300433357952469,0.054485045910607495,-0.3362206390917437,0.5422728260029811,-0.009522304574776232,-0.6499523376187047,-0.01495089725306229,0.23010690438554515,0.6445724624898282,0.02929017900445449,-0.1353393913990228,0.36191986109969115,0.0772915811430678,-0.20570253037780561,0.6926272207150118,0.08707852701608425,-0.02121213732960772,0.485989786270326,0.07854780948328233,-0.22376363877820432,0.3529535292632516
432,True,4.329999999999745,5.429904417949398,False,False,0.4672023797267715,False,93.94245798466727,-0.0,-0.6348370544701946,0.4196413325593512,0.457984825064867,-0.34906585039886595,0.07650002792280666,-0.2556646310347135,0.4409584337825941,0.15859120323018083,-0.3490658503988659,0.8512411555593264,-0.0038532576707529798,-0.17185126643345178,0.9300446219104198,-0.10434666088621387,-0.33622102661009357,0.5422734607692776,-1.9044571057322268e-08,-0.6348370847007004,0.0,0.45798436930993713,-0.34906386312621474,0.029471383103914638,-0.25665709063566094,0.4409582757342899,0.05887879113017072,-0.3490699992438122,0.8512408382116564,0.06924636617031477,-0.17185096445045825,0.9300437338621932,0.05275336160115218,-0.3362208017130945,0.542273082128274,-0.0018048488567385453,-0.6462748047453302,-0.012397241366349877,0.2841644291492756,0.5448117295936169,0.028124335442749407,-0.16557401373345296,0.3808895529606709,0.07218047889136484,-0.24171791174389043,0.7310715286323958,0.08280199025382061,-0.058799225485192376,0.5780303142926136,0.07325212810615377,-0.25163990001198083,0.39825606169474487
433,True,4.339999999999744,5.418324280717396,False,False,0.4664022073318694,False,96.0855419980362,-0.0,-0.6348370544701946,0.4196413325593512,0.457984825064867,-0.34906585039886595,0.07650002792280666,-0.2556646310347135,0.4409584337825941,0.15859120323018083,-0.3490658503988659,0.8512411555593264,-0.0038532576707529798,-0.17185126643345178,0.9300446219104198,-0.10434666088621387,-0.33622102661009357,0.5422734607692776,-3.6096904939934837e-09,-0.6348370773456494,0.0,0.45798447742477044,-0.3490640626472816,0.03187897441232574,-0.25674899430594955,0.440958313667676,0.06013502564176406,-0.34906999990064813,0.8512409150593951,0.06980676582336102,-0.17185103985614367,0.9300439179539921,0.05160001241170474,-0.3373044708227266,0.5422731727230747,0.005141852898347086,-0.643573416353303,-0.010350408393636441,0.3264962171438045,0.4450494951808066,0.027913388041798826,-0.1888439094504762,0.39546276966738064,0.06866837865444192,-0.26935904379919984,0.7606069739995696,0.07967830779395708,-0.0875760371630597,0.6564627149393996,0.06881190868813675,-0.2731149558767686,0.433351769362661
434,True,4.349999999999743,5.406824495318807,False,False,0.4656804038626407,False,97.46937500312924,-0.0,-0.6348370544701946,0.4196413325593512,0.457984825064867,-0.34906585039886595,0.07650002792280666,-0.2556646310347135,0.4409584337825941,0.15859120323018083,-0.3490658503988659,0.8512411555593264,-0.0038532576707529798,-0.17185126643345178,0.9300446219104198,-0.10434666088621387,-0.33622102661009357,0.5422734607692776,1.0283685229761641e-08,-0.6348370719428834,0.0,0.45798456208817706,-0.3490642621713512,0.036230288891168395,-0.2567700092550361,0.44095834273897766,0.06354847120615811,-0.3490699979513601,0.851240974149956,0.07187643538316915,-0.17185109831565362,0.930044074643893,0.05164714142862736,-0.3420813256906822,0.5422732425987464,0.010962196311947621,-0.6416122681121317,-0.009095798225546296,0.35910857318643924,0.3452811758668252,0.028545187617647266,-0.20658274549865577,0.406551990757726,0.06654622210521115,-0.29037489758673646,0.7830847213966825,0.07757696510578474,-0.10937844894190023,0.7202065257160901,0.06518941340587756,-0.28990682543611385,0.4602106354972286
435,True,4.359999999999742,5.395673199286348,False,False,0.46499293451387314,False,96.98058402864262,-0.0,-0.6348370544701946,0.4196413325593512,0.457984825064867,-0.34906585039886595,0.07650002792280666,-0.2556646310347135,0.4409584337825941,0.15859120323018083,-0.3490658503988659,0.8512411555593264,-0.0038532576707529798,-0.17185126643345178,0.9300446219104198,-0.10434666088621387,-0.33622102661009357,0.5422734607692776,2.1924348777430103e-08,-0.6348370680205947,-3.9898639947466563e-17,0.45798462731275874,-0.3490644617075907,0.03766449071803949,-0.25684600260937474,0.4409583648269646,0.06370141355372289,-0.3490699979329423,0.8512410186527726,0.0715554120099435,-0.17185113888869358,0.9300442026567083,0.05020658840533113,-0.3419429172952441,0.5422732967710208,0.015515380407653826,-0.6402132795475621,-0.008722494521205142,0.3839455393334112,0.24550166715853766,0.029746442318654497,-0.22000486814602693,0.4149383094812483,0.06541162654558563,-0.30623222636283987,0.8000828052176755,0.07621243962810031,-0.12577960146717196,0.7705485570657573,0.0622152552306959,-0.3030175866409185,0.4805922989543013
436,True,4.369999999999741,5.384946313803705,False,False,0.4643169037238351,False,98.42683398164809,-0.0,-0.6348370544701946,0.4196413325593512,0.457984825064867,-0.34906585039886595,0.07650002792280666,-0.2556646310347135,0.4409584337825941,0.15859120323018083,-0.3490658503988659,0.8512411555593264,-0.0038532576707529798,-0.17185126643345178,0.9300446219104198,-0.10434666088621387,-0.33622102661009357,0.5422734607692776,3.103069875533271e-08,-0.6348370652226232,-1.734723475976807e-17,0.4579846769865917,-0.3490646612662091,0.03900429721616464,-0.2569102367683085,0.4409583816019946,0.06380341078930157,-0.3490699986071215,0.8512410528233514,0.07120364172220472,-0.17185117263848065,0.9300443032243492,0.04873576225241099,-0.3418215356544863,0.5422733374911365,0.018791639931161706,-0.6392421595525822,-0.008744879994641474,0.40269985272468417,0.14570681871945756,0.03121752146332091,-0.23010045545754745,0.4212560006410458,0.06485326728516769,-0.31812033034255977,0.812882113919871,0.07528738080460975,-0.13805359830249034,0.8095798533388938,0.059688303824895504,-0.31309017413544604,0.49596830712106466
437,True,4.37999999999974,5.374715581245484,False,False,0.46366427721302295,False,98.54158299276605,-0.0,-0.6348370544701946,0.4196413325593512,0.457984825064867,-0.34906585039886595,0.07650002792280666,-0.2556646310347135,0.4409584337825941,0.15859120323018083,-0.3490658503988659,0.8512411555593264,-0.0038532576707529798,-0.17185126643345178,0.9300446219104198,-0.10434666088621387,-0.33622102661009357,0.5422734607692776,3.758320469421372e-08,-0.6348370632803871,-5.724587470723463e-17,0.45798471449514344,-0.3490648608555067,0.04026436215878398,-0.25696510961213437,0.4409583942450872,0.06387602005266473,-0.34906999900786356,0.8512410785478748,0.07084383308563638,-0.1718511977758177,0.930044381197011,0.04727846432040911,-0.341716420078194,0.5422733682143817,0.020877182784086526,-0.638599538773816,-0.008912812572445772,0.4167565149415588,0.04863614449339954,0.03278691481886662,-0.23765352470666537,0.426004837966474,0.06461701325169938,-0.3269802226146061,0.8224927840877951,0.07462012192026757,-0.14719928716295594,0.8394711506622882,0.057473362988672394,-0.320734374394738,0.5075227594092626
438,True,4.3899999999997386,5.365389119687977,False,False,0.4630418611589313,False,98.97645801538602,-0.0,-0.6348370544701946,0.4196413325593512,0.457984825064867,-0.34906585039886595,0.07650002792280666,-0.2556646310347135,0.4409584337825941,0.15859120323018083,-0.3490658503988659,0.8512411555593264,-0.0038532576707529798,-0.17185126643345178,0.9300446219104198,-0.10434666088621387,-0.33622102661009357,0.5422734607692776,4.1754282059658365e-08,-0.6348370622343702,0.0,0.45798474261367417,-0.34906505499646706,0.04144543051798509,-0.2570097856832525,0.4409584039325842,0.06393992878785908,-0.34907,0.8512410981533804,0.07049552115109678,-0.17185121720754906,0.9300444407496199,0.045861424211479845,-0.3416256025064665,0.5422733913224512,0.02191673596825136,-0.6382235369854222,-0.00910845436016956,0.42720418573247504,-0.0371964640548745,0.034359175306196005,-0.24327546545876733,0.4295709939289144,0.06452666723297797,-0.3335452368340848,0.8296966784541236,0.074102536102551,-0.1539862480053502,0.862170790210349,0.055481825003908254,-0.3264785150599719,0.5161834377145718
439,True,4.3999999999997375,5.357048657309808,False,False,0.46246104847538944,False,98.89950003707781,-0.0,-0.6348370544701946,0.4196413325593512,0.457984825064867,-0.34906585039886595,0.07650002792280666,-0.2556646310347135,0.4409584337825941,0.15859120323018083,-0.3490658503988659,0.8512411555593264,-0.0038532576707529798,-0.17185126643345178,0.9300446219104198,-0.10434666088621387,-0.33622102661009357,0.5422734607692776,4.383338426949823e-08,-0.6348370611010795,-5.180043893826536e-12,0.4579847635023755,-0.3490652266613407,0.0425077496286784,-0.2569815000238921,0.44095841096478033,0.06401529189052661,-0.3490699995176925,0.8512411123427946,0.07018984127269066,-0.17185123028368274,0.9300444862581267,0.04451170080560695,-0.34154726944894265,0.5422734086084257,0.022122082306233293,-0.6380388612326107,-0.009282332797631954,0.43493181005933496,-0.10840702502720356,0.0358796995969061,-0.2474301194787751,0.43224984654130033,0.06449346984963063,-0.33837701073847054,0.835092307430035,0.07367423044614713,-0.15899793769451379,0.8793095105016481,0.05365831669538892,-0.3307560096514414,0.5226656895454875
