frame,scored,sim_time,min_distance_measured_mm,measured_collision,measured_margin_violation,modification_rad,fallback,total_safety_time_ms,q_nominal.right_wrist,q_nominal.right_thumb_mcp,q_nominal.right_thumb_abd,q_nominal.right_thumb_pip,q_nominal.right_thumb_dip,q_nominal.right_index_abd,q_nominal.right_index_mcp,q_nominal.right_index_pip,q_nominal.right_middle_abd,q_nominal.right_middle_mcp,q_nominal.right_middle_pip,q_nominal.right_ring_abd,q_nominal.right_ring_mcp,q_nominal.right_ring_pip,q_nominal.right_pinky_abd,q_nominal.right_pinky_mcp,q_nominal.right_pinky_pip,q_safe.right_wrist,q_safe.right_thumb_mcp,q_safe.right_thumb_abd,q_safe.right_thumb_pip,q_safe.right_thumb_dip,q_safe.right_index_abd,q_safe.right_index_mcp,q_safe.right_index_pip,q_safe.right_middle_abd,q_safe.right_middle_mcp,q_safe.right_middle_pip,q_safe.right_ring_abd,q_safe.right_ring_mcp,q_safe.right_ring_pip,q_safe.right_pinky_abd,q_safe.right_pinky_mcp,q_safe.right_pinky_pip,q_measured.right_wrist,q_measured.right_thumb_mcp,q_measured.right_thumb_abd,q_measured.right_thumb_pip,q_measured.right_thumb_dip,q_measured.right_index_abd,q_measured.right_index_mcp,q_measured.right_index_pip,q_measured.right_middle_abd,q_measured.right_middle_mcp,q_measured.right_middle_pip,q_measured.right_ring_abd,q_measured.right_ring_mcp,q_measured.right_ring_pip,q_measured.right_pinky_abd,q_measured.right_pinky_mcp,q_measured.right_pinky_pip
0,True,0.01,6.228385962484579,False,False,0.0,False,,-0.15,0.0,-0.73304,-0.58496,-0.50477,-0.4000000000000001,0.0,0.0,0.0,0.0,0.0,0.17,0.0,0.0,0.52333,0.0,0.0,-0.15,0.0,-0.73304,-0.58496,-0.50477,-0.4000000000000001,0.0,0.0,0.0,0.0,0.0,0.17,0.0,0.0,0.52333,0.0,0.0,-0.1504636294717452,-0.00024913347586931196,-0.733488708629297,-0.5851219546970908,-0.5047744998339302,-0.40023331337118867,-2.4794459782912207e-05,-1.2086908669606811e-06,1.9421818310665445e-08,-3.829584200719741e-05,-1.202505450442284e-06,0.170156837943458,-2.8209428762938118e-05,-1.017519327709447e-06,0.5236657896662829,-6.383528447448374e-07,-2.4370657384594807e-07
1,True,0.020000000000000004,6.229844568071035,False,False,0.0,False,,-0.15,0.0,-0.73304,-0.58496,-0.50477,-0.4000000000000001,0.0,0.0,0.0,0.0,0.0,0.17,0.0,0.0,0.52333,0.0,0.0,-0.15,0.0,-0.73304,-0.58496,-0.50477,-0.4000000000000001,0.0,0.0,0.0,0.0,0.0,0.17,0.0,0.0,0.52333,0.0,0.0,-0.15153608456319037,-0.000713524705756533,-0.7343212865158333,-0.5854269552484189,-0.5047827157534847,-0.4006634860753612,-5.484940244257024e-05,-3.1663329853701383e-06,5.530149897099091e-08,-8.77216164621526e-05,-3.091344333968945e-06,0.17044841109048103,-6.0949275989593736e-05,-2.5944822401521287e-06,0.5242823459075645,-1.2619264013459466e-06,-5.03932426632384e-07
2,True,0.030000000000000013,6.231455258452887,False,False,0.0,False,,-0.15,0.0,-0.73304,-0.58496,-0.50477,-0.4000000000000001,0.0,0.0,0.0,0.0,0.0,0.17,0.0,0.0,0.52333,0.0,0.0,-0.15,0.0,-0.73304,-0.58496,-0.50477,-0.4000000000000001,0.0,0.0,0.0,0.0,0.0,0.17,0.0,0.0,0.52333,0.0,0.0,-0.1530140342731925,-0.001228707278579176,-0.7352421419308921,-0.585768633540797,-0.5047921876498082,-0.4011352987042617,-7.151411047532708e-05,-5.092739781567203e-06,9.704372631131921e-08,-0.00011548412452387077,-4.8685682292991595e-06,0.17077066979088884,-7.75911082341027e-05,-4.048709788651866e-06,0.5249561521353916,-1.2401197840741382e-06,-5.511124907767063e-07
3,True,0.04000000000000002,6.2329670482941015,False,False,0.0,False,,-0.15,0.0,-0.73304,-0.58496,-0.50477,-0.4000000000000001,0.0,0.0,0.0,0.0,0.0,0.17,0.0,0.0,0.52333,0.0,0.0,-0.15,0.0,-0.73304,-0.58496,-0.50477,-0.4000000000000001,0.0,0.0,0.0,0.0,0.0,0.17,0.0,0.0,0.52333,0.0,0.0,-0.1547249450255994,-0.0017148694974693692,-0.7361102875344581,-0.586093916399915,-0.504802012938354,-0.40157568620498635,-8.056242170084206e-05,-6.749387327766307e-06,1.405705816627895e-07,-0.0001281011267999016,-6.311585044275264e-06,0.1710734127350683,-8.552144203231629e-05,-5.1873546850421385e-06,0.5255833460184668,-4.2844027547140976e-07,-3.310647466851556e-07
4,True,0.05000000000000003,6.234277275419275,False,False,0.0,False,,-0.15,0.0,-0.73304,-0.58496,-0.50477,-0.4000000000000001,0.0,0.0,0.0,0.0,0.0,0.17,0.0,0.0,0.52333,0.0,0.0,-0.15,0.0,-0.73304,-0.58496,-0.50477,-0.4000000000000001,0.0,0.0,0.0,0.0,0.0,0.17,0.0,0.0,0.52333,0.0,0.0,-0.15652653752223314,-0.002138679742360145,-0.7368680031990172,-0.5863797677875734,-0.5048118656883432,-0.4019556906410819,-8.596990977056108e-05,-8.095271876204971e-06,1.8431890775764922e-07,-0.00013395006628441722,-7.3960837355394755e-06,0.17133600502668858,-8.92507110303087e-05,-5.9900841729317975e-06,0.5261235099117114,1.1133164968007279e-06,1.3751281842689348e-07
5,True,0.06000000000000004,6.235360659593713,False,False,0.0,False,,-0.15,0.0,-0.73304,-0.58496,-0.50477,-0.4000000000000001,0.0,0.0,0.0,0.0,0.0,0.17,0.0,0.0,0.52333,0.0,0.0,-0.15,0.0,-0.73304,-0.58496,-0.50477,-0.4000000000000001,0.0,0.0,0.0,0.0,0.0,0.17,0.0,0.0,0.52333,0.0,0.0,-0.15830751285369093,-0.0024911606049290947,-0.7375003348009646,-0.5866192760545208,-0.5048216291539211,-0.40226888538573663,-8.943731024459205e-05,-9.159926656441764e-06,2.2769567428448045e-07,-0.0001364956321361714,-8.163725821652858e-06,0.1715532836997892,-9.072415450041431e-05,-6.497685293491121e-06,0.5265682096920382,3.2607210303900055e-06,8.123903862155382e-07
6,True,0.07000000000000005,6.23622926245909,False,False,0.0,False,,-0.15,0.0,-0.73304,-0.58496,-0.50477,-0.4000000000000001,0.0,0.0,0.0,0.0,0.0,0.17,0.0,0.0,0.52333,0.0,0.0,-0.15,0.0,-0.73304,-0.58496,-0.50477,-0.4000000000000001,0.0,0.0,0.0,0.0,0.0,0.17,0.0,0.0,0.52333,0.0,0.0,-0.1599861834029675,-0.0027752335852664414,-0.7380127843123281,-0.5868136281214952,-0.5048312602953429,-0.4025194490495857,-9.175542170055694e-05,-9.994042262803247e-06,2.704816949484653e-07,-0.00013725992833903773,-8.675732442039586e-06,0.17172758457085596,-9.08592303854476e-05,-6.7682123157377265e-06,0.5269238356771269,5.879991930268724e-06,1.6474758820737243e-06
7,True,0.08000000000000006,6.236910623213205,False,False,0.0,False,,-0.15,0.0,-0.73304,-0.58496,-0.50477,-0.4000000000000001,0.0,0.0,0.0,0.0,0.0,0.17,0.0,0.0,0.52333,0.0,0.0,-0.15,0.0,-0.73304,-0.58496,-0.50477,-0.4000000000000001,0.0,0.0,0.0,0.0,0.0,0.17,0.0,0.0,0.52333,0.0,0.0,-0.16150728225314545,-0.002998917474604635,-0.7384193953194864,-0.5869676302847899,-0.5048407412019463,-0.4027157846192941,-9.334057268931948e-05,-1.065069783442199e-05,3.1260136571122673e-07,-0.00013698209124572363,-8.994504816204252e-06,0.17186437263830792,-9.014838000157807e-05,-6.860199981262586e-06,0.5272025474129598,8.846581085508858e-06,2.599649289097872e-06
8,True,0.09000000000000007,6.237436354617826,False,False,0.0,False,,-0.15,0.0,-0.73304,-0.58496,-0.50477,-0.4000000000000001,0.0,0.0,0.0,0.0,0.0,0.17,0.0,0.0,0.52333,0.0,0.0,-0.15,0.0,-0.73304,-0.58496,-0.50477,-0.4000000000000001,0.0,0.0,0.0,0.0,0.0,0.17,0.0,0.0,0.52333,0.0,0.0,-0.16283794778891073,-0.0031717596233332922,-0.7387366441623784,-0.587087304773001,-0.5048500625415431,-0.40286726511284765,-9.44452725658098e-05,-1.1178403260887909e-05,3.5403382689623064e-07,-0.00013607189274085995,-9.176550533624781e-06,0.17196995321867986,-8.889607130824499e-05,-6.826414948870627e-06,0.5274177229326511,1.2051000471903031e-05,3.6310067046964756e-06
9,True,0.10000000000000007,6.237836624842963,False,False,0.0,False,,-0.15,0.0,-0.73304,-0.58496,-0.50477,-0.4000000000000001,0.0,0.0,0.0,0.0,0.0,0.17,0.0,0.0,0.52333,0.0,0.0,-0.15,0.0,-0.73304,-0.58496,-0.50477,-0.4000000000000001,0.0,0.0,0.0,0.0,0.0,0.17,0.0,0.0,0.52333,0.0,0.0,-0.16396348677148836,-0.0033030803713610755,-0.7389805106934014,-0.5871786747994371,-0.5048592183701174,-0.4029827034918445,-9.524174422497932e-05,-1.1618744129381472e-05,3.947787874363825e-07,-0.00013478816334000276,-9.270031200263458e-06,0.17205035877825992,-8.731285907722104e-05,-6.711772373114238e-06,0.5275818568807028,1.5400216576853312e-05,4.709443637470499e-06
10,True,0.11000000000000008,6.2381378508984415,False,False,0.0,False,,-0.15,0.0,-0.73304,-0.58496,-0.50477,-0.4000000000000001,0.0,0.0,0.0,0.0,0.0,0.17,0.0,0.0,0.52333,0.0,0.0,-0.15,0.0,-0.73304,-0.58496,-0.50477,-0.4000000000000001,0.0,0.0,0.0,0.0,0.0,0.17,0.0,0.0,0.52333,0.0,0.0,-0.16488328183133377,-0.003401207109569426,-0.7391652423240936,-0.5872472110539646,-0.5048682047042465,-0.4030697435436896,-9.585584732689988e-05,-1.2005871513469232e-05,4.3484346783682347e-07,-0.00013331015000771874,-9.31425994462329e-06,0.1721108800885755,-8.555372638615697e-05,-6.552959569861669e-06,0.5277057473850448,1.8817420243678848e-05,5.808600128390913e-06
11,True,0.12000000000000009,6.23836206635853,False,False,0.0,False,,-0.15,0.0,-0.73304,-0.58496,-0.50477,-0.4000000000000001,0.0,0.0,0.0,0.0,0.0,0.17,0.0,0.0,0.52333,0.0,0.0,-0.15,0.0,-0.73304,-0.58496,-0.50477,-0.4000000000000001,0.0,0.0,0.0,0.0,0.0,0.17,0.0,0.0,0.52333,0.0,0.0,-0.16560705798502837,-0.0034732273784821117,-0.7393029827472946,-0.5872976322584534,-0.5048770191784214,-0.4031347190975305,-9.638176706214069e-05,-1.236677139613731e-05,4.742376813596949e-07,-0.00013176738348842472,-9.340064732932651e-06,0.17215593479522817,-8.373487467179506e-05,-6.37880369887878e-06,0.5277983276526189,2.224109954162852e-05,6.9075250868309225e-06
12,True,0.1300000000000001,6.238527099024643,False,False,0.0,False,,-0.15,0.0,-0.73304,-0.58496,-0.50477,-0.4000000000000001,0.0,0.0,0.0,0.0,0.0,0.17,0.0,0.0,0.52333,0.0,0.0,-0.15,0.0,-0.73304,-0.58496,-0.50477,-0.4000000000000001,0.0,0.0,0.0,0.0,0.0,0.17,0.0,0.0,0.52333,0.0,0.0,-0.16615162259719363,-0.003524997528742925,-0.7394038130931556,-0.5873338845694435,-0.5048856609164278,-0.4031827323414759,-9.688932963722801e-05,-1.2721885777096755e-05,5.129720281875868e-07,-0.00013025357075985788,-9.37055629630868e-06,0.17218910005045276,-8.194228334303015e-05,-6.210986063047233e-06,0.5278667930170563,2.5623739427407994e-05,7.990194514001607e-06
13,True,0.1400000000000001,6.238647087431286,False,False,0.0,False,,-0.15,0.0,-0.73304,-0.58496,-0.50477,-0.4000000000000001,0.0,0.0,0.0,0.0,0.0,0.17,0.0,0.0,0.52333,0.0,0.0,-0.15,0.0,-0.73304,-0.58496,-0.50477,-0.4000000000000001,0.0,0.0,0.0,0.0,0.0,0.17,0.0,0.0,0.52333,0.0,0.0,-0.16653812566138243,-0.003561263567676805,-0.7394759660691759,-0.5873592028546007,-0.5048941303811803,-0.40321781852079447,-9.742852494793845e-05,-1.3085896293941858e-05,5.510572603890134e-07,-0.00012883436916443424,-9.422084319197275e-06,0.1722132143279627,-8.023716639225369e-05,-6.064919636751949e-06,0.5279168404057643,2.893029486292113e-05,9.044947304101495e-06
14,True,0.1500000000000001,6.238733091217459,False,False,0.0,False,,-0.15,0.0,-0.73304,-0.58496,-0.50477,-0.4000000000000001,0.0,0.0,0.0,0.0,0.0,0.17,0.0,0.0,0.52333,0.0,0.0,-0.15,0.0,-0.73304,-0.58496,-0.50477,-0.4000000000000001,0.0,0.0,0.0,0.0,0.0,0.17,0.0,0.0,0.52333,0.0,0.0,-0.1667898404793078,-0.0035858154807732884,-0.739526090628126,-0.5873763049665375,-0.5049024292093292,-0.4032431299082119,-9.803297671321938e-05,-1.3468577771519954e-05,5.885040725567949e-07,-0.0001275528106297096,-9.505270826139943e-06,0.17223049887281033,-7.866026272158304e-05,-5.950695514602525e-06,0.5279529293597134,3.2136523788634534e-05,1.0063875829197952e-05
15,True,0.16000000000000011,6.238795208749046,False,False,0.0,False,,-0.15,0.0,-0.73304,-0.58496,-0.50477,-0.4000000000000001,0.0,0.0,0.0,0.0,0.0,0.17,0.0,0.0,0.52333,0.0,0.0,-0.15,0.0,-0.73304,-0.58496,-0.50477,-0.4000000000000001,0.0,0.0,0.0,0.0,0.0,0.17,0.0,0.0,0.52333,0.0,0.0,-0.16693041880851503,-0.0036018487849223103,-0.7395595014752515,-0.5873887580683929,-0.5049105604295309,-0.40326110815292066,-9.872319133684753e-05,-1.3875722194158324e-05,6.253230388177715e-07,-0.0001264340492913352,-9.62611537011773e-06,0.17224298264424676,-7.723590377293048e-05,-5.874096905049616e-06,0.5279785238388065,3.522711512740231e-05,1.1042157571527968e-05
16,True,0.17000000000000012,6.238845879882613,False,False,0.0,False,,-0.15,0.0,-0.73304,-0.58496,-0.50477,-0.4000000000000001,0.0,0.0,0.0,0.0,0.0,0.17,0.0,0.0,0.52333,0.0,0.0,-0.15,0.0,-0.73304,-0.58496,-0.50477,-0.4000000000000001,0.0,0.0,0.0,0.0,0.0,0.17,0.0,0.0,0.52333,0.0,0.0,-0.1669877947502529,-0.003613443462807938,-0.7395802952012643,-0.5873992348742453,-0.5049185259677831,-0.40327398929799996,-9.953037127474344e-05,-1.4316615452390977e-05,6.615247582160848e-07,-0.00012551845782280942,-9.794895707352149e-06,0.1722531658671763,-7.600212059132376e-05,-5.84479601983632e-06,0.5279962003179504,3.8180213818288e-05,1.1972555581615573e-05
17,True,0.18000000000000013,6.238891615279308,False,False,0.0,False,,-0.15,0.0,-0.73304,-0.58496,-0.50477,-0.4000000000000001,0.0,0.0,0.0,0.0,0.0,0.17,0.0,0.0,0.52333,0.0,0.0,-0.15,0.0,-0.73304,-0.58496,-0.50477,-0.4000000000000001,0.0,0.0,0.0,0.0,0.0,0.17,0.0,0.0,0.52333,0.0,0.0,-0.16700643084029673,-0.0036231584367972277,-0.7395936171884495,-0.5874087870895471,-0.5049263236669062,-0.4032844553595105,-0.0001005199102623393,-1.4811412459850338e-05,6.971200028187674e-07,-0.000124894238155649,-1.0034940253476172e-05,0.17226235719257024,-7.504033480904771e-05,-5.884425813830963e-06,0.5280087695356878,4.09521634831189e-05,1.2840008556794829e-05
18,True,0.19000000000000014,6.23893496890426,False,False,0.0,False,,-0.15,0.0,-0.73304,-0.58496,-0.50477,-0.4000000000000001,0.0,0.0,0.0,0.0,0.0,0.17,0.0,0.0,0.52333,0.0,0.0,-0.15,0.0,-0.73304,-0.58496,-0.50477,-0.4000000000000001,0.0,0.0,0.0,0.0,0.0,0.17,0.0,0.0,0.52333,0.0,0.0,-0.16701091158746564,-0.003632022448241445,-0.7396038480917291,-0.5874178513150505,-0.5049339599846228,-0.40329388183173964,-0.00010164506814882256,-1.534519641976057e-05,7.321185599209855e-07,-0.00012449492688722518,-1.0328089063676998e-05,0.1722710699843073,-7.429037893076937e-05,-5.976322703972976e-06,0.528019140358149,4.357342760509351e-05,1.3655545060780738e-05
19,True,0.20000000000000015,6.238976957301996,False,False,0.0,False,,-0.15,0.0,-0.73304,-0.58496,-0.50477,-0.4000000000000001,0.0,0.0,0.0,0.0,0.0,0.17,0.0,0.0,0.52333,0.0,0.0,-0.15,0.0,-0.73304,-0.58496,-0.50477,-0.4000000000000001,0.0,0.0,0.0,0.0,0.0,0.17,0.0,0.0,0.52333,0.0,0.0,-0.1670102302278583,-0.0036404554639706955,-0.7396127701855478,-0.5874266158380118,-0.5049414428371687,-0.40330280927582196,-0.00010283800310824604,-1.589659525474206e-05,7.665299259085212e-07,-0.00012422544247615684,-1.0648692634980394e-05,0.17227950857446978,-7.366565131553171e-05,-6.096861665093131e-06,0.5280285564168948,4.6088893599135934e-05,1.4435154029361666e-05
20,True,0.21000000000000016,6.239017988757386,False,False,0.0,False,,-0.15,0.0,-0.73304,-0.58496,-0.50477,-0.4000000000000001,0.0,0.0,0.0,0.0,0.0,0.17,0.0,0.0,0.52333,0.0,0.0,-0.15,0.0,-0.73304,-0.58496,-0.50477,-0.4000000000000001,0.0,0.0,0.0,0.0,0.0,0.17,0.0,0.0,0.52333,0.0,0.0,-0.16700767592227758,-0.003648629063487436,-0.739621089470698,-0.5874351617982214,-0.5049487783394497,-0.4033114509341625,-0.00010405414862171478,-1.645162690240342e-05,8.003636258618713e-07,-0.00012402325637010986,-1.0979970311191774e-05,0.17228775502692667,-7.310909960541932e-05,-6.2305525262832e-06,0.5280375053043895,4.852855859249365e-05,1.518948556376514e-05
21,True,0.22000000000000017,6.239058231288497,False,False,0.0,False,,-0.15,0.0,-0.73304,-0.58496,-0.50477,-0.4000000000000001,0.0,0.0,0.0,0.0,0.0,0.17,0.0,0.0,0.52333,0.0,0.0,-0.15,0.0,-0.73304,-0.58496,-0.50477,-0.4000000000000001,0.0,0.0,0.0,0.0,0.0,0.17,0.0,0.0,0.52333,0.0,0.0,-0.16700440782246512,-0.0036566140246664085,-0.7396290862818005,-0.5874435248634817,-0.504955971040913,-0.4033198918311718,-0.00010526945392207024,-1.700278695788618e-05,8.336291819658464e-07,-0.00012385438421059637,-1.1312873506860456e-05,0.17229584310756396,-7.258964704667829e-05,-6.36901091103392e-06,0.5280461791380153,5.090914924851623e-05,1.5924462502235798e-05
22,True,0.23000000000000018,6.2390977579403915,False,False,0.0,False,,-0.15,0.0,-0.73304,-0.58496,-0.50477,-0.4000000000000001,0.0,0.0,0.0,0.0,0.0,0.17,0.0,0.0,0.52333,0.0,0.0,-0.15,0.0,-0.73304,-0.58496,-0.50477,-0.4000000000000001,0.0,0.0,0.0,0.0,0.0,0.17,0.0,0.0,0.52333,0.0,0.0,-0.16700081621712326,-0.0036644402685883423,-0.739636872609227,-0.587451721508013,-0.5049630245242379,-0.40332816674580607,-0.00010647235318156541,-1.7546506184508006e-05,8.663360500054656e-07,-0.0001237021800041817,-1.1643042064655904e-05,0.17230378749069583,-7.209200793307092e-05,-6.5081642033418105e-06,0.5280546545328699,5.3239279550460766e-05,1.664312327797809e-05
23,True,0.24000000000000019,6.239136604036794,False,False,0.0,False,,-0.15,0.0,-0.73304,-0.58496,-0.50477,-0.4000000000000001,0.0,0.0,0.0,0.0,0.0,0.17,0.0,0.0,0.52333,0.0,0.0,-0.15,0.0,-0.73304,-0.58496,-0.50477,-0.4000000000000001,0.0,0.0,0.0,0.0,0.0,0.17,0.0,0.0,0.52333,0.0,0.0,-0.16699716016402005,-0.0036721210727904993,-0.7396444936785403,-0.5874597600411406,-0.5049699418166927,-0.40333629071708627,-0.00010765814381132296,-1.80813761619517e-05,8.984935777674207e-07,-0.00012355951999840013,-1.1968687725763698e-05,0.1723115952678629,-7.160957398655283e-05,-6.646306485811957e-06,0.5280629628803879,5.5523084584657987e-05,1.7346915610597557e-05
24,True,0.25000000000000017,6.239174790249758,False,False,0.0,False,,-0.15,0.0,-0.73304,-0.58496,-0.50477,-0.4000000000000001,0.0,0.0,0.0,0.0,0.0,0.17,0.0,0.0,0.52333,0.0,0.0,-0.15,0.0,-0.73304,-0.58496,-0.50477,-0.4000000000000001,0.0,0.0,0.0,0.0,0.0,0.17,0.0,0.0,0.52333,0.0,0.0,-0.1669935698223226,-0.0036796632523439397,-0.7396519688559906,-0.5874676456109647,-0.5049767257110493,-0.40334427112816296,-0.00010882474016039252,-1.8606811566300665e-05,9.301109748725172e-07,-0.00012342291431772812,-1.2289002384200166e-05,0.172319270585484,-7.113904801219907e-05,-6.782634206183767e-06,0.5280711180348382,5.776298129389781e-05,1.8036676919708127e-05
25,True,0.2600000000000002,6.239212331469561,False,False,0.0,False,,-0.15,0.0,-0.73304,-0.58496,-0.50477,-0.4000000000000001,0.0,0.0,0.0,0.0,0.0,0.17,0.0,0.0,0.52333,0.0,0.0,-0.15,0.0,-0.73304,-0.58496,-0.50477,-0.4000000000000001,0.0,0.0,0.0,0.0,0.0,0.17,0.0,0.0,0.52333,0.0,0.0,-0.1669900252027063,-0.0036870710788036026,-0.7396593074416968,-0.5874753821042105,-0.5049833788793104,-0.40335211237110735,-0.00010997109611457372,-1.9122553323831718e-05,9.61197303530685e-07,-0.0001232903220184097,-1.2603567489131846e-05,0.1723268164279616,-7.067845366414057e-05,-6.916703023950234e-06,0.5280791270228616,5.996069320381012e-05,1.8712998288250916e-05
26,True,0.2700000000000002,6.23924924000857,False,False,0.0,False,,-0.15,0.0,-0.73304,-0.58496,-0.50477,-0.4000000000000001,0.0,0.0,0.0,0.0,0.0,0.17,0.0,0.0,0.52333,0.0,0.0,-0.15,0.0,-0.73304,-0.58496,-0.50477,-0.4000000000000001,0.0,0.0,0.0,0.0,0.0,0.17,0.0,0.0,0.52333,0.0,0.0,-0.16698651133755768,-0.003694347622305763,-0.7396665144386801,-0.5874829727068696,-0.5049899038763594,-0.40335981758757017,-0.0001110970597388808,-1.9628622466051026e-05,9.91761480300807e-07,-0.00012316094950297216,-1.291229909802299e-05,0.1723342352617625,-7.022695394651126e-05,-7.048377680540168e-06,0.528086994088251,6.211734159177302e-05,1.9376257323563237e-05
27,True,0.2800000000000002,6.239285527071538,False,False,0.0,False,,-0.15,0.0,-0.73304,-0.58496,-0.50477,-0.4000000000000001,0.0,0.0,0.0,0.0,0.0,0.17,0.0,0.0,0.52333,0.0,0.0,-0.15,0.0,-0.73304,-0.58496,-0.50477,-0.4000000000000001,0.0,0.0,0.0,0.0,0.0,0.17,0.0,0.0,0.52333,0.0,0.0,-0.16698302265314793,-0.0037014954623229464,-0.739673593158407,-0.5874904203024178,-0.5049963031827955,-0.40336738941002875,-0.00011220282616602052,-2.012514781385429e-05,1.0218122745153054e-06,-0.00012303449285013646,-1.3215243063518409e-05,0.17234152933101404,-6.978416046960427e-05,-7.177643507605839e-06,0.5280947223691803,6.42338021838978e-05,2.002674478702449e-05
28,True,0.2900000000000002,6.239321203334652,False,False,0.0,False,,-0.15,0.0,-0.73304,-0.58496,-0.50477,-0.4000000000000001,0.0,0.0,0.0,0.0,0.0,0.17,0.0,0.0,0.52333,0.0,0.0,-0.15,0.0,-0.73304,-0.58496,-0.50477,-0.4000000000000001,0.0,0.0,0.0,0.0,0.0,0.17,0.0,0.0,0.52333,0.0,0.0,-0.1669795570193684,-0.003708516970556409,-0.7396805462455066,-0.5874977276329998,-0.505002579223391,-0.4033748302517708,-0.00011328870437321475,-2.061229259369181e-05,1.0513583090542208e-06,-0.00012291081532372948,-1.3512487934350288e-05,0.17234870077389416,-6.934983932635743e-05,-7.304526232724354e-06,0.5281023145529654,6.631085771999996e-05,2.0664718706691827e-05
29,True,0.3000000000000002,6.2393562791657455,False,False,0.0,False,,-0.15,0.0,-0.73304,-0.58496,-0.50477,-0.4000000000000001,0.0,0.0,0.0,0.0,0.0,0.17,0.0,0.0,0.52333,0.0,0.0,-0.15,0.0,-0.73304,-0.58496,-0.50477,-0.4000000000000001,0.0,0.0,0.0,0.0,0.0,0.17,0.0,0.0,0.52333,0.0,0.0,-0.16697611356878594,-0.003715414416471346,-0.7396873760668544,-0.5875048973579532,-0.5050087343737115,-0.4033821424180171,-0.0001143550372995542,-2.1090229339882517e-05,1.0804080622357457e-06,-0.000122789837056408,-1.380413520682252e-05,0.17235575166689227,-6.892381044964287e-05,-7.4290645721765305e-06,0.5281097731277541,6.83492505105757e-05,2.1290423003803725e-05
30,True,0.3100000000000002,6.239390764709195,False,False,0.0,False,,-0.15,0.0,-0.73304,-0.58496,-0.50477,-0.4000000000000001,0.0,0.0,0.0,0.0,0.0,0.17,0.0,0.0,0.52333,0.0,0.0,-0.15,0.0,-0.73304,-0.58496,-0.50477,-0.4000000000000001,0.0,0.0,0.0,0.0,0.0,0.17,0.0,0.0,0.52333,0.0,0.0,-0.166972691897283,-0.003722190006964042,-0.739694084859673,-0.5875119320753964,-0.5050147709628219,-0.4033893281487815,-0.00011540217479647275,-2.15591314225994e-05,1.1089698700562115e-06,-0.00012267149767757128,-1.4090289284181378e-05,0.1723626840418745,-6.850591349115649e-05,-7.551300965768132e-06,0.5281171004795943,7.034970048432045e-05,2.1904093882205814e-05
31,True,0.32000000000000023,6.239424669919838,False,False,0.0,False,,-0.15,0.0,-0.73304,-0.58496,-0.50477,-0.4000000000000001,0.0,0.0,0.0,0.0,0.0,0.17,0.0,0.0,0.52333,0.0,0.0,-0.15,0.0,-0.73304,-0.58496,-0.50477,-0.4000000000000001,0.0,0.0,0.0,0.0,0.0,0.17,0.0,0.0,0.52333,0.0,0.0,-0.16696929177108225,-0.0037288459015480105,-0.7397006747882063,-0.5875188343305451,-0.5050206912747187,-0.4033963896356616,-0.00011643046462838109,-2.201917025078845e-05,1.1370519285195372e-06,-0.00012255574380022654,-1.4371054147735839e-05,0.17236949989288525,-6.80959963725624e-05,-7.67127849123588e-06,0.5281242989301584,7.231291142257312e-05,2.2505962032314165e-05
32,True,0.33000000000000024,6.239458004577464,False,False,0.0,False,,-0.15,0.0,-0.73304,-0.58496,-0.50477,-0.4000000000000001,0.0,0.0,0.0,0.0,0.0,0.17,0.0,0.0,0.52333,0.0,0.0,-0.15,0.0,-0.73304,-0.58496,-0.50477,-0.4000000000000001,0.0,0.0,0.0,0.0,0.0,0.17,0.0,0.0,0.52333,0.0,0.0,-0.16696591301936858,-0.003735384218431309,-0.7397071479656768,-0.5875256066192623,-0.5050264975493532,-0.4034033290286632,-0.00011744024957591709,-2.247051439127234e-05,1.1646622959693383e-06,-0.00012244252488898927,-1.4646532288358003e-05,0.17237620117906888,-6.769391148166673e-05,-7.78903986040836e-06,0.5281313707516775,7.423957318820588e-05,2.3096253417372096e-05
33,True,0.34000000000000025,6.239490778294213,False,False,0.0,False,,-0.15,0.0,-0.73304,-0.58496,-0.50477,-0.4000000000000001,0.0,0.0,0.0,0.0,0.0,0.17,0.0,0.0,0.52333,0.0,0.0,-0.15,0.0,-0.73304,-0.58496,-0.50477,-0.4000000000000001,0.0,0.0,0.0,0.0,0.0,0.17,0.0,0.0,0.52333,0.0,0.0,-0.16696255549493355,-0.003741807037197987,-0.7397135064630476,-0.5875322513898987,-0.5050321919835201,-0.4034101484392098,-0.00011843186657509158,-2.2913329325826777e-05,1.1918088953952145e-06,-0.0001223317919159097,-1.4916824388405999e-05,0.1723827898261203,-6.729951441228909e-05,-7.904627106878713e-06,0.5281383181731135,7.613036261116746e-05,2.3675189584888376e-05
34,True,0.35000000000000026,6.239523000518928,False,False,0.0,False,,-0.15,0.0,-0.73304,-0.58496,-0.50477,-0.4000000000000001,0.0,0.0,0.0,0.0,0.0,0.17,0.0,0.0,0.52333,0.0,0.0,-0.15,0.0,-0.73304,-0.58496,-0.50477,-0.4000000000000001,0.0,0.0,0.0,0.0,0.0,0.17,0.0,0.0,0.52333,0.0,0.0,-0.1669592190597493,-0.003748116400218149,-0.7397197523127612,-0.5875387710445076,-0.5050377767316961,-0.4034168499416855,-0.00011940564652353948,-2.33477774165366e-05,1.2184995167046154e-06,-0.00012222349692768457,-1.5182029248005628e-05,0.172389267727174,-6.691266353625242e-05,-8.018081499158752e-06,0.5281451433829599,7.798594392866721e-05,2.4242987820926442e-05
35,True,0.36000000000000026,6.239554680540604,False,False,0.0,False,,-0.15,0.0,-0.73304,-0.58496,-0.50477,-0.4000000000000001,0.0,0.0,0.0,0.0,0.0,0.17,0.0,0.0,0.52333,0.0,0.0,-0.15,0.0,-0.73304,-0.58496,-0.50477,-0.4000000000000001,0.0,0.0,0.0,0.0,0.0,0.17,0.0,0.0,0.52333,0.0,0.0,-0.16695590357967857,-0.0037543143135772244,-0.739725887510561,-0.5875451679398314,-0.5050432539068568,-0.4034234355744105,-0.00012036191429965485,-2.3774017937082073e-05,1.2447418189577632e-06,-0.00012211759290406282,-1.5442243788667333e-05,0.17239563674347497,-6.653321984170389e-05,-8.129443525464016e-06,0.5281518485307369,7.980696907882233e-05,2.4799861252791277e-05
36,True,0.3700000000000003,6.239585827491344,False,False,0.0,False,,-0.15,0.0,-0.73304,-0.58496,-0.50477,-0.4000000000000001,0.0,0.0,0.0,0.0,0.0,0.17,0.0,0.0,0.52333,0.0,0.0,-0.15,0.0,-0.73304,-0.58496,-0.50477,-0.4000000000000001,0.0,0.0,0.0,0.0,0.0,0.17,0.0,0.0,0.52333,0.0,0.0,-0.16695260892253308,-0.0037604027478189144,-0.7397319140165739,-0.5875514443881954,-0.5050486255812743,-0.40342990734039313,-0.00012130098884664479,-2.4192207123695353e-05,1.2705433325653714e-06,-0.00012201403370642127,-1.569756308021767e-05,0.17240189870496125,-6.616104685433436e-05,-8.238752900350072e-06,0.5281584357279787,8.159407794549898e-05,2.5346018934561466e-05
37,True,0.3800000000000003,6.2396164503490015,False,False,0.0,False,,-0.15,0.0,-0.73304,-0.58496,-0.50477,-0.4000000000000001,0.0,0.0,0.0,0.0,0.0,0.17,0.0,0.0,0.52333,0.0,0.0,-0.15,0.0,-0.73304,-0.58496,-0.50477,-0.4000000000000001,0.0,0.0,0.0,0.0,0.0,0.17,0.0,0.0,0.52333,0.0,0.0,-0.16694933495735878,-0.003766383638611639,-0.7397378337561074,-0.587557602658358,-0.5050538937873013,-0.4034362672079895,-0.00012222318327450107,-2.4602498231146782e-05,1.2959114614495648e-06,-0.00012191277405305837,-1.5948080374054394e-05,0.17240805541080795,-6.579601058357501e-05,-8.346048577532035e-06,0.528164907049017,8.334789858559706e-05,2.5881665926449324e-05
38,True,0.3900000000000003,6.239646557940001,False,False,0.0,False,,-0.15,0.0,-0.73304,-0.58496,-0.50477,-0.4000000000000001,0.0,0.0,0.0,0.0,0.0,0.17,0.0,0.0,0.52333,0.0,0.0,-0.15,0.0,-0.73304,-0.58496,-0.50477,-0.4000000000000001,0.0,0.0,0.0,0.0,0.0,0.17,0.0,0.0,0.52333,0.0,0.0,-0.16694608155417076,-0.0037722588873795562,-0.7397436486203286,-0.5875636449763364,-0.5050590605181391,-0.40344251711152096,-0.0001231288049654946,-2.5005041589306013e-05,1.3208534851685238e-06,-0.00012181376950192773,-1.6193887137596818e-05,0.1724141086299508,-6.543797947615855e-05,-8.45136876415087e-06,0.5281712645316796,8.506904744847796e-05,2.6407003371384203e-05
39,True,0.4000000000000003,6.23967615894168,False,False,0.0,False,,-0.15,0.0,-0.73304,-0.58496,-0.50477,-0.4000000000000001,0.0,0.0,0.0,0.0,0.0,0.17,0.0,0.0,0.52333,0.0,0.0,-0.15,0.0,-0.73304,-0.58496,-0.50477,-0.4000000000000001,0.0,0.0,0.0,0.0,0.0,0.17,0.0,0.0,0.52333,0.0,0.0,-0.1669428485838528,-0.0037780303619135863,-0.7397493604668941,-0.5875695735262134,-0.5050641277285922,-0.40344865895186993,-0.0001240181556790345,-2.5399984659008418e-05,1.3453765610054583e-06,-0.000121716976435291,-1.643507308848504e-05,0.17242006010159697,-6.508682437199068e-05,-8.554750935144518e-06,0.5281775101779506,8.675812959043537e-05,2.6922228569828162e-05
40,True,0.4100000000000003,6.239705261885109,False,False,0.0,False,,-0.15,0.0,-0.73304,-0.58496,-0.50477,-0.4000000000000001,0.0,0.0,0.0,0.0,0.0,0.17,0.0,0.0,0.52333,0.0,0.0,-0.15,0.0,-0.73304,-0.58496,-0.50477,-0.4000000000000001,0.0,0.0,0.0,0.0,0.0,0.17,0.0,0.0,0.52333,0.0,0.0,-0.16693963591811753,-0.0037836998969683288,-0.7397549711205516,-0.587575390450928,-0.5050690973358074,-0.40345469459706035,-0.00012489153165481714,-2.578747208691089e-05,1.369487726022447e-06,-0.0001216223520448661,-1.667172622817138e-05,0.1724259115357255,-6.474241846101975e-05,-8.656231847387539e-06,0.5281836459546061,8.841573888504366e-05,2.742753505311244e-05
41,True,0.4200000000000003,6.239733875157332,False,False,0.0,False,,-0.15,0.0,-0.73304,-0.58496,-0.50477,-0.4000000000000001,0.0,0.0,0.0,0.0,0.0,0.17,0.0,0.0,0.52333,0.0,0.0,-0.15,0.0,-0.73304,-0.58496,-0.50477,-0.4000000000000001,0.0,0.0,0.0,0.0,0.0,0.17,0.0,0.0,0.52333,0.0,0.0,-0.1669364434294885,-0.0037892692948471884,-0.739760482373727,-0.5875810978530505,-0.5050739712199993,-0.403460625882827,-0.00012574922371405922,-2.616764575928742e-05,1.3931938990798204e-06,-0.0001215298543171806,-1.6903932874845708e-05,0.17243166461357898,-6.44046372408276e-05,-8.755847553538694e-06,0.5281896737938364,9.004245822962947e-05,2.7923112655379037e-05
42,True,0.4300000000000003,6.239762007003891,False,False,0.0,False,,-0.15,0.0,-0.73304,-0.58496,-0.50477,-0.4000000000000001,0.0,0.0,0.0,0.0,0.0,0.17,0.0,0.0,0.52333,0.0,0.0,-0.15,0.0,-0.73304,-0.58496,-0.50477,-0.4000000000000001,0.0,0.0,0.0,0.0,0.0,0.17,0.0,0.0,0.52333,0.0,0.0,-0.16693327099129063,-0.003794740325976684,-0.739765895987098,-0.5875866977955427,-0.5050787512251619,-0.4034664546131738,-0.00012659151735882576,-2.6540644854779394e-05,1.416501882821566e-06,-0.00012143944201911188,-1.7131777695706074e-05,0.17243732098814651,-6.407335847491483e-05,-8.853633415600507e-06,0.5281955955938551,9.163885974795902e-05,2.840914758416006e-05
43,True,0.44000000000000034,6.2397896655312595,False,False,0.0,False,,-0.15,0.0,-0.73304,-0.58496,-0.50477,-0.4000000000000001,0.0,0.0,0.0,0.0,0.0,0.17,0.0,0.0,0.52333,0.0,0.0,-0.15,0.0,-0.73304,-0.58496,-0.50477,-0.4000000000000001,0.0,0.0,0.0,0.0,0.0,0.17,0.0,0.0,0.52333,0.0,0.0,-0.1669301184776434,-0.0038001147294704288,-0.7397712136901564,-0.5875921923025051,-0.5050834391597661,-0.40347218256092243,-0.0001274186928695044,-2.690660589612658e-05,1.4394183656274496e-06,-0.00012135107468363925,-1.7355343738596203e-05,0.17244288228463847,-6.374846215169394e-05,-8.949624118204563e-06,0.5282014132194965,9.32055049892033e-05,2.888582248961723e-05
44,True,0.45000000000000034,6.239816858709123,False,False,0.0,False,,-0.15,0.0,-0.73304,-0.58496,-0.50477,-0.4000000000000001,0.0,0.0,0.0,0.0,0.0,0.17,0.0,0.0,0.52333,0.0,0.0,-0.15,0.0,-0.73304,-0.58496,-0.50477,-0.4000000000000001,0.0,0.0,0.0,0.0,0.0,0.17,0.0,0.0,0.52333,0.0,0.0,-0.16692698576345547,-0.0038053942136830675,-0.7397764371817617,-0.587597583359908,-0.5050880367974441,-0.40347781146825135,-0.00012823102540047429,-2.7265662800903555e-05,1.4619499235323057e-06,-0.0001212647125958289,-1.7574712463028977e-05,0.17244835010095358,-6.342983044419947e-05,-9.04385368163418e-06,0.5282071285028035,9.474294512324073e-05,2.9353316532463765e-05
45,True,0.46000000000000035,6.239843594372787,False,False,0.0,False,,-0.15,0.0,-0.73304,-0.58496,-0.50477,-0.4000000000000001,0.0,0.0,0.0,0.0,0.0,0.17,0.0,0.0,0.52333,0.0,0.0,-0.15,0.0,-0.73304,-0.58496,-0.50477,-0.4000000000000001,0.0,0.0,0.0,0.0,0.0,0.17,0.0,0.0,0.52333,0.0,0.0,-0.1669238727244193,-0.0038105804567543913,-0.7397815681306827,-0.5876028729163101,-0.5050925458776606,-0.40348334304722555,-0.00012902878507401263,-2.7617946931283545e-05,1.484103022113137e-06,-0.00012118031677906103,-1.778996377061167e-05,0.17245372600813758,-6.311734767051472e-05,-9.136355474593197e-06,0.528212743243603,9.625172113235927e-05,2.9811805450591528e-05
46,True,0.47000000000000036,6.239869880225341,False,False,0.0,False,,-0.15,0.0,-0.73304,-0.58496,-0.50477,-0.4000000000000001,0.0,0.0,0.0,0.0,0.0,0.17,0.0,0.0,0.52333,0.0,0.0,-0.15,0.0,-0.73304,-0.58496,-0.50477,-0.4000000000000001,0.0,0.0,0.0,0.0,0.0,0.17,0.0,0.0,0.52333,0.0,0.0,-0.16692077923700643,-0.003815675107143815,-0.7397866081761313,-0.5876080628835633,-0.5050969681063711,-0.40348877898031704,-0.00012981223707247622,-2.7963587142850066e-05,1.5058840183444242e-06,-0.000121097848981502,-1.8001176034886388e-05,0.17245901155083468,-6.281090025490889e-05,-9.227162226727567e-06,0.5282182592100737,9.773236399942119e-05,3.0261461624427147e-05
47,True,0.48000000000000037,6.239895723840015,False,False,0.0,False,,-0.15,0.0,-0.73304,-0.58496,-0.50477,-0.4000000000000001,0.0,0.0,0.0,0.0,0.0,0.17,0.0,0.0,0.52333,0.0,0.0,-0.15,0.0,-0.73304,-0.58496,-0.50477,-0.4000000000000001,0.0,0.0,0.0,0.0,0.0,0.17,0.0,0.0,0.52333,0.0,0.0,-0.16691770517846244,-0.0038206797841553995,-0.7397915589282854,-0.5876131551375042,-0.505101305156667,-0.4034941209209163,-0.00013058164172879104,-2.8302709832475186e-05,1.5272991624223695e-06,-0.00012101727166282059,-1.8208426130597977e-05,0.1724642082477312,-6.251037668967473e-05,-9.316306040905446e-06,0.5282236781393019,9.918539489255477e-05,3.070245414104073e-05
48,True,0.4900000000000004,6.239921132662271,False,False,0.0,False,,-0.15,0.0,-0.73304,-0.58496,-0.50477,-0.4000000000000001,0.0,0.0,0.0,0.0,0.0,0.17,0.0,0.0,0.52333,0.0,0.0,-0.15,0.0,-0.73304,-0.58496,-0.50477,-0.4000000000000001,0.0,0.0,0.0,0.0,0.0,0.17,0.0,0.0,0.52333,0.0,0.0,-0.16691465042680223,-0.003825596078453584,-0.7397964219688039,-0.5876181515186324,-0.505105558669409,-0.4034993704938349,-0.00013133725461528294,-2.8635438985282644e-05,1.5483545995584232e-06,-0.00012093854798114536,-1.8411789462400692e-05,0.1724693175919918,-6.22156674976555e-05,-9.403818405260802e-06,0.5282290017378284,0.0001006113253464359,3.1134948857030786e-05
49,True,0.5000000000000003,6.239946114012028,False,False,0.0,False,,-0.15,0.0,-0.73304,-0.58496,-0.50477,-0.4000000000000001,0.0,0.0,0.0,0.0,0.0,0.17,0.0,0.0,0.52333,0.0,0.0,-0.15,0.0,-0.73304,-0.58496,-0.50477,-0.4000000000000001,0.0,0.0,0.0,0.0,0.0,0.17,0.0,0.0,0.52333,0.0,0.0,-0.16691161486080516,-0.0038304255525697948,-0.7398011988513307,-0.5876230538327762,-0.505109730253848,-0.4035045292957996,-0.00013207932663087998,-2.8961896220713486e-05,1.5690563717427553e-06,-0.00012086164178025936,-1.861133999301466e-05,0.17247434105168824,-6.19266651954493e-05,-9.489730205005248e-06,0.5282342316821851,0.00010201065744022255,3.155910846020862e-05
50,True,0.5100000000000003,6.239970675085791,False,False,0.0,False,,-0.15,0.0,-0.73304,-0.58496,-0.50477,-0.4000000000000001,0.0,0.0,0.0,0.0,0.0,0.17,0.0,0.0,0.52333,0.0,0.0,-0.15,0.0,-0.73304,-0.58496,-0.50477,-0.4000000000000001,0.0,0.0,0.0,0.0,0.0,0.17,0.0,0.0,0.52333,0.0,0.0,-0.16690859836001037,-0.003835169741400091,-0.7398058911019916,-0.5876278638517461,-0.5051138214882338,-0.4035095988959376,-0.0001328081040867162,-2.9282200837711474e-05,1.5894104194780347e-06,-0.00012078651757702841,-1.8807150270842754e-05,0.17247928007022117,-6.164326425727902e-05,-9.57407173401268e-06,0.5282393696194236,0.00010338388397220355,3.197509253010506e-05
51,True,0.5200000000000004,6.239994822958672,False,False,0.0,False,,-0.15,0.0,-0.73304,-0.58496,-0.50477,-0.4000000000000001,0.0,0.0,0.0,0.0,0.0,0.17,0.0,0.0,0.52333,0.0,0.0,-0.15,0.0,-0.73304,-0.58496,-0.50477,-0.4000000000000001,0.0,0.0,0.0,0.0,0.0,0.17,0.0,0.0,0.52333,0.0,0.0,-0.16690560080471195,-0.003839830152694007,-0.7398105002198819,-0.5876325833139753,-0.505117833920413,-0.40351458083625374,-0.0001335238287901667,-2.9596469859044968e-05,1.6094225834841262e-06,-0.00012071314054905855,-1.8999291457058194e-05,0.1724841360667347,-6.136536107951575e-05,-9.656872706181078e-06,0.5282444171676327,0.00010473148863122267,3.2383057597322e-05
52,True,0.5300000000000004,6.240018564586529,False,False,0.0,False,,-0.15,0.0,-0.73304,-0.58496,-0.50477,-0.4000000000000001,0.0,0.0,0.0,0.0,0.0,0.17,0.0,0.0,0.52333,0.0,0.0,-0.15,0.0,-0.73304,-0.58496,-0.50477,-0.4000000000000001,0.0,0.0,0.0,0.0,0.0,0.17,0.0,0.0,0.52333,0.0,0.0,-0.1669026220759543,-0.0038444082675347492,-0.739815027677545,-0.5876372139251481,-0.5051217690684136,-0.4035194766320992,-0.00013422673812734233,-2.990481807478201e-05,1.6290986063741582e-06,-0.00012064147652257858,-1.9187833352173138e-05,0.17248891043652406,-6.109285394584414e-05,-9.7381622665758e-06,0.5282493759164484,0.00010605394616493691,3.278315720175068e-05
53,True,0.5400000000000004,6.240041906807916,False,False,0.0,False,,-0.15,0.0,-0.73304,-0.58496,-0.50477,-0.4000000000000001,0.0,0.0,0.0,0.0,0.0,0.17,0.0,0.0,0.52333,0.0,0.0,-0.15,0.0,-0.73304,-0.58496,-0.50477,-0.4000000000000001,0.0,0.0,0.0,0.0,0.0,0.17,0.0,0.0,0.52333,0.0,0.0,-0.16689966205552745,-0.0038489055408108966,-0.7398194749214424,-0.5876417573588179,-0.5051256284210198,-0.4035242877726323,-0.00013491706514407256,-3.020735808493464e-05,1.6484441343024418e-06,-0.00012057149196054387,-1.937284442209811e-05,0.17249360455143625,-6.0825642993057705e-05,-9.817969002358567e-06,0.5282542474275534,0.00010735172254496805,3.31755419496786e-05
54,True,0.5500000000000004,6.240064856346135,False,False,0.0,False,,-0.15,0.0,-0.73304,-0.58496,-0.50477,-0.4000000000000001,0.0,0.0,0.0,0.0,0.0,0.17,0.0,0.0,0.52333,0.0,0.0,-0.15,0.0,-0.73304,-0.58496,-0.50477,-0.4000000000000001,0.0,0.0,0.0,0.0,0.0,0.17,0.0,0.0,0.52333,0.0,0.0,-0.16689672062596247,-0.0038533234016797538,-0.7398238433724154,-0.5876462152570113,-0.5051294134383361,-0.403529015721271,-0.0001355950386254044,-3.050420034128837e-05,1.6674647185846565e-06,-0.00012050315395095712,-1.95543918237021e-05,0.1724982197602642,-6.056363017747332e-05,-9.896320953506254e-06,0.5282590332351697,0.00010862527512900447,3.3560359569806e-05
55,True,0.5600000000000004,6.240087419811089,False,False,0.0,False,,-0.15,0.0,-0.73304,-0.58496,-0.50477,-0.4000000000000001,0.0,0.0,0.0,0.0,0.0,0.17,0.0,0.0,0.52333,0.0,0.0,-0.15,0.0,-0.73304,-0.58496,-0.50477,-0.4000000000000001,0.0,0.0,0.0,0.0,0.0,0.17,0.0,0.0,0.52333,0.0,0.0,-0.16689379767052673,-0.003857663254022515,-0.7398281344261396,-0.5876505892308228,-0.5051331255523389,-0.4035336619161381,-0.00013626088317364403,-3.079545318843244e-05,1.6861658172908942e-06,-0.00012043643019540222,-1.9732541429882885e-05,0.17250275738913415,-6.0306719241953025e-05,-9.973245623323551e-06,0.5282637348465398,0.00010987505281990957,3.393775496819289e-05
56,True,0.5700000000000004,6.2401096037013,False,False,0.0,False,,-0.15,0.0,-0.73304,-0.58496,-0.50477,-0.4000000000000001,0.0,0.0,0.0,0.0,0.0,0.17,0.0,0.0,0.52333,0.0,0.0,-0.15,0.0,-0.73304,-0.58496,-0.50477,-0.4000000000000001,0.0,0.0,0.0,0.0,0.0,0.17,0.0,0.0,0.52333,0.0,0.0,-0.1668908930732195,-0.0038619264768913687,-0.7398323494535705,-0.5876548808609973,-0.5051367661674191,-0.40353822777049836,-0.0001369148192849683,-3.108122290400599e-05,1.7045527968118796e-06,-0.00012037128899778743,-1.9907357854156905e-05,0.17250721874188657,-6.0054815683522704e-05,-1.0048769988753443e-05,0.528268353742403,0.00011110149622189222,3.430787028215705e-05
57,True,0.5800000000000004,6.24013141440575,False,False,0.0,False,,-0.15,0.0,-0.73304,-0.58496,-0.50477,-0.4000000000000001,0.0,0.0,0.0,0.0,0.0,0.17,0.0,0.0,0.52333,0.0,0.0,-0.15,0.0,-0.73304,-0.58496,-0.50477,-0.4000000000000001,0.0,0.0,0.0,0.0,0.0,0.17,0.0,0.0,0.52333,0.0,0.0,-0.16688800671876722,-0.0038661144249486977,-0.739836489801381,-0.5876590916985014,-0.5051403366609122,-0.4035427146731879,-0.00013755706342463223,-3.136161373817537e-05,1.722630933398931e-06,-0.00012030769925329378,-2.0078904474778033e-05,0.1725116051004506,-5.980782672157652e-05,-1.0122920510489392e-05,0.5282728913774603,0.00011230503779379334,3.467084493314293e-05
58,True,0.5900000000000004,6.2401528582056836,False,False,0.0,False,,-0.15,0.0,-0.73304,-0.58496,-0.50477,-0.4000000000000001,0.0,0.0,0.0,0.0,0.0,0.17,0.0,0.0,0.52333,0.0,0.0,-0.15,0.0,-0.73304,-0.58496,-0.50477,-0.4000000000000001,0.0,0.0,0.0,0.0,0.0,0.17,0.0,0.0,0.52333,0.0,0.0,-0.166885138492619,-0.003870228428898507,-0.7398405567923915,-0.5876632232650851,-0.5051438383836213,-0.40354712398903686,-0.00013818782810079812,-3.1636727952357004e-05,1.7404054146780461e-06,-0.00012024563043752544,-2.0247243458394108e-05,0.17251591772521238,-5.956566126665666e-05,-1.0195723142893072e-05,0.5282773491808321,0.00011348610199954186,3.502681567858117e-05
59,True,0.6000000000000004,6.240173941276531,False,False,0.0,False,,-0.15,0.0,-0.73304,-0.58496,-0.50477,-0.4000000000000001,0.0,0.0,0.0,0.0,0.0,0.17,0.0,0.0,0.52333,0.0,0.0,-0.15,0.0,-0.73304,-0.58496,-0.50477,-0.4000000000000001,0.0,0.0,0.0,0.0,0.0,0.17,0.0,0.0,0.52333,0.0,0.0,-0.16688228828094226,-0.003874269795910221,-0.7398445517259928,-0.5876672770538316,-0.5051472726603267,-0.403551457059284,-0.00013880732193701151,-3.1906665857200394e-05,1.7578813411385116e-06,-0.00012018505259585789,-2.0412435783250228e-05,0.17252015785537692,-5.932822988979802e-05,-1.026720334372135e-05,0.5282817285565089,0.00011464510545583251,3.537591666275807e-05
60,True,0.6100000000000004,6.240194669689608,False,False,0.0,False,,-0.15,0.0,-0.73304,-0.58496,-0.50477,-0.4000000000000001,0.0,0.0,0.0,0.0,0.0,0.17,0.0,0.0,0.52333,0.0,0.0,-0.15,0.0,-0.73304,-0.58496,-0.50477,-0.4000000000000001,0.0,0.0,0.0,0.0,0.0,0.17,0.0,0.0,0.52333,0.0,0.0,-0.1668794559706181,-0.0038782398100349843,-0.7398484758785606,-0.5876712545296974,-0.5051506407902878,-0.40355571520198463,-0.00013941574974334927,-3.2171525849845466e-05,1.7750637275965755e-06,-0.00012012593633298052,-2.0574541261947358e-05,0.1725243267093242,-5.909544479242736e-05,-1.0337386083666208e-05,0.5282860308837921,0.00011578245707707637,3.571827946671371e-05
61,True,0.6200000000000004,6.240215049413914,False,False,0.0,False,,-0.15,0.0,-0.73304,-0.58496,-0.50477,-0.4000000000000001,0.0,0.0,0.0,0.0,0.0,0.17,0.0,0.0,0.52333,0.0,0.0,-0.15,0.0,-0.73304,-0.58496,-0.50477,-0.4000000000000001,0.0,0.0,0.0,0.0,0.0,0.17,0.0,0.0,0.52333,0.0,0.0,-0.1668766414492369,-0.003882139732614596,-0.7398523305038635,-0.5876751571300427,-0.5051539440477352,-0.40355989971241124,-0.00014001331258626325,-3.243140445046789e-05,1.791957504634483e-06,-0.00012006825280263014,-2.073361856376494e-05,0.17252842548495895,-5.8867219776807326e-05,-1.040629585571121e-05,0.5282902575177293,0.00011689855821767494,3.605403315718753e-05
62,True,0.6300000000000004,6.240235086317878,False,False,0.0,False,,-0.15,0.0,-0.73304,-0.58496,-0.50477,-0.4000000000000001,0.0,0.0,0.0,0.0,0.0,0.17,0.0,0.0,0.52333,0.0,0.0,-0.15,0.0,-0.73304,-0.58496,-0.50477,-0.4000000000000001,0.0,0.0,0.0,0.0,0.0,0.17,0.0,0.0,0.52333,0.0,0.0,-0.16687384460509389,-0.0038859708026832114,-0.739856116833463,-0.5876789862651506,-0.5051571836823521,-0.4035640118634473,-0.00014060020785714445,-3.268639633812623e-05,1.8085675200153682e-06,-0.00012001197369751179,-2.0889725236555668e-05,0.17253245536005496,-5.8643470217015045e-05,-1.0473956684308016e-05,0.5282944097895397,0.00011799380281166692,3.638330433462931e-05
63,True,0.6400000000000005,6.240254786171001,False,False,0.0,False,,-0.15,0.0,-0.73304,-0.58496,-0.50477,-0.4000000000000001,0.0,0.0,0.0,0.0,0.0,0.17,0.0,0.0,0.52333,0.0,0.0,-0.15,0.0,-0.73304,-0.58496,-0.50477,-0.4000000000000001,0.0,0.0,0.0,0.0,0.0,0.17,0.0,0.0,0.52333,0.0,0.0,-0.16687106532718476,-0.0038897342373619393,-0.739859836077107,-0.5876827433187376,-0.5051603609197474,-0.40356805290597436,-0.0001411766293396302,-3.29365943859241e-05,1.8248985400743747e-06,-0.00011995707123940366,-2.1042917728220813e-05,0.1725364174925932,-5.8424113030445967e-05,-1.0540392134376422e-05,0.5282984890070336,0.00011906857750979623,3.670621718029362e-05
64,True,0.6500000000000005,6.240274154645579,False,False,0.0,False,,-0.15,0.0,-0.73304,-0.58496,-0.50477,-0.4000000000000001,0.0,0.0,0.0,0.0,0.0,0.17,0.0,0.0,0.52333,0.0,0.0,-0.15,0.0,-0.73304,-0.58496,-0.50477,-0.4000000000000001,0.0,0.0,0.0,0.0,0.0,0.17,0.0,0.0,0.52333,0.0,0.0,-0.16686830350520135,-0.0038934312322464544,-0.7398634894231169,-0.5876864296484536,-0.5051634769619197,-0.4035720240692522,-0.0001417427672756782,-3.31820896955005e-05,1.8409552510863879e-06,-0.00011990351816944243,-2.119325140777398e-05,0.1725403130210945,-5.8209066649833274e-05,-1.060562532013134e-05,0.528302496455024,0.0001201232618140489,3.702289350243504e-05
65,True,0.6600000000000005,6.240293197318352,False,False,0.0,False,,-0.15,0.0,-0.73304,-0.58496,-0.50477,-0.4000000000000001,0.0,0.0,0.0,0.0,0.0,0.17,0.0,0.0,0.52333,0.0,0.0,-0.15,0.0,-0.73304,-0.58496,-0.50477,-0.4000000000000001,0.0,0.0,0.0,0.0,0.0,0.17,0.0,0.0,0.52333,0.0,0.0,-0.16686555902952732,-0.0038970629617877577,-0.7398670780387655,-0.5876900465863738,-0.5051665329877117,-0.4035759265612925,-0.00014229880843042938,-3.3422971630861136e-05,1.8567422606108238e-06,-0.00011985128773858609,-2.13407805860013e-05,0.17254414306494645,-5.799825099577355e-05,-1.066967891374e-05,0.5283064333957309,0.0001211582282097056,3.733345278162144e-05
66,True,0.6700000000000005,6.240311919672076,False,False,0.0,False,,-0.15,0.0,-0.73304,-0.58496,-0.50477,-0.4000000000000001,0.0,0.0,0.0,0.0,0.0,0.17,0.0,0.0,0.52333,0.0,0.0,-0.15,0.0,-0.73304,-0.58496,-0.50477,-0.4000000000000001,0.0,0.0,0.0,0.0,0.0,0.17,0.0,0.0,0.52333,0.0,0.0,-0.16686283179123365,-0.003900630579666198,-0.7398706030706514,-0.5876935954394795,-0.5051695301532568,-0.40357976156922637,-0.0001428449361558823,-3.3659327851563346e-05,1.872264098813821e-06,-0.00011980035369825078,-2.148555853572574e-05,0.1725479087247252,-5.779158744974964e-05,-1.0732575153812672e-05,0.5283103010691789,0.00012217384229495565,3.7638012215182114e-05
67,True,0.6800000000000005,6.240330327097107,False,False,0.0,False,,-0.15,0.0,-0.73304,-0.58496,-0.50477,-0.4000000000000001,0.0,0.0,0.0,0.0,0.0,0.17,0.0,0.0,0.52333,0.0,0.0,-0.15,0.0,-0.73304,-0.58496,-0.50477,-0.4000000000000001,0.0,0.0,0.0,0.0,0.0,0.17,0.0,0.0,0.52333,0.0,0.0,-0.16686012168207454,-0.0039041352191588777,-0.7398740656450644,-0.5876970774901314,-0.5051724695924164,-0.4035835302596649,-0.00014338133045340036,-3.389124434526694e-05,1.8875252197682013e-06,-0.00011975069029111856,-2.1627637511683094e-05,0.1725516110825113,-5.758899882764161e-05,-1.0794335853730112e-05,0.5283141006935865,0.00012317046290811755,3.7936686760807325e-05
68,True,0.6900000000000005,6.240348424893028,False,False,0.0,False,,-0.15,0.0,-0.73304,-0.58496,-0.50477,-0.4000000000000001,0.0,0.0,0.0,0.0,0.0,0.17,0.0,0.0,0.52333,0.0,0.0,-0.15,0.0,-0.73304,-0.58496,-0.50477,-0.4000000000000001,0.0,0.0,0.0,0.0,0.0,0.17,0.0,0.0,0.52333,0.0,0.0,-0.1668574285944831,-0.003907577993500561,-0.7398774668683451,-0.5877004939965333,-0.5051753524172083,-0.40358723377905426,-0.0001439081680350738,-3.411880545966313e-05,1.9025300027316308e-06,-0.00011970227224211306,-2.176706877001716e-05,0.1725552512022007,-5.7390409353717025e-05,-1.0854982409810858e-05,0.5283178334657507,0.00012414844225251012,3.8229589179315405e-05
69,True,0.7000000000000005,6.240366218270126,False,False,0.0,False,,-0.15,0.0,-0.73304,-0.58496,-0.50477,-0.4000000000000001,0.0,0.0,0.0,0.0,0.0,0.17,0.0,0.0,0.52333,0.0,0.0,-0.15,0.0,-0.73304,-0.58496,-0.50477,-0.4000000000000001,0.0,0.0,0.0,0.0,0.0,0.17,0.0,0.0,0.52333,0.0,0.0,-0.16685475242156717,-0.003910959996238193,-0.7398808078272388,-0.5877038461931873,-0.5051781797182291,-0.40359087325402376,-0.00014442562238395687,-3.4342093933793385e-05,1.9172827534032947e-06,-0.00011965507474953975,-2.190390258740137e-05,0.1725588301298102,-5.719574463509198e-05,-1.091453580932146e-05,0.5283215005614229,0.00012510812601901802,3.8516830076603334e-05
70,True,0.7100000000000005,6.240383712350886,False,False,0.0,False,,-0.15,0.0,-0.73304,-0.58496,-0.50477,-0.4000000000000001,0.0,0.0,0.0,0.0,0.0,0.17,0.0,0.0,0.52333,0.0,0.0,-0.15,0.0,-0.73304,-0.58496,-0.50477,-0.4000000000000001,0.0,0.0,0.0,0.0,0.0,0.17,0.0,0.0,0.52333,0.0,0.0,-0.166852093057105,-0.003914282301579156,-0.7398840895892417,-0.5877071352913397,-0.5051809525650648,-0.40359444979172876,-0.0001449338638132013,-3.4561190928769915e-05,1.931787705159432e-06,-0.00011960907347638799,-2.203818827979401e-05,0.172562348893778,-5.700493163665411e-05,-1.0973016638332664e-05,0.5283251031356796,0.00012604985350639342,3.879851794479638e-05
71,True,0.7200000000000005,6.240400912171504,False,False,0.0,False,,-0.15,0.0,-0.73304,-0.58496,-0.50477,-0.4000000000000001,0.0,0.0,0.0,0.0,0.0,0.17,0.0,0.0,0.52333,0.0,0.0,-0.15,0.0,-0.73304,-0.58496,-0.50477,-0.4000000000000001,0.0,0.0,0.0,0.0,0.0,0.17,0.0,0.0,0.52333,0.0,0.0,-0.16684945039554103,-0.00391754596473335,-0.739887313202943,-0.5877103624794201,-0.5051836720066971,-0.40359796448018703,-0.00014543305952410598,-3.477617605790916e-05,1.9460490202681817e-06,-0.00011956424454179209,-2.2169974220834054e-05,0.17256580850525913,-5.6817898656439467e-05,-1.103044508942454e-05,0.5283286423232854,0.00012697395773933663,3.907475920261215e-05
72,True,0.7300000000000005,6.240417822683418,False,False,0.0,False,,-0.15,0.0,-0.73304,-0.58496,-0.50477,-0.4000000000000001,0.0,0.0,0.0,0.0,0.0,0.17,0.0,0.0,0.52333,0.0,0.0,-0.15,0.0,-0.73304,-0.58496,-0.50477,-0.4000000000000001,0.0,0.0,0.0,0.0,0.0,0.17,0.0,0.0,0.52333,0.0,0.0,-0.16684682433198197,-0.003920752022249245,-0.7398904796983586,-0.5877135289234704,-0.5051863390718997,-0.4036014183886098,-0.00014592337366310282,-3.498712741628955e-05,1.9600707910839754e-06,-0.00011952056451264787,-2.2299307859884586e-05,0.17256920995841576,-5.6634575301454994e-05,-1.1086840969243393e-05,0.5283321192390502,0.00012788076558439582,3.934565823495391e-05
73,True,0.7400000000000005,6.24043444875455,False,False,0.0,False,,-0.15,0.0,-0.73304,-0.58496,-0.50477,-0.4000000000000001,0.0,0.0,0.0,0.0,0.0,0.17,0.0,0.0,0.52333,0.0,0.0,-0.15,0.0,-0.73304,-0.58496,-0.50477,-0.4000000000000001,0.0,0.0,0.0,0.0,0.0,0.17,0.0,0.0,0.52333,0.0,0.0,-0.16684421476219244,-0.003923901492343964,-0.7398935900872611,-0.5877166357675667,-0.5051889547696277,-0.40360481256772646,-0.0001464049673776984,-3.5194121609744554e-05,1.9738570412218915e-06,-0.00011947801039538274,-2.2426235739730432e-05,0.17257255423070286,-5.645489246393852e-05,-1.1142223705913397e-05,0.5283355349781802,0.00012877059786372676,3.961131743174808e-05
74,True,0.7500000000000006,6.240450795170885,False,False,0.0,False,,-0.15,0.0,-0.73304,-0.58496,-0.50477,-0.4000000000000001,0.0,0.0,0.0,0.0,0.0,0.17,0.0,0.0,0.52333,0.0,0.0,-0.15,0.0,-0.73304,-0.58496,-0.50477,-0.4000000000000001,0.0,0.0,0.0,0.0,0.0,0.17,0.0,0.0,0.52333,0.0,0.0,-0.16684162158259092,-0.003926995375227539,-0.7398966453635022,-0.5877196841342337,-0.5051915200893993,-0.40360814805010437,-0.00014687799887139034,-3.5397233783301725e-05,1.9874117267122562e-06,-0.00011943655962787576,-2.255080351393673e-05,0.17257584228314896,-5.627878229804826e-05,-1.1196612356305663e-05,0.5283388906166228,0.00012964376946675158,3.9871837226040135e-05
75,True,0.7600000000000006,6.240466866637805,False,False,0.0,False,,-0.15,0.0,-0.73304,-0.58496,-0.50477,-0.4000000000000001,0.0,0.0,0.0,0.0,0.0,0.17,0.0,0.0,0.52333,0.0,0.0,-0.15,0.0,-0.73304,-0.58496,-0.50477,-0.4000000000000001,0.0,0.0,0.0,0.0,0.0,0.17,0.0,0.0,0.52333,0.0,0.0,-0.16683904469024577,-0.003930034653421436,-0.7398996465033303,-0.5877226751248497,-0.5051940360016703,-0.4036114258504625,-0.0001473426234575771,-3.559653764907841e-05,2.0007387371358713e-06,-0.00011939619007152531,-2.2673055963874852e-05,0.17257907506063208,-5.610617819697431e-05,-1.1250025613167551e-05,0.5283421872114048,0.00013050058945975567,4.012731613136326e-05
76,True,0.7700000000000006,6.240482667781435,False,False,0.0,False,,-0.15,0.0,-0.73304,-0.58496,-0.50477,-0.4000000000000001,0.0,0.0,0.0,0.0,0.0,0.17,0.0,0.0,0.52333,0.0,0.0,-0.15,0.0,-0.73304,-0.58496,-0.50477,-0.4000000000000001,0.0,0.0,0.0,0.0,0.0,0.17,0.0,0.0,0.52333,0.0,0.0,-0.16683648398287104,-0.003933020292071432,-0.7399025944657023,-0.5877256098200457,-0.5051965034582019,-0.40361464696598015,-0.00014779899361248047,-3.5792105513644526e-05,2.0138418967401887e-06,-0.00011935688000346163,-2.2793037015422195e-05,0.17258225349215134,-5.593701477046424e-05,-1.1302481812114861e-05,0.5283454258009657,0.00013134136119346065,4.037785077839344e-05
77,True,0.7800000000000006,6.24049820314994,False,False,0.0,False,,-0.15,0.0,-0.73304,-0.58496,-0.50477,-0.4000000000000001,0.0,0.0,0.0,0.0,0.0,0.17,0.0,0.0,0.52333,0.0,0.0,-0.15,0.0,-0.73304,-0.58496,-0.50477,-0.4000000000000001,0.0,0.0,0.0,0.0,0.0,0.17,0.0,0.0,0.52333,0.0,0.0,-0.1668339393588225,-0.003935953239254972,-0.7399054901925899,-0.5877284892800964,-0.5051989233924193,-0.4036178123765999,-0.00014824725902709738,-3.598400830486246e-05,2.026724965536684e-06,-0.00011931860810890161,-2.291078975534187e-05,0.17258537849109362,-5.5771227822755444e-05,-1.1353998938489574e-05,0.5283486074054838,0.0001321663824086109,4.0623535950904866e-05
78,True,0.7900000000000006,6.240513477214955,False,False,0.0,False,,-0.15,0.0,-0.73304,-0.58496,-0.50477,-0.4000000000000001,0.0,0.0,0.0,0.0,0.0,0.17,0.0,0.0,0.52333,0.0,0.0,-0.15,0.0,-0.73304,-0.58496,-0.50477,-0.4000000000000001,0.0,0.0,0.0,0.0,0.0,0.17,0.0,0.0,0.52333,0.0,0.0,-0.16683141071709365,-0.003938834426283072,-0.7399083346092807,-0.5877313145453028,-0.5052012967197669,-0.40362092304532576,-0.0001486875666582004,-3.6172315598214234e-05,2.039391640379857e-06,-0.00011928135347364318,-2.302635644734865e-05,0.17258845095549602,-5.560875433090685e-05,-1.1404594634085714e-05,0.5283517330271982,0.00013297594533961013,4.086446462103873e-05
79,True,0.8000000000000006,6.240528494372778,False,False,0.0,False,,-0.15,0.0,-0.73304,-0.58496,-0.50477,-0.4000000000000001,0.0,0.0,0.0,0.0,0.0,0.17,0.0,0.0,0.52333,0.0,0.0,-0.15,0.0,-0.73304,-0.58496,-0.50477,-0.4000000000000001,0.0,0.0,0.0,0.0,0.0,0.17,0.0,0.0,0.52333,0.0,0.0,-0.1668288979573117,-0.003941664767996896,-0.7399111286246732,-0.5877340866363691,-0.5052036243380527,-0.4036239799185158,-0.00014912006077840302,-3.6357095642625646e-05,2.051845556028076e-06,-0.00011924509557669668,-2.3139778547867048e-05,0.17259147176830378,-5.5449532423522795e-05,-1.1454286203745884e-05,0.5283548036507231,0.0001337703368162442,4.110072798389877e-05
80,True,0.8100000000000006,6.240543258945684,False,False,0.0,False,,-0.15,0.0,-0.73304,-0.58496,-0.50477,-0.4000000000000001,0.0,0.0,0.0,0.0,0.0,0.17,0.0,0.0,0.52333,0.0,0.0,-0.15,0.0,-0.73304,-0.58496,-0.50477,-0.4000000000000001,0.0,0.0,0.0,0.0,0.0,0.17,0.0,0.0,0.52333,0.0,0.0,-0.16682640097973359,-0.003944445163059083,-0.7399138731315673,-0.5877368065547717,-0.5052059071277897,-0.4036269839261698,-0.00014954488302530797,-3.6538415385797e-05,2.0640902861866212e-06,-0.00011920981428305098,-2.3251096721487476e-05,0.1725944417976239,-5.529350135986192e-05,-1.1503090621830928e-05,0.5283578202433588,0.0001345498383635254,4.133241549148622e-05
81,True,0.8200000000000006,6.240557775183135,False,False,0.0,False,,-0.15,0.0,-0.73304,-0.58496,-0.50477,-0.4000000000000001,0.0,0.0,0.0,0.0,0.0,0.17,0.0,0.0,0.52333,0.0,0.0,-0.15,0.0,-0.73304,-0.58496,-0.50477,-0.4000000000000001,0.0,0.0,0.0,0.0,0.0,0.17,0.0,0.0,0.52333,0.0,0.0,-0.16682391968524216,-0.003947176494239912,-0.7399165690069497,-0.5877394752831218,-0.5052081459525283,-0.40362993598221225,-0.00014996217244975468,-3.671634049904991e-05,2.0761293445331577e-06,-0.00011917548983657162,-2.336035085612625e-05,0.1725973618969744,-5.514060150932419e-05,-1.1551024538565207e-05,0.5283607837553955,0.00013531472629969287,4.15596148859869e-05
82,True,0.8300000000000006,6.240572047263047,False,False,0.0,False,,-0.15,0.0,-0.73304,-0.58496,-0.50477,-0.4000000000000001,0.0,0.0,0.0,0.0,0.0,0.17,0.0,0.0,0.52333,0.0,0.0,-0.15,0.0,-0.73304,-0.58496,-0.50477,-0.4000000000000001,0.0,0.0,0.0,0.0,0.0,0.17,0.0,0.0,0.52333,0.0,0.0,-0.16682145397534212,-0.003949859628698418,-0.7399192171122735,-0.5877420937855201,-0.5052103416591832,-0.4036328369847699,-0.00015037206556318248,-3.689093540169936e-05,2.0879661857260697e-06,-0.00011914210285302867,-2.3467580077895153e-05,0.17260023290552962,-5.499077433130912e-05,-1.1598104286259856e-05,0.5283636951204129,0.00013606527183240342,4.178241223242284e-05
83,True,0.8400000000000006,6.240586079293023,False,False,0.0,False,,-0.15,0.0,-0.73304,-0.58496,-0.50477,-0.4000000000000001,0.0,0.0,0.0,0.0,0.0,0.17,0.0,0.0,0.52333,0.0,0.0,-0.15,0.0,-0.73304,-0.58496,-0.50477,-0.4000000000000001,0.0,0.0,0.0,0.0,0.0,0.17,0.0,0.0,0.52333,0.0,0.0,-0.16681900375215625,-0.003952495418258521,-0.7399218182937336,-0.5877446630079062,-0.5052124950783539,-0.4036356878164453,-0.00015077469638412596,-3.706226328496019e-05,2.0996042063957922e-06,-0.00011910963431325202,-2.357282276568608e-05,0.17260305564836126,-5.4843962355438594e-05,-1.1644345885416343e-05,0.5283665552555732,0.0001368017411531456,4.2000891950680386e-05
84,True,0.8500000000000006,6.2405998753114345,False,False,0.0,False,,-0.15,0.0,-0.73304,-0.58496,-0.50477,-0.4000000000000001,0.0,0.0,0.0,0.0,0.0,0.17,0.0,0.0,0.52333,0.0,0.0,-0.15,0.0,-0.73304,-0.58496,-0.50477,-0.4000000000000001,0.0,0.0,0.0,0.0,0.0,0.17,0.0,0.0,0.52333,0.0,0.0,-0.16681656891842148,-0.003955084699680288,-0.7399243733825371,-0.5877471838784,-0.5052146070246385,-0.4036384893445845,-0.00015117019648385835,-3.72303861353967e-05,2.111046746119484e-06,-0.0001190780655564116,-2.3676116565476233e-05,0.17260583093667528,-5.470010916213756e-05,-1.1689765050712703e-05,0.5283693650619105,0.00013752439552991086,4.2215136846926926e-05
85,True,0.8600000000000007,6.240613439288753,False,False,0.0,False,,-0.15,0.0,-0.73304,-0.58496,-0.50477,-0.4000000000000001,0.0,0.0,0.0,0.0,0.0,0.17,0.0,0.0,0.52333,0.0,0.0,-0.15,0.0,-0.73304,-0.58496,-0.50477,-0.4000000000000001,0.0,0.0,0.0,0.0,0.0,0.17,0.0,0.0,0.52333,0.0,0.0,-0.1668141493774851,-0.003957628294926375,-0.7399268831951684,-0.587749657307638,-0.5052166782969432,-0.40364124242154115,-0.00015155869503119838,-3.739536475792443e-05,2.122297088379377e-06,-0.00011904737827342045,-2.377749840435927e-05,0.172608559568045,-5.455915936356629e-05,-1.1734377196874629e-05,0.5283721254246143,0.00013823349139815264,4.242522814442776e-05
86,True,0.8700000000000007,6.24062677512848,False,False,0.0,False,,-0.15,0.0,-0.73304,-0.58496,-0.50477,-0.4000000000000001,0.0,0.0,0.0,0.0,0.0,0.17,0.0,0.0,0.52333,0.0,0.0,-0.15,0.0,-0.73304,-0.58496,-0.50477,-0.4000000000000001,0.0,0.0,0.0,0.0,0.0,0.17,0.0,0.0,0.52333,0.0,0.0,-0.16681174503330087,-0.003960127011423774,-0.7399293485336501,-0.5877520841891027,-0.5052187096787832,-0.40364394788493546,-0.0001519403188364962,-3.755725879837231e-05,2.1333584615050097e-06,-0.0001190175545004583,-2.3877004504307584e-05,0.1726112423266401,-5.442105858489766e-05,-1.1778197444433675e-05,0.5283748372133082,0.00013892928045006623,4.2631245513774565e-05
87,True,0.8800000000000007,6.240639886668494,False,False,0.0,False,,-0.15,0.0,-0.73304,-0.58496,-0.50477,-0.4000000000000001,0.0,0.0,0.0,0.0,0.0,0.17,0.0,0.0,0.52333,0.0,0.0,-0.15,0.0,-0.73304,-0.58496,-0.50477,-0.4000000000000001,0.0,0.0,0.0,0.0,0.0,0.17,0.0,0.0,0.52333,0.0,0.0,-0.16680935579042538,-0.003962581642320921,-0.7399317701857995,-0.5877544653994453,-0.50522070193858,-0.40364660655790907,-0.00015231519239481306,-3.771612676561389e-05,2.144234039599629e-06,-0.00011898857661261339,-2.3974670395670917e-05,0.1726138799834519,-5.428575344593338e-05,-1.1821240625374744e-05,0.5283775012823231,0.00013961200972221956,4.2833267102536826e-05
88,True,0.8900000000000007,6.240652777682025,False,False,0.0,False,,-0.15,0.0,-0.73304,-0.58496,-0.50477,-0.4000000000000001,0.0,0.0,0.0,0.0,0.0,0.17,0.0,0.0,0.52333,0.0,0.0,-0.15,0.0,-0.73304,-0.58496,-0.50477,-0.4000000000000001,0.0,0.0,0.0,0.0,0.0,0.17,0.0,0.0,0.52333,0.0,0.0,-0.1668069815540141,-0.0039649929667402535,-0.7399341489254796,-0.5877568017988029,-0.5052226558299517,-0.40364921924937514,-0.00015268343792831,-3.787202605327566e-05,2.1549269434510145e-06,-0.00011896042731764058,-2.407053093041635e-05,0.1726164732965149,-5.415319154305295e-05,-1.1863521288674973e-05,0.5283801184709664,0.0001402819216815658,4.3031369564347056e-05
89,True,0.9000000000000007,6.240665451878762,False,False,0.0,False,,-0.15,0.0,-0.73304,-0.58496,-0.50477,-0.4000000000000001,0.0,0.0,0.0,0.0,0.0,0.17,0.0,0.0,0.52333,0.0,0.0,-0.15,0.0,-0.73304,-0.58496,-0.50477,-0.4000000000000001,0.0,0.0,0.0,0.0,0.0,0.17,0.0,0.0,0.52333,0.0,0.0,-0.1668046222298178,-0.003967361750026311,-0.7399364855128466,-0.5877590942311096,-0.5052245720919993,-0.4036517867542642,-0.0001530451754278594,-3.8025012961030675e-05,2.1654402414270344e-06,-0.00011893308964983341,-2.416462029511462e-05,0.17261902301112433,-5.4023321431489275e-05,-1.1905053705736105e-05,0.5283826896037865,0.00014093925430986763,4.322562808743077e-05
90,True,0.9100000000000007,6.240677912905974,False,False,0.0,False,,-0.15,0.0,-0.73304,-0.58496,-0.50477,-0.4000000000000001,0.0,0.0,0.0,0.0,0.0,0.17,0.0,0.0,0.52333,0.0,0.0,-0.15,0.0,-0.73304,-0.58496,-0.50477,-0.4000000000000001,0.0,0.0,0.0,0.0,0.0,0.17,0.0,0.0,0.52333,0.0,0.0,-0.16680227772417866,-0.003969688743989433,-0.739938780694593,-0.5877613435244025,-0.5052264514495847,-0.4036543098537662,-0.00015340052269389448,-3.817514271548539e-05,2.1757769503561655e-06,-0.00011890654696400823,-2.425697202367764e-05,0.17262152986005058,-5.389609260792523e-05,-1.1945851875712425e-05,0.5283852154908316,0.00014158424118656233,4.3416116422591754e-05
91,True,0.9200000000000007,6.240690164349514,False,False,0.0,False,,-0.15,0.0,-0.73304,-0.58496,-0.50477,-0.4000000000000001,0.0,0.0,0.0,0.0,0.0,0.17,0.0,0.0,0.52333,0.0,0.0,-0.15,0.0,-0.73304,-0.58496,-0.50477,-0.4000000000000001,0.0,0.0,0.0,0.0,0.0,0.17,0.0,0.0,0.52333,0.0,0.0,-0.16679994794402672,-0.003971974687145157,-0.7399410352041847,-0.5877635504911196,-0.5052282946136059,-0.40365678931556764,-0.00015374959537650985,-3.8322469490667416e-05,2.1859400363931534e-06,-0.00011888078292959808,-2.434761900985194e-05,0.17262399456374927,-5.3771455493405164e-05,-1.198592953073623e-05,0.5283876969279053,0.0001422171115700964,4.360290691066299e-05
92,True,0.9300000000000007,6.240702209734871,False,False,0.0,False,,-0.15,0.0,-0.73304,-0.58496,-0.50477,-0.4000000000000001,0.0,0.0,0.0,0.0,0.0,0.17,0.0,0.0,0.52333,0.0,0.0,-0.15,0.0,-0.73304,-0.58496,-0.50477,-0.4000000000000001,0.0,0.0,0.0,0.0,0.0,0.17,0.0,0.0,0.52333,0.0,0.0,-0.16679763279687615,-0.003974220304949375,-0.7399432497620977,-0.5877657159283953,-0.5052301022812661,-0.4036592258940851,-0.0001540925070148276,-3.846704642812185e-05,2.1959324158702035e-06,-0.0001188557815248548,-2.4436593519472804e-05,0.17262641783056845,-5.3649361416555714e-05,-1.202530014104282e-05,0.5283901346968171,0.00014283809047775848,4.378607050943352e-05
93,True,0.9400000000000007,6.2407140525281655,False,False,0.0,False,,-0.15,0.0,-0.73304,-0.58496,-0.50477,-0.4000000000000001,0.0,0.0,0.0,0.0,0.0,0.17,0.0,0.0,0.52333,0.0,0.0,-0.15,0.0,-0.73304,-0.58496,-0.50477,-0.4000000000000001,0.0,0.0,0.0,0.0,0.0,0.17,0.0,0.0,0.52333,0.0,0.0,-0.16679533219082157,-0.003976426310029335,-0.7399454250760454,-0.5877678406183475,-0.5052318751363374,-0.4036616203306946,-0.00015442936907564158,-3.860892565662374e-05,2.2057569561338573e-06,-0.00011883152703115677,-2.4523927202483573e-05,0.17262880035695194,-5.352976259711039e-05,-1.2063976919996966e-05,0.5283925295656279,0.00014344739876403763,4.3965676820061235e-05
94,True,0.9500000000000007,6.240725696137226,False,False,0.0,False,,-0.15,0.0,-0.73304,-0.58496,-0.50477,-0.4000000000000001,0.0,0.0,0.0,0.0,0.0,0.17,0.0,0.0,0.52333,0.0,0.0,-0.15,0.0,-0.73304,-0.58496,-0.50477,-0.4000000000000001,0.0,0.0,0.0,0.0,0.0,0.17,0.0,0.0,0.52333,0.0,0.0,-0.1667930460345345,-0.003978593402410548,-0.739947561841207,-0.5877699253283613,-0.5052336138494193,-0.403663973353957,-0.00015476029099135405,-3.874815831151392e-05,2.2154164763678186e-06,-0.000118808004027421,-2.460965110472472e-05,0.1726311428276395,-5.341261212973236e-05,-1.2101972829022703e-05,0.5283948822888921,0.00014404525319753472,4.414179411298129e-05
95,True,0.9600000000000007,6.240737143912475,False,False,0.0,False,,-0.15,0.0,-0.73304,-0.58496,-0.50477,-0.4000000000000001,0.0,0.0,0.0,0.0,0.0,0.17,0.0,0.0,0.52333,0.0,0.0,-0.15,0.0,-0.73304,-0.58496,-0.50477,-0.4000000000000001,0.0,0.0,0.0,0.0,0.0,0.17,0.0,0.0,0.52333,0.0,0.0,-0.1667907742372596,-0.003980722269739697,-0.7399496607404479,-0.5877719708113656,-0.505235319078193,-0.40366628567983953,-0.0001550853801972168,-3.88847945536654e-05,2.224913748401929e-06,-0.000118785197384617,-2.4693795679497024e-05,0.1726334459158634,-5.3297863968130126e-05,-1.213930058243835e-05,0.5283971936078954,0.00014463186653645345,4.431448935332e-05
96,True,0.9700000000000008,6.240748399147951,False,False,0.0,False,,-0.15,0.0,-0.73304,-0.58496,-0.50477,-0.4000000000000001,0.0,0.0,0.0,0.0,0.0,0.17,0.0,0.0,0.52333,0.0,0.0,-0.15,0.0,-0.73304,-0.58496,-0.50477,-0.4000000000000001,0.0,0.0,0.0,0.0,0.0,0.17,0.0,0.0,0.52333,0.0,0.0,-0.16678851670881126,-0.0039828135875035805,-0.7399517224445384,-0.5877739778061067,-0.5052369914676696,-0.40366855801193363,-0.00015540474216789012,-3.90188835880875e-05,2.2342514975075685e-06,-0.00011876309226038126,-2.477639079890322e-05,0.17263571028354197,-5.3185472909460676e-05,-1.2175972652198564e-05,0.5283994642508874,0.0001452074476026969,4.4483828225823394e-05
97,True,0.9800000000000008,6.2407594650822755,False,False,0.0,False,,-0.15,0.0,-0.73304,-0.58496,-0.50477,-0.4000000000000001,0.0,0.0,0.0,0.0,0.0,0.17,0.0,0.0,0.52333,0.0,0.0,-0.15,0.0,-0.73304,-0.58496,-0.50477,-0.4000000000000001,0.0,0.0,0.0,0.0,0.0,0.17,0.0,0.0,0.52333,0.0,0.0,-0.1667862733595699,-0.003984868019244202,-0.7399537476123683,-0.5877759470374146,-0.5052386316504345,-0.40367079104166836,-0.00015571848045333172,-3.915047368217453e-05,2.243432403179723e-06,-0.00011874167409372998,-2.485746576497238e-05,0.17263793658146942,-5.307539457901505e-05,-1.2212001272545203e-05,0.5284016949333115,0.0001457722013545963,4.464987515930994e-05
98,True,0.9900000000000008,6.240770344899495,False,False,0.0,False,,-0.15,0.0,-0.73304,-0.58496,-0.50477,-0.4000000000000001,0.0,0.0,0.0,0.0,0.0,0.17,0.0,0.0,0.52333,0.0,0.0,-0.15,0.0,-0.73304,-0.58496,-0.50477,-0.4000000000000001,0.0,0.0,0.0,0.0,0.0,0.17,0.0,0.0,0.52333,0.0,0.0,-0.1667840441004785,-0.003986886216770047,-0.7399557368911565,-0.5877778792164653,-0.5052402402468867,-0.40367298544852126,-0.00015602669671402797,-3.9279612183605784e-05,2.2524590999058602e-06,-0.00011872092859986851,-2.493704932057113e-05,0.17264012544950316,-5.296758541518108e-05,-1.2247398444568773e-05,0.5284038863580297,0.00014632632895829608,4.481269335065634e-05
99,True,1.0000000000000007,6.240781041730143,False,False,0.0,False,,-0.15,0.0,-0.73304,-0.58496,-0.50477,-0.4000000000000001,0.0,0.0,0.0,0.0,0.0,0.17,0.0,0.0,0.52333,0.0,0.0,-0.15,0.0,-0.73304,-0.58496,-0.50477,-0.4000000000000001,0.0,0.0,0.0,0.0,0.0,0.17,0.0,0.0,0.52333,0.0,0.0,-0.1667818288430391,-0.003988868820363622,-0.7399576909166585,-0.5877797750410381,-0.505241817865474,-0.4036751419002244,-0.0001563294907555798,-3.940634553790373e-05,2.2613341779219505e-06,-0.00011870084176509574,-2.5015169660105873e-05,0.17264227751674724,-5.286200265467844e-05,-1.2282175940682178e-05,0.5284060392155439,0.0001468700278578208,4.497234478832534e-05
100,True,1.0100000000000007,6.240791558652001,False,False,0.0,False,,-0.15,0.0,-0.73304,-0.58496,-0.50477,-0.4000000000000001,0.0,0.0,0.0,0.0,0.0,0.17,0.0,0.0,0.52333,0.0,0.0,-0.15,0.0,-0.73304,-0.58496,-0.50477,-0.4000000000000001,0.0,0.0,0.0,0.0,0.0,0.17,0.0,0.0,0.52333,0.0,0.0,-0.16677962749930925,-0.003990816458985323,-0.7399596103133689,-0.5877816351957679,-0.5052433651029226,-0.40367726105296764,-0.00015662696056265463,-3.95307193056566e-05,2.2700601839557473e-06,-0.0001186813998418014,-2.509185444001993e-05,0.17264439340173338,-5.2758604318060876e-05,-1.2316345309008438e-05,0.5284081541842134,0.00014740349184384812,4.512889027544451e-05
101,True,1.0200000000000007,6.240801898691099,False,False,0.0,False,,-0.15,0.0,-0.73304,-0.58496,-0.50477,-0.4000000000000001,0.0,0.0,0.0,0.0,0.0,0.17,0.0,0.0,0.52333,0.0,0.0,-0.15,0.0,-0.73304,-0.58496,-0.50477,-0.4000000000000001,0.0,0.0,0.0,0.0,0.0,0.17,0.0,0.0,0.52333,0.0,0.0,-0.16677743998189856,-0.003992729750473697,-0.739961495694721,-0.5877834603523932,-0.5052448825444631,-0.4036793435515983,-0.00015691920233231634,-3.9652778179412014e-05,2.278639621957603e-06,-0.00011866258934355525,-2.5167130789089592e-05,0.17264647371259834,-5.265734919548102e-05,-1.2349917877684052e-05,0.5284102319304684,0.0001479269111212117,4.5282389452444175e-05
102,True,1.0300000000000007,6.240812064822514,False,False,0.0,False,,-0.15,0.0,-0.73304,-0.58496,-0.50477,-0.4000000000000001,0.0,0.0,0.0,0.0,0.0,0.17,0.0,0.0,0.52333,0.0,0.0,-0.15,0.0,-0.73304,-0.58496,-0.50477,-0.4000000000000001,0.0,0.0,0.0,0.0,0.0,0.17,0.0,0.0,0.52333,0.0,0.0,-0.16677526620396524,-0.003994609301742162,-0.739963347663283,-0.5877852511699984,-0.5052463707640521,-0.40368139002981673,-0.00015720631050674451,-3.977256600024798e-05,2.287074953818994e-06,-0.00011864439704028563,-2.5241025318522945e-05,0.17264851904725884,-5.255819683271285e-05,-1.2382904759079628e-05,0.5284122731090194,0.00014844047237515747,4.5432900819263335e-05
103,True,1.0400000000000007,6.240822059971271,False,False,0.0,False,,-0.15,0.0,-0.73304,-0.58496,-0.50477,-0.4000000000000001,0.0,0.0,0.0,0.0,0.0,0.17,0.0,0.0,0.52333,0.0,0.0,-0.15,0.0,-0.73304,-0.58496,-0.50477,-0.4000000000000001,0.0,0.0,0.0,0.0,0.0,0.17,0.0,0.0,0.52333,0.0,0.0,-0.1667731060792126,-0.003996455708972252,-0.7399651668109501,-0.5877870082952525,-0.5052478303245895,-0.4036834011103694,-0.0001574883778053539,-3.989012577402718e-05,2.2953686000789834e-06,-0.00011862680995354642,-2.531356413186519e-05,0.1726505299935832,-5.246110751742727e-05,-1.241531685393935e-05,0.5284142783630635,0.0001489443588363759,4.5580481757131455e-05
104,True,1.0500000000000007,6.24083188701314,False,False,0.0,False,,-0.15,0.0,-0.73304,-0.58496,-0.50477,-0.4000000000000001,0.0,0.0,0.0,0.0,0.0,0.17,0.0,0.0,0.52333,0.0,0.0,-0.15,0.0,-0.73304,-0.58496,-0.50477,-0.4000000000000001,0.0,0.0,0.0,0.0,0.0,0.17,0.0,0.0,0.52333,0.0,0.0,-0.1667709595218858,-0.003998269557803432,-0.7399669537191336,-0.5877887323626435,-0.5052492617781311,-0.40368537740523824,-0.00015776549525632584,-4.000549968734085e-05,2.3035229406188476e-06,-0.00011860981535187054,-2.538477283471421e-05,0.17265250712956018,-5.236604226571611e-05,-1.2447164855440874e-05,0.5284162483244873,0.00014943875034483393,4.5725188549934516e-05
105,True,1.0600000000000007,6.240841548775524,False,False,0.0,False,,-0.15,0.0,-0.73304,-0.58496,-0.50477,-0.4000000000000001,0.0,0.0,0.0,0.0,0.0,0.17,0.0,0.0,0.52333,0.0,0.0,-0.15,0.0,-0.73304,-0.58496,-0.50477,-0.4000000000000001,0.0,0.0,0.0,0.0,0.0,0.17,0.0,0.0,0.52333,0.0,0.0,-0.1667688264467683,-0.004000051423519563,-0.7399687089589465,-0.5877904239947067,-0.5052506656660977,-0.4036873195158265,-0.0001580377522275614,-4.0118729123148e-05,2.311540315344975e-06,-0.00011859340074620828,-2.5454676544250015e-05,0.17265445102346502,-5.227296280886012e-05,-1.247845925317715e-05,0.5284181836140649,0.00014992382341242735,4.586707640517305e-05
106,True,1.0700000000000007,6.240851048038232,False,False,0.0,False,,-0.15,0.0,-0.73304,-0.58496,-0.50477,-0.4000000000000001,0.0,0.0,0.0,0.0,0.0,0.17,0.0,0.0,0.52333,0.0,0.0,-0.15,0.0,-0.73304,-0.58496,-0.50477,-0.4000000000000001,0.0,0.0,0.0,0.0,0.0,0.17,0.0,0.0,0.52333,0.0,0.0,-0.1667667067691785,-0.004001801871232071,-0.7399704330913862,-0.5877920838022511,-0.5052520425194801,-0.40368922803314145,-0.0001583052364570678,-4.0229854676115935e-05,2.3194230248603244e-06,-0.00011857755388544928,-2.552329989858162e-05,0.17265636223402278,-5.2181831580336655e-05,-1.2509210337061712e-05,0.528420084841654,0.0001503997512844766,4.600619947452008e-05
107,True,1.0800000000000007,6.240860387534317,False,False,0.0,False,,-0.15,0.0,-0.73304,-0.58496,-0.50477,-0.4000000000000001,0.0,0.0,0.0,0.0,0.0,0.17,0.0,0.0,0.52333,0.0,0.0,-0.15,0.0,-0.73304,-0.58496,-0.50477,-0.4000000000000001,0.0,0.0,0.0,0.0,0.0,0.17,0.0,0.0,0.52333,0.0,0.0,-0.16676460040496655,-0.004003521456059868,-0.7399721266675136,-0.5877937123845794,-0.5052533928590398,-0.4036911035379746,-0.00015856803408278774,-4.0338916167667703e-05,2.3271733311246416e-06,-0.00011856226275202614,-2.5590667065914873e-05,0.1726582413105687,-5.209261170306241e-05,-1.2539428201158863e-05,0.5284219526063877,0.00015086670400008646,4.6142610873986574e-05
108,True,1.0900000000000007,6.240869569950818,False,False,0.0,False,,-0.15,0.0,-0.73304,-0.58496,-0.50477,-0.4000000000000001,0.0,0.0,0.0,0.0,0.0,0.17,0.0,0.0,0.52333,0.0,0.0,-0.15,0.0,-0.73304,-0.58496,-0.50477,-0.4000000000000001,0.0,0.0,0.0,0.0,0.0,0.17,0.0,0.0,0.52333,0.0,0.0,-0.16676250727051084,-0.004005210723306096,-0.7399737902286287,-0.5877953103297056,-0.5052547171955063,-0.40369294660107774,-0.00015882622967188255,-4.044595266074209e-05,2.3347934581035102e-06,-0.00011854751555759873,-2.5656801753544634e-05,0.17266008879320602,-5.200526697686729e-05,-1.2569122747440238e-05,0.528423787496863,0.0001513248484513914,4.627636270370183e-05
109,True,1.1000000000000008,6.240878597929554,False,False,0.0,False,,-0.15,0.0,-0.73304,-0.58496,-0.50477,-0.4000000000000001,0.0,0.0,0.0,0.0,0.0,0.17,0.0,0.0,0.52333,0.0,0.0,-0.15,0.0,-0.73304,-0.58496,-0.50477,-0.4000000000000001,0.0,0.0,0.0,0.0,0.0,0.17,0.0,0.0,0.52333,0.0,0.0,-0.16676042728271476,-0.004006870208631741,-0.7399754243064443,-0.5877968782145665,-0.5052560160297703,-0.4036947577833369,-0.0001590799062494782,-4.055100247427163e-05,2.3422855924065604e-06,-0.00011853330073881715,-2.57217272166747e-05,0.17266190521296118,-5.191976186619506e-05,-1.2598303689469136e-05,0.528425590091326,0.00015177434844170637,4.6407506067316286e-05
110,True,1.1100000000000008,6.24088747406793,False,False,0.0,False,,-0.15,0.0,-0.73304,-0.58496,-0.50477,-0.4000000000000001,0.0,0.0,0.0,0.0,0.0,0.17,0.0,0.0,0.52333,0.0,0.0,-0.15,0.0,-0.73304,-0.58496,-0.50477,-0.4000000000000001,0.0,0.0,0.0,0.0,0.0,0.17,0.0,0.0,0.52333,0.0,0.0,-0.16675836035900352,-0.004008500438226183,-0.7399770294232545,-0.5877984166052318,-0.505257289853073,-0.4036965376359425,-0.00015932914532688534,-4.06541031973841e-05,2.349651883914943e-06,-0.0001185196069531625,-2.5785466267068773e-05,0.17266369109193627,-5.183606148802664e-05,-1.2626980556014027e-05,0.5284273609578538,0.00015221536474260375,4.6536091091033794e-05
111,True,1.1200000000000008,6.240896200919585,False,False,0.0,False,,-0.15,0.0,-0.73304,-0.58496,-0.50477,-0.4000000000000001,0.0,0.0,0.0,0.0,0.0,0.17,0.0,0.0,0.52333,0.0,0.0,-0.15,0.0,-0.73304,-0.58496,-0.50477,-0.4000000000000001,0.0,0.0,0.0,0.0,0.0,0.17,0.0,0.0,0.52333,0.0,0.0,-0.1667563064173206,-0.004010101928974715,-0.739978606092103,-0.5877999260571074,-0.5052585391471923,-0.40369828670055724,-0.0001595740269293017,-4.0755291703332684e-05,2.356894446398248e-06,-0.00011850642307486347,-2.5848041281535685e-05,0.17266544694345912,-5.175413160002218e-05,-1.2655162694592585e-05,0.5284291006545342,0.00015264805514993634,4.66621669422806e-05
112,True,1.1300000000000008,6.240904780995258,False,False,0.0,False,,-0.15,0.0,-0.73304,-0.58496,-0.50477,-0.4000000000000001,0.0,0.0,0.0,0.0,0.0,0.17,0.0,0.0,0.52333,0.0,0.0,-0.15,0.0,-0.73304,-0.58496,-0.50477,-0.4000000000000001,0.0,0.0,0.0,0.0,0.0,0.17,0.0,0.0,0.52333,0.0,0.0,-0.1667542653761248,-0.004011675188623115,-0.7399801548169458,-0.5878014071151376,-0.5052597643846252,-0.40370000550948054,-0.0001598146296230073,-4.085460416316007e-05,2.3640153581210793e-06,-0.00011849373819088778,-2.590947421025209e-05,0.17266717327223058,-5.167393858887778e-05,-1.2682859274947589e-05,0.5284308097296398,0.00015307257453882556,4.678578184801783e-05
113,True,1.1400000000000008,6.24091321676342,False,False,0.0,False,,-0.15,0.0,-0.73304,-0.58496,-0.50477,-0.4000000000000001,0.0,0.0,0.0,0.0,0.0,0.17,0.0,0.0,0.52333,0.0,0.0,-0.15,0.0,-0.73304,-0.58496,-0.50477,-0.4000000000000001,0.0,0.0,0.0,0.0,0.0,0.17,0.0,0.0,0.52333,0.0,0.0,-0.1667522371543869,-0.0040132207159392945,-0.739981676092813,-0.5878028603140012,-0.5052609660287657,-0.4037016945858107,-0.00016005103054206115,-4.09520760591015e-05,2.3710166624394207e-06,-0.00011848154159700704,-2.596978658492572e-05,0.17266887057446975,-5.159544945889307e-05,-1.2710079292456004e-05,0.528432488721802,0.00015348907491763395,4.690698311270439e-05
114,True,1.1500000000000008,6.240921510650957,False,False,0.0,False,,-0.15,0.0,-0.73304,-0.58496,-0.50477,-0.4000000000000001,0.0,0.0,0.0,0.0,0.0,0.17,0.0,0.0,0.52333,0.0,0.0,-0.15,0.0,-0.73304,-0.58496,-0.50477,-0.4000000000000001,0.0,0.0,0.0,0.0,0.0,0.17,0.0,0.0,0.52333,0.0,0.0,-0.1667502216715864,-0.004014739000872095,-0.7399831704059661,-0.5878042861783053,-0.5052621445340816,-0.40370335444360345,-0.0001602833054145089,-4.104774219773178e-05,2.3779003683870295e-06,-0.00011846982279393336,-2.602899952680225e-05,0.17267053933805623,-5.1518631820745845e-05,-1.2736831571472514e-05,0.5284341381601797,0.00015389770548094103,4.702581713591687e-05
115,True,1.1600000000000008,6.2409296650439865,False,False,0.0,False,,-0.15,0.0,-0.73304,-0.58496,-0.50477,-0.4000000000000001,0.0,0.0,0.0,0.0,0.0,0.17,0.0,0.0,0.52333,0.0,0.0,-0.15,0.0,-0.73304,-0.58496,-0.50477,-0.4000000000000001,0.0,0.0,0.0,0.0,0.0,0.17,0.0,0.0,0.52333,0.0,0.0,-0.16674821884770843,-0.004016230524707271,-0.7399846382340539,-0.587805685222775,-0.5052633003462851,-0.4037049855880288,-0.00016051152858811025,-4.1141636722861215e-05,2.38466845125189e-06,-0.00011845857148352695,-2.6087133754518786e-05,0.17267218004267046,-5.144345388046997e-05,-1.27631247686088e-05,0.5284357585646265,0.00015429861266154086,4.714232942963308e-05
116,True,1.1700000000000008,6.240937682288464,False,False,0.0,False,,-0.15,0.0,-0.73304,-0.58496,-0.50477,-0.4000000000000001,0.0,0.0,0.0,0.0,0.0,0.17,0.0,0.0,0.52333,0.0,0.0,-0.15,0.0,-0.73304,-0.58496,-0.50477,-0.4000000000000001,0.0,0.0,0.0,0.0,0.0,0.17,0.0,0.0,0.52333,0.0,0.0,-0.16674622860324048,-0.004017695760220717,-0.7399860800462651,-0.5878070579524397,-0.5052644339025028,-0.4037065885155243,-0.00016073577305559522,-4.1233793128185134e-05,2.3913228531430936e-06,-0.00011844777756507289,-2.6144209591806915e-05,0.1726737931599315,-5.136988442863284e-05,-1.2788967375949746e-05,0.5284373504458537,0.00015469194018147888,4.7256564635185534e-05
117,True,1.1800000000000008,6.240945564690883,False,False,0.0,False,,-0.15,0.0,-0.73304,-0.58496,-0.50477,-0.4000000000000001,0.0,0.0,0.0,0.0,0.0,0.17,0.0,0.0,0.52333,0.0,0.0,-0.15,0.0,-0.73304,-0.58496,-0.50477,-0.4000000000000001,0.0,0.0,0.0,0.0,0.0,0.17,0.0,0.0,0.52333,0.0,0.0,-0.16674425085916933,-0.004019135171828981,-0.7399874963034774,-0.5878084048628154,-0.5052655456314394,-0.403708163713946,-0.00016095611047945742,-4.1324244269691835e-05,2.3978654835481288e-06,-0.0001184374311316262,-2.6200246975048194e-05,0.1726753791535323,-5.129789282970897e-05,-1.2814367724207858e-05,0.5284389143055914,0.00015507782910214652,4.736856653989135e-05
118,True,1.1900000000000008,6.24095331451889,False,False,0.0,False,,-0.15,0.0,-0.73304,-0.58496,-0.50477,-0.4000000000000001,0.0,0.0,0.0,0.0,0.0,0.17,0.0,0.0,0.52333,0.0,0.0,-0.15,0.0,-0.73304,-0.58496,-0.50477,-0.4000000000000001,0.0,0.0,0.0,0.0,0.0,0.17,0.0,0.0,0.52333,0.0,0.0,-0.16674228553697787,-0.004020549215737116,-0.7399888874584056,-0.587809726440084,-0.5052666359535418,-0.4037097116627169,-0.00016117261121629327,-4.1413022377833464e-05,2.4042982198808423e-06,-0.00011842752246642369,-2.625526546068491e-05,0.17267693847937318,-5.122744901164587e-05,-1.2839333985817006e-05,0.5284404506367463,0.00015545641787345052,4.747837809336452e-05
119,True,1.2000000000000008,6.240960934002029,False,False,0.0,False,,-0.15,0.0,-0.73304,-0.58496,-0.50477,-0.4000000000000001,0.0,0.0,0.0,0.0,0.0,0.17,0.0,0.0,0.52333,0.0,0.0,-0.15,0.0,-0.73304,-0.58496,-0.50477,-0.4000000000000001,0.0,0.0,0.0,0.0,0.0,0.17,0.0,0.0,0.52333,0.0,0.0,-0.1667403325586421,-0.004021938340083918,-0.7399902539557458,-0.5878110231612695,-0.5052677052811567,-0.4037112328329725,-0.00016138534434069506,-4.1500159069464495e-05,2.410622908020145e-06,-0.00011841804203936157,-2.6309284232488862e-05,0.17267847158569263,-5.115852345561899e-05,-1.2863874177966717e-05,0.5284419599235569,0.00015582784238207386,4.758604142351684e-05
120,True,1.2100000000000009,6.24096842533231,False,False,0.0,False,,-0.15,0.0,-0.73304,-0.58496,-0.50477,-0.4000000000000001,0.0,0.0,0.0,0.0,0.0,0.17,0.0,0.0,0.52333,0.0,0.0,-0.15,0.0,-0.73304,-0.58496,-0.50477,-0.4000000000000001,0.0,0.0,0.0,0.0,0.0,0.17,0.0,0.0,0.52333,0.0,0.0,-0.16673839184662786,-0.004023302985084595,-0.739991596232317,-0.5878122954944103,-0.5052687540186878,-0.40371272768770433,-0.00016159437766870651,-4.158568535955205e-05,2.416841362839754e-06,-0.0001184089805035375,-2.6362322108690922e-05,0.17267997891319603,-5.109108718597224e-05,-1.2887996165578134e-05,0.528443442641746,0.0001561922359988459,4.769159785225327e-05
121,True,1.2200000000000009,6.240975790664876,False,False,0.0,False,,-0.15,0.0,-0.73304,-0.58496,-0.50477,-0.4000000000000001,0.0,0.0,0.0,0.0,0.0,0.17,0.0,0.0,0.52333,0.0,0.0,-0.15,0.0,-0.73304,-0.58496,-0.50477,-0.4000000000000001,0.0,0.0,0.0,0.0,0.0,0.17,0.0,0.0,0.52333,0.0,0.0,-0.16673646332388795,-0.0040246435831709105,-0.7399929147172014,-0.5878135438987284,-0.5052697825627476,-0.4037141966819006,-0.00016179977778084856,-4.1669631672662646e-05,2.4229553687289373e-06,-0.00011840032869185596,-2.641439754897404e-05,0.17268146089518233,-5.102511176034057e-05,-1.2911707664222769e-05,0.5284448992586707,0.00015654972962523704,4.77950879108677e-05
122,True,1.2300000000000009,6.240983032118613,False,False,0.0,False,,-0.15,0.0,-0.73304,-0.58496,-0.50477,-0.4000000000000001,0.0,0.0,0.0,0.0,0.0,0.17,0.0,0.0,0.52333,0.0,0.0,-0.15,0.0,-0.73304,-0.58496,-0.50477,-0.4000000000000001,0.0,0.0,0.0,0.0,0.0,0.17,0.0,0.0,0.52333,0.0,0.0,-0.16673454691385894,-0.004025960559128845,-0.7399942098318809,-0.5878147688247954,-0.5052707913023085,-0.4037156402626845,-0.00016200161004472304,-4.1752027854229464e-05,2.4289666801046117e-06,-0.0001183920776136958,-2.646552866133226e-05,0.17268291795766852,-5.096056925995164e-05,-1.2935016242985151e-05,0.5284463302334685,0.00015690045173899503,4.789655135514466e-05
123,True,1.2400000000000009,6.2409901517767645,False,False,0.0,False,,-0.15,0.0,-0.73304,-0.58496,-0.50477,-0.4000000000000001,0.0,0.0,0.0,0.0,0.0,0.17,0.0,0.0,0.52333,0.0,0.0,-0.15,0.0,-0.73304,-0.58496,-0.50477,-0.4000000000000001,0.0,0.0,0.0,0.0,0.0,0.17,0.0,0.0,0.52333,0.0,0.0,-0.1667326425404582,-0.0040272543302338325,-0.7399954819903721,-0.5878159707146959,-0.5052717806188496,-0.4037170588694501,-0.0001621999386372027,-4.183290318160441e-05,2.43487702191475e-06,-0.00011838421845163868,-2.651573320879837e-05,0.17268435051951195,-5.089743228010301e-05,-1.2957929327270442e-05,0.5284477360172033,0.00015724452843893818,4.799602718017285e-05
124,True,1.2500000000000009,6.240997151687517,False,False,0.0,False,,-0.15,0.0,-0.73304,-0.58496,-0.50477,-0.4000000000000001,0.0,0.0,0.0,0.0,0.0,0.17,0.0,0.0,0.52333,0.0,0.0,-0.15,0.0,-0.73304,-0.58496,-0.50477,-0.4000000000000001,0.0,0.0,0.0,0.0,0.0,0.17,0.0,0.0,0.52333,0.0,0.0,-0.16673075012808083,-0.004028525306383591,-0.7399967315993581,-0.5878171500021867,-0.5052727508865011,-0.40371845293399594,-0.0001623948265662142,-4.191228637489908e-05,2.4406880901333683e-06,-0.00011837674255825756,-2.6565028616042696e-05,0.1726857589925307,-5.083567392081182e-05,-1.2980454201558105e-05,0.5284491170530058,0.00015758208348892153,4.809355363487566e-05
125,True,1.260000000000001,6.241004033864609,False,False,0.0,False,,-0.15,0.0,-0.73304,-0.58496,-0.50477,-0.4000000000000001,0.0,0.0,0.0,0.0,0.0,0.17,0.0,0.0,0.52333,0.0,0.0,-0.15,0.0,-0.73304,-0.58496,-0.50477,-0.4000000000000001,0.0,0.0,0.0,0.0,0.0,0.17,0.0,0.0,0.52333,0.0,0.0,-0.1667288696015968,-0.004029773890228617,-0.7399979590583186,-0.5878183071128545,-0.505273702472186,-0.4037198228806565,-0.00016258633569212237,-4.199020560761866e-05,2.4464015522472456e-06,-0.00011836964145296398,-2.6613431975845466e-05,0.17268714378162173,-5.077526777763397e-05,-1.3002598012102614e-05,0.5284504737762145,0.00015791323836099062,4.8189168236264406e-05
126,True,1.270000000000001,6.2410108002879,False,False,0.0,False,,-0.15,0.0,-0.73304,-0.58496,-0.50477,-0.4000000000000001,0.0,0.0,0.0,0.0,0.0,0.17,0.0,0.0,0.52333,0.0,0.0,-0.15,0.0,-0.73304,-0.58496,-0.50477,-0.4000000000000001,0.0,0.0,0.0,0.0,0.0,0.17,0.0,0.0,0.52333,0.0,0.0,-0.1667270008863478,-0.00403100047730036,-0.7399991647596573,-0.5878194424642693,-0.5052746357357584,-0.4037211691264311,-0.00016277452674872273,-4.2066688517092685e-05,2.4520190477344095e-06,-0.00011836290681891299,-2.6660960055445237e-05,0.17268850528487742,-5.071618793264947e-05,-1.3024367769582279e-05,0.5284518066145116,0.00015823811227773867,4.8282907783419395e-05
127,True,1.280000000000001,6.241017452903935,False,False,0.0,False,,-0.15,0.0,-0.73304,-0.58496,-0.50477,-0.4000000000000001,0.0,0.0,0.0,0.0,0.0,0.17,0.0,0.0,0.52333,0.0,0.0,-0.15,0.0,-0.73304,-0.58496,-0.50477,-0.4000000000000001,0.0,0.0,0.0,0.0,0.0,0.17,0.0,0.0,0.52333,0.0,0.0,-0.16672514390814439,-0.004032205456137137,-0.7400003490888281,-0.5878205564661351,-0.5052755510301404,-0.40372249208111055,-0.00016295945936384913,-4.214176221470658e-05,2.4575421885345633e-06,-0.0001183565304999648,-2.6707629302765673e-05,0.1726898438936998,-5.0658408945611114e-05,-1.3045770351697137e-05,0.5284531159880582,0.00015855682225388091,4.837480837120398e-05
128,True,1.290000000000001,6.2410239936265635,False,False,0.0,False,,-0.15,0.0,-0.73304,-0.58496,-0.50477,-0.4000000000000001,0.0,0.0,0.0,0.0,0.0,0.17,0.0,0.0,0.52333,0.0,0.0,-0.15,0.0,-0.73304,-0.58496,-0.50477,-0.4000000000000001,0.0,0.0,0.0,0.0,0.0,0.17,0.0,0.0,0.52333,0.0,0.0,-0.16672329859326307,-0.004033389208407817,-0.7400015124244567,-0.5878216495204389,-0.5052764487014555,-0.4037237921474021,-0.00016314119207960404,-4.22154532959378e-05,2.46297255951167e-06,-0.0001183505044977022,-2.675345585252311e-05,0.17269115999291293,-5.060190584525352e-05,-1.3066812505716928e-05,0.5284544023096263,0.0001588694831370615,4.84649054037169e-05
129,True,1.300000000000001,6.24103042433738,False,False,0.0,False,,-0.15,0.0,-0.73304,-0.58496,-0.50477,-0.4000000000000001,0.0,0.0,0.0,0.0,0.0,0.17,0.0,0.0,0.52333,0.0,0.0,-0.15,0.0,-0.73304,-0.58496,-0.50477,-0.4000000000000001,0.0,0.0,0.0,0.0,0.0,0.17,0.0,0.0,0.52333,0.0,0.0,-0.16672146486844328,-0.004034552109033321,-0.7400026551384625,-0.5878227220215955,-0.5052773290891588,-0.40372506972105165,-0.00016331978237221832,-4.228778785020019e-05,2.468311718908783e-06,-0.00011834482096850243,-2.6798455532217097e-05,0.17269245396087357,-5.05466541207596e-05,-1.3087500850980076e-05,0.5284556659847287,0.00015917620764790651,4.855323360748765e-05
130,True,1.310000000000001,6.24103674688639,False,False,0.0,False,,-0.15,0.0,-0.73304,-0.58496,-0.50477,-0.4000000000000001,0.0,0.0,0.0,0.0,0.0,0.17,0.0,0.0,0.52333,0.0,0.0,-0.15,0.0,-0.73304,-0.58496,-0.50477,-0.4000000000000001,0.0,0.0,0.0,0.0,0.0,0.17,0.0,0.0,0.52333,0.0,0.0,-0.1667196426608846,-0.004035694526305966,-0.7400037775961776,-0.5878237743565905,-0.5052781925261667,-0.4037263251909639,-0.000163495286671547,-4.235879147050042e-05,2.473561198795151e-06,-0.00011833947222066281,-2.6842643868006188e-05,0.17269372616957973,-5.049262971338164e-05,-1.3107841881344667e-05,0.528456907411747,0.00015947710641933712,4.8639827044420016e-05
131,True,1.320000000000001,6.241042963092389,False,False,0.0,False,,-0.15,0.0,-0.73304,-0.58496,-0.50477,-0.4000000000000001,0.0,0.0,0.0,0.0,0.0,0.17,0.0,0.0,0.52333,0.0,0.0,-0.15,0.0,-0.73304,-0.58496,-0.50477,-0.4000000000000001,0.0,0.0,0.0,0.0,0.0,0.17,0.0,0.0,0.52333,0.0,0.0,-0.1667178318982437,-0.0040368168220067,-0.7400048801564629,-0.58782480690512,-0.505279039338982,-0.40372755893932083,-0.00016366776038020803,-4.242848926290993e-05,2.478722505505873e-06,-0.00011833445071157899,-2.6886036090471208e-05,0.17269497698477757,-5.043980900821414e-05,-1.3127841967592292e-05,0.5284581269820569,0.00015977228803515687,4.87247191244884e-05
132,True,1.330000000000001,6.241049074743671,False,False,0.0,False,,-0.15,0.0,-0.73304,-0.58496,-0.50477,-0.4000000000000001,0.0,0.0,0.0,0.0,0.0,0.17,0.0,0.0,0.52333,0.0,0.0,-0.15,0.0,-0.73304,-0.58496,-0.50477,-0.4000000000000001,0.0,0.0,0.0,0.0,0.0,0.17,0.0,0.0,0.52333,0.0,0.0,-0.16671603250863168,-0.004037919351520272,-0.7400059631718229,-0.5878258200397277,-0.5052798698478175,-0.40372877134169805,-0.00016383725789237026,-4.2496905855855944e-05,2.4837971200741374e-06,-0.00011832974904497496,-2.6928647140268148e-05,0.17269620676606656,-5.0388168826115745e-05,-1.314750735978571e-05,0.5284593250801508,0.00016006185906792598,4.88079426181918e-05
133,True,1.340000000000001,6.241055083598428,False,False,0.0,False,,-0.15,0.0,-0.73304,-0.58496,-0.50477,-0.4000000000000001,0.0,0.0,0.0,0.0,0.0,0.17,0.0,0.0,0.52333,0.0,0.0,-0.15,0.0,-0.73304,-0.58496,-0.50477,-0.4000000000000001,0.0,0.0,0.0,0.0,0.0,0.17,0.0,0.0,0.52333,0.0,0.0,-0.16671424442061109,-0.004039002463948351,-0.7400070269885181,-0.5878268141259404,-0.5052806843667175,-0.4037299627671787,-0.00016400383261219753,-4.256406540923503e-05,2.4887864986562665e-06,-0.0001183253599681837,-2.6970491673672737e-05,0.1726974158670027,-5.0337686415777465e-05,-1.3166844189581189e-05,0.5284605020837598,0.0001603459241161362,4.888952966876995e-05
134,True,1.350000000000001,6.241060991385264,False,False,0.0,False,,-0.15,0.0,-0.73304,-0.58496,-0.50477,-0.4000000000000001,0.0,0.0,0.0,0.0,0.0,0.17,0.0,0.0,0.52333,0.0,0.0,-0.15,0.0,-0.73304,-0.58496,-0.50477,-0.4000000000000001,0.0,0.0,0.0,0.0,0.0,0.17,0.0,0.0,0.52333,0.0,0.0,-0.16671246756319313,-0.004040066502220656,-0.7400080719466762,-0.5878277895223994,-0.5052814832036766,-0.40373113357846574,-0.00016416753697195445,-4.262999162335267e-05,2.493692072949537e-06,-0.0001183212763694778,-2.701158406801888e-05,0.17269860463520004,-5.0288339445934675e-05,-1.318585847249641e-05,0.5284616583639721,0.0001606245858406992,4.8969511804186276e-05
135,True,1.360000000000001,6.241066799803681,False,False,0.0,False,,-0.15,0.0,-0.73304,-0.58496,-0.50477,-0.4000000000000001,0.0,0.0,0.0,0.0,0.0,0.17,0.0,0.0,0.52333,0.0,0.0,-0.15,0.0,-0.73304,-0.58496,-0.50477,-0.4000000000000001,0.0,0.0,0.0,0.0,0.0,0.17,0.0,0.0,0.52333,0.0,0.0,-0.1667107018658349,-0.004041111803204109,-0.7400090983803999,-0.5878287465809909,-0.505282266660756,-0.4037322841319923,-0.0001643284224497811,-4.2694707747692e-05,2.498515250603021e-06,-0.00011831749127544892,-2.7051938427032875e-05,0.17269977341243056,-5.024010599772022e-05,-1.3204556110134778e-05,0.5284627942853493,0.00016089794500076082,4.9047919948882e-05
136,True,1.370000000000001,6.241072510524668,False,False,0.0,False,,-0.15,0.0,-0.73304,-0.58496,-0.50477,-0.4000000000000001,0.0,0.0,0.0,0.0,0.0,0.17,0.0,0.0,0.52333,0.0,0.0,-0.15,0.0,-0.73304,-0.58496,-0.50477,-0.4000000000000001,0.0,0.0,0.0,0.0,0.0,0.17,0.0,0.0,0.52333,0.0,0.0,-0.16670894725843646,-0.004042138697810071,-0.740010106617874,-0.5878296856469726,-0.5052830350341979,-0.40373341477803,-0.0001644865395871415,-4.275823658951506e-05,2.5032574156215265e-06,-0.0001183139978484353,-2.7091568586065507e-05,0.17270092253472244,-5.0192964557156006e-05,-1.3222942892367e-05,0.5284639102060417,0.00016116610048885362,4.9124784435305835e-05
137,True,1.380000000000001,6.241078125191018,False,False,0.0,False,,-0.15,0.0,-0.73304,-0.58496,-0.50477,-0.4000000000000001,0.0,0.0,0.0,0.0,0.0,0.17,0.0,0.0,0.52333,0.0,0.0,-0.15,0.0,-0.73304,-0.58496,-0.50477,-0.4000000000000001,0.0,0.0,0.0,0.0,0.0,0.17,0.0,0.0,0.52333,0.0,0.0,-0.16670720367133815,-0.004043147511099664,-0.7400110969814708,-0.5878306070590988,-0.5052837886145378,-0.4037345258607955,-0.00016464193800595287,-4.282060052229989e-05,2.5079199287627744e-06,-0.00011831078938399637,-2.7130488117223893e-05,0.17270205233245645,-5.014689400778069e-05,-1.3241024499470714e-05,0.5284650064779016,0.0001614291493654007,4.920013501522361e-05
138,True,1.390000000000001,6.24108364541799,False,False,0.0,False,,-0.15,0.0,-0.73304,-0.58496,-0.50477,-0.4000000000000001,0.0,0.0,0.0,0.0,0.0,0.17,0.0,0.0,0.52333,0.0,0.0,-0.15,0.0,-0.73304,-0.58496,-0.50477,-0.4000000000000001,0.0,0.0,0.0,0.0,0.0,0.17,0.0,0.0,0.52333,0.0,0.0,-0.1667054710353178,-0.0040441385623872445,-0.7400120697878521,-0.5878315111497434,-0.505284527686714,-0.40373561771855515,-0.00016479466642540087,-4.288182149401635e-05,2.5125041279278627e-06,-0.00011830785930843385,-2.7168710334405077e-05,0.17270316313046097,-5.010187362341097e-05,-1.3258806504229038e-05,0.5284660834465932,0.00016168718689258177,4.927400087081184e-05
139,True,1.400000000000001,6.241089072793615,False,False,0.0,False,,-0.15,0.0,-0.73304,-0.58496,-0.50477,-0.4000000000000001,0.0,0.0,0.0,0.0,0.0,0.17,0.0,0.0,0.52333,0.0,0.0,-0.15,0.0,-0.73304,-0.58496,-0.50477,-0.4000000000000001,0.0,0.0,0.0,0.0,0.0,0.17,0.0,0.0,0.52333,0.0,0.0,-0.16670374928158807,-0.004045112165342044,-0.7400130253480706,-0.5878323982450192,-0.505285252530176,-0.40373669068372786,-0.00016494477267844712,-4.294192103524394e-05,2.517011328545176e-06,-0.000118305201176358,-2.720624829823321e-05,0.17270425524810515,-5.0057883061033997e-05,-1.3276294373988743e-05,0.5284671414517015,0.00016194030656757367,4.93464106255396e-05
140,True,1.410000000000001,6.241094408879202,False,False,0.0,False,,-0.15,0.0,-0.73304,-0.58496,-0.50477,-0.4000000000000001,0.0,0.0,0.0,0.0,0.0,0.17,0.0,0.0,0.52333,0.0,0.0,-0.15,0.0,-0.73304,-0.58496,-0.50477,-0.4000000000000001,0.0,0.0,0.0,0.0,0.0,0.17,0.0,0.0,0.52333,0.0,0.0,-0.1667020383417936,-0.004046068628088003,-0.7400139639676696,-0.5878332686648966,-0.5052859634189898,-0.403737745082986,-0.000165092303728034,-4.3000920267134586e-05,2.5214428239478846e-06,-0.00011830280866829881,-2.7243114820902152e-05,0.1727053289993908,-5.0014902353828586e-05,-1.3293493472678916e-05,0.5284681808268396,0.0001621886001551772,4.941739235484255e-05
141,True,1.420000000000001,6.241099655209872,False,False,0.0,False,,-0.15,0.0,-0.73304,-0.58496,-0.50477,-0.4000000000000001,0.0,0.0,0.0,0.0,0.0,0.17,0.0,0.0,0.52333,0.0,0.0,-0.15,0.0,-0.73304,-0.58496,-0.50477,-0.4000000000000001,0.0,0.0,0.0,0.0,0.0,0.17,0.0,0.0,0.52333,0.0,0.0,-0.1667003381480083,-0.004047008253301849,-0.7400148859467803,-0.5878341227233189,-0.505286660621942,-0.4037387812373549,-0.00016523730568299282,-4.3058839909223335e-05,2.525799885745072e-06,-0.00011830067558836067,-2.7279322470925343e-05,0.17270638469304256,-4.9972911904312995e-05,-1.331040906279081e-05,0.5284692018997533,0.000162432157719841,4.948697359659318e-05
142,True,1.430000000000001,6.241104813294836,False,False,0.0,False,,-0.15,0.0,-0.73304,-0.58496,-0.50477,-0.4000000000000001,0.0,0.0,0.0,0.0,0.0,0.17,0.0,0.0,0.52333,0.0,0.0,-0.15,0.0,-0.73304,-0.58496,-0.50477,-0.4000000000000001,0.0,0.0,0.0,0.0,0.0,0.17,0.0,0.0,0.52333,0.0,0.0,-0.16669864863273282,-0.004047931338309431,-0.7400157915802178,-0.5878349607283162,-0.5052873444026409,-0.4037397994623107,-0.00016537982381366055,-4.311570028708987e-05,2.530083764186606e-06,-0.0001182987958619204,-2.7314883577794714e-05,0.17270742263259653,-4.9931892477616746e-05,-1.3327046307319649e-05,0.5284702049924247,0.00016267106765709423,4.955518136137116e-05
143,True,1.440000000000001,6.241109884618011,False,False,0.0,False,,-0.15,0.0,-0.73304,-0.58496,-0.50477,-0.4000000000000001,0.0,0.0,0.0,0.0,0.0,0.17,0.0,0.0,0.52333,0.0,0.0,-0.15,0.0,-0.73304,-0.58496,-0.50477,-0.4000000000000001,0.0,0.0,0.0,0.0,0.0,0.17,0.0,0.0,0.52333,0.0,0.0,-0.16669696972889164,-0.004048838175180362,-0.7400166811575751,-0.5878357829821164,-0.5052880150196167,-0.4037408000678756,-0.00016551990256721044,-4.317152133987372e-05,2.534295688521945e-06,-0.00011829716353336718,-2.7349810236550367e-05,0.1727084431164875,-4.989182519487443e-05,-1.3343410271669137e-05,0.528471190421173,0.00016290541672439832,4.96220421425376e-05
144,True,1.450000000000001,6.2411148706383015,False,False,0.0,False,,-0.15,0.0,-0.73304,-0.58496,-0.50477,-0.4000000000000001,0.0,0.0,0.0,0.0,0.0,0.17,0.0,0.0,0.52333,0.0,0.0,-0.15,0.0,-0.73304,-0.58496,-0.50477,-0.4000000000000001,0.0,0.0,0.0,0.0,0.0,0.17,0.0,0.0,0.52333,0.0,0.0,-0.16669530136983068,-0.004049729050820975,-0.7400175549633158,-0.5878365897812547,-0.5052886727264195,-0.40374178335871275,-0.00016565758558270197,-4.322632262764595e-05,2.538436867352883e-06,-0.00011829577276388416,-2.7384114312262717e-05,0.1727094464381347,-4.985269152673929e-05,-1.335950592551934e-05,0.5284721584967544,0.00016313529007142913,4.9687581926116886e-05
145,True,1.460000000000001,6.24111977279008,False,False,0.0,False,,-0.15,0.0,-0.73304,-0.58496,-0.50477,-0.4000000000000001,0.0,0.0,0.0,0.0,0.0,0.17,0.0,0.0,0.52333,0.0,0.0,-0.15,0.0,-0.73304,-0.58496,-0.50477,-0.4000000000000001,0.0,0.0,0.0,0.0,0.0,0.17,0.0,0.0,0.52333,0.0,0.0,-0.16669364348931442,-0.004050604247065638,-0.7400184132768645,-0.5878373814166811,-0.5052893177717148,-0.40374274963421863,-0.0001657929157058549,-4.328012333864e-05,2.542508488980354e-06,-0.00011829461782927063,-2.741780744442883e-05,0.172710432886026,-4.981447328701431e-05,-1.3375338144658722e-05,0.5284731095244602,0.00016336077126979955,4.975182620048993e-05
146,True,1.470000000000001,6.241124592483625,False,False,0.0,False,,-0.15,0.0,-0.73304,-0.58496,-0.50477,-0.4000000000000001,0.0,0.0,0.0,0.0,0.0,0.17,0.0,0.0,0.52333,0.0,0.0,-0.15,0.0,-0.73304,-0.58496,-0.50477,-0.4000000000000001,0.0,0.0,0.0,0.0,0.0,0.17,0.0,0.0,0.52333,0.0,0.0,-0.16669199602152335,-0.004051464040766458,-0.7400192563726967,-0.5878381581738646,-0.5052899503993777,-0.4037436991886141,-0.00016592593500355294,-4.3332942296344554e-05,2.5465117217454163e-06,-0.00011829369311780423,-2.745090105128454e-05,0.17271140274380092,-4.9777152626398703e-05,-1.339091171278093e-05,0.5284740438042127,0.00016358194234223324,4.9814799965902305e-05
147,True,1.480000000000001,6.2411293311054905,False,False,0.0,False,,-0.15,0.0,-0.73304,-0.58496,-0.50477,-0.4000000000000001,0.0,0.0,0.0,0.0,0.0,0.17,0.0,0.0,0.52333,0.0,0.0,-0.15,0.0,-0.73304,-0.58496,-0.50477,-0.4000000000000001,0.0,0.0,0.0,0.0,0.0,0.17,0.0,0.0,0.52333,0.0,0.0,-0.1666903589010514,-0.004052308703881398,-0.7400200845204261,-0.5878389203328983,-0.5052905708485853,-0.4037446323110339,-0.0001660566847780817,-4.33847979664608e-05,2.5504477143645505e-06,-0.00011829299312814232,-2.7483406334034007e-05,0.1727123562903319,-4.974071202634788e-05,-1.3406231323247085e-05,0.5284749616306591,0.00016379888379119932,4.9876527743790815e-05
148,True,1.490000000000001,6.241133990018845,False,False,0.0,False,,-0.15,0.0,-0.73304,-0.58496,-0.50477,-0.4000000000000001,0.0,0.0,0.0,0.0,0.0,0.17,0.0,0.0,0.52333,0.0,0.0,-0.15,0.0,-0.73304,-0.58496,-0.50477,-0.4000000000000001,0.0,0.0,0.0,0.0,0.0,0.17,0.0,0.0,0.52333,0.0,0.0,-0.16668873206290333,-0.004053138503560825,-0.7400208979848906,-0.5878396681685988,-0.5052911793539074,-0.4037455492856146,-0.00016618520558110572,-4.343570846372698e-05,2.5543175962592735e-06,-0.00011829251246726193,-2.751533428099827e-05,0.17271329379980468,-4.9705134293044525e-05,-1.3421301580814211e-05,0.528475863293265,0.00016401167462701832,4.9937033585931995e-05
149,True,1.500000000000001,6.241138570564041,False,False,0.0,False,,-0.15,0.0,-0.73304,-0.58496,-0.50477,-0.4000000000000001,0.0,0.0,0.0,0.0,0.0,0.17,0.0,0.0,0.52333,0.0,0.0,-0.15,0.0,-0.73304,-0.58496,-0.50477,-0.4000000000000001,0.0,0.0,0.0,0.0,0.0,0.17,0.0,0.0,0.52333,0.0,0.0,-0.1666871154424921,-0.004053953702232547,-0.7400216970262371,-0.5878404019506064,-0.5052917761453948,-0.40374645039158075,-0.0001663115372273897,-4.34856915586125e-05,2.5581224778802432e-06,-0.00011829224584843746,-2.7546695671684342e-05,0.17271421554179686,-4.9670402551479134e-05,-1.3436127003330454e-05,0.528476749076405,0.0001642203923954488,4.999634108341596e-05
150,True,1.5100000000000011,6.241143074058848,False,False,0.0,False,,-0.15,0.0,-0.73304,-0.58496,-0.50477,-0.4000000000000001,0.0,0.0,0.0,0.0,0.0,0.17,0.0,0.0,0.52333,0.0,0.0,-0.15,0.0,-0.73304,-0.58496,-0.50477,-0.4000000000000001,0.0,0.0,0.0,0.0,0.0,0.17,0.0,0.0,0.52333,0.0,0.0,-0.16668550897563641,-0.00405475455768532,-0.7400224819000045,-0.5878411219434828,-0.5052923614486667,-0.40374733590333006,-0.00016643571880826837,-4.353476468388423e-05,2.561863451025894e-06,-0.00011829218808925547,-2.7577501080776383e-05,0.17271512178135537,-4.9636500239637715e-05,-1.3450712023397719e-05,0.5284776192594526,0.00016442511320476463,5.00544733754489e-05
151,True,1.5200000000000011,6.2411475017988325,False,False,0.0,False,,-0.15,0.0,-0.73304,-0.58496,-0.50477,-0.4000000000000001,0.0,0.0,0.0,0.0,0.0,0.17,0.0,0.0,0.52333,0.0,0.0,-0.15,0.0,-0.73304,-0.58496,-0.50477,-0.4000000000000001,0.0,0.0,0.0,0.0,0.0,0.17,0.0,0.0,0.52333,0.0,0.0,-0.16668391259855805,-0.004055541323150903,-0.7400232528572055,-0.5878418284068067,-0.5052929354849961,-0.40374820609051676,-0.00016655778870486938,-4.3582944941047404e-05,2.5655415891557666e-06,-0.00011829233410966604,-2.760776088205047e-05,0.17271601277907273,-4.9603411102794946e-05,-1.3465060990002378e-05,0.5284784741168678,0.00016462591175233165,5.011145315798747e-05
152,True,1.5300000000000011,6.2411518550578045,False,False,0.0,False,,-0.15,0.0,-0.73304,-0.58496,-0.50477,-0.4000000000000001,0.0,0.0,0.0,0.0,0.0,0.17,0.0,0.0,0.52333,0.0,0.0,-0.15,0.0,-0.73304,-0.58496,-0.50477,-0.4000000000000001,0.0,0.0,0.0,0.0,0.0,0.17,0.0,0.0,0.52333,0.0,0.0,-0.16668232624787943,-0.004056314247384644,-0.7400240101444062,-0.5878425215952672,-0.5052934984713932,-0.40374906121813353,-0.0001666777846010945,-4.363024910666356e-05,2.5691579476985188e-06,-0.00011829267893006971,-2.7637485252214363e-05,0.17271688879116173,-4.957111918791075e-05,-1.347917817011464e-05,0.528479313918284,0.00016482286135069396,5.016730269220836e-05
153,True,1.5400000000000011,6.241156135088157,False,False,0.0,False,,-0.15,0.0,-0.73304,-0.58496,-0.50477,-0.4000000000000001,0.0,0.0,0.0,0.0,0.0,0.17,0.0,0.0,0.52333,0.0,0.0,-0.15,0.0,-0.73304,-0.58496,-0.50477,-0.4000000000000001,0.0,0.0,0.0,0.0,0.0,0.17,0.0,0.0,0.52333,0.0,0.0,-0.1666807498606211,-0.0040570735747446525,-0.7400247540038059,-0.5878432017587564,-0.5052940506206878,-0.4037499015465923,-0.00016679574349636258,-4.3676693638547784e-05,2.5727135643548175e-06,-0.00011829321766943979,-2.7666684174673766e-05,0.1727177500695292,-4.953960883812844e-05,-1.3493067750257205e-05,0.5284801389285921,0.00016501603395317795,5.022204381281611e-05
154,True,1.5500000000000012,6.241160343121245,False,False,0.0,False,,-0.15,0.0,-0.73304,-0.58496,-0.50477,-0.4000000000000001,0.0,0.0,0.0,0.0,0.0,0.17,0.0,0.0,0.52333,0.0,0.0,-0.15,0.0,-0.73304,-0.58496,-0.50477,-0.4000000000000001,0.0,0.0,0.0,0.0,0.0,0.17,0.0,0.0,0.52333,0.0,0.0,-0.16667918337419907,-0.004057819545269558,-0.7400254846733131,-0.5878438691424598,-0.5052945921416095,-0.403750727331803,-0.0001669117017181195,-4.3722294681847574e-05,2.5762094593951185e-06,-0.00011829394554347886,-2.7695367443226458e-05,0.17271859686184823,-4.950886468737261e-05,-1.350673383804377e-05,0.5284809494080248,0.0001652055001790234,5.027569793619232e-05
155,True,1.5600000000000012,6.241164480367683,False,False,0.0,False,,-0.15,0.0,-0.73304,-0.58496,-0.50477,-0.4000000000000001,0.0,0.0,0.0,0.0,0.0,0.17,0.0,0.0,0.52333,0.0,0.0,-0.15,0.0,-0.73304,-0.58496,-0.50477,-0.4000000000000001,0.0,0.0,0.0,0.0,0.0,0.17,0.0,0.0,0.52333,0.0,0.0,-0.16667762672642258,-0.004058552394754905,-0.7400262023866228,-0.5878445239869443,-0.5052951232388674,-0.4037515388252519,-0.00016702569493411878,-4.376706807500576e-05,2.5796466359524065e-06,-0.0001182948578628093,-2.7723544665685694e-05,0.17271942941162932,-4.947887165504507e-05,-1.352018046368799e-05,0.5284817456122376,0.00016539132933805068,5.032828606838926e-05
156,True,1.5700000000000012,6.24116854801771,False,False,0.0,False,,-0.15,0.0,-0.73304,-0.58496,-0.50477,-0.4000000000000001,0.0,0.0,0.0,0.0,0.0,0.17,0.0,0.0,0.52333,0.0,0.0,-0.15,0.0,-0.73304,-0.58496,-0.50477,-0.4000000000000001,0.0,0.0,0.0,0.0,0.0,0.17,0.0,0.0,0.52333,0.0,0.0,-0.16667607985549152,-0.004059272354828194,-0.7400269073732899,-0.5878451665282461,-0.5052956441132267,-0.4037523362740773,-0.00016713775816447728,-4.381102935560939e-05,2.583026080310078e-06,-0.00011829595003119714,-2.77512252674342e-05,0.17272024795829058,-4.9449614940816754e-05,-1.3533411581483443e-05,0.5284825277923899,0.00016557358945487182,5.0379828812970844e-05
157,True,1.5800000000000012,6.241172547241585,False,False,0.0,False,,-0.15,0.0,-0.73304,-0.58496,-0.50477,-0.4000000000000001,0.0,0.0,0.0,0.0,0.0,0.17,0.0,0.0,0.52333,0.0,0.0,-0.15,0.0,-0.73304,-0.58496,-0.50477,-0.4000000000000001,0.0,0.0,0.0,0.0,0.0,0.17,0.0,0.0,0.52333,0.0,0.0,-0.16667454269999385,-0.004059979653022589,-0.7400275998588038,-0.5878457969979554,-0.5052961549615853,-0.40375311992114576,-0.0001672479257935104,-4.385419376612703e-05,2.586348762184955e-06,-0.00011829721754380824,-2.7778418494910154e-05,0.1727210527372262,-4.9421080019514256e-05,-1.3546431071255165e-05,0.528483296195224,0.00016575234729265464,5.0430346378703846e-05
158,True,1.5900000000000012,6.241176479189923,False,False,0.0,False,,-0.15,0.0,-0.73304,-0.58496,-0.50477,-0.4000000000000001,0.0,0.0,0.0,0.0,0.0,0.17,0.0,0.0,0.52333,0.0,0.0,-0.15,0.0,-0.73304,-0.58496,-0.50477,-0.4000000000000001,0.0,0.0,0.0,0.0,0.0,0.17,0.0,0.0,0.52333,0.0,0.0,-0.16667301519890337,-0.004060674512849335,-0.7400282800646595,-0.5878464156233006,-0.5052966559770479,-0.4037538900051251,-0.00016735623158135006,-4.3896576259536455e-05,2.5896156350055813e-06,-0.00011829865598549685,-2.7805133419026375e-05,0.1727218439798742,-4.9393252636098964e-05,-1.3559242739783322e-05,0.5284840510631429,0.0001659276683764479,5.0479858587102364e-05
159,True,1.6000000000000012,6.241180344993885,False,False,0.0,False,,-0.15,0.0,-0.73304,-0.58496,-0.50477,-0.4000000000000001,0.0,0.0,0.0,0.0,0.0,0.17,0.0,0.0,0.52333,0.0,0.0,-0.15,0.0,-0.73304,-0.58496,-0.50477,-0.4000000000000001,0.0,0.0,0.0,0.0,0.0,0.17,0.0,0.0,0.52333,0.0,0.0,-0.16667149729157726,-0.004061357153868876,-0.7400289482084283,-0.5878470226272303,-0.5052971473489993,-0.4037546467605573,-0.00016746270867535023,-4.3938191504844905e-05,2.592827636185786e-06,-0.00011830026102912533,-2.783137893852406e-05,0.17272262191378293,-4.9366118800737254e-05,-1.3571850322199505e-05,0.5284847926342858,0.00016609961701607523,5.05283848798281e-05
160,True,1.6100000000000012,6.241184145765706,False,False,0.0,False,,-0.15,0.0,-0.73304,-0.58496,-0.50477,-0.4000000000000001,0.0,0.0,0.0,0.0,0.0,0.17,0.0,0.0,0.52333,0.0,0.0,-0.15,0.0,-0.73304,-0.58496,-0.50477,-0.4000000000000001,0.0,0.0,0.0,0.0,0.0,0.17,0.0,0.0,0.52333,0.0,0.0,-0.16666998891775353,-0.004062027791760726,-0.7400296045038282,-0.5878476182284935,-0.5052976292631763,-0.40375539041792957,-0.00016756738962128364,-4.3979053892503944e-05,2.5959856873936828e-06,-0.0001183020284339149,-2.7857163783262327e-05,0.17272338676267637,-4.933966478396013e-05,-1.3584257483356225e-05,0.528485521142604,0.00016626825632860677,5.057594432594944e-05
161,True,1.6200000000000012,6.241187882598884,False,False,0.0,False,,-0.15,0.0,-0.73304,-0.58496,-0.50477,-0.4000000000000001,0.0,0.0,0.0,0.0,0.0,0.17,0.0,0.0,0.52333,0.0,0.0,-0.15,0.0,-0.73304,-0.58496,-0.50477,-0.4000000000000001,0.0,0.0,0.0,0.0,0.0,0.17,0.0,0.0,0.52333,0.0,0.0,-0.16666849001754883,-0.00406268663839211,-0.7400302491607912,-0.5878482026417194,-0.5052981019017371,-0.4037561212037449,-0.00016767030637433318,-4.4019177539720894e-05,2.5990906948161693e-06,-0.00011830395404382663,-2.7882496517444715e-05,0.1727241387465185,-4.9313877111910616e-05,-1.3596467819170104e-05,0.528486236817934,0.00016643364826041498,5.0622555629061855e-05
162,True,1.6300000000000012,6.241191556568508,False,False,0.0,False,,-0.15,0.0,-0.73304,-0.58496,-0.50477,-0.4000000000000001,0.0,0.0,0.0,0.0,0.0,0.17,0.0,0.0,0.52333,0.0,0.0,-0.15,0.0,-0.73304,-0.58496,-0.50477,-0.4000000000000001,0.0,0.0,0.0,0.0,0.0,0.17,0.0,0.0,0.52333,0.0,0.0,-0.16666700053145586,-0.004063333901885373,-0.7400308823855307,-0.5878487760774946,-0.5052985654433314,-0.4037568393405905,-0.0001677714903098822,-4.405857629566879e-05,2.6021435494189784e-06,-0.00011830603378597222,-2.790738554278396e-05,0.1727248780815764,-4.928874256167729e-05,-1.3608484857939245e-05,0.5284869398860707,0.00016659585360882359,5.06682371342724e-05
163,True,1.6400000000000012,6.241195168731634,False,False,0.0,False,,-0.15,0.0,-0.73304,-0.58496,-0.50477,-0.4000000000000001,0.0,0.0,0.0,0.0,0.0,0.17,0.0,0.0,0.52333,0.0,0.0,-0.15,0.0,-0.73304,-0.58496,-0.50477,-0.4000000000000001,0.0,0.0,0.0,0.0,0.0,0.17,0.0,0.0,0.52333,0.0,0.0,-0.1666655204003411,-0.004063969786684216,-0.7400315043806077,-0.5878493387424395,-0.5052990200631672,-0.4037575450472056,-0.00016787097223410714,-4.409726374659702e-05,2.6051451272023042e-06,-0.00011830826366905403,-2.7931839101606158e-05,0.1727256049804825,-4.926424815671253e-05,-1.3620312061635333e-05,0.5284876305688371,0.00016675493204335617,5.0713006835050796e-05
164,True,1.6500000000000012,6.241198720127519,False,False,0.0,False,,-0.15,0.0,-0.73304,-0.58496,-0.50477,-0.4000000000000001,0.0,0.0,0.0,0.0,0.0,0.17,0.0,0.0,0.52333,0.0,0.0,-0.15,0.0,-0.73304,-0.58496,-0.50477,-0.4000000000000001,0.0,0.0,0.0,0.0,0.0,0.17,0.0,0.0,0.52333,0.0,0.0,-0.16666404956544273,-0.004064594493618744,-0.7400321153449946,-0.5878498908392827,-0.5052994659330771,-0.4037582385385482,-0.00016796878239437628,-4.413525322084417e-05,2.6080962894522085e-06,-0.00011831063978183364,-2.795586527989548e-05,0.17272631965229537,-4.924038116233381e-05,-1.3631952827170895e-05,0.5284883090841552,0.00016691094212659255,5.075688237994971e-05
165,True,1.6600000000000013,6.241202211777952,False,False,0.0,False,,-0.15,0.0,-0.73304,-0.58496,-0.50477,-0.4000000000000001,0.0,0.0,0.0,0.0,0.0,0.17,0.0,0.0,0.52333,0.0,0.0,-0.15,0.0,-0.73304,-0.58496,-0.50477,-0.4000000000000001,0.0,0.0,0.0,0.0,0.0,0.17,0.0,0.0,0.52333,0.0,0.0,-0.16666258796836775,-0.00406520821996938,-0.7400327154741401,-0.5878504325669346,-0.5052999032215839,-0.40375892002586006,-0.0001680649504894579,-4.4172557793755354e-05,2.610997882987764e-06,-0.00011831315829162876,-2.7979472010280614e-05,0.1727270223025602,-4.921712908130656e-05,-1.3643410487642224e-05,0.5284889756461143,0.00016706394133463964,5.0799881079196757e-05
166,True,1.6700000000000013,6.241205644687494,False,False,0.0,False,,-0.15,0.0,-0.73304,-0.58496,-0.50477,-0.4000000000000001,0.0,0.0,0.0,0.0,0.0,0.17,0.0,0.0,0.52333,0.0,0.0,-0.15,0.0,-0.73304,-0.58496,-0.50477,-0.4000000000000001,0.0,0.0,0.0,0.0,0.0,0.17,0.0,0.0,0.52333,0.0,0.0,-0.16666113555109008,-0.004065811159529629,-0.7400333049600301,-0.5878509641205593,-0.5053003320939639,-0.4037595897167311,-0.00016815950567954164,-4.420919029250548e-05,2.6138507404040674e-06,-0.00011831581544283764,-2.8002667074964003e-05,0.17272771313336746,-4.919447964950725e-05,-1.3654688313548445e-05,0.5284896304650382,0.0001672139860772244,5.0842019911160535e-05
167,True,1.6800000000000013,6.2412090198439065,False,False,0.0,False,,-0.15,0.0,-0.73304,-0.58496,-0.50477,-0.4000000000000001,0.0,0.0,0.0,0.0,0.0,0.17,0.0,0.0,0.52333,0.0,0.0,-0.15,0.0,-0.73304,-0.58496,-0.50477,-0.4000000000000001,0.0,0.0,0.0,0.0,0.0,0.17,0.0,0.0,0.52333,0.0,0.0,-0.1666596922559482,-0.004066403502667749,-0.74003388399125,-0.5878514856916448,-0.5053007527123093,-0.40376024781516257,-0.00016825247659607643,-4.4245163300830514e-05,2.6166556803111356e-06,-0.00011831860755549069,-2.8025458108595024e-05,0.17272839234341122,-4.9172420831665024e-05,-1.3665789513987164e-05,0.5284902737475516,0.00016736113171741515,5.08833155286933e-05
168,True,1.6900000000000013,6.241212338218254,False,False,0.0,False,,-0.15,0.0,-0.73304,-0.58496,-0.50477,-0.4000000000000001,0.0,0.0,0.0,0.0,0.0,0.17,0.0,0.0,0.52333,0.0,0.0,-0.15,0.0,-0.73304,-0.58496,-0.50477,-0.4000000000000001,0.0,0.0,0.0,0.0,0.0,0.17,0.0,0.0,0.52333,0.0,0.0,-0.16665825802564277,-0.004066985436387323,-0.7400344527530452,-0.587851997468073,-0.5053011652355904,-0.4037608945216291,-0.00016834389135142789,-4.42804891636684e-05,2.6194135075688515e-06,-0.00011832153102382865,-2.8047852601088147e-05,0.17272906012804615,-4.915094081718064e-05,-1.367671723782715e-05,0.5284909056966456,0.00016750543259097915,5.092378426535246e-05
169,True,1.7000000000000013,6.2412156007653525,False,False,0.0,False,,-0.15,0.0,-0.73304,-0.58496,-0.50477,-0.4000000000000001,0.0,0.0,0.0,0.0,0.0,0.17,0.0,0.0,0.52333,0.0,0.0,-0.15,0.0,-0.73304,-0.58496,-0.50477,-0.4000000000000001,0.0,0.0,0.0,0.0,0.0,0.17,0.0,0.0,0.52333,0.0,0.0,-0.16665683280323434,-0.00406755714438676,-0.7400350114273794,-0.5878524996341867,-0.5053015698197145,-0.4037615300331395,-0.00016843377754835942,-4.4315179991711373e-05,2.622125013517896e-06,-0.00011832458231490706,-2.8069857900387145e-05,0.17272971667934348,-4.913002801602126e-05,-1.3687474574858503e-05,0.5284915265117406,0.00016764694202538196,5.096344214150325e-05
170,True,1.7100000000000013,6.241218808423874,False,False,0.0,False,,-0.15,0.0,-0.73304,-0.58496,-0.50477,-0.4000000000000001,0.0,0.0,0.0,0.0,0.0,0.17,0.0,0.0,0.52333,0.0,0.0,-0.15,0.0,-0.73304,-0.58496,-0.50477,-0.4000000000000001,0.0,0.0,0.0,0.0,0.0,0.17,0.0,0.0,0.52333,0.0,0.0,-0.16665541653214117,-0.004068118807117745,-0.7400355601929927,-0.5878529923708571,-0.5053019666175859,-0.4037621545432969,-0.00016852216228933938,-4.4349247665871276e-05,2.624790976206845e-06,-0.00011832775796722625,-2.8091481215176365e-05,0.17273036218614649,-4.9109671054689694e-05,-1.369806455692073e-05,0.5284921363887496,0.0001677857123584363,5.1002304870305e-05
171,True,1.7200000000000013,6.241221962116788,False,False,0.0,False,,-0.15,0.0,-0.73304,-0.58496,-0.50477,-0.4000000000000001,0.0,0.0,0.0,0.0,0.0,0.17,0.0,0.0,0.52333,0.0,0.0,-0.15,0.0,-0.73304,-0.58496,-0.50477,-0.4000000000000001,0.0,0.0,0.0,0.0,0.0,0.17,0.0,0.0,0.52333,0.0,0.0,-0.16665400915613696,-0.004068670601842654,-0.7400360992254594,-0.5878534758555488,-0.5053023557791632,-0.4037627682423573,-0.00016860907218567775,-4.438270384165975e-05,2.627412160615418e-06,-0.00011833105458938666,-2.811272961754012e-05,0.17273099683412443,-4.908985877226677e-05,-1.3708490159009179e-05,0.5284927355201403,0.00016792179495660615,5.1040387863582885e-05
172,True,1.7300000000000013,6.2412250627514885,False,False,0.0,False,,-0.15,0.0,-0.73304,-0.58496,-0.50477,-0.4000000000000001,0.0,0.0,0.0,0.0,0.0,0.17,0.0,0.0,0.52333,0.0,0.0,-0.15,0.0,-0.73304,-0.58496,-0.50477,-0.4000000000000001,0.0,0.0,0.0,0.0,0.0,0.17,0.0,0.0,0.52333,0.0,0.0,-0.16665261061934858,-0.004069212702690955,-0.7400366286972442,-0.5878539502623837,-0.5053027374515163,-0.40376337131728784,-0.00016869453336649585,-4.441555995348468e-05,2.6299893188740294e-06,-0.0001183344688587688,-2.813361004557116e-05,0.17273162080582616,-4.9070580216525544e-05,-1.3718754300360198e-05,0.5284933240949952,0.00016805524023297256,5.107770623758779e-05
173,True,1.7400000000000013,6.2412281112201695,False,False,0.0,False,,-0.15,0.0,-0.73304,-0.58496,-0.50477,-0.4000000000000001,0.0,0.0,0.0,0.0,0.0,0.17,0.0,0.0,0.52333,0.0,0.0,-0.15,0.0,-0.73304,-0.58496,-0.50477,-0.4000000000000001,0.0,0.0,0.0,0.0,0.0,0.17,0.0,0.0,0.52333,0.0,0.0,-0.16665122086625397,-0.004069745280714611,-0.7400371487777563,-0.5878544157622049,-0.505303111778882,-0.40376396395182323,-0.00016877857148753139,-4.444782721886465e-05,2.632523190479573e-06,-0.00011833799752023761,-2.8154129305929186e-05,0.17273223428073237,-4.905182464011595e-05,-1.372885984551548e-05,0.5284939022990709,0.00016818609766486794,5.1114274818646e-05
174,True,1.7500000000000013,6.241231108399949,False,False,0.0,False,,-0.15,0.0,-0.73304,-0.58496,-0.50477,-0.4000000000000001,0.0,0.0,0.0,0.0,0.0,0.17,0.0,0.0,0.52333,0.0,0.0,-0.15,0.0,-0.73304,-0.58496,-0.50477,-0.4000000000000001,0.0,0.0,0.0,0.0,0.0,0.17,0.0,0.0,0.52333,0.0,0.0,-0.16664983984167978,-0.0040702685039425,-0.7400376596334043,-0.5878548725226374,-0.5053034789027187,-0.403764546326522,-0.00016886121173978274,-4.4479516642562985e-05,2.635014502507656e-06,-0.00011834163738487062,-2.817429407635041e-05,0.1727328374353072,-4.903358149681871e-05,-1.3738809605365968e-05,0.5284944703148572,0.00016831441581118418,5.115010814870111e-05
175,True,1.7600000000000013,6.2412340551532575,False,False,0.0,False,,-0.15,0.0,-0.73304,-0.58496,-0.50477,-0.4000000000000001,0.0,0.0,0.0,0.0,0.0,0.17,0.0,0.0,0.52333,0.0,0.0,-0.15,0.0,-0.73304,-0.58496,-0.50477,-0.4000000000000001,0.0,0.0,0.0,0.0,0.0,0.17,0.0,0.0,0.52333,0.0,0.0,-0.16664846749079917,-0.004070782537433877,-0.7400381614276488,-0.587855320708149,-0.5053038389617598,-0.403765118618821,-0.00016894247885799465,-4.4510639020642776e-05,2.637463969821251e-06,-0.00011834538532870948,-2.8194110908109067e-05,0.17273343044304904,-4.901584043786725e-05,-1.3748606338175708e-05,0.5284950283216343,0.0001684402423293612,5.118522049075005e-05
176,True,1.7700000000000014,6.241236952328001,False,False,0.0,False,,-0.15,0.0,-0.73304,-0.58496,-0.50477,-0.4000000000000001,0.0,0.0,0.0,0.0,0.0,0.17,0.0,0.0,0.52333,0.0,0.0,-0.15,0.0,-0.73304,-0.58496,-0.50477,-0.4000000000000001,0.0,0.0,0.0,0.0,0.0,0.17,0.0,0.0,0.52333,0.0,0.0,-0.16664710375912992,-0.004071287543330887,-0.7400386543210552,-0.5878557604801106,-0.5053041920920659,-0.4037656810030898,-0.00016902239712898864,-4.454120494444454e-05,2.6398722952758086e-06,-0.00011834923829153459,-2.8213586228431798e-05,0.17273401347454018,-4.89985913083363e-05,-1.3758252750586053e-05,0.5284955764955289,0.00016856362399206155,5.121962583417538e-05
177,True,1.7800000000000014,6.241239800757846,False,False,0.0,False,,-0.15,0.0,-0.73304,-0.58496,-0.50477,-0.4000000000000001,0.0,0.0,0.0,0.0,0.0,0.17,0.0,0.0,0.52333,0.0,0.0,-0.15,0.0,-0.73304,-0.58496,-0.50477,-0.4000000000000001,0.0,0.0,0.0,0.0,0.0,0.17,0.0,0.0,0.52333,0.0,0.0,-0.1666457485925319,-0.004071783680910153,-0.7400391384713446,-0.5878561919968534,-0.5053045384270769,-0.40376623365068337,-0.00016910099039984093,-4.457122480448791e-05,2.642240169920966e-06,-0.00011835319327566218,-2.823272634286582e-05,0.17273458669749592,-4.898182414359609e-05,-1.3767751498600598e-05,0.5284961150095702,0.00016868460670353724,5.1253337899975685e-05
178,True,1.7900000000000014,6.241242601262402,False,False,0.0,False,,-0.15,0.0,-0.73304,-0.58496,-0.50477,-0.4000000000000001,0.0,0.0,0.0,0.0,0.0,0.17,0.0,0.0,0.52333,0.0,0.0,-0.15,0.0,-0.73304,-0.58496,-0.50477,-0.4000000000000001,0.0,0.0,0.0,0.0,0.0,0.17,0.0,0.0,0.52333,0.0,0.0,-0.16664440193720514,-0.004072271106633443,-0.7400396140334443,-0.5878566154137269,-0.5053048780976621,-0.4037667767299942,-0.00016917828208591062,-4.460070879429891e-05,2.6445682731988275e-06,-0.00011835724734476361,-2.8251537437601764e-05,0.17273515027681288,-4.896552916583086e-05,-1.3777105188551182e-05,0.5284966440337439,0.00016880323551569343,5.1286370145896135e-05
179,True,1.8000000000000014,6.241245354647535,False,False,0.0,False,,-0.15,0.0,-0.73304,-0.58496,-0.50477,-0.4000000000000001,0.0,0.0,0.0,0.0,0.0,0.17,0.0,0.0,0.52333,0.0,0.0,-0.15,0.0,-0.73304,-0.58496,-0.50477,-0.4000000000000001,0.0,0.0,0.0,0.0,0.0,0.17,0.0,0.0,0.52333,0.0,0.0,-0.16664306373968765,-0.004072749974197453,-0.7400400811595373,-0.5878570308831547,-0.5053052112321698,-0.40376731040650393,-0.00016925429517872088,-4.462966691416404e-05,2.6468572731389468e-06,-0.00011836139762270641,-2.8270025581752044e-05,0.17273570437461616,-4.894969678062053e-05,-1.3786316378045369e-05,0.5284971637350461,0.00016891955464385644,5.131873577146104e-05
180,True,1.8100000000000014,6.241248061705559,False,False,0.0,False,,-0.15,0.0,-0.73304,-0.58496,-0.50477,-0.4000000000000001,0.0,0.0,0.0,0.0,0.0,0.17,0.0,0.0,0.52333,0.0,0.0,-0.15,0.0,-0.73304,-0.58496,-0.50477,-0.4000000000000001,0.0,0.0,0.0,0.0,0.0,0.17,0.0,0.0,0.52333,0.0,0.0,-0.16664173394685322,-0.004073220434582701,-0.7400405399991106,-0.5878574385546897,-0.5053055379564755,-0.403767834842833,-0.00016932905225369594,-4.4658108974812794e-05,2.649107826550049e-06,-0.00011836564129241668,-2.828819672958562e-05,0.17273624915030597,-4.893431757358449e-05,-1.3795387576895725e-05,0.5284976742775357,0.0001690336074822494,5.1350447722910356e-05
181,True,1.8200000000000014,6.241250723215466,False,False,0.0,False,,-0.15,0.0,-0.73304,-0.58496,-0.50477,-0.4000000000000001,0.0,0.0,0.0,0.0,0.0,0.17,0.0,0.0,0.52333,0.0,0.0,-0.15,0.0,-0.73304,-0.58496,-0.50477,-0.4000000000000001,0.0,0.0,0.0,0.0,0.0,0.17,0.0,0.0,0.52333,0.0,0.0,-0.16664041250590947,-0.004073682636101557,-0.7400409906990035,-0.5878578385750686,-0.5053058583940304,-0.40376835019879076,-0.00016940257547775622,-4.468604460102984e-05,2.651320579208442e-06,-0.00011836997559476242,-2.8306056722719993e-05,0.17273678476060345,-4.891938230708625e-05,-1.3804321248031273e-05,0.528498175822386,0.00016914543661918264,5.1381518698041836e-05
182,True,1.8300000000000014,6.241253339943123,False,False,0.0,False,,-0.15,0.0,-0.73304,-0.58496,-0.50477,-0.4000000000000001,0.0,0.0,0.0,0.0,0.0,0.17,0.0,0.0,0.52333,0.0,0.0,-0.15,0.0,-0.73304,-0.58496,-0.50477,-0.4000000000000001,0.0,0.0,0.0,0.0,0.0,0.17,0.0,0.0,0.52333,0.0,0.0,-0.16663909936439553,-0.004074136724445427,-0.7400414334034543,-0.587858231088264,-0.5053061726659073,-0.40376885663142353,-0.00016947488661677468,-4.4713483235198225e-05,2.653496166043399e-06,-0.0001183743978274575,-2.8323611292271213e-05,0.17273731135959577,-4.89048819169979e-05,-1.3813119808391428e-05,0.5284986685279357,0.00016925508385196315,5.141196115096084e-05
183,True,1.8400000000000014,6.241255912641554,False,False,0.0,False,,-0.15,0.0,-0.73304,-0.58496,-0.50477,-0.4000000000000001,0.0,0.0,0.0,0.0,0.0,0.17,0.0,0.0,0.52333,0.0,0.0,-0.15,0.0,-0.73304,-0.58496,-0.50477,-0.4000000000000001,0.0,0.0,0.0,0.0,0.0,0.17,0.0,0.0,0.52333,0.0,0.0,-0.16663779447018023,-0.004074582842731099,-0.7400418682541459,-0.5878586162355374,-0.5053064808908468,-0.4037693542950628,-0.00016954600704289656,-4.4740434140774974e-05,2.6556352113193267e-06,-0.00011837890534398576,-2.8340866060962762e-05,0.17273782909878024,-4.8890807509523334e-05,-1.3821785629802806e-05,0.5284991525497382,0.00016936259020152862,5.144178729673933e-05
184,True,1.8500000000000014,6.241258442051086,False,False,0.0,False,,-0.15,0.0,-0.73304,-0.58496,-0.50477,-0.4000000000000001,0.0,0.0,0.0,0.0,0.0,0.17,0.0,0.0,0.52333,0.0,0.0,-0.15,0.0,-0.73304,-0.58496,-0.50477,-0.4000000000000001,0.0,0.0,0.0,0.0,0.0,0.17,0.0,0.0,0.52333,0.0,0.0,-0.16663649777145983,-0.004075021131546268,-0.7400422953902517,-0.5878589941554898,-0.5053067831853025,-0.40376984334137167,-0.00016961595774172484,-4.47669064057003e-05,2.65773832881489e-06,-0.00011838349555254498,-2.8357826545194067e-05,0.17273833812710798,-4.887715035807914e-05,-1.3830321039839173e-05,0.5284996280406112,0.0001694679959268111,5.1471009115985916e-05
185,True,1.8600000000000014,6.241260928899642,False,False,0.0,False,,-0.15,0.0,-0.73304,-0.58496,-0.50477,-0.4000000000000001,0.0,0.0,0.0,0.0,0.0,0.17,0.0,0.0,0.52333,0.0,0.0,-0.15,0.0,-0.73304,-0.58496,-0.50477,-0.4000000000000001,0.0,0.0,0.0,0.0,0.0,0.17,0.0,0.0,0.52333,0.0,0.0,-0.16663520921675598,-0.004075451728994261,-0.7400427149484797,-0.5878593649841122,-0.505307079663484,-0.40377032391939155,-0.00016968475931937487,-4.479290894574176e-05,2.6598061219991723e-06,-0.00011838816591501039,-2.8374498157069404e-05,0.1727388385910266,-4.886390190023211e-05,-1.3838728322664908e-05,0.5285000951506846,0.0001695713405388353,5.149963835932871e-05
186,True,1.8700000000000014,6.241263373902914,False,False,0.0,False,,-0.15,0.0,-0.73304,-0.58496,-0.50477,-0.4000000000000001,0.0,0.0,0.0,0.0,0.0,0.17,0.0,0.0,0.52333,0.0,0.0,-0.15,0.0,-0.73304,-0.58496,-0.50477,-0.4000000000000001,0.0,0.0,0.0,0.0,0.0,0.17,0.0,0.0,0.52333,0.0,0.0,-0.16663392875491376,-0.004075874770737971,-0.7400431270631165,-0.5878597288548341,-0.5053073704374014,-0.4037707961755871,-0.00016975243200939905,-4.481845050777458e-05,2.6618391842048044e-06,-0.00011839291394591713,-2.8390886206387995e-05,0.17273933063452226,-4.885105373469235e-05,-1.3847009719862281e-05,0.5285005540274473,0.00016967266281455638,5.1527686551812454e-05
187,True,1.8800000000000014,6.2412657777644815,False,False,0.0,False,,-0.15,0.0,-0.73304,-0.58496,-0.50477,-0.4000000000000001,0.0,0.0,0.0,0.0,0.0,0.17,0.0,0.0,0.52333,0.0,0.0,-0.15,0.0,-0.73304,-0.58496,-0.50477,-0.4000000000000001,0.0,0.0,0.0,0.0,0.0,0.17,0.0,0.0,0.52333,0.0,0.0,-0.16663265633509958,-0.004076290390043006,-0.7400435318660695,-0.5878600858985725,-0.5053076556169069,-0.40377126025389065,-0.00016981899567958524,-4.484353967299934e-05,2.663838098798267e-06,-0.00011839773721146163,-2.8406995902596002e-05,0.17273981439916125,-4.8838597618360976e-05,-1.3855167431242834e-05,0.5285010048157944,0.00016977200081044215,5.155516499721176e-05
188,True,1.8900000000000015,6.241268141176159,False,False,0.0,False,,-0.15,0.0,-0.73304,-0.58496,-0.50477,-0.4000000000000001,0.0,0.0,0.0,0.0,0.0,0.17,0.0,0.0,0.52333,0.0,0.0,-0.15,0.0,-0.73304,-0.58496,-0.50477,-0.4000000000000001,0.0,0.0,0.0,0.0,0.0,0.17,0.0,0.0,0.52333,0.0,0.0,-0.1666313919067992,-0.004076698717820082,-0.7400439294869098,-0.5878604362437789,-0.5053079353097367,-0.40377171629574643,-0.0001698844698386306,-4.4868184860098215e-05,2.6658034393472647e-06,-0.00011840263332852138,-2.842283235670116e-05,0.1727402900241303,-4.8826525463431416e-05,-1.3863203615643217e-05,0.5285014476580726,0.00016986939187580398,5.158208478226195e-05
189,True,1.9000000000000015,6.241270464818125,False,False,0.0,False,,-0.15,0.0,-0.73304,-0.58496,-0.50477,-0.4000000000000001,0.0,0.0,0.0,0.0,0.0,0.17,0.0,0.0,0.52333,0.0,0.0,-0.15,0.0,-0.73304,-0.58496,-0.50477,-0.4000000000000001,0.0,0.0,0.0,0.0,0.0,0.17,0.0,0.0,0.52333,0.0,0.0,-0.16663013541981578,-0.0040770998826666635,-0.7400443200529132,-0.5878607800164855,-0.5053082096215514,-0.4037721644401532,-0.00016994887364269335,-4.4892394328331045e-05,2.6677357697853287e-06,-0.00011840759996369268,-2.843840058315076e-05,0.17274075764627694,-4.8814829334543406e-05,-1.3871120391705731e-05,0.5285018826941245,0.00016996487266588204,5.16084567808091e-05
190,True,1.9100000000000015,6.24127274935911,False,False,0.0,False,,-0.15,0.0,-0.73304,-0.58496,-0.50477,-0.4000000000000001,0.0,0.0,0.0,0.0,0.0,0.17,0.0,0.0,0.52333,0.0,0.0,-0.15,0.0,-0.73304,-0.58496,-0.50477,-0.4000000000000001,0.0,0.0,0.0,0.0,0.0,0.17,0.0,0.0,0.52333,0.0,0.0,-0.16662888682426769,-0.0040774940109078684,-0.7400447036891008,-0.5878611173403507,-0.5053084786559765,-0.4037726048237066,-0.0001700122259018244,-4.4916176180572215e-05,2.669635644573643e-06,-0.00011841263483234636,-2.8453705501673727e-05,0.17274121740014858,-4.880350144598859e-05,-1.3878919838643905e-05,0.528502310061333,0.00017005847915468796,5.163429165788088e-05
191,True,1.9200000000000015,6.2412749954566245,False,False,0.0,False,,-0.15,0.0,-0.73304,-0.58496,-0.50477,-0.4000000000000001,0.0,0.0,0.0,0.0,0.0,0.17,0.0,0.0,0.52333,0.0,0.0,-0.15,0.0,-0.73304,-0.58496,-0.50477,-0.4000000000000001,0.0,0.0,0.0,0.0,0.0,0.17,0.0,0.0,0.52333,0.0,0.0,-0.16662764607058675,-0.004077881226636648,-0.7400450805182793,-0.587861448336705,-0.5053087425146412,-0.4037730375806408,-0.0001700745450862815,-4.493953836628963e-05,2.671503608860159e-06,-0.00011841773569770068,-2.8468751939087384e-05,0.17274166941803124,-4.879253415896687e-05,-1.3886603996993381e-05,0.5285027298946648,0.00017015024664761093,5.165959987367953e-05
192,True,1.9300000000000015,6.241277203757059,False,False,0.0,False,,-0.15,0.0,-0.73304,-0.58496,-0.50477,-0.4000000000000001,0.0,0.0,0.0,0.0,0.0,0.17,0.0,0.0,0.52333,0.0,0.0,-0.15,0.0,-0.73304,-0.58496,-0.50477,-0.4000000000000001,0.0,0.0,0.0,0.0,0.0,0.17,0.0,0.0,0.52333,0.0,0.0,-0.16662641310951615,-0.00407826165175326,-0.7400454506610797,-0.5878617731245933,-0.5053090012972169,-0.40377346284286936,-0.00017013584933272744,-4.4962488684466795e-05,2.6733401986360055e-06,-0.00011842290036991156,-2.8483544631069696e-05,0.17274211382998747,-4.878191997889269e-05,-1.389417486934839e-05,0.5285031423267128,0.00017024020979379033,5.168439168749875e-05
193,True,1.9400000000000015,6.241279374896041,False,False,0.0,False,,-0.15,0.0,-0.73304,-0.58496,-0.50477,-0.4000000000000001,0.0,0.0,0.0,0.0,0.0,0.17,0.0,0.0,0.52333,0.0,0.0,-0.15,0.0,-0.73304,-0.58496,-0.50477,-0.4000000000000001,0.0,0.0,0.0,0.0,0.0,0.17,0.0,0.0,0.52333,0.0,0.0,-0.1666251878921085,-0.004078635406004038,-0.7400458142359964,-0.5878620918208189,-0.5053092551014553,-0.403773880740025,-0.00017019615645031547,-4.498503478646912e-05,2.6751459408893145e-06,-0.00011842812670517948,-2.849808822389757e-05,0.1727425507638938,-4.877165155275009e-05,-1.3901634421084099e-05,0.5285035474877373,0.00017032840259826012,5.1708677161565625e-05
194,True,1.9500000000000015,6.241281509498398,False,False,0.0,False,,-0.15,0.0,-0.73304,-0.58496,-0.50477,-0.4000000000000001,0.0,0.0,0.0,0.0,0.0,0.17,0.0,0.0,0.52333,0.0,0.0,-0.15,0.0,-0.73304,-0.58496,-0.50477,-0.4000000000000001,0.0,0.0,0.0,0.0,0.0,0.17,0.0,0.0,0.52333,0.0,0.0,-0.16662397036972393,-0.004079002607019479,-0.7400461713594245,-0.5878624045399853,-0.505309504023225,-0.4037742913994996,-0.00017025548392666254,-4.500718417885555e-05,2.6769213537564318e-06,-0.00011843341260487288,-2.851238727615189e-05,0.1727429803454776,-4.8761721666495954e-05,-1.3908984581065101e-05,0.5285039455057076,0.00017041485843386853,5.1732466164809274e-05
195,True,1.9600000000000015,6.241283608178548,False,False,0.0,False,,-0.15,0.0,-0.73304,-0.58496,-0.50477,-0.4000000000000001,0.0,0.0,0.0,0.0,0.0,0.17,0.0,0.0,0.52333,0.0,0.0,-0.15,0.0,-0.73304,-0.58496,-0.50477,-0.4000000000000001,0.0,0.0,0.0,0.0,0.0,0.17,0.0,0.0,0.52333,0.0,0.0,-0.16662276049402808,-0.0040793633703516555,-0.7400465221456972,-0.5878627113945378,-0.5053097481565477,-0.40377469494648227,-0.00017031384893371394,-4.502894422613645e-05,2.678666946670618e-06,-0.00011843875601466781,-2.8526446260389933e-05,0.17274340269835292,-4.87521232425103e-05,-1.391622724234031e-05,0.5285043365063422,0.0001704996100529777,5.17557683765575e-05
196,True,1.9700000000000015,6.241285671540492,False,False,0.0,False,,-0.15,0.0,-0.73304,-0.58496,-0.50477,-0.4000000000000001,0.0,0.0,0.0,0.0,0.0,0.17,0.0,0.0,0.52333,0.0,0.0,-0.15,0.0,-0.73304,-0.58496,-0.50477,-0.4000000000000001,0.0,0.0,0.0,0.0,0.0,0.17,0.0,0.0,0.52333,0.0,0.0,-0.1666215582169903,-0.004079717809510968,-0.7400468667071227,-0.5878630124948047,-0.5053099875936339,-0.4037750915039979,-0.00017037126833349998,-4.5050322153478994e-05,2.6803832205082324e-06,-0.00011844415492370346,-2.8540269564785784e-05,0.17274381794405613,-4.874284933709298e-05,-1.392336426282452e-05,0.5285047206131481,0.00017058268959894713,5.177859329016287e-05
197,True,1.9800000000000015,6.241287700178207,False,False,0.0,False,,-0.15,0.0,-0.73304,-0.58496,-0.50477,-0.4000000000000001,0.0,0.0,0.0,0.0,0.0,0.17,0.0,0.0,0.52333,0.0,0.0,-0.15,0.0,-0.73304,-0.58496,-0.50477,-0.4000000000000001,0.0,0.0,0.0,0.0,0.0,0.17,0.0,0.0,0.52333,0.0,0.0,-0.1666203634908816,-0.004080066036002245,-0.7400472051540196,-0.5878633079490356,-0.5053102224249182,-0.4037754811929443,-0.00017042775868378774,-4.5071325049360715e-05,2.6820706677324325e-06,-0.00011844960736375325,-2.8553861494739342e-05,0.172744226202081,-4.873389313800581e-05,-1.3930397465966905e-05,0.5285050979474601,0.0001706641286174047,5.180095021655951e-05
198,True,1.9900000000000015,6.2412896946755,False,False,0.0,False,,-0.15,0.0,-0.73304,-0.58496,-0.50477,-0.4000000000000001,0.0,0.0,0.0,0.0,0.0,0.17,0.0,0.0,0.52333,0.0,0.0,-0.15,0.0,-0.73304,-0.58496,-0.50477,-0.4000000000000001,0.0,0.0,0.0,0.0,0.0,0.17,0.0,0.0,0.52333,0.0,0.0,-0.1666191762682729,-0.004080408159360204,-0.7400475375947518,-0.5878635978634426,-0.5053104527390928,-0.4037758641321293,-0.00017048333624362927,-4.50919598681726e-05,2.683729772534524e-06,-0.00011845511140841128,-2.8567226274454556e-05,0.17274462758991277,-4.8725247962059385e-05,-1.393732864140669e-05,0.5285054686284786,0.00017074395806730976,5.182284828775193e-05
199,True,2.0000000000000013,6.241291655606523,False,False,0.0,False,,-0.15,0.0,-0.73304,-0.58496,-0.50477,-0.4000000000000001,0.0,0.0,0.0,0.0,0.0,0.17,0.0,0.0,0.52333,0.0,0.0,-0.15,0.0,-0.73304,-0.58496,-0.50477,-0.4000000000000001,0.0,0.0,0.0,0.0,0.0,0.17,0.0,0.0,0.52333,0.0,0.0,-0.16661799650203304,-0.00408074428718429,-0.7400478641357643,-0.5878638823422369,-0.5053106786231415,-0.4037762404383065,-0.00017053801697880822,-4.5112233432772404e-05,2.6853610109729105e-06,-0.00011846066517229383,-2.858036804848746e-05,0.172745022223062,-4.8716907252743674e-05,-1.3944159545616224e-05,0.5285058327733073,0.00017082220833181152,5.184429646023734e-05
200,True,2.0100000000000002,6.241293583535699,False,False,0.0,False,,-0.15,0.0,-0.73304,-0.58496,-0.50477,-0.4000000000000001,0.0,0.0,0.0,0.0,0.0,0.17,0.0,0.0,0.52333,0.0,0.0,-0.15,0.0,-0.73304,-0.58496,-0.50477,-0.4000000000000001,0.0,0.0,0.0,0.0,0.0,0.17,0.0,0.0,0.52333,0.0,0.0,-0.16661682414532694,-0.0040810745251728935,-0.7400481848816161,-0.5878641614876678,-0.5053109001623728,-0.40377661022621114,-0.0001705918165671868,-4.513215243698923e-05,2.6869648511096653e-06,-0.00011846626681025553,-2.859329088326457e-05,0.17274541021509787,-4.870886457790178e-05,-1.3950891902531758e-05,0.5285061904969904,0.000170898909228907,5.186530351836251e-05
201,True,2.019999999999999,6.241295479017975,False,False,0.0,False,,-0.15,0.0,-0.73304,-0.58496,-0.50477,-0.4000000000000001,0.0,0.0,0.0,0.0,0.0,0.17,0.0,0.0,0.52333,0.0,0.0,-0.15,0.0,-0.73304,-0.58496,-0.50477,-0.4000000000000001,0.0,0.0,0.0,0.0,0.0,0.17,0.0,0.0,0.52333,0.0,0.0,-0.16661565915161372,-0.00408139897715696,-0.7400484999350138,-0.587864435400059,-0.5053111174404517,-0.40377697360859466,-0.00017064475040395478,-4.515172344808033e-05,2.6885417531448557e-06,-0.00011847191451662017,-2.860599876857226e-05,0.17274579167768064,-4.8701113627445865e-05,-1.3957527404172093e-05,0.5285065419125482,0.0001709740900219018,5.188587807761651e-05
202,True,2.029999999999998,6.241297342598971,False,False,0.0,False,,-0.15,0.0,-0.73304,-0.58496,-0.50477,-0.4000000000000001,0.0,0.0,0.0,0.0,0.0,0.17,0.0,0.0,0.52333,0.0,0.0,-0.15,0.0,-0.73304,-0.58496,-0.50477,-0.4000000000000001,0.0,0.0,0.0,0.0,0.0,0.17,0.0,0.0,0.52333,0.0,0.0,-0.1666145014746449,-0.00408171774513302,-0.740048809396845,-0.5878647041778445,-0.5053113305394316,-0.40377733069625904,-0.00017069683360678282,-4.517095290914104e-05,2.6900921695486475e-06,-0.00011847760652442567,-2.8618495619017617e-05,0.1727461667205938,-4.8693648211114684e-05,-1.3964067711245379e-05,0.5285068871310128,0.0001710477794296777,5.190602858786068e-05
203,True,2.039999999999997,6.24129917481514,False,False,0.0,False,,-0.15,0.0,-0.73304,-0.58496,-0.50477,-0.4000000000000001,0.0,0.0,0.0,0.0,0.0,0.17,0.0,0.0,0.52333,0.0,0.0,-0.15,0.0,-0.73304,-0.58496,-0.50477,-0.4000000000000001,0.0,0.0,0.0,0.0,0.0,0.17,0.0,0.0,0.52333,0.0,0.0,-0.16661335106846262,-0.00408203092929561,-0.7400491133662098,-0.5878649679176057,-0.5053115395397851,-0.40377768159809085,-0.000170748081020881,-4.51898471414687e-05,2.6916165451910673e-06,-0.00011848334110468291,-2.863078527546135e-05,0.17274653545177568,-4.868646225627176e-05,-1.397051445374428e-05,0.5285072262614638,0.0001711200056367705,5.192576333649674e-05
204,True,2.049999999999996,6.241300976193904,False,False,0.0,False,,-0.15,0.0,-0.73304,-0.58496,-0.50477,-0.4000000000000001,0.0,0.0,0.0,0.0,0.0,0.17,0.0,0.0,0.52333,0.0,0.0,-0.15,0.0,-0.73304,-0.58496,-0.50477,-0.4000000000000001,0.0,0.0,0.0,0.0,0.0,0.17,0.0,0.0,0.52333,0.0,0.0,-0.16661220788739756,-0.004082338628069147,-0.7400494119404532,-0.5878652267141041,-0.5053117445204351,-0.40377802642109384,-0.00017079850722396506,-4.52084123468814e-05,2.6931153174697256e-06,-0.00011848911656564846,-2.8642871506423283e-05,0.17274689797735027,-4.867954980574368e-05,-1.39768692315297e-05,0.5285075594110618,0.0001711907963032618,5.194509045157452e-05
205,True,2.0599999999999947,6.241302747253801,False,False,0.0,False,,-0.15,0.0,-0.73304,-0.58496,-0.50477,-0.4000000000000001,0.0,0.0,0.0,0.0,0.0,0.17,0.0,0.0,0.52333,0.0,0.0,-0.15,0.0,-0.73304,-0.58496,-0.50477,-0.4000000000000001,0.0,0.0,0.0,0.0,0.0,0.17,0.0,0.0,0.52333,0.0,0.0,-0.1666110718860674,-0.0040826409381392184,-0.7400497052151951,-0.5878654806603177,-0.505311945558784,-0.4037783652704219,-0.00017084812653113185,-4.5226654609992626e-05,2.6945889164352966e-06,-0.00011849493125211067,-2.8654758009460966e-05,0.17274725440165792,-4.867290501569759e-05,-1.3983133614903351e-05,0.5285078866850823,0.0001712601785744875,5.196401790484031e-05
206,True,2.0699999999999936,6.241304488504727,False,False,0.0,False,,-0.15,0.0,-0.73304,-0.58496,-0.50477,-0.4000000000000001,0.0,0.0,0.0,0.0,0.0,0.17,0.0,0.0,0.52333,0.0,0.0,-0.15,0.0,-0.73304,-0.58496,-0.50477,-0.4000000000000001,0.0,0.0,0.0,0.0,0.0,0.17,0.0,0.0,0.52333,0.0,0.0,-0.16660994301937496,-0.0040829379544833335,-0.7400499932843619,-0.5878657298474734,-0.5053121427307432,-0.4037786982494108,-0.0001708969529996452,-4.5244579900442304e-05,2.696037764914947e-06,-0.00011850078354468899,-2.8666448412521913e-05,0.17274760482728518,-4.866652215355739e-05,-1.398930914516933e-05,0.5285082081869493,0.0001713281790905675,5.198255351472694e-05
207,True,2.0799999999999925,6.241306200447907,False,False,0.0,False,,-0.15,0.0,-0.73304,-0.58496,-0.50477,-0.4000000000000001,0.0,0.0,0.0,0.0,0.0,0.17,0.0,0.0,0.52333,0.0,0.0,-0.15,0.0,-0.73304,-0.58496,-0.50477,-0.4000000000000001,0.0,0.0,0.0,0.0,0.0,0.17,0.0,0.0,0.52333,0.0,0.0,-0.16660882124250626,-0.004083229770401116,-0.7400502762402164,-0.5878659743650803,-0.5053123361107617,-0.40377902545960986,-0.00017094500043363475,-4.526219407508545e-05,2.6974622786336363e-06,-0.00011850667185914625,-2.8677946275269954e-05,0.17274794935509438,-4.866039559595769e-05,-1.3995397335184912e-05,0.5285085240182673,0.00017139482399575868,5.2000704949286815e-05
208,True,2.0899999999999914,6.241307883576192,False,False,0.0,False,,-0.15,0.0,-0.73304,-0.58496,-0.50477,-0.4000000000000001,0.0,0.0,0.0,0.0,0.0,0.17,0.0,0.0,0.52333,0.0,0.0,-0.15,0.0,-0.73304,-0.58496,-0.50477,-0.4000000000000001,0.0,0.0,0.0,0.0,0.0,0.17,0.0,0.0,0.52333,0.0,0.0,-0.166607706510929,-0.004083516477543978,-0.7400505541733863,-0.5878662143009614,-0.5053125257718546,-0.40377934700081236,-0.00017099228238870827,-4.5279502880138916e-05,2.6988628663334594e-06,-0.00011851259464571368,-2.868925509038623e-05,0.1727482880842525,-4.8654519826735055e-05,-1.40013996699008e-05,0.5285088342788538,0.00017146013894763564,5.20184797290689e-05
209,True,2.0999999999999903,6.241309538374163,False,False,0.0,False,,-0.15,0.0,-0.73304,-0.58496,-0.50477,-0.4000000000000001,0.0,0.0,0.0,0.0,0.0,0.17,0.0,0.0,0.52333,0.0,0.0,-0.15,0.0,-0.73304,-0.58496,-0.50477,-0.4000000000000001,0.0,0.0,0.0,0.0,0.0,0.17,0.0,0.0,0.52333,0.0,0.0,-0.16660659878039047,-0.004083798165944255,-0.7400508271728943,-0.5878664497412871,-0.5053127117856305,-0.40377966297108653,-0.0001710388121764801,-4.529651195328723e-05,2.7002399298908854e-06,-0.00011851855038842846,-2.8700378284845278e-05,0.1727486211122597,-4.864888943495572e-05,-1.4007317606891028e-05,0.52850913906677,0.00017152414912610124,5.203588522994073e-05
210,True,2.109999999999989,6.241311165318192,False,False,0.0,False,,-0.15,0.0,-0.73304,-0.58496,-0.50477,-0.4000000000000001,0.0,0.0,0.0,0.0,0.0,0.17,0.0,0.0,0.52333,0.0,0.0,-0.15,0.0,-0.73304,-0.58496,-0.50477,-0.4000000000000001,0.0,0.0,0.0,0.0,0.0,0.17,0.0,0.0,0.52333,0.0,0.0,-0.16660549800691601,-0.004084074924043842,-0.7400510953261857,-0.5878666807706042,-0.505312894222319,-0.40377997346680483,-0.00017108460286901621,-4.53132268257483e-05,2.701593864432115e-06,-0.00011852453760448348,-2.871131922116675e-05,0.17274894853497735,-4.8643499112979165e-05,-1.4013152576872677e-05,0.528509438478353,0.00017158687924223102,5.2052928685856565e-05
211,True,2.119999999999988,6.241312764876719,False,False,0.0,False,,-0.15,0.0,-0.73304,-0.58496,-0.50477,-0.4000000000000001,0.0,0.0,0.0,0.0,0.0,0.17,0.0,0.0,0.52333,0.0,0.0,-0.15,0.0,-0.73304,-0.58496,-0.50477,-0.4000000000000001,0.0,0.0,0.0,0.0,0.0,0.17,0.0,0.0,0.52333,0.0,0.0,-0.1666044041468073,-0.004084346838722305,-0.7400513587191573,-0.587866907471868,-0.5053130731507961,-0.4037802785826737,-0.00017112966730319838,-4.532965292429958e-05,2.702925058446464e-06,-0.00011853055484358933,-2.872208119864312e-05,0.17274927044665564,-4.8638343654556964e-05,-1.4018905984215643e-05,0.5285097326082443,0.00017164835354695378,5.206961719157266e-05
212,True,2.129999999999987,6.24131433751027,False,False,0.0,False,,-0.15,0.0,-0.73304,-0.58496,-0.50477,-0.4000000000000001,0.0,0.0,0.0,0.0,0.0,0.17,0.0,0.0,0.52333,0.0,0.0,-0.15,0.0,-0.73304,-0.58496,-0.50477,-0.4000000000000001,0.0,0.0,0.0,0.0,0.0,0.17,0.0,0.0,0.52333,0.0,0.0,-0.16660331715664048,-0.004084613995324506,-0.7400516174361834,-0.5878671299264717,-0.5053132486386117,-0.4037805784117619,-0.00017117401808500827,-4.534579557326567e-05,2.70423389389785e-06,-0.0001185366006873478,-2.8732667454543978e-05,0.17274958693996045,-4.863341795296614e-05,-1.4024579207442647e-05,0.5285100215494214,0.00017170859583957217,5.2085957705310666e-05
213,True,2.139999999999986,6.241315883671583,False,False,0.0,False,,-0.15,0.0,-0.73304,-0.58496,-0.50477,-0.4000000000000001,0.0,0.0,0.0,0.0,0.0,0.17,0.0,0.0,0.52333,0.0,0.0,-0.15,0.0,-0.73304,-0.58496,-0.50477,-0.4000000000000001,0.0,0.0,0.0,0.0,0.0,0.17,0.0,0.0,0.52333,0.0,0.0,-0.16660223699326443,-0.0040848764776877395,-0.7400518715601444,-0.5878673482142757,-0.5053134207520142,-0.4037808730455292,-0.00017121766759373324,-4.5361659996467954e-05,2.705520746334347e-06,-0.0001185426737486373,-2.8743081165297237e-05,0.17274989810600022,-4.86287169991765e-05,-1.4030173599719638e-05,0.528510305393226,0.00017176762947612546,5.2101957051370135e-05
214,True,2.149999999999985,6.2413174038058745,False,False,0.0,False,,-0.15,0.0,-0.73304,-0.58496,-0.50477,-0.4000000000000001,0.0,0.0,0.0,0.0,0.0,0.17,0.0,0.0,0.52333,0.0,0.0,-0.15,0.0,-0.73304,-0.58496,-0.50477,-0.4000000000000001,0.0,0.0,0.0,0.0,0.0,0.17,0.0,0.0,0.52333,0.0,0.0,-0.1666011636137992,-0.004085134368168384,-0.7400521211724521,-0.5878675624136369,-0.5053135895559763,-0.40378116257385394,-0.0001712606279860952,-4.537725131913704e-05,2.706785984996013e-06,-0.0001185487726710095,-2.875332544764777e-05,0.17275020403435196,-4.862423588005128e-05,-1.4035690489336818e-05,0.5285105842293926,0.0001718254773775979,5.211762192269118e-05
215,True,2.1599999999999837,6.2413188983508086,False,False,0.0,False,,-0.15,0.0,-0.73304,-0.58496,-0.50477,-0.4000000000000001,0.0,0.0,0.0,0.0,0.0,0.17,0.0,0.0,0.52333,0.0,0.0,-0.15,0.0,-0.73304,-0.58496,-0.50477,-0.4000000000000001,0.0,0.0,0.0,0.0,0.0,0.17,0.0,0.0,0.52333,0.0,0.0,-0.16660009697563424,-0.00408538774766809,-0.7400523663530758,-0.5878677726014366,-0.5053137551142184,-0.4037814470850606,-0.000171302911200304,-4.53925745697887e-05,2.708029972920826e-06,-0.00011855489612809721,-2.8763403359793878e-05,0.17275050481308699,-4.861996977658056e-05,-1.404113118018043e-05,0.5285108581460778,0.00017188216203797523,5.213295888336812e-05
216,True,2.1699999999999826,6.241320367736748,False,False,0.0,False,,-0.15,0.0,-0.73304,-0.58496,-0.50477,-0.4000000000000001,0.0,0.0,0.0,0.0,0.0,0.17,0.0,0.0,0.52333,0.0,0.0,-0.15,0.0,-0.73304,-0.58496,-0.50477,-0.4000000000000001,0.0,0.0,0.0,0.0,0.0,0.17,0.0,0.0,0.52333,0.0,0.0,-0.16659903703642653,-0.0040856366956594945,-0.7400526071805686,-0.5878679788531088,-0.5053139174892344,-0.40378172666594636,-0.00017134452896003642,-4.540763468206405e-05,2.7092530670488333e-06,-0.00011856104282303333,-2.8773317902502032e-05,0.17275080052879638,-4.8615913962146804e-05,-1.4046496952195514e-05,0.5285111272298872,0.00017193770553215266,5.21479743711152e-05
217,True,2.1799999999999815,6.2413218123867304,False,False,0.0,False,,-0.15,0.0,-0.73304,-0.58496,-0.50477,-0.4000000000000001,0.0,0.0,0.0,0.0,0.0,0.17,0.0,0.0,0.52333,0.0,0.0,-0.15,0.0,-0.73304,-0.58496,-0.50477,-0.4000000000000001,0.0,0.0,0.0,0.0,0.0,0.17,0.0,0.0,0.52333,0.0,0.0,-0.16659798375409918,-0.004085881290211488,-0.7400528437320918,-0.5878681812426668,-0.505314076742314,-0.403782001401808,-0.00017138549277834265,-4.542243649653458e-05,2.7104556183246125e-06,-0.00011856721148788038,-2.8783072020200268e-05,0.1727510912666157,-4.861206380082189e-05,-1.4051789061839803e-05,0.528511391565903,0.00017199212952369615,5.216267469968512e-05
218,True,2.1899999999999804,6.241323232716805,False,False,0.0,False,,-0.15,0.0,-0.73304,-0.58496,-0.50477,-0.4000000000000001,0.0,0.0,0.0,0.0,0.0,0.17,0.0,0.0,0.52333,0.0,0.0,-0.15,0.0,-0.73304,-0.58496,-0.50477,-0.4000000000000001,0.0,0.0,0.0,0.0,0.0,0.17,0.0,0.0,0.52333,0.0,0.0,-0.16659693708683965,-0.004086121608014031,-0.7400530760834396,-0.5878683798427304,-0.5053142329335661,-0.40378227137646716,-0.00017142581396148126,-4.543698476247277e-05,2.7116379717979836e-06,-0.0001185734008830709,-2.8792668602050702e-05,0.17275137711024946,-4.860841474569526e-05,-1.4057008742528909e-05,0.5285116512377107,0.0001720454552724607,5.2177066061241396e-05
219,True,2.1999999999999793,6.241324629135915,False,False,0.0,False,,-0.15,0.0,-0.73304,-0.58496,-0.50477,-0.4000000000000001,0.0,0.0,0.0,0.0,0.0,0.17,0.0,0.0,0.52333,0.0,0.0,-0.15,0.0,-0.73304,-0.58496,-0.50477,-0.4000000000000001,0.0,0.0,0.0,0.0,0.0,0.17,0.0,0.0,0.52333,0.0,0.0,-0.16659589699309796,-0.0040863577244025385,-0.7400533043090637,-0.5878685747245522,-0.505314386121942,-0.40378253667229647,-0.00017146550361268388,-4.545128413958888e-05,2.7128004667229916e-06,-0.00011857960979685787,-2.880211048300153e-05,0.17275165814199536,-4.860496233723234e-05,-1.4062157205072985e-05,0.5285119063274253,0.00017209770364206753,5.219115452868546e-05
220,True,2.209999999999978,6.208262991582521,False,False,0.0,False,,-0.0,-0.6728542240788151,0.3491358163527301,-0.2094395102393196,0.639072005998797,0.041047851521401,0.4229990941803491,0.16185690559273344,0.17748470202053712,0.40309706917666427,0.363798642251707,0.058861798513081355,0.49654778211340234,0.2977061002017514,0.03202055652251217,0.18018724394840605,0.19359298525934923,-0.0,-0.6728542240788151,0.3491358163527301,-0.2094395102393196,0.639072005998797,0.041047851521401,0.4229990941803491,0.16185690559273344,0.17748470202053712,0.40309706917666427,0.363798642251707,0.058861798513081355,0.49654778211340234,0.2977061002017514,0.03202055652251217,0.18018724394840605,0.19359298525934923,-0.15688054725292272,-0.04350918692130012,-0.7041451560202199,-0.5584200348977728,-0.4653072497577997,-0.37151185904448825,0.032778023867969214,0.012516307424608379,0.012776622873540543,0.031036820692339682,0.02844317730547313,0.16485923033284225,0.03811394944232906,0.02313709993518215,0.49223189537521966,0.0143844913832769,0.015288705425763159
221,True,2.219999999999977,6.155056477823191,False,False,0.0,False,,-0.0,-0.7050172599728156,0.37523885993940137,-0.2094395102393195,0.6495956442518912,0.044617202765165516,0.43589973441294694,0.16074953265785102,0.18694556412191538,0.4038382878967943,0.36937079683124746,0.06458313476916386,0.4878714915179158,0.3138253073700455,0.034810509254823645,0.17218760561337432,0.20287843959183702,-0.0,-0.7050172599728156,0.37523885993940137,-0.2094395102393195,0.6495956442518912,0.044617202765165516,0.43589973441294694,0.16074953265785102,0.18694556412191538,0.4038382878967943,0.36937079683124746,0.06458313476916386,0.4878714915179158,0.3138253073700455,0.034810509254823645,0.17218760561337432,0.20287843959183702,-0.13907681546686498,-0.11859402129639457,-0.6336819498422808,-0.5059217692047128,-0.3895917650808165,-0.3119442285966131,0.09270176752783627,0.03489907364128633,0.03709652129268643,0.08701413938482701,0.07964431101937884,0.15061582123625616,0.10611895024887522,0.06581081777211649,0.4260319873763844,0.039056949468544676,0.043120542441591324
222,True,2.229999999999976,6.1055248916962865,False,False,0.0,False,,-0.0,-0.7041073801104593,0.38509401484869643,-0.2094395102393195,0.6506267019266079,0.03905063314208023,0.4450923061900611,0.16133430422509162,0.1883771078153249,0.4043493430282131,0.36923820419396425,0.059330701578296466,0.4894411878645383,0.31730867411908537,0.028401002872989262,0.170466494400459,0.20395805385604182,-0.0,-0.7041073801104593,0.38509401484869643,-0.2094395102393195,0.6506267019266079,0.03905063314208023,0.4450923061900611,0.16133430422509162,0.1883771078153249,0.4043493430282131,0.36923820419396425,0.059330701578296466,0.4894411878645383,0.31730867411908537,0.028401002872989262,0.170466494400459,0.20395805385604182,-0.11949516705624064,-0.20838773050451642,-0.5474966283498799,-0.45017601595558415,-0.299465206631369,-0.2471106766922202,0.15793712061815607,0.05872024487969676,0.06444455624329794,0.14690400783051852,0.13432431436788853,0.13483362901530896,0.17857497811988443,0.11242663121867084,0.3537095866241772,0.06461223210411526,0.07321316474288196
223,True,2.239999999999975,5.910114133109286,False,False,0.0,False,,-0.0,-0.7426124739616996,0.3822348762348116,-0.20943951023931948,0.6712165919436144,0.035405006170182815,0.46621189037165944,0.14627751655340687,0.18552869158599752,0.4220208037351426,0.3665468099166015,0.06218578163175761,0.4918211430232852,0.3393239997463456,0.030521338110184402,0.17327433551104685,0.21283469568930388,-0.0,-0.7426124739616996,0.3822348762348116,-0.20943951023931948,0.6712165919436144,0.035405006170182815,0.46621189037165944,0.14627751655340687,0.18552869158599752,0.4220208037351426,0.3665468099166015,0.06218578163175761,0.4918211430232852,0.3393239997463456,0.030521338110184402,0.17327433551104685,0.21283469568930388,-0.10076838174274759,-0.30378341222928884,-0.4543997691696475,-0.39969764690910675,-0.2035448026345943,-0.18749799888758467,0.21976920384334422,0.07919611321957724,0.09006216921868786,0.20289900333272895,0.18380787149091785,0.12003606738575247,0.24483243331073729,0.15710680692968032,0.2866162282801245,0.08764042671723277,0.1014121184494901
224,True,2.249999999999974,5.334315816166953,False,False,0.0,False,,-0.0,-0.6505106967987813,0.3277936202350564,-0.2094395102393195,0.6754696199960143,0.029944869932619394,0.4644436943081292,0.13159496427105494,0.17327847107964411,0.414045589621626,0.3586110542575611,0.05484732956201068,0.47760295700295513,0.3250692192806841,0.028801149823813918,0.17778699469415876,0.20528485089694676,-0.0,-0.6505106967987813,0.3277936202350564,-0.2094395102393195,0.6754696199960143,0.029944869932619394,0.4644436943081292,0.13159496427105494,0.17327847107964411,0.414045589621626,0.3586110542575611,0.05484732956201068,0.47760295700295513,0.3250692192806841,0.028801149823813918,0.17778699469415876,0.20528485089694676,-0.08406509465109141,-0.3876273555682401,-0.36390884680752367,-0.35767932224454996,-0.10538888980799639,-0.13724091299629726,0.2737142585611828,0.09420360350568378,0.11114242178591366,0.2509137770214386,0.22468463752366954,0.10682711821994487,0.2999487247052962,0.19553205894105274,0.229159086297811,0.10736751933732877,0.12526680281772565
225,True,2.2599999999999727,4.358440667391923,False,True,0.0,False,,-0.0,-0.6822388433983724,0.34376077209283334,-0.2094395102393195,0.6587395969355241,0.027607949631958093,0.47035229144398005,0.1262752314215479,0.17248455174059993,0.42173050761437486,0.3582870304824181,0.05535832761820796,0.4923609292520008,0.3186270537708586,0.02989895514333909,0.18880539283037628,0.2086708251789303,-0.0,-0.6822388433983724,0.34376077209283334,-0.2094395102393195,0.6587395969355241,0.027607949631958093,0.47035229144398005,0.1262752314215479,0.17248455174059993,0.42173050761437486,0.3582870304824181,0.05535832761820796,0.4923609292520008,0.3186270537708586,0.02989895514333909,0.18880539283037628,0.2086708251789303,-0.06931675664016382,-0.45596637255956485,-0.28450149974687877,-0.32397454728880204,-0.006323620827430444,-0.09700123772835915,0.31858691008126877,0.1042721495988459,0.12738807992936865,0.2904142266190687,0.256967435689861,0.09552197396650781,0.34471567851598084,0.22585764812001177,0.18227681600337922,0.12446812160760745,0.14453349811152108
226,True,2.2699999999999716,3.22958846968798,False,True,0.0,False,,-0.0,-0.6822388433983724,0.34376077209283334,-0.2094395102393195,0.6587395969355241,0.027607949631958093,0.47035229144398005,0.1262752314215479,0.17248455174059993,0.42173050761437486,0.3582870304824181,0.05535832761820796,0.4923609292520008,0.3186270537708586,0.02989895514333909,0.18880539283037628,0.2086708251789303,-0.0,-0.6822388433983724,0.34376077209283334,-0.2094395102393195,0.6587395969355241,0.027607949631958093,0.47035229144398005,0.1262752314215479,0.17248455174059993,0.42173050761437486,0.3582870304824181,0.05535832761820796,0.4923609292520008,0.3186270537708586,0.02989895514333909,0.18880539283037628,0.2086708251789303,-0.056399620197631464,-0.5110311749565483,-0.2188138118455208,-0.29746735615627246,0.09313966084240263,-0.06568359174804342,0.3547540018501753,0.11096174108590981,0.13966887132505745,0.3221230066001196,0.2819761461748055,0.08631323884957899,0.3805805570136247,0.2490937335825954,0.14522712535158802,0.13892518350615182,0.15981878504557975
227,True,2.2799999999999705,2.383800814111113,False,True,0.0,False,,-0.0,-0.7158097378661656,0.36416292572889447,-0.2094395102393195,0.6479559040658806,0.027677114497767955,0.46327315492678,0.13383448727801164,0.17315700203958112,0.40704323024220085,0.37258287798593925,0.05800043302711209,0.4917327050794351,0.3248947693183459,0.034239093000290814,0.17383953502429386,0.22364074427433112,-0.0,-0.7158097378661656,0.36416292572889447,-0.2094395102393195,0.6479559040658806,0.027677114497767955,0.46327315492678,0.13383448727801164,0.17315700203958112,0.40704323024220085,0.37258287798593925,0.05800043302711209,0.4917327050794351,0.3248947693183459,0.034239093000290814,0.17383953502429386,0.22364074427433112,-0.04534888013672353,-0.5566432849086775,-0.16644052280993016,-0.2768330529408552,0.19257662915787122,-0.04172897128494806,0.38258290205101897,0.11609655709174442,0.1488850244202722,0.345797525342715,0.302242913160582,0.0792331502879152,0.40853423466457595,0.2672220540890725,0.11687565590831714,0.14944795897749946,0.17289330604480285
228,True,2.2899999999999694,1.7561157698380523,False,True,0.0,False,,-0.0,-0.694747563141425,0.3649721898656544,-0.20943951023931948,0.6405530240667735,0.03056810591780013,0.43401520964832474,0.1468450325130216,0.1773352880671351,0.3680960565194765,0.41113170015258854,0.05908310223111788,0.44960458007197956,0.3808554600631194,0.03132603561866158,0.12550934554605508,0.2806894307550426,-0.0,-0.694747563141425,0.3649721898656544,-0.20943951023931948,0.6405530240667735,0.03056810591780013,0.43401520964832474,0.1468450325130216,0.1773352880671351,0.3680960565194765,0.41113170015258854,0.05908310223111788,0.44960458007197956,0.3808554600631194,0.03132603561866158,0.12550934554605508,0.2806894307550426,-0.03641050705706894,-0.5926395760282351,-0.12571045596752528,-0.26095723837215234,0.2853338904618625,-0.023424639524708118,0.4011995458271556,0.12132638303476495,0.15605480290632034,0.3598134029637638,0.3218205664038269,0.07404523465977426,0.42667205030399913,0.2858306798358732,0.09538197079693575,0.15284924618043322,0.18863973780949042
229,True,2.2999999999999683,1.3217767503308098,False,True,0.0,False,,-0.0,-0.674043560922502,0.3394290619588261,-0.20943951023931956,0.7283467149540396,0.03379017385884385,0.4685166577074939,0.14174063546913354,0.1745683602731127,0.3913980580830635,0.42698180645001166,0.06570146152357256,0.4541711534171956,0.41771605840089315,0.03581382099062721,0.1154788360862365,0.3152143991154187,-0.0,-0.674043560922502,0.3394290619588261,-0.20943951023931956,0.7283467149540396,0.03379017385884385,0.4685166577074939,0.14174063546913354,0.1745683602731127,0.3913980580830635,0.42698180645001166,0.06570146152357256,0.4541711534171956,0.41771605840089315,0.03581382099062721,0.1154788360862365,0.3152143991154187,-0.028915366124539734,-0.6180617518277463,-0.0946710391008501,-0.24888407117540076,0.37134949116170396,-0.009275523968464957,0.4154122350883611,0.12604460236804166,0.161484101493864,0.368489652911819,0.3415234809912794,0.07079598297293244,0.43738158391508286,0.3075021444280379,0.07948726187577378,0.1503458353069846,0.20854337688006433
230,True,2.309999999999967,1.0597061064620312,False,True,0.0,False,,-0.0,-0.6128124886825044,0.3186267482624236,-0.20943951023931956,0.6466173483464092,0.037199484278127755,0.4121082745477863,0.17251723903176397,0.16799647474931384,0.3205100286921084,0.4723094571622308,0.06402356854999136,0.39909460224767024,0.4692063048494111,0.017567150485153248,0.10076688562374418,0.31044627606196784,-0.0,-0.6128124886825044,0.3186267482624236,-0.20943951023931956,0.6466173483464092,0.037199484278127755,0.4121082745477863,0.17251723903176397,0.16799647474931384,0.3205100286921084,0.4723094571622308,0.06402356854999136,0.39909460224767024,0.4692063048494111,0.017567150485153248,0.10076688562374418,0.31044627606196784,-0.02314319707212516,-0.6306405152404129,-0.07130464547312138,-0.2397691148745768,0.441472549571837,0.001873374341303467,0.423150363906214,0.13225336499903634,0.16496238982896724,0.3694567491024445,0.3631787187002911,0.06887740809863652,0.4397598931915388,0.3333603423262342,0.06658306861826942,0.14416777419182292,0.2287247538249371
231,True,2.319999999999966,0.9247859975778592,False,True,0.0,False,,-0.0,-0.6276575487884866,0.3146385890623696,-0.20943951023931956,0.6536340295921517,0.03595024987543011,0.4309694355747677,0.17302507034969936,0.163197605221029,0.3407477745460935,0.46446631233993735,0.06331122020692712,0.4274981701772299,0.4603424025167826,0.011575160910059041,0.13295911400483812,0.30326438899570046,-0.0,-0.6276575487884866,0.3146385890623696,-0.20943951023931956,0.6536340295921517,0.03595024987543011,0.4309694355747677,0.17302507034969936,0.163197605221029,0.3407477745460935,0.46446631233993735,0.06331122020692712,0.4274981701772299,0.4603424025167826,0.011575160910059041,0.13295911400483812,0.30326438899570046,-0.018450073257959904,-0.6352213702071018,-0.05390010930865353,-0.23280710439511695,0.4943514961759142,0.010506669436067173,0.4266431419773503,0.13955328086605118,0.16661242223409845,0.3660291599761467,0.3841867908875966,0.06765022671941662,0.4385450075322288,0.3591238655622455,0.05529309829826717,0.13915085389178194,0.24586421334043437
232,True,2.329999999999965,0.8408059047211417,False,True,0.0,False,,-0.0,-0.6037655589749111,0.3321386757419132,-0.20943951023931956,0.6189342544703279,0.036157211398824635,0.45177653114793603,0.14356858612820572,0.16222593108550531,0.35730339774467346,0.4287511950088202,0.05711925533264762,0.43624262367253597,0.41878497519006574,0.014567481200241487,0.14758167581290485,0.2811747362682704,-0.0,-0.6037655589749111,0.3321386757419132,-0.20943951023931956,0.6189342544703279,0.036157211398824635,0.45177653114793603,0.14356858612820572,0.16222593108550531,0.35730339774467346,0.4287511950088202,0.05711925533264762,0.43624262367253597,0.41878497519006574,0.014567481200241487,0.14758167581290485,0.2811747362682704,-0.014354012114711823,-0.6347166362769587,-0.04103982437948716,-0.22749891735561145,0.5316021616478859,0.017053786057462154,0.4302949770792141,0.14410296358992647,0.16710686507448344,0.3632264801543131,0.39930678361129945,0.0663860612737634,0.4377261725131936,0.37817902391197666,0.04596294372541733,0.1375140385625344,0.2577354166911671
233,True,2.339999999999964,0.7739883346044436,False,True,0.0,False,,-0.0,-0.5901963570367031,0.3510537186867812,-0.20941824081230684,0.6692489527699033,0.030666812475188827,0.4411036538715924,0.1506047886383164,0.15636735990860492,0.3838014126108109,0.38553217271046913,0.05184648511056945,0.48108807506675066,0.33319340626562177,0.016797442830216877,0.14926516435036252,0.2740401350280262,-0.0,-0.5901963570367031,0.3510537186867812,-0.20941824081230684,0.6692489527699033,0.030666812475188827,0.4411036538715924,0.1506047886383164,0.15636735990860492,0.3838014126108109,0.38553217271046913,0.05184648511056945,0.48108807506675066,0.33319340626562177,0.016797442830216877,0.14926516435036252,0.2740401350280262,-0.010778977574131897,-0.6302347071272753,-0.03159341146386372,-0.22349712065399416,0.5608048139575411,0.021568386989700174,0.4335701873361945,0.14643261752189493,0.16659176840013945,0.3635916449521032,0.40553808531237273,0.0646276427894883,0.4409047793303875,0.3839745109443868,0.03879713572169846,0.1381231889683836,0.264680916485219
234,True,2.349999999999963,0.7209353344237457,False,True,0.0,False,,-0.0,-0.5901963570367031,0.3510537186867812,-0.20941824081230684,0.6692489527699033,0.030666812475188827,0.4411036538715924,0.1506047886383164,0.15636735990860492,0.3838014126108109,0.38553217271046913,0.05184648511056945,0.48108807506675066,0.33319340626562177,0.016797442830216877,0.14926516435036252,0.2740401350280262,-0.0,-0.5901963570367031,0.3510537186867812,-0.20941824081230684,0.6692489527699033,0.030666812475188827,0.4411036538715924,0.1506047886383164,0.15636735990860492,0.3838014126108109,0.38553217271046913,0.05184648511056945,0.48108807506675066,0.33319340626562177,0.016797442830216877,0.14926516435036252,0.2740401350280262,-0.007856418477537066,-0.6241066786514172,-0.02465295037196948,-0.22046219118846896,0.5852863723324939,0.024495834012892584,0.4358829768159722,0.14786464901423313,0.16546867854964808,0.36617417256393786,0.40582094989852713,0.06264607625365849,0.4470492668454598,0.3804697025420779,0.033444308315031444,0.13963619086487022,0.26855359233252335
235,True,2.3599999999999617,0.6881238252556142,False,True,0.0,False,,-0.0,-0.47785904424858106,0.29974079831954625,-0.20943951023931956,0.633165402345404,0.038501166613120766,0.4362505867385944,0.15654990181410838,0.15666059429313875,0.33489621109654266,0.43770704297339735,0.05297092301416808,0.4343650347002804,0.39938357225543497,0.010906253387308775,0.13747179098706752,0.2688991668341786,-0.0,-0.47785904424858106,0.29974079831954625,-0.20943951023931956,0.633165402345404,0.038501166613120766,0.4362505867385944,0.15654990181410838,0.15666059429313875,0.33489621109654266,0.43770704297339735,0.05297092301416808,0.4343650347002804,0.39938357225543497,0.010906253387308775,0.13747179098706752,0.2688991668341786,-0.005972062898348037,-0.6093781460289072,-0.019606151344125963,-0.21832228297564238,0.6021117525123693,0.026995417034962936,0.4371142587741881,0.14922612187812107,0.16421914400361207,0.3656678174102396,0.40775026783245816,0.06086097106213375,0.45015087387155767,0.37881235156110393,0.02902312717553675,0.14049030801121776,0.2703491252496524
236,True,2.3699999999999606,0.6672731985181256,False,True,0.0,False,,-0.0,-0.36330209043183337,0.2430925138820406,-0.17527496012816812,0.5566361908136471,0.041103243939630364,0.38363747742407533,0.1846777002981183,0.1526890689233694,0.282352418835047,0.47559751770660136,0.04671710583829467,0.390196997164567,0.4275813248787356,0.0038677282556632882,0.0914363975379422,0.27055745084207433,-0.0,-0.36330209043183337,0.2430925138820406,-0.17527496012816812,0.5566361908136471,0.041103243939630364,0.38363747742407533,0.1846777002981183,0.1526890689233694,0.282352418835047,0.47559751770660136,0.04671710583829467,0.390196997164567,0.4275813248787356,0.0038677282556632882,0.0914363975379422,0.27055745084207433,-0.0054507998276968036,-0.5797235305198937,-0.0159975377059319,-0.21424081423927552,0.6064816222964681,0.02952169781332178,0.4335773576784447,0.15288032053010878,0.16276953793979554,0.35805832828233763,0.415119323797894,0.058937172872282416,0.4464822453377915,0.38287322221727293,0.024744474643813866,0.13699534456631904,0.2710667223988485
237,True,2.3799999999999595,0.6650450188102701,False,True,0.0,False,,-0.0,-0.3393974345664052,0.2380799257897042,-0.18553415216073726,0.539760650432657,0.05217461522968628,0.3665431315897954,0.1844603595585191,0.15235877200844244,0.27143896015741753,0.4705223367674257,0.049693344373745445,0.38157364491469475,0.4235925042918967,0.0085614943893918,0.09706055278598245,0.2650946519371614,-0.0,-0.3393974345664052,0.2380799257897042,-0.18553415216073726,0.539760650432657,0.05217461522968628,0.3665431315897954,0.1844603595585191,0.15235877200844244,0.27143896015741753,0.4705223367674257,0.049693344373745445,0.38157364491469475,0.4235925042918967,0.0085614943893918,0.09706055278598245,0.2650946519371614,-0.005751509420474253,-0.541018673592804,-0.013390232601181247,-0.20920660052710455,0.6010842613854007,0.03269262458225472,0.4252325308218374,0.15811325898020176,0.16122137523361132,0.345571124097142,0.4248717274273058,0.05715644011974583,0.43811784509956336,0.3895307402812211,0.021101862968344855,0.13079626989761858,0.2709442794518246
238,True,2.3899999999999584,0.6781681751375926,False,True,0.0,False,,-0.0,-0.3393974345664052,0.2380799257897042,-0.18553415216073726,0.539760650432657,0.05217461522968628,0.3665431315897954,0.1844603595585191,0.15235877200844244,0.27143896015741753,0.4705223367674257,0.049693344373745445,0.38157364491469475,0.4235925042918967,0.0085614943893918,0.09706055278598245,0.2650946519371614,-0.0,-0.3393974345664052,0.2380799257897042,-0.18553415216073726,0.539760650432657,0.05217461522968628,0.3665431315897954,0.1844603595585191,0.15235877200844244,0.27143896015741753,0.4705223367674257,0.049693344373745445,0.38157364491469475,0.4235925042918967,0.0085614943893918,0.09706055278598245,0.2650946519371614,-0.006166833773964444,-0.5020644910152671,-0.011464464572698048,-0.20461785767497537,0.5917633885344091,0.03619896861667678,0.4152371308457993,0.16334229955749752,0.15978952481386738,0.3320988587625546,0.43421677739165787,0.05575229058726819,0.4284599035595932,0.3962772402493491,0.018329781692486367,0.12443154816688652,0.2703100880029474
239,True,2.3999999999999573,0.652012207164271,False,True,0.0,False,,-0.0,-0.3705008702900376,0.2529839822991372,-0.2094395102393196,0.6291544093234648,0.07683677513207977,0.42272096345349897,0.17116507348343793,0.1565499968091089,0.30686872998836145,0.4455872749689034,0.042677020254423444,0.4229243352158597,0.3911386591269576,-0.000782446315612393,0.15466677541695353,0.19044759929261904,-0.0,-0.3705008702900376,0.2529839822991372,-0.2094395102393196,0.6291544093234648,0.07683677513207977,0.42272096345349897,0.17116507348343793,0.1565499968091089,0.30686872998836145,0.4455872749689034,0.042677020254423444,0.4229243352158597,0.3911386591269576,-0.000782446315612393,0.15466677541695353,0.19044759929261904,-0.005927745914715346,-0.46986498570892643,-0.010013100646605532,-0.2024336588897156,0.5889678699824595,0.041285269216983264,0.40997489803194326,0.16685372077787033,0.15887437287346592,0.3225106806577623,0.4402955927264042,0.05416179077161369,0.42257001225243657,0.39974554776642546,0.015562514870690426,0.12317985477775246,0.26362518890669023
240,True,2.409999999999956,0.588602695831455,False,True,0.0,False,,-0.0,-0.3705008702900376,0.2529839822991372,-0.2094395102393196,0.6291544093234648,0.07683677513207977,0.42272096345349897,0.17116507348343793,0.1565499968091089,0.30686872998836145,0.4455872749689034,0.042677020254423444,0.4229243352158597,0.3911386591269576,-0.000782446315612393,0.15466677541695353,0.19044759929261904,-0.0,-0.3705008702900376,0.2529839822991372,-0.2094395102393196,0.6291544093234648,0.07683677513207977,0.42272096345349897,0.17116507348343793,0.1565499968091089,0.30686872998836145,0.4455872749689034,0.042677020254423444,0.4229243352158597,0.3911386591269576,-0.000782446315612393,0.15466677541695353,0.19044759929261904,-0.00523980404507121,-0.445377797681182,-0.009151439691207554,-0.20235080331511285,0.5925588288533702,0.04742091658495958,0.40937255152069163,0.16874531098285547,0.15844163605991768,0.3169585681049355,0.4433719020778396,0.05239959522924807,0.42039778870228894,0.40026450229633354,0.012748638926482729,0.1263224425152931,0.25239691896034255
241,True,2.419999999999955,0.5358952930009814,False,True,0.0,False,,-0.0,-0.39155278783485215,0.23614636566079925,-0.18258130973115416,0.6865905599966772,0.08503828774127575,0.47505001703533617,0.1676025938552649,0.1499931755971517,0.3332501602688251,0.44176035956750737,0.04277614473562924,0.44497030321537595,0.3868678015426696,-0.0013144440499027101,0.16292354635614922,0.18415899990383075,-0.0,-0.39155278783485215,0.23614636566079925,-0.18258130973115416,0.6865905599966772,0.08503828774127575,0.47505001703533617,0.1676025938552649,0.1499931755971517,0.3332501602688251,0.44176035956750737,0.04277614473562924,0.44497030321537595,0.3868678015426696,-0.0013144440499027101,0.16292354635614922,0.18415899990383075,-0.004184940503828118,-0.4286079604508624,-0.008918269795133545,-0.201129197636748,0.6028253184419108,0.053943653973302544,0.41478179234398355,0.16953695681584666,0.15779073213636127,0.3156496247613599,0.44464370043539214,0.050761146380521725,0.42166462091843687,0.39919274816086325,0.01018664049971755,0.1315369214054492,0.2401734956571863
242,True,2.429999999999954,0.530154072145474,False,True,0.0,False,,-0.0,-0.42991026053731024,0.2554419512173781,-0.18498502667039318,0.7695554848425464,0.10550925054819627,0.5149176830457836,0.1750312119376531,0.15444070244102434,0.36495226927538876,0.4046907832416702,0.055514474765272534,0.46186959679047146,0.4070635100235227,0.01119133216684706,0.17339239348440527,0.20135565461327784,-0.0,-0.42991026053731024,0.2554419512173781,-0.18498502667039318,0.7695554848425464,0.10550925054819627,0.5149176830457836,0.1750312119376531,0.15444070244102434,0.36495226927538876,0.4046907832416702,0.055514474765272534,0.46186959679047146,0.4070635100235227,0.01119133216684706,0.17339239348440527,0.20135565461327784,-0.002804506722815353,-0.42068611841556264,-0.008961578844054262,-0.19876490407026143,0.6233556808184881,0.06174128426744094,0.42711842726366317,0.17019011856682734,0.1571958855459441,0.319666571368797,0.44199507266554927,0.05021989680333074,0.4263267098273004,0.3989497897472853,0.008853894562364356,0.13810061036519847,0.2300976145394071
243,True,2.439999999999953,0.5635988221436651,False,True,0.0,False,,-0.0,-0.45517843684725295,0.22405378799219314,-0.1796561654024748,0.8129657711730505,0.09465591771745657,0.5696149548863176,0.17216483440129435,0.15370773492984258,0.3652698046290245,0.40330741877542364,0.05607921965296567,0.4638668711411396,0.4310423949800609,0.015000640708328947,0.17265264368902186,0.22537640069442544,-0.0,-0.45517843684725295,0.22405378799219314,-0.1796561654024748,0.8129657711730505,0.09465591771745657,0.5696149548863176,0.17216483440129435,0.15370773492984258,0.3652698046290245,0.40330741877542364,0.05607921965296567,0.4638668711411396,0.4310423949800609,0.015000640708328947,0.17265264368902186,0.22537640069442544,-0.001425945072322074,-0.4206918840016479,-0.00910507595551969,-0.19589166871554142,0.6522483572690023,0.06919471993208452,0.44662595456571585,0.17072369390569644,0.15680050174017823,0.3266690328191932,0.4365514782541966,0.0506947545999758,0.43264330574107585,0.40171596433951234,0.008908705148011415,0.14477240359860208,0.22463529433675308
244,True,2.4499999999999518,0.6318282613899293,False,True,0.0,False,,-0.0,-0.4457291773673663,0.18808334166082222,-0.1619355824339766,0.8229808641095234,0.09392727688881822,0.6207431940334872,0.1467788291741663,0.15724277803962577,0.36845373543938537,0.40712366509524234,0.06344584082517823,0.4707310705019838,0.44790154453489767,0.010618678317426982,0.14954950507123038,0.247598931003615,-0.0,-0.4457291773673663,0.18808334166082222,-0.1619355824339766,0.8229808641095234,0.09392727688881822,0.6207431940334872,0.1467788291741663,0.15724277803962577,0.36845373543938537,0.40712366509524234,0.06344584082517823,0.4707310705019838,0.44790154453489767,0.010618678317426982,0.14954950507123038,0.247598931003615,-0.00039307405997856973,-0.4242435950467336,-0.009262158248995265,-0.1916220409649149,0.6835679547982642,0.07521648496898377,0.47290637774892746,0.1691160075350572,0.15669316773458192,0.33434377990621633,0.43088113608400014,0.052123176620177986,0.4395149689052077,0.40763496356725504,0.009367009786823569,0.14889798280061872,0.224301339479321
245,True,2.4599999999999507,0.7061464318072814,False,True,0.0,False,,-0.0,-0.45951198103366314,0.18910435951267832,-0.1600435952101718,0.7949848407975674,0.06062321334329658,0.7158284679243021,0.08468027114522982,0.14374071234637573,0.38326714942600826,0.37012881512818674,0.04866579392861213,0.4778440422160215,0.41387515957739784,0.003757326277291017,0.1789392977115667,0.19683753107409677,-0.0,-0.45951198103366314,0.18910435951267832,-0.1600435952101718,0.7949848407975674,0.06062321334329658,0.7158284679243021,0.08468027114522982,0.14374071234637573,0.38326714942600826,0.37012881512818674,0.04866579392861213,0.4778440422160215,0.41387515957739784,0.003757326277291017,0.1789392977115667,0.19683753107409677,0.00029988533607210694,-0.4295336380693542,-0.009396448440153988,-0.18644823355274381,0.7103567007836552,0.07751562974189975,0.5082947021384145,0.1609741733937373,0.15590540767461383,0.3427078301998293,0.42301917842714165,0.05307715544143484,0.44670589870005967,0.41211258694025915,0.009348527918388494,0.15293080840547982,0.22295575991571098
246,True,2.4699999999999496,0.7996854005467308,False,True,0.0,False,,-0.0,-0.4366408367610294,0.1761819598597814,-0.15297200048929235,0.7428522912398572,0.07851563223908084,0.747307615446153,0.07226654914323515,0.14100054686852986,0.4028728215442181,0.33068179967449723,0.0557867436947948,0.4912859880493243,0.3589026617202465,0.015203659394190898,0.19817939419226813,0.17224121232971412,-0.0,-0.4366408367610294,0.1761819598597814,-0.15297200048929235,0.7428522912398572,0.07851563223908084,0.747307615446153,0.07226654914323515,0.14100054686852986,0.4028728215442181,0.33068179967449723,0.0557867436947948,0.4912859880493243,0.3589026617202465,0.015203659394190898,0.19817939419226813,0.17224121232971412,0.0005939959657895043,-0.43368815045871845,-0.009495516277208089,-0.18091948016845588,0.7269606076874502,0.0779895233079046,0.5494784938215553,0.14781133406601352,0.15423842947636493,0.35247863635115095,0.41064680499335715,0.05365395588311209,0.45455785472806787,0.409911271817968,0.009682636788557578,0.15908230818008323,0.2174765879521493
247,True,2.4799999999999485,0.9169708714608299,False,True,0.0,False,,-0.0,-0.45190041841133843,0.153584063253761,-0.13187047155593934,0.7209926453044639,0.10923785296806589,0.7516674971475433,0.09130939235681072,0.1306613632759618,0.41088400954970006,0.325265724178524,0.04848308632093588,0.5106165028331274,0.34433439950422334,0.006047590608929272,0.20005421200304746,0.1720116058082233,-0.0,-0.45190041841133843,0.153584063253761,-0.13187047155593934,0.7209926453044639,0.10923785296806589,0.7516674971475433,0.09130939235681072,0.1306613632759618,0.41088400954970006,0.325265724178524,0.04848308632093588,0.5106165028331274,0.34433439950422334,0.006047590608929272,0.20005421200304746,0.1720116058082233,0.00040496378790110736,-0.43721501185712064,-0.009562821467579122,-0.173958226244061,0.7338389404616806,0.08054685685548045,0.5898802299548835,0.13525627416502814,0.15150631144841048,0.36305604728401814,0.39595624127488666,0.053764383254997196,0.4637482749020711,0.40202256956930765,0.009914226121095243,0.1662631688507986,0.21001014083114566
248,True,2.4899999999999474,1.0705802609878858,False,True,0.0,False,,-0.0,-0.5182755005724307,0.15616282384398303,-0.11119858817207229,0.7607049449324297,0.1507830484521195,0.8152668585595935,0.07706150022144968,0.12171553358697856,0.4313076644158715,0.3091677084026105,0.050002842945890844,0.5321560174188971,0.3473600296719149,0.0009948667423735832,0.22961943853783767,0.1789763684346088,-0.0,-0.5182755005724307,0.15616282384398303,-0.11119858817207229,0.7607049449324297,0.1507830484521195,0.8152668585595935,0.07706150022144968,0.12171553358697856,0.4313076644158715,0.3091677084026105,0.050002842945890844,0.5321560174188971,0.3473600296719149,0.0009948667423735832,0.22961943853783767,0.1789763684346088,3.459639169913995e-05,-0.44579005326817567,-0.00960510586579808,-0.16471539870074803,0.7382500631863035,0.08798213158556131,0.6303978823739504,0.12403086507825445,0.14756465076263672,0.37464805926362715,0.38057921318586285,0.0535381242800626,0.4748157235936484,0.3924353437790129,0.00940045913803109,0.17538837049541486,0.20315089595202915
249,True,2.4999999999999463,1.25849408707613,False,True,0.0,False,,-0.0,-0.5767527821720919,0.12280608517490044,-0.030659103837655508,0.7882118104937726,0.22056989119885156,0.8924472060484391,0.0016383854360198654,0.1200691275421236,0.45518666294662397,0.28564548726864725,0.055219423723362436,0.573149605270967,0.31895112980317164,0.002373080358573471,0.28779693416172797,0.12736707081144572,-0.0,-0.5767527821720919,0.12280608517490044,-0.030659103837655508,0.7882118104937726,0.22056989119885156,0.8924472060484391,0.0016383854360198654,0.1200691275421236,0.45518666294662397,0.28564548726864725,0.055219423723362436,0.573149605270967,0.31895112980317164,0.002373080358573471,0.28779693416172797,0.12736707081144572,-0.0002460971532351018,-0.4626128527466556,-0.009624932440738932,-0.14851256730128387,0.7448105807245867,0.10349127915682561,0.6747441131059336,0.10814145802071753,0.1430664434716455,0.38796984054870143,0.3642524121023753,0.05355756251827336,0.4893707583686261,0.3811524134479273,0.008539773137489494,0.1899285921175732,0.19351870669118448
250,True,2.509999999999945,1.4253365760762229,False,True,0.0,False,,-0.0,-0.6403591373721592,0.11450963785210391,-0.0012014844943845568,0.8455303804970944,0.2500417681715363,0.8794460373354233,0.004815888624557301,0.1266296204914984,0.48550971787733854,0.2502720334740918,0.05560449757583961,0.594005301929759,0.31883824148809575,0.004448556759438464,0.2978712904667968,0.11240333094031407,-0.0,-0.6403591373721592,0.11450963785210391,-0.0012014844943845568,0.8455303804970944,0.2500417681715363,0.8794460373354233,0.004815888624557301,0.1266296204914984,0.48550971787733854,0.2502720334740918,0.05560449757583961,0.594005301929759,0.31883824148809575,0.004448556759438464,0.2978712904667968,0.11240333094031407,-0.0006704886565334061,-0.4880433385285098,-0.009638120469894368,-0.125949714222168,0.7570620176502999,0.1252771920714754,0.7175419023232738,0.08962741422308797,0.13923041778507358,0.4037038229258288,0.3457485531684835,0.05386466951137606,0.5068523889469347,0.36940447933616877,0.007825224438664444,0.20803961227983775,0.18074033358487845
251,True,2.519999999999944,1.512851386612508,False,True,0.0,False,,-0.0,-0.6413519454308397,0.13068507019673095,0.010068052665240903,0.8538781511122845,0.29875233057260936,0.8819227604202453,-0.010357157342279731,0.13451113862816852,0.5032318348313943,0.22639302705561842,0.051846971108098036,0.6101161165619096,0.2737564435963079,0.004608568949772106,0.34073410859989495,0.06669007827597194,-0.0,-0.6413519454308397,0.13068507019673095,0.010068052665240903,0.8538781511122845,0.29875233057260936,0.8819227604202453,-0.010357157342279731,0.13451113862816852,0.5032318348313943,0.22639302705561842,0.051846971108098036,0.6101161165619096,0.2737564435963079,0.004608568949772106,0.34073410859989495,0.06669007827597194,-0.0014459912398292912,-0.5165536784876232,-0.00964886516312213,-0.10148341227696356,0.7730458834809701,0.14827273960343648,0.754471133660683,0.0711946357541891,0.13692498210263165,0.421152911578157,0.3252933786802168,0.054070318674514964,0.5256261150201843,0.35531034224192276,0.0073389427317304655,0.22924200177186937,0.16401008388210447
252,True,2.529999999999943,1.5474354775750083,False,True,0.0,False,,-0.0,-0.6272029536073381,0.125353063431132,-0.03397589051101045,0.9693896863694991,0.3458664597202143,0.9054320114988547,-0.03720048962570455,0.1309116774401921,0.5033453925395838,0.2311957956627271,0.05208024639550993,0.6279921736364905,0.3430039075708651,0.0036959171353945896,0.33570621740223155,0.07933799949059461,-0.0,-0.6272029536073381,0.125353063431132,-0.03397589051101045,0.9693896863694991,0.3458664597202143,0.9054320114988547,-0.03720048962570455,0.1309116774401921,0.5033453925395838,0.2311957956627271,0.05208024639550993,0.6279921736364905,0.3430039075708651,0.0036959171353945896,0.33570621740223155,0.07933799949059461,-0.0025284037538252733,-0.5419004924543964,-0.009658052396165065,-0.08219355546243858,0.798106866555451,0.16919861372818285,0.7866273278615356,0.052247992488370185,0.1355765160355298,0.43801735694975824,0.3059346490791749,0.054125719157912484,0.5447112760532449,0.34564212522025406,0.006944414945944926,0.25051989477478553,0.14690958073874952
253,True,2.539999999999942,1.2275509102267554,False,True,0.0,False,,-0.0,-0.6339282364835171,0.1327446026356143,-0.06476041323073453,1.0024351917641654,0.3366092426783401,0.8833040735286651,-0.017326688175734545,0.12179119010997408,0.49748238565394215,0.27229858515639366,0.03169992704344266,0.6407869598705783,0.29091764754963345,-0.006605177936530899,0.33574339410378473,0.05257641175429891,-0.0,-0.6339282364835171,0.1327446026356143,-0.06476041323073453,1.0024351917641654,0.3366092426783401,0.8833040735286651,-0.017326688175734545,0.12179119010997408,0.49748238565394215,0.27229858515639366,0.03169992704344266,0.6407869598705783,0.29091764754963345,-0.006605177936530899,0.33574339410378473,0.05257641175429891,-0.004027147527219314,-0.5629307004134643,-0.00967120429434686,-0.07135768480547165,0.8309707336716029,0.1868784938282844,0.8122776956632155,0.035867483301292774,0.13399557813425184,0.45222494918004663,0.2927353476609039,0.05261143251333239,0.563459581264398,0.3374847337735847,0.005828141046079121,0.2691961418508941,0.13007288207874576
254,True,2.5499999999999408,0.6585142821298848,False,True,0.0,False,,-0.0,-0.6097731045453142,0.11181787122061221,-0.040266663457110795,0.9964596233828108,0.3438868221089234,0.8851792078705194,-0.01609485987586853,0.13267574077507074,0.5128160282825012,0.28429032289582645,0.04526249792794396,0.6591093327063495,0.2895318189049811,0.004686216895783649,0.33283525545865866,0.0687697698644508,-0.0,-0.6097731045453142,0.11181787122061221,-0.040266663457110795,0.9964596233828108,0.3438868221089234,0.8851792078705194,-0.01609485987586853,0.13267574077507074,0.5128160282825012,0.28429032289582645,0.04526249792794396,0.6591093327063495,0.2895318189049811,0.004686216895783649,0.33283525545865866,0.0687697698644508,-0.0057059270127438055,-0.5782087514387224,-0.009676858445083,-0.06453014700399436,0.8639027086606231,0.20117259568652746,0.8315855011392762,0.023316372150387194,0.13293805313408052,0.46466464352574144,0.28610494015288185,0.0508193088567037,0.5818616712557485,0.32877836545325567,0.004970406624191548,0.2844193148955524,0.11557342501238044
255,True,2.5599999999999397,0.24428812209103504,False,True,0.0,False,,-0.0,-0.6097731045453142,0.11181787122061221,-0.040266663457110795,0.9964596233828108,0.3438868221089234,0.8851792078705194,-0.01609485987586853,0.13267574077507074,0.5128160282825012,0.28429032289582645,0.04526249792794396,0.6591093327063495,0.2895318189049811,0.004686216895783649,0.33283525545865866,0.0687697698644508,-0.0,-0.6097731045453142,0.11181787122061221,-0.040266663457110795,0.9964596233828108,0.3438868221089234,0.8851792078705194,-0.01609485987586853,0.13267574077507074,0.5128160282825012,0.28429032289582645,0.04526249792794396,0.6591093327063495,0.2895318189049811,0.004686216895783649,0.33283525545865866,0.0687697698644508,-0.007443966966168087,-0.5884376874188866,-0.009678655653384091,-0.05916746545316281,0.8927520432590491,0.21240674945697077,0.8461147301217442,0.013822344737121075,0.13255566625678616,0.47557316518174486,0.28335848349784454,0.04960935443617163,0.5987335952475948,0.32083812015755614,0.004666995329910941,0.29634712940819763,0.10434845766068587
256,True,2.5699999999999386,0.0,True,True,0.0,False,,-0.0,-0.5975592898120549,0.11073559592890522,-0.015398451267926805,0.9885230362914496,0.35450006297867964,0.864306260769332,-0.0112810684777113,0.13511437648337382,0.5264281141582733,0.29520216379355607,0.047926843492544516,0.6875654666852422,0.2708440537993039,0.008219411264168695,0.3417141801558205,0.07180330814818413,-0.0,-0.5975592898120549,0.11073559592890522,-0.015398451267926805,0.9885230362914496,0.35450006297867964,0.864306260769332,-0.0112810684777113,0.13511437648337382,0.5264281141582733,0.29520216379355607,0.047926843492544516,0.6875654666852422,0.2708440537993039,0.008219411264168695,0.3417141801558205,0.07180330814818413,-0.009066036495108822,-0.5944831340917086,-0.009676075385004354,-0.05307414080171032,0.9159304924351784,0.22095984757568748,0.855450539530478,0.0070698265198102985,0.13274695142969514,0.48562997932236474,0.2832733810190275,0.04898491078328926,0.6152320200543538,0.31265695446002545,0.004886534431415891,0.3062312622476635,0.09599562546538759
257,True,2.5799999999999375,0.0,True,True,0.0,False,,-0.0,-0.6099244698240469,0.08217947824802116,0.03271651577223662,0.9449565219191148,0.3526038364469658,0.8504501452810393,-0.016666334551685244,0.13119495785565422,0.5033854537180092,0.30581609670526516,0.03814775306865944,0.6882111195934044,0.2763159205021114,-0.009517825290849167,0.352521516983467,0.04671938944758525,-0.0,-0.6099244698240469,0.08217947824802116,0.03271651577223662,0.9449565219191148,0.3526038364469658,0.8504501452810393,-0.016666334551685244,0.13119495785565422,0.5033854537180092,0.30581609670526516,0.03814775306865944,0.6882111195934044,0.2763159205021114,-0.009517825290849167,0.352521516983467,0.04671938944758525,-0.01066869753469881,-0.5986299450611205,-0.009673750044866328,-0.04263333849147341,0.9303440089413139,0.2258740671541807,0.8603218173887467,0.001969625812492341,0.13410972311483593,0.4925401912509451,0.28555091461129395,0.04805659154412175,0.6308148090299023,0.30505545554558283,0.004188390978199176,0.31531963980488537,0.08791348873149218
258,True,2.5899999999999364,0.0,True,True,0.0,False,,-0.0,-0.6099244698240469,0.08217947824802116,0.03271651577223662,0.9449565219191148,0.3526038364469658,0.8504501452810393,-0.016666334551685244,0.13119495785565422,0.5033854537180092,0.30581609670526516,0.03814775306865944,0.6882111195934044,0.2763159205021114,-0.009517825290849167,0.352521516983467,0.04671938944758525,-0.0,-0.6099244698240469,0.08217947824802116,0.03271651577223662,0.9449565219191148,0.3526038364469658,0.8504501452810393,-0.016666334551685244,0.13119495785565422,0.5033854537180092,0.30581609670526516,0.03814775306865944,0.6882111195934044,0.2763159205021114,-0.009517825290849167,0.352521516983467,0.04671938944758525,-0.012187392073482099,-0.6019441846428515,-0.009674704584706555,-0.029762531326824493,0.9378502183669326,0.22841805241121946,0.8625167599404554,-0.0020898177152793816,0.13594965870873943,0.4962960087955243,0.2889267643203668,0.046736448760129924,0.6442802750431084,0.2988094011283636,0.002545603770767443,0.3234524573165576,0.07992428157793793
259,True,2.5999999999999353,0.0,True,True,0.0,False,,-0.0,-0.6214023653771957,0.10021730093158934,0.04842030271724275,0.8256352107730751,0.32021831535072093,0.7966649963456225,0.0459728532055778,0.1294084696941156,0.502042653616065,0.38827088710434055,0.011277926326638918,0.6782762030226394,0.3262283384523623,-0.0236800950358247,0.36468567565017684,0.06097070191299004,-0.0,-0.6214023653771957,0.10021730093158934,0.04842030271724275,0.8256352107730751,0.32021831535072093,0.7966649963456225,0.0459728532055778,0.1294084696941156,0.502042653616065,0.38827088710434055,0.011277926326638918,0.6782762030226394,0.3262283384523623,-0.0236800950358247,0.36468567565017684,0.06097070191299004,-0.013490207700993873,-0.6053803009707251,-0.009678996158112846,-0.016129796616662063,0.9323540150795095,0.22952547673905138,0.8606563999031625,-0.0003778820574569014,0.13829932232345715,0.4971482787342317,0.2988444212909559,0.043398981702785236,0.654543336667876,0.29771285653074764,-0.0003767769960457842,0.3311768532039083,0.07402866423539048
260,True,2.609999999999934,0.0,True,True,0.0,False,,-0.0,-0.6214023653771957,0.10021730093158934,0.04842030271724275,0.8256352107730751,0.32021831535072093,0.7966649963456225,0.0459728532055778,0.1294084696941156,0.502042653616065,0.38827088710434055,0.011277926326638918,0.6782762030226394,0.3262283384523623,-0.0236800950358247,0.36468567565017684,0.06097070191299004,-0.0,-0.6214023653771957,0.10021730093158934,0.04842030271724275,0.8256352107730751,0.32021831535072093,0.7966649963456225,0.0459728532055778,0.1294084696941156,0.502042653616065,0.38827088710434055,0.011277926326638918,0.6782762030226394,0.3262283384523623,-0.0236800950358247,0.36468567565017684,0.06097070191299004,-0.014504068039192132,-0.6088921245548667,-0.009683987220937508,-0.0031805848180881035,0.9176842777418325,0.22986608975847167,0.8559486167598402,0.005836309182475679,0.14085730228915525,0.4962107311647022,0.31342179166608897,0.03854749843027409,0.6619365955165506,0.3007174083759517,-0.004056232533254845,0.33831740274879896,0.07022852741888896
261,True,2.619999999999933,0.0,True,True,0.0,False,,-0.0,-0.6241929185704116,0.09423153706950568,0.07436593924805525,0.8067144523404124,0.3452247135055524,0.7600042105691787,0.04300167554580585,0.11579755820962893,0.5083426317511358,0.4030885467259644,0.013710187580515931,0.715647839127967,0.3128655184000502,-0.015167718037432698,0.3623425738197569,0.08978977366514233,-0.0,-0.6241929185704116,0.09423153706950568,0.07436593924805525,0.8067144523404124,0.3452247135055524,0.7600042105691787,0.04300167554580585,0.11579755820962893,0.5083426317511358,0.4030885467259644,0.013710187580515931,0.715647839127967,0.3128655184000502,-0.015167718037432698,0.3623425738197569,0.08978977366514233,-0.015132755896062281,-0.6122722078076457,-0.009685267623445928,0.009988209774137443,0.899547389151214,0.22914142241233082,0.8487593324817314,0.012909230104954485,0.14312663466752104,0.494401516926599,0.3293327742684789,0.03375540314794174,0.670144420132236,0.3039317354247481,-0.007014982498852023,0.34420775480641014,0.06992146555247078
262,True,2.629999999999932,0.0,True,True,0.0,False,,-0.0,-0.6241929185704116,0.09423153706950568,0.07436593924805525,0.8067144523404124,0.3452247135055524,0.7600042105691787,0.04300167554580585,0.11579755820962893,0.5083426317511358,0.4030885467259644,0.013710187580515931,0.715647839127967,0.3128655184000502,-0.015167718037432698,0.3623425738197569,0.08978977366514233,-0.0,-0.6241929185704116,0.09423153706950568,0.07436593924805525,0.8067144523404124,0.3452247135055524,0.7600042105691787,0.04300167554580585,0.11579755820962893,0.5083426317511358,0.4030885467259644,0.013710187580515931,0.715647839127967,0.3128655184000502,-0.015167718037432698,0.3623425738197569,0.08978977366514233,-0.015438567450080935,-0.6153039625419443,-0.00968526396402735,0.022702530200296365,0.8814170763699227,0.22732480611040642,0.8408778652993413,0.01935979510216034,0.14398542097710937,0.4929193925217923,0.344473207365263,0.031586349579917294,0.6778601486720323,0.3063589743848959,-0.009015186581843413,0.34882163717064046,0.07213893043576733
263,True,2.639999999999931,0.0,True,True,0.0,False,,-0.0,-0.6565963461561275,0.06503931581796693,0.1723131749807808,0.7480769582822021,0.35526773844426796,0.701289304817853,0.10206810611918411,0.15801298791052681,0.5621900818112026,0.48520759796238777,0.0210362706600612,0.7153406748801381,0.3744787817233173,-0.011965907392751609,0.3112533034447348,0.1552287964676652,-0.0,-0.6565963461561275,0.06503931581796693,0.1723131749807808,0.7480769582822021,0.35526773844426796,0.701289304817853,0.10206810611918411,0.15801298791052681,0.5621900818112026,0.48520759796238777,0.0210362706600612,0.7153406748801381,0.3744787817233173,-0.011965907392751609,0.3112533034447348,0.1552287964676652,-0.015407529517265688,-0.6204495788554245,-0.00968003023626452,0.041432090941940024,0.860776571130558,0.2239961264322442,0.8302825767556269,0.029479738989723756,0.1462013891193585,0.49415330459898593,0.3639609217737769,0.03286907492062953,0.6849806068583835,0.313032046322001,-0.010139226183523573,0.3484930236990016,0.08031131035778431
264,True,2.6499999999999297,0.0,True,True,0.0,False,,-0.0,-0.6565963461561275,0.06503931581796693,0.1723131749807808,0.7480769582822021,0.35526773844426796,0.701289304817853,0.10206810611918411,0.15801298791052681,0.5621900818112026,0.48520759796238777,0.0210362706600612,0.7153406748801381,0.3744787817233173,-0.011965907392751609,0.3112533034447348,0.1552287964676652,-0.0,-0.6565963461561275,0.06503931581796693,0.1723131749807808,0.7480769582822021,0.35526773844426796,0.701289304817853,0.10206810611918411,0.15801298791052681,0.5621900818112026,0.48520759796238777,0.0210362706600612,0.7153406748801381,0.3744787817233173,-0.011965907392751609,0.3112533034447348,0.1552287964676652,-0.01518826671387063,-0.6270711735164617,-0.009675323242266717,0.06419807430405769,0.8392885157903793,0.22227645122072764,0.8145824353707238,0.04220228829275247,0.1484556860758303,0.4995955430526315,0.3860787585268925,0.03487035817263245,0.6923362545196832,0.32301164249943964,-0.010643272165054092,0.3442460235770433,0.09244589381275961
265,True,2.6599999999999286,0.0,True,True,0.0,False,,-0.0,-0.6565963461561275,0.06503931581796693,0.1723131749807808,0.7480769582822021,0.35526773844426796,0.701289304817853,0.10206810611918411,0.15801298791052681,0.5621900818112026,0.48520759796238777,0.0210362706600612,0.7153406748801381,0.3744787817233173,-0.011965907392751609,0.3112533034447348,0.1552287964676652,-0.0,-0.6565963461561275,0.06503931581796693,0.1723131749807808,0.7480769582822021,0.35526773844426796,0.701289304817853,0.10206810611918411,0.15801298791052681,0.5621900818112026,0.48520759796238777,0.0210362706600612,0.7153406748801381,0.3744787817233173,-0.011965907392751609,0.3112533034447348,0.1552287964676652,-0.014931701611333096,-0.6334691093567154,-0.009674276784156262,0.0859441864274042,0.819999716446738,0.2212616682643858,0.798483300111607,0.05442002634375645,0.15062429380482284,0.5061869889760389,0.40670566663588753,0.036915268224333435,0.6991045317721356,0.33316768634956734,-0.01084190367394732,0.3388774530389338,0.10472944890783387
266,True,2.6699999999999275,0.0,True,True,0.0,False,,-0.0,-0.5802581637610554,0.03806676005299256,0.31371668848761575,0.4818711989727849,0.3612808911505188,0.576564702076394,0.015688767221421332,0.14512206824608076,0.5148203437588703,0.5111965417113216,0.027316558228476277,0.6698272392266166,0.3922057330237379,-0.008495214048175237,0.3074765230208589,0.1192492727424314,-0.0,-0.5802581637610554,0.03806676005299256,0.31371668848761575,0.4818711989727849,0.3612808911505188,0.576564702076394,0.015688767221421332,0.14512206824608076,0.5148203437588703,0.5111965417113216,0.027316558228476277,0.6698272392266166,0.3922057330237379,-0.008495214048175237,0.3074765230208589,0.1192492727424314,-0.015429032927774172,-0.6333584942817149,-0.00966794019630087,0.11570914769588035,0.7828058300062284,0.22240845860268546,0.7725518987637876,0.0583791667234226,0.15110445479952353,0.5102598516778983,0.4263817642525279,0.03816448442808028,0.7017849178407396,0.34362800625982753,-0.010716048184250508,0.33335967441091396,0.11277360986825646
267,True,2.6799999999999264,0.0,True,True,0.0,False,,-0.0,-0.4710391072830244,-0.12009000445029941,0.6934380666326287,0.20638526169727,0.4162628133680318,0.7334283731691674,-0.04941771125434331,0.16472215755611944,0.5008188708942994,0.5769987537141067,0.052698208101323286,0.6408367458817396,0.3534193511895529,0.027670629687874825,0.3190532193779919,0.09743409698468601,-0.0,-0.4710391072830244,-0.12009000445029941,0.6934380666326287,0.20638526169727,0.4162628133680318,0.7334283731691674,-0.04941771125434331,0.16472215755611944,0.5008188708942994,0.5769987537141067,0.052698208101323286,0.6408367458817396,0.3534193511895529,0.027670629687874825,0.3190532193779919,0.09743409698468601,-0.015766170865842637,-0.6194967460253293,-0.01875754554319797,0.17540241646629726,0.7152476802552803,0.22368750077999638,0.752817591896736,0.04991798734886822,0.15215603329033384,0.5099031436961491,0.44959225739799485,0.04097119906076614,0.6989458831077663,0.3506511067047645,-0.007636222835933066,0.32923337713767287,0.11513325911856717
268,True,2.6899999999999253,0.0,True,True,0.0,False,,-0.0,-0.46769439818257474,-0.10631326225206883,0.784707220899205,-0.038773508285464,0.3909962375528791,0.6912470826784683,-0.03787349016161212,0.1696484671606414,0.5233059179506651,0.5466639598660589,0.036179855772442336,0.6177898016034395,0.2866363161655902,0.03594740762341915,0.30807095897263975,0.06921790101879563,-0.0,-0.46769439818257474,-0.10631326225206883,0.784707220899205,-0.038773508285464,0.3909962375528791,0.6912470826784683,-0.03787349016161212,0.1696484671606414,0.5233059179506651,0.5466639598660589,0.036179855772442336,0.6177898016034395,0.2866363161655902,0.03594740762341915,0.30807095897263975,0.06921790101879563,-0.015895720534579588,-0.5970018070573739,-0.033901100154197554,0.2586601099808409,0.6283186507188341,0.22490197310561827,0.7411670979103006,0.03581561963562771,0.1544212438905387,0.5082606999725082,0.4716280263520458,0.04388663141528452,0.6915165788865968,0.34876661603304115,-0.001651518757416262,0.32575261881283574,0.11189789112948385
269,True,2.6999999999999242,0.0,True,True,0.0,False,,-0.0,-0.46769439818257474,-0.10631326225206883,0.784707220899205,-0.038773508285464,0.3909962375528791,0.6912470826784683,-0.03787349016161212,0.1696484671606414,0.5233059179506651,0.5466639598660589,0.036179855772442336,0.6177898016034395,0.2866363161655902,0.03594740762341915,0.30807095897263975,0.06921790101879563,-0.0,-0.46769439818257474,-0.10631326225206883,0.784707220899205,-0.038773508285464,0.3909962375528791,0.6912470826784683,-0.03787349016161212,0.1696484671606414,0.5233059179506651,0.5466639598660589,0.036179855772442336,0.6177898016034395,0.2866363161655902,0.03594740762341915,0.30807095897263975,0.06921790101879563,-0.015939574805856175,-0.5732254750778728,-0.04916441625360408,0.3508143508368236,0.5336317043338741,0.22580023049305376,0.7333205012298217,0.02157151626345873,0.156729776955712,0.5060364587387506,0.4894200819364387,0.04654726237698995,0.6825136413384083,0.34091600257136917,0.005228493107288804,0.3224865859795604,0.10568776368392284
270,True,2.709999999999923,0.0,True,True,0.0,False,,-0.0,-0.37085937785440987,-0.19887404865733802,0.7951407695675877,-0.1990861528963469,0.2785510438317061,0.5787552910707381,0.019938223639535155,0.2395223048602536,0.5280696220116815,0.6385038318136873,0.05734707970166306,0.5858455630324461,0.49634278177445085,0.007680312400734247,0.2893443300037253,0.10722558447405257,-0.0,-0.37085937785440987,-0.19887404865733802,0.7951407695675877,-0.1990861528963469,0.2785510438317061,0.5787552910707381,0.019938223639535155,0.2395223048602536,0.5280696220116815,0.6385038318136873,0.05734707970166306,0.5858455630324461,0.49634278177445085,0.007680312400734247,0.2893443300037253,0.10722558447405257,-0.01586622185199431,-0.5439252192754859,-0.0697593966560325,0.43971086900707684,0.4358568612026422,0.22722350563621807,0.7185377967126544,0.013578279103108628,0.16266578593539097,0.5049931389029902,0.5106199570489743,0.05093702619726686,0.6707685285621315,0.34801720556928895,0.009618703232986947,0.3181916377968765,0.10193697447669074
271,True,2.719999999999922,0.0,True,True,0.0,False,,-0.0,-0.3941880033179379,-0.20523706745980536,0.8181049194114359,-0.20841097679698062,0.2694896360934015,0.6076282468236218,0.023445624600588133,0.2351327875292009,0.5636250774967336,0.6064090737405403,0.050905945340356105,0.6100495866126979,0.48082204184871163,0.00913318126331552,0.30534419123644974,0.09220910873331632,-0.0,-0.3941880033179379,-0.20523706745980536,0.8181049194114359,-0.20841097679698062,0.2694896360934015,0.6076282468236218,0.023445624600588133,0.2351327875292009,0.5636250774967336,0.6064090737405403,0.050905945340356105,0.6100495866126979,0.48082204184871163,0.00913318126331552,0.30534419123644974,0.09220910873331632,-0.015331908593403287,-0.5137529557785526,-0.09413873974352131,0.5192475820149804,0.3368744325742144,0.23003762602991012,0.6989012477130592,0.011452300289033998,0.16931245798715885,0.5081368101368504,0.5317066585642127,0.05709078627439228,0.660491414642231,0.36714055734417367,0.011502575451777712,0.3145074859288949,0.09992927030518248
272,True,2.729999999999921,0.013220480491337207,False,True,0.0,False,,-0.0,-0.3941880033179379,-0.20523706745980536,0.8181049194114359,-0.20841097679698062,0.2694896360934015,0.6076282468236218,0.023445624600588133,0.2351327875292009,0.5636250774967336,0.6064090737405403,0.050905945340356105,0.6100495866126979,0.48082204184871163,0.00913318126331552,0.30534419123644974,0.09220910873331632,-0.0,-0.3941880033179379,-0.20523706745980536,0.8181049194114359,-0.20841097679698062,0.2694896360934015,0.6076282468236218,0.023445624600588133,0.2351327875292009,0.5636250774967336,0.6064090737405403,0.050905945340356105,0.6100495866126979,0.48082204184871163,0.00913318126331552,0.30534419123644974,0.09220910873331632,-0.014492109926496782,-0.48759567104433066,-0.1174321597694304,0.5866455996257162,0.23783212776839657,0.2331343318322822,0.6805670009716338,0.01201428811169708,0.17538729875426956,0.514078949596001,0.5490513938575786,0.06303255058555499,0.6529658912336623,0.3882634101304658,0.012209691185971913,0.3121076416879704,0.09831047997065949
273,True,2.73999999999992,0.0,True,True,0.0,False,,-0.0,-0.40307198432137525,-0.18589033897719212,0.8277239056777145,-0.21048947621699943,0.26579517345673476,0.5869641734937091,0.056553570710905735,0.23170758044261494,0.5588527233438606,0.6200331891069841,0.05439942122125058,0.6035180012036937,0.47840117899061624,0.014879882291108872,0.2961175439596308,0.09131889487920873,-0.0,-0.40307198432137525,-0.18589033897719212,0.8277239056777145,-0.21048947621699943,0.26579517345673476,0.5869641734937091,0.056553570710905735,0.23170758044261494,0.5588527233438606,0.6200331891069841,0.05439942122125058,0.6035180012036937,0.47840117899061624,0.014879882291108872,0.2961175439596308,0.09131889487920873,-0.013746577335068812,-0.46686311921614976,-0.13604591002454058,0.6419712868965793,0.1455027877692799,0.23600950782426536,0.6632454210431635,0.016198160885047688,0.1813098849900021,0.5206016452194925,0.563937635309933,0.06758367074639042,0.6464895377845954,0.40753877833811525,0.012723075369028199,0.3097864711117586,0.09697297745355621
274,True,2.7499999999999187,0.02357272777982977,False,True,0.0,False,,-0.0,-0.41983163698568826,-0.1690928716457771,0.8421756536997533,-0.2062247937684603,0.25424827106852366,0.5685495017700176,0.060114701548396994,0.22895755552447195,0.5512549426643619,0.6240746776251705,0.043926403390654574,0.5986015488475209,0.47613673628664205,0.010118686722084914,0.29504050800620335,0.09694952861755368,-0.0,-0.41983163698568826,-0.1690928716457771,0.8421756536997533,-0.2062247937684603,0.25424827106852366,0.5685495017700176,0.060114701548396994,0.22895755552447195,0.5512549426643619,0.6240746776251705,0.043926403390654574,0.5986015488475209,0.47613673628664205,0.010118686722084914,0.29504050800620335,0.09694952861755368,-0.013270607896982325,-0.4524682416482786,-0.14851056289776163,0.6874000779116983,0.06687748815195607,0.23756123259208856,0.6461330374881166,0.02291947917774707,0.18478810650497493,0.5251557646807136,0.5769529644301945,0.07164259949443916,0.6413225245480169,0.42352775529682235,0.012989938985052669,0.3073148285315434,0.09625485240579391
275,True,2.7599999999999176,0.0024124772705404105,False,True,0.0,False,,-0.0,-0.4321494158489224,-0.18704721810742428,0.8655999341215509,-0.19140148676795588,0.25130276239674276,0.5812871534056254,0.06847563655512366,0.23421291432603056,0.5567262226212003,0.6276139153279681,0.05594679029489794,0.6109756962597092,0.47216041971805767,0.021251823638743006,0.2950626519788369,0.10076052842327013,-0.0,-0.4321494158489224,-0.18704721810742428,0.8655999341215509,-0.19140148676795588,0.25130276239674276,0.5812871534056254,0.06847563655512366,0.23421291432603056,0.5567262226212003,0.6276139153279681,0.05594679029489794,0.6109756962597092,0.47216041971805767,0.021251823638743006,0.2950626519788369,0.10076052842327013,-0.01278886979310145,-0.44397653151936955,-0.15774227575188896,0.7258729801621907,0.004355457096472797,0.23794109831042803,0.6313650690116672,0.03065308907061359,0.18829993463995012,0.5291399239503594,0.5881087751808944,0.07439181721794054,0.63739814664339,0.43591536350474175,0.013742250590448805,0.30504056469734664,0.0963334492472501
276,True,2.7699999999999165,0.008620910862083985,False,True,0.0,False,,-0.0,-0.4434939433688697,-0.16580880218305966,0.8645401763809877,-0.17833686873750473,0.27715953510871727,0.5828011693473124,0.06648514343360586,0.22909202812848023,0.5499501971118702,0.6274436746946613,0.05514279908820932,0.6084346987593066,0.46192922233822686,0.02066049858770791,0.295736137744752,0.10356295183067721,-0.0,-0.4434939433688697,-0.16580880218305966,0.8645401763809877,-0.17833686873750473,0.27715953510871727,0.5828011693473124,0.06648514343360586,0.22909202812848023,0.5499501971118702,0.6274436746946613,0.05514279908820932,0.6084346987593066,0.46192922233822686,0.02066049858770791,0.295736137744752,0.10356295183067721,-0.012335675978629583,-0.4402226255394234,-0.16361415766134946,0.7578268813522637,-0.042717741795080616,0.23782002462049995,0.6198723044188487,0.03804433971074264,0.19091494026462386,0.5319984125068699,0.5973336472101272,0.07687197413304774,0.6348249102164714,0.4444330267490836,0.014954916660679548,0.3031579319317787,0.09708754479416119
277,True,2.7799999999999154,0.004836597459615048,False,True,0.0,False,,-0.0,-0.4543004127750041,-0.1600850346460896,0.8527852896039019,-0.16806384310819708,0.2689661402000303,0.5910168210494733,0.06567588461241756,0.2212795852763004,0.5527899098549066,0.6153503184332352,0.04812465802584076,0.61043405374874,0.4403286452243999,0.013849408935858105,0.29799883287863,0.09688520244867815,-0.0,-0.4543004127750041,-0.1600850346460896,0.8527852896039019,-0.16806384310819708,0.2689661402000303,0.5910168210494733,0.06567588461241756,0.2212795852763004,0.5527899098549066,0.6153503184332352,0.04812465802584076,0.61043405374874,0.4403286452243999,0.013849408935858105,0.29799883287863,0.09688520244867815,-0.011952409175588881,-0.44004890305162736,-0.16619184421059915,0.7824402863360893,-0.07670732672928095,0.23752787244988022,0.61175540191698,0.04428584959831584,0.19244842923351912,0.5341356625837702,0.6037309006004932,0.07818264147712574,0.6330870619828871,0.4483728470853986,0.01570780783509062,0.30186116398857316,0.09763669139257512
278,True,2.7899999999999143,0.001288367318247082,False,True,0.0,False,,-0.0,-0.43574644213402897,-0.15778638520419946,0.8515471441934883,-0.15247816718068513,0.2444851094383607,0.5728389191915273,0.09112134637581314,0.2199941017093779,0.5085352205492328,0.6745009674635133,0.05754187278593389,0.5693257603887165,0.4926162055737865,0.015851298797391042,0.26409605436634404,0.11579954223328183,-0.0,-0.43574644213402897,-0.15778638520419946,0.8515471441934883,-0.15247816718068513,0.2444851094383607,0.5728389191915273,0.09112134637581314,0.2199941017093779,0.5085352205492328,0.6745009674635133,0.05754187278593389,0.5693257603887165,0.4926162055737865,0.015851298797391042,0.26409605436634404,0.11579954223328183,-0.011933998702687474,-0.4404371369814421,-0.16680481990964133,0.8006036212619756,-0.09980950331235848,0.23721037501410397,0.6048607273534414,0.05131991436968727,0.19347080007767295,0.5326279534644811,0.6124533709579659,0.078950685618728,0.6286614805002452,0.4532781951219297,0.016069848952505975,0.29840641482777197,0.09928592042053905
279,True,2.7999999999999132,0.0,True,True,0.0,False,,-0.0,-0.4331194613343368,-0.18763739415150513,0.868298470201666,-0.1492956879826136,0.250793671416828,0.5833921859852131,0.08823708640908795,0.2157898616294995,0.5316157551344685,0.6590538437961225,0.0503128523272937,0.5897271016235308,0.4917337489406838,0.01744766496617612,0.2692452554876166,0.11814021250972453,-0.0,-0.4331194613343368,-0.18763739415150513,0.868298470201666,-0.1492956879826136,0.250793671416828,0.5833921859852131,0.08823708640908795,0.2157898616294995,0.5316157551344685,0.6590538437961225,0.0503128523272937,0.5897271016235308,0.4917337489406838,0.01744766496617612,0.2692452554876166,0.11814021250972453,-0.011891802577113754,-0.44014800751040145,-0.16871774359236338,0.8152757882065877,-0.11496396040386518,0.23693401433592637,0.5994244381200844,0.05861038786660335,0.194006446706806,0.5299703237633483,0.622138371931445,0.07917894801731742,0.6235658745648491,0.45989012925238804,0.016414803458509264,0.29357771531377597,0.10207556301397869
280,True,2.809999999999912,0.0,True,True,0.0,False,,-0.0,-0.42316791827575867,-0.16542885077548425,0.8304643807138581,-0.15097167346269097,0.22148865275380894,0.539800002750038,0.11016925698421413,0.21477593138733347,0.5254349359504423,0.6691608235106834,0.049984018535540485,0.5857763728218078,0.46623540454786405,0.004609473803352769,0.26441489101388366,0.10482935842369316,-0.0,-0.42316791827575867,-0.16542885077548425,0.8304643807138581,-0.15097167346269097,0.22148865275380894,0.539800002750038,0.11016925698421413,0.21477593138733347,0.5254349359504423,0.6691608235106834,0.049984018535540485,0.5857763728218078,0.46623540454786405,0.004609473803352769,0.26441489101388366,0.10482935842369316,-0.011886626311022368,-0.43871785622802045,-0.17034134266655693,0.8245124445025331,-0.1251347247725374,0.2357911216975439,0.5922790251239758,0.06680109981331273,0.19411921344087638,0.5276588099144274,0.6312599572137444,0.07893817748237719,0.6191307501710284,0.4643612960041921,0.015888117301335807,0.28856630857513366,0.10402847090931909
281,True,2.819999999999911,0.0,True,True,0.0,False,,-0.0,-0.43021340706025446,-0.1685191375267318,0.8501183327543508,-0.14228455876609827,0.24889519257260964,0.5760865383793455,0.09801261883484828,0.20696658499612916,0.531197522118362,0.6488029353440662,0.05061408493377837,0.5979160929600852,0.44923702619515066,0.012208275344436722,0.27684031953262817,0.10903282742697112,-0.0,-0.43021340706025446,-0.1685191375267318,0.8501183327543508,-0.14228455876609827,0.24889519257260964,0.5760865383793455,0.09801261883484828,0.20696658499612916,0.531197522118362,0.6488029353440662,0.05061408493377837,0.5979160929600852,0.44923702619515066,0.012208275344436722,0.27684031953262817,0.10903282742697112,-0.011744512617902308,-0.4371883566064564,-0.1710614267349701,0.8305322019132337,-0.13148929415201416,0.2354756648894135,0.5863762411974813,0.07424958953065564,0.1937910185186897,0.5263042943010161,0.6378674723547221,0.07832839564476168,0.6159588505619416,0.46519117153787015,0.01517119499406651,0.28483204692012165,0.10521746429203421
282,True,2.82999999999991,0.0,True,True,0.0,False,,-0.0,-0.4204480008568029,-0.19694849842060064,0.8553487883069696,-0.15325765124959137,0.22192508149934023,0.5673847634696919,0.11087450699936266,0.20976198908971055,0.5551039191420953,0.6433356525736561,0.050214694320700685,0.5998936294181061,0.45205710725367965,0.02016727654393384,0.2721833408365782,0.11163918989976114,-0.0,-0.4204480008568029,-0.19694849842060064,0.8553487883069696,-0.15325765124959137,0.22192508149934023,0.5673847634696919,0.11087450699936266,0.20976198908971055,0.5551039191420953,0.6433356525736561,0.050214694320700685,0.5998936294181061,0.45205710725367965,0.02016727654393384,0.2721833408365782,0.11163918989976114,-0.011358540734348476,-0.4353023909678558,-0.17362509357372555,0.8357114433869777,-0.13609500024635476,0.23491969172980404,0.5823858568789513,0.08106686600591341,0.193073028050236,0.527248813918544,0.6414512801725172,0.07762696547212604,0.6144526058504698,0.4640513903907278,0.015257839449134478,0.2821734866879991,0.10633115122906259
283,True,2.839999999999909,0.0,True,True,0.0,False,,-0.0,-0.40694556161097933,-0.19994235336187982,0.8507215045551061,-0.15229467201319197,0.24313383278071088,0.5657881653262131,0.09889005916475677,0.23218408902193563,0.505584146863568,0.7125005207992506,0.059810283092211,0.5638399014301471,0.49003311910218905,-0.0004653883385710364,0.254136342671009,0.11111862115284325,-0.0,-0.40694556161097933,-0.19994235336187982,0.8507215045551061,-0.15229467201319197,0.24313383278071088,0.5657881653262131,0.09889005916475677,0.23218408902193563,0.505584146863568,0.7125005207992506,0.059810283092211,0.5638399014301471,0.49003311910218905,-0.0004653883385710364,0.254136342671009,0.11111862115284325,-0.011184380468342768,-0.4320599953333472,-0.17796223944998682,0.8397764982019114,-0.13980462024194704,0.23497554006145768,0.5791754567828651,0.08638278513744249,0.19349737602554307,0.5259509202569136,0.6486723820466225,0.07780627138494232,0.6112665252972928,0.4653019791665192,0.014468095336653069,0.278675635676185,0.10735323534571038
284,True,2.8499999999999077,0.0,True,True,0.0,False,,-0.0,-0.4414991072029309,-0.16881411589434775,0.8474770114159056,-0.11692112732641927,0.22809528385911368,0.5271357959302501,0.1318034160513271,0.21931945711405593,0.5285959550343996,0.6924564035888748,0.058220240853809065,0.5848684843986364,0.48106416850681605,0.007759102678695073,0.24639148988083384,0.11174892775507343,-0.0,-0.4414991072029309,-0.16881411589434775,0.8474770114159056,-0.11692112732641927,0.22809528385911368,0.5271357959302501,0.1318034160513271,0.21931945711405593,0.5285959550343996,0.6924564035888748,0.058220240853809065,0.5848684843986364,0.48106416850681605,0.007759102678695073,0.24639148988083384,0.11174892775507343,-0.011172304346850629,-0.43074874174698247,-0.1802832461773327,0.8424994500779085,-0.13995739164578444,0.2349992286472131,0.5736291990661464,0.09263448499351955,0.19441366676994776,0.5239124305864699,0.657591864061057,0.07833272414170708,0.6078686553472217,0.46807491394214973,0.013267045803599803,0.2739512219393698,0.10825170797505441
285,True,2.8599999999999066,0.0,True,True,0.0,False,,-0.0,-0.4257569360564393,-0.16618031023910346,0.8344575806543683,-0.1274322471971746,0.24207763362673176,0.5537198331069116,0.13385641487573013,0.21891336298468153,0.5402562652281285,0.6587417904868345,0.04945160941150782,0.6011079696878824,0.44825378462394366,0.010889171897427784,0.2682148985575462,0.10829268203480213,-0.0,-0.4257569360564393,-0.16618031023910346,0.8344575806543683,-0.1274322471971746,0.24207763362673176,0.5537198331069116,0.13385641487573013,0.21891336298468153,0.5402562652281285,0.6587417904868345,0.04945160941150782,0.6011079696878824,0.44825378462394366,0.010889171897427784,0.2682148985575462,0.10829268203480213,-0.011002193264989923,-0.4305289515400008,-0.1801662964721051,0.8432811774345349,-0.13815956776933166,0.23544750600359696,0.5683174919119723,0.09993754551386061,0.19492415039175828,0.5238173030699517,0.6627134111415022,0.07849438703259952,0.6065001770397297,0.46826901583560315,0.0125706002804073,0.2706573000083398,0.10874974650026488
286,True,2.8699999999999055,0.0,True,True,0.0,False,,-0.0,-0.3807331990408646,-0.2301811325334214,0.8436267073780305,-0.1506165745055056,0.24022870310103783,0.5781586872836961,0.12250233288762677,0.23370883021935868,0.5551017613084024,0.6818627551161928,0.061221775041178,0.5995006393399008,0.48528640035723397,-0.002716630148272189,0.2673884442034512,0.11543412957937428,-0.0,-0.3807331990408646,-0.2301811325334214,0.8436267073780305,-0.1506165745055056,0.24022870310103783,0.5781586872836961,0.12250233288762677,0.23370883021935868,0.5551017613084024,0.6818627551161928,0.061221775041178,0.5995006393399008,0.48528640035723397,-0.002716630148272189,0.2673884442034512,0.11543412957937428,-0.010517964379783648,-0.4266950681776221,-0.18388663886674333,0.8433279563940969,-0.13796039614734745,0.2361884434277392,0.5665429748777925,0.10596389556353172,0.19582542342643058,0.5257896103106845,0.6662256276848864,0.07918771334323134,0.6068298630965387,0.46901090954055374,0.011275308433064351,0.2691083757714208,0.10945173298480203
287,True,2.8799999999999044,0.0,True,True,0.0,False,,-0.0,-0.38512042087365306,-0.23500172391552676,0.8508306174582565,-0.16219899119215014,0.22691743372322326,0.5498189018712831,0.12774559286614653,0.23002859517845925,0.5307806996391379,0.6956696072254569,0.05044300692764208,0.5850932524732381,0.5141238440586856,-0.008869721427028519,0.24497285512322636,0.12061781914034903,-0.0,-0.38512042087365306,-0.23500172391552676,0.8508306174582565,-0.16219899119215014,0.22691743372322326,0.5498189018712831,0.12774559286614653,0.23002859517845925,0.5307806996391379,0.6956696072254569,0.05044300692764208,0.5850932524732381,0.5141238440586856,-0.008869721427028519,0.24497285512322636,0.12061781914034903,-0.010190002264657052,-0.42043136463356884,-0.19151494123153362,0.8439692608268353,-0.1402024859180681,0.23598130440768425,0.565221866203877,0.11076763361482851,0.19686346959137105,0.5271483398428468,0.6706570849041018,0.07992903370276608,0.6067003042474395,0.4735686047329453,0.008885353560119793,0.2666770637256969,0.11083598429208687
288,True,2.8899999999999033,0.0,True,True,0.0,False,,-0.0,-0.36461122066642226,-0.2260537940508117,0.8521460924465303,-0.17290891406590292,0.22062869298001345,0.5119543272833704,0.18710398288103303,0.2305860436267069,0.5090626514496533,0.7602884878513908,0.05045254209112912,0.5670926618998153,0.5611673208542315,-0.012057909597853012,0.2319535362358524,0.14378065189260966,-0.0,-0.36461122066642226,-0.2260537940508117,0.8521460924465303,-0.17290891406590292,0.22062869298001345,0.5119543272833704,0.18710398288103303,0.2305860436267069,0.5090626514496533,0.7602884878513908,0.05045254209112912,0.5670926618998153,0.5611673208542315,-0.012057909597853012,0.2319535362358524,0.14378065189260966,-0.010260401913088147,-0.4125078074414089,-0.1993603483375728,0.8451400562067863,-0.144462296661397,0.23465313150287798,0.5602420237652044,0.11942826136122099,0.19781189782868003,0.5257159179549769,0.6805802223440911,0.08045058737887391,0.6042958801004455,0.4839704239502154,0.005815381477439205,0.26227272772960775,0.11436235598046486
289,True,2.899999999999902,0.0,True,True,0.0,False,,-0.0,-0.37236936892854067,-0.2015021130375177,0.8801390523470382,-0.1772911410833792,0.25860063246072973,0.576049103629527,0.17410730792269385,0.22915449103312568,0.5740985721222472,0.6853171425490839,0.04811792014778312,0.5997453300631775,0.5272033735017007,0.003428761798122272,0.24177759176195607,0.16656827472392516,-0.0,-0.37236936892854067,-0.2015021130375177,0.8801390523470382,-0.1772911410833792,0.25860063246072973,0.576049103629527,0.17410730792269385,0.22915449103312568,0.5740985721222472,0.6853171425490839,0.04811792014778312,0.5997453300631775,0.5272033735017007,0.003428761798122272,0.24177759176195607,0.16656827472392516,-0.010083226007184344,-0.40470753790836284,-0.2041721911898143,0.8486114782074494,-0.14980381251880834,0.23455141860073261,0.5577484887617512,0.1298447588252842,0.1982552246527899,0.5269372098405802,0.6881046525015302,0.08073894520841725,0.6035507705794733,0.49462356912601296,0.003843067550583274,0.2578408922309222,0.12102385611976327
290,True,2.909999999999901,0.0,True,True,0.0,False,,-0.0,-0.4257139434164373,-0.1478530247658928,0.8911424406887424,-0.16686810966781426,0.23137306483442527,0.5648383753288246,0.18473061046376268,0.19543288097073327,0.5868778157758437,0.6999276445938065,0.03743397668689093,0.6143472408496599,0.4757493062170432,0.015278089279604189,0.2615342061925223,0.15528546260754925,-0.0,-0.4257139434164373,-0.1478530247658928,0.8911424406887424,-0.16686810966781426,0.23137306483442527,0.5648383753288246,0.18473061046376268,0.19543288097073327,0.5868778157758437,0.6999276445938065,0.03743397668689093,0.6143472408496599,0.4757493062170432,0.015278089279604189,0.2615342061925223,0.15528546260754925,-0.009691681219598847,-0.40222464704694166,-0.20209562535569428,0.8546112380969307,-0.15428461180172337,0.23489699431855504,0.5581364351865138,0.14008659893153366,0.19667244353891825,0.5326246872745957,0.6920108733143258,0.07953193603248883,0.6059190768081476,0.4988288867258798,0.003951871304695935,0.2557422763366467,0.12813929083969455
291,True,2.9199999999999,0.11911231902965032,False,True,0.0,False,,-0.0,-0.6370657435439084,0.19778230770559255,0.3599777098225121,0.06413828004544872,0.13759247044070927,0.636100411715114,0.07413249071228897,0.09285855688904826,0.24567903329323298,0.4347011430884419,0.0033475633625025263,0.38763833024613636,0.3943941744872443,-0.007631271915679163,0.16553395247594607,0.18323529355052648,-0.0,-0.6370657435439084,0.19778230770559255,0.3599777098225121,0.06413828004544872,0.13759247044070927,0.636100411715114,0.07413249071228897,0.09285855688904826,0.24567903329323298,0.4347011430884419,0.0033475633625025263,0.38763833024613636,0.3943941744872443,-0.007631271915679163,0.16553395247594607,0.18323529355052648,-0.011566883298154149,-0.4198725749102535,-0.18337822951943403,0.8203968705405812,-0.13905619523404666,0.22790470779622396,0.5646006282032324,0.1407368318489961,0.18684765401452172,0.5157084134703049,0.6740324243406061,0.07420745488960073,0.5912404986583457,0.4917811084322355,0.003665880965962163,0.24810764723584514,0.13640272682843918
292,True,2.929999999999899,0.1909787103665183,False,True,0.0,False,,-0.0,-0.4350275698999774,0.1893967842609662,0.3739657462641134,-0.1726153806267906,0.11114543277105296,0.29810535446264846,0.11933984068904174,0.17986762310464904,0.11184960986196307,0.45044032205211254,0.032865676213251475,0.2519834478078068,0.5300570143143284,-0.017391551281805268,0.02306277906841303,0.3090596861015734,-0.0,-0.4350275698999774,0.1893967842609662,0.3739657462641134,-0.1726153806267906,0.11114543277105296,0.29810535446264846,0.11933984068904174,0.17986762310464904,0.11184960986196307,0.45044032205211254,0.032865676213251475,0.2519834478078068,0.5300570143143284,-0.017391551281805268,0.02306277906841303,0.3090596861015734,-0.016844083760899964,-0.4364318529197509,-0.15463075824136233,0.7540761439446161,-0.12753375132711411,0.21303555906331037,0.5497488012498254,0.13706500911785688,0.17854663612079164,0.46811744441256553,0.6403601771565243,0.06677559904792076,0.5516707282424548,0.48850810110387916,0.0016728437863976872,0.22431987235058762,0.15523387335325806
293,True,2.939999999999898,0.041489341198864,False,True,0.0,False,,-0.0,-0.36160179049316926,0.1616990646123024,0.38508259006198103,-0.3490658503988659,0.10958266869941437,0.1969723776659734,0.13227044812976418,0.1921391117100491,0.10106963115444026,0.46144389936164804,0.03680066413375139,0.2643006721356927,0.538014286211072,-0.03221262691226078,0.031593116016190914,0.31762823526672485,-0.0,-0.36160179049316926,0.1616990646123024,0.38508259006198103,-0.3490658503988659,0.10958266869941437,0.1969723776659734,0.13227044812976418,0.1921391117100491,0.10106963115444026,0.46144389936164804,0.03680066413375139,0.2643006721356927,0.538014286211072,-0.03221262691226078,0.031593116016190914,0.31762823526672485,-0.022765405708484517,-0.4376647606561282,-0.12551128733737518,0.6835094059650897,-0.14209628664205068,0.19532231682455822,0.5072806144424947,0.13493758220910704,0.17615839188838425,0.4070181918417821,0.6056142233335784,0.06027500821354359,0.5020975023937256,0.4928457827587223,-0.002242079236601048,0.19196258809143688,0.18163877310279378
294,True,2.9499999999998967,0.026153874673932945,False,True,0.0,False,,-0.0,-0.5138804647663374,0.22183870198207337,0.3387608913604402,-0.3490658503988659,0.07875453456198944,0.3720429707971952,0.0660130361230051,0.15208455988246924,0.3410936946127732,0.297914952255617,0.017742721910926768,0.5280703231243353,0.2647689669280485,-0.03572738536157619,0.2831307602048545,0.06501532857205228,-0.0,-0.5138804647663374,0.22183870198207337,0.3387608913604402,-0.3490658503988659,0.07875453456198944,0.3720429707971952,0.0660130361230051,0.15208455988246924,0.3410936946127732,0.297914952255617,0.017742721910926768,0.5280703231243353,0.2647689669280485,-0.03572738536157619,0.2831307602048545,0.06501532857205228,-0.024207643113161786,-0.4414415919098084,-0.09966827420885713,0.6164413124001563,-0.17225694749138595,0.17597939714257985,0.4680149151882247,0.12872502351018494,0.1724642209308652,0.3663732501895209,0.5617697707097721,0.05570734689022771,0.4737685294121272,0.47835323982851313,-0.0072607093306466895,0.17990042657165708,0.18833203459732284
295,True,2.9599999999998956,0.10962116480069989,False,True,0.0,False,,-0.0,-0.7983341480713073,0.3659935955712833,0.2594002438880255,-0.3490658503988659,0.06383622170230648,0.4683175995934791,0.07724985311076397,0.1385641254735688,0.47461665099457695,0.1959876840053195,0.01495837101664446,0.6535232393625845,0.15158907790360135,-0.02093207165343161,0.3714023459578782,0.013378329680772995,-0.0,-0.7983341480713073,0.3659935955712833,0.2594002438880255,-0.3490658503988659,0.06383622170230648,0.4683175995934791,0.07724985311076397,0.1385641254735688,0.47461665099457695,0.1959876840053195,0.01495837101664446,0.6535232393625845,0.15158907790360135,-0.02093207165343161,0.3714023459578782,0.013378329680772995,-0.020354929106436614,-0.4734726272522347,-0.07786127860659611,0.5510381336059431,-0.20504175965495838,0.1557978460387101,0.4485344901586551,0.11975679905442332,0.16613046055701114,0.35821463124744257,0.504943932364147,0.05149967898674688,0.4770535142174367,0.4384171915759941,-0.011220745207742655,0.19405196920246953,0.172441647693068
296,True,2.9699999999998945,0.10752081551193074,False,True,0.0,False,,-0.0,-0.8726646259971647,0.3833983845996168,0.186539846144485,-0.34906585039886584,0.07213192783065982,0.5270536699100974,0.04775878079842473,0.1594249528945063,0.5484415290349879,0.13541216559198083,0.048851939907963625,0.6999777294123541,0.10390570089365754,0.013205491883952154,0.3943449529046601,0.01979811100705502,-0.0,-0.8726646259971647,0.3833983845996168,0.186539846144485,-0.34906585039886584,0.07213192783065982,0.5270536699100974,0.04775878079842473,0.1594249528945063,0.5484415290349879,0.13541216559198083,0.048851939907963625,0.6999777294123541,0.10390570089365754,0.013205491883952154,0.3943449529046601,0.01979811100705502,-0.013791756354793346,-0.5300959336248494,-0.060245269066734705,0.48507367766323206,-0.23504131625156305,0.13754825144420793,0.4474302075048779,0.10879599742877744,0.16200018743617806,0.3740385666604479,0.4408646034939485,0.04840084608718669,0.5025134781951414,0.3848068991311228,-0.011315439267439465,0.22234680023825967,0.14785993821683163
297,True,2.9799999999998934,0.05737714976659996,False,True,0.0,False,,-0.0,-0.8716915173076744,0.39199019256786727,0.20939290784367093,-0.34906585039886584,0.0919042644305871,0.4598134943166565,0.08963701580895282,0.15287261425994667,0.5082836216443545,0.17899507446502744,0.033480460913568266,0.6435413295639586,0.17181858810104425,-0.008672441655022036,0.3406478686639284,0.0557028893564569,-0.0,-0.8716915173076744,0.39199019256786727,0.20939290784367093,-0.34906585039886584,0.0919042644305871,0.4598134943166565,0.08963701580895282,0.15287261425994667,0.5082836216443545,0.17899507446502744,0.033480460913568266,0.6435413295639586,0.17181858810104425,-0.008672441655022036,0.3406478686639284,0.0557028893564569,-0.007984602659938937,-0.5933268563385599,-0.04659646898876088,0.4251584913865702,-0.26050036815943123,0.12395492818713286,0.45093879623886185,0.10054868502808739,0.15963823797927745,0.3974850881966442,0.3825729278318479,0.04614243545629832,0.5315590123332843,0.33560735973279326,-0.010188631325695596,0.2497306737047735,0.125806149113057
298,True,2.9899999999998923,0.0,True,True,0.0,False,,-0.0,-0.8719413091955193,0.3773453751983708,0.19899995928475017,-0.34906585039886584,0.07896737438313672,0.4559818649271113,0.09297231346816007,0.14056145531138475,0.5151434420542333,0.18230936501089642,0.019039292246895222,0.6508344273052192,0.1724445866330043,-0.009578466526803133,0.3614742346412208,0.062219470242790835,-0.0,-0.8719413091955193,0.3773453751983708,0.19899995928475017,-0.34906585039886584,0.07896737438313672,0.4559818649271113,0.09297231346816007,0.14056145531138475,0.5151434420542333,0.18230936501089642,0.019039292246895222,0.6508344273052192,0.1724445866330043,-0.009578466526803133,0.3614742346412208,0.062219470242790835,-0.003951049214938035,-0.6520980305098096,-0.03632778858436255,0.3745328354746445,-0.28119635730766523,0.11367467641146724,0.4530667056839903,0.09628405654576545,0.1568976582964991,0.42056195205158076,0.3354706374765472,0.04315606200466003,0.5569360867937961,0.29669837550572714,-0.009565053221439546,0.27307286789207247,0.10927052341107592
299,True,2.999999999999891,0.0,True,True,0.0,False,,-0.0,-0.8719182521257961,0.38520005951742836,0.21449841630271438,-0.34906585039886584,0.07519656716066861,0.43845056963654777,0.12167627817972232,0.13603390121096257,0.506569806156867,0.18988183093819155,0.014439920802450677,0.6453593260782556,0.16014733781567797,-0.013624640279693668,0.3626450033308415,0.0486599909192893,-0.0,-0.8719182521257961,0.38520005951742836,0.21449841630271438,-0.34906585039886584,0.07519656716066861,0.43845056963654777,0.12167627817972232,0.13603390121096257,0.506569806156867,0.18988183093819155,0.014439920802450677,0.6453593260782556,0.16014733781567797,-0.013624640279693668,0.3626450033308415,0.0486599909192893,-0.0016394745776963165,-0.7023162898450973,-0.028722800120598198,0.33431340651609515,-0.2975658006610139,0.10520859128918578,0.45296056928787526,0.09645188338831176,0.15291793731776407,0.4408239235457102,0.2991761742675983,0.0400291053567362,0.577389596484554,0.26559008506887116,-0.00949005549462756,0.29296421939737205,0.0960908975448723
300,True,3.00999999999989,0.0,True,True,0.0,False,,-0.0,-0.8722984005335994,0.38799938751822416,0.2349992590900157,-0.34906585039886584,0.07369999150149245,0.45618786078780965,0.12568409029925084,0.13704200185660959,0.5161518562092596,0.1961358414335227,0.017179919811600757,0.6475531765988617,0.15296255286196553,-0.006534069760820497,0.365966571903414,0.04375900125168792,-0.0,-0.8722984005335994,0.38799938751822416,0.2349992590900157,-0.34906585039886584,0.07369999150149245,0.45618786078780965,0.12568409029925084,0.13704200185660959,0.5161518562092596,0.1961358414335227,0.017179919811600757,0.6475531765988617,0.15296255286196553,-0.006534069760820497,0.365966571903414,0.04375900125168792,-0.0006052352361399218,-0.743259596995533,-0.023138821556197266,0.3052028003485046,-0.3102754124040094,0.09821237762082402,0.4526301195804463,0.09976609407292002,0.1489091159686082,0.4579380960680853,0.2723098027750735,0.03706959905208197,0.5936329072094707,0.2402470227575125,-0.009311283659715036,0.30947843451585827,0.08491490605674586
301,True,3.019999999999889,0.007893200645450254,False,True,0.0,False,,-0.0,-0.8726227367935759,0.35220014695061497,0.274628525543675,-0.34906585039886584,0.06314602934319265,0.46871853530359464,0.0592364428582256,0.1116125437772424,0.6402956317055061,0.16666310045269378,-0.00836950849203736,0.760379495958935,-0.022076386125920888,-0.014899425208835285,0.4427421265970688,-0.07805409925070618,-0.0,-0.8726227367935759,0.35220014695061497,0.274628525543675,-0.34906585039886584,0.06314602934319265,0.46871853530359464,0.0592364428582256,0.1116125437772424,0.6402956317055061,0.16666310045269378,-0.00836950849203736,0.760379495958935,-0.022076386125920888,-0.014899425208835285,0.4427421265970688,-0.07805409925070618,0.00029318514289282383,-0.7756982596707201,-0.0190918661804826,0.28791209570800735,-0.32001762259022976,0.09177950619324865,0.4540144510660185,0.09897540860039628,0.14332364290534402,0.48179768568561815,0.2502291555549498,0.032927863867888166,0.6149719650604523,0.2060552839886755,-0.009404885542582892,0.32888864716331795,0.06603773963501568
302,True,3.029999999999888,0.018207064777429362,False,True,0.0,False,,-0.0,-0.8726534010054688,0.328627601918797,0.3080096758053331,-0.34906585039886584,0.05247337877695601,0.4697065775508833,0.06348090857746724,0.09968070506024848,0.6416239426306893,0.1672954082230889,-0.01634631199687488,0.7693474760303922,-0.037112073807963164,-0.020103637156453816,0.46153328882335415,-0.10291613006853638,-0.0,-0.8726534010054688,0.328627601918797,0.3080096758053331,-0.34906585039886584,0.05247337877695601,0.4697065775508833,0.06348090857746724,0.09968070506024848,0.6416239426306893,0.1672954082230889,-0.01634631199687488,0.7693474760303922,-0.037112073807963164,-0.020103637156453816,0.46153328882335415,-0.10291613006853638,0.000884040540397346,-0.8008618837263501,-0.01610213166092267,0.28154910680972267,-0.3274089082971972,0.08511899899168025,0.4564772915400524,0.09442068273056682,0.13582465096553903,0.5106180568467942,0.23161869601433963,0.027193244696511683,0.6409492834102195,0.16435470846392303,-0.010277172736027405,0.3516238153623557,0.03958935206078391
303,True,3.039999999999887,0.022910400810646863,False,True,0.0,False,,-0.0,-0.849926489827378,0.352386326286411,0.335771466595324,-0.34906585039886584,0.05806701809162987,0.4242662912325438,0.0745190185936253,0.10842273802765826,0.5847411505967779,0.17868168903790768,-0.0049134065529750325,0.7346377537240298,-0.041460058545886865,-0.020035433823654532,0.4345306412424472,-0.11236186976623753,-0.0,-0.849926489827378,0.352386326286411,0.335771466595324,-0.34906585039886584,0.05806701809162987,0.4242662912325438,0.0745190185936253,0.10842273802765826,0.5847411505967779,0.17868168903790768,-0.0049134065529750325,0.7346377537240298,-0.041460058545886865,-0.020035433823654532,0.4345306412424472,-0.11236186976623753,0.00022855468180313962,-0.8183105766600003,-0.013829456995542192,0.2838105134040937,-0.3329759945362887,0.07912232868803393,0.45564382253361085,0.08993985025895002,0.12871237147928183,0.5338640610054673,0.2176260581938034,0.021621356474621628,0.66363718245429,0.12366507280787516,-0.011599091825452375,0.3716708349793973,0.011521940145871783
304,True,3.0499999999998857,0.016418789968514574,False,True,0.0,False,,-0.0,-0.8139558642211958,0.31683441774313853,0.35044153985737236,-0.34906585039886584,0.04801855468615588,0.414479701257811,0.07861189986558344,0.10099405216286948,0.566143389384346,0.21180748576431374,-0.01661950282640338,0.7197124000819511,-0.023169372666374744,-0.026654086448595373,0.43916333271362584,-0.10270535842360985,-0.0,-0.8139558642211958,0.31683441774313853,0.35044153985737236,-0.34906585039886584,0.04801855468615588,0.414479701257811,0.07861189986558344,0.10099405216286948,0.566143389384346,0.21180748576431374,-0.01661950282640338,0.7197124000819511,-0.023169372666374744,-0.026654086448595373,0.43916333271362584,-0.10270535842360985,-0.0014762812362006938,-0.8268658503037517,-0.012115909335599287,0.2915495688897799,-0.3371429358650105,0.07353935322459448,0.4510958774935879,0.08676988472577268,0.12238099304746619,0.5485190755686865,0.2102245782948366,0.016352389097746972,0.6799947479414838,0.08947025011408734,-0.013453797392294423,0.38759696130346827,-0.013495742459781575
305,True,3.0599999999998846,0.006661206399790522,False,True,0.0,False,,-0.0,-0.6727784540191774,0.21797704935925746,0.3528755917636271,-0.34906585039886584,0.030735035575048416,0.3973423993457436,0.04687579797679632,0.077620578596728,0.5190206280634218,0.23630898903819242,-0.03591765063586892,0.6879284838424969,-0.04276582662866203,-0.042812360096763244,0.4079137670838043,-0.08002398647704367,-0.0,-0.6727784540191774,0.21797704935925746,0.3528755917636271,-0.34906585039886584,0.030735035575048416,0.3973423993457436,0.04687579797679632,0.077620578596728,0.5190206280634218,0.23630898903819242,-0.03591765063586892,0.6879284838424969,-0.04276582662866203,-0.042812360096763244,0.4079137670838043,-0.08002398647704367,-0.003992502952286411,-0.8185197323093689,-0.010929204800819487,0.3012406327668806,-0.3402779188586773,0.06709421668153846,0.4438719702254089,0.0821557108221561,0.11513711058122567,0.5536492215206448,0.20950271885751148,0.010000588008032668,0.6889830274482811,0.061097411393886074,-0.016783222475793072,0.3977365379493332,-0.03216067995230897
306,True,3.0699999999998835,0.016438655819247278,False,True,0.0,False,,-0.0,-0.6335597727523545,0.1792132756013622,0.37619009261912556,-0.34906585039886584,0.028611456280748987,0.42590599964427794,0.030104002055784007,0.08503023878250554,0.5461889919183677,0.22795054807317888,-0.02765889850904909,0.720633530629513,-0.05556151119379838,-0.040119316405714395,0.4125476637745541,-0.09567877239919882,-0.0,-0.6335597727523545,0.1792132756013622,0.37619009261912556,-0.34906585039886584,0.028611456280748987,0.42590599964427794,0.030104002055784007,0.08503023878250554,0.5461889919183677,0.22795054807317888,-0.02765889850904909,0.720633530629513,-0.05556151119379838,-0.040119316405714395,0.4125476637745541,-0.09567877239919882,-0.006374295256565061,-0.7956860553774375,-0.01010613832849904,0.3125919260435287,-0.3426099655404685,0.06017517930739805,0.43796452310043793,0.07492615298200343,0.10785689681359935,0.5546207994766025,0.21178259350526732,0.003929022662388943,0.695106312553145,0.036603705978554245,-0.020761571246716945,0.4035485456059238,-0.04641871264381043
307,True,3.0799999999998824,0.015206824674629913,False,True,0.0,False,,-0.0,-0.6439579821076621,0.18874190158437515,0.37654696207726235,-0.34906585039886584,0.032645042464378514,0.4192796500351079,0.025537755634361784,0.08518477760059721,0.5529672975754238,0.21199366533532993,-0.0302671397839141,0.7257592248830083,-0.07974437970640186,-0.04307610686706972,0.41458104570097115,-0.10843863366506581,-0.0,-0.6439579821076621,0.18874190158437515,0.37654696207726235,-0.34906585039886584,0.032645042464378514,0.4192796500351079,0.025537755634361784,0.08518477760059721,0.5529672975754238,0.21199366533532993,-0.0302671397839141,0.7257592248830083,-0.07974437970640186,-0.04307610686706972,0.41458104570097115,-0.10843863366506581,-0.008254069601344916,-0.7687084745598575,-0.00958264890343079,0.32444118775068687,-0.34428813851958606,0.054032372442942504,0.43387113305835384,0.06648426867461782,0.10169366673778489,0.5552749026366184,0.21339959954190962,-0.0013624970322996426,0.7009704808817252,0.014134882662632976,-0.024689716277782468,0.4072625140888848,-0.05884695768803252
308,True,3.0899999999998813,0.009393102422756261,False,True,0.0,False,,-0.0,-0.572810167750879,0.16334505744788216,0.3423356748671998,-0.34906585039886584,0.03182132299819794,0.39162265467138097,0.02319632362532865,0.08392530786325907,0.5230706903761801,0.2159917684875944,-0.03605065101346053,0.699157909959906,-0.08837356396711761,-0.042778462358848725,0.411064940736671,-0.11419852835866255,-0.0,-0.572810167750879,0.16334505744788216,0.3423356748671998,-0.34906585039886584,0.03182132299819794,0.39162265467138097,0.02319632362532865,0.08392530786325907,0.5230706903761801,0.2159917684875944,-0.03605065101346053,0.699157909959906,-0.08837356396711761,-0.042778462358848725,0.411064940736671,-0.11419852835866255,-0.00998217534531049,-0.7379488879337757,-0.009405519097633654,0.3324785491930439,-0.34548573299380825,0.04899929414215737,0.42860079411405994,0.05820558923051786,0.09646426385816632,0.5537888240567139,0.21427936691233798,-0.005988286437376661,0.7041951664764647,-0.006471220478700071,-0.02825451293567297,0.40946445604733434,-0.07003689829766
309,True,3.09999999999988,0.008322110029447688,False,True,0.0,False,,-0.0,-0.504844829652606,0.1293660266135978,0.3256042577199183,-0.34906585039886584,0.03163456153437614,0.36311772166644923,0.028621664169575917,0.07547364457967494,0.4913384108986085,0.23233565600579956,-0.04042729746361809,0.6843258089467964,-0.08655939140171458,-0.042841972329266745,0.39972551082175956,-0.10444757229056277,-0.0,-0.504844829652606,0.1293660266135978,0.3256042577199183,-0.34906585039886584,0.03163456153437614,0.36311772166644923,0.028621664169575917,0.07547364457967494,0.4913384108986085,0.23233565600579956,-0.04042729746361809,0.6843258089467964,-0.08655939140171458,-0.042841972329266745,0.39972551082175956,-0.10444757229056277,-0.01169452392894178,-0.7011977983008505,-0.00939176839281506,0.3354452649944173,-0.34635320446711343,0.0449616916538436,0.4201873903901697,0.05131727001460855,0.09158097901097807,0.5480101210247946,0.21621180686398733,-0.010323423917891095,0.703920853338142,-0.024091977858645003,-0.031260851038594495,0.4098359933758574,-0.07886704833388461
310,True,3.109999999999879,0.0,True,True,0.0,False,,-0.0,-0.4447253917099411,0.11549043507100061,0.30638640250230587,-0.34906585039886584,0.032652356759380656,0.37352679410269407,0.013895836828005718,0.07027110182266888,0.49213632661194706,0.24237919524718096,-0.037519166218010956,0.6960304610443396,-0.08533105360119503,-0.04023533751706079,0.4098799388004064,-0.11810507571035934,-0.0,-0.4447253917099411,0.11549043507100061,0.30638640250230587,-0.34906585039886584,0.032652356759380656,0.37352679410269407,0.013895836828005718,0.07027110182266888,0.49213632661194706,0.24237919524718096,-0.037519166218010956,0.6960304610443396,-0.08533105360119503,-0.04023533751706079,0.4098799388004064,-0.11810507571035934,-0.012968878151752567,-0.6589761161495067,-0.009438844711898424,0.3338971984021458,-0.3469850384094698,0.041867118847609276,0.4111684704392235,0.04482780034207922,0.08704946800115988,0.539775153558761,0.21975081024295795,-0.01458656938256159,0.7027358638029263,-0.03829627598297248,-0.03348943910735337,0.40974965046977635,-0.08641126016175031
311,True,3.119999999999878,0.10638140510870837,False,True,0.0,False,,-0.0,-0.35883276906756123,-0.029206063570324615,0.5051007452745072,-0.34906585039886584,0.04893344131624054,0.396607127457014,0.06371727611951775,0.008341270195271575,0.6443957889755765,0.2236471446268559,-0.04643977668451666,0.739439887878162,-0.031155979761337865,-0.040393786792326525,0.42706892091166465,-0.083898689076748,-0.0,-0.35883276906756123,-0.029206063570324615,0.5051007452745072,-0.34906585039886584,0.04893344131624054,0.396607127457014,0.06371727611951775,0.008341270195271575,0.6443957889755765,0.2236471446268559,-0.04643977668451666,0.739439887878162,-0.031155979761337865,-0.040393786792326525,0.42706892091166465,-0.083898689076748,-0.012710179991695216,-0.6107676648874921,-0.011644707037426328,0.3452634888864438,-0.3475371592333457,0.040682849038394205,0.405123632733252,0.04252193097192859,0.07879702156097276,0.5428119975658793,0.22228383824929818,-0.019517253768752883,0.7051747325669347,-0.0452491671191925,-0.035025165900497784,0.4111935282774252,-0.09046144045012192
312,True,3.129999999999877,0.40794461510829405,False,True,0.0,False,,-0.0,-0.2949217294577851,-0.18240611644129873,0.625165642691336,-0.3490658503988659,0.06297276266127637,0.5249233279606714,0.06518881893472762,-0.017646001322024908,0.8737178493153331,0.1454910199713647,-0.04397426166213247,0.8409463716652469,-0.07085766190870751,-0.028710381560010167,0.5258749605223184,-0.16297526951489746,-0.0,-0.2949217294577851,-0.18240611644129873,0.625165642691336,-0.3490658503988659,0.06297276266127637,0.5249233279606714,0.06518881893472762,-0.017646001322024908,0.8737178493153331,0.1454910199713647,-0.04397426166213247,0.8409463716652469,-0.07085766190870751,-0.028710381560010167,0.5258749605223184,-0.16297526951489746,-0.009577036881015697,-0.557387311605601,-0.02719583490941821,0.3776496515039565,-0.34799417924345355,0.04205762220337577,0.41172372706989735,0.04410189334234878,0.06559184549276044,0.5735202332653938,0.21714721580059201,-0.024336527405441302,0.7183214906337738,-0.04950150831898029,-0.035271702089035704,0.42150666825437805,-0.09753688234106839
313,True,3.139999999999876,0.8106452541026978,False,True,0.0,False,,-0.0,-0.19913661861743895,-0.2169689562730413,0.6217535778958664,-0.34680935356672826,0.0893042554830981,0.5197874439477717,0.06081187257006564,0.0010292649210180763,0.9002369247948458,0.13567678692250923,-0.01787162178224447,0.8456507658819788,-0.05477536365548946,-0.018654444681579806,0.5165561752149476,-0.18184815232774912,-0.0,-0.19913661861743895,-0.2169689562730413,0.6217535778958664,-0.34680935356672826,0.0893042554830981,0.5197874439477717,0.06081187257006564,0.0010292649210180763,0.9002369247948458,0.13567678692250923,-0.01787162178224447,0.8456507658819788,-0.05477536365548946,-0.018654444681579806,0.5165561752149476,-0.18184815232774912,-0.00557912357923683,-0.49800042693651825,-0.05487137547983188,0.41923526022695207,-0.34820304489782444,0.046895625469082144,0.4271772226080081,0.04678405994561568,0.052045491530678514,0.622977358050164,0.2058367650213001,-0.0266459707597191,0.7385391607130928,-0.05238815572249894,-0.03382895810291543,0.4372637230711461,-0.1095117991348957
314,True,3.1499999999998747,1.2097337105725312,False,True,0.0,False,,-0.0,-0.19969548618962316,-0.3122755066098965,0.6698059615768378,-0.3487949264490518,0.06471340711461229,0.645842341181253,0.03277306074897498,-0.036001301070843386,1.019281436286141,0.09214179429375549,-0.0459525703401656,0.8980979288019872,-0.02143774817044101,-0.021983120286950625,0.5502859800910735,-0.15129511599633735,-0.0,-0.19969548618962316,-0.3122755066098965,0.6698059615768378,-0.3487949264490518,0.06471340711461229,0.645842341181253,0.03277306074897498,-0.036001301070843386,1.019281436286141,0.09214179429375549,-0.0459525703401656,0.8980979288019872,-0.02143774817044101,-0.021983120286950625,0.5502859800910735,-0.15129511599633735,-0.0015140001068909145,-0.4392545747159933,-0.0929080493870139,0.4635114043435421,-0.3482741360348119,0.051876424156371156,0.4540025481295528,0.0472448908511646,0.03778547353556456,0.6847772718948169,0.18960227328055398,-0.028681304458311366,0.7635430757799797,-0.05120654054715953,-0.03170222256099131,0.45562344976781094,-0.1203768215464259
315,True,3.1599999999998736,1.5928537616428617,False,True,0.0,False,,-0.0,-0.19792696538776278,-0.1879441013061219,0.5998585163184229,-0.3490107958262827,0.11180550985645833,0.6672706031424449,0.3215482461126404,-0.07467992744544436,1.0397042570731136,0.0931264604116128,-0.06280516175000166,0.8823784970846309,0.026971889129873666,-0.024591857839372462,0.5206438719682693,-0.13086643353180336,-0.0,-0.19792696538776278,-0.1879441013061219,0.5998585163184229,-0.3490107958262827,0.11180550985645833,0.6672706031424449,0.3215482461126404,-0.07467992744544436,1.0397042570731136,0.0931264604116128,-0.06280516175000166,0.8823784970846309,0.026971889129873666,-0.024591857839372462,0.5206438719682693,-0.13086643353180336,0.0013442820227992757,-0.387430756155462,-0.12486500344778696,0.5001634420197133,-0.34831544855740887,0.058961964881140916,0.48860000006390164,0.06838483716053582,0.020515709889423802,0.7507452464280836,0.17175814409732754,-0.03265172731190376,0.7884148215074953,-0.043417308073951597,-0.02986730013201837,0.4718613483714979,-0.12670220435273935
316,True,3.1699999999998725,0.46050845511170463,False,True,0.0,False,,-0.0,-0.2493562497739568,-0.13724048472151684,0.6654752695865547,-0.3490658503988658,0.17642264421936465,0.6929232850268194,0.5791158327359667,-0.12683782973966956,1.1456498299120463,0.20818085842710726,-0.04390739428030659,0.9279695548320722,0.08497379811442522,-0.00016094733557826119,0.5117531201778658,-0.08881385010180161,-0.0,-0.2493562497739568,-0.13724048472151684,0.6654752695865547,-0.3490658503988658,0.17642264421936465,0.6929232850268194,0.5791158327359667,-0.12683782973966956,1.1456498299120463,0.20818085842710726,-0.04390739428030659,0.9279695548320722,0.08497379811442522,-0.00016094733557826119,0.5117531201778658,-0.08881385010180161,0.002979102090043618,-0.34845704759652824,-0.1419141820391998,0.5319325158492914,-0.3483445858577792,0.07275615113379603,0.5251652961992888,0.12659746882845765,-0.0015089965327963729,0.8196874952993114,0.1643852630659074,-0.03624886921267953,0.8132703124340549,-0.027433517598900458,-0.026630824371320208,0.4835283169443027,-0.1264020760246857
317,True,3.1799999999998714,0.0,True,True,0.0,False,,-0.0,-0.2825980542409686,-0.21677430033172168,0.7562070389358609,-0.3490658503988652,0.03739840613891371,0.5948778982446697,0.22120490800246984,-0.179128191686514,1.3254844767017517,0.2201971700595318,-0.03690119727177164,1.036683749711105,0.043854877721049575,0.00889643012358516,0.5627315073338669,-0.07943599655051196,-0.0,-0.2825980542409686,-0.21677430033172168,0.7562070389358609,-0.3490658503988652,0.03739840613891371,0.5948778982446697,0.22120490800246984,-0.179128191686514,1.3254844767017517,0.2201971700595318,-0.03690119727177164,1.036683749711105,0.043854877721049575,0.00889643012358516,0.5627315073338669,-0.07943599655051196,0.003682550912515092,-0.323804457219906,-0.15487901004681046,0.5677169987933689,-0.3483669210004383,0.07562154150320949,0.5550767374124467,0.17516043677083162,-0.023686732564728804,0.8970699997760442,0.16741949061852276,-0.03805531133974186,0.8453597980568756,-0.011086771425267022,-0.021550853450850862,0.49556108243948843,-0.12117862086313372
318,True,3.1899999999998703,0.0,True,True,0.0,False,,-0.0,-0.2825980542409686,-0.21677430033172168,0.7562070389358609,-0.3490658503988652,0.03739840613891371,0.5948778982446697,0.22120490800246984,-0.179128191686514,1.3254844767017517,0.2201971700595318,-0.03690119727177164,1.036683749711105,0.043854877721049575,0.00889643012358516,0.5627315073338669,-0.07943599655051196,-0.0,-0.2825980542409686,-0.21677430033172168,0.7562070389358609,-0.3490658503988652,0.03739840613891371,0.5948778982446697,0.22120490800246984,-0.179128191686514,1.3254844767017517,0.2201971700595318,-0.03690119727177164,1.036683749711105,0.043854877721049575,0.00889643012358516,0.5627315073338669,-0.07943599655051196,0.0028567538919002195,-0.30909740765890226,-0.16762535327308628,0.6044542217342028,-0.3483865120718055,0.058945808682655164,0.5805553752114985,0.2002466286992996,-0.034116617444333266,0.9709827299809682,0.17492607486300846,-0.038704620971002274,0.8810151097531252,0.0019489115166648901,-0.015916852234143786,0.5083071289295914,-0.11422181035203331
319,True,3.199999999999869,0.3117946287211906,False,True,0.0,False,,-0.0,-0.17760969309121602,-0.2778797265301401,0.7983313811195077,-0.3490658503988658,0.06621219252698694,0.6551004617212984,0.13799864905863216,-0.006932703803394724,1.3630781926237492,0.37169843893044496,-0.013529117004239886,1.0515474527205544,0.13613129971183294,0.040994137236366725,0.5550971125450634,-0.06509250571854176,-0.0,-0.17760969309121602,-0.2778797265301401,0.7983313811195077,-0.3490658503988658,0.06621219252698694,0.6551004617212984,0.13799864905863216,-0.006932703803394724,1.3630781926237492,0.37169843893044496,-0.013529117004239886,1.0515474527205544,0.13613129971183294,0.040994137236366725,0.5550971125450634,-0.06509250571854176,0.000807002841928476,-0.2921247631743586,-0.18366396203503346,0.6403898089394233,-0.34842767294352445,0.04337881280607828,0.6028582074458637,0.2064201543773147,-0.03316500867522286,1.0410012002611986,0.1952986194139815,-0.0370498981088513,0.9152437611488728,0.019451361704471266,-0.008260734341110307,0.5193376452029258,-0.10621603087197125
320,True,3.209999999999868,0.9285479719958497,False,True,0.0,False,,-0.0,-0.17760969309121602,-0.2778797265301401,0.7983313811195077,-0.3490658503988658,0.06621219252698694,0.6551004617212984,0.13799864905863216,-0.006932703803394724,1.3630781926237492,0.37169843893044496,-0.013529117004239886,1.0515474527205544,0.13613129971183294,0.040994137236366725,0.5550971125450634,-0.06509250571854176,-0.0,-0.17760969309121602,-0.2778797265301401,0.7983313811195077,-0.3490658503988658,0.06621219252698694,0.6551004617212984,0.13799864905863216,-0.006932703803394724,1.3630781926237492,0.37169843893044496,-0.013529117004239886,1.0515474527205544,0.13613129971183294,0.040994137236366725,0.5550971125450634,-0.06509250571854176,-0.002387795478867829,-0.2721336435073392,-0.20154691512781323,0.6734467616292183,-0.3484569341963769,0.038139571174634984,0.6191558681970982,0.20107943602688896,-0.0288501499912686,1.107065598897621,0.22436368366301712,-0.033703352903917634,0.945608389305085,0.04031359833134814,0.0006174381410117046,0.5281135711493529,-0.09816328962178276
321,True,3.219999999999867,0.9794924643457725,False,True,0.0,False,,-0.0,-0.20538358657824246,-0.2782678194159446,0.8408389280946194,-0.3490658503988657,0.07127082325619355,0.6897527733913478,0.10076308945749265,-0.026868828728149437,1.4051371665926353,0.3087005357570655,-0.05544894379552242,1.0629452417137275,0.16683631118461642,0.03165787023211075,0.5864771586276472,-0.08738380339843843,-0.0,-0.20538358657824246,-0.2782678194159446,0.8408389280946194,-0.3490658503988657,0.07127082325619355,0.6897527733913478,0.10076308945749265,-0.026868828728149437,1.4051371665926353,0.3087005357570655,-0.05544894379552242,1.0629452417137275,0.16683631118461642,0.03165787023211075,0.5864771586276472,-0.08738380339843843,-0.0062326062426066985,-0.2553793352263698,-0.21813395765316534,0.7048766819914957,-0.34847652975827553,0.03938826430291733,0.6330235035565382,0.18874733391947693,-0.026118016574280617,1.168000651259157,0.24859989935110496,-0.03308982257165869,0.9718359564789135,0.06252144355857342,0.008339582258383396,0.5374168747669696,-0.09280816516431424
322,True,3.229999999999866,0.8461537841527335,False,True,0.0,False,,-0.0,-0.22157825544286705,-0.24936719822799974,0.8482598114352311,-0.34906585039886573,0.07376499709989007,0.6814194450022887,0.036906351057933245,-0.029895393722461607,1.379733246850874,0.35074108160391004,-0.0535243037854399,1.0272878803919843,0.20764208162256928,0.03354163046564717,0.5517018713477904,-0.07005577179496933,-0.0,-0.22157825544286705,-0.24936719822799974,0.8482598114352311,-0.34906585039886573,0.07376499709989007,0.6814194450022887,0.036906351057933245,-0.029895393722461607,1.379733246850874,0.35074108160391004,-0.0535243037854399,1.0272878803919843,0.20764208162256928,0.03354163046564717,0.5517018713477904,-0.07005577179496933,-0.01068835116825887,-0.24422102916019975,-0.23002355584794448,0.7342226489084088,-0.3484927027890831,0.04366608857476145,0.6449832978373657,0.1685680712525725,-0.02528824763043254,1.2195307562936422,0.26897392594562913,-0.03512142963711125,0.9910820654896142,0.08711153256761338,0.01449083404115297,0.5443864752688268,-0.08863329590647037
323,True,3.2399999999998648,0.6549974811778054,False,True,0.0,False,,-0.0,-0.21542208247690195,-0.24334418305257094,0.8439151958809755,-0.3490658503988657,0.08958872142625973,0.6760249744554597,0.08035195016776135,-0.008550872359667717,1.375452588152714,0.3649733967722001,-0.0348316617290268,1.026806656285415,0.22401003010577236,0.038965161699316256,0.5399815732397321,-0.04661245961502843,-0.0,-0.21542208247690195,-0.24334418305257094,0.8439151958809755,-0.3490658503988657,0.08958872142625973,0.6760249744554597,0.08035195016776135,-0.008550872359667717,1.375452588152714,0.3649733967722001,-0.0348316617290268,1.026806656285415,0.22401003010577236,0.038965161699316256,0.5399815732397321,-0.04661245961502843,-0.015264804027234638,-0.23679431811901133,-0.237041409351295,0.7592224658100822,-0.3485073051537392,0.05004244102570175,0.6540002153613933,0.14855518011026342,-0.023861707646758462,1.259969939780329,0.28816872454551207,-0.03659727983052331,1.0038686389452225,0.11264897534634433,0.019768211116465238,0.5474395242171947,-0.08288474832124813
324,True,3.2499999999998637,0.5425285187576248,False,True,0.0,False,,-0.0,-0.2169990513809013,-0.23897886856751022,0.8429765624493656,-0.34906585039886573,0.08480205521711522,0.667595516962284,0.044706466729202726,0.0016281977864872031,1.3640958608981815,0.388924637129557,-0.033297000541303655,1.0280032522049811,0.20632794176800884,0.0326863340398181,0.5359026372124804,-0.030786888917571094,-0.0,-0.2169990513809013,-0.23897886856751022,0.8429765624493656,-0.34906585039886573,0.08480205521711522,0.667595516962284,0.044706466729202726,0.0016281977864872031,1.3640958608981815,0.388924637129557,-0.033297000541303655,1.0280032522049811,0.20632794176800884,0.0326863340398181,0.5359026372124804,-0.030786888917571094,-0.019472868852706878,-0.23164950824345446,-0.24067862732045597,0.7792822706953477,-0.34852084482038687,0.05683889544022669,0.6599399945068615,0.12984473656032736,-0.02078310039944548,1.290116601440118,0.3070691970966668,-0.03691668173466224,1.012623789422326,0.1347961276436083,0.02382282794778557,0.5478174585995462,-0.07502360544374297
325,True,3.2599999999998626,0.37711076209015604,False,True,0.0,False,,-0.0,-0.23195364872291205,-0.22423427385108585,0.8410554751190876,-0.34906585039886573,0.08528769586918697,0.6801976989031607,0.04398002602054685,-0.046674500581101855,1.3904585162915464,0.32616498785375514,-0.0451805755099286,1.0392633774314404,0.2196536467476628,0.040361007284193916,0.5539739584630764,-0.021010965481587242,-0.0,-0.23195364872291205,-0.22423427385108585,0.8410554751190876,-0.34906585039886573,0.08528769586918697,0.6801976989031607,0.04398002602054685,-0.046674500581101855,1.3904585162915464,0.32616498785375514,-0.0451805755099286,1.0392633774314404,0.2196536467476628,0.040361007284193916,0.5539739584630764,-0.021010965481587242,-0.022806965185183773,-0.22920162753816367,-0.24127826350636034,0.7948047391606884,-0.3485335417603005,0.0629072223364617,0.6645860858809536,0.11241043273998076,-0.020648246719323162,1.3141369844755224,0.3195718118921781,-0.037476883728812194,1.0196067907380149,0.15332118417962826,0.027250035634535073,0.5482323224114474,-0.0658655693047124
326,True,3.2699999999998615,0.1442549439901034,False,True,0.0,False,,-0.0,-0.23195364872291205,-0.22423427385108585,0.8410554751190876,-0.34906585039886573,0.08528769586918697,0.6801976989031607,0.04398002602054685,-0.046674500581101855,1.3904585162915464,0.32616498785375514,-0.0451805755099286,1.0392633774314404,0.2196536467476628,0.040361007284193916,0.5539739584630764,-0.021010965481587242,-0.0,-0.23195364872291205,-0.22423427385108585,0.8410554751190876,-0.34906585039886573,0.08528769586918697,0.6801976989031607,0.04398002602054685,-0.046674500581101855,1.3904585162915464,0.32616498785375514,-0.0451805755099286,1.0392633774314404,0.2196536467476628,0.040361007284193916,0.5539739584630764,-0.021010965481587242,-0.02518230919405116,-0.22868742545349352,-0.24003218922137065,0.8065815192691814,-0.3485451844212862,0.06800258900953537,0.6686290331686339,0.09750554904492613,-0.02356479938580805,1.333819260644607,0.3255746628880403,-0.03848848795058258,1.0254736464036016,0.16871872890927778,0.030315044071775668,0.549286743005448,-0.0568808518995413
327,True,3.2799999999998604,0.0,True,True,0.0,False,,-0.0,-0.24669600831679744,-0.2060722001990033,0.8527342881806492,-0.3490658503988658,0.08169393533171673,0.6647269847283385,0.0403937322482713,-0.07067047747440948,1.3884625647007185,0.30324199286934705,-0.06536141033713154,1.0206718474189584,0.20634417211652267,0.024442049311618884,0.5274963026562239,-0.03064403927896129,-0.0,-0.24669600831679744,-0.2060722001990033,0.8527342881806492,-0.3490658503988658,0.08169393533171673,0.6647269847283385,0.0403937322482713,-0.07067047747440948,1.3884625647007185,0.30324199286934705,-0.06536141033713154,1.0206718474189584,0.20634417211652267,0.024442049311618884,0.5274963026562239,-0.03064403927896129,-0.026960334189593496,-0.23019688909325187,-0.23675034885382776,0.8163660299329898,-0.34855572697240955,0.07138571234629834,0.670975832903674,0.08509442180832191,-0.02865601672832544,1.349047759771251,0.32651592253071593,-0.041113246884259734,1.0287884422334452,0.18000974288003083,0.031754138576124136,0.5485290234391327,-0.049758721346514496
328,True,3.2899999999998593,0.0,True,True,0.0,False,,-0.0,-0.22370543643048968,-0.2072946160586793,0.8244176619613298,-0.3490658503988658,0.0950720070364576,0.6740458701767637,0.05692863836051977,-0.10631304963265734,1.412351260553756,0.2555090921911991,-0.07001258041956245,1.0359120585464574,0.20457081548553624,0.024119577171180615,0.5408694408655539,-0.021330278827578986,-0.0,-0.22370543643048968,-0.2072946160586793,0.8244176619613298,-0.3490658503988658,0.0950720070364576,0.6740458701767637,0.05692863836051977,-0.10631304963265734,1.412351260553756,0.2555090921911991,-0.07001258041956245,1.0359120585464574,0.20457081548553624,0.024119577171180615,0.5408694408655539,-0.021330278827578986,-0.027941395255624932,-0.23120855540304489,-0.2324280366786722,0.8224064464572082,-0.34856549654118685,0.07113171169791833,0.6739017560738436,0.07628917262410742,-0.033319799243404835,1.3610127672364634,0.32067949609423346,-0.04524104550753679,1.0311005511151339,0.1876419639879946,0.03175420514851186,0.547164290790071,-0.043876029796091995
329,True,3.299999999999858,0.0,True,True,0.0,False,,-0.0,-0.2257488515921172,-0.174604383824379,0.8175649780806709,-0.34906585039886584,0.08892658836192993,0.6460849366479883,0.05500206839135485,-0.11273991905343846,1.3919594988919084,0.2966755776251056,-0.07493180721756874,1.0170058894199503,0.19346021716339795,0.016250546040991985,0.5143979451458532,-0.024144899939302928,-0.0,-0.2257488515921172,-0.174604383824379,0.8175649780806709,-0.34906585039886584,0.08892658836192993,0.6460849366479883,0.05500206839135485,-0.11273991905343846,1.3919594988919084,0.2966755776251056,-0.07493180721756874,1.0170058894199503,0.19346021716339795,0.016250546040991985,0.5143979451458532,-0.024144899939302928,-0.028472407796319932,-0.23122775388515082,-0.22568079918462702,0.8246575386737587,-0.3485745472839477,0.0685918083062727,0.6753501465520036,0.07048211288569302,-0.038147932386510326,1.3691830265873848,0.31418703252539504,-0.05009006242034522,1.0319146155899293,0.19195880237321106,0.030525808072197277,0.5441571450042509,-0.03903920768725045
330,True,3.309999999999857,0.0,True,True,0.0,False,,-0.0,-0.2364395151588523,-0.16444178132642678,0.8239019960211029,-0.34906585039886573,0.08372407993016544,0.6258463548899854,0.09874247491162336,-0.07460282980850386,1.3978113532267489,0.33170498610087357,-0.06974970461125171,1.0268093785553116,0.15871321516558629,0.019383279883147957,0.5160617169824083,-0.0362549226021051,-0.0,-0.2364395151588523,-0.16444178132642678,0.8239019960211029,-0.34906585039886573,0.08372407993016544,0.6258463548899854,0.09874247491162336,-0.07460282980850386,1.3978113532267489,0.33170498610087357,-0.06974970461125171,1.0268093785553116,0.15871321516558629,0.019383279883147957,0.5160617169824083,-0.0362549226021051,-0.02862794078389575,-0.2316836379268212,-0.21666601128766552,0.8253384491635546,-0.34858282214901004,0.06568328110054866,0.6730046218599155,0.06988205473189696,-0.04113239593379367,1.3748586591695,0.3124433039984444,-0.05448713175718161,1.032003818904783,0.1913281044076803,0.02884661187045158,0.5399360795583842,-0.03626354640494005
331,True,3.319999999999856,0.0,True,True,0.0,False,,-0.0,-0.23110892943756964,-0.15107455352678603,0.8202145460421177,-0.34906585039886573,0.08567367224023288,0.6122293696111433,0.08676052171334189,-0.14236850419343966,1.3970101592546655,0.2989884913867477,-0.07196887101673942,1.025617257684305,0.15673135553555537,0.020375249638780544,0.5047655673805472,-0.020740422774449443,-0.0,-0.23110892943756964,-0.15107455352678603,0.8202145460421177,-0.34906585039886573,0.08567367224023288,0.6122293696111433,0.08676052171334189,-0.14236850419343966,1.3970101592546655,0.2989884913867477,-0.07196887101673942,1.025617257684305,0.15673135553555537,0.020375249638780544,0.5047655673805472,-0.020740422774449443,-0.028436650547828086,-0.2322284538966381,-0.20633637332320226,0.8252847182098796,-0.3485903027135536,0.06166389303453652,0.6680794116799742,0.07215160511888528,-0.04519212144531773,1.3785311031676386,0.311641596611983,-0.05816778182169961,1.0320546776954274,0.187301251144294,0.027353707221767894,0.5348665193125377,-0.03389768042372397
332,True,3.329999999999855,0.0,True,True,0.0,False,,-0.0,-0.23367813037144755,-0.14698804524376885,0.8160688009838772,-0.34906585039886573,0.09158300965725112,0.6051562520484762,0.09081134641853653,-0.12892338210920087,1.3855047354916497,0.31601405853887876,-0.06330899611724644,1.019433316684316,0.16152415343634904,0.02895654947964336,0.49942580852863133,-0.017659198538220636,-0.0,-0.23367813037144755,-0.14698804524376885,0.8160688009838772,-0.34906585039886573,0.09158300965725112,0.6051562520484762,0.09081134641853653,-0.12892338210920087,1.3855047354916497,0.31601405853887876,-0.06330899611724644,1.019433316684316,0.16152415343634904,0.02895654947964336,0.49942580852863133,-0.017659198538220636,-0.027938707541849996,-0.23272414151749926,-0.19582128316535224,0.8244940635124716,-0.3485973986750475,0.05760899361784028,0.6617952585221504,0.07515706113212141,-0.050209204820398395,1.3799309513059161,0.3113514892201674,-0.06055520825258284,1.031583431771021,0.18267974091632577,0.02671331122147831,0.529174054190832,-0.031136629704946368
333,True,3.3399999999998538,0.0,True,True,0.0,False,,-0.0,-0.23799681957856086,-0.1554399704361894,0.8137087161583764,-0.34906585039886573,0.08630850077424128,0.6053150180553193,0.09492532889989501,-0.17749007339935302,1.3917484456739024,0.2733030068243934,-0.07777978974968007,1.0129765209145125,0.1640018001103781,0.019665318401475815,0.5064569917589721,-0.012469865953167887,-0.0,-0.23799681957856086,-0.1554399704361894,0.8137087161583764,-0.34906585039886573,0.08630850077424128,0.6053150180553193,0.09492532889989501,-0.17749007339935302,1.3917484456739024,0.2733030068243934,-0.07777978974968007,1.0129765209145125,0.1640018001103781,0.019665318401475815,0.5064569917589721,-0.012469865953167887,-0.027098286023324623,-0.23355130934915722,-0.18693249945856205,0.8231718413493934,-0.34860433747681413,0.05300071619352297,0.6557531705043694,0.07856957019462574,-0.05714472911653933,1.3799736926192678,0.3086271591563899,-0.06289778960813512,1.030213736731925,0.17874547311964595,0.02617438749790197,0.5242114525372823,-0.028026372619722913
334,True,3.3499999999998527,0.0,True,True,0.0,False,,-0.0,-0.2448726502809189,-0.1572651983416351,0.8209785219585627,-0.34906585039886573,0.08160788844385039,0.61779858458416,0.09726998661952593,-0.15609043416888604,1.3981950949692419,0.3040220422799541,-0.0832601240718921,1.0184434167075638,0.16875326853363246,0.02535221241659911,0.5141736873878395,-0.012135999924459899,-0.0,-0.2448726502809189,-0.1572651983416351,0.8209785219585627,-0.34906585039886573,0.08160788844385039,0.61779858458416,0.09726998661952593,-0.15609043416888604,1.3981950949692419,0.3040220422799541,-0.0832601240718921,1.0184434167075638,0.16875326853363246,0.02535221241659911,0.5141736873878395,-0.012135999924459899,-0.02587591455571332,-0.23512522286244436,-0.1802089622516481,0.8222693297665232,-0.348610790443607,0.0484448916407827,0.6512915317854374,0.08207615962294289,-0.06462630242491854,1.380192530832761,0.3060238567419925,-0.06592158534420417,1.0287788670525175,0.1760097050846313,0.025791079769683957,0.5209879396772751,-0.024922254117854963
335,True,3.3599999999998515,0.0,True,True,0.0,False,,-0.0,-0.24707562554182466,-0.13524232483066337,0.8125840601535512,-0.34906585039886556,0.080680187501641,0.6101097118536939,0.18751370679742296,-0.11783783141904239,1.424480520245755,0.3130980953450486,-0.06721821222278716,1.037088555639889,0.15449873092921002,0.03774317403630621,0.5336910132556285,0.005177802774509358,-0.0,-0.24707562554182466,-0.13524232483066337,0.8125840601535512,-0.34906585039886556,0.080680187501641,0.6101097118536939,0.18751370679742296,-0.11783783141904239,1.424480520245755,0.3130980953450486,-0.06721821222278716,1.037088555639889,0.15449873092921002,0.03774317403630621,0.5336910132556285,0.005177802774509358,-0.024271604781930047,-0.23727726180010894,-0.17352795758066164,0.8212544603523335,-0.34861675702472966,0.04532951270242396,0.6472762548185121,0.0924183395906804,-0.06930817517325139,1.3831708020238749,0.3055672680219743,-0.06788072926219654,1.029029659135128,0.17311907062129844,0.026612465327135574,0.5205632011281904,-0.020820583673099042
336,True,3.3699999999998504,0.0,True,True,0.0,False,,-0.0,-0.2589005678940311,-0.1459416735605795,0.8208301326974318,-0.3490658503988656,0.07881144206349736,0.5944815409372549,0.14192509676412884,-0.12466126002602587,1.4223991053153306,0.32077667111479813,-0.09292225394500582,1.0158720177594593,0.20794466534046718,0.02560469397531998,0.5167638470720114,-0.015908863663958002,-0.0,-0.2589005678940311,-0.1459416735605795,0.8208301326974318,-0.3490658503988656,0.07881144206349736,0.5944815409372549,0.14192509676412884,-0.12466126002602587,1.4223991053153306,0.32077667111479813,-0.09292225394500582,1.0158720177594593,0.20794466534046718,0.02560469397531998,0.5167638470720114,-0.015908863663958002,-0.02275469638418687,-0.2403980022534429,-0.16758948135877946,0.8205779094294214,-0.3486225842734994,0.04324282779905444,0.6422828935862085,0.10421846313836675,-0.07181253044251122,1.3879933814933483,0.3069592551821841,-0.07051798434944133,1.0290210108882087,0.1741013251764153,0.027408715876695706,0.5208331590207053,-0.017772292969721697
337,True,3.3799999999998493,0.0,True,True,0.0,False,,-0.0,-0.2326597919990514,-0.1872659619121518,0.8152185820024114,-0.3490658503988656,0.09517378571400278,0.6166884361499458,0.12452133578600542,-0.07693171762035089,1.4504424441188992,0.27965616017226697,-0.10295016223742501,1.0204920654600658,0.26546705397431647,0.026530753410246466,0.533638751932633,-0.009699590319667675,-0.0,-0.2326597919990514,-0.1872659619121518,0.8152185820024114,-0.3490658503988656,0.09517378571400278,0.6166884361499458,0.12452133578600542,-0.07693171762035089,1.4504424441188992,0.27965616017226697,-0.10295016223742501,1.0204920654600658,0.26546705397431647,0.026530753410246466,0.533638751932633,-0.009699590319667675,-0.02126797111850894,-0.24202091851080626,-0.16619768091735224,0.8200189363764228,-0.34862795758819126,0.04370589015316011,0.6381184048474617,0.11206873581853241,-0.07113236242609766,1.395658880002394,0.3060594821863022,-0.0748780424588591,1.0284498494084724,0.18309407414206882,0.02772587347452098,0.521976982280371,-0.015838009290506
338,True,3.3899999999998482,0.0,True,True,0.0,False,,-0.0,-0.21892817558168273,-0.16702775885758095,0.8006026478736332,-0.34906585039886573,0.08572598739034207,0.6241707332501594,0.11855794059093769,-0.08469038277180416,1.4525303298680146,0.27996993970505374,-0.08047890680661335,1.0402032026419865,0.19707320724999633,0.034205844214049964,0.5563384106220475,-0.024780891306115427,-0.0,-0.21892817558168273,-0.16702775885758095,0.8006026478736332,-0.34906585039886573,0.08572598739034207,0.6241707332501594,0.11855794059093769,-0.08469038277180416,1.4525303298680146,0.27996993970505374,-0.08047890680661335,1.0402032026419865,0.19707320724999633,0.034205844214049964,0.5563384106220475,-0.024780891306115427,-0.019879934550558722,-0.24082815885992878,-0.16683529904026098,0.8182247178604154,-0.3486329018010721,0.046506052468377405,0.6356892175866121,0.11624779946181754,-0.06961952630359976,1.4053077711461663,0.30282355745585837,-0.07814608729254613,1.0293970173152533,0.19108469309785348,0.028401581862022067,0.5257023699085601,-0.01546850811734771
339,True,3.399999999999847,0.0,True,True,0.0,False,,-0.0,-0.21892817558168273,-0.16702775885758095,0.8006026478736332,-0.34906585039886573,0.08572598739034207,0.6241707332501594,0.11855794059093769,-0.08469038277180416,1.4525303298680146,0.27996993970505374,-0.08047890680661335,1.0402032026419865,0.19707320724999633,0.034205844214049964,0.5563384106220475,-0.024780891306115427,-0.0,-0.21892817558168273,-0.16702775885758095,0.8006026478736332,-0.34906585039886573,0.08572598739034207,0.6241707332501594,0.11855794059093769,-0.08469038277180416,1.4525303298680146,0.27996993970505374,-0.08047890680661335,1.0402032026419865,0.19707320724999633,0.034205844214049964,0.5563384106220475,-0.024780891306115427,-0.01877759848313935,-0.23810130521174153,-0.16744604953586376,0.8155816085594445,-0.3486377029039526,0.049604565711017276,0.6345404901402555,0.11822105932611814,-0.0681235483530495,1.4147352801416866,0.29905987997087563,-0.07973133103819557,1.0316018913188632,0.1950891010189359,0.029437216895325517,0.5309289793656747,-0.016309803582639316
340,True,3.409999999999846,0.0,True,True,0.0,False,,-0.0,-0.20795459272674716,-0.25653506495514117,0.8038172607321223,-0.3490658503988657,0.08732668014165368,0.6711688382535831,0.12440389344378486,-0.1490478891020953,1.4624366395101414,0.22197032802652858,-0.050876754585683616,1.0720797061063294,0.18848606218056452,0.0654978070579071,0.5968746333481406,-0.044249558738727136,-0.0,-0.20795459272674716,-0.25653506495514117,0.8038172607321223,-0.3490658503988657,0.08732668014165368,0.6711688382535831,0.12440389344378486,-0.1490478891020953,1.4624366395101414,0.22197032802652858,-0.050876754585683616,1.0720797061063294,0.18848606218056452,0.0654978070579071,0.5968746333481406,-0.044249558738727136,-0.017508439934498878,-0.23414001068643142,-0.17490148320768475,0.8131932211178906,-0.34864270085388543,0.050639961322699246,0.6374544811137606,0.11950836662949024,-0.06929302905651603,1.4238237689987652,0.29096308876171445,-0.07824802461859523,1.0365212466853475,0.19640180885217273,0.03287026530426547,0.539333423997915,-0.01908514274952244
341,True,3.419999999999845,0.0,True,True,0.0,False,,-0.0,-0.26383154598515046,-0.1870883245530399,0.8261043304050022,-0.3490658503988657,0.10668800528376343,0.6066965461799785,0.28879025178808265,-0.03083380933225377,1.2930624969808902,0.3251599277515097,0.0014319638555930075,1.0111656686183714,0.13531968133519345,0.059945132085526834,0.5275883800729388,-0.08134030505254895,-0.0,-0.26383154598515046,-0.1870883245530399,0.8261043304050022,-0.3490658503988657,0.10668800528376343,0.6066965461799785,0.28879025178808265,-0.03083380933225377,1.2930624969808902,0.3251599277515097,0.0014319638555930075,1.0111656686183714,0.13531968133519345,0.059945132085526834,0.5275883800729388,-0.08134030505254895,-0.017226536229815483,-0.23402702042477747,-0.18229415652846442,0.8130091289900959,-0.3486482665685563,0.05197614112553195,0.6363464393425038,0.1336073405566811,-0.06692035589595054,1.4213076851357254,0.28800158495189043,-0.07057737346670027,1.038674008725226,0.19204692814571975,0.0376816193969713,0.5443522146095999,-0.025938900619273373
342,True,3.429999999999844,0.0,True,True,0.0,False,,-0.0,-0.30076740383909484,-0.1837480680200223,0.7470680352178577,-0.3490658503988654,0.11268037087196041,0.6898966765840383,0.3883472135589458,-0.1996244924422162,1.2146560397436348,0.10571528695434738,-0.049711063059413335,0.960854362983972,0.06396822541155021,0.016377400205741008,0.5238364970651957,-0.08367892677609405,-0.0,-0.30076740383909484,-0.1837480680200223,0.7470680352178577,-0.3490658503988654,0.11268037087196041,0.6898966765840383,0.3883472135589458,-0.1996244924422162,1.2146560397436348,0.10571528695434738,-0.049711063059413335,0.960854362983972,0.06396822541155021,0.016377400205741008,0.5238364970651957,-0.08367892677609405,-0.017877273034572837,-0.2403808507554454,-0.18582972650975388,0.8085343950426707,-0.3486553791521107,0.04948441319550881,0.6334098869698915,0.1653971197686566,-0.06953165674113597,1.4057939409987177,0.27422358721786777,-0.06307062506377269,1.0334109472866335,0.17829169057476266,0.039144414254470926,0.5444824274757218,-0.035246960442038254
343,True,3.4399999999998427,0.0,True,True,0.0,False,,-0.0,-0.3253041627781238,-0.21839783969160806,0.8092666853056015,-0.34906585039886573,0.09872918085764956,0.659789627405384,0.08062423148859434,-0.11203361534662043,1.0486516007802988,0.02558890696372776,-0.06887407740412388,0.8588823463971398,0.0007261228813061904,-0.015560687686675847,0.4870390837866724,-0.10826979704632389,-0.0,-0.3253041627781238,-0.21839783969160806,0.8092666853056015,-0.34906585039886573,0.09872918085764956,0.659789627405384,0.08062423148859434,-0.11203361534662043,1.0486516007802988,0.02558890696372776,-0.06887407740412388,0.8588823463971398,0.0007261228813061904,-0.015560687686675847,0.4870390837866724,-0.10826979704632389,-0.019916994673058287,-0.25202818072989347,-0.18993572203946685,0.8045768750803156,-0.3486630418927587,0.04158471146325192,0.629155170345678,0.18031105846856238,-0.07217014488173852,1.3730399984337387,0.24298437089293815,-0.05980918193937621,1.0159545168878013,0.15466002154157826,0.03499641712117091,0.5395521562434235,-0.04648860119865036
344,True,3.4499999999998416,0.0,True,True,0.0,False,,-0.0,-0.29587497106601524,-0.1634565859885393,0.664081650628289,-0.34906585039886584,0.074655140619471,0.5270522863839595,0.05885275287789703,-0.12500261726104872,0.758164272332832,0.008422976348406969,-0.0751753988034014,0.7772911422257929,-0.05695636243006512,-0.05300372506039501,0.4344632698034154,-0.1295684847317984,-0.0,-0.29587497106601524,-0.1634565859885393,0.664081650628289,-0.34906585039886584,0.074655140619471,0.5270522863839595,0.05885275287789703,-0.12500261726104872,0.758164272332832,0.008422976348406969,-0.0751753988034014,0.7772911422257929,-0.05695636243006512,-0.05300372506039501,0.4344632698034154,-0.1295684847317984,-0.023718661226974462,-0.2630910583296059,-0.1909689729842932,0.7923173371292329,-0.34867263260013803,0.0336354326353482,0.6156885613382475,0.17314644975787571,-0.07445652242603598,1.3139635165001207,0.20400845690600522,-0.059873263672367366,0.9852163618839197,0.1228182852000833,0.024891695954098732,0.5276141117011147,-0.05980966344393979
345,True,3.4599999999998405,0.056680496957734014,False,True,0.0,False,,-0.0,-0.26148940877152477,-0.16822155853949833,0.4677173350765944,-0.3490658503988659,0.045340861845518464,0.4806290707263266,0.017173690664271254,-0.018857003017159105,0.6469086163250709,0.1393510400348801,-0.05080237657669482,0.7232403283427314,-0.052251950952896205,-0.05360482333877655,0.4401995627996838,-0.1401105718950934,-0.0,-0.26148940877152477,-0.16822155853949833,0.4677173350765944,-0.3490658503988659,0.045340861845518464,0.4806290707263266,0.017173690664271254,-0.018857003017159105,0.6469086163250709,0.1393510400348801,-0.05080237657669482,0.7232403283427314,-0.052251950952896205,-0.05360482333877655,0.4401995627996838,-0.1401105718950934,-0.027815329984161558,-0.2687395482400452,-0.18895111987508645,0.7571949387890434,-0.34866417831848207,0.028943910297256844,0.5949141546760168,0.15377707456108178,-0.07137784510960547,1.2339656514480875,0.1760451005781071,-0.05979170343947908,0.9451551836688846,0.0895051687247361,0.011947184944606466,0.51263120360195,-0.07407951529183196
346,True,3.4699999999998394,0.18941652642850929,False,True,0.0,False,,-0.0,-0.22224387195802223,-0.13438002047766148,0.4408964208599872,-0.3490658503988659,0.06413370198540323,0.42991042783861044,0.01927740547090669,0.02517008683622839,0.5053306892424149,0.19875477193587948,-0.02522114134327273,0.6498944372508736,-0.021179483472678503,-0.061921541358981966,0.39128946533087827,-0.13874552068668294,-0.0,-0.22224387195802223,-0.13438002047766148,0.4408964208599872,-0.3490658503988659,0.06413370198540323,0.42991042783861044,0.01927740547090669,0.02517008683622839,0.5053306892424149,0.19875477193587948,-0.02522114134327273,0.6498944372508736,-0.021179483472678503,-0.061921541358981966,0.39128946533087827,-0.13874552068668294,-0.03135435261041818,-0.26738271165137506,-0.18361468087639973,0.7070444473731436,-0.34866560472397895,0.029865199894053614,0.5695442212700977,0.13028205935360254,-0.06067916561543075,1.1432269987945045,0.1653692113643047,-0.05684596549937075,0.8980288942365877,0.06211956602467503,-0.001396505733012993,0.49457991849993865,-0.08734044569242001
347,True,3.4799999999998383,0.573618348422303,False,True,0.0,False,,-0.0,-0.425529495977443,-0.04342119798456266,0.5262961725620848,-0.3490658503988659,0.04914162204569035,0.366805683155706,0.08477268125766385,0.016671829757781875,0.39516351788492726,0.24991501441380506,-0.053040620816981326,0.6284585152307373,-0.047638658772182096,-0.07500894266010669,0.3736268401388097,-0.12358088556066592,-0.0,-0.425529495977443,-0.04342119798456266,0.5262961725620848,-0.3490658503988659,0.04914162204569035,0.366805683155706,0.08477268125766385,0.016671829757781875,0.39516351788492726,0.24991501441380506,-0.053040620816981326,0.6284585152307373,-0.047638658772182096,-0.07500894266010669,0.3736268401388097,-0.12358088556066592,-0.033881467284523084,-0.2777411732148161,-0.16918091910382052,0.6623973997429493,-0.34867106574853207,0.03292454030242101,0.5384366878027249,0.11313262846377849,-0.04717782613675447,1.0478094172271033,0.16915592857664682,-0.05413900720698563,0.8488667389666036,0.03940155539201762,-0.014702617527145172,0.4740979204176417,-0.0973944575081093
348,True,3.4899999999998372,0.8224952556076462,False,True,0.0,False,,-0.0,-0.42315392750029607,-0.03718966246804188,0.5155216364644833,-0.3490658503988659,0.058825837733209596,0.3430902190744642,0.07195101640405287,0.03349903248393253,0.330304163604118,0.2605945405308142,-0.04106385691706409,0.6019733411714229,-0.06767570000881122,-0.07322234111791728,0.3355509201705628,-0.11925182785935177,-0.0,-0.42315392750029607,-0.03718966246804188,0.5155216364644833,-0.3490658503988659,0.058825837733209596,0.3430902190744642,0.07195101640405287,0.03349903248393253,0.330304163604118,0.2605945405308142,-0.04106385691706409,0.6019733411714229,-0.06767570000881122,-0.07322234111791728,0.3355509201705628,-0.11925182785935177,-0.03519011084963393,-0.2993626409864678,-0.14877472218007884,0.6275856664960441,-0.34867937342273264,0.03672052501079246,0.5042713955863898,0.10205212356348793,-0.03309886454994093,0.950448620071519,0.18113234572640274,-0.051980906087712025,0.8016073826762354,0.01858907503773,-0.026861710138835638,0.4513591181062593,-0.10404319740406498
349,True,3.499999999999836,1.3372766108850893,False,True,0.0,False,,-0.0,-0.46212494582227526,-0.002630839129013976,0.5189670488241542,-0.3490658503988659,0.06076880100395244,0.3570118455114378,0.05727410011645791,0.055094980490291816,0.2910102757918637,0.2834470647313728,-0.017936957702486874,0.5725494036620514,-0.05423346664636748,-0.05441098431752483,0.312578256524346,-0.11278707956183938,-0.0,-0.46212494582227526,-0.002630839129013976,0.5189670488241542,-0.3490658503988659,0.06076880100395244,0.3570118455114378,0.05727410011645791,0.055094980490291816,0.2910102757918637,0.2834470647313728,-0.017936957702486874,0.5725494036620514,-0.05423346664636748,-0.05441098431752483,0.312578256524346,-0.11278707956183938,-0.03521463085167111,-0.3260633866618295,-0.1254126656974955,0.6006205188815361,-0.34869398954992853,0.04091930298429445,0.4729089974102715,0.09300532950254342,-0.01810290684401916,0.8522673879381006,0.19720780969695784,-0.04812408959799113,0.7572439186784057,0.0012572910448472967,-0.03569719320806743,0.42707429047810214,-0.10786897440991794
350,True,3.509999999999835,1.809674670605643,False,True,0.0,False,,-0.0,-0.43950254886770845,-0.007358898432693389,0.5052427172146605,-0.3490658503988659,0.07961264610432653,0.2989361773615012,0.07378932941206835,0.06926911997943203,0.25377637246716445,0.30596478110904524,-0.019630215584348167,0.5379416781071056,-0.0718340932984933,-0.054243086418889315,0.2976169675044702,-0.11835444903487598,-0.0,-0.43950254886770845,-0.007358898432693389,0.5052427172146605,-0.3490658503988659,0.07961264610432653,0.2989361773615012,0.07378932941206835,0.06926911997943203,0.25377637246716445,0.30596478110904524,-0.019630215584348167,0.5379416781071056,-0.0718340932984933,-0.054243086418889315,0.2976169675044702,-0.11835444903487598,-0.03427073383708175,-0.3514727480409577,-0.10259389774959769,0.5789845302560972,-0.34872090070326234,0.046303152877486896,0.4423519264923634,0.08659203237512836,-0.0025241220503853957,0.7536750242973956,0.21568972984732185,-0.04322711165117582,0.7153706865816906,-0.01350674923784354,-0.04140752023906484,0.40289167218865446,-0.11031998369798858
351,True,3.519999999999834,1.8394410043632379,False,True,0.0,False,,-0.0,-0.42189978300258585,-0.002699160012660049,0.4997841972666239,-0.3490658503988659,0.08649567561780763,0.2442933514905452,0.10772260309892975,0.07540706219006225,0.21464003527475278,0.3195473677232312,-0.01884483621665664,0.5075096328023311,-0.07333820986126674,-0.04803778468056967,0.27089726483465276,-0.08980623278656684,-0.0,-0.42189978300258585,-0.002699160012660049,0.4997841972666239,-0.3490658503988659,0.08649567561780763,0.2442933514905452,0.10772260309892975,0.07540706219006225,0.21464003527475278,0.3195473677232312,-0.01884483621665664,0.5075096328023311,-0.07333820986126674,-0.04803778468056967,0.27089726483465276,-0.08980623278656684,-0.03265365484464604,-0.3711468349701027,-0.0824651228363963,0.5610480440021175,-0.34875625058771553,0.052822011452753954,0.4091830872279711,0.0852510915024341,0.012563347033025613,0.6553379032256559,0.23488951678382164,-0.03842716847455235,0.675648164135426,-0.0263082511252461,-0.044673011557482524,0.3788622060651745,-0.10998276256167223
352,True,3.529999999999833,1.6791922935189392,False,True,0.0,False,,-0.0,-0.4564919671695784,-0.029710418429971328,0.5587372047854761,-0.3490658503988659,0.0830008460727524,0.2527874351083701,0.12108982011818371,0.07192492905109828,0.22646364702253777,0.31489958286607084,-0.01943492474504327,0.5290757617393116,-0.07851942618695346,-0.04621817146729228,0.2817745623195497,-0.07652751139469145,-0.0,-0.4564919671695784,-0.029710418429971328,0.5587372047854761,-0.3490658503988659,0.0830008460727524,0.2527874351083701,0.12108982011818371,0.07192492905109828,0.22646364702253777,0.31489958286607084,-0.01943492474504327,0.5290757617393116,-0.07851942618695346,-0.04621817146729228,0.2817745623195497,-0.07652751139469145,-0.029674555601120246,-0.3882027442289333,-0.0676757643268577,0.5511445470141548,-0.3487925954939799,0.0591037737419608,0.3773267743925902,0.08840910358769333,0.025758753343586713,0.5650837933358156,0.2521893213647119,-0.03420288526885338,0.6418572722546964,-0.03731970530753997,-0.046144033773105435,0.3575056870911724,-0.1064629596436667
353,True,3.5399999999998317,1.523578044718508,False,True,0.0,False,,-0.0,-0.456361222692691,-0.02647751910060308,0.5655918470180671,-0.3490658503988659,0.06753433681430523,0.2715301043318797,0.1491331642823232,0.06376641994316089,0.24561515278002652,0.3146394992665558,-0.02434559054514259,0.5317794041314255,-0.08561343045956095,-0.052288583789566266,0.27118101636720987,-0.06599329166097923,-0.0,-0.456361222692691,-0.02647751910060308,0.5655918470180671,-0.3490658503988659,0.06753433681430523,0.2715301043318797,0.1491331642823232,0.06376641994316089,0.24561515278002652,0.3146394992665558,-0.02434559054514259,0.5317794041314255,-0.08561343045956095,-0.052288583789566266,0.27118101636720987,-0.06599329166097923,-0.02515054404136462,-0.4034952671088155,-0.05757988829003844,0.5484102756021799,-0.3488171099614383,0.06331459579048951,0.3514043451497507,0.09568970264081848,0.03597877392066237,0.4902825371426222,0.26640097879384594,-0.03107232401783608,0.6154282988619472,-0.047090439127014126,-0.047066325252147684,0.33932449152372846,-0.100729271473702
354,True,3.5499999999998306,1.3945771401493152,False,True,0.0,False,,-0.0,-0.4636397515279772,-0.03231354873638138,0.6005844278018476,-0.3490658503988659,0.07174369309855948,0.26613481770717473,0.16026118685644644,0.06505584153472424,0.2244596202870684,0.3212183782668084,-0.02279212431792441,0.5348393921652597,-0.08855426243744569,-0.050055410297817834,0.2603953214927599,-0.06298984274528935,-0.0,-0.4636397515279772,-0.03231354873638138,0.6005844278018476,-0.3490658503988659,0.07174369309855948,0.26613481770717473,0.16026118685644644,0.06505584153472424,0.2244596202870684,0.3212183782668084,-0.02279212431792441,0.5348393921652597,-0.08855426243744569,-0.050055410297817834,0.2603953214927599,-0.06298984274528935,-0.019806861392356604,-0.4168327833956398,-0.05087957501989938,0.5519159513173427,-0.3488320783766365,0.06590358175361748,0.3311760803951373,0.10572839910634677,0.04359526040533612,0.42953035649721577,0.2782051044734698,-0.028835067929259148,0.5953690520832319,-0.05572998948670766,-0.04771496520014938,0.3232811878835842,-0.09413783962948132
355,True,3.5599999999998295,1.300361367747426,False,True,0.0,False,,-0.0,-0.4636397515279772,-0.03231354873638138,0.6005844278018476,-0.3490658503988659,0.07174369309855948,0.26613481770717473,0.16026118685644644,0.06505584153472424,0.2244596202870684,0.3212183782668084,-0.02279212431792441,0.5348393921652597,-0.08855426243744569,-0.050055410297817834,0.2603953214927599,-0.06298984274528935,-0.0,-0.4636397515279772,-0.03231354873638138,0.6005844278018476,-0.3490658503988659,0.07174369309855948,0.26613481770717473,0.16026118685644644,0.06505584153472424,0.2244596202870684,0.3212183782668084,-0.02279212431792441,0.5348393921652597,-0.08855426243744569,-0.050055410297817834,0.2603953214927599,-0.06298984274528935,-0.014281840248336316,-0.4280441079103348,-0.04653246157437788,0.5589279153595906,-0.34883907900503686,0.06766491472013143,0.3154098566700105,0.11612986293926299,0.049298773087517796,0.3807376889038292,0.287908030498941,-0.027180315882930964,0.5803322062983192,-0.0630145988741303,-0.04810294781225168,0.3095251703297079,-0.08787500304863999
356,True,3.5699999999998284,1.312538111682022,False,True,0.0,False,,-0.0,-0.42085928085938473,-0.008508612890272514,0.5400682709124258,-0.3490658503988659,0.0769727118866738,0.21790901476466626,0.16977401145831428,0.06715541472883577,0.18717624271413444,0.3359164520202179,-0.02598396339251545,0.5014692019195891,-0.08472682407659107,-0.05443823520019554,0.2437275593372052,-0.06117417206745126,-0.0,-0.42085928085938473,-0.008508612890272514,0.5400682709124258,-0.3490658503988659,0.0769727118866738,0.21790901476466626,0.16977401145831428,0.06715541472883577,0.18717624271413444,0.3359164520202179,-0.02598396339251545,0.5014692019195891,-0.08472682407659107,-0.05443823520019554,0.2437275593372052,-0.06117417206745126,-0.00951463980668724,-0.4337508219403036,-0.041785798863838375,0.5618826734269657,-0.3488438933435213,0.0692681654944885,0.29955664617431604,0.12623400183185068,0.05369800142407097,0.33960142062940035,0.2968072358234384,-0.02620440675004429,0.5665117705164793,-0.06857303980955198,-0.04868239145826345,0.2969586326562219,-0.08234723781733404
357,True,3.5799999999998273,1.2855164976517777,False,True,0.0,False,,-0.0,-0.386940038851086,-0.015713287943406064,0.5003369826878946,-0.3490658503988659,0.07905505082637251,0.20672561274051376,0.17707686094681846,0.06999835878412002,0.20647025645662945,0.34778535386755766,-0.029067873067056285,0.5188281216773366,-0.08125215571587156,-0.05736431856500626,0.26466440551410975,-0.06812205090679767,-0.0,-0.386940038851086,-0.015713287943406064,0.5003369826878946,-0.3490658503988659,0.07905505082637251,0.20672561274051376,0.17707686094681846,0.06999835878412002,0.20647025645662945,0.34778535386755766,-0.029067873067056285,0.5188281216773366,-0.08125215571587156,-0.05736431856500626,0.26466440551410975,-0.06812205090679767,-0.0053742075357476465,-0.43224525268256014,-0.03706808424002474,0.557440785466374,-0.34884835878062764,0.07097280712866405,0.28280234599747117,0.13598186685567987,0.05733170792585931,0.3064159411910405,0.30583094132853955,-0.0259024067291999,0.5548307150265053,-0.07237513376349052,-0.04965841358919133,0.2873175297003883,-0.07826063247678759
358,True,3.589999999999826,1.2349909872175577,False,True,0.0,False,,-0.0,-0.386940038851086,-0.015713287943406064,0.5003369826878946,-0.3490658503988659,0.07905505082637251,0.20672561274051376,0.17707686094681846,0.06999835878412002,0.20647025645662945,0.34778535386755766,-0.029067873067056285,0.5188281216773366,-0.08125215571587156,-0.05736431856500626,0.26466440551410975,-0.06812205090679767,-0.0,-0.386940038851086,-0.015713287943406064,0.5003369826878946,-0.3490658503988659,0.07905505082637251,0.20672561274051376,0.17707686094681846,0.06999835878412002,0.20647025645662945,0.34778535386755766,-0.029067873067056285,0.5188281216773366,-0.08125215571587156,-0.05736431856500626,0.26466440551410975,-0.06812205090679767,-0.001737562252398226,-0.42666927348678846,-0.033158240091048875,0.5490059745876474,-0.34885240032865694,0.07261122300495122,0.2671603541366513,0.1447013683395229,0.06033957476758486,0.28109683343092723,0.3143087168302987,-0.026006259703899554,0.5460404673990691,-0.07489310900560527,-0.05080610554707695,0.2808000556092782,-0.07550456451907861
359,True,3.599999999999825,1.2186034708072535,False,True,0.0,False,,-0.0,-0.3901046093937552,-0.04870459650796967,0.5327870455585673,-0.3490658503988659,0.07868394205532074,0.23773960965928642,0.15785652799298616,0.0762779790195406,0.2216105596923636,0.35516177745586125,-0.01261242815236311,0.5385829959352229,-0.0713337159298113,-0.050218177967762234,0.2778852515767501,-0.06882678603854578,-0.0,-0.3901046093937552,-0.04870459650796967,0.5327870455585673,-0.3490658503988659,0.07868394205532074,0.23773960965928642,0.15785652799298616,0.0762779790195406,0.2216105596923636,0.35516177745586125,-0.01261242815236311,0.5385829959352229,-0.0713337159298113,-0.050218177967762234,0.2778852515767501,-0.06882678603854578,0.0016102011459217626,-0.42035170235004365,-0.03248795413405321,0.5424942580799914,-0.3488554196042712,0.07401097346848848,0.25617040679003256,0.15043198376828815,0.06320194768874235,0.26314665275695326,0.32215968172989956,-0.02514336714201996,0.5409778643382993,-0.07590252837062261,-0.05143828188270524,0.27735664907696794,-0.07366267166643835
360,True,3.609999999999824,1.226632782465586,False,True,0.0,False,,-0.0,-0.40441938622507423,-0.02260243450022049,0.5262119156902997,-0.3490658503988659,0.06925484685994707,0.25606680376004065,0.14793382457337545,0.0818623024178587,0.2065666431759176,0.35979656725454157,-0.011292053614096385,0.5262862238884651,-0.053402949605333844,-0.04764226987351978,0.25693722849283657,-0.05318110222981329,-0.0,-0.40441938622507423,-0.02260243450022049,0.5262119156902997,-0.3490658503988659,0.06925484685994707,0.25606680376004065,0.14793382457337545,0.0818623024178587,0.2065666431759176,0.35979656725454157,-0.011292053614096385,0.5262862238884651,-0.053402949605333844,-0.04764226987351978,0.25693722849283657,-0.05318110222981329,0.004306295125682635,-0.4157105787420168,-0.032494937752397215,0.538284345305507,-0.34885846426789585,0.07452098555958328,0.2509095547397904,0.15281452298190532,0.06632742664478711,0.24974801143733982,0.3295109796116337,-0.023282418980654026,0.5378387528803714,-0.07441243367541926,-0.05136403386040096,0.2744425063063469,-0.07118323196644134
361,True,3.619999999999823,1.2310913867241853,False,True,0.0,False,,-0.0,-0.40159756668253926,-0.05091487113171016,0.5270585203205594,-0.3490658503988659,0.0574054340393403,0.25960663698456793,0.1537466152251035,0.07556766978784821,0.21755063990959342,0.364565234895843,-0.017847922860894285,0.528474079828369,-0.04558314111021687,-0.04532715895516688,0.2762837538954532,-0.05393996038238163,-0.0,-0.40159756668253926,-0.05091487113171016,0.5270585203205594,-0.3490658503988659,0.0574054340393403,0.25960663698456793,0.1537466152251035,0.07556766978784821,0.21755063990959342,0.364565234895843,-0.017847922860894285,0.528474079828369,-0.04558314111021687,-0.04532715895516688,0.2762837538954532,-0.05393996038238163,0.006305199964408942,-0.4125959871980827,-0.033911125008711185,0.5353289853894027,-0.3488618576307382,0.07339741008868264,0.24951762422791018,0.15362042339073906,0.06898025433925581,0.2400577141039584,0.3363574640034546,-0.021615470054459043,0.535579520279259,-0.07076726531349847,-0.05072368824375174,0.27269507440480795,-0.068202617395872
362,True,3.629999999999822,1.2138858216921797,False,True,0.0,False,,-0.0,-0.4109651783717684,-0.00042373650277741093,0.49661632887621326,-0.3490658503988659,0.060266769072010284,0.27282986603895715,0.1396952298651517,0.08224498224434441,0.22586678721399261,0.3702110033961828,-0.015718313870237005,0.5281340976918449,-0.015748220923841483,-0.04715524435342679,0.2754497846301041,-0.06056409174614703,-0.0,-0.4109651783717684,-0.00042373650277741093,0.49661632887621326,-0.3490658503988659,0.060266769072010284,0.27282986603895715,0.1396952298651517,0.08224498224434441,0.22586678721399261,0.3702110033961828,-0.015718313870237005,0.5281340976918449,-0.015748220923841483,-0.04715524435342679,0.2754497846301041,-0.06056409174614703,0.0075526349444859035,-0.4110447340573285,-0.03299095086947282,0.5308710645777385,-0.34886591958914775,0.07145385741538363,0.25103925024929014,0.1528615887460959,0.07138832964941515,0.23406995581360285,0.34282352292238416,-0.02030409999028886,0.5339850060712918,-0.06402611787613871,-0.04996081592997909,0.27227632114205913,-0.06592088765196508
363,True,3.6399999999998207,1.1885369119663944,False,True,0.0,False,,-0.0,-0.35811610526326815,-0.003863644584243103,0.46561321367236763,-0.3490658503988659,0.06945595822776077,0.22971266930040632,0.15136828166885888,0.09162688376092842,0.1702843546040368,0.382870588578246,-0.00785076227771153,0.49356146693388175,0.001692355605325855,-0.04446795231251892,0.25227094798094374,-0.05010695613973772,-0.0,-0.35811610526326815,-0.003863644584243103,0.46561321367236763,-0.3490658503988659,0.06945595822776077,0.22971266930040632,0.15136828166885888,0.09162688376092842,0.1702843546040368,0.382870588578246,-0.00785076227771153,0.49356146693388175,0.001692355605325855,-0.04446795231251892,0.25227094798094374,-0.05010695613973772,0.007537935258666931,-0.4065808182335349,-0.02959944686674387,0.5226586051987039,-0.34886973040326336,0.07015628498427734,0.25084049976298556,0.15201062997673565,0.07435386435671806,0.2263924440056017,0.34964854411332347,-0.018642833012633208,0.5301870908529639,-0.054271129357431995,-0.04910903935032059,0.2706834629521123,-0.06360726293648548
364,True,3.6499999999998196,1.162726507929226,False,True,0.0,False,,-0.0,-0.3654709509117092,-0.04030429813944733,0.4900971927517692,-0.3490658503988659,0.05906408753832066,0.22669454952513304,0.16297615818460182,0.08333777471057432,0.16809053029080584,0.38783128448593795,-0.016693718490857573,0.5009562663917387,0.0090824671389526,-0.04489051540091083,0.2832917363891307,-0.07066708597146466,-0.0,-0.3654709509117092,-0.04030429813944733,0.4900971927517692,-0.3490658503988659,0.05906408753832066,0.22669454952513304,0.16297615818460182,0.08333777471057432,0.16809053029080584,0.38783128448593795,-0.016693718490857573,0.5009562663917387,0.0090824671389526,-0.04489051540091083,0.2832917363891307,-0.07066708597146466,0.006812758403348942,-0.4000200364574323,-0.02843735418722175,0.5146195364423256,-0.34887294768344757,0.06885302923843396,0.24815108630275853,0.1525272992552872,0.0769908643047037,0.2166680944653945,0.3567098672900908,-0.01735844538391964,0.5252139911537804,-0.043187388837922495,-0.04823105686096472,0.2702989099758985,-0.0627032078646935
365,True,3.6599999999998185,1.1501428303809726,False,True,0.0,False,,-0.0,-0.3176317731599197,-0.04380367607011428,0.45811732782939846,-0.3490658503988659,0.07052121763663252,0.1996141058906507,0.1926134652516942,0.07964813900558727,0.16280727270262937,0.3988097820243128,-0.015869972557704646,0.4889877264738938,0.030088094166802172,-0.037292764473698184,0.27849525551201076,-0.07595386391124782,-0.0,-0.3176317731599197,-0.04380367607011428,0.45811732782939846,-0.3490658503988659,0.07052121763663252,0.1996141058906507,0.1926134652516942,0.07964813900558727,0.16280727270262937,0.3988097820243128,-0.015869972557704646,0.4889877264738938,0.030088094166802172,-0.037292764473698184,0.27849525551201076,-0.07595386391124782,0.005715368777056826,-0.38992289120431084,-0.029992513574810913,0.506003788704412,-0.3488758488589096,0.06807256433753343,0.24254277361484858,0.15629393845331113,0.07862247714059159,0.20671249118415194,0.364080348508528,-0.016645549331611578,0.5197050462607634,-0.030924687521194972,-0.04688327921590687,0.2712598208296356,-0.06363924831812122
366,True,3.6699999999998174,1.1161499195695581,False,True,0.0,False,,-0.0,-0.29549223302163097,-0.025946588260163498,0.42792796828545904,-0.3490658503988659,0.0729872549578449,0.21104169606496465,0.18218183326745338,0.08941467920734215,0.1685277834995393,0.40904336057774415,-0.01597744838430904,0.48134671264208484,0.054867022576965775,-0.03345375481347978,0.28431201393619376,-0.08407675416288275,-0.0,-0.29549223302163097,-0.025946588260163498,0.42792796828545904,-0.3490658503988659,0.0729872549578449,0.21104169606496465,0.18218183326745338,0.08941467920734215,0.1685277834995393,0.40904336057774415,-0.01597744838430904,0.48134671264208484,0.054867022576965775,-0.03345375481347978,0.28431201393619376,-0.08407675416288275,0.004467783972282357,-0.3759997001618941,-0.03129995068723273,0.49455139801340864,-0.3488789996733106,0.06817584748064735,0.23623370926879278,0.16123575190203485,0.080203016067043,0.1980352985617197,0.3719281874025455,-0.016237719758649436,0.5135782307812713,-0.016854093493535685,-0.04490615367092577,0.2729483124296038,-0.0660437341542412
367,True,3.6799999999998163,1.0248367614278326,False,True,0.0,False,,-0.0,-0.2999790540705258,-0.0395082611679064,0.44477554502207,-0.3490658503988659,0.056272302950013724,0.2893515366133021,0.16192112568384318,0.08527084922306138,0.2397906200437492,0.4260314340282003,-0.02827129190822181,0.5382927575167796,0.07479914167512922,-0.04803411686624199,0.34192658085906025,-0.0924709760631968,-0.0,-0.2999790540705258,-0.0395082611679064,0.44477554502207,-0.3490658503988659,0.056272302950013724,0.2893515366133021,0.16192112568384318,0.08527084922306138,0.2397906200437492,0.4260314340282003,-0.02827129190822181,0.5382927575167796,0.07479914167512922,-0.04803411686624199,0.34192658085906025,-0.0924709760631968,0.004102654426213568,-0.361658632575931,-0.03275866038973973,0.4834619666427089,-0.3488819251185455,0.06757515579451823,0.23680527727859382,0.16404523269889063,0.08165058855256785,0.19650719197816283,0.3807338633674992,-0.01682939345799734,0.5119159198204428,-0.0012166790965635534,-0.043729779489669475,0.27945834494931227,-0.06975730656320064
368,True,3.689999999999815,0.8990461578004805,False,True,0.0,False,,-0.0,-0.27454028374770334,-0.031487881045343835,0.4249533078921185,-0.3490658503988659,0.06069903993333638,0.2840824768293322,0.14456215977884862,0.08548980613427565,0.24385343583684654,0.40971670688313494,-0.027998684232905354,0.5358302468084002,0.0657343422737628,-0.040546946152924944,0.3534839604619839,-0.09994964719910715,-0.0,-0.27454028374770334,-0.031487881045343835,0.4249533078921185,-0.3490658503988659,0.06069903993333638,0.2840824768293322,0.14456215977884862,0.08548980613427565,0.24385343583684654,0.40971670688313494,-0.027998684232905354,0.5358302468084002,0.0657343422737628,-0.040546946152924944,0.3534839604619839,-0.09994964719910715,0.0041174851587175085,-0.3470016182587794,-0.03395817449466255,0.47290980320544246,-0.3488847813971127,0.06648018945782218,0.2426990800613833,0.16360563018964214,0.08274445100816456,0.20111896890853118,0.38827285720112154,-0.01820281535262418,0.5142449186187513,0.013277074820353707,-0.043061400412595985,0.2902776411587715,-0.07447963279000472
369,True,3.699999999999814,0.7993978807651034,False,True,0.0,False,,-0.0,-0.18843553697305382,-0.08974381772202675,0.39679320313870964,-0.3490658503988659,0.06328768070878049,0.3176388500414744,0.13037515949077552,0.06100791694554928,0.4118667910273905,0.37341280220243733,-0.027510292674481674,0.5780059461513584,0.07589564080504044,-0.008884144746256047,0.38342968443122283,-0.1267502336811773,-0.0,-0.18843553697305382,-0.08974381772202675,0.39679320313870964,-0.3490658503988659,0.06328768070878049,0.3176388500414744,0.13037515949077552,0.06100791694554928,0.4118667910273905,0.37341280220243733,-0.027510292674481674,0.5780059461513584,0.07589564080504044,-0.008884144746256047,0.38342968443122283,-0.1267502336811773,0.00489701873574631,-0.3262137749789399,-0.03914065443619693,0.460777948497714,-0.3488869179567984,0.06564037296418315,0.2525632372130631,0.16014308581434689,0.08186511460143739,0.22075136337945853,0.39089706471296304,-0.019721457879990148,0.5211579253130825,0.02605802375738803,-0.040074020753153874,0.30444345250463983,-0.08143549477441384
370,True,3.709999999999813,0.7581193311194688,False,True,0.0,False,,-0.0,-0.131568907397712,-0.15983935375313305,0.44663297297609267,-0.3471888163621458,0.05717142739701865,0.44420407600657213,0.09807701298073866,-0.010400243323204932,0.7356185486722641,0.19157739096756965,-0.06175735615545519,0.7081655318182702,0.0352886671923206,-0.009881072538962553,0.42890627103645795,-0.1378165044615681,-0.0,-0.131568907397712,-0.15983935375313305,0.44663297297609267,-0.3471888163621458,0.05717142739701865,0.44420407600657213,0.09807701298073866,-0.010400243323204932,0.7356185486722641,0.19157739096756965,-0.06175735615545519,0.7081655318182702,0.0352886671923206,-0.009881072538962553,0.42890627103645795,-0.1378165044615681,0.007781801327188952,-0.2976817417828347,-0.05310113201453405,0.45217872563197603,-0.34883235063201057,0.06463571407488222,0.27403052224744545,0.15271684733158342,0.07414138653643308,0.27516957937980846,0.37533805622068217,-0.023618733062909042,0.5408265834889192,0.033770674646100354,-0.03527450132419839,0.32309782680838545,-0.09036913622961781
371,True,3.719999999999812,1.0936341434989167,False,True,0.0,False,,-0.0,-0.26927601268687007,-0.2279720913992214,0.6811150719471084,-0.3490658503988659,0.0219784698172137,0.5697648245050057,0.055258300758379814,-0.1648807663672293,1.0836461294449882,0.05156853485585722,-0.11847352726633666,0.9353998041372766,-0.10961104602624516,-0.02046765339852925,0.5416093929341342,-0.19580489152096348,-0.0,-0.26927601268687007,-0.2279720913992214,0.6811150719471084,-0.3490658503988659,0.0219784698172137,0.5697648245050057,0.055258300758379814,-0.1648807663672293,1.0836461294449882,0.05156853485585722,-0.11847352726633666,0.9353998041372766,-0.10961104602624516,-0.02046765339852925,0.5416093929341342,-0.19580489152096348,0.012284173502811668,-0.2779723228818335,-0.07690261050827898,0.46638458196515026,-0.34880314330081397,0.06084728476842291,0.3122820891995576,0.13987298020961236,0.050288149862164996,0.3556180526259493,0.3363090332394901,-0.033588759481150234,0.5858271468577059,0.02545748207827357,-0.03106443758109651,0.3518667553050549,-0.10412022049789964
372,True,3.729999999999811,1.679616002287592,False,True,0.0,False,,-0.0,-0.26927601268687007,-0.2279720913992214,0.6811150719471084,-0.3490658503988659,0.0219784698172137,0.5697648245050057,0.055258300758379814,-0.1648807663672293,1.0836461294449882,0.05156853485585722,-0.11847352726633666,0.9353998041372766,-0.10961104602624516,-0.02046765339852925,0.5416093929341342,-0.19580489152096348,-0.0,-0.26927601268687007,-0.2279720913992214,0.6811150719471084,-0.3490658503988659,0.0219784698172137,0.5697648245050057,0.055258300758379814,-0.1648807663672293,1.0836461294449882,0.05156853485585722,-0.11847352726633666,0.9353998041372766,-0.10961104602624516,-0.02046765339852925,0.5416093929341342,-0.19580489152096348,0.015945522202628005,-0.2693371118936849,-0.10451087348127572,0.4972878748865194,-0.34879773589910323,0.054969129071473284,0.35776169665986624,0.12474688114637879,0.01607602302106741,0.4473592903669934,0.28705269368640235,-0.04729904046565101,0.6448296980127418,0.006182820626484784,-0.028027884920794787,0.3856761355410623,-0.12043645957844261
373,True,3.7399999999998097,0.24606232077077714,False,True,0.0,False,,-0.0,-0.17936050339986495,-0.1118761434379791,0.7528979970891085,-0.3490658503988659,0.045148037577478047,0.5325466573946595,0.18636094567213207,-0.3331021057547874,1.4346939279164452,0.17859875505535366,-0.13654514210994662,1.1317331642798185,-0.17401568023693928,0.028657178924419078,0.5929723122247991,-0.24642428722824497,-0.0,-0.17936050339986495,-0.1118761434379791,0.7528979970891085,-0.3490658503988659,0.045148037577478047,0.5325466573946595,0.18636094567213207,-0.3331021057547874,1.4346939279164452,0.17859875505535366,-0.13654514210994662,1.1317331642798185,-0.17401568023693928,0.028657178924419078,0.5929723122247991,-0.24642428722824497,0.017782181755272707,-0.25946744086674056,-0.12180399781437254,0.5367165738875975,-0.3488504573578565,0.050549284464784974,0.39805354528332393,0.12083442917434334,-0.03140315194011159,0.5436100204721943,0.2494996835864254,-0.06250722113904068,0.7178549643699402,-0.020372775132146418,-0.022186587176563598,0.4216224959594559,-0.13985182702465834
374,True,3.7499999999998086,0.0,True,True,0.0,False,,-0.0,-0.17936050339986495,-0.1118761434379791,0.7528979970891085,-0.3490658503988659,0.045148037577478047,0.5325466573946595,0.18636094567213207,-0.3331021057547874,1.4346939279164452,0.17859875505535366,-0.13654514210994662,1.1317331642798185,-0.17401568023693928,0.028657178924419078,0.5929723122247991,-0.24642428722824497,-0.0,-0.17936050339986495,-0.1118761434379791,0.7528979970891085,-0.3490658503988659,0.045148037577478047,0.5325466573946595,0.18636094567213207,-0.3331021057547874,1.4346939279164452,0.17859875505535366,-0.13654514210994662,1.1317331642798185,-0.17401568023693928,0.028657178924419078,0.5929723122247991,-0.24642428722824497,0.01742110127889045,-0.24659984420804212,-0.12832776399355064,0.5778717340499183,-0.3488837950459029,0.03449136787463328,0.4370430128782398,0.1290840001090281,-0.0703845864119371,0.6345473437571926,0.2251107504109918,-0.07738533564034455,0.7959684911584252,-0.04911270820434596,-0.013947512251402967,0.4562543631021357,-0.16016579794277266
375,True,3.7599999999998075,0.0,True,True,0.0,False,,-0.0,-0.18403572443281205,-0.11471181377415313,0.7834858683917459,-0.3490658503988658,0.037417636093359616,0.4785459527588861,0.2163034766837591,-0.4795896235207004,1.4898435571598445,0.12524390001355998,-0.15703993987020576,1.1289831020914574,-0.11759707660702767,0.027643281931781383,0.5186774908072981,-0.21841940463584883,-0.0,-0.18403572443281205,-0.11471181377415313,0.7834858683917459,-0.3490658503988658,0.037417636093359616,0.4785459527588861,0.2163034766837591,-0.4795896235207004,1.4898435571598445,0.12524390001355998,-0.15703993987020576,1.1289831020914574,-0.11759707660702767,0.027643281931781383,0.5186774908072981,-0.21841940463584883,0.01456640915366739,-0.23416138337014644,-0.1297266458035054,0.6174758294002513,-0.3488984887817341,0.0030918522851963656,0.4726089107291887,0.14272459909184138,-0.09598816160897758,0.7175253246761464,0.2053214558343419,-0.09199493329340255,0.8671386844210596,-0.07077581522605865,-0.005674211641070134,0.4806024383906199,-0.17616304266100966
376,True,3.7699999999998064,0.25371505795192373,False,True,0.0,False,,-0.0,-0.1472046446729567,-0.11013540899557127,0.7517879488010643,-0.34906585039886573,0.0500876113941516,0.4408347213352547,0.21811151508959076,-0.273461765463132,1.4379752994646187,0.2677857100815067,-0.12413177941412283,1.0902470951072731,-0.1330887324743512,0.038240319104233284,0.45787877779569763,-0.2354768965809896,-0.0,-0.1472046446729567,-0.11013540899557127,0.7517879488010643,-0.34906585039886573,0.0500876113941516,0.4408347213352547,0.21811151508959076,-0.273461765463132,1.4379752994646187,0.2677857100815067,-0.12413177941412283,1.0902470951072731,-0.1330887324743512,0.038240319104233284,0.45787877779569763,-0.2354768965809896,0.009580931835261533,-0.22055179610527303,-0.12855987659218523,0.6505624571626731,-0.3489072705478114,-0.024965540665886802,0.49623261149991604,0.15720078541831978,-0.1126405622238711,0.79928647575391,0.199170460112388,-0.10314760920681958,0.9243813063291526,-0.08596693017571042,0.002451345016652115,0.4904855114311256,-0.18874951544866095
377,True,3.7799999999998053,0.0,True,True,0.0,False,,-0.0,-0.14458055728701444,-0.0990486428801973,0.7605858847478746,-0.34906585039886573,0.06827102148138116,0.4198506918506918,0.22016334461607726,-0.3033639324017615,1.4297730900115415,0.2809073627278807,-0.1206308276508505,1.0802700972874402,-0.1369060248205478,0.040835326536323505,0.45204030798315414,-0.24106249188209,-0.0,-0.14458055728701444,-0.0990486428801973,0.7605858847478746,-0.34906585039886573,0.06827102148138116,0.4198506918506918,0.22016334461607726,-0.3033639324017615,1.4297730900115415,0.2809073627278807,-0.1206308276508505,1.0802700972874402,-0.1369060248205478,0.040835326536323505,0.45204030798315414,-0.24106249188209,0.0033791321610202444,-0.20642455348018873,-0.1254559164601736,0.6766184334427194,-0.34891376270499985,-0.036210162709168756,0.5038247755902525,0.17051528733619478,-0.13137891683932362,0.886336362679327,0.20574292257068325,-0.1100265255848742,0.9671461750705155,-0.09762891344286412,0.010216613415367427,0.49054215217784175,-0.19961119513400144
378,True,3.789999999999804,0.08340457901265011,False,True,0.0,False,,-0.0,-0.15732909340131246,-0.1171142693812475,0.7677649337128706,-0.3490658503988657,0.0653466153651227,0.4073061621284559,0.2506026178319438,-0.2888112225548796,1.4284375774895635,0.3126430330201949,-0.13816614065759036,1.066701941033833,-0.12242439797027044,0.04532348586621346,0.44383336143313545,-0.2408406558547835,-0.0,-0.15732909340131246,-0.1171142693812475,0.7677649337128706,-0.3490658503988657,0.0653466153651227,0.4073061621284559,0.2506026178319438,-0.2888112225548796,1.4284375774895635,0.3126430330201949,-0.13816614065759036,1.066701941033833,-0.12242439797027044,0.04532348586621346,0.44383336143313545,-0.2408406558547835,-0.0030105416354322114,-0.19460591226894625,-0.12288214691994973,0.6977191267457872,-0.3489194174430469,-0.04521473260456242,0.5060785550040615,0.1842087898464958,-0.1421645918594708,0.9715728764819951,0.2197908487897017,-0.11546503653829439,0.9976031325963503,-0.1055020689618439,0.01741479469839586,0.48569900143878053,-0.20872607174414076
379,True,3.799999999999803,0.0,True,True,0.0,False,,-0.0,-0.14302985898777315,-0.11101895234340475,0.7628575817855009,-0.34906585039886584,0.07233901126354975,0.3990013473590601,0.258257160966501,-0.25366424385087094,1.4291220596192977,0.3145646742682942,-0.11143957149757938,1.0782855957951722,-0.15647035526060335,0.0510125748072717,0.44432036974137,-0.2476752937590209,-0.0,-0.14302985898777315,-0.11101895234340475,0.7628575817855009,-0.34906585039886584,0.07233901126354975,0.3990013473590601,0.258257160966501,-0.25366424385087094,1.4291220596192977,0.3145646742682942,-0.11143957149757938,1.0782855957951722,-0.15647035526060335,0.0510125748072717,0.44432036974137,-0.2476752937590209,-0.009194896598441,-0.18451116923071847,-0.12107321330137363,0.7142137424656848,-0.3489241823248914,-0.04538532244981656,0.4996057099965923,0.19825551234124053,-0.15098118297616825,1.055952824193128,0.23662635935036405,-0.1183803162875391,1.019815223466336,-0.11308011019238921,0.02416868808661937,0.47911791575326007,-0.21661903088795637
380,True,3.809999999999802,0.0,True,True,0.0,False,,-0.0,-0.1550963518304634,-0.11182062367930262,0.7667505119707599,-0.3490658503988658,0.06074480610968225,0.39771569752249564,0.2687956736733403,-0.2971053717697413,1.4252697276796218,0.3189529558891907,-0.1315792564262283,1.0719809149163964,-0.1475668728216659,0.04802659199066995,0.43664337782080925,-0.24626048013555774,-0.0,-0.1550963518304634,-0.11182062367930262,0.7667505119707599,-0.3490658503988658,0.06074480610968225,0.39771569752249564,0.2687956736733403,-0.2971053717697413,1.4252697276796218,0.3189529558891907,-0.1315792564262283,1.0719809149163964,-0.1475668728216659,0.04802659199066995,0.43664337782080925,-0.24626048013555774,-0.014929901781005044,-0.1767053731515818,-0.11962528953160163,0.7270260985183994,-0.3489283176430773,-0.043405718719513896,0.48944293403746814,0.21188898862349564,-0.1590169981227751,1.1307653686458758,0.25313372412707913,-0.12036588566547672,1.0359839024667812,-0.12028191390944117,0.02997526481915061,0.4720088772060485,-0.22325100146365462
381,True,3.819999999999801,0.0,True,True,0.0,False,,-0.0,-0.16477919245689124,-0.08059604347437727,0.7821093912972962,-0.3490658503988658,0.06486237018285271,0.3986879318754693,0.2690233876828429,-0.2952511656901275,1.4099284384147377,0.3321598506844054,-0.11969230886710705,1.06544897182333,-0.14699505416130906,0.04643120714550886,0.43281564439024406,-0.24047219259909522,-0.0,-0.16477919245689124,-0.08059604347437727,0.7821093912972962,-0.3490658503988658,0.06486237018285271,0.3986879318754693,0.2690233876828429,-0.2952511656901275,1.4099284384147377,0.3321598506844054,-0.11969230886710705,1.06544897182333,-0.14699505416130906,0.04643120714550886,0.43281564439024406,-0.24047219259909522,-0.02000210786811861,-0.17203247765533633,-0.11613866247761809,0.7381699612898481,-0.34893130700732533,-0.04063924739755635,0.4783608925744762,0.22414965492470634,-0.16699829241626504,1.1923765885889996,0.26884017742837724,-0.12158543707165605,1.0470308062064673,-0.1261019649503624,0.03450120985670107,0.46491540657717806,-0.22808644963536936
382,True,3.8299999999998,0.0,True,True,0.0,False,,-0.0,-0.1399706169106375,-0.1349583416054965,0.7822990411772649,-0.3490658503988658,0.07233356745261638,0.40435687524283265,0.24581603383378756,-0.25437288109621387,1.4159979301767136,0.3365633299242669,-0.11674310380762366,1.0515298411996363,-0.11558754416047974,0.048386935344421955,0.40814938433689735,-0.2204202947970851,-0.0,-0.1399706169106375,-0.1349583416054965,0.7822990411772649,-0.3490658503988658,0.07233356745261638,0.40435687524283265,0.24581603383378756,-0.25437288109621387,1.4159979301767136,0.3365633299242669,-0.11674310380762366,1.0515298411996363,-0.11558754416047974,0.048386935344421955,0.40814938433689735,-0.2204202947970851,-0.024081483741009112,-0.1676026160766225,-0.11516925578450832,0.7479241300302065,-0.3489333234757722,-0.03633893091670761,0.4680592499900554,0.23258663427058807,-0.172098290587781,1.2420066666983351,0.2832292158983969,-0.12174297601708509,1.0533520158292602,-0.1282597173239074,0.038066134277040184,0.4566100502644275,-0.22988377337863636
383,True,3.8399999999997987,0.0017314760165189408,False,True,0.0,False,,-0.0,-0.15269508448025826,-0.1355606062423698,0.8019583897029456,-0.3490658503988657,0.06631136661443372,0.4199353742076436,0.2489341406140686,-0.23763554852146562,1.4299365233416712,0.3328339175491921,-0.11382514372694152,1.0637244585705894,-0.11157887810626496,0.054864282366899594,0.41948617075884975,-0.2134614923738444,-0.0,-0.15269508448025826,-0.1355606062423698,0.8019583897029456,-0.3490658503988657,0.06631136661443372,0.4199353742076436,0.2489341406140686,-0.23763554852146562,1.4299365233416712,0.3328339175491921,-0.11382514372694152,1.0637244585705894,-0.11157887810626496,0.054864282366899594,0.41948617075884975,-0.2134614923738444,-0.02683774525414968,-0.16384585986807912,-0.11745768116328877,0.7575200297021146,-0.34893447790868165,-0.03159463349001046,0.46055930692332503,0.2378229300646475,-0.17303184111665085,1.282392164832881,0.2952438451700912,-0.12110233539253955,1.0573729909651077,-0.12721568778785045,0.041385143176142336,0.44870428110130356,-0.2289703895560264
384,True,3.8499999999997976,0.0,True,True,0.0,False,,-0.0,-0.13742025672665248,-0.14589183791336116,0.7882480698897933,-0.34906585039886573,0.07718467297252524,0.4066144277203703,0.240167691492484,-0.22939278029786653,1.4204868934702244,0.3298626003640812,-0.097328218754661,1.0493266272389579,-0.12170057600300373,0.05116506661685241,0.39841315555273504,-0.22062656634353917,-0.0,-0.13742025672665248,-0.14589183791336116,0.7882480698897933,-0.34906585039886573,0.07718467297252524,0.4066144277203703,0.240167691492484,-0.22939278029786653,1.4204868934702244,0.3298626003640812,-0.097328218754661,1.0493266272389579,-0.12170057600300373,0.05116506661685241,0.39841315555273504,-0.22062656634353917,-0.02858576234405069,-0.16009147120943928,-0.1216393335017342,0.7656119193616934,-0.3489354248135419,-0.025271203279906115,0.45428213327173395,0.24059132040129802,-0.1722885116819245,1.3144322288922794,0.30449988320728255,-0.11883573364374687,1.0593985737449128,-0.12564786021489366,0.04418841746169818,0.44068440007355614,-0.22736203786692916
385,True,3.8599999999997965,0.0,True,True,0.0,False,,-0.0,-0.1587844354097941,-0.13364466523482674,0.8007399899549634,-0.3490658503988658,0.061566755411719035,0.4152535088813717,0.24205697610638174,-0.3385685668475137,1.4253446332944903,0.27312602496486277,-0.11745113732604091,1.0589650835201674,-0.11945111952172419,0.04668272579560649,0.4176510357698403,-0.21087624657617982,-0.0,-0.1587844354097941,-0.13364466523482674,0.8007399899549634,-0.3490658503988658,0.061566755411719035,0.4152535088813717,0.24205697610638174,-0.3385685668475137,1.4253446332944903,0.27312602496486277,-0.11745113732604091,1.0589650835201674,-0.11945111952172419,0.04668272579560649,0.4176510357698403,-0.21087624657617982,-0.029369726375748792,-0.15782441374606287,-0.1255599935209111,0.7726036237928461,-0.3489361488594244,-0.021868024472264335,0.4500286063796958,0.24183276552374414,-0.1753898045490512,1.338716816269927,0.3070442083942529,-0.11703530217809195,1.060512213308869,-0.12428232543188239,0.045983968397429575,0.43420782769725386,-0.22519234055399096
386,True,3.8699999999997954,0.0,True,True,0.0,False,,-0.0,-0.14217074249351683,-0.13264496321020366,0.766262036979836,-0.3490658503988658,0.07960486084877363,0.39885532372631155,0.2388519463056275,-0.3607885265837711,1.4154070698151322,0.2586627514586226,-0.11184131760424369,1.0454153486149056,-0.12899014226931713,0.04377992227354752,0.4042467030752837,-0.21868849085142716,-0.0,-0.14217074249351683,-0.13264496321020366,0.766262036979836,-0.3490658503988658,0.07960486084877363,0.39885532372631155,0.2388519463056275,-0.3607885265837711,1.4154070698151322,0.2586627514586226,-0.11184131760424369,1.0454153486149056,-0.12899014226931713,0.04377992227354752,0.4042467030752837,-0.21868849085142716,-0.02950986739273983,-0.1559403194623214,-0.12835639493524462,0.776192010063755,-0.34893717401561064,-0.02180013995116671,0.4468846254892206,0.24221653150194922,-0.1821274632498498,1.3556892119820592,0.3032710850984259,-0.11597377807646188,1.0604722342528843,-0.12374557164854721,0.04679148220459546,0.4288097159216262,-0.22328759124892888
387,True,3.8799999999997943,0.0,True,True,0.0,False,,-0.0,-0.19215986192832446,-0.10666214031280041,0.8025032705708368,-0.3490658503988658,0.06341855761216975,0.38979553644956727,0.2711943088199392,-0.4229640694770822,1.3956985413403304,0.280220483487826,-0.13576524582057967,1.043126007018121,-0.11316718364104207,0.03974511237618108,0.4103621713889386,-0.2095646981150174,-0.0,-0.19215986192832446,-0.10666214031280041,0.8025032705708368,-0.3490658503988658,0.06341855761216975,0.38979553644956727,0.2711943088199392,-0.4229640694770822,1.3956985413403304,0.280220483487826,-0.13576524582057967,1.043126007018121,-0.11316718364104207,0.03974511237618108,0.4103621713889386,-0.2095646981150174,-0.029168217930788016,-0.15768449160145176,-0.1283706407651476,0.7794625845725834,-0.34893783671558887,-0.02527365135085871,0.4431517985692464,0.24460428885037966,-0.19293079827165932,1.3657408171036869,0.2985172945063322,-0.1168710478788342,1.0592703743900667,-0.12277479167652314,0.04673976119045095,0.42442467412315704,-0.22130254018974221
388,True,3.889999999999793,0.0,True,True,0.0,False,,-0.0,-0.16654139037323049,-0.10408275998173602,0.8050903410281043,-0.3490658503988658,0.06995624450122621,0.3798409848224419,0.2734115601743886,-0.3629585544302821,1.407204563479972,0.2659511065668713,-0.11924825333940921,1.0462982449507179,-0.1152948401163249,0.036799507357475995,0.41463512304288996,-0.21390787214707402,-0.0,-0.16654139037323049,-0.10408275998173602,0.8050903410281043,-0.3490658503988658,0.06995624450122621,0.3798409848224419,0.2734115601743886,-0.3629585544302821,1.407204563479972,0.2659511065668713,-0.11924825333940921,1.0462982449507179,-0.1152948401163249,0.036799507357475995,0.41463512304288996,-0.21390787214707402,-0.028424546282115142,-0.1606412210181853,-0.1261159670914631,0.7837296924415665,-0.3489372050612053,-0.029206211918407426,0.43831216174803844,0.24891212259692064,-0.20304769346070792,1.3720272863608831,0.2935933551405838,-0.11811417404735289,1.0578551070738385,-0.12135030065436565,0.04595373388911816,0.4215244283947036,-0.21951331224213416
389,True,3.899999999999792,0.0,True,True,0.0,False,,-0.0,-0.2015322556438794,-0.0783196270258933,0.8061523377112095,-0.34906585039886573,0.05845543238424314,0.4009544989811475,0.28118432604578975,-0.41552788831904364,1.3944155334701491,0.28383086568174837,-0.1318762425757041,1.0538084807014232,-0.1279300824759413,0.042798013664355664,0.4242327261077373,-0.2153822962403813,-0.0,-0.2015322556438794,-0.0783196270258933,0.8061523377112095,-0.34906585039886573,0.05845543238424314,0.4009544989811475,0.28118432604578975,-0.41552788831904364,1.3944155334701491,0.28383086568174837,-0.1318762425757041,1.0538084807014232,-0.1279300824759413,0.042798013664355664,0.4242327261077373,-0.2153822962403813,-0.027266632664675647,-0.1654710413769631,-0.12106967019805562,0.7881128575192631,-0.3489365276724957,-0.03403791213089661,0.4342162177942806,0.25416655145956607,-0.21277499257227275,1.376002493361905,0.29002003416134986,-0.11969531256296378,1.0571369349343291,-0.12091852746099924,0.0452761897664311,0.4204032295901623,-0.21830042781004882
390,True,3.909999999999791,0.0,True,True,0.0,False,,-0.0,-0.1938960077913883,-0.08909246669465935,0.8129198688966449,-0.3490658503988658,0.06281673388981183,0.3857660821638589,0.27250873718142404,-0.3939876496340254,1.4014599637522291,0.28404010087190235,-0.1264387083332184,1.0468159902964904,-0.13845122772841795,0.03960701500469988,0.4039725102981255,-0.2278985672219138,-0.0,-0.1938960077913883,-0.08909246669465935,0.8129198688966449,-0.3490658503988658,0.06281673388981183,0.3857660821638589,0.27250873718142404,-0.3939876496340254,1.4014599637522291,0.28404010087190235,-0.1264387083332184,1.0468159902964904,-0.13845122772841795,0.03960701500469988,0.4039725102981255,-0.2278985672219138,-0.02594930753324494,-0.1712338855339205,-0.11529028889884245,0.7926015439330825,-0.34893566529074604,-0.039002272133154596,0.4304049896646641,0.2588064675054359,-0.2213921391088178,1.3787240796803797,0.28810332339008254,-0.12130865510982113,1.056576499818686,-0.12221539151955157,0.04470155256901635,0.41899254365713273,-0.21840971151228317
391,True,3.91999999999979,0.0,True,True,0.0,False,,-0.0,-0.191441823789699,-0.08669216904969379,0.8046264264901418,-0.3490658503988658,0.06426796002333966,0.3812005083246453,0.25511206635189915,-0.38157668307288506,1.3580287728616272,0.3267811095119968,-0.1267114131862291,1.0346791023769502,-0.12935749798875112,0.032824452322305506,0.381042927398959,-0.21918387535076012,-0.0,-0.191441823789699,-0.08669216904969379,0.8046264264901418,-0.3490658503988658,0.06426796002333966,0.3812005083246453,0.25511206635189915,-0.38157668307288506,1.3580287728616272,0.3267811095119968,-0.1267114131862291,1.0346791023769502,-0.12935749798875112,0.032824452322305506,0.381042927398959,-0.21918387535076012,-0.02478668412344283,-0.17619923318775932,-0.1100937373142563,0.7962192526219768,-0.3489348250575031,-0.043134054169874654,0.4252841039790637,0.261036466553767,-0.22802558348379692,1.3785629942122073,0.29039545776358383,-0.12256967395092225,1.0549614844851432,-0.12374226397688234,0.04360239822182956,0.41509577009739973,-0.21879779737217106
392,True,3.9299999999997888,0.0,True,True,0.0,False,,-0.0,-0.17328365012477143,-0.0940365268575657,0.8197170762902586,-0.34906585039886584,0.0642123687302525,0.3942718948539275,0.24147880424107782,-0.34895220594224297,1.3937918388769839,0.2987461133028073,-0.11985310574434545,1.0506117561393076,-0.11520689300318844,0.041024413733002064,0.39453734919874034,-0.2170741762596753,-0.0,-0.17328365012477143,-0.0940365268575657,0.8197170762902586,-0.34906585039886584,0.0642123687302525,0.3942718948539275,0.24147880424107782,-0.34895220594224297,1.3937918388769839,0.2987461133028073,-0.11985310574434545,1.0506117561393076,-0.11520689300318844,0.041024413733002064,0.39453734919874034,-0.2170741762596753,-0.02350048740087883,-0.1788259022030509,-0.10625614839329828,0.7998883977425085,-0.34893307451683325,-0.04570875515629972,0.4205058075038768,0.26030772734576463,-0.23216981485516539,1.3788411653927521,0.2934849215352622,-0.12310446744240072,1.0537784780765376,-0.12381075458551848,0.04276376019508983,0.41078251506249996,-0.21884439880037979
393,True,3.9399999999997877,0.0,True,True,0.0,False,,-0.0,-0.18474749412122762,-0.08549376824932756,0.8102279464809342,-0.3490658503988658,0.0737398976183686,0.37026089760753594,0.24364433596915358,-0.386106396108382,1.3740022509466203,0.310330607956069,-0.12420317251771303,1.0297154667111503,-0.11909914713952535,0.039315454314205245,0.3850388553771911,-0.21930294159241412,-0.0,-0.18474749412122762,-0.08549376824932756,0.8102279464809342,-0.3490658503988658,0.0737398976183686,0.37026089760753594,0.24364433596915358,-0.386106396108382,1.3740022509466203,0.310330607956069,-0.12420317251771303,1.0297154667111503,-0.11909914713952535,0.039315454314205245,0.3850388553771911,-0.21930294159241412,-0.02227334555447038,-0.18035058289315636,-0.10300767634071256,0.8030207017940455,-0.34893157956508497,-0.04753128465879746,0.4151924645175863,0.25811817831977985,-0.2354341443560018,1.3790486641467365,0.2963724775940916,-0.12330396823312446,1.0519409557895505,-0.12306658714589623,0.042305842023129994,0.40656193183516554,-0.218813791702124
394,True,3.9499999999997866,0.0,True,True,0.0,False,,-0.0,-0.1809052456800077,-0.05986887676040092,0.7745789632092643,-0.34906585039886573,0.07031511109060663,0.34322137812330755,0.28372720287400544,-0.43982650206196805,1.3534547581220169,0.29025691005452503,-0.13818858949349683,1.0144383655937106,-0.09117435964850003,0.027381412833184925,0.3826101055945846,-0.2024618682401001,-0.0,-0.1809052456800077,-0.05986887676040092,0.7745789632092643,-0.34906585039886573,0.07031511109060663,0.34322137812330755,0.28372720287400544,-0.43982650206196805,1.3534547581220169,0.29025691005452503,-0.13818858949349683,1.0144383655937106,-0.09117435964850003,0.027381412833184925,0.3826101055945846,-0.2024618682401001,-0.021301229403548536,-0.18132160474022296,-0.0980397649473004,0.8025113778526866,-0.34893112318732467,-0.0504657350852128,0.40761639237101294,0.25876774696810806,-0.24039731363757608,1.37656174416415,0.29781445280434665,-0.12452542416578274,1.0480931597235335,-0.12002237250908389,0.04110455729022906,0.4022903666621226,-0.21755182678282514
395,True,3.9599999999997855,0.0,True,True,0.0,False,,-0.0,-0.2099056395462708,-0.05165044435002895,0.7778329126321367,-0.3490658503988658,0.06003973156761954,0.3234487450280408,0.30393636489305104,-0.5032335736216418,1.3553677831247286,0.2640896126766611,-0.14964947573375717,1.0025108275537895,-0.10690324448096065,0.017929164336007587,0.36762559080481344,-0.2062476028720782,-0.0,-0.2099056395462708,-0.05165044435002895,0.7778329126321367,-0.3490658503988658,0.06003973156761954,0.3234487450280408,0.30393636489305104,-0.5032335736216418,1.3553677831247286,0.2640896126766611,-0.14964947573375717,1.0025108275537895,-0.10690324448096065,0.017929164336007587,0.36762559080481344,-0.2062476028720782,-0.020533789845624897,-0.1840598111821202,-0.0912951821658816,0.7995256413041861,-0.34893120966270286,-0.05630856433435986,0.3980360515620853,0.26358837912153443,-0.24892835803633503,1.3719845215696356,0.2956944303905132,-0.12743931067711095,1.0423769399946643,-0.11656455770745472,0.03856419531206932,0.3972539610453873,-0.2156106689497995
396,True,3.9699999999997844,0.0,True,True,0.0,False,,-0.0,-0.1920114169115932,-0.10181784916364389,0.7936921837920874,-0.34906585039886573,0.06858566622064555,0.3258786922125969,0.2991796181207148,-0.45704250908150745,1.3662970823213147,0.2673397585239217,-0.14157177211080432,1.0053147860998022,-0.10799543646090377,0.027647119133826503,0.3624028761976829,-0.20618214287386485,-0.0,-0.1920114169115932,-0.10181784916364389,0.7936921837920874,-0.34906585039886573,0.06858566622064555,0.3258786922125969,0.2991796181207148,-0.45704250908150745,1.3662970823213147,0.2673397585239217,-0.14157177211080432,1.0053147860998022,-0.10799543646090377,0.027647119133826503,0.3624028761976829,-0.20618214287386485,-0.01969861656190796,-0.18692792416692436,-0.0881261927247315,0.7972234279306138,-0.3489303901814192,-0.062125961794481356,0.38821786493481664,0.26992290684772446,-0.25744852211284713,1.3678869442252213,0.29159659676391536,-0.13056377713498496,1.0363028442176285,-0.11405424928996159,0.0361052903923609,0.3915258937500923,-0.21376078082787514
397,True,3.9799999999997833,0.0,True,True,0.0,False,,-0.0,-0.2037822638734586,-0.045478210620606245,0.7827796751562313,-0.3490658503988658,0.06296977974694869,0.3069561394798284,0.3148756923993571,-0.5159079108952677,1.372569161917666,0.22655503006381109,-0.15530742785423488,1.010624231670622,-0.10569189985654269,0.020472883857268184,0.37442892653655735,-0.20444834012913632,-0.0,-0.2037822638734586,-0.045478210620606245,0.7827796751562313,-0.3490658503988658,0.06296977974694869,0.3069561394798284,0.3148756923993571,-0.5159079108952677,1.372569161917666,0.22655503006381109,-0.15530742785423488,1.010624231670622,-0.10569189985654269,0.020472883857268184,0.37442892653655735,-0.20444834012913632,-0.018827422937444504,-0.18979966002909449,-0.0844144867027012,0.7951994801545019,-0.34892896456684136,-0.0682303245422647,0.3784274304243635,0.27717447313115895,-0.2663625828987352,1.365010040529388,0.28408738146822504,-0.13415977010785357,1.0312548708699947,-0.11210109924871929,0.03378310601358739,0.3868848114396838,-0.21204686860226524
398,True,3.989999999999782,0.0,True,True,0.0,False,,-0.0,-0.19124714536366957,-0.03617678897757053,0.7504907485563379,-0.34906585039886573,0.06764314300363558,0.2987633414105703,0.3144939069951852,-0.49908198525727065,1.3450772983780845,0.27770902166942246,-0.1521689413943912,0.9951787223580515,-0.11480979096223874,0.01667820130791027,0.3635779686128809,-0.210809104367695,-0.0,-0.19124714536366957,-0.03617678897757053,0.7504907485563379,-0.34906585039886573,0.06764314300363558,0.2987633414105703,0.3144939069951852,-0.49908198525727065,1.3450772983780845,0.27770902166942246,-0.1521689413943912,0.9951787223580515,-0.11480979096223874,0.01667820130791027,0.3635779686128809,-0.210809104367695,-0.018149754966790395,-0.19179324527186128,-0.07805640314916744,0.7905770575721284,-0.34892793650339204,-0.07406009841790177,0.36803677897741555,0.2845236425116776,-0.2750155144594004,1.361421433469903,0.2785510181414889,-0.1378341620850884,1.0262373780498892,-0.11114337067943529,0.03122113665369759,0.38284572625724217,-0.21102079600812373
399,True,3.999999999999781,0.0,True,True,0.0,False,,-0.0,-0.18361218173463878,-0.0619011642702921,0.789025395634381,-0.34897855347462986,0.06352071323684522,0.34702999057617634,0.2888694898589181,-0.46956223100208844,1.3527698692785686,0.3014759546985504,-0.15470631117873662,1.014315694944725,-0.12252227274381498,0.025141705162542615,0.3746499041407109,-0.23360901302889,-0.0,-0.18361218173463878,-0.0619011642702921,0.789025395634381,-0.34897855347462986,0.06352071323684522,0.34702999057617634,0.2888694898589181,-0.46956223100208844,1.3527698692785686,0.3014759546985504,-0.15470631117873662,1.014315694944725,-0.12252227274381498,0.025141705162542615,0.3746499041407109,-0.23360901302889,-0.017324008120237,-0.19222548698365857,-0.0730139471976247,0.7871651108838562,-0.3489250558809385,-0.0787105448131512,0.3605732838581375,0.2889833952804217,-0.28194213086484066,1.3588922838521267,0.2782117020030964,-0.14120032631970314,1.022692045949516,-0.11163601892609805,0.029337926418901147,0.37999676754472583,-0.21235644781328347
400,True,4.00999999999978,0.0,True,True,0.0,False,,-0.0,-0.17612201644208497,-0.07942806051353589,0.8093289452681544,-0.349042149022953,0.07729943801741697,0.3215017352948091,0.3184615665827996,-0.4632963849400197,1.3914501096321277,0.21056876168975183,-0.14596471237021605,1.0406855648798563,-0.172056657832766,0.03607528901602206,0.3951231350948715,-0.23750289569306443,-0.0,-0.17612201644208497,-0.07942806051353589,0.8093289452681544,-0.349042149022953,0.07729943801741697,0.3215017352948091,0.3184615665827996,-0.4632963849400197,1.3914501096321277,0.21056876168975183,-0.14596471237021605,1.0406855648798563,-0.172056657832766,0.03607528901602206,0.3951231350948715,-0.23750289569306443,-0.01627237189709054,-0.19113830878664373,-0.07137042567585672,0.7876280991411744,-0.34892105258745004,-0.08145152025339022,0.3553880939459009,0.29310250829002954,-0.28656396798786116,1.3600133268026673,0.27378757543022586,-0.143492300038322,1.0228518661546058,-0.11688176631643711,0.029016544065497776,0.37988338789081955,-0.2156559535808287
401,True,4.019999999999779,0.0,True,True,0.0,False,,-0.0,-0.18863116294218457,-0.06552658631583903,0.7739586486466795,-0.3490541328628255,0.06092857476838801,0.33731129463229687,0.32338916336540685,-0.4733287711812295,1.3609567834948124,0.27039610899489147,-0.1623320587871523,1.0380482800027424,-0.1533390347693392,0.03550016916990311,0.39631058398341495,-0.23193223450471667,-0.0,-0.18863116294218457,-0.06552658631583903,0.7739586486466795,-0.3490541328628255,0.06092857476838801,0.33731129463229687,0.32338916336540685,-0.4733287711812295,1.3609567834948124,0.27039610899489147,-0.1623320587871523,1.0380482800027424,-0.1533390347693392,0.03550016916990311,0.39631058398341495,-0.23193223450471667,-0.01522468439838838,-0.19017359172881207,-0.0708959290071952,0.7877543863220093,-0.3489187795777355,-0.08376390784246072,0.35153625760131857,0.29813506046263044,-0.2904330082695389,1.3620494205673146,0.26948659904096706,-0.1459775835915628,1.0252707033583215,-0.12386140707510432,0.02973010029126702,0.3817250312284783,-0.21907014701592106
402,True,4.029999999999778,0.0,True,True,0.0,False,,-0.0,-0.18365892750623572,-0.08515900615464214,0.7840292529160404,-0.3490600419455064,0.07424925274742497,0.34326584061939625,0.31074176939551873,-0.3827650299890694,1.3403995495927399,0.33538294137825203,-0.1311311461416688,1.0272664138813827,-0.13938271384293172,0.04400927971306776,0.3799072065984721,-0.22952466838747476,-0.0,-0.18365892750623572,-0.08515900615464214,0.7840292529160404,-0.3490600419455064,0.07424925274742497,0.34326584061939625,0.31074176939551873,-0.3827650299890694,1.3403995495927399,0.33538294137825203,-0.1311311461416688,1.0272664138813827,-0.13938271384293172,0.04400927971306776,0.3799072065984721,-0.22952466838747476,-0.014437239534236498,-0.18945173846188174,-0.07189292408849128,0.7871966351183073,-0.34891730829810913,-0.08433056035496764,0.3480846596594531,0.3021468151734225,-0.29148262637114064,1.36313606832081,0.27309858974049883,-0.1466019354446603,1.0274080419355838,-0.12887522090669468,0.03141901366223095,0.383000122529098,-0.22170459635350823
403,True,4.039999999999777,0.0,True,True,0.0,False,,-0.0,-0.24360617958457795,-0.03864314305748526,0.7500960622369037,-0.3490658503988656,0.08807543946759391,0.3760308017147349,0.17899133573745754,-0.12858884247585728,1.1156347456972373,0.4619625753760677,-0.06730062284219974,0.9812267507917257,-0.1356372871096423,0.0552682441078478,0.39510026936715054,-0.251790873611397,-0.0,-0.24360617958457795,-0.03864314305748526,0.7500960622369037,-0.3490658503988656,0.08807543946759391,0.3760308017147349,0.17899133573745754,-0.12858884247585728,1.1156347456972373,0.4619625753760677,-0.06730062284219974,0.9812267507917257,-0.1356372871096423,0.0552682441078478,0.39510026936715054,-0.251790873611397,-0.014560812301493432,-0.19327343039172243,-0.07047919054308695,0.7842293914671182,-0.34891627317466023,-0.08145057268065872,0.3449006796344779,0.2944764618633519,-0.2759695719044307,1.3491008982594743,0.2921285809586334,-0.14039938469956695,1.025327839799237,-0.13163516553158264,0.0344859516301425,0.38438238370977423,-0.22539843051695216
404,True,4.049999999999776,0.0,True,True,0.0,False,,-0.0,-0.24360617958457795,-0.03864314305748526,0.7500960622369037,-0.3490658503988656,0.08807543946759391,0.3760308017147349,0.17899133573745754,-0.12858884247585728,1.1156347456972373,0.4619625753760677,-0.06730062284219974,0.9812267507917257,-0.1356372871096423,0.0552682441078478,0.39510026936715054,-0.251790873611397,-0.0,-0.24360617958457795,-0.03864314305748526,0.7500960622369037,-0.3490658503988656,0.08807543946759391,0.3760308017147349,0.17899133573745754,-0.12858884247585728,1.1156347456972373,0.4619625753760677,-0.06730062284219974,0.9812267507917257,-0.1356372871096423,0.0552682441078478,0.39510026936715054,-0.251790873611397,-0.01515816979618396,-0.2008197297416724,-0.06654292946415459,0.7792810730725699,-0.34891655744645284,-0.07474765690054958,0.34254203882101997,0.2779272120070703,-0.2485376328132018,1.3226588426601875,0.32000135025281223,-0.12957977733812387,1.0200329416737706,-0.13302291202268998,0.03824061722020577,0.38622025897712275,-0.2299393518992004
405,True,4.059999999999775,0.14009140532120096,False,True,0.0,False,,-0.0,-0.24360617958457795,-0.03864314305748526,0.7500960622369037,-0.3490658503988656,0.08807543946759391,0.3760308017147349,0.17899133573745754,-0.12858884247585728,1.1156347456972373,0.4619625753760677,-0.06730062284219974,0.9812267507917257,-0.1356372871096423,0.0552682441078478,0.39510026936715054,-0.251790873611397,-0.0,-0.24360617958457795,-0.03864314305748526,0.7500960622369037,-0.3490658503988656,0.08807543946759391,0.3760308017147349,0.17899133573745754,-0.12858884247585728,1.1156347456972373,0.4619625753760677,-0.06730062284219974,0.9812267507917257,-0.1356372871096423,0.0552682441078478,0.39510026936715054,-0.251790873611397,-0.015657834680693386,-0.20906181598325912,-0.062092617385747825,0.7740476661086855,-0.34891617082657245,-0.06193792674290183,0.34240613014526217,0.25972105678274154,-0.22073025937863805,1.2921042271366863,0.3480912104399203,-0.11801415591594051,1.014010849266259,-0.13371137194011445,0.041886089503147976,0.3880606040379574,-0.2342747162665447
406,True,4.069999999999774,0.15794698365048596,False,True,0.0,False,,-0.0,-0.41887857081757207,0.01294566289167013,0.4861772098796658,-0.3490658503988659,0.0460620040091477,0.5284688319753598,-0.04009938150465914,-0.00299222881425118,0.7069749116046202,0.12466897930986272,-0.007818919972088834,0.7638620032312429,-0.15882918299806006,0.01275864680892156,0.41488378117587754,-0.1486349558797464,-0.0,-0.41887857081757207,0.01294566289167013,0.4861772098796658,-0.3490658503988659,0.0460620040091477,0.5284688319753598,-0.04009938150465914,-0.00299222881425118,0.7069749116046202,0.12466897930986272,-0.007818919972088834,0.7638620032312429,-0.15882918299806006,0.01275864680892156,0.41488378117587754,-0.1486349558797464,-0.016948702461566267,-0.22981246829072416,-0.05457980138436999,0.7490391015199257,-0.3487950153284554,-0.04319088869880983,0.3578859957508923,0.22555524656903816,-0.18898400815280164,1.234818572327219,0.3467817915802958,-0.10295126403939771,0.9919266670030585,-0.1356761590602201,0.04196045256182816,0.3910602202929626,-0.23000967356406898
407,True,4.079999999999773,0.10369247114038913,False,True,0.0,False,,-0.0,-0.41887857081757207,0.01294566289167013,0.4861772098796658,-0.3490658503988659,0.0460620040091477,0.5284688319753598,-0.04009938150465914,-0.00299222881425118,0.7069749116046202,0.12466897930986272,-0.007818919972088834,0.7638620032312429,-0.15882918299806006,0.01275864680892156,0.41488378117587754,-0.1486349558797464,-0.0,-0.41887857081757207,0.01294566289167013,0.4861772098796658,-0.3490658503988659,0.0460620040091477,0.5284688319753598,-0.04009938150465914,-0.00299222881425118,0.7069749116046202,0.12466897930986272,-0.007818919972088834,0.7638620032312429,-0.15882918299806006,0.01275864680892156,0.41488378117587754,-0.1486349558797464,-0.01875690356289619,-0.2601730764927988,-0.04535145852551108,0.7085643252423247,-0.3487061718364768,-0.02519048928474794,0.3840397324788386,0.1805482582130452,-0.15465119439949418,1.1545044807508218,0.3206300093994283,-0.08586691707126969,0.9572947678370274,-0.1388922272850433,0.03893560332188498,0.3950110783924739,-0.21879951173282117
408,True,4.089999999999772,0.21223542400650763,False,True,0.0,False,,-0.0,-0.7516385634027757,0.16123320150809645,0.5742530716311282,-0.34906585039886584,0.05912638097832331,0.4819499466835019,-0.006849794611752218,0.09289297452993477,0.3727173949844782,0.23389451513311885,0.04777615235259331,0.6111366437702758,-0.17408181316532736,0.0010141738724790215,0.2810344587560027,-0.04733599752935308,-0.0,-0.7516385634027757,0.16123320150809645,0.5742530716311282,-0.34906585039886584,0.05912638097832331,0.4819499466835019,-0.006849794611752218,0.09289297452993477,0.3727173949844782,0.23389451513311885,0.04777615235259331,0.6111366437702758,-0.17408181316532736,0.0010141738724790215,0.2810344587560027,-0.04733599752935308,-0.02100238033538535,-0.3169687808645145,-0.036377681190846445,0.6735445652401933,-0.3486526880978216,-0.00853490315422705,0.4080102528924876,0.1391947738284777,-0.1158890656209264,1.0643642895215746,0.2959444457252327,-0.06567526303243937,0.9096940587693111,-0.14341729847529291,0.034032238248412824,0.38867336133353747,-0.19799784819177912
409,True,4.0999999999997705,0.7321525822329118,False,True,0.0,False,,-0.0,-0.7913071566406987,0.134674272296343,0.626285580123143,-0.34906585039886584,0.042769300027472715,0.4681612862004133,0.01669657531533941,0.07822111219218669,0.38119337411639653,0.23667471829692915,0.006809664620944546,0.613170284465053,-0.16286456433573382,-0.015856840094995425,0.2920271502470058,-0.062054750011298246,-0.0,-0.7913071566406987,0.134674272296343,0.626285580123143,-0.34906585039886584,0.042769300027472715,0.4681612862004133,0.01669657531533941,0.07822111219218669,0.38119337411639653,0.23667471829692915,0.006809664620944546,0.613170284465053,-0.16286456433573382,-0.015856840094995425,0.2920271502470058,-0.062054750011298246,-0.023143353062912136,-0.3941229310240111,-0.028835432402138775,0.6520575299400667,-0.3486368610941847,0.00495951746172629,0.4255114764151947,0.10736757901112438,-0.07721871762921337,0.9691466311754838,0.27913880682233183,-0.04740091078777715,0.856330975744825,-0.14774701908503177,0.02717883039532124,0.3746502964045192,-0.17302597371658596
410,True,4.109999999999769,1.5537436863399283,False,True,0.0,False,,-0.0,-0.7889767942344458,0.11271694043984677,0.6570177098922525,-0.34906585039886584,0.04425419910305544,0.4624717483533505,0.01780258227883824,0.08103205603062281,0.3925904629436005,0.2295915007475392,0.003372247637034979,0.6203639812511159,-0.16260804164455123,-0.011607817730942964,0.2953779467132863,-0.06654258220653107,-0.0,-0.7889767942344458,0.11271694043984677,0.6570177098922525,-0.34906585039886584,0.04425419910305544,0.4624717483533505,0.01780258227883824,0.08103205603062281,0.3925904629436005,0.2295915007475392,0.003372247637034979,0.6203639812511159,-0.16260804164455123,-0.011607817730942964,0.2953779467132863,-0.06654258220653107,-0.02459235594385679,-0.4721965304611324,-0.023092213269171408,0.6426250531591462,-0.3486720119986911,0.01507659301888317,0.43740131768754986,0.08413004447732285,-0.043301185072106396,0.871812294451489,0.267012733237614,-0.033757455438996546,0.8071738628137638,-0.15114527516913892,0.019943151534943672,0.35979700871319914,-0.15027312372412893
411,True,4.119999999999768,2.3153325267434206,False,True,0.0,False,,-0.0,-0.7592569243547426,0.09106344317751748,0.6579473483978953,-0.34906585039886584,0.04495564622918504,0.45260875918124066,0.02535049873244481,0.07897232745680148,0.3807637304152724,0.2269249565172517,0.0001289452109748553,0.6162577841753718,-0.16955480332215725,-0.015688277887583615,0.2940132710998999,-0.07935785579894176,-0.0,-0.7592569243547426,0.09106344317751748,0.6579473483978953,-0.34906585039886584,0.04495564622918504,0.45260875918124066,0.02535049873244481,0.07897232745680148,0.3807637304152724,0.2269249565172517,0.0001289452109748553,0.6162577841753718,-0.16955480332215725,-0.015688277887583615,0.2940132710998999,-0.07935785579894176,-0.025142324314174458,-0.5392151806996857,-0.018904666626923233,0.6402436812952703,-0.34874815437160167,0.022709735899640232,0.444643320829601,0.06772594503799502,-0.015208883397290807,0.7764338052930729,0.25766239679265146,-0.02396589878569713,0.7653356392439935,-0.15434034080724657,0.01320708097515243,0.34636078029987705,-0.13228676498672434
412,True,4.129999999999767,2.931416835467309,False,True,0.0,False,,-0.0,-0.748143791354047,0.1165591988066518,0.6342087656499035,-0.34906585039886584,0.043981898440200756,0.43941483415798793,0.05126271974699681,0.07722672787224726,0.36375624559354985,0.24837813901489983,0.00583105611408272,0.6140479266521882,-0.1837124472151852,0.0005275385992532695,0.27927325104927664,-0.07679615607745133,-0.0,-0.748143791354047,0.1165591988066518,0.6342087656499035,-0.34906585039886584,0.043981898440200756,0.43941483415798793,0.05126271974699681,0.07722672787224726,0.36375624559354985,0.24837813901489983,0.00583105611408272,0.6140479266521882,-0.1837124472151852,0.0005275385992532695,0.27927325104927664,-0.07679615607745133,-0.024560842672593213,-0.5918422394058339,-0.015844157388148553,0.6392699326277068,-0.3488173828908352,0.028369345345277706,0.44781421475396727,0.05834181775333308,0.007120690460290961,0.6902644513206072,0.252033263088159,-0.0166029494182916,0.7310429027038031,-0.15846443241962474,0.008496922609612868,0.33388023187799365,-0.11862265415295166
413,True,4.139999999999766,2.75812151710661,False,True,0.0,False,,-0.0,-0.7122098061149336,0.1360878790176367,0.6002734050976032,-0.34906585039886584,0.04766670188380073,0.4437321881813629,0.02887623796732209,0.0822353480516485,0.36185863762955417,0.26178637253165493,0.00789082832900667,0.6016814588550177,-0.14142744521664974,0.007746076051290981,0.2739569607381511,-0.08245817919293487,-0.0,-0.7122098061149336,0.1360878790176367,0.6002734050976032,-0.34906585039886584,0.04766670188380073,0.4437321881813629,0.02887623796732209,0.0822353480516485,0.36185863762955417,0.26178637253165493,0.00789082832900667,0.6016814588550177,-0.14142744521664974,0.007746076051290981,0.2739569607381511,-0.08245817919293487,-0.022851858357119344,-0.6291640567159109,-0.013577627205174289,0.6354703714281176,-0.3488604488215683,0.03278187782683488,0.4488203388858194,0.05211518738005977,0.024864912167951964,0.6169395154073345,0.2503305267366643,-0.010731744289666438,0.702762430207031,-0.15976387813495266,0.006306504156663393,0.3222515145637996,-0.10865803867906589
414,True,4.149999999999765,2.5270539264832075,False,True,0.0,False,,-0.0,-0.698717042216275,0.11580771860307595,0.6036743084471202,-0.34906585039886584,0.05200200855789229,0.4555083969329333,0.023330938216485807,0.08949777905360026,0.3906051590540809,0.25012663810056873,0.015433706469126762,0.6173676937475964,-0.11017269205093345,0.0174948202462358,0.28815300034693475,-0.08252018539665157,-0.0,-0.698717042216275,0.11580771860307595,0.6036743084471202,-0.34906585039886584,0.05200200855789229,0.4555083969329333,0.023330938216485807,0.08949777905360026,0.3906051590540809,0.25012663810056873,0.015433706469126762,0.6173676937475964,-0.11017269205093345,0.0174948202462358,0.28815300034693475,-0.08252018539665157,-0.019978026047230674,-0.6534365995424016,-0.011873123575632541,0.629949420558032,-0.3488852200151637,0.036623218852866415,0.4498114198082557,0.046570706483332655,0.039434474965998216,0.5594778185782397,0.2500169599984651,-0.005516681804656909,0.680921836491574,-0.15572234670816368,0.006365904121502587,0.31319043543998276,-0.10160182709965962
415,True,4.159999999999764,2.3087290503196676,False,True,0.0,False,,-0.0,-0.6605807478627458,0.08227314368707901,0.5719630746066324,-0.34906585039886584,0.053653058557631875,0.4422453362051816,0.02722719851873132,0.08668495901864776,0.38277517565923747,0.2664968980946915,0.006595855897647858,0.612261517694504,-0.08280687122335963,0.009706885184530212,0.2924670913517753,-0.07236077083137762,-0.0,-0.6605807478627458,0.08227314368707901,0.5719630746066324,-0.34906585039886584,0.053653058557631875,0.4422453362051816,0.02722719851873132,0.08668495901864776,0.38277517565923747,0.2664968980946915,0.006595855897647858,0.612261517694504,-0.08280687122335963,0.009706885184530212,0.2924670913517753,-0.07236077083137762,-0.016475516420487796,-0.6660121283595916,-0.010543035059025617,0.622047859253367,-0.3488953149783146,0.040082077788535515,0.45010159561079177,0.04204007878133075,0.0511119933735309,0.5156811922872855,0.2511154083720957,-0.0015338223073689656,0.6644411357905718,-0.14663290775823412,0.007156505949046989,0.3070560485605543,-0.09576795687911613
416,True,4.169999999999763,2.098405945649507,False,True,0.0,False,,-0.0,-0.6888642743266445,0.09936391828641851,0.5801313240771048,-0.34906585039886584,0.04745181067009594,0.4623734217737758,0.026919498799905094,0.08216217843847577,0.4127950151235115,0.25209758233474167,0.0017101338169107918,0.6222433534756187,-0.067429249335932,0.00851793688174383,0.2985630005612456,-0.08041953340821953,-0.0,-0.6888642743266445,0.09936391828641851,0.5801313240771048,-0.34906585039886584,0.04745181067009594,0.4623734217737758,0.026919498799905094,0.08216217843847577,0.4127950151235115,0.25209758233474167,0.0017101338169107918,0.6222433534756187,-0.067429249335932,0.00851793688174383,0.2985630005612456,-0.08041953340821953,-0.012655647724926777,-0.6730302002944126,-0.009511335838909745,0.6136066651768429,-0.34889972503274774,0.04259658881205635,0.4510310389501267,0.03855214046667931,0.05982555377661339,0.484600438188124,0.25213763026106994,0.0007837012964872034,0.6526566264977597,-0.13430194873483806,0.007788598494736129,0.30346374591854147,-0.09135728344076458
417,True,4.179999999999762,1.9088501550457648,False,True,0.0,False,,-0.0,-0.6867809458802855,0.08875435680064654,0.5923539264547079,-0.34906585039886584,0.043539492947744445,0.47040292577457604,0.026178176021678688,0.08430887785027195,0.4211960738966378,0.24243111901114572,0.003476902198599481,0.629804547689429,-0.062066952922993114,0.010928833227214944,0.30503202050694883,-0.08730100338361915,-0.0,-0.6867809458802855,0.08875435680064654,0.5923539264547079,-0.34906585039886584,0.043539492947744445,0.47040292577457604,0.026178176021678688,0.08430887785027195,0.4211960738966378,0.24243111901114572,0.003476902198599481,0.629804547689429,-0.062066952922993114,0.010928833227214944,0.30503202050694883,-0.08730100338361915,-0.008878369294398886,-0.6778827198356747,-0.009090243755674654,0.6072303368992085,-0.34890193797728636,0.043904484381250705,0.45343110506311046,0.03580791851369225,0.06628520377729777,0.4641797741345264,0.2517851354109848,0.0020636824106156355,0.6451384764062539,-0.12109473959992706,0.008408348120866311,0.30197528471281304,-0.08889759283357164
418,True,4.189999999999761,1.750853597863024,False,True,0.0,False,,-0.0,-0.6878004168067872,0.1038915377097108,0.5813784853370187,-0.34906585039886584,0.04504146052359799,0.44726492304239734,0.03157644983530073,0.0830719501813902,0.40140308143336106,0.2526542435515396,-0.002461125320455797,0.617685495283779,-0.060307807173103314,0.005856430675237595,0.30296668362542695,-0.09287022045116748,-0.0,-0.6878004168067872,0.1038915377097108,0.5813784853370187,-0.34906585039886584,0.04504146052359799,0.44726492304239734,0.03157644983530073,0.0830719501813902,0.40140308143336106,0.2526542435515396,-0.002461125320455797,0.617685495283779,-0.060307807173103314,0.005856430675237595,0.30296668362542695,-0.09287022045116748,-0.005792419293542683,-0.6812542907205672,-0.009027620133828873,0.6020708359273015,-0.3489038665336652,0.04451514274189659,0.45473337697609134,0.034097153448206956,0.07104090032777324,0.4493429185658254,0.251332343136679,0.002444769944015865,0.6396150535188719,-0.10872410846617492,0.008726320749121465,0.30154015070759516,-0.0881447516511289
419,True,4.1999999999997595,1.6346090366328778,False,True,0.0,False,,-0.0,-0.6536053341262525,0.06662841088073689,0.5900411676618827,-0.34906585039886584,0.0525469006956801,0.4482286670139858,0.03200303496682396,0.09355479333264434,0.4044850914282233,0.25457183227128444,0.00960374037833923,0.6209091142035489,-0.0510261574817943,0.017120903687601875,0.3110367130503454,-0.09504525175158393,-0.0,-0.6536053341262525,0.06662841088073689,0.5900411676618827,-0.34906585039886584,0.0525469006956801,0.4482286670139858,0.03200303496682396,0.09355479333264434,0.4044850914282233,0.25457183227128444,0.00960374037833923,0.6209091142035489,-0.0510261574817943,0.017120903687601875,0.3110367130503454,-0.09504525175158393,-0.0034821504288537774,-0.6811140564768962,-0.009108090355672744,0.5982191883996263,-0.3489049505585402,0.045368732094601544,0.4546556672479086,0.03324604351321631,0.0752504768046273,0.4380311162640267,0.25141792876172514,0.003020472361888983,0.6353468860021229,-0.09733924752598988,0.009489521352539389,0.302125851985892,-0.08852061169832813
420,True,4.209999999999758,1.5458243128123468,False,True,0.0,False,,-0.0,-0.6482444332985422,0.06974708057893977,0.5921701487234856,-0.34906585039886584,0.0524754653030302,0.4546964119150878,0.033358163867317506,0.0962743977718481,0.4062956793842883,0.2557365412470168,0.013245434158488051,0.6147916073021619,-0.05134586834887084,0.02158104584629556,0.303690640348692,-0.09823623881185864,-0.0,-0.6482444332985422,0.06974708057893977,0.5921701487234856,-0.34906585039886584,0.0524754653030302,0.4546964119150878,0.033358163867317506,0.0962743977718481,0.4062956793842883,0.2557365412470168,0.013245434158488051,0.6147916073021619,-0.05134586834887084,0.02158104584629556,0.303690640348692,-0.09823623881185864,-0.00187620807181489,-0.677852773171541,-0.009231389647751779,0.5958608615121914,-0.3489058988627963,0.04650830166438829,0.4544667603429457,0.032890552526969014,0.07934862166265283,0.42975477050569394,0.25188311360499693,0.004298636631157175,0.6317671090933659,-0.08734553617008659,0.011078554688340563,0.30281361774358284,-0.08963255011865734
421,True,4.219999999999757,1.470474102974746,False,True,0.0,False,,-0.0,-0.6447886645020068,0.050053281385348675,0.6041683569448572,-0.34906585039886584,0.04317549016311084,0.4562849832717956,0.03117344703350341,0.09364876908001439,0.4131099260854118,0.26021404644623924,0.00970163097111856,0.6124336922772596,-0.04811156139602259,0.01771817833455002,0.3025397953196473,-0.10054494364079414,-0.0,-0.6447886645020068,0.050053281385348675,0.6041683569448572,-0.34906585039886584,0.04317549016311084,0.4562849832717956,0.03117344703350341,0.09364876908001439,0.4131099260854118,0.26021404644623924,0.00970163097111856,0.6124336922772596,-0.04811156139602259,0.01771817833455002,0.3025397953196473,-0.10054494364079414,-0.0008846575625543291,-0.6732072148954541,-0.00935189477322261,0.5953536057647725,-0.3489071039298773,0.04702669510646234,0.4545922539713686,0.032681741549752966,0.08286014105616343,0.424293510049097,0.25284811836634175,0.00562013339736481,0.6284853213534208,-0.07883847981256023,0.012729191392578132,0.30312206069886405,-0.0912114353199542
422,True,4.229999999999756,1.4042506263586496,False,True,0.0,False,,-0.0,-0.6457200745446718,0.04774766310380045,0.6130330225837407,-0.34906585039886584,0.04898474595938188,0.4558837278404156,0.02478639441628538,0.09758035533343799,0.4195557643607109,0.24947369749293558,0.01216940762978728,0.6284086334527493,-0.05501604899012053,0.022192067389467975,0.31284063351463604,-0.10790348123691237,-0.0,-0.6457200745446718,0.04774766310380045,0.6130330225837407,-0.34906585039886584,0.04898474595938188,0.4558837278404156,0.02478639441628538,0.09758035533343799,0.4195557643607109,0.24947369749293558,0.01216940762978728,0.6284086334527493,-0.05501604899012053,0.022192067389467975,0.31284063351463604,-0.10790348123691237,-0.00034227858287750766,-0.6684633589681582,-0.009449556126168818,0.5967991579570783,-0.34890871620822556,0.04726265194356736,0.4548859270040783,0.032011537340073226,0.08592067331523864,0.4214210990310889,0.25331487955821874,0.006867008414522443,0.6267625559184318,-0.07236232421966662,0.014414977023530954,0.3039904015260482,-0.09346955279643696
423,True,4.239999999999755,1.3506504781008808,False,True,0.0,False,,-0.0,-0.6468162828800172,0.03815313702637538,0.6150041741611904,-0.34906585039886584,0.04480904480800799,0.4583129637274067,0.024072916291543286,0.09193895165505185,0.41417494690129036,0.2485376494174889,0.007686311007875263,0.6210759642487842,-0.05729923774501307,0.01953265296120896,0.30834214798190235,-0.10801211371030058,-0.0,-0.6468162828800172,0.03815313702637538,0.6150041741611904,-0.34906585039886584,0.04480904480800799,0.4583129637274067,0.024072916291543286,0.09193895165505185,0.41417494690129036,0.2485376494174889,0.007686311007875263,0.6210759642487842,-0.05729923774501307,0.01953265296120896,0.30834214798190235,-0.10801211371030058,-0.00022962118062565235,-0.6643299856748163,-0.00952112065897067,0.5993877861190482,-0.348910916901277,0.04729383644557791,0.4553859645389155,0.030929425876273283,0.0881816034736575,0.4198161103051565,0.2530917793661256,0.007706263382693524,0.6259875467112198,-0.06790357985134036,0.01589817547340017,0.30501859881392174,-0.09602503732816979
424,True,4.249999999999754,1.305973198840457,False,True,0.0,False,,-0.0,-0.6200677208582266,0.038296820640842145,0.5949674853840012,-0.34906585039886584,0.05173964231635595,0.44503350659864377,0.016093151495113693,0.09907131470389346,0.41070362867638244,0.24989808951050796,0.01317121519696063,0.6160035404447143,-0.058500468196730764,0.02366120498853655,0.3012889459720679,-0.10602949036175409,-0.0,-0.6200677208582266,0.038296820640842145,0.5949674853840012,-0.34906585039886584,0.05173964231635595,0.44503350659864377,0.016093151495113693,0.09907131470389346,0.41070362867638244,0.24989808951050796,0.01317121519696063,0.6160035404447143,-0.058500468196730764,0.02366120498853655,0.3012889459720679,-0.10602949036175409,-0.0005736442951872692,-0.6588658250678447,-0.009567425044454918,0.6007125331690498,-0.34891354760442833,0.04755415004138992,0.4550734124176107,0.029163723029937447,0.09015501277633801,0.41845923827702564,0.2526974134417733,0.008511171966103464,0.6250756742056031,-0.06495476090305075,0.01733630949947585,0.305351515308445,-0.09824134148509564
425,True,4.259999999999753,1.2806982029675953,False,True,0.0,False,,-0.0,-0.6063446995797053,0.01684154638541452,0.593625791250958,-0.34906585039886584,0.048375609772721484,0.4492827589683329,0.011471146832582914,0.09214768037440974,0.40501432788633807,0.24981796579313295,0.00956076621900545,0.6171278737852418,-0.05629320218128186,0.020370172964048576,0.300635781529315,-0.10171742768399358,-0.0,-0.6063446995797053,0.01684154638541452,0.593625791250958,-0.34906585039886584,0.048375609772721484,0.4492827589683329,0.011471146832582914,0.09214768037440974,0.40501432788633807,0.24981796579313295,0.00956076621900545,0.6171278737852418,-0.05629320218128186,0.020370172964048576,0.300635781529315,-0.10171742768399358,-0.0012292504552735995,-0.651400179180188,-0.009593541823471307,0.6005214011463549,-0.3489161730242768,0.04785576831268269,0.4543250542144208,0.026653600437767884,0.0915445438354865,0.41681625789635285,0.25233654409807404,0.009152550409974852,0.6241088755919184,-0.0628332563623092,0.018507984066935365,0.3050800834097518,-0.09964263320657273
426,True,4.269999999999752,1.2678961037888785,False,True,0.0,False,,-0.0,-0.6024348559557994,0.034779684340274605,0.5689808288663435,-0.34906585039886584,0.047587066466274926,0.43399584822368154,0.009020698686293835,0.0920193065544591,0.3964481459065111,0.2494196979491755,0.006653211376274123,0.6114864655344692,-0.058059843757937886,0.02044582046956812,0.2987492073504681,-0.10150063535093873,-0.0,-0.6024348559557994,0.034779684340274605,0.5689808288663435,-0.34906585039886584,0.047587066466274926,0.43399584822368154,0.009020698686293835,0.0920193065544591,0.3964481459065111,0.2494196979491755,0.006653211376274123,0.6114864655344692,-0.058059843757937886,0.02044582046956812,0.2987492073504681,-0.10150063535093873,-0.0021293873911411155,-0.6431160180170995,-0.009611403307600139,0.5977869663539944,-0.34891951051146364,0.04798934753337406,0.4524746479837139,0.023775690796910588,0.09225870313798686,0.41438213202871954,0.25200444696153584,0.009377685082204714,0.6228491734591809,-0.061343777558094004,0.019317750415715675,0.3044230504318198,-0.10036686812278436
427,True,4.279999999999751,1.2678476007771438,False,True,0.0,False,,-0.0,-0.6151277312489417,0.024778424781069997,0.6043053781246718,-0.34906585039886584,0.048852658371361934,0.4545241781274074,0.007354857974434484,0.09199744801493175,0.40899737749119097,0.2482498900268794,0.011260066670188473,0.6130427751733125,-0.04734969013589348,0.02083343287995049,0.29475883853786494,-0.10016695364602458,-0.0,-0.6151277312489417,0.024778424781069997,0.6043053781246718,-0.34906585039886584,0.048852658371361934,0.4545241781274074,0.007354857974434484,0.09199744801493175,0.40899737749119097,0.2482498900268794,0.011260066670188473,0.6130427751733125,-0.04734969013589348,0.02083343287995049,0.29475883853786494,-0.10016695364602458,-0.0029846112337719656,-0.6363455561343094,-0.00962209843362953,0.5960761346580389,-0.3489223609296695,0.04808368867833394,0.45130158021381606,0.020844795885086698,0.09259086264548011,0.4125410393533188,0.2516038596550332,0.00959312266838847,0.6215286243095264,-0.05950606277612416,0.01991946421133083,0.3033241484251517,-0.10067813311936805
428,True,4.28999999999975,1.271197181291081,False,True,0.0,False,,-0.0,-0.5921193223342093,0.018922264788061072,0.5796204695479544,-0.34906585039886584,0.05083001976633642,0.43309885423162264,0.009910460405711988,0.09212021322952833,0.39781786606317043,0.2509015286182334,0.009022003112609195,0.6051215872830691,-0.047969822135479706,0.021792604790351035,0.29018267932954883,-0.10169590173886073,-0.0,-0.5921193223342093,0.018922264788061072,0.5796204695479544,-0.34906585039886584,0.05083001976633642,0.43309885423162264,0.009910460405711988,0.09212021322952833,0.39781786606317043,0.2509015286182334,0.009022003112609195,0.6051215872830691,-0.047969822135479706,0.021792604790351035,0.29018267932954883,-0.10169590173886073,-0.0038664487365737844,-0.6296694255779348,-0.00962842064205813,0.5944364629855559,-0.3489250547269157,0.048326006664550426,0.4497165693099971,0.018386781939040142,0.09272815216329768,0.4107771232573854,0.2513539480414527,0.00975776973451478,0.6197850265992826,-0.05737457514742423,0.020448200303289983,0.30165897094652727,-0.10082604033347894
429,True,4.2999999999997485,1.2763354053215061,False,True,0.0,False,,-0.0,-0.5940292182694926,0.01187083685915033,0.5877581630227318,-0.34906585039886584,0.046290804956969744,0.4390877420494006,0.010601298895431406,0.08674077849075999,0.40356019766115986,0.24644344374383542,0.005314350601339059,0.611197920523655,-0.04526100432706397,0.01963833630315644,0.2904412986732661,-0.09934737723996948,-0.0,-0.5940292182694926,0.01187083685915033,0.5877581630227318,-0.34906585039886584,0.046290804956969744,0.4390877420494006,0.010601298895431406,0.08674077849075999,0.40356019766115986,0.24644344374383542,0.005314350601339059,0.611197920523655,-0.04526100432706397,0.01963833630315644,0.2904412986732661,-0.09934737723996948,-0.004666411243885064,-0.6230754658354077,-0.009631690905315597,0.5927432414632825,-0.3489276372243302,0.04841581107288292,0.4478294715382955,0.016560097364585635,0.09245007797178169,0.40927485971074545,0.2509607075406506,0.009600109853902238,0.6182321744312151,-0.0551909337561761,0.020765415074342066,0.2998020096816388,-0.10080829795088833
430,True,4.309999999999747,1.2824976884106951,False,True,0.0,False,,-0.0,-0.613237715504023,0.03175352226200489,0.597562038115149,-0.34906585039886584,0.049174447669602134,0.43475875862237334,0.004847273989716151,0.08958940523414918,0.40005451473544995,0.2476313141078758,0.006779435568192224,0.6138083455731741,-0.049074270363315915,0.019682789228530315,0.29233289853560446,-0.08958584031281237,-0.0,-0.613237715504023,0.03175352226200489,0.597562038115149,-0.34906585039886584,0.049174447669602134,0.43475875862237334,0.004847273989716151,0.08958940523414918,0.40005451473544995,0.2476313141078758,0.006779435568192224,0.6138083455731741,-0.049074270363315915,0.019682789228530315,0.29233289853560446,-0.08958584031281237,-0.005315437024944704,-0.6188473068720729,-0.009636322693306849,0.5922587283101959,-0.34893038694539663,0.04843622913498781,0.4459384256571823,0.014776016048677164,0.0920616517509565,0.4080101056896697,0.2505021084317534,0.009318357536789385,0.6173732914106356,-0.053441803247673156,0.02089093581352702,0.29822836817913556,-0.09990881833410276
431,True,4.319999999999746,1.2750868957094608,False,True,0.0,False,,-0.0,-0.6067608690449899,0.0362015000488925,0.5815358329649509,-0.34906585039886584,0.04668486430170649,0.43553800812871396,0.005702291499297702,0.08903235642481001,0.4094153069533168,0.24663363528717147,0.0036044734489748508,0.6177425698687116,-0.04692945245229705,0.019372005881571445,0.2971584633640609,-0.08710565327642851,-0.0,-0.6067608690449899,0.0362015000488925,0.5815358329649509,-0.34906585039886584,0.04668486430170649,0.43553800812871396,0.005702291499297702,0.08903235642481001,0.4094153069533168,0.24663363528717147,0.0036044734489748508,0.6177425698687116,-0.04692945245229705,0.019372005881571445,0.2971584633640609,-0.08710565327642851,-0.005774534853539864,-0.6162970885559138,-0.009640114597642342,0.5914851043924171,-0.3489334584113981,0.04838367761631996,0.44415821565694785,0.013062045674022457,0.09173171202171286,0.40749133005602023,0.2500317782756752,0.008834441667487106,0.6172300735387449,-0.052051361989459165,0.020937806704297932,0.29739103283979185,-0.09818904835764354
432,True,4.329999999999745,1.2668123451862454,False,True,0.0,False,,-0.0,-0.6058150614384938,0.01757234238101223,0.6078515712425745,-0.34906585039886584,0.04439927993099997,0.44834360882704133,0.006907705869845649,0.08828653968778415,0.4190531343348246,0.24337653953998883,0.006451552190929102,0.6225146300790478,-0.04459677069174606,0.01891774948560226,0.29722966478810425,-0.0856360856773131,-0.0,-0.6058150614384938,0.01757234238101223,0.6078515712425745,-0.34906585039886584,0.04439927993099997,0.44834360882704133,0.006907705869845649,0.08828653968778415,0.4190531343348246,0.24337653953998883,0.006451552190929102,0.6225146300790478,-0.04459677069174606,0.01891774948560226,0.29722966478810425,-0.0856360856773131,-0.006009529979149882,-0.6144527836199062,-0.009638674720468504,0.5920534719985678,-0.3489356975955405,0.04807970479662909,0.4435564749812999,0.011693477368911728,0.09138855854688717,0.40839752451112277,0.2493097860378568,0.008406597612129172,0.6178787477574881,-0.05070263813729021,0.02094763212855983,0.2970772921706253,-0.09612415432036724
433,True,4.339999999999744,1.2684193650375273,False,True,0.0,False,,-0.0,-0.6117682893496049,0.032027520305344157,0.592578716403038,-0.34906585039886584,0.04556691941644685,0.44263283662466607,-0.0014156099483060864,0.08892955019631539,0.42009206552361855,0.23914859296511265,0.008114723720387131,0.6311124100153919,-0.0459698348587522,0.02157482254453312,0.30492811512302376,-0.08589987221817559,-0.0,-0.6117682893496049,0.032027520305344157,0.592578716403038,-0.34906585039886584,0.04556691941644685,0.44263283662466607,-0.0014156099483060864,0.08892955019631539,0.42009206552361855,0.23914859296511265,0.008114723720387131,0.6311124100153919,-0.0459698348587522,0.02157482254453312,0.30492811512302376,-0.08589987221817559,-0.0061142146818082095,-0.6134944502052484,-0.009637983135611938,0.5929033134304954,-0.3489381579559839,0.04770215694526795,0.44353138454888164,0.010022596989594882,0.09109607485859648,0.4102438798447136,0.24811644643559796,0.008212706738161617,0.6196130029012885,-0.04955297242006111,0.021059645814057008,0.2975806417645114,-0.09413157493155223
434,True,4.349999999999743,1.262482965968054,False,True,0.0,False,,-0.0,-0.5803016938979126,0.016666078847604335,0.5817047759161552,-0.34906585039886584,0.045887188980573666,0.42822152735273084,-0.0016308605188639885,0.0876782757462633,0.41084256749429887,0.236622399469762,0.003672326986530228,0.6098821539373088,-0.040351708424789,0.019764409100316443,0.28791127566202307,-0.08572831904282092,-0.0,-0.5803016938979126,0.016666078847604335,0.5817047759161552,-0.34906585039886584,0.045887188980573666,0.42822152735273084,-0.0016308605188639885,0.0876782757462633,0.41084256749429887,0.236622399469762,0.003672326986530228,0.6098821539373088,-0.040351708424789,0.019764409100316443,0.28791127566202307,-0.08572831904282092,-0.006401260975870365,-0.6107852319757829,-0.009636946553885806,0.5923738644100865,-0.34894037492985946,0.04740498964526508,0.44248325462313165,0.008096037113363432,0.09078952224027445,0.41159056619904644,0.24652029674505796,0.007902978552979213,0.620380176201209,-0.04820886986477786,0.021157197916072384,0.29741331819550265,-0.09238811872763177
435,True,4.359999999999742,1.2558261425790338,False,True,0.0,False,,-0.0,-0.6027504608725343,0.014278559520303626,0.6116399188389937,-0.34906585039886584,0.044906828377045266,0.41379854529301546,0.01404412334732293,0.0846964865500917,0.39606438794935955,0.25267207364126426,0.0003148253373924364,0.6222711986925301,-0.04161047778655865,0.017108170888677453,0.2925517540550512,-0.0808236376281343,-0.0,-0.6027504608725343,0.014278559520303626,0.6116399188389937,-0.34906585039886584,0.044906828377045266,0.41379854529301546,0.01404412334732293,0.0846964865500917,0.39606438794935955,0.25267207364126426,0.0003148253373924364,0.6222711986925301,-0.04161047778655865,0.017108170888677453,0.2925517540550512,-0.0808236376281343,-0.006826056204192214,-0.6082592138684245,-0.009637531704297509,0.5932387908179902,-0.348942123919638,0.04711414460826426,0.4395036321306175,0.007450115189496974,0.09024610218198156,0.4111748905526369,0.2460526822282756,0.007201166693214852,0.6207536830456716,-0.04683481004391638,0.02103260211936483,0.2967321526503085,-0.09055951394553564
436,True,4.369999999999741,1.2350084849722778,False,True,0.0,False,,-0.0,-0.5556837899226033,0.03946777680837231,0.5619778793272469,-0.34906585039886584,0.04275276376231589,0.3878217659677239,0.04434938663113001,0.07909078847093631,0.34934133800122164,0.2866378863306098,-0.012335283678182284,0.594438428430435,-0.03461557418765788,0.006246352463740214,0.2823664960763225,-0.06690876793674816,-0.0,-0.5556837899226033,0.03946777680837231,0.5619778793272469,-0.34906585039886584,0.04275276376231589,0.3878217659677239,0.04434938663113001,0.07909078847093631,0.34934133800122164,0.2866378863306098,-0.012335283678182284,0.594438428430435,-0.03461557418765788,0.006246352463740214,0.2823664960763225,-0.06690876793674816,-0.007564789255036866,-0.6032578544326328,-0.009639459458234268,0.5918605211964986,-0.3489442298822917,0.04666398018697713,0.43347883482686017,0.010358720210985075,0.08913678536973257,0.4059595203592922,0.24938670294107945,0.005346430586511673,0.6193011561829249,-0.0450905405463736,0.019932042937009467,0.295286544273989,-0.08762588939547204
437,True,4.37999999999974,1.162359926844289,False,True,0.0,False,,-0.0,-0.5565660065636066,0.03438081781041764,0.598068174914918,-0.34906585039886584,0.03720762774591331,0.3692660294983055,0.09114109565932807,0.07154625771703425,0.36371004465430373,0.3071286016492738,-0.028219557629837536,0.6016716787535646,-0.0335466940284625,-0.0049598712187347745,0.29712373585018803,-0.06686516628010175,-0.0,-0.5565660065636066,0.03438081781041764,0.598068174914918,-0.34906585039886584,0.03720762774591331,0.3692660294983055,0.09114109565932807,0.07154625771703425,0.36371004465430373,0.3071286016492738,-0.028219557629837536,0.6016716787535646,-0.0335466940284625,-0.0049598712187347745,0.29712373585018803,-0.06686516628010175,-0.008249572351576544,-0.5961327618186895,-0.009636788824411446,0.5905852418016795,-0.34894560347854026,0.045698583107325046,0.4244659420335178,0.019227719151192285,0.08714063566103236,0.3986464222692768,0.2567639325848487,0.0015543694474697218,0.6168080094262243,-0.043050553099258766,0.01729857266688653,0.29438805008501046,-0.08405424779510125
438,True,4.3899999999997386,1.0574472248409934,False,True,0.0,False,,-0.0,-0.42968712591970815,-0.05552611343130496,0.5710277741967368,-0.34906585039886584,0.02976691668140225,0.3781740345750352,0.08184337066661619,0.06073637933817782,0.386293138860269,0.32922541617381346,-0.03173115922795739,0.5773612360443229,0.00779970251085553,-0.004939035029900282,0.2950604093074556,-0.06458285867737208,-0.0,-0.42968712591970815,-0.05552611343130496,0.5710277741967368,-0.34906585039886584,0.02976691668140225,0.3781740345750352,0.08184337066661619,0.06073637933817782,0.386293138860269,0.32922541617381346,-0.03173115922795739,0.5773612360443229,0.00779970251085553,-0.004939035029900282,0.2950604093074556,-0.06458285867737208,-0.008560649495593323,-0.5791260058011122,-0.013590415075543335,0.5887120794090713,-0.3489475164759376,0.04385433557206741,0.41526292183989677,0.030518734756981542,0.08390155162642908,0.3935439422000126,0.2673991501264478,-0.003517587489051939,0.6125829334715801,-0.03781467095803897,0.013882357755717787,0.2942113453744855,-0.08045569100320889
439,True,4.3999999999997375,0.9860537800425069,False,True,0.0,False,,-0.0,-0.26934092740438614,-0.03641156677707152,0.42547135788126783,-0.3490658503988659,0.06416963020659995,0.2681885708723872,0.19175203062870136,0.03547996703640884,0.4813450105825475,0.31013239459376296,-0.0326239540473843,0.5764179079573563,-0.011533463665595227,0.013418934985181777,0.32994578321042306,-0.11908371731668686,-0.0,-0.26934092740438614,-0.03641156677707152,0.42547135788126783,-0.3490658503988659,0.06416963020659995,0.2681885708723872,0.19175203062870136,0.03547996703640884,0.4813450105825475,0.31013239459376296,-0.0326239540473843,0.5764179079573563,-0.011533463665595227,0.013418934985181777,0.32994578321042306,-0.11908371731668686,-0.008562304672169412,-0.5426134901827716,-0.019230940632664027,0.5743374574163355,-0.3489487077306545,0.04402891468090719,0.39890221647921553,0.04984250963865289,0.07821919486389847,0.3979393420762891,0.2773610758809827,-0.00879118056404856,0.6071341538645293,-0.031834569995766226,0.01184725310189697,0.29700034538300124,-0.08141909726159889
440,True,4.409999999999736,1.6936613394133575,False,True,0.0,False,,-0.0,-0.16624662190312597,-0.22384807697575024,0.8151081529445923,-0.3490658503988658,0.035969074205901556,0.49372862340210877,0.19751532798011995,-0.2563932034527359,1.385536699798655,0.205209776212195,-0.09229419521836559,1.0601790185830726,-0.15000551538083293,0.049428597905929995,0.5315368529644084,-0.26663991548834964,-0.0,-0.16624662190312597,-0.22384807697575024,0.8151081529445923,-0.3490658503988658,0.035969074205901556,0.49372862340210877,0.19751532798011995,-0.2563932034527359,1.385536699798655,0.205209776212195,-0.09229419521836559,1.0601790185830726,-0.15000551538083293,0.049428597905929995,0.5315368529644084,-0.26663991548834964,-0.0038947420574724514,-0.48865944839923386,-0.03905436656940333,0.5811430579629,-0.3490849274745479,0.04424789092976571,0.3947688867937,0.07472232201090537,0.04979280200951844,0.44217089753632866,0.27668139893064086,-0.017959776792790746,0.6387166742402323,-0.03822753610555223,0.014027453176367041,0.31791731009852936,-0.09786688021456909
441,True,4.419999999999735,1.7915951581471368,False,True,0.0,False,,-0.0,-0.17629602811340248,-0.13285725687153088,0.7814225737551541,-0.3490658503988658,0.020694408706906944,0.4116970076992255,0.22780098654527844,-0.43815544638691806,1.36879718433761,0.23346601047826712,-0.1617760929664095,1.052213343290096,-0.19354435797859929,0.022706394856573366,0.45495177632156764,-0.27732082317709744,-0.0,-0.17629602811340248,-0.13285725687153088,0.7814225737551541,-0.3490658503988658,0.020694408706906944,0.4116970076992255,0.22780098654527844,-0.43815544638691806,1.36879718433761,0.23346601047826712,-0.1617760929664095,1.052213343290096,-0.19354435797859929,0.022706394856573366,0.45495177632156764,-0.27732082317709744,0.0021824589074666677,-0.4305572138995159,-0.06231820016954685,0.6083195941863652,-0.34919037929260044,0.04235530385250101,0.3982229187893289,0.10153009172267985,-0.009874086425869134,0.518665370381066,0.27001388214556094,-0.035247642411834,0.6997737438283747,-0.05754891859533028,0.017056788982024337,0.34550417577925413,-0.12513438031390134
442,True,4.429999999999734,0.0,True,True,0.0,False,,-0.0,-0.15715021801276383,-0.14848155645458214,0.8050285332726945,-0.3489042703960089,0.03043350082417138,0.3892982473489443,0.2786736835656096,-0.4112587236879329,1.3911049902345989,0.23679345434009205,-0.15240546788357262,1.0684811186380014,-0.19565882917214766,0.03150105920189672,0.441795056628132,-0.26994360860852656,-0.0,-0.15715021801276383,-0.14848155645458214,0.8050285332726945,-0.3489042703960089,0.03043350082417138,0.3892982473489443,0.2786736835656096,-0.4112587236879329,1.3911049902345989,0.23679345434009205,-0.15240546788357262,1.0684811186380014,-0.19565882917214766,0.03150105920189672,0.441795056628132,-0.26994360860852656,0.006448201564224902,-0.37610899735210157,-0.08171746656251093,0.6414010193962293,-0.3492273000418569,0.03550094034984627,0.4018709366821392,0.13152328413682776,-0.07689978206311343,0.6061363602147206,0.2630562636899183,-0.056156251914990386,0.7671009389774709,-0.0814749717206453,0.019707740595959432,0.36851001746249373,-0.15336960090451485
443,True,4.439999999999733,0.0,True,True,0.0,False,,-0.0,-0.13621674920820334,-0.10895081498120993,0.7875177257538869,-0.3490374111671693,0.05183908936559264,0.29685429980486394,0.3716480575566158,-0.44391849025248065,1.368603128054888,0.22773965466778093,-0.1534373026544777,1.0376582643190655,-0.18419547168249564,0.025490878199869928,0.40084329289263865,-0.24515643073465232,-0.0,-0.13621674920820334,-0.10895081498120993,0.7875177257538869,-0.3490374111671693,0.05183908936559264,0.29685429980486394,0.3716480575566158,-0.44391849025248065,1.368603128054888,0.22773965466778093,-0.1534373026544777,1.0376582643190655,-0.18419547168249564,0.025490878199869928,0.40084329289263865,-0.24515643073465232,0.0078974489111059,-0.3269626363531274,-0.09466403032955861,0.6726738617597959,-0.34923623341178617,0.006046743273914227,0.4107726742476699,0.1686337560548397,-0.11459952127070154,0.6846668819227929,0.2563793619168806,-0.07607589710143604,0.8276663950184181,-0.10349042616454049,0.021759198184417853,0.38320112812799095,-0.17642795284524337
444,True,4.449999999999732,0.0,True,True,0.0,False,,-0.0,-0.1679006290762319,-0.20237446526383693,0.83795213615453,-0.34906585039886573,0.030107966901660056,0.3855405223578574,0.31211318295451235,-0.49359483555913025,1.4290119258828533,0.1662924266062607,-0.16501098347355717,1.0800689555802894,-0.15553967143068242,0.03544773516423391,0.4534748931125172,-0.22068162031701788,-0.0,-0.1679006290762319,-0.20237446526383693,0.83795213615453,-0.34906585039886573,0.030107966901660056,0.3855405223578574,0.31211318295451235,-0.49359483555913025,1.4290119258828533,0.1662924266062607,-0.16501098347355717,1.0800689555802894,-0.15553967143068242,0.03544773516423391,0.4534748931125172,-0.22068162031701788,0.0076957317165000155,-0.28721967873731197,-0.10905881666886692,0.7029777359964299,-0.3492152314783368,-0.03245807737547288,0.425206410218826,0.2026871331347278,-0.13672742760336162,0.7586043944941095,0.24564993462544582,-0.09423017980192296,0.8806419425045254,-0.11941368847610019,0.0238678794493285,0.3952745924348476,-0.19183969384891272
445,True,4.459999999999731,0.12120853773116745,False,True,0.0,False,,-0.0,-0.19023825826827429,-0.15333440945947044,0.8482733793847601,-0.3490658503988658,0.023016311616127084,0.39263026634238524,0.2969441800022603,-0.5372581603053169,1.4268345233678794,0.15839293968953336,-0.1694072143905112,1.0826316063591923,-0.20134435456166844,0.03373145690803682,0.44419940514110184,-0.24674377193658037,-0.0,-0.19023825826827429,-0.15333440945947044,0.8482733793847601,-0.3490658503988658,0.023016311616127084,0.39263026634238524,0.2969441800022603,-0.5372581603053169,1.4268345233678794,0.15839293968953336,-0.1694072143905112,1.0826316063591923,-0.20134435456166844,0.03373145690803682,0.44419940514110184,-0.24674377193658037,0.006168945137117448,-0.2589369697729715,-0.12215817332640944,0.7321191516990563,-0.3491801994617513,-0.06704715282788642,0.44049851229099624,0.228086033806897,-0.1607386549038537,0.8342328652004175,0.23147702790521468,-0.11034374662442169,0.9262911394135825,-0.13348855956239025,0.026015850922782996,0.4062217849487065,-0.20345727967672575
446,True,4.46999999999973,0.0,True,True,0.0,False,,-0.0,-0.16499433446264958,-0.13572538785535784,0.8155845459988033,-0.3490658503988658,0.05566936377374909,0.36777690562809456,0.3143198903267357,-0.3907840516423813,1.3970063081083393,0.24355058546826017,-0.1312354675763669,1.0647445625014778,-0.2301170183364295,0.05016764364393383,0.41658365385971474,-0.2567600515339398,-0.0,-0.16499433446264958,-0.13572538785535784,0.8155845459988033,-0.3490658503988658,0.05566936377374909,0.36777690562809456,0.3143198903267357,-0.3907840516423813,1.3970063081083393,0.24355058546826017,-0.1312354675763669,1.0647445625014778,-0.2301170183364295,0.05016764364393383,0.41658365385971474,-0.2567600515339398,0.0032493170766280405,-0.2375431590664589,-0.1299910863412185,0.7551739154570556,-0.349143094560597,-0.0837884283865501,0.44700133839839085,0.24787936669522742,-0.18685326012457165,0.9165326371541972,0.2238593642205048,-0.1210553176586978,0.9624643170597279,-0.14916974900021174,0.02910338193254531,0.4129925182310074,-0.21394304554836321
447,True,4.479999999999729,0.0,True,True,0.0,False,,-0.0,-0.13611847840768337,-0.14443627926340583,0.8136428222044269,-0.3490658503988658,0.06112072896769013,0.36606476114550635,0.31180578125234815,-0.36939444602985955,1.37426176879361,0.2613748640196691,-0.12807322467694646,1.0590434972490461,-0.23281897030988727,0.051201482229741566,0.4115590202570852,-0.2590611168823624,-0.0,-0.13611847840768337,-0.14443627926340583,0.8136428222044269,-0.3490658503988658,0.06112072896769013,0.36606476114550635,0.31180578125234815,-0.36939444602985955,1.37426176879361,0.2613748640196691,-0.12807322467694646,1.0590434972490461,-0.23281897030988727,0.051201482229741566,0.4115590202570852,-0.2590611168823624,-0.0007708508036894028,-0.21826497465612818,-0.13478428167188852,0.7715924289595807,-0.3491223416499372,-0.0909772507534506,0.44848790412937206,0.26354717901684366,-0.20137160504884666,0.9961159221966096,0.2245646282688817,-0.1265459347066769,0.9894273056410937,-0.1649814901386052,0.03295321680864141,0.41586788425059323,-0.22330868046402264
448,True,4.4899999999997275,0.0,True,True,0.0,False,,-0.0,-0.17148379587792908,-0.12298361551612003,0.8225674558031707,-0.3490658503988658,0.0508324477147926,0.36594642239810105,0.325426814323024,-0.40424875516299713,1.385855072719474,0.25162393741929306,-0.13351555812114044,1.067226569264253,-0.236198800487566,0.04376946824919205,0.4098486269694886,-0.2633333427151063,-0.0,-0.17148379587792908,-0.12298361551612003,0.8225674558031707,-0.3490658503988658,0.0508324477147926,0.36594642239810105,0.325426814323024,-0.40424875516299713,1.385855072719474,0.25162393741929306,-0.13351555812114044,1.067226569264253,-0.236198800487566,0.04376946824919205,0.4098486269694886,-0.2633333427151063,-0.005349054587769363,-0.20376290205784028,-0.13651393742266654,0.7840425478072386,-0.3491104089606353,-0.09239046126709459,0.4448717347079362,0.2766808063429592,-0.2130413888447824,1.0691265817675148,0.2285582913410958,-0.12946070279680041,1.0098576123250849,-0.1793797768226967,0.03620006569113142,0.4165702936813968,-0.23155248346223345
449,True,4.499999999999726,0.0,True,True,0.0,False,,-0.0,-0.16306496399519407,-0.12256808800888867,0.8088790093987919,-0.34906585039886584,0.05484893152094982,0.3474817330686952,0.32800397027637795,-0.40434258111250876,1.38113322067389,0.24559901967978595,-0.13903169371791133,1.0572031220947553,-0.22298405664600496,0.041304338863183535,0.41252634440885305,-0.24822883957499142,-0.0,-0.16306496399519407,-0.12256808800888867,0.8088790093987919,-0.34906585039886584,0.05484893152094982,0.3474817330686952,0.32800397027637795,-0.40434258111250876,1.38113322067389,0.24559901967978595,-0.13903169371791133,1.0572031220947553,-0.22298405664600496,0.041304338863183535,0.41252634440885305,-0.24822883957499142,-0.010032976706523445,-0.19361551099654223,-0.13598115026682625,0.7926867542542639,-0.34910429620182265,-0.09151641245478702,0.43751006920720437,0.287987831580721,-0.22342351037996694,1.1319371388665598,0.23260884589674682,-0.13156295820602296,1.0247671290131963,-0.19060580364989352,0.03837203424170895,0.4164398972724614,-0.2373559208368533
450,True,4.509999999999725,0.0,True,True,0.0,False,,-0.0,-0.16680631988969755,-0.10582844054380174,0.792781207225341,-0.3490658503988658,0.05643076414225814,0.3272292644482565,0.3326029711194203,-0.4122735099269768,1.3737787478505188,0.22041403899891251,-0.14051638229620997,1.0444906839155765,-0.22157677725868544,0.0347252123503372,0.40807338397022946,-0.2518514029871555,-0.0,-0.16680631988969755,-0.10582844054380174,0.792781207225341,-0.3490658503988658,0.05643076414225814,0.3272292644482565,0.3326029711194203,-0.4122735099269768,1.3737787478505188,0.22041403899891251,-0.14051638229620997,1.0444906839155765,-0.22157677725868544,0.0347252123503372,0.40807338397022946,-0.2518514029871555,-0.014545206801773741,-0.18641566402485102,-0.13328547164577328,0.7969773204004459,-0.34910125129073477,-0.08964120086461363,0.42684927381329935,0.29768445299675694,-0.23199765840235356,1.1830687706207397,0.2341056324071062,-0.13339998663745906,1.0343305207011066,-0.19860416467264488,0.039336101076167945,0.41576244161321624,-0.24118805587829714
451,True,4.519999999999724,0.0,True,True,0.0,False,,-0.0,-0.17038268500063622,-0.12695594934433962,0.8190708267956123,-0.3490658503988658,0.05308072423322945,0.3382007871311665,0.33625058064571156,-0.4388797858197962,1.3970915968020767,0.21674705926442428,-0.14462360705806113,1.058114367277403,-0.21220009044665922,0.03979438191938249,0.4173554776731116,-0.23839501160520188,-0.0,-0.17038268500063622,-0.12695594934433962,0.8190708267956123,-0.3490658503988658,0.05308072423322945,0.3382007871311665,0.33625058064571156,-0.4388797858197962,1.3970915968020767,0.21674705926442428,-0.14462360705806113,1.058114367277403,-0.21220009044665922,0.03979438191938249,0.4173554776731116,-0.23839501160520188,-0.018220465859925913,-0.18173252974410428,-0.13105318864159607,0.80041309613448,-0.3490986424694619,-0.08978748848473864,0.41669299356085315,0.3060322384073782,-0.23811801903137264,1.2244761114767087,0.23315330837650275,-0.13528053741710297,1.04114022937447,-0.20358384922380904,0.03978152875393936,0.41544122609182865,-0.24292832261317385
452,True,4.529999999999723,0.0,True,True,0.0,False,,-0.0,-0.1643867270244075,-0.09678054372998925,0.7953527795073744,-0.3490658503988658,0.06360590683712002,0.30946974055826454,0.3602702837284249,-0.41975481999731085,1.3932533593991554,0.17313273071041282,-0.13102311838034758,1.0459926843552485,-0.2118227933318423,0.03656091037010636,0.4051064640373304,-0.247639987186342,-0.0,-0.1643867270244075,-0.09678054372998925,0.7953527795073744,-0.3490658503988658,0.06360590683712002,0.30946974055826454,0.3602702837284249,-0.41975481999731085,1.3932533593991554,0.17313273071041282,-0.13102311838034758,1.0459926843552485,-0.2118227933318423,0.03656091037010636,0.4051064640373304,-0.247639987186342,-0.02116050425685217,-0.1783138754956304,-0.1277527816026199,0.8022913951393689,-0.34909607863383607,-0.08761514846715979,0.40544757306127716,0.31490582523189364,-0.24496227717071464,1.2583401288783367,0.22772304155380502,-0.13617088674149874,1.0456060817031108,-0.20637002511681457,0.03993649136666102,0.41476220906845584,-0.2437796179236998
453,True,4.539999999999722,0.0,True,True,0.0,False,,-0.0,-0.13475882725780255,-0.11839824893523451,0.7961580252671747,-0.3490658503988658,0.0748069815515427,0.3172570504672419,0.33556369580071393,-0.3653376882487454,1.3555375514880466,0.24509627103211049,-0.11427068404285472,1.0263244090272678,-0.23379104272894374,0.045740869535126114,0.3701426353307665,-0.26189779852201706,-0.0,-0.13475882725780255,-0.11839824893523451,0.7961580252671747,-0.3490658503988658,0.0748069815515427,0.3172570504672419,0.33556369580071393,-0.3653376882487454,1.3555375514880466,0.24509627103211049,-0.11427068404285472,1.0263244090272678,-0.23379104272894374,0.045740869535126114,0.3701426353307665,-0.26189779852201706,-0.023570562956145607,-0.17327728493543632,-0.12493175675837616,0.8024704397039532,-0.34909293990740575,-0.08136407893653522,0.39398086785911685,0.3219143439828187,-0.2493563545550936,1.2826872870925148,0.22504677234615642,-0.13479671611164423,1.0467243476568255,-0.20964807399791113,0.04047251984455528,0.4109060072498704,-0.24558720169405773
454,True,4.549999999999721,0.0,True,True,0.0,False,,-0.0,-0.1637105105116082,-0.1283816710995964,0.8246866357717698,-0.34906585039886573,0.0569083862336203,0.3476103031172815,0.3341592340510513,-0.3914053810031584,1.383478802722184,0.24063475973807255,-0.12856178846832947,1.0533620019287966,-0.22527010456500351,0.04192875999310367,0.40165941477623845,-0.2483266857042735,-0.0,-0.1637105105116082,-0.1283816710995964,0.8246866357717698,-0.34906585039886573,0.0569083862336203,0.3476103031172815,0.3341592340510513,-0.3914053810031584,1.383478802722184,0.24063475973807255,-0.12856178846832947,1.0533620019287966,-0.22527010456500351,0.04192875999310367,0.40165941477623845,-0.2483266857042735,-0.024844900323362368,-0.16929570747953876,-0.12416521882529433,0.8041482473695962,-0.34908920516614567,-0.07556064198148414,0.3864636039724454,0.32624919255436735,-0.25126274699935225,1.3009442774589512,0.22615247734369529,-0.13305903832345248,1.0475884148818921,-0.21294732154533116,0.04115018962104627,0.4072767174094959,-0.24707994737601172
455,True,4.55999999999972,0.0,True,True,0.0,False,,-0.0,-0.16943284607729706,-0.15137394106136817,0.8389660578384692,-0.34906585039886573,0.05482761720393449,0.3739128938453733,0.3316739095104339,-0.4001482077331541,1.414459732073833,0.21191909560498526,-0.13040921186883647,1.070343312055426,-0.22056568844265326,0.04596801873955221,0.41806954087509796,-0.23691037258807304,-0.0,-0.16943284607729706,-0.15137394106136817,0.8389660578384692,-0.34906585039886573,0.05482761720393449,0.3739128938453733,0.3316739095104339,-0.4001482077331541,1.414459732073833,0.21191909560498526,-0.13040921186883647,1.070343312055426,-0.22056568844265326,0.04596801873955221,0.41806954087509796,-0.23691037258807304,-0.02484679036609936,-0.1676813608657292,-0.12645192288069737,0.8084359106285237,-0.34908511420565413,-0.07174653741834004,0.3841076758170422,0.328734797853801,-0.2533730762937598,1.3184746152579794,0.22624207542771144,-0.13204196487271674,1.0505038417139005,-0.21519109286732793,0.041974051658058974,0.4065365564922928,-0.24694682106297303
456,True,4.569999999999719,0.0,True,True,0.0,False,,-0.0,-0.1619941878540105,-0.10485924299557985,0.8174701350072201,-0.3490658503988658,0.06191822474431918,0.3135562744010306,0.3582302487030775,-0.4172768047315068,1.3828077814255941,0.21959849111345395,-0.13975627903964072,1.0512924528027894,-0.23329092172235122,0.036637399679349494,0.4005824585335734,-0.24725023805814617,-0.0,-0.1619941878540105,-0.10485924299557985,0.8174701350072201,-0.3490658503988658,0.06191822474431918,0.3135562744010306,0.3582302487030775,-0.4172768047315068,1.3828077814255941,0.21959849111345395,-0.13975627903964072,1.0512924528027894,-0.23329092172235122,0.036637399679349494,0.4005824585335734,-0.24725023805814617,-0.02457260695132104,-0.16690782395920312,-0.12706019372530566,0.8121355931206916,-0.349081328214024,-0.06959262943379131,0.38058961787043855,0.3322261429216824,-0.25594555695963184,1.3323948856221763,0.22547180157184923,-0.1321506036548911,1.05310211645361,-0.21755497621729852,0.04227653354645969,0.4063588288929135,-0.24652519018667196
457,True,4.579999999999718,0.0,True,True,0.0,False,,-0.0,-0.17397254883448732,-0.09905896369131431,0.7983209138673159,-0.3490658503988656,0.05938696462601134,0.3108304465048995,0.37532608154654085,-0.4834158977619914,1.4225544086537183,0.10955361940004095,-0.147648062685732,1.0604655954612656,-0.2243004529231961,0.032989496459651046,0.4200203706429319,-0.23796603470017014,-0.0,-0.17397254883448732,-0.09905896369131431,0.7983209138673159,-0.3490658503988656,0.05938696462601134,0.3108304465048995,0.37532608154654085,-0.4834158977619914,1.4225544086537183,0.10955361940004095,-0.147648062685732,1.0604655954612656,-0.2243004529231961,0.032989496459651046,0.4200203706429319,-0.23796603470017014,-0.02409094887646312,-0.16714731127228866,-0.12469433413136667,0.8129339546447439,-0.34907834696137974,-0.07040515938050007,0.3749663551648163,0.33809017154522675,-0.2609176590059757,1.344702850886283,0.2160453285443361,-0.1336382188200768,1.0552380238301513,-0.2194761639299461,0.04173609290291218,0.40722238743006123,-0.24573414596436216
458,True,4.5899999999997165,0.0,True,True,0.0,False,,-0.0,-0.12314425555843138,-0.08280999565583809,0.7312521481743639,-0.3490658503988658,0.08045907112008287,0.26070133925075484,0.3859704295537491,-0.43207573375548675,1.3755944377911533,0.15594738543117478,-0.13501348769547106,1.0233073261404217,-0.23186969496405363,0.035756888086117225,0.37519825524620903,-0.25518724443164637,-0.0,-0.12314425555843138,-0.08280999565583809,0.7312521481743639,-0.3490658503988658,0.08045907112008287,0.26070133925075484,0.3859704295537491,-0.43207573375548675,1.3755944377911533,0.15594738543117478,-0.13501348769547106,1.0233073261404217,-0.23186969496405363,0.035756888086117225,0.37519825524620903,-0.25518724443164637,-0.02385919920360744,-0.16427153653196716,-0.11989266994948126,0.8064832930583973,-0.34907623253333,-0.07093210031938711,0.36513673336738595,0.34574058986177614,-0.2652890205862271,1.3527886043420003,0.20365364688953677,-0.13488901747087761,1.0545197466169818,-0.22121881402202537,0.040950099799209286,0.4057418084376511,-0.24580872499358655
459,True,4.599999999999715,0.0,True,True,0.0,False,,-0.0,-0.1614218623045055,-0.1792133276262197,0.8364112024059264,-0.34906585039886573,0.049836357218494096,0.3638900065285775,0.35943890653449595,-0.45428548421742726,1.4402073832678848,0.12767779731265244,-0.14309270567891327,1.067850903433762,-0.19463859385762533,0.03920232121400273,0.436660841858886,-0.22790371624515518,-0.0,-0.1614218623045055,-0.1792133276262197,0.8364112024059264,-0.34906585039886573,0.049836357218494096,0.3638900065285775,0.35943890653449595,-0.45428548421742726,1.4402073832678848,0.12767779731265244,-0.14309270567891327,1.067850903433762,-0.19463859385762533,0.03920232121400273,0.436660841858886,-0.22790371624515518,-0.02274403969849196,-0.16155949905355851,-0.121454428741967,0.8034131712041188,-0.3490720608324516,-0.07174858692097058,0.35999897220829524,0.35145799835470787,-0.2697022682362417,1.3619599514343472,0.19102472718834368,-0.13602714312267156,1.054648125627791,-0.22015138798155326,0.04050485049934398,0.4064787154956793,-0.2448123589106498
460,True,4.609999999999714,0.0,True,True,0.0,False,,-0.0,-0.16243729489992223,-0.12122659467350028,0.7966757075403562,-0.34906585039886573,0.05584176531507496,0.3293815207696997,0.3330949271924083,-0.476096429319876,1.3967700298418226,0.17126481690166295,-0.1496186567285683,1.0502333547515919,-0.19101172723530677,0.03580630861753445,0.42776232161362865,-0.23723880543173734,-0.0,-0.16243729489992223,-0.12122659467350028,0.7966757075403562,-0.34906585039886573,0.05584176531507496,0.3293815207696997,0.3330949271924083,-0.476096429319876,1.3967700298418226,0.17126481690166295,-0.1496186567285683,1.0502333547515919,-0.19101172723530677,0.03580630861753445,0.42776232161362865,-0.23723880543173734,-0.02135809064373523,-0.16070539351484997,-0.12458833876939449,0.8030680697290283,-0.3490677302903667,-0.07383358494177084,0.35802378067041923,0.35271537331129893,-0.27522548095134547,1.3702984945318257,0.18214784260736439,-0.1377914136617748,1.0553846839000454,-0.21639170224199683,0.04012392429607621,0.40963841149103875,-0.24322774661928037
461,True,4.619999999999713,0.0,True,True,0.0,False,,-0.0,-0.18817845547410036,-0.14278953949038162,0.8300146316375492,-0.3490658503988658,0.041370486583430136,0.35308397510966005,0.32833996286410366,-0.4620872244881075,1.4127651474749328,0.16922037500655132,-0.15065718185076232,1.0622502225887316,-0.19045924679797466,0.0350022390751207,0.42625144684978333,-0.23122054078805843,-0.0,-0.18817845547410036,-0.14278953949038162,0.8300146316375492,-0.3490658503988658,0.041370486583430136,0.35308397510966005,0.32833996286410366,-0.4620872244881075,1.4127651474749328,0.16922037500655132,-0.15065718185076232,1.0622502225887316,-0.19045924679797466,0.0350022390751207,0.42625144684978333,-0.23122054078805843,-0.020012731754790857,-0.16273967043683812,-0.12743602530328524,0.8049250729552275,-0.3490635525242171,-0.07670906832379737,0.3575224645797368,0.35067161321016904,-0.28096543964977677,1.3774035985735262,0.17734932154269129,-0.1399492927851179,1.0565467365239516,-0.21180674871832306,0.039640780392258136,0.41298199876319436,-0.24146183346585
462,True,4.629999999999712,0.0,True,True,0.0,False,,-0.0,-0.14939443736427183,-0.1372809839944597,0.831497596057634,-0.34885846187451297,0.06305736049319678,0.3433322706056825,0.30519285583082406,-0.3210606285152865,1.3424366995576191,0.3121017096477788,-0.12793972518056312,1.0241685669885412,-0.19811820527825952,0.034081983374039435,0.35769441016100684,-0.23674861988340476,-0.0,-0.14939443736427183,-0.1372809839944597,0.831497596057634,-0.34885846187451297,0.06305736049319678,0.3433322706056825,0.30519285583082406,-0.3210606285152865,1.3424366995576191,0.3121017096477788,-0.12793972518056312,1.0241685669885412,-0.19811820527825952,0.034081983374039435,0.35769441016100684,-0.23674861988340476,-0.01928038697998078,-0.16379352784157147,-0.13026004280327427,0.8087659266479204,-0.34905710509973187,-0.07692192464354128,0.35548839428048856,0.3455490533042178,-0.2819864662019817,1.3808093930269636,0.18588287876119844,-0.14042947127654223,1.055377947555003,-0.20798278379953045,0.039054473033074355,0.410741116111865,-0.23998303308408145
463,True,4.639999999999711,0.0,True,True,0.0,False,,-0.0,-0.15875844641660553,-0.12801918241018762,0.8229902775551536,-0.34900635021573756,0.05314875017913931,0.34189322005498496,0.29867801512393694,-0.3712884328898763,1.3585079634760147,0.2858083910300894,-0.13315520192652244,1.025153372771617,-0.1789956334822156,0.026446381986922472,0.3589392868419387,-0.24050598719213812,-0.0,-0.15875844641660553,-0.12801918241018762,0.8229902775551536,-0.34900635021573756,0.05314875017913931,0.34189322005498496,0.29867801512393694,-0.3712884328898763,1.3585079634760147,0.2858083910300894,-0.13315520192652244,1.025153372771617,-0.1789956334822156,0.026446381986922472,0.3589392868419387,-0.24050598719213812,-0.018958251837358213,-0.16358313341582806,-0.1318244051540599,0.8123698370905009,-0.3490508992986732,-0.07577180543422649,0.3520849520176656,0.33837215722751063,-0.2806084730995511,1.3814939354563844,0.20221168901724712,-0.13971488098652388,1.0520272510475235,-0.20370735276985105,0.03789065829001599,0.40396604288675264,-0.23926721420321526
464,True,4.64999999999971,0.0,True,True,0.0,False,,-0.0,-0.1493654313408058,-0.12182814848126475,0.8251728629608649,-0.3490361425286566,0.062228440369599486,0.32520503310523907,0.3124373356208124,-0.36209590534436487,1.3735370953352743,0.23153730229710953,-0.13154499105640058,1.0293563231441025,-0.18435720261908864,0.03385388220071915,0.37926624538569625,-0.23454330025196912,-0.0,-0.1493654313408058,-0.12182814848126475,0.8251728629608649,-0.3490361425286566,0.062228440369599486,0.32520503310523907,0.3124373356208124,-0.36209590534436487,1.3735370953352743,0.23153730229710953,-0.13154499105640058,1.0293563231441025,-0.18435720261908864,0.03385388220071915,0.37926624538569625,-0.23454330025196912,-0.018662367847763185,-0.1625117748971531,-0.13194818207524758,0.8152992594534706,-0.3490456311975354,-0.07403580048107862,0.3478524275506885,0.3320412486966729,-0.2786070712935081,1.38205604225103,0.21446097646797657,-0.13864770040186186,1.04851353518227,-0.19944946248056183,0.0368813133265976,0.3976967618336836,-0.23867711349118367
465,True,4.659999999999709,0.0,True,True,0.0,False,,-0.0,-0.17221889104307228,-0.1399836274555396,0.8212115008950869,-0.3490527469312704,0.04937934837755952,0.33238273099967486,0.33632247558486994,-0.4538020690073571,1.4116670217421605,0.16457087905340756,-0.15429795246829323,1.0443916215073363,-0.20399503404964456,0.04002898155970468,0.4021797902471603,-0.23344939007414472,-0.0,-0.17221889104307228,-0.1399836274555396,0.8212115008950869,-0.3490527469312704,0.04937934837755952,0.33238273099967486,0.33632247558486994,-0.4538020690073571,1.4116670217421605,0.16457087905340756,-0.15429795246829323,1.0443916215073363,-0.20399503404964456,0.04002898155970468,0.4021797902471603,-0.23344939007414472,-0.018008833933815745,-0.16250664073150242,-0.1325591649493646,0.8174345180998399,-0.3490417051743988,-0.07378550586495589,0.3449197331309315,0.3291114819687558,-0.2791363612472636,1.384715787588863,0.21630650096562135,-0.13913390691126096,1.0466125317969104,-0.19738641220026532,0.036723466054995865,0.3948358263168318,-0.23794641877407363
466,True,4.669999999999708,0.0,True,True,0.0,False,,-0.0,-0.1673235829797609,-0.08705912249543032,0.7991829028756715,-0.3490602072321835,0.05940654257830172,0.2736132068245757,0.34385472996407057,-0.48439065813602894,1.3733671204471045,0.1737390208286445,-0.1502759250079147,1.0277591268372561,-0.20879798960959498,0.023014215369622427,0.392805452584146,-0.23937636019556763,-0.0,-0.1673235829797609,-0.08705912249543032,0.7991829028756715,-0.3490602072321835,0.05940654257830172,0.2736132068245757,0.34385472996407057,-0.48439065813602894,1.3733671204471045,0.1737390208286445,-0.1502759250079147,1.0277591268372561,-0.20879798960959498,0.023014215369622427,0.392805452584146,-0.23937636019556763,-0.01756588214462011,-0.16341537233667922,-0.12991851607028204,0.8171834745683705,-0.3490386326078763,-0.0754323561574045,0.3394749705321849,0.3294124677175729,-0.28272378167185425,1.3856349401781494,0.21194304800408012,-0.14074604524125242,1.0448988473515302,-0.19754591611848432,0.035936221277302345,0.39388337652520383,-0.23758588380109177
467,True,4.679999999999707,0.0,True,True,0.0,False,,-0.0,-0.14862168411616009,-0.1315825856625794,0.8162562340810592,-0.3490641152817746,0.06920395607126771,0.2592547402034344,0.4125410288791776,-0.45454315395612943,1.4127761477587728,0.17126209749039115,-0.14466544708652246,1.0429982285671002,-0.229924426960172,0.04516039572601424,0.3762916898146248,-0.21962611411203162,-0.0,-0.14862168411616009,-0.1315825856625794,0.8162562340810592,-0.3490641152817746,0.06920395607126771,0.2592547402034344,0.4125410288791776,-0.45454315395612943,1.4127761477587728,0.17126209749039115,-0.14466544708652246,1.0429982285671002,-0.229924426960172,0.04516039572601424,0.3762916898146248,-0.21962611411203162,-0.017197804910927022,-0.16303419564305408,-0.12765638356320635,0.8164564394388829,-0.34903503172594524,-0.07668846563721647,0.33093903235742944,0.33668712406106993,-0.2861910543437384,1.3864617438279565,0.2057129532017558,-0.1420782894365617,1.0439663278361995,-0.20044115384983027,0.03594658777954665,0.3922461627593765,-0.23610200708941123
468,True,4.6899999999997055,0.0,True,True,0.0,False,,-0.0,-0.14862168411616009,-0.1315825856625794,0.8162562340810592,-0.3490641152817746,0.06920395607126771,0.2592547402034344,0.4125410288791776,-0.45454315395612943,1.4127761477587728,0.17126209749039115,-0.14466544708652246,1.0429982285671002,-0.229924426960172,0.04516039572601424,0.3762916898146248,-0.21962611411203162,-0.0,-0.14862168411616009,-0.1315825856625794,0.8162562340810592,-0.3490641152817746,0.06920395607126771,0.2592547402034344,0.4125410288791776,-0.45454315395612943,1.4127761477587728,0.17126209749039115,-0.14466544708652246,1.0429982285671002,-0.229924426960172,0.04516039572601424,0.3762916898146248,-0.21962611411203162,-0.016761493631918725,-0.16148302348490637,-0.1274806943743254,0.8162091915585028,-0.34903118916894554,-0.07717455283722253,0.3216267799200034,0.34856354380120047,-0.2887042486043083,1.3885293756376385,0.1993533455398921,-0.14292926009744003,1.0440013113615167,-0.20491855971679704,0.03709569253743734,0.38989026114311165,-0.23361226501748664
469,True,4.699999999999704,0.0,True,True,0.0,False,,-0.0,-0.18676728381356908,-0.2015760713031988,0.8734014206618635,-0.3490653908974311,0.054673748023496734,0.4399512504022557,0.2684076835756794,-0.23130382300160754,1.3797705928571027,0.20418217231580021,-0.11811183899376163,1.1100008353105795,-0.16556514301051853,0.05345103601994819,0.4653595042882225,-0.2089801706943227,-0.0,-0.18676728381356908,-0.2015760713031988,0.8734014206618635,-0.3490653908974311,0.054673748023496734,0.4399512504022557,0.2684076835756794,-0.23130382300160754,1.3797705928571027,0.20418217231580021,-0.11811183899376163,1.1100008353105795,-0.16556514301051853,0.05345103601994819,0.4653595042882225,-0.2089801706943227,-0.01536037817704662,-0.1625198107641148,-0.13361317911158144,0.8206966784079298,-0.34902687205440264,-0.07498978773151266,0.32294873169715554,0.3495295250933873,-0.28323177646086695,1.3924981083755414,0.19620288870411065,-0.14154473053885264,1.0494911324656309,-0.20456232256601387,0.03924794317874017,0.39432519971504676,-0.2302308912367842
470,True,4.709999999999703,0.0,True,True,0.0,False,,-0.0,-0.18676728381356908,-0.2015760713031988,0.8734014206618635,-0.3490653908974311,0.054673748023496734,0.4399512504022557,0.2684076835756794,-0.23130382300160754,1.3797705928571027,0.20418217231580021,-0.11811183899376163,1.1100008353105795,-0.16556514301051853,0.05345103601994819,0.4653595042882225,-0.2089801706943227,-0.0,-0.18676728381356908,-0.2015760713031988,0.8734014206618635,-0.3490653908974311,0.054673748023496734,0.4399512504022557,0.2684076835756794,-0.23130382300160754,1.3797705928571027,0.20418217231580021,-0.11811183899376163,1.1100008353105795,-0.16556514301051853,0.05345103601994819,0.4653595042882225,-0.2089801706943227,-0.013612569608351182,-0.16591775869041425,-0.144296222839833,0.8287889214386202,-0.3490226955949851,-0.07030189893467027,0.33345372748629665,0.3404463618030838,-0.2714281631422224,1.3974143702184891,0.1959599826958178,-0.13839984816196269,1.0591716672940508,-0.19983278505556853,0.04188872059616117,0.4044050734230752,-0.22646655147353653
471,True,4.719999999999702,0.20945848535260642,False,True,0.0,False,,-0.0,-0.21500865304314296,0.017896027359856157,0.3758406816061245,-0.3490658503988659,0.0005796593648365114,0.44828542764666024,0.03290393929706148,0.0482246750994956,0.49998121714070254,0.19265440618774127,-0.015550943384082513,0.581652643086268,0.007377909409642919,-0.028536095986882323,0.31940705381560314,-0.11640983634784147,-0.0,-0.21500865304314296,0.017896027359856157,0.3758406816061245,-0.3490658503988659,0.0005796593648365114,0.44828542764666024,0.03290393929706148,0.0482246750994956,0.49998121714070254,0.19265440618774127,-0.015550943384082513,0.581652643086268,0.007377909409642919,-0.028536095986882323,0.31940705381560314,-0.11640983634784147,-0.01553827709298506,-0.17150012109576362,-0.13965305431668507,0.7988416745902421,-0.34885543762055093,-0.06857689501620476,0.347295788553605,0.3097877998038564,-0.23725429200963621,1.3650027595332037,0.19647444688640844,-0.1271186942460331,1.0293420673542406,-0.17978812468112462,0.03831098836750333,0.4042290807889898,-0.21561934411019887
472,True,4.729999999999701,1.0027501089040163,False,True,0.0,False,,-0.0,-0.21500865304314296,0.017896027359856157,0.3758406816061245,-0.3490658503988659,0.0005796593648365114,0.44828542764666024,0.03290393929706148,0.0482246750994956,0.49998121714070254,0.19265440618774127,-0.015550943384082513,0.581652643086268,0.007377909409642919,-0.028536095986882323,0.31940705381560314,-0.11640983634784147,-0.0,-0.21500865304314296,0.017896027359856157,0.3758406816061245,-0.3490658503988659,0.0005796593648365114,0.44828542764666024,0.03290393929706148,0.0482246750994956,0.49998121714070254,0.19265440618774127,-0.015550943384082513,0.581652643086268,0.007377909409642919,-0.028536095986882323,0.31940705381560314,-0.11640983634784147,-0.01972128404802634,-0.1786198961931334,-0.12173071276111255,0.7376057177891675,-0.34871788049530994,-0.06223565575880772,0.3640519335325362,0.2649349686852026,-0.18976217772583634,1.2952389764642511,0.19674938772233827,-0.10981491554756953,0.9663364772764719,-0.14932305520304556,0.029449665676104304,0.39441299297548416,-0.19958218805192254
473,True,4.7399999999997,1.7407383109725945,False,True,0.0,False,,-0.0,-0.21500865304314296,0.017896027359856157,0.3758406816061245,-0.3490658503988659,0.0005796593648365114,0.44828542764666024,0.03290393929706148,0.0482246750994956,0.49998121714070254,0.19265440618774127,-0.015550943384082513,0.581652643086268,0.007377909409642919,-0.028536095986882323,0.31940705381560314,-0.11640983634784147,-0.0,-0.21500865304314296,0.017896027359856157,0.3758406816061245,-0.3490658503988659,0.0005796593648365114,0.44828542764666024,0.03290393929706148,0.0482246750994956,0.49998121714070254,0.19265440618774127,-0.015550943384082513,0.581652643086268,0.007377909409642919,-0.028536095986882323,0.31940705381560314,-0.11640983634784147,-0.0236466227930954,-0.18590477087698237,-0.10069976083710923,0.6705525859552943,-0.34866718276906566,-0.052610357744378285,0.3808548435156951,0.21968982614739346,-0.14296410705100193,1.2088853463331855,0.1967598981954558,-0.09191534058001298,0.8965617137253937,-0.11847837145039075,0.019346547120341687,0.3818915269622018,-0.18334466203389196
474,True,4.749999999999699,2.431075210128804,False,True,0.0,False,,-0.0,-0.5770862961550092,0.04591143911938471,0.5917872172835672,-0.3490658503988659,-0.017297443331142408,0.512094167625413,-0.011828869929132138,0.07755128858438162,0.46787557231180366,0.13709537152893925,0.02245263972152238,0.6197890168093001,-0.10732982532758374,-0.01644291823168728,0.36571174728022443,-0.1377387964372348,-0.0,-0.5770862961550092,0.04591143911938471,0.5917872172835672,-0.3490658503988659,-0.017297443331142408,0.512094167625413,-0.011828869929132138,0.07755128858438162,0.46787557231180366,0.13709537152893925,0.02245263972152238,0.6197890168093001,-0.10732982532758374,-0.01644291823168728,0.36571174728022443,-0.1377387964372348,-0.025869764050210364,-0.2207520583310524,-0.0807027471000274,0.6261229693043567,-0.3486516774891052,-0.043965080236363877,0.4007334035155072,0.17606703858676132,-0.09960874572578138,1.1155828623321022,0.19220899390227775,-0.07290876784784638,0.8349063940010173,-0.10027761694265051,0.010764757396902483,0.3733570160213616,-0.17065004988563076
475,True,4.759999999999698,2.779063849966993,False,True,0.0,False,,-0.0,-0.5706146398984554,0.031093740657451234,0.5685993133184256,-0.3490658503988659,0.003099195528125858,0.4651397825767202,0.034662332174936014,0.09063127930319394,0.4443131959682074,0.19205921048159622,0.010758898246965005,0.624970703862165,-0.09778016028837681,0.0033180134513045648,0.3450864788740018,-0.12166437376963496,-0.0,-0.5706146398984554,0.031093740657451234,0.5685993133184256,-0.3490658503988659,0.003099195528125858,0.4651397825767202,0.034662332174936014,0.09063127930319394,0.4443131959682074,0.19205921048159622,0.010758898246965005,0.624970703862165,-0.09778016028837681,0.0033180134513045648,0.3450864788740018,-0.12166437376963496,-0.026654038959443595,-0.27632092022331156,-0.06357183695447322,0.602450417683585,-0.3486519202787971,-0.03585185702865341,0.41838158847800844,0.1402094124609581,-0.06051268977355778,1.0191893358628377,0.18841304325350633,-0.054976903229955736,0.785413392480069,-0.09304243664412952,0.005714073758252944,0.36761142945812647,-0.16042559017521818
476,True,4.769999999999697,2.572602728724112,False,True,0.0,False,,-0.0,-0.5527587649724558,0.02480818749453321,0.5532355395838987,-0.3490658503988659,-0.006593422544990001,0.4591915618915818,0.04684808670256623,0.08319864987682568,0.4471254795226642,0.21975786296744332,-0.0023661972884676565,0.6291249534405141,-0.07862662846180675,0.004941423200016233,0.34269756659421197,-0.10258285540165486,-0.0,-0.5527587649724558,0.02480818749453321,0.5532355395838987,-0.3490658503988659,-0.006593422544990001,0.4591915618915818,0.04684808670256623,0.08319864987682568,0.4471254795226642,0.21975786296744332,-0.0023661972884676565,0.6291249534405141,-0.07862662846180675,0.004941423200016233,0.34269756659421197,-0.10258285540165486,-0.0264883525081455,-0.3323193135335996,-0.04978633539018787,0.5876529104258794,-0.34867723597638295,-0.028819164072330622,0.4307876058325354,0.11447338509482054,-0.027666901357457467,0.9214094545729531,0.18958320897110514,-0.040890007587517915,0.7470663850387942,-0.08922336231911296,0.0035794352025576254,0.36266941430485705,-0.1502680614986086
477,True,4.779999999999696,2.338011370605081,False,True,0.0,False,,-0.0,-0.5099336339859131,0.03358648727600744,0.5138754153335368,-0.3490658503988659,-0.010776647916744753,0.4360032688832355,0.06174603944734046,0.08219958199481314,0.41707024642761453,0.24661062353898533,-0.007524348906621288,0.6045246230240364,-0.04312913388942585,0.0033748301485573453,0.32397026884848157,-0.10109905078414273,-0.0,-0.5099336339859131,0.03358648727600744,0.5138754153335368,-0.3490658503988659,-0.010776647916744753,0.4360032688832355,0.06174603944734046,0.08219958199481314,0.41707024642761453,0.24661062353898533,-0.007524348906621288,0.6045246230240364,-0.04312913388942585,0.0033748301485573453,0.32397026884848157,-0.10109905078414273,-0.025731158238210323,-0.3779497009513907,-0.03905502647878648,0.5744055810724153,-0.34872004909950893,-0.023703647962447096,0.43756485711693044,0.09749280085435025,-0.0014571781120378685,0.8249816385795797,0.19576013315148807,-0.030879955687937617,0.716007162267699,-0.08368969055991826,0.0028079728009364653,0.35708409138360986,-0.1404658555345633
478,True,4.7899999999996945,2.0711038552584657,False,True,0.0,False,,-0.0,-0.4901641934280052,0.023337843830681448,0.5164867101580609,-0.3490658503988659,-0.004770795456576383,0.42324148591623445,0.0782254461993257,0.08513049313021931,0.41375619453578255,0.25651949871835594,-0.010262393860950377,0.6010331838990558,-0.02084086930292878,0.006759375706164378,0.3136959262566864,-0.09206038405603578,-0.0,-0.4901641934280052,0.023337843830681448,0.5164867101580609,-0.3490658503988659,-0.004770795456576383,0.42324148591623445,0.0782254461993257,0.08513049313021931,0.41375619453578255,0.25651949871835594,-0.010262393860950377,0.6010331838990558,-0.02084086930292878,0.006759375706164378,0.3136959262566864,-0.09206038405603578,-0.024232444447894085,-0.41085763685698423,-0.030861800555104617,0.5619898302579176,-0.348772942148604,-0.019700686351352952,0.4394513425820358,0.08791384048327977,0.01924436608078026,0.7380054547345688,0.20495410189136123,-0.024125857660551402,0.6903664074976538,-0.07496396280488074,0.0028907189817061205,0.3503786900225038,-0.1311817044514164
479,True,4.799999999999693,1.783848924989747,False,True,0.0,False,,-0.0,-0.5111564843672024,0.00879610327469363,0.5338179695596118,-0.3490658503988659,-0.01050333618043752,0.4029658632795963,0.09088382773498947,0.07294420876361646,0.41211294465587023,0.2565784934903624,-0.02480581791813881,0.6073393571360945,-0.024369053465829585,0.00019053455691834045,0.33205508355617347,-0.09454088510272696,-0.0,-0.5111564843672024,0.00879610327469363,0.5338179695596118,-0.3490658503988659,-0.01050333618043752,0.4029658632795963,0.09088382773498947,0.07294420876361646,0.41211294465587023,0.2565784934903624,-0.02480581791813881,0.6073393571360945,-0.024369053465829585,0.00019053455691834045,0.33205508355617347,-0.09454088510272696,-0.021913593457584854,-0.4355892345869052,-0.024616984166622533,0.5528805089283972,-0.34881579736511625,-0.016825847302692494,0.4370935404717172,0.08400252851937572,0.03454537304914098,0.6646428795520276,0.21462722710208415,-0.02069344059982055,0.670302681678614,-0.06539082241674113,0.003045778158190528,0.3450016547416004,-0.12306813851651677
480,True,4.809999999999692,1.503071382512427,False,True,0.0,False,,-0.0,-0.49137443916771917,-0.0017605049770412688,0.5419778761107221,-0.3490658503988659,-0.015334553836752803,0.40285572458654584,0.0877168222597064,0.07016723665926963,0.399798229558053,0.263939308653685,-0.029461970666835136,0.5917830443510455,-0.023458545455030854,0.002942952000473927,0.30638231416800926,-0.08323099530382655,-0.0,-0.49137443916771917,-0.0017605049770412688,0.5419778761107221,-0.3490658503988659,-0.015334553836752803,0.40285572458654584,0.0877168222597064,0.07016723665926963,0.399798229558053,0.263939308653685,-0.029461970666835136,0.5917830443510455,-0.023458545455030854,0.002942952000473927,0.30638231416800926,-0.08323099530382655,-0.01912941290807267,-0.45334951512664207,-0.020006248398773723,0.5475003563753374,-0.3488476760094903,-0.01532772888110788,0.43243454001084275,0.0830107961268181,0.04520625352015623,0.6043299767106913,0.22393808524531988,-0.01988841543627429,0.6539245411152206,-0.05664894281057588,0.0031283210107449096,0.33949324707483,-0.11557478381751563
481,True,4.819999999999691,1.2419822181048086,False,True,0.0,False,,-0.0,-0.45960966625059757,0.024412735941974607,0.5381208575965483,-0.3490658503988659,-0.008990231924072107,0.38223168063952384,0.09314782229734843,0.08935075785376616,0.37229731044780306,0.2910310049103444,-0.01359440957559542,0.5525694452844423,0.015520558172195349,0.007582808800309415,0.2715806700401994,-0.08192102987972309,-0.0,-0.45960966625059757,0.024412735941974607,0.5381208575965483,-0.3490658503988659,-0.008990231924072107,0.38223168063952384,0.09314782229734843,0.08935075785376616,0.37229731044780306,0.2910310049103444,-0.01359440957559542,0.5525694452844423,0.015520558172195349,0.007582808800309415,0.2715806700401994,-0.08192102987972309,-0.016447007267122626,-0.4629316993028672,-0.016511878157659417,0.5442740154487496,-0.34886904071202907,-0.014296969665387481,0.42572250046476634,0.08360618086522913,0.05401559830180216,0.5537578830555198,0.2344518088132233,-0.019381490224105104,0.6373311677328501,-0.0461319530707769,0.0035695900289461836,0.3308743780373255,-0.1086540809881812
482,True,4.82999999999969,1.0062826676003436,False,True,0.0,False,,-0.0,-0.46087062419121216,0.015352396828968244,0.5427881340810791,-0.3490658503988659,-0.009347396469831914,0.39698874100929676,0.08197389138365084,0.09173070372735373,0.3921734505459381,0.28445761075135334,-0.012494594787492656,0.5524787272798444,0.04723524067950813,0.012079230658951404,0.2848814973836957,-0.08086752578145594,-0.0,-0.46087062419121216,0.015352396828968244,0.5427881340810791,-0.3490658503988659,-0.009347396469831914,0.39698874100929676,0.08197389138365084,0.09173070372735373,0.3921734505459381,0.28445761075135334,-0.012494594787492656,0.5524787272798444,0.04723524067950813,0.012079230658951404,0.2848814973836957,-0.08086752578145594,-0.013672849714110853,-0.46690410058735077,-0.013784121931978597,0.5425703752684791,-0.34887809024226357,-0.013375420667153347,0.41928885848961195,0.08415847791030132,0.06195124547649988,0.513535906434518,0.24473787275760245,-0.018423706293071017,0.6210306741641494,-0.03213387050851575,0.004630891492518191,0.3216549473898234,-0.10266944769101814
483,True,4.839999999999689,0.8015262276207891,False,True,0.0,False,,-0.0,-0.44665137943008976,0.006577743477518544,0.5431125119520742,-0.3490658503988659,-0.003701313822878076,0.38497085563636496,0.08875052245192457,0.09609152561243486,0.3777353658149878,0.29934797106344785,-0.01065170319993055,0.5356633126179645,0.06589368043911989,0.010974948800842446,0.26629614537836166,-0.07338886654921455,-0.0,-0.44665137943008976,0.006577743477518544,0.5431125119520742,-0.3490658503988659,-0.003701313822878076,0.38497085563636496,0.08875052245192457,0.09609152561243486,0.3777353658149878,0.29934797106344785,-0.01065170319993055,0.5356633126179645,0.06589368043911989,0.010974948800842446,0.26629614537836166,-0.07338886654921455,-0.010991056317864137,-0.4671128539729932,-0.011646456830381333,0.5418951170434156,-0.3488822145986823,-0.01219506453093806,0.4133234932995425,0.0846840412248541,0.0690508634262807,0.481889028353661,0.2546601890526164,-0.017199212390406393,0.6054069698722638,-0.015684082014708757,0.005922969866268584,0.312298811948462,-0.09714318874941508
484,True,4.849999999999688,0.6265801002463988,False,True,0.0,False,,-0.0,-0.4683292054698083,-0.0007696396727850836,0.557473427616897,-0.3490658503988659,-0.00893740989940155,0.39407571258310303,0.08420613691699767,0.09548946496548863,0.3868512625080867,0.29969917358133263,-0.011586608719568318,0.5470131517376967,0.07111392985968713,0.012568735147891892,0.27971032890380776,-0.0721074455984841,-0.0,-0.4683292054698083,-0.0007696396727850836,0.557473427616897,-0.3490658503988659,-0.00893740989940155,0.39407571258310303,0.08420613691699767,0.09548946496548863,0.3868512625080867,0.29969917358133263,-0.011586608719568318,0.5470131517376967,0.07111392985968713,0.012568735147891892,0.27971032890380776,-0.0721074455984841,-0.00838765676894228,-0.4668059044467563,-0.010014246770129541,0.5428308873547143,-0.34888509526000616,-0.011210260231170697,0.4084763665650999,0.08504661654640559,0.07512983288704123,0.4576134263446541,0.2638847461112184,-0.01599169205939665,0.5920814613555464,0.000936848230458693,0.007249394974786746,0.30427996110806776,-0.09207880208795938
485,True,4.859999999999687,0.4550671532384938,False,True,0.0,False,,-0.0,-0.48249522035205356,0.022271730865026793,0.5379173828973169,-0.3490658503988659,-0.013668910848820956,0.3763305199267084,0.08181963769741289,0.09022506711288895,0.3773672389617878,0.3001377022783712,-0.024463072353388488,0.5438223041261038,0.07015223292061086,-3.495340905733564e-05,0.2806819374750591,-0.07203578493045039,-0.0,-0.48249522035205356,0.022271730865026793,0.5379173828973169,-0.3490658503988659,-0.013668910848820956,0.3763305199267084,0.08181963769741289,0.09022506711288895,0.3773672389617878,0.3001377022783712,-0.024463072353388488,0.5438223041261038,0.07015223292061086,-3.495340905733564e-05,0.2806819374750591,-0.07203578493045039,-0.006074313405067137,-0.46815380373860777,-0.009027913644989194,0.5434656448619046,-0.34888875741644215,-0.010888580881223665,0.40362348327831904,0.08500292313535947,0.07969086992984693,0.4388226535112208,0.2718098011575349,-0.015833684308399723,0.5814212363750423,0.01579403111063804,0.007632814526679601,0.29830930847748693,-0.0877517584372104
486,True,4.869999999999686,0.29891792652328253,False,True,0.0,False,,-0.0,-0.47871086768891385,0.025033146061250847,0.5391244572836607,-0.3490658503988659,-0.008255113754265037,0.3493454441337459,0.09223335554839995,0.09363024340987819,0.3550852581001131,0.3075148115950818,-0.019686971661387505,0.5283372688149367,0.08142274309164257,0.001984707443709038,0.2621595496684266,-0.07318904602052916,-0.0,-0.47871086768891385,0.025033146061250847,0.5391244572836607,-0.3490658503988659,-0.008255113754265037,0.3493454441337459,0.09223335554839995,0.09363024340987819,0.3550852581001131,0.3075148115950818,-0.019686971661387505,0.5283372688149367,0.08142274309164257,0.001984707443709038,0.2621595496684266,-0.07318904602052916,-0.00442920433727496,-0.470274127346134,-0.008765042735018054,0.5432691252934387,-0.3488925027179261,-0.010698915735235208,0.3965441319987899,0.08546920060141558,0.0831407432436928,0.4224021779544735,0.27890418095052455,-0.016247319725080162,0.5717704790703504,0.02905614613808963,0.007273316618961544,0.29246950356693624,-0.08430663322895665
487,True,4.879999999999685,0.15748818185782634,False,True,0.0,False,,-0.0,-0.4653993109552665,0.0481260336371899,0.5202856071980001,-0.3490658503988659,0.008546566606477509,0.3082999055485296,0.10484976424389812,0.1018020158345951,0.322287944537117,0.3339467492090066,-0.016177475062643804,0.5005942413252475,0.10173829275676063,0.004350908607210992,0.25121581929712816,-0.0840137570730648,-0.0,-0.4653993109552665,0.0481260336371899,0.5202856071980001,-0.3490658503988659,0.008546566606477509,0.3082999055485296,0.10484976424389812,0.1018020158345951,0.322287944537117,0.3339467492090066,-0.016177475062643804,0.5005942413252475,0.10173829275676063,0.004350908607210992,0.25121581929712816,-0.0840137570730648,-0.003644416466217332,-0.4713638164767259,-0.00882123804074336,0.5413046538912518,-0.3488961304897541,-0.009176132727609832,0.38515066919572416,0.08746186342908105,0.08644870971567048,0.40548239950183335,0.28722467665478324,-0.016495496023098452,0.5609273075513602,0.042174950975856926,0.0068806530955649895,0.2858022597467146,-0.08248991719011513
488,True,4.8899999999996835,0.03789364315549686,False,True,0.0,False,,-0.0,-0.44593345800387396,0.01949650174344325,0.5250248329131795,-0.3490658503988659,0.009945584052568495,0.340123640121472,0.10567164383674851,0.10726921193094564,0.3329983804661689,0.34488610077655885,-0.008490419392387807,0.5004554833448076,0.12711821629729753,0.009537089646755944,0.24008369190220819,-0.06644480227541372,-0.0,-0.44593345800387396,0.01949650174344325,0.5250248329131795,-0.3490658503988659,0.009945584052568495,0.340123640121472,0.10567164383674851,0.10726921193094564,0.3329983804661689,0.34488610077655885,-0.008490419392387807,0.5004554833448076,0.12711821629729753,0.009537089646755944,0.24008369190220819,-0.06644480227541372,-0.0031851908090756525,-0.4699637336607909,-0.008981062246516236,0.5384521085217001,-0.34889883998451143,-0.006517237957053303,0.37415995083093145,0.09034439703676639,0.09003737308822002,0.3898835153793927,0.2969338193634931,-0.01599073215109032,0.5497792367926204,0.05647929254856347,0.006930154787633696,0.27829697484111826,-0.08056447767303188
489,True,4.899999999999682,0.0,True,True,0.0,False,,-0.0,-0.49592818589799625,0.026371518648475416,0.5470165969266417,-0.3490658503988659,-0.002221715406882867,0.35297248087382144,0.11975784293524254,0.0935634949520616,0.3477789314758454,0.3439339118478691,-0.02172487774175056,0.5276512365974195,0.11713026416267554,0.0009173539940712499,0.2640114744347885,-0.060229019437516705,-0.0,-0.49592818589799625,0.026371518648475416,0.5470165969266417,-0.3490658503988659,-0.002221715406882867,0.35297248087382144,0.11975784293524254,0.0935634949520616,0.3477789314758454,0.3439339118478691,-0.02172487774175056,0.5276512365974195,0.11713026416267554,0.0009173539940712499,0.2640114744347885,-0.060229019437516705,-0.0024920283265878833,-0.47077438749365885,-0.009157147485785451,0.537459606722178,-0.3489016472333277,-0.004511718836064679,0.36681748829133853,0.09436988329315245,0.09229873824940445,0.3783420721765701,0.3063933199118807,-0.015484636036841899,0.5416996314857523,0.06974979921339919,0.006765947377138633,0.2727390579350169,-0.07770362294289615
490,True,4.909999999999681,0.0,True,True,0.0,False,,-0.0,-0.48330870643078633,0.03751217656481016,0.5245780234097878,-0.3490658503988659,0.00010561183597463959,0.3252042142703387,0.12924449163599136,0.09209378250143979,0.3315149579483084,0.3486923069297124,-0.02867979809702684,0.518638975681057,0.09995653702118801,-0.0024955893008634673,0.25767810847159417,-0.06389363976052742,-0.0,-0.48330870643078633,0.03751217656481016,0.5245780234097878,-0.3490658503988659,0.00010561183597463959,0.3252042142703387,0.12924449163599136,0.09209378250143979,0.3315149579483084,0.3486923069297124,-0.02867979809702684,0.518638975681057,0.09995653702118801,-0.0024955893008634673,0.25767810847159417,-0.06389363976052742,-0.0019488763957248034,-0.47326590859183454,-0.009314450367129723,0.5364723746687093,-0.3489049088972971,-0.0032889424993817326,0.36017740819532956,0.09970162758597675,0.09271878265292159,0.3693369166488772,0.31499059576872396,-0.015307838945118151,0.5359131103244823,0.07930989892023088,0.005978380659305617,0.2690385225333252,-0.0748533839444122
491,True,4.91999999999968,0.0125477549784228,False,True,0.0,False,,-0.0,-0.463145357675148,0.018447693294032584,0.4982920980370551,-0.3490658503988659,0.006064412603167875,0.30632593158000165,0.1289995224774775,0.0975486538944269,0.32015624979422425,0.349991084280062,-0.024453267152959986,0.5273219706085924,0.0824662809567259,0.002133643918122142,0.2715389667355246,-0.07866354235157812,-0.0,-0.463145357675148,0.018447693294032584,0.4982920980370551,-0.3490658503988659,0.006064412603167875,0.30632593158000165,0.1289995224774775,0.0975486538944269,0.32015624979422425,0.349991084280062,-0.024453267152959986,0.5273219706085924,0.0824662809567259,0.002133643918122142,0.2715389667355246,-0.07866354235157812,-0.0017390545929422349,-0.47416529494703075,-0.009434383834161512,0.5326862394541134,-0.3489083692807662,-0.0020128039271082162,0.3520938240568757,0.10530082778917184,0.09235736682793341,0.36116657345660674,0.3225313239606182,-0.015072049600541796,0.5317571099352304,0.0842088223534966,0.005222565773431843,0.26728967968233514,-0.07357401578298446
492,True,4.929999999999679,0.01640373992326998,False,True,0.0,False,,-0.0,-0.44968578224510997,0.013702098166756018,0.49461102690807035,-0.3490658503988659,0.013895986890117113,0.29078846376919326,0.13985413049053155,0.09914238293106059,0.31828299371232394,0.3498891554086059,-0.022244631595532024,0.528462485839561,0.06328123017903999,0.0029950391356437646,0.2748616579914232,-0.08761471504483984,-0.0,-0.44968578224510997,0.013702098166756018,0.49461102690807035,-0.3490658503988659,0.013895986890117113,0.29078846376919326,0.13985413049053155,0.09914238293106059,0.31828299371232394,0.3498891554086059,-0.022244631595532024,0.528462485839561,0.06328123017903999,0.0029950391356437646,0.2748616579914232,-0.08761471504483984,-0.0017896175354438165,-0.4725504777892884,-0.00951363152147007,0.5268752568866617,-0.3489113480131516,-5.3305915042041195e-05,0.3424241826904668,0.11119792153877545,0.0923894693685496,0.3534896461778727,0.32880712135314016,-0.015083647253124725,0.5294556819862443,0.08453826833959903,0.004803581530784234,0.2673092787912175,-0.0743131281050635
493,True,4.939999999999678,0.0,True,True,0.0,False,,-0.0,-0.43347190359906984,0.02365313962741989,0.48128332999010975,-0.3490658503988659,0.014352810498346875,0.2918795668310626,0.1391512849293762,0.10638728456173863,0.3060327094273038,0.3554484820810568,-0.016630062152616084,0.5086815998924462,0.07511815716465058,0.005076823314582376,0.2492695864330386,-0.08019180419127624,-0.0,-0.43347190359906984,0.02365313962741989,0.48128332999010975,-0.3490658503988659,0.014352810498346875,0.2918795668310626,0.1391512849293762,0.10638728456173863,0.3060327094273038,0.3554484820810568,-0.016630062152616084,0.5086815998924462,0.07511815716465058,0.005076823314582376,0.2492695864330386,-0.08019180419127624,-0.0021274145557269018,-0.46832292360530825,-0.00956105117675084,0.5197246258545726,-0.3489139654118206,0.0023141253446897565,0.3326831270712136,0.11686825829770665,0.09333040074915423,0.3457565386435607,0.3342733658878783,-0.014936423621847444,0.5268790675896018,0.08323730210896031,0.004689097450080548,0.26628532340777705,-0.07551428466921412
494,True,4.949999999999677,0.0,True,True,0.0,False,,-0.0,-0.4516453830001203,0.004736399012390712,0.5089116678910318,-0.3490658503988659,0.0005416620510671228,0.33446447209009245,0.12802830612512753,0.09629701264911528,0.35285738112784293,0.3407786429826923,-0.021770398774125694,0.5494159130808546,0.07607531138656745,0.005425645638829891,0.27634168489479066,-0.07674245308137007,-0.0,-0.4516453830001203,0.004736399012390712,0.5089116678910318,-0.3490658503988659,0.0005416620510671228,0.33446447209009245,0.12802830612512753,0.09629701264911528,0.35285738112784293,0.3407786429826923,-0.021770398774125694,0.5494159130808546,0.07607531138656745,0.005425645638829891,0.27634168489479066,-0.07674245308137007,-0.0020954804048765267,-0.4643487832849601,-0.0095813732470844,0.5145291302447491,-0.3489160418818524,0.003650558430174039,0.3273312601616648,0.12084371366574409,0.09379009783528866,0.3421878463542141,0.33779242089239436,-0.014512014421498758,0.5264777244413023,0.08194137430555964,0.004800573402035389,0.266041883787086,-0.07621171267731275
495,True,4.959999999999676,0.0005149120381384226,False,True,0.0,False,,-0.0,-0.42736851968053585,0.013077042139820754,0.490957561922438,-0.3490658503988659,0.008508541815849091,0.3200527701314381,0.12738031870048636,0.10147802798294071,0.3277833878396731,0.335356796245615,-0.01505031491403599,0.5244766474457805,0.08628888916674497,0.007793784327238395,0.2719733813207944,-0.07846234551113063,-0.0,-0.42736851968053585,0.013077042139820754,0.490957561922438,-0.3490658503988659,0.008508541815849091,0.3200527701314381,0.12738031870048636,0.10147802798294071,0.3277833878396731,0.335356796245615,-0.01505031491403599,0.5244766474457805,0.08628888916674497,0.007793784327238395,0.2719733813207944,-0.07846234551113063,-0.0020405034403686664,-0.45973181247372047,-0.009589967215674306,0.5103876074125275,-0.34891805395035835,0.004441585002840459,0.3249298909420354,0.12319709781504835,0.09417134204648635,0.34053629695983384,0.3392203251936414,-0.013971019800738504,0.5268580725943478,0.08157667138695623,0.00517756610282103,0.2667858292115451,-0.0766330709464548
496,True,4.969999999999675,0.0028618357512449288,False,True,0.0,False,,-0.0,-0.4605316870968582,0.01807679435728967,0.4854208984932083,-0.3490658503988659,-0.0033194991830853564,0.34747449911764455,0.13354754344292152,0.09251388836686932,0.36595800462405054,0.3325498053589302,-0.031928902366941785,0.5550371721426833,0.08817419235712703,0.003463327763532704,0.298302300293521,-0.08266499452910624,-0.0,-0.4605316870968582,0.01807679435728967,0.4854208984932083,-0.3490658503988659,-0.0033194991830853564,0.34747449911764455,0.13354754344292152,0.09251388836686932,0.36595800462405054,0.3325498053589302,-0.031928902366941785,0.5550371721426833,0.08817419235712703,0.003463327763532704,0.298302300293521,-0.08266499452910624,-0.0017936193878246274,-0.4569130745852249,-0.009596167919236303,0.5060927379649816,-0.34892115988867795,0.004363854177719551,0.325557835050515,0.12507904699285266,0.09391866209040066,0.34179717016416183,0.33922884210067156,-0.014091935802416128,0.5289016539062597,0.08212479615959696,0.0054474953969456666,0.2697322532236878,-0.07730053994488292
497,True,4.979999999999674,0.002276176219665201,False,True,0.0,False,,-0.0,-0.4640893355757161,0.04805528510870722,0.46751191461011143,-0.3490658503988659,-0.0016982189695700775,0.3338888043264096,0.13154526796394278,0.09201291093311922,0.3502122458311204,0.3391428220924404,-0.03126196217530119,0.5445246803986634,0.0874961225582555,0.004164034913464526,0.28878961351473903,-0.08232176769452824,-0.0,-0.4640893355757161,0.04805528510870722,0.46751191461011143,-0.3490658503988659,-0.0016982189695700775,0.3338888043264096,0.13154526796394278,0.09201291093311922,0.3502122458311204,0.3391428220924404,-0.03126196217530119,0.5445246803986634,0.0874961225582555,0.004164034913464526,0.28878961351473903,-0.08232176769452824,-0.00165549947764585,-0.4566441482736728,-0.009606557206442117,0.5006389678154115,-0.3489251669506821,0.0036355739019743346,0.3273252704147797,0.1266467920646663,0.09298429511775459,0.34434120060493045,0.3390147741882977,-0.014839972161993597,0.531707441487069,0.08300524928332126,0.005546624735112505,0.2735103215531258,-0.07811448599539447
498,True,4.9899999999996725,0.006205953966817782,False,True,0.0,False,,-0.0,-0.4667688921829952,0.013033788395071808,0.5012573784354316,-0.3490658503988659,0.00028016274017941215,0.3385921345322976,0.13724649697292862,0.09144939369485523,0.363955514543684,0.32894958528292534,-0.030917884123909174,0.5621262032084853,0.06268193932814031,0.0028077440850581325,0.29301690765068955,-0.08608831665613915,-0.0,-0.4667688921829952,0.013033788395071808,0.5012573784354316,-0.3490658503988659,0.00028016274017941215,0.3385921345322976,0.13724649697292862,0.09144939369485523,0.363955514543684,0.32894958528292534,-0.030917884123909174,0.5621262032084853,0.06268193932814031,0.0028077440850581325,0.29301690765068955,-0.08608831665613915,-0.0017029675921286403,-0.4578736338924384,-0.00961256213229486,0.4972088830028573,-0.3489280416527226,0.002910860832838374,0.32920707254956716,0.12828288381626943,0.09174648291171558,0.3476662772465539,0.33822646185490307,-0.015743704074541464,0.5353701825603381,0.08201072094035494,0.005509975784486091,0.2771647798397662,-0.07916794987563316
499,True,4.999999999999671,0.0070720065185093245,False,True,0.0,False,,-0.0,-0.4198959415040015,0.027056989758550178,0.4670870584033443,-0.3490658503988659,0.006072266886628955,0.32698797025079496,0.1371406151161672,0.09913726725858307,0.3431161152805312,0.33980302377529237,-0.02618536461201159,0.5432686154971771,0.08242845661803976,0.008202595844987767,0.2825748948309202,-0.0811532620504591,-0.0,-0.4198959415040015,0.027056989758550178,0.4670870584033443,-0.3490658503988659,0.006072266886628955,0.32698797025079496,0.1371406151161672,0.09913726725858307,0.3431161152805312,0.33980302377529237,-0.02618536461201159,0.5432686154971771,0.08242845661803976,0.008202595844987767,0.2825748948309202,-0.0811532620504591,-0.002128077762591741,-0.45610446101752233,-0.009613456289772854,0.49357419975041633,-0.3489301433822959,0.002698404983843616,0.3302756181239582,0.1299735397071322,0.09101104602189523,0.349885348644571,0.33773983777318267,-0.01629124980881265,0.5381637487856917,0.08094938046549226,0.005705905437449129,0.27968959018534645,-0.0799446661267814
500,True,5.00999999999967,0.001090372952656804,False,True,0.0,False,,-0.0,-0.3833209189096768,0.00885357096395371,0.4398631941170333,-0.3490658503988659,-0.001486718305847243,0.3337737266101498,0.12691080388710466,0.0997457497248714,0.34086394201252956,0.34781602029309894,-0.02696292754627438,0.5340313992915313,0.09642278074872122,0.004155260125627144,0.2687925963903232,-0.0792784635727034,-0.0,-0.3833209189096768,0.00885357096395371,0.4398631941170333,-0.3490658503988659,-0.001486718305847243,0.3337737266101498,0.12691080388710466,0.0997457497248714,0.34086394201252956,0.34781602029309894,-0.02696292754627438,0.5340313992915313,0.09642278074872122,0.004155260125627144,0.2687925963903232,-0.0792784635727034,-0.00288060750912494,-0.4486801269830186,-0.009611144017077142,0.48684747950372087,-0.34893217395587806,0.0024256488451464254,0.3309372287303282,0.13075312671572564,0.09084377483228182,0.35032659337043437,0.3384517663136154,-0.016523590172690332,0.5391561809067986,0.08182380665630676,0.005899036011451449,0.2800786507563028,-0.08024666235171166
501,True,5.019999999999669,0.0,True,True,0.0,False,,-0.0,-0.39640023956433507,0.027943799824329887,0.43061891036133054,-0.3490658503988659,0.006918357141023993,0.3267708317991989,0.1302095770808414,0.09743644588985732,0.3339849111056659,0.3587714460056122,-0.027346328714047553,0.5266309824871523,0.09908924203530511,0.006273583378209031,0.26890757861929193,-0.0752279830527466,-0.0,-0.39640023956433507,0.027943799824329887,0.43061891036133054,-0.3490658503988659,0.006918357141023993,0.3267708317991989,0.1302095770808414,0.09743644588985732,0.3339849111056659,0.3587714460056122,-0.027346328714047553,0.5266309824871523,0.09908924203530511,0.006273583378209031,0.26890757861929193,-0.0752279830527466,-0.003770515945980206,-0.4393878271926312,-0.009613923954975066,0.47793628934168003,-0.34893501172846747,0.0024575453632276886,0.3311260152403653,0.13095025999912321,0.09087456590421436,0.3492594394824814,0.3407393998249306,-0.016672389041352986,0.538604075692071,0.0841316078307863,0.006056504451135642,0.27906347638959383,-0.07997327055815387
502,True,5.029999999999668,0.0,True,True,0.0,False,,-0.0,-0.447871575385231,0.050248030869226246,0.42360351809752494,-0.3490658503988659,0.006876116604214493,0.29923633718082493,0.14931231590431682,0.095718626368718,0.34556165545634737,0.35380215377932306,-0.03918299759856359,0.5514661527673578,0.06460246673305763,-0.0027976665285386598,0.2971574500988253,-0.08999663832648902,-0.0,-0.447871575385231,0.050248030869226246,0.42360351809752494,-0.3490658503988659,0.006876116604214493,0.29923633718082493,0.14931231590431682,0.095718626368718,0.34556165545634737,0.35380215377932306,-0.03918299759856359,0.5514661527673578,0.06460246673305763,-0.0027976665285386598,0.2971574500988253,-0.08999663832648902,-0.004521704248320974,-0.43480017916800984,-0.009626714858223822,0.468373090987082,-0.34893952775077564,0.002888817882055167,0.328770238837194,0.13249212630469479,0.09049583356529513,0.348576787897845,0.34341081785353,-0.01712344553274963,0.5386487833333408,0.0841935811611939,0.005635077490954306,0.27970681836275946,-0.0804531212527138
503,True,5.039999999999667,0.0,True,True,0.0,False,,-0.0,-0.5103013281184076,0.08940033489571746,0.47200451668781795,-0.3490658503988659,0.0055643675152766804,0.3068661543618654,0.15246535415073884,0.09658695107672041,0.3407506580532559,0.3652212320942515,-0.0356367373172404,0.5484341010396865,0.03693066026747184,0.0010027344053371965,0.30056838415782466,-0.11376570941499392,-0.0,-0.5103013281184076,0.08940033489571746,0.47200451668781795,-0.3490658503988659,0.0055643675152766804,0.3068661543618654,0.15246535415073884,0.09658695107672041,0.3407506580532559,0.3652212320942515,-0.0356367373172404,0.5484341010396865,0.03693066026747184,0.0010027344053371965,0.30056838415782466,-0.11376570941499392,-0.005085031838393749,-0.43952498924195893,-0.009644010143868474,0.4631315480380256,-0.3489441737652046,0.0033477288469823895,0.32515213955871725,0.13534051075421002,0.0898861553006971,0.34839929368851996,0.34663302519653755,-0.01769312057751737,0.5394431025568627,0.07986796464189388,0.004991300423976404,0.2822909458669768,-0.08358405261407359
504,True,5.049999999999666,0.0,True,True,0.0,False,,-0.0,-0.5350787296381565,0.182103163291382,0.4173926618017679,-0.34906585039886584,0.033750039283780925,0.2998474974814761,0.10299016787545644,0.12218876641858652,0.27923477396797364,0.35273251832639885,-0.02346603235944267,0.5147819857610223,-0.0406235541387801,0.008046715378102578,0.2154931228147157,-0.1015818423798599,-0.0,-0.5350787296381565,0.182103163291382,0.4173926618017679,-0.34906585039886584,0.033750039283780925,0.2998474974814761,0.10299016787545644,0.12218876641858652,0.27923477396797364,0.35273251832639885,-0.02346603235944267,0.5147819857610223,-0.0406235541387801,0.008046715378102578,0.2154931228147157,-0.1015818423798599,-0.006183371056189569,-0.4517673504625201,-0.009669302813370318,0.45790366049705195,-0.3489501331990543,0.005812074586254785,0.3211584601286924,0.1346624780500849,0.09073167173378821,0.34388096999373546,0.3492023727250329,-0.01703707078741059,0.5374948198568458,0.06712636117279754,0.004899517473708234,0.27899454037533244,-0.0873110020651245
505,True,5.059999999999665,0.0,True,True,0.0,False,,-0.0,-0.5400261348101948,0.1637158399129322,0.4075175457930377,-0.34906585039886584,0.05380873070201235,0.3085058373497377,0.006432583340185746,0.13483074081218996,0.27072672281000665,0.32334165558166844,-0.011351291114758626,0.49617697190396315,-0.07126855246545552,-0.00198344071797037,0.21105672566072398,-0.11553278743414461,-0.0,-0.5400261348101948,0.1637158399129322,0.4075175457930377,-0.34906585039886584,0.05380873070201235,0.3085058373497377,0.006432583340185746,0.13483074081218996,0.27072672281000665,0.32334165558166844,-0.011351291114758626,0.49617697190396315,-0.07126855246545552,-0.00198344071797037,0.21105672566072398,-0.11553278743414461,-0.007711342425899358,-0.4670336369855193,-0.00969001492735005,0.4503775566974436,-0.3489558565711218,0.011411658110981517,0.31794980396763156,0.12315062997900238,0.0936938139097574,0.33489780940402697,0.3484864707603089,-0.014639738307022487,0.5321439227669037,0.04706984317651617,0.004615032064738625,0.27008627671700086,-0.09147835374445276
506,True,5.069999999999664,0.003889747325536042,False,True,0.0,False,,-0.0,-0.8494353984049375,0.34261412242416484,0.3605058803786267,-0.3490658503988659,0.0704378910173926,0.15029635542676612,0.09589107409707597,0.12850276293873567,0.25618188007449727,0.2449721636990418,-0.008001174948400656,0.43513090151750045,-0.060363903138986,-0.011187812887605864,0.17121807742468692,-0.13541014300830967,-0.0,-0.8494353984049375,0.34261412242416484,0.3605058803786267,-0.3490658503988659,0.0704378910173926,0.15029635542676612,0.09589107409707597,0.12850276293873567,0.25618188007449727,0.2449721636990418,-0.008001174948400656,0.43513090151750045,-0.060363903138986,-0.011187812887605864,0.17121807742468692,-0.13541014300830967,-0.009702394091587449,-0.5057558893549874,-0.009737931686761,0.4391593370326833,-0.3488818015213626,0.019738356593078692,0.3035555988838905,0.11205618977614179,0.09745998939484168,0.32256925963983907,0.3392428408675404,-0.01126311702840407,0.521920279251989,0.026097905388956587,0.00325383534072163,0.2566343361570733,-0.09744936791121307
507,True,5.079999999999663,0.03703244195825004,False,True,0.0,False,,-0.0,-0.66459634866719,0.37292503912649105,0.4922936674487541,-0.3490658503988659,0.14576770369927017,-0.17680482331960914,0.11911372438588341,0.14476688364280071,-0.23048896172539562,0.8600381437852094,0.004315672857227259,-0.12346828116314046,0.9249413259591428,-0.045981913691774914,-0.3277976434860802,0.2999330922987221,-0.0,-0.66459634866719,0.37292503912649105,0.4922936674487541,-0.3490658503988659,0.14576770369927017,-0.17680482331960914,0.11911372438588341,0.14476688364280071,-0.23048896172539562,0.8600381437852094,0.004315672857227259,-0.12346828116314046,0.9249413259591428,-0.045981913691774914,-0.3277976434860802,0.2999330922987221,-0.015623605916863468,-0.547576246897114,-0.009792213401111513,0.43560252754119444,-0.3488976278609749,0.034555239316902756,0.25476038325570205,0.10780764116140977,0.10275247795331872,0.2749284078464755,0.3720420634152895,-0.007411991661590019,0.47584710874937486,0.05433995410464468,-0.0014325350851126916,0.20801771418221782,-0.0697658320021656
508,True,5.0899999999996615,0.014234573343671487,False,True,0.0,False,,-0.0,0.15929843970453839,0.7330382858376184,-0.2094395102393196,-0.3490658503988659,-0.24481045846985972,-0.3490658503988659,1.8849555921538759,0.02611686645573179,0.6901737849488849,1.8675022996339325,-0.271719700265777,0.4084124799684503,1.8675022996339325,-0.25113380325421186,-0.2693111118007735,1.8849555921538759,-0.0,0.15929843970453839,0.7330382858376184,-0.2094395102393196,-0.3490658503988659,-0.24481045846985972,-0.3490658503988659,1.8849555921538759,0.02611686645573179,0.6901737849488849,1.8675022996339325,-0.271719700265777,0.4084124799684503,1.8675022996339325,-0.25113380325421186,-0.2693111118007735,1.8849555921538759,-0.017399601201710132,-0.5306784454266019,-0.010227071301843572,0.39574349208892357,-0.34896227382835904,0.024542731595934557,0.1781350715760046,0.14686827881173614,0.09414753101177996,0.2635994609623273,0.4444469192197784,-0.0164288744957482,0.4386710788436091,0.12525212486280393,-0.013835304652313534,0.13291384226769684,-0.00323343483186557
509,True,5.09999999999966,0.0,True,True,0.0,False,,-0.0,0.15929843970453839,0.7330382858376184,-0.2094395102393196,-0.3490658503988659,-0.24481045846985972,-0.3490658503988659,1.8849555921538759,0.02611686645573179,0.6901737849488849,1.8675022996339325,-0.271719700265777,0.4084124799684503,1.8675022996339325,-0.25113380325421186,-0.2693111118007735,1.8849555921538759,-0.0,0.15929843970453839,0.7330382858376184,-0.2094395102393196,-0.3490658503988659,-0.24481045846985972,-0.3490658503988659,1.8849555921538759,0.02611686645573179,0.6901737849488849,1.8675022996339325,-0.271719700265777,0.4084124799684503,1.8675022996339325,-0.25113380325421186,-0.2693111118007735,1.8849555921538759,-0.014333350537857026,-0.46510114660249147,-0.010374222187142132,0.3196468530611366,-0.3490034417261913,-0.009700381815009929,0.08877298211240792,0.22242166557417464,0.0728286944798832,0.3010428981838275,0.532868359660918,-0.03680772479536327,0.4274965914666778,0.21330110302250238,-0.031075710002690327,0.05550177031337087,0.08328162892910093
510,True,5.109999999999659,0.0,True,True,0.0,False,,-0.0,0.15929843970453839,0.7330382858376184,-0.2094395102393196,-0.3490658503988659,-0.24481045846985972,-0.3490658503988659,1.8849555921538759,0.02611686645573179,0.6901737849488849,1.8675022996339325,-0.271719700265777,0.4084124799684503,1.8675022996339325,-0.25113380325421186,-0.2693111118007735,1.8849555921538759,-0.0,0.15929843970453839,0.7330382858376184,-0.2094395102393196,-0.3490658503988659,-0.24481045846985972,-0.3490658503988659,1.8849555921538759,0.02611686645573179,0.6901737849488849,1.8675022996339325,-0.271719700265777,0.4084124799684503,1.8675022996339325,-0.25113380325421186,-0.2693111118007735,1.8849555921538759,-0.009690550874890853,-0.37961404819244204,-0.010028891464758652,0.22975091788889318,-0.34902124878607804,-0.05075870841398221,0.0011610683374274904,0.3124842844020873,0.04581188166919424,0.35345785583934297,0.6280974113400424,-0.05727222708055358,0.4303820216991767,0.3083474141528683,-0.04857066558823528,-0.01409282255955654,0.1777139158690145
511,True,5.119999999999658,0.0,True,True,0.0,False,,-0.0,0.15929843970453839,0.7330382858376184,-0.2094395102393196,-0.3490658503988659,-0.24481045846985972,-0.3490658503988659,1.8849555921538759,0.02611686645573179,0.6901737849488849,1.8675022996339325,-0.271719700265777,0.4084124799684503,1.8675022996339325,-0.25113380325421186,-0.2693111118007735,1.8849555921538759,-0.0,0.15929843970453839,0.7330382858376184,-0.2094395102393196,-0.3490658503988659,-0.24481045846985972,-0.3490658503988659,1.8849555921538759,0.02611686645573179,0.6901737849488849,1.8675022996339325,-0.271719700265777,0.4084124799684503,1.8675022996339325,-0.25113380325421186,-0.2693111118007735,1.8849555921538759,-0.005036470474004163,-0.28654189841700434,-0.009604839519307554,0.14161330370316136,-0.34904548643021355,-0.09029560799520112,-0.07581864552596237,0.4082827762852977,0.020829813176018366,0.4073264188010209,0.7262008188637052,-0.07730543244369223,0.43773070805687836,0.40632596748522715,-0.064271421777539,-0.07250215000397546,0.2752871367945373
512,True,5.129999999999657,0.0,True,True,0.0,False,,-0.0,0.15929843970453839,0.7330382858376184,-0.2094395102393196,-0.3490658503988659,-0.24481045846985972,-0.3490658503988659,1.8849555921538759,0.02611686645573179,0.6901737849488849,1.8675022996339325,-0.271719700265777,0.4084124799684503,1.8675022996339325,-0.25113380325421186,-0.2693111118007735,1.8849555921538759,-0.0,0.15929843970453839,0.7330382858376184,-0.2094395102393196,-0.3490658503988659,-0.24481045846985972,-0.3490658503988659,1.8849555921538759,0.02611686645573179,0.6901737849488849,1.8675022996339325,-0.271719700265777,0.4084124799684503,1.8675022996339325,-0.25113380325421186,-0.2693111118007735,1.8849555921538759,-0.0010927451267061065,-0.1971551013825735,-0.009432610368976777,0.0645943846511108,-0.34906276685639226,-0.12482493228670431,-0.13957529342941638,0.5063658911270277,-0.0007747253050664921,0.45570266444298896,0.8255466973880577,-0.09465820356577292,0.44626348497920226,0.5055217264233612,-0.077468099072309,-0.11956924649173832,0.3741232899065843
513,True,5.139999999999656,0.0,True,True,0.0,False,,-0.0,0.15929843970453839,0.7330382858376184,-0.2094395102393196,-0.3490658503988659,-0.24481045846985972,-0.3490658503988659,1.8849555921538759,0.02611686645573179,0.6901737849488849,1.8675022996339325,-0.271719700265777,0.4084124799684503,1.8675022996339325,-0.25113380325421186,-0.2693111118007735,1.8849555921538759,-0.0,0.15929843970453839,0.7330382858376184,-0.2094395102393196,-0.3490658503988659,-0.24481045846985972,-0.3490658503988659,1.8849555921538759,0.02611686645573179,0.6901737849488849,1.8675022996339325,-0.271719700265777,0.4084124799684503,1.8675022996339325,-0.25113380325421186,-0.2693111118007735,1.8849555921538759,0.001835934580881917,-0.11953874460404593,-0.009396974975558144,0.001237237581793528,-0.349071643949698,-0.15336028071956237,-0.19050344101491115,0.6053845174516316,-0.01908605076851492,0.4963750801390883,0.9254238330362791,-0.10869465328690221,0.4541257805229532,0.6052432385140177,-0.08812047749770975,-0.15650809855108794,0.4734879630875354
514,True,5.149999999999655,0.0,True,True,0.0,False,,-0.0,0.15929843970453839,0.7330382858376184,-0.2094395102393196,-0.3490658503988659,-0.24481045846985972,-0.3490658503988659,1.8849555921538759,0.02611686645573179,0.6901737849488849,1.8675022996339325,-0.271719700265777,0.4084124799684503,1.8675022996339325,-0.25113380325421186,-0.2693111118007735,1.8849555921538759,-0.0,0.15929843970453839,0.7330382858376184,-0.2094395102393196,-0.3490658503988659,-0.24481045846985972,-0.3490658503988659,1.8849555921538759,0.02611686645573179,0.6901737849488849,1.8675022996339325,-0.271719700265777,0.4084124799684503,1.8675022996339325,-0.25113380325421186,-0.2693111118007735,1.8849555921538759,0.0036784820653517655,-0.05572936543394867,-0.009423934379025006,-0.049105122992354956,-0.34907822414905904,-0.17612351327233858,-0.23021383629856845,0.7048137262535102,-0.03382215874925763,0.5295587727277065,1.0255235157113884,-0.12021272296480139,0.4602429322012763,0.7052014947640972,-0.09648786527609764,-0.18497124903741852,0.5730953636473459
515,True,5.159999999999654,0.0,True,True,0.0,False,,-0.0,0.15929843970453839,0.7330382858376184,-0.2094395102393196,-0.3490658503988659,-0.24481045846985972,-0.3490658503988659,1.8849555921538759,0.02611686645573179,0.6901737849488849,1.8675022996339325,-0.271719700265777,0.4084124799684503,1.8675022996339325,-0.25113380325421186,-0.2693111118007735,1.8849555921538759,-0.0,0.15929843970453839,0.7330382858376184,-0.2094395102393196,-0.3490658503988659,-0.24481045846985972,-0.3490658503988659,1.8849555921538759,0.02611686645573179,0.6901737849488849,1.8675022996339325,-0.271719700265777,0.4084124799684503,1.8675022996339325,-0.25113380325421186,-0.2693111118007735,1.8849555921538759,0.004511926638912312,-0.004969992769982089,-0.0094693555468366,-0.0882637218902427,-0.34908431042384863,-0.19384595009677874,-0.26065072849081883,0.8044483775154279,-0.04524338118653395,0.5560672922517099,1.1257137332074107,-0.12973082909993974,0.4645421863171408,0.8052694767839265,-0.10293320131236205,-0.20660968476440825,0.6728338649216588
516,True,5.169999999999653,0.0,True,True,0.0,False,,-0.0,0.15929843970453839,0.7330382858376184,-0.2094395102393196,-0.3490658503988659,-0.24481045846985972,-0.3490658503988659,1.8849555921538759,0.02611686645573179,0.6901737849488849,1.8675022996339325,-0.271719700265777,0.4084124799684503,1.8675022996339325,-0.25113380325421186,-0.2693111118007735,1.8849555921538759,-0.0,0.15929843970453839,0.7330382858376184,-0.2094395102393196,-0.3490658503988659,-0.24481045846985972,-0.3490658503988659,1.8849555921538759,0.02611686645573179,0.6901737849488849,1.8675022996339325,-0.271719700265777,0.4084124799684503,1.8675022996339325,-0.25113380325421186,-0.2693111118007735,1.8849555921538759,0.004515045353480384,0.03455463635305869,-0.009511668020991246,-0.11831357676129113,-0.3490903177001142,-0.20740384708926898,-0.2836816242538811,0.9042060509266068,-0.05385057800759931,0.5769967360294692,1.2259361207964965,-0.13750991728347123,0.46725628695115856,0.9053923478136061,-0.10782541448649083,-0.22288830993854017,0.7726586211000049
517,True,5.1799999999996515,0.0,True,True,0.0,False,,-0.0,0.15929843970453839,0.7330382858376184,-0.2094395102393196,-0.3490658503988659,-0.24481045846985972,-0.3490658503988659,1.8849555921538759,0.02611686645573179,0.6901737849488849,1.8675022996339325,-0.271719700265777,0.4084124799684503,1.8675022996339325,-0.25113380325421186,-0.2693111118007735,1.8849555921538759,-0.0,0.15929843970453839,0.7330382858376184,-0.2094395102393196,-0.3490658503988659,-0.24481045846985972,-0.3490658503988659,1.8849555921538759,0.02611686645573179,0.6901737849488849,1.8675022996339325,-0.271719700265777,0.4084124799684503,1.8675022996339325,-0.25113380325421186,-0.2693111118007735,1.8849555921538759,0.0038463894153888106,0.06488704924593505,-0.009543235449955379,-0.14117134491215044,-0.34909626264381816,-0.217640225698906,-0.3009390305766002,1.0040492235440737,-0.06020907056854398,0.5934653076256426,1.3261639102527019,-0.14367600622671756,0.46866827817448387,1.0055448879680642,-0.11149744784763983,-0.23503436043089748,0.8725484262237181
518,True,5.1899999999996504,0.0,True,True,0.0,False,,-0.0,0.15929843970453839,0.7330382858376184,-0.2094395102393196,-0.3490658503988659,-0.24481045846985972,-0.3490658503988659,1.8849555921538759,0.02611686645573179,0.6901737849488849,1.8675022996339325,-0.271719700265777,0.4084124799684503,1.8675022996339325,-0.25113380325421186,-0.2693111118007735,1.8849555921538759,-0.0,0.15929843970453839,0.7330382858376184,-0.2094395102393196,-0.3490658503988659,-0.24481045846985972,-0.3490658503988659,1.8849555921538759,0.02611686645573179,0.6901737849488849,1.8675022996339325,-0.271719700265777,0.4084124799684503,1.8675022996339325,-0.25113380325421186,-0.2693111118007735,1.8849555921538759,0.0026704772067221005,0.08792743997766804,-0.009563759713402759,-0.1584590008551762,-0.3491020937205389,-0.22529122606829485,-0.3137685939263102,1.1039586124016663,-0.06483221237900114,0.6064259843525887,1.4259002078000564,-0.14842442461314484,0.46916434158524134,1.1057139645094274,-0.11387779920778958,-0.24403403778569993,0.9724918952242576
519,True,5.199999999999649,0.0,True,True,0.0,False,,-0.0,0.15929843970453839,0.7330382858376184,-0.2094395102393196,-0.3490658503988659,-0.24481045846985972,-0.3490658503988659,1.8849555921538759,0.02611686645573179,0.6901737849488849,1.8675022996339325,-0.271719700265777,0.4084124799684503,1.8675022996339325,-0.25113380325421186,-0.2693111118007735,1.8849555921538759,-0.0,0.15929843970453839,0.7330382858376184,-0.2094395102393196,-0.3490658503988659,-0.24481045846985972,-0.3490658503988659,1.8849555921538759,0.02611686645573179,0.6901737849488849,1.8675022996339325,-0.271719700265777,0.4084124799684503,1.8675022996339325,-0.25113380325421186,-0.2693111118007735,1.8849555921538759,0.0011491519285762824,0.1052991181701207,-0.009576398049206307,-0.17148554214124107,-0.34910777769072443,-0.23096481106284608,-0.3232433550679407,1.2039221861200207,-0.06826902541296341,0.6168548439034613,1.5181634243771784,-0.15183635453963323,0.46881835707893155,1.205823351664522,-0.11464998595963749,-0.25066121666078367,1.0724814128901357
520,True,5.209999999999648,0.0,True,True,0.0,False,,-0.0,0.15929843970453839,0.7330382858376184,-0.2094395102393196,-0.3490658503988659,-0.24481045846985972,-0.3490658503988659,1.8849555921538759,0.02611686645573179,0.6901737849488849,1.8675022996339325,-0.271719700265777,0.4084124799684503,1.8675022996339325,-0.25113380325421186,-0.2693111118007735,1.8849555921538759,-0.0,0.15929843970453839,0.7330382858376184,-0.2094395102393196,-0.3490658503988659,-0.24481045846985972,-0.3490658503988659,1.8849555921538759,0.02611686645573179,0.6901737849488849,1.8675022996339325,-0.271719700265777,0.4084124799684503,1.8675022996339325,-0.25113380325421186,-0.2693111118007735,1.8849555921538759,-0.0005658784506083946,0.1183246953352792,-0.009584452613872415,-0.18127834692982384,-0.34911331241423005,-0.23514557854301205,-0.3301998240503164,1.3039311587634237,-0.07125831415089288,0.6263120711125958,1.5968843184638102,-0.15342868323711387,0.46675206409127484,1.3054766234612694,-0.11466247990227739,-0.25551300042617714,1.172510941837118
