frame,scored,sim_time,min_distance_measured_mm,measured_collision,measured_margin_violation,modification_rad,fallback,total_safety_time_ms,q_nominal.right_wrist,q_nominal.right_thumb_mcp,q_nominal.right_thumb_abd,q_nominal.right_thumb_pip,q_nominal.right_thumb_dip,q_nominal.right_index_abd,q_nominal.right_index_mcp,q_nominal.right_index_pip,q_nominal.right_middle_abd,q_nominal.right_middle_mcp,q_nominal.right_middle_pip,q_nominal.right_ring_abd,q_nominal.right_ring_mcp,q_nominal.right_ring_pip,q_nominal.right_pinky_abd,q_nominal.right_pinky_mcp,q_nominal.right_pinky_pip,q_safe.right_wrist,q_safe.right_thumb_mcp,q_safe.right_thumb_abd,q_safe.right_thumb_pip,q_safe.right_thumb_dip,q_safe.right_index_abd,q_safe.right_index_mcp,q_safe.right_index_pip,q_safe.right_middle_abd,q_safe.right_middle_mcp,q_safe.right_middle_pip,q_safe.right_ring_abd,q_safe.right_ring_mcp,q_safe.right_ring_pip,q_safe.right_pinky_abd,q_safe.right_pinky_mcp,q_safe.right_pinky_pip,q_measured.right_wrist,q_measured.right_thumb_mcp,q_measured.right_thumb_abd,q_measured.right_thumb_pip,q_measured.right_thumb_dip,q_measured.right_index_abd,q_measured.right_index_mcp,q_measured.right_index_pip,q_measured.right_middle_abd,q_measured.right_middle_mcp,q_measured.right_middle_pip,q_measured.right_ring_abd,q_measured.right_ring_mcp,q_measured.right_ring_pip,q_measured.right_pinky_abd,q_measured.right_pinky_mcp,q_measured.right_pinky_pip
0,True,0.01,6.228385962484579,False,False,3.8490493799511966e-27,False,29.246416001114994,-0.15,0.0,-0.73304,-0.58496,-0.50477,-0.4000000000000001,0.0,0.0,0.0,0.0,0.0,0.17,0.0,0.0,0.52333,0.0,0.0,-0.15,3.6915830757113034e-27,-0.73304,-0.58496,-0.50477,-0.4000000000000001,1.897494192599708e-28,0.0,-2.1444243022467644e-29,-1.0652895115617252e-27,0.0,0.17,-1.2684275033616486e-28,0.0,0.52333,0.0,0.0,-0.1504636294717452,-0.00024913347586931196,-0.733488708629297,-0.5851219546970908,-0.5047744998339302,-0.40023331337118867,-2.4794459782912207e-05,-1.2086908669606811e-06,1.9421818310665445e-08,-3.829584200719741e-05,-1.202505450442284e-06,0.170156837943458,-2.8209428762938118e-05,-1.017519327709447e-06,0.5236657896662829,-6.383528447448374e-07,-2.4370657384594807e-07
1,True,0.020000000000000004,6.229844568071037,False,False,1.6704870637688748e-09,False,28.89241697266698,-0.15,0.0,-0.73304,-0.58496,-0.50477,-0.4000000000000001,0.0,0.0,0.0,0.0,0.0,0.17,0.0,0.0,0.52333,0.0,0.0,-0.1500000009259819,-4.97616365919152e-10,-0.7330400008961814,-0.5849600003234633,-0.5047700000089873,-0.4000000004666447,-4.9521558444123696e-11,-2.414052479694995e-12,1.3486102809184066e-14,-7.647805338914212e-11,-2.4016986841537925e-12,0.17000000031363086,-5.632854509300114e-11,-2.032235969997865e-12,0.5233300006708196,-1.2749473914911732e-12,-4.867418749345399e-13,-0.15153608456330847,-0.0007135247426687595,-0.7343212865158393,-0.5854269552472096,-0.5047827157535005,-0.4006634860753598,-5.4849406227842125e-05,-3.1663330070268552e-06,5.530149906622191e-08,-8.772162223470984e-05,-3.0913443575100013e-06,0.17044841109048006,-6.094927992536568e-05,-2.5944822590679613e-06,0.5242823459075623,-1.261926409570805e-06,-5.039324300044038e-07
2,True,0.030000000000000013,6.231455258452941,False,False,5.012438706761603e-09,False,28.363333025481552,-0.15,0.0,-0.73304,-0.58496,-0.50477,-0.4000000000000001,0.0,0.0,0.0,0.0,0.0,0.17,0.0,0.0,0.52333,0.0,0.0,-0.15000000306921327,-1.4258339962273242e-09,-0.733040002560278,-0.5849600009330698,-0.504770000025409,-0.40000000132700403,-1.0961760250454691e-10,-6.3272689911696525e-12,6.596681894131576e-14,-1.752905592352456e-10,-6.177481231035847e-12,0.17000000089674258,-1.2178470580083423e-10,-5.184616814644591e-12,0.5233300019032623,-2.5221326761074194e-12,-1.0071471112529676e-12,-0.15301403427206522,-0.001228707451813408,-0.7352421419310226,-0.5857686335361719,-0.5047921876498697,-0.401135298704278,-7.151411832448627e-05,-5.092739874964781e-06,9.704372695246652e-08,-0.00011548413996563158,-4.868568327169367e-06,0.17077066979090016,-7.759111580045276e-05,-4.048709867540662e-06,0.5249561521354176,-1.2401198310961135e-06,-5.511125088281712e-07
3,True,0.04000000000000002,6.232967048296152,False,False,9.083330547348191e-09,False,28.214541962370276,-0.15,0.0,-0.73304,-0.58496,-0.50477,-0.4000000000000001,0.0,0.0,0.0,0.0,0.0,0.17,0.0,0.0,0.52333,0.0,0.0,-0.1500000060239915,-2.456062565348374e-09,-0.7330400044017423,-0.5849600016163241,-0.5047700000443492,-0.4000000022706305,-1.4298389012232845e-10,-1.0180160932106767e-11,1.4788076789110926e-13,-2.3087191238098902e-10,-9.732229051412366e-12,0.1700000015412562,-1.5511003318888737e-10,-8.09340378868156e-12,0.5233300032507017,-2.4802946792647982e-12,-1.102093047919776e-12,-0.15472494497891576,-0.0017148699475056748,-0.7361102875376738,-0.5860939163914191,-0.5048020129384532,-0.40157568620557593,-8.056243314050554e-05,-6.749387721536727e-06,1.405705837731235e-07,-0.00012810114899720356,-6.31158545626586e-06,0.17107341273547924,-8.552145330241295e-05,-5.1873550436939175e-06,0.5255833504505432,-4.2844077353032615e-07,-3.3106490822652696e-07
4,True,0.05000000000000003,6.234277275428973,False,False,1.3369498058344459e-08,False,27.977333986200392,-0.15,0.0,-0.73304,-0.58496,-0.50477,-0.4000000000000001,0.0,0.0,0.0,0.0,0.0,0.17,0.0,0.0,0.52333,0.0,0.0,-0.1500000094451653,-3.428459705153916e-09,-0.733040006138175,-0.5849600022669336,-0.5047700000639987,-0.4000000031514008,-1.6110127050742926e-10,-1.3494191952945689e-11,2.403828221492006e-13,-2.561484172013996e-10,-1.2619176748812481e-11,0.1700000021467504,-1.7099677096922387e-10,-1.0371557574294257e-11,0.5233300045051748,-8.59112299514851e-13,-6.627337175869056e-13,-0.1565265372702684,-0.0021386806151185477,-0.7368680076328574,-0.5863797677259261,-0.5048118656890622,-0.4019556906438587,-8.596992667698786e-05,-8.095273187900712e-06,1.843189126118301e-07,-0.0001339500969434684,-7.396085135712034e-06,0.17133600502862956,-8.925072852799233e-05,-5.990085427163701e-06,0.5261235224390899,1.1133142409755225e-06,1.3751210910224717e-07
5,True,0.06000000000000004,6.235360659607339,False,False,1.7577233652040865e-08,False,28.870125010143965,-0.15,0.0,-0.73304,-0.58496,-0.50477,-0.4000000000000001,0.0,0.0,0.0,0.0,0.0,0.17,0.0,0.0,0.52333,0.0,0.0,-0.15000001304809327,-4.276241326751223e-09,-0.733040007653916,-0.5849600028387436,-0.5047700000837042,-0.400000003911403,-1.7192600094235663e-10,-1.6186812230962132e-11,3.3519810784848286e-13,-2.6786755384883114e-10,-1.4789157848155903e-11,0.17000000267194676,-1.7847070146064827e-10,-1.1977939040772533e-11,0.5233300055857049,2.2223835399201266e-12,2.737348800255498e-13,-0.15830751234872095,-0.0024911620099339915,-0.737500347315782,-0.5866192759386549,-0.5048216291552787,-0.4022688853896106,-8.943733267036118e-05,-9.159928954646679e-06,2.2769568331682748e-07,-0.00013649567097403064,-8.163728277068303e-06,0.17155328370252018,-9.072417829562262e-05,-6.497687498050624e-06,0.5265682310016748,3.2607170915957177e-06,8.123891467384448e-07
6,True,0.07000000000000005,6.2362292624466,False,False,2.1531096470361088e-08,False,28.603833983652294,-0.15,0.0,-0.73304,-0.58496,-0.50477,-0.4000000000000001,0.0,0.0,0.0,0.0,0.0,0.17,0.0,0.0,0.52333,0.0,0.0,-0.15000001661009302,-4.98138884004809e-09,-0.7330400089189376,-0.5849600033178866,-0.5047700001032313,-0.4000000045377858,-1.7886587713343213e-10,-1.8316893008997687e-11,4.290127364053892e-13,-2.7297074962819717e-10,-1.632531255328412e-11,0.17000000310651556,-1.8142777673268735e-10,-1.2993952879047194e-11,0.5233300064753408,6.515514860105221e-12,1.6229188420257461e-12,-0.15998618322588376,-0.0027752355731565604,-0.7380128055517997,-0.5868136279716286,-0.5048312602968029,-0.4025194490459055,-9.175545027209614e-05,-9.9940458338526e-06,2.704817096470807e-07,-0.00013725997606667639,-8.675736304361973e-06,0.17172758456835044,-9.085926123170358e-05,-6.768215786885093e-06,0.5269238650782084,5.879986037915734e-06,1.6474739708181808e-06
7,True,0.08000000000000006,6.236910623159271,False,False,2.512513054106479e-08,False,28.429166006390005,-0.15,0.0,-0.73304,-0.58496,-0.50477,-0.4000000000000001,0.0,0.0,0.0,0.0,0.0,0.17,0.0,0.0,0.52333,0.0,0.0,-0.15000001996770942,-5.549713803093548e-09,-0.7330400099441817,-0.584960003706714,-0.504770000122494,-0.40000000503890715,-1.8350503129299818e-10,-1.9985757513391457e-11,5.206245492950374e-13,-2.745069768554393e-10,-1.735002966695028e-11,0.1700000034551271,-1.8170514273991092e-10,-1.353566043039452e-11,0.5233300071868208,1.1752744439748309e-11,3.292644509358638e-12,-0.16150728315761537,-0.0029989200673268108,-0.7384194245836102,-0.586967630124604,-0.5048407412031124,-0.4027157846037573,-9.334060720129532e-05,-1.0650702685434206e-05,3.1260138753417215e-07,-0.0001369821474812439,-8.99451010153193e-06,0.17186437262747714,-9.014841757960347e-05,-6.860204725487217e-06,0.5272025837047725,8.846573505767265e-06,2.5996467626120762e-06
8,True,0.09000000000000007,6.237436354529963,False,False,2.829903008974399e-08,False,27.518249989952892,-0.15,0.0,-0.73304,-0.58496,-0.50477,-0.4000000000000001,0.0,0.0,0.0,0.0,0.0,0.17,0.0,0.0,0.52333,0.0,0.0,-0.1500000230103366,-5.997244807969676e-09,-0.7330400107577093,-0.5849600040148287,-0.5047700001414561,-0.4000000054315747,-1.866764811578759e-10,-2.1299556682199267e-11,6.106699969625385e-13,-2.7395302332525705e-10,-1.7988107458441157e-11,0.17000000372871155,-1.8028949890619948e-10,-1.3720129000371038e-11,0.523330007744443,1.7684952235483948e-11,5.19666424218042e-12,-0.16283795028840126,-0.0031717628246402986,-0.7387366802665826,-0.5870873046249281,-0.5048500625422576,-0.40286726508773163,-9.444531181921209e-05,-1.1178409064414991e-05,3.5403385725330453e-07,-0.00013607195574703057,-9.176556853747248e-06,0.1719699532010291,-8.889611403469039e-05,-6.8264205993655e-06,0.5274177648334507,1.205099211544202e-05,3.6310038609618564e-06
9,True,0.10000000000000007,6.237836624737348,False,False,3.102561811936187e-08,False,26.890374952927232,-0.15,0.0,-0.73304,-0.58496,-0.50477,-0.4000000000000001,0.0,0.0,0.0,0.0,0.0,0.17,0.0,0.0,0.52333,0.0,0.0,-0.1500000256721893,-6.343061961094909e-09,-0.7330400113924652,-0.5849600042542716,-0.5047700001600992,-0.4000000057345313,-1.8888720742951757e-10,-2.2355321995223072e-11,6.971773291935082e-13,-2.721370422574792e-10,-1.8352576294615452e-11,0.17000000393987882,-1.777885105303835e-10,-1.3652906813115657e-11,0.5233300081749631,2.4093122497951766e-11,7.259156522551125e-12,-0.16396349116509554,-0.0033030841638400817,-0.738980552372785,-0.5871786746779323,-0.5048592183703488,-0.40298270346183845,-9.524178691842844e-05,-1.1618750510641621e-05,3.9477882767967154e-07,-0.00013478823124762296,-9.270038106341299e-06,0.1720503587570357,-8.731290523784716e-05,-6.711778506534894e-06,0.5275819032155894,1.5400208420618226e-05,4.70944080716152e-06
10,True,0.11000000000000008,6.238137850792025,False,False,3.330302364277799e-08,False,27.037458028644323,-0.15,0.0,-0.73304,-0.58496,-0.50477,-0.4000000000000001,0.0,0.0,0.0,0.0,0.0,0.17,0.0,0.0,0.52333,0.0,0.0,-0.15000002792383074,-6.60581234851465e-09,-0.7330400118804102,-0.5849600044370892,-0.5047700001784112,-0.4000000059654046,-1.904810022142515e-10,-2.3236243416101883e-11,7.814441546174816e-13,-2.6957271874808453e-10,-1.8539782021067836e-11,0.17000000410069463,-1.7462466573388204e-10,-1.3423845480429195e-11,0.5233300085033682,3.079114345899735e-11,9.415896611433621e-12,-0.16488328824065454,-0.003401211457322291,-0.7391652884175633,-0.5872472109655302,-0.5048682047040229,-0.40306974351364133,-9.585589232914891e-05,-1.2005878142506857e-05,4.348435192587263e-07,-0.00013331022118924187,-9.314267038948668e-06,0.17211088006718786,-8.555377448282599e-05,-6.552965809553184e-06,0.5277057971553443,1.8817413154942092e-05,5.808597608559027e-06
11,True,0.12000000000000009,6.23836206624249,False,False,3.5148691354119736e-08,False,27.067249990068376,-0.15,0.0,-0.73304,-0.58496,-0.50477,-0.4000000000000001,0.0,0.0,0.0,0.0,0.0,0.17,0.0,0.0,0.52333,0.0,0.0,-0.1500000297639871,-6.80215316972016e-09,-0.7330400122500442,-0.5849600045742243,-0.5047700001963844,-0.4000000061394819,-1.9170971217842905e-10,-2.4010643496499232e-11,8.636729639249779e-13,-2.666188631905795e-10,-1.8628375173996062e-11,0.1700000042217408,-1.7110817210547798e-10,-1.3106342210524383e-11,0.5233300087512579,3.7625352249245295e-11,1.1614148828760853e-11,-0.1656070668943638,-0.0034732322153321425,-0.739303032230877,-0.587297632189563,-0.5048770191776224,-0.4031347190648008,-9.63818152753119e-05,-1.2366778579651525e-05,4.742377452104522e-07,-0.00013176745913837752,-9.340072374516911e-06,0.17215593477190305,-8.373492578040527e-05,-6.3788103650563735e-06,0.5277983800356527,2.224109305958284e-05,6.907522705665835e-06
12,True,0.1300000000000001,6.238527098897662,False,False,3.659420865873452e-08,False,26.39574999921024,-0.15,0.0,-0.73304,-0.58496,-0.50477,-0.4000000000000001,0.0,0.0,0.0,0.0,0.0,0.17,0.0,0.0,0.52333,0.0,0.0,-0.15000003121208066,-6.946262590731139e-09,-0.7330400125256605,-0.5849600046751163,-0.5047700002140137,-0.40000000626943083,-1.9276179850718448e-10,-2.4732515060759633e-11,9.440410941043561e-13,-2.635347727260144e-10,-1.8680036409710185e-11,0.17000000431185291,-1.6747162440459637e-10,-1.2758074217778382e-11,0.5233300089365034,4.447268057357107e-11,1.3811995264790308e-11,-0.16615163452983783,-0.003525002789204763,-0.7394038651446748,-0.5873338845101561,-0.5048856609150328,-0.40318273230568064,-9.68893812451928e-05,-1.2721893593550454e-05,5.129721056552628e-07,-0.00013025365108451035,-9.370564573456255e-06,0.17218910002492155,-8.194233763357244e-05,-6.210993226011311e-06,0.5278668473664287,2.5623733567055006e-05,7.990192269231243e-06
13,True,0.1400000000000001,6.238647087306903,False,False,3.768068669016406e-08,False,26.994042040314525,-0.15,0.0,-0.73304,-0.58496,-0.50477,-0.4000000000000001,0.0,0.0,0.0,0.0,0.0,0.17,0.0,0.0,0.52333,0.0,0.0,-0.15000003230170664,-7.049856460324827e-09,-0.7330400127274275,-0.5849600047476599,-0.5047700002312977,-0.4000000063654557,-1.937769788921441e-10,-2.5442759578241862e-11,1.0226953007605685e-12,-2.6050803956503485e-10,-1.8741007797899657e-11,0.17000000437818544,-1.6388712888409755e-10,-1.2422423177193154e-11,0.5233300090734998,5.1238060920033666e-11,1.5977374769556344e-11,-0.16653814084417604,-0.0035612691970719687,-0.7394760200631272,-0.5873592028046822,-0.5048941303792803,-0.40321781848584815,-9.742857897428836e-05,-1.3085904457506316e-05,5.510573526021621e-07,-0.00012883445277345437,-9.422092889621732e-06,0.17221321430295383,-8.023722257272454e-05,-6.064926969481373e-06,0.5279168962286038,2.8930290405780846e-05,9.044945463958756e-06
14,True,0.1500000000000001,6.238733091111672,False,False,3.845471492771189e-08,False,26.743833033833653,-0.15,0.0,-0.73304,-0.58496,-0.50477,-0.4000000000000001,0.0,0.0,0.0,0.0,0.0,0.17,0.0,0.0,0.52333,0.0,0.0,-0.15000003307515247,-7.122429672955233e-09,-0.733040012871816,-0.5849600047983264,-0.504770000248237,-0.4000000064356268,-1.9485528522742573e-10,-2.6170755382140358e-11,1.0997520175190007e-12,-2.5767011817951456e-10,-1.8844006363928872e-11,0.17000000442641552,-1.6047723189909803e-10,-1.2130231422697744e-11,0.5233300091736447,5.7851370632714446e-11,1.808695372496733e-11,-0.16678985891342318,-0.0035858214293905144,-0.739526146089993,-0.5873763049270005,-0.5049024292070287,-0.40324312987867633,-9.803303193398096e-05,-1.3468585920535042e-05,5.885041805950776e-07,-0.00012755289579871842,-9.50527925994041e-06,0.172230498851537,-7.866031919209903e-05,-5.950702609022599e-06,0.5279529862831749,3.213652168195702e-05,1.0063874718864805e-05
15,True,0.16000000000000011,6.238795208663195,False,False,3.8964976529008846e-08,False,26.717042026575655,-0.15,0.0,-0.73304,-0.58496,-0.50477,-0.4000000000000001,0.0,0.0,0.0,0.0,0.0,0.17,0.0,0.0,0.52333,0.0,0.0,-0.15000003357895833,-7.171564677613956e-09,-0.7330400129721284,-0.5849600048325532,-0.5047700002648351,-0.4000000064862486,-1.9606400919849106e-10,-2.6936065426820294e-11,1.17530708430475e-12,-2.5510718608097796e-10,-1.9010291701343604e-11,0.17000000446098576,-1.5732350822474442e-10,-1.1901695581628463e-11,0.5233300092458607,6.426409629597084e-11,2.0124906686667964e-11,-0.16693044033231824,-0.003601854967882926,-0.7395595580452499,-0.5873887580333982,-0.5049105604268966,-0.4032611081323934,-9.8723246617539e-05,-1.3875729997151754e-05,6.253231637165599e-07,-0.0001264341344251795,-9.626123275067726e-06,0.17224298262698018,-7.72359590506191e-05,-5.874103387859091e-06,0.527978581582322,3.522711625889056e-05,1.1042157493540818e-05
16,True,0.17000000000000012,6.2388458798076645,False,False,3.9259938109155557e-08,False,27.51054201507941,-0.15,0.0,-0.73304,-0.58496,-0.50477,-0.4000000000000001,0.0,0.0,0.0,0.0,0.0,0.17,0.0,0.0,0.52333,0.0,0.0,-0.15000003386042626,-7.203653957198186e-09,-0.7330400130389981,-0.5849600048574721,-0.504770000281098,-0.40000000652220447,-1.9744419994642288e-10,-2.7750284671757735e-11,1.2494370755432261e-12,-2.5286963877533576e-10,-1.925187567415436e-11,0.17000000448595415,-1.544746905802856e-10,-1.1748393958252532e-11,0.5233300092970783,7.044559113968769e-11,2.2081580120108277e-11,-0.1669878183365601,-0.0036134497503185333,-0.7395803525975035,-0.5873992348418828,-0.5049185259651029,-0.40327398928553343,-9.953042279573262e-05,-1.4316621733871492e-05,6.615249009464385e-07,-0.00012551853760763877,-9.794901688418092e-06,0.1722531658520963,-7.600216979945216e-05,-5.84480059448751e-06,0.5279962586743289,3.8180220826685426e-05,1.1972557458432742e-05
17,True,0.18000000000000013,6.2388916152118155,False,False,3.939488451908159e-08,False,27.20262500224635,-0.15,0.0,-0.73304,-0.58496,-0.50477,-0.4000000000000001,0.0,0.0,0.0,0.0,0.0,0.17,0.0,0.0,0.52333,0.0,0.0,-0.1500000339754109,-7.226854973393232e-09,-0.7330400130806218,-0.5849600048784311,-0.5047700002970295,-0.40000000654796636,-1.9905822736671075e-10,-2.8631973558696866e-11,1.322217518727116e-12,-2.5103820208032847e-10,-1.9589299984990927e-11,0.17000000450632125,-1.520068041436281e-10,-1.1689658404159863e-11,0.5233300093324528,7.635216663423724e-11,2.3942508025614627e-11,-0.16700645521235166,-0.0036231647750615812,-0.739593674965547,-0.5874087870591155,-0.5049263236643016,-0.4032844553509895,-0.0001005199563411133,-1.4811416718538284e-05,6.971201643273754e-07,-0.00012489431023278403,-1.003494371672477e-05,0.17226235717899033,-7.504037577594557e-05,-5.88442792348402e-06,0.5280088281929705,4.095217759221759e-05,1.2840012809037978e-05
18,True,0.19000000000000014,6.238934968841663,False,False,3.9453587000586704e-08,False,26.217165985144675,-0.15,0.0,-0.73304,-0.58496,-0.50477,-0.4000000000000001,0.0,0.0,0.0,0.0,0.0,0.17,0.0,0.0,0.52333,0.0,0.0,-0.15000003401279113,-7.246289832930908e-09,-0.7330400131072871,-0.5849600048975381,-0.5047700003126253,-0.40000000656889834,-2.0103678895482414e-10,-2.962141329001578e-11,1.3936503424445614e-12,-2.497891389986306e-10,-2.0069187073852124e-11,0.1700000045247043,-1.5008260756952437e-10,-1.176872331649871e-11,0.5233300093576048,8.189656730686135e-11,2.5677588380289035e-11,-0.1670109362781811,-0.003632028815404904,-0.7396039060344157,-0.587417851285503,-0.5049339599819644,-0.40329388182520354,-0.0001016451107921065,-1.5345199303249752e-05,7.321187411423141e-07,-0.00012449499398715396,-1.0328090772729777e-05,0.1722710699717061,-7.42904141427795e-05,-5.976323044800709e-06,0.5280191991445805,4.3573447597462435e-05,1.3655551252508483e-05
19,True,0.20000000000000015,6.238976957242772,False,False,3.948386774496238e-08,False,26.808166003320366,-0.15,0.0,-0.73304,-0.58496,-0.50477,-0.4000000000000001,0.0,0.0,0.0,0.0,0.0,0.17,0.0,0.0,0.52333,0.0,0.0,-0.15000003402179218,-7.264020077720618e-09,-0.7330400131277577,-0.5849600049156678,-0.5047700003278983,-0.4000000065877512,-2.0328672031583606e-10,-3.068886909258551e-11,1.4637492143133201e-12,-2.4898998119381177e-10,-2.0655333954667262e-11,0.17000000454213002,-1.4858217081822542e-10,-1.1952369431883004e-11,0.5233300093783523,8.713951129136858e-11,2.7308804801111797e-11,-0.1670102550663216,-0.0036404618512012542,-0.7396128282093801,-0.5874266158086774,-0.504941442834347,-0.40330280927037065,-0.00010283804411079053,-1.5896597340138143e-05,7.665301277362867e-07,-0.00012422550702381822,-1.0648693266086684e-05,0.1722795085625469,-7.366568298724294e-05,-6.096860854473936e-06,0.5280286152655043,4.608891837608518e-05,1.4435161769689346e-05
20,True,0.21000000000000016,6.239017988700784,False,False,3.9503484005031424e-08,False,26.701583003159612,-0.15,0.0,-0.73304,-0.58496,-0.50477,-0.4000000000000001,0.0,0.0,0.0,0.0,0.0,0.17,0.0,0.0,0.52333,0.0,0.0,-0.15000003402044396,-7.2808872329625796e-09,-0.7330400131456056,-0.5849600049331977,-0.5047700003428645,-0.40000000660560603,-2.0567239576751214e-10,-3.1791614506964175e-11,1.5326157362530526e-12,-2.4845069626850194e-10,-2.129646214388823e-11,0.17000000455900724,-1.4733239911554011e-10,-1.2193365789139128e-11,0.523330009397187,9.217073375285831e-11,2.886812153155016e-11,-0.16700770084583902,-0.0036486354672436794,-0.7396211475423929,-0.5874351617687471,-0.5049487783364028,-0.40331145092939297,-0.00010405418906841658,-1.645162854294922e-05,8.003638491472883e-07,-0.0001240233198038836,-1.097997027376056e-05,0.17228775501552696,-7.310912905441468e-05,-6.230550936774727e-06,0.5280375641889412,4.852858750777416e-05,1.5189494622677514e-05
21,True,0.22000000000000017,6.2390582312337095,False,False,3.951899478240123e-08,False,27.18729100888595,-0.15,0.0,-0.73304,-0.58496,-0.50477,-0.4000000000000001,0.0,0.0,0.0,0.0,0.0,0.17,0.0,0.0,0.52333,0.0,0.0,-0.15000003401534068,-7.297235106104583e-09,-0.7330400131622459,-0.5849600049502902,-0.5047700003575358,-0.40000000662288926,-2.0810461698068244e-10,-3.2901664702986774e-11,1.6003047738700053e-12,-2.4804616214203594e-10,-2.1958985472255322e-11,0.17000000457550013,-1.4621912361456602e-10,-1.2460709244285968e-11,0.523330009415086,9.705027076710492e-11,3.0376853747451893e-11,-0.1670044330443928,-0.00365662044320713,-0.7396291443874198,-0.587443524833377,-0.504955971037538,-0.4033198918267866,-0.00010526949525369302,-1.7002788618902505e-05,8.336294275278459e-07,-0.0001238544484628658,-1.131287334388029e-05,0.17229584309652834,-7.258967604319302e-05,-6.369009038783169e-06,0.5280462380479143,5.0909181416098896e-05,1.5924472564674087e-05
22,True,0.23000000000000018,6.239097757887065,False,False,3.9532750658155016e-08,False,26.816124969627708,-0.15,0.0,-0.73304,-0.58496,-0.50477,-0.4000000000000001,0.0,0.0,0.0,0.0,0.0,0.17,0.0,0.0,0.52333,0.0,0.0,-0.15000003400880704,-7.313205514693916e-09,-0.7330400131782404,-0.5849600049670167,-0.5047700003719215,-0.40000000663977103,-2.105352267983739e-10,-3.400399329922836e-11,1.6668487996545188e-12,-2.4770834415230834e-10,-2.2624785811853148e-11,0.1700000045916763,-1.4518012887796555e-10,-1.2737611783879927e-11,0.5233300094324344,1.0181161152317784e-10,3.184685992701922e-11,-0.16700084202456916,-0.003664446701206308,-0.7396369307430056,-0.5874517214770528,-0.5049630245204888,-0.40332816674167293,-0.00010647239607296072,-1.754650809080935e-05,8.663363186232024e-07,-0.00012370224595044044,-1.1643042034278468e-05,0.17230378747994962,-7.209203728174609e-05,-6.508162282162771e-06,0.5280547134637857,5.3239314583416415e-05,1.6643134205166765e-05
23,True,0.24000000000000019,6.239136603984993,False,False,3.954556527986831e-08,False,27.275458036456257,-0.15,0.0,-0.73304,-0.58496,-0.50477,-0.4000000000000001,0.0,0.0,0.0,0.0,0.0,0.17,0.0,0.0,0.52333,0.0,0.0,-0.15000003400162593,-7.328858413375994e-09,-0.7330400131938137,-0.5849600049834105,-0.5047700003860289,-0.4000000066563208,-2.129410577852769e-10,-3.509145054140313e-11,1.7322717936387255e-12,-2.474039056032853e-10,-2.3285129385633777e-11,0.17000000460756504,-1.4418480167135202e-10,-1.3015915800471491e-11,0.5233300094493857,1.0647200735137844e-10,3.328422520915532e-11,-0.16699718670593985,-0.0036721275194080416,-0.7396445518383535,-0.5874597600094259,-0.5049699418125964,-0.4033362907132241,-0.00010765818800256564,-1.8081378245070842e-05,8.98493870180128e-07,-0.00012355958722613515,-1.1968687739248686e-05,0.17231159525742437,-7.160960331416852e-05,-6.646304429745181e-06,0.5280630218305614,5.552312270869699e-05,1.7346927479906546e-05
24,True,0.25000000000000017,6.239174790200306,False,False,3.9557941177345816e-08,False,27.16933295596391,-0.15,0.0,-0.73304,-0.58496,-0.50477,-0.4000000000000001,0.0,0.0,0.0,0.0,0.0,0.17,0.0,0.0,0.52333,0.0,0.0,-0.15000003399431547,-7.344220396329065e-09,-0.7330400132090563,-0.584960004999488,-0.5047700003998639,-0.4000000066725687,-2.1531268390125643e-10,-3.616121304169306e-11,1.7965955960377747e-12,-2.4711857262100026e-10,-2.3936431936411452e-11,0.17000000462318057,-1.4321990106727373e-10,-1.3292202323496099e-11,0.5233300094660028,1.110397418883414e-10,3.469184983297753e-11,-0.16699359675340117,-0.003679669713561736,-0.7396520270419848,-0.5874676455791413,-0.5049767257067561,-0.4033442711248056,-0.00010882478389039227,-1.8606813285932165e-05,9.301112917761432e-07,-0.00012342298034067137,-1.2289001793299574e-05,0.17231927057551572,-7.113907505106872e-05,-6.782631413790103e-06,0.5280711770037649,5.7763023716612525e-05,1.803669015579563e-05
25,True,0.2600000000000002,6.239212331422514,False,False,3.957012634159742e-08,False,26.830875023733824,-0.15,0.0,-0.73304,-0.58496,-0.50477,-0.4000000000000001,0.0,0.0,0.0,0.0,0.0,0.17,0.0,0.0,0.52333,0.0,0.0,-0.1500000339871354,-7.3593051149595246e-09,-0.7330400132240071,-0.5849600050152595,-0.504770000413432,-0.4000000066885295,-2.176459238393191e-10,-3.721210696828732e-11,1.859837553027635e-12,-2.4684535193881044e-10,-2.4577073425583124e-11,0.1700000046385312,-1.4227882023584715e-10,-1.3564860737592238e-11,0.5233300094823136,1.1551965569696733e-10,3.6071411018589105e-11,-0.16699005229843153,-0.003687077554641331,-0.7396593656532515,-0.5874753820723254,-0.5049833788748342,-0.40335211236826923,-0.00010997113924072134,-1.9122554648309985e-05,9.61197645603396e-07,-0.00012329038659312927,-1.2603566250285515e-05,0.17232681641847253,-7.067847819578026e-05,-6.91669945128987e-06,0.5280791860100342,5.996074006823393e-05,1.8713012938911453e-05
26,True,0.2700000000000002,6.239249239963689,False,False,3.958209903697159e-08,False,26.97987499414012,-0.15,0.0,-0.73304,-0.58496,-0.50477,-0.4000000000000001,0.0,0.0,0.0,0.0,0.0,0.17,0.0,0.0,0.52333,0.0,0.0,-0.15000003398004638,-7.374121115382576e-09,-0.7330400132386846,-0.5849600050307329,-0.5047700004267387,-0.40000000670421193,-2.1993868565847816e-10,-3.8243614296164154e-11,1.922017430651526e-12,-2.4658016280947395e-10,-2.520621689650548e-11,0.17000000465362286,-1.4135760726015356e-10,-1.3833002489951646e-11,0.5233300094983319,1.1991519562536915e-10,3.742409085467804e-11,-0.1669865385156068,-0.0036943541126008782,-0.739666572674956,-0.5874829726747779,-0.50498990387167,-0.40335981758519296,-0.00011109710266197385,-1.9628623533482838e-05,9.917618481953155e-07,-0.00012316101313656217,-1.291229736868751e-05,0.1723342352527107,-7.022697643974475e-05,-7.0483734694426284e-06,0.5280870530931842,6.211739267821792e-05,1.9376273308879637e-05
27,True,0.2800000000000002,6.239285527028664,False,False,3.959384090588516e-08,False,26.363582990597934,-0.15,0.0,-0.73304,-0.58496,-0.50477,-0.4000000000000001,0.0,0.0,0.0,0.0,0.0,0.17,0.0,0.0,0.52333,0.0,0.0,-0.15000003397301875,-7.3886745441571755e-09,-0.7330400132530991,-0.5849600050459144,-0.5047700004397889,-0.4000000067196223,-2.2219066403384932e-10,-3.9255776648522596e-11,1.9831535021629776e-12,-2.463214160094464e-10,-2.5823693943782008e-11,0.17000000466846052,-1.4045458661415561e-10,-1.409635658424131e-11,0.5233300095140664,1.2422860514533975e-10,3.8750644860751976e-11,-0.1669830498832512,-0.0037015019669512546,-0.7396736514186967,-0.5874904202700061,-0.5049963031778698,-0.403367389408064,-0.00011220286922105453,-2.0125148740635017e-05,1.021812668854918e-06,-0.00012303455595785194,-1.321524097492379e-05,0.1723415293223642,-6.978418131081306e-05,-7.177638776186938e-06,0.528094781391463,6.423385731014499e-05,2.002676204097464e-05
28,True,0.2900000000000002,6.239321203293682,False,False,3.960534727116614e-08,False,27.169667009729892,-0.15,0.0,-0.73304,-0.58496,-0.50477,-0.4000000000000001,0.0,0.0,0.0,0.0,0.0,0.17,0.0,0.0,0.52333,0.0,0.0,-0.15000003396604142,-7.402970557748856e-09,-0.7330400132672569,-0.5849600050608099,-0.5047700004525879,-0.40000000673476593,-2.2440224827532766e-10,-4.024885132347883e-11,2.0432618133306256e-12,-2.460685025423674e-10,-2.6429595867400032e-11,0.17000000468304866,-1.3956898004398137e-10,-1.435489330654544e-11,0.5233300095295234,1.2846163651054898e-10,4.0051654846801716e-11,-0.16697958429031035,-0.0037085234894468026,-0.7396806045292366,-0.5874977276002057,-0.5050025792182181,-0.40337483025018805,-0.0001132887477670821,-2.061229345518579e-05,1.0513587304331422e-06,-0.00012291087814417286,-1.3512485568932166e-05,0.1723487007656235,-6.934985874143292e-05,-7.304521054461697e-06,0.5281023735922417,6.631091678352547e-05,2.066473719186763e-05
29,True,0.3000000000000002,6.239356279126615,False,False,3.961661874916041e-08,False,26.69929200783372,-0.15,0.0,-0.73304,-0.58496,-0.50477,-0.4000000000000001,0.0,0.0,0.0,0.0,0.0,0.17,0.0,0.0,0.52333,0.0,0.0,-0.15000003395911019,-7.417013903228409e-09,-0.7330400132811634,-0.584960005075425,-0.5047700004651403,-0.4000000067496476,-2.2657405574118272e-10,-4.1223164594736015e-11,2.1023606194085494e-12,-2.45821147888247e-10,-2.7024099536309266e-11,0.17000000469739152,-1.3870031913363473e-10,-1.4608663910827674e-11,0.5233300095447081,1.3261585551222182e-10,4.132763701503411e-11,-0.16697614087632578,-0.0037154209495856116,-0.7396874343735359,-0.5875048973247488,-0.505008734368288,-0.403382142416798,-0.0001143550811511092,-2.1090230183223403e-05,1.0804085112201343e-06,-0.00012278989970777418,-1.3804132613652256e-05,0.1723557516589863,-6.892382855496685e-05,-7.429058990041776e-06,0.5281098321837008,6.834931346321097e-05,2.12904427022735e-05
30,True,0.3100000000000002,6.239390764671848,False,False,3.962765762850444e-08,False,26.817584002856165,-0.15,0.0,-0.73304,-0.58496,-0.50477,-0.4000000000000001,0.0,0.0,0.0,0.0,0.0,0.17,0.0,0.0,0.52333,0.0,0.0,-0.1500000339522233,-7.430809117331405e-09,-0.7330400132948234,-0.5849600050897648,-0.5047700004774509,-0.4000000067642719,-2.287067719860007e-10,-4.217906147236609e-11,2.1604661343014252e-12,-2.4557919210015967e-10,-2.7607407857252225e-11,0.1700000047114933,-1.3784824329102566e-10,-1.4857745730349065e-11,0.5233300095596255,1.3669274706010117e-10,4.2579079283531834e-11,-0.16697271923973314,-0.0037221965542795893,-0.7396941431888654,-0.5875119320417721,-0.5050147709571485,-0.4033893281479144,-0.00011540221917579934,-2.1559132279157583e-05,1.1089703471852385e-06,-0.0001226715602123185,-1.4090286493875982e-05,0.17236268403432342,-6.850593034332021e-05,-7.551295005917888e-06,0.5281171595519076,7.034976730702937e-05,2.1904114786490198e-05
31,True,0.32000000000000023,6.239424669884225,False,False,3.9638467046965456e-08,False,27.420040976721793,-0.15,0.0,-0.73304,-0.58496,-0.50477,-0.4000000000000001,0.0,0.0,0.0,0.0,0.0,0.17,0.0,0.0,0.52333,0.0,0.0,-0.15000003394537997,-7.444360617097495e-09,-0.7330400133082413,-0.5849600051038346,-0.5047700004895244,-0.4000000067786433,-2.3080109664544348e-10,-4.31168886401781e-11,2.2175965747233333e-12,-2.4534251418114293e-10,-2.817972957811063e-11,0.17000000472535803,-1.3701243178204647e-10,-1.5102223603929608e-11,0.5233300095742806,1.4069375111019737e-10,4.3806454096779676e-11,-0.1669693191476902,-0.0037288524630477685,-0.7397007331394958,-0.5875188342965002,-0.5050206912687983,-0.40339638963513824,-0.00011643050958080074,-2.2019171143786138e-05,1.1370524343063082e-06,-0.00012255580623839286,-1.437105118153923e-05,0.17236949988568157,-6.809601199868753e-05,-7.671272171353992e-06,0.528124358018546,7.231298210999907e-05,2.250598413986685e-05
32,True,0.33000000000000024,6.239458004543564,False,False,3.964905027509046e-08,False,26.69612498721108,-0.15,0.0,-0.73304,-0.58496,-0.50477,-0.4000000000000001,0.0,0.0,0.0,0.0,0.0,0.17,0.0,0.0,0.52333,0.0,0.0,-0.15000003393857977,-7.457672718518688e-09,-0.7330400133214215,-0.5849600051176395,-0.5047700005013653,-0.40000000679276626,-2.328577252080997e-10,-4.4036988909346457e-11,2.2737674130016047e-12,-2.4511100736438786e-10,-2.874127265224929e-11,0.1700000047389897,-1.361925801898322e-10,-1.5342183668043776e-11,0.5233300095886778,1.4462027526863843e-10,4.501022285734093e-11,-0.16696594042972482,-0.0037353907940986197,-0.7397072063386656,-0.5875256065848007,-0.5050264975431895,-0.4034033290284769,-0.00011744029513455684,-2.247051533977195e-05,1.1646628309017177e-06,-0.00012244258723557953,-1.4646529162885661e-05,0.1723762011722062,-6.769392589523249e-05,-7.789033194063557e-06,0.5281314298558547,7.423964774060187e-05,2.30962767276992e-05
33,True,0.34000000000000025,6.239490778261975,False,False,3.965941051243956e-08,False,27.098333986941725,-0.15,0.0,-0.73304,-0.58496,-0.50477,-0.4000000000000001,0.0,0.0,0.0,0.0,0.0,0.17,0.0,0.0,0.52333,0.0,0.0,-0.1500000339318223,-7.470749658657072e-09,-0.7330400133343682,-0.5849600051311843,-0.5047700005129782,-0.400000006806645,-2.348773431336878e-10,-4.493969940576044e-11,2.3289939776797276e-12,-2.4488457033120144e-10,-2.9292242058253314e-11,0.17000000475239227,-1.3538839347586665e-10,-1.5577711338341004e-11,0.5233300096028218,1.4847369938597674e-10,4.61908375047268e-11,-0.16696258293875485,-0.0037418136270142427,-0.7397135648573488,-0.5875322513550254,-0.5050321919771169,-0.40341014843935463,-0.00011843191276697509,-2.291333034666765e-05,1.1918094599365597e-06,-0.00012233185416928388,-1.4916821117941427e-05,0.17238278981959285,-6.729952762076727e-05,-7.904620105631788e-06,0.5281383772928026,7.613044103051847e-05,2.367521409816423e-05
34,True,0.35000000000000026,6.2395230004883535,False,False,3.9669551195427114e-08,False,27.461666031740606,-0.15,0.0,-0.73304,-0.58496,-0.50477,-0.4000000000000001,0.0,0.0,0.0,0.0,0.0,0.17,0.0,0.0,0.52333,0.0,0.0,-0.15000003392510727,-7.483595599547949e-09,-0.7330400133470856,-0.5849600051444742,-0.5047700005243673,-0.40000000682028375,-2.3686062441648833e-10,-4.582535110585011e-11,2.383293119842913e-12,-2.446631053407578e-10,-2.983283914940679e-11,0.17000000476556953,-1.34599582524088e-10,-1.580889067860614e-11,0.5233300096167169,1.5225537703441455e-10,4.734874116591771e-11,-0.16695924653679947,-0.003748123004161799,-0.739719810727997,-0.5875387710092286,-0.5050377767250577,-0.4034168499421558,-0.00011940569337241168,-2.3347778525237443e-05,1.2185001112944836e-06,-0.00012222355908341623,-1.5182025845564293e-05,0.1723892677209763,-6.691267554461722e-05,-8.018074173536542e-06,0.5281452025178881,7.798602621692908e-05,2.424301353736451e-05
35,True,0.36000000000000026,6.2395546805116675,False,False,3.967947558484384e-08,False,27.151708025485277,-0.15,0.0,-0.73304,-0.58496,-0.50477,-0.4000000000000001,0.0,0.0,0.0,0.0,0.0,0.17,0.0,0.0,0.52333,0.0,0.0,-0.15000003391843442,-7.496214623863018e-09,-0.7330400133595776,-0.5849600051575138,-0.5047700005355371,-0.40000000683368675,-2.3880823078574476e-10,-4.669426874171867e-11,2.4366802840781625e-12,-2.4444651614300913e-10,-3.0363261536802246e-11,0.17000000477852534,-1.3382586438483429e-10,-1.6035804228811765e-11,0.5233300096303677,1.5596663682239907e-10,4.848436840947318e-11,-0.1669559310897394,-0.0037543209316233976,-0.7397259459463602,-0.5875451679041532,-0.5050432538999872,-0.40342343557520105,-0.00012036196182726072,-2.3774019148253786e-05,1.2447424440125701e-06,-0.0001221176549566565,-1.5442240266477994e-05,0.17239563673760164,-6.653323065399186e-05,-8.12943588539765e-06,0.5281519076806368,7.980705523716314e-05,2.479988817237255e-05
36,True,0.3700000000000003,6.239585827463987,False,False,3.9689187009673205e-08,False,27.198583004064858,-0.15,0.0,-0.73304,-0.58496,-0.50477,-0.4000000000000001,0.0,0.0,0.0,0.0,0.0,0.17,0.0,0.0,0.52333,0.0,0.0,-0.15000003391180347,-7.508610742716637e-09,-0.7330400133718483,-0.5849600051703079,-0.5047700005464917,-0.400000006846858,-2.407208120309241e-10,-4.754677085196438e-11,2.489171121860276e-12,-2.4423470903578264e-10,-3.0883703062235595e-11,0.17000000479126334,-1.3306696079761794e-10,-1.6258532961919503e-11,0.5233300096437783,1.5960878266567304e-10,4.959814549625359e-11,-0.16695263646539385,-0.00376040937993934,-0.7397319724725726,-0.5875514443521244,-0.5050486255741776,-0.40342990734149875,-0.00012130103707330479,-2.4192208451231026e-05,1.2705439884790489e-06,-0.00012201409565005773,-1.5697559449938916e-05,0.1724018986994071,-6.61610564743191e-05,-8.238744955369808e-06,0.5281584948925873,8.159416797399541e-05,2.534604705692515e-05
37,True,0.3800000000000003,6.239616450323225,False,False,3.969868876491266e-08,False,26.83950000209734,-0.15,0.0,-0.73304,-0.58496,-0.50477,-0.4000000000000001,0.0,0.0,0.0,0.0,0.0,0.17,0.0,0.0,0.52333,0.0,0.0,-0.1500000339052142,-7.520787898267906e-09,-0.7330400133839017,-0.5849600051828611,-0.5047700005572353,-0.40000000685980147,-2.4259900605592705e-10,-4.8383169930758417e-11,2.5407795088594785e-12,-2.440275914417653e-10,-3.1394353872745036e-11,0.17000000480378727,-1.3232259890940973e-10,-1.6477156305902884e-11,0.5233300096569531,1.6318309423450812e-10,5.069049055221489e-11,-0.16694936253281226,-0.0037663902847746887,-0.7397378922319481,-0.5875576026219003,-0.5050538937799814,-0.40343626720940506,-0.00012222323221937502,-2.460249968831291e-05,1.2959121485942266e-06,-0.00012191283588191061,-1.594807664687404e-05,0.17240805540556786,-6.579601901505111e-05,-8.346040336854485e-06,0.528164966228076,8.33479924831316e-05,2.5881695250855116e-05
38,True,0.3900000000000003,6.2396465579157505,False,False,3.970798401032705e-08,False,27.43433299474418,-0.15,0.0,-0.73304,-0.58496,-0.50477,-0.4000000000000001,0.0,0.0,0.0,0.0,0.0,0.17,0.0,0.0,0.52333,0.0,0.0,-0.15000003389866629,-7.532749965021707e-09,-0.7330400133957414,-0.584960005195178,-0.504770000567772,-0.4000000068725212,-2.444434391230335e-10,-4.920377248544307e-11,2.591521805940663e-12,-2.4382507287073335e-10,-3.1895400471433025e-11,0.17000000481610067,-1.3159251071898515e-10,-1.669175218271086e-11,0.523330009669896,1.666908278075141e-10,5.1761813710710135e-11,-0.1669461091620118,-0.0037722655475503314,-0.7397437071156606,-0.5875636449394983,-0.5050590605106002,-0.40344251711324164,-0.0001231288546467104,-2.5005043188790748e-05,1.3208542038950922e-06,-0.0001218138312102913,-1.6193883324280456e-05,0.17241410862501974,-6.543798672305643e-05,-8.451360236719526e-06,0.5281713237249356,8.506914521272243e-05,2.6407033896705375e-05
39,True,0.4000000000000003,6.239676158918974,False,False,3.971707600469523e-08,False,27.031041972804815,-0.15,0.0,-0.73304,-0.58496,-0.50477,-0.4000000000000001,0.0,0.0,0.0,0.0,0.0,0.17,0.0,0.0,0.52333,0.0,0.0,-0.1500000338921595,-7.544500741588772e-09,-0.7330400134073715,-0.5849600052072629,-0.5047700005781057,-0.40000000688502096,-2.462547258935601e-10,-5.0008879188997686e-11,2.641411503374064e-12,-2.4362706459429145e-10,-3.238702580047551e-11,0.1700000048282071,-1.3087643304981935e-10,-1.6902396994715268e-11,0.5233300096826112,1.7013321624453383e-10,5.28125172615673e-11,-0.16694287622387788,-0.0037780370360540366,-0.7397494189813725,-0.5875695734890011,-0.5050641277208382,-0.4034486589538907,-0.0001240182061137587,-2.5399986412951126e-05,1.3453773116442467e-06,-0.00012171703801763525,-1.6435069199402713e-05,0.17242006009697,-6.50868304384195e-05,-8.554742129650267e-06,0.5281775693851544,8.675823121787048e-05,2.6922260294557525e-05
40,True,0.4100000000000003,6.239705261863903,False,False,3.9725967937690024e-08,False,26.557750010397285,-0.15,0.0,-0.73304,-0.58496,-0.50477,-0.4000000000000001,0.0,0.0,0.0,0.0,0.0,0.17,0.0,0.0,0.52333,0.0,0.0,-0.15000003388569355,-7.556043963696107e-09,-0.7330400134187954,-0.5849600052191203,-0.5047700005882404,-0.4000000068973046,-2.4803347003772395e-10,-5.079878496135385e-11,2.69046277307968e-12,-2.434334791715344e-10,-3.286940929533204e-11,0.17000000484011002,-1.301741076720599e-10,-1.7109165695861615e-11,0.5233300096951029,1.735114697049272e-10,5.384299580355519e-11,-0.16693966359012447,-0.003783706585037359,-0.7397550296538378,-0.5875753904133474,-0.5050690973278421,-0.40345469459937644,-0.0001248915828593003,-2.5787474006923653e-05,1.3694885088837493e-06,-0.00012162241349585226,-1.6671722273314847e-05,0.17242591153139775,-6.474242335127999e-05,-8.65622277228072e-06,0.5281837051755129,8.841584437099317e-05,2.742756797537344e-05
41,True,0.4200000000000003,6.239733875137599,False,False,3.973466294314924e-08,False,26.82791603729129,-0.15,0.0,-0.73304,-0.58496,-0.50477,-0.4000000000000001,0.0,0.0,0.0,0.0,0.0,0.17,0.0,0.0,0.52333,0.0,0.0,-0.15000003387926825,-7.567383305488035e-09,-0.733040013430017,-0.5849600052307544,-0.5047700005981799,-0.40000000690937587,-2.4978026399069715e-10,-5.157377909814436e-11,2.7386898932801445e-12,-2.4324423112667345e-10,-3.334272695928466e-11,0.17000000485181288,-1.294852809637136e-10,-1.7312131801833458e-11,0.5233300097073746,1.7682677594572666e-10,5.4853636430730705e-11,-0.16693647113327645,-0.003789275996800775,-0.7397605409254886,-0.5875810978151074,-0.5050739712118265,-0.40346062588543374,-0.00012574927570367013,-2.616764785647291e-05,1.3931947144545009e-06,-0.00012152991563166616,-1.69039288638417e-05,0.17243166460954573,-6.440464095941153e-05,-8.755838217037452e-06,0.5281897330282058,9.004256756829956e-05,2.792314677293882e-05
42,True,0.4300000000000003,6.239762006985621,False,False,3.974316421278826e-08,False,26.54749999055639,-0.15,0.0,-0.73304,-0.58496,-0.50477,-0.4000000000000001,0.0,0.0,0.0,0.0,0.0,0.17,0.0,0.0,0.52333,0.0,0.0,-0.1500000338728833,-7.578522366082086e-09,-0.7330400134410399,-0.5849600052421695,-0.5047700006079279,-0.4000000069212384,-2.514956893998402e-10,-5.233414539945226e-11,2.7861080320062026e-12,-2.4305923646114527e-10,-3.3807151437976806e-11,0.170000004863319,-1.2880970378867374e-10,-1.7511367425627794e-11,0.5233300097194307,1.800803007959758e-10,5.5844818796813326e-11,-0.16693329872666002,-0.0037947470417679994,-0.739765954557008,-0.587586697757243,-0.5050787512167852,-0.40346645461606656,-0.00012659157014808189,-2.654064713974699e-05,1.4165027309816374e-06,-0.00012143950319214908,-1.7131773637827675e-05,0.17243732098440306,-6.40733610265017e-05,-8.85362382569759e-06,0.5281956548414506,9.16389729324792e-05,2.8409182894443092e-05
43,True,0.44000000000000034,6.2397896655144205,False,False,3.9751474715814264e-08,False,26.41983301145956,-0.15,0.0,-0.73304,-0.58496,-0.50477,-0.4000000000000001,0.0,0.0,0.0,0.0,0.0,0.17,0.0,0.0,0.52333,0.0,0.0,-0.15000003386653843,-7.589464689518322e-09,-0.7330400134518673,-0.5849600052533697,-0.5047700006174881,-0.40000000693289584,-2.5318031723312213e-10,-5.308016220708029e-11,2.8327289886385677e-12,-2.4287841253163925e-10,-3.426285208039969e-11,0.17000000487463174,-1.281471318490858e-10,-1.7706943282637258e-11,0.5233300097312745,1.832731885090949e-10,5.681691534218996e-11,-0.16693014624439595,-0.003800121459049948,-0.7397712722778936,-0.5875921922638546,-0.5050834391511894,-0.4034721825640966,-0.00012741874647209883,-2.6906608379007602e-05,1.4394192468266164e-06,-0.00012135113571047138,-1.735533964277335e-05,0.17244288228118027,-6.374846354114344e-05,-8.949614282673399e-06,0.5282014724800862,9.320562201166731e-05,2.8885858989718872e-05
44,True,0.45000000000000034,6.239816858693689,False,False,3.9759597632232486e-08,False,27.12754101958126,-0.15,0.0,-0.73304,-0.58496,-0.50477,-0.4000000000000001,0.0,0.0,0.0,0.0,0.0,0.17,0.0,0.0,0.52333,0.0,0.0,-0.15000003386023342,-7.600213753483631e-09,-0.733040013462503,-0.5849600052643589,-0.5047700006268642,-0.4000000069443517,-2.548347081856965e-10,-5.381210258073371e-11,2.8785670549524004e-12,-2.4270167851088344e-10,-3.470999496260922e-11,0.17000000488575434,-1.2749732502127364e-10,-1.7898928751636494e-11,0.5233300097429101,1.86406562223667e-10,5.777029137523011e-11,-0.16692701356139408,-0.0038054009569986735,-0.739776495787011,-0.5875975833209122,-0.5050880367886709,-0.40347781147170253,-0.000128231079829302,-2.726566549136584e-05,1.4619508380065013e-06,-0.00012126477347188591,-1.757470833785843e-05,0.17244835009777598,-6.342983067654435e-05,-9.043843608034572e-06,0.5282071877761593,9.474306597474665e-05,2.9353354219163616e-05
45,True,0.46000000000000035,6.239843594358733,False,False,3.976753591899676e-08,False,26.818000013008714,-0.15,0.0,-0.73304,-0.58496,-0.50477,-0.4000000000000001,0.0,0.0,0.0,0.0,0.0,0.17,0.0,0.0,0.52333,0.0,0.0,-0.150000033853968,-7.610772974949581e-09,-0.7330400134729503,-0.5849600052751412,-0.5047700006360597,-0.4000000069556095,-2.5645941243595573e-10,-5.453023435561858e-11,2.9236350488855335e-12,-2.42528955116594e-10,-3.514874301647499e-11,0.17000000489668995,-1.2686004759968495e-10,-1.8087391869699957e-11,0.5233300097543409,1.89481524329356e-10,5.870530521458737e-11,-0.16692390055334816,-0.003810587213751489,-0.7397816267531345,-0.5876028728769744,-0.5050925458686943,-0.4034833430509493,-0.00012902884034119536,-2.7617949838545558e-05,1.4841039700810406e-06,-0.00012118037749995452,-1.7789959624366585e-05,0.17245372600523615,-6.31173467509535e-05,-9.136345170276776e-06,0.5282128025295009,9.625184580304876e-05,2.9811844320366446e-05
46,True,0.47000000000000036,6.239869880212672,False,False,3.9775292603663306e-08,False,26.46466699661687,-0.15,0.0,-0.73304,-0.58496,-0.50477,-0.4000000000000001,0.0,0.0,0.0,0.0,0.0,0.17,0.0,0.0,0.52333,0.0,0.0,-0.15000003384774196,-7.621145709738736e-09,-0.7330400134832125,-0.5849600052857207,-0.504770000645078,-0.4000000069666726,-2.580549703773676e-10,-5.523482027119074e-11,2.9679462481029315e-12,-2.423601640151639e-10,-3.557925605339723e-11,0.17000000490744174,-1.2623506825623371e-10,-1.8272399379635758e-11,0.5233300097655706,1.9249915677861489e-10,5.962230834844168e-11,-0.1669208070967309,-0.0038156818777654294,-0.7397866668154813,-0.5876080628438932,-0.505096968097215,-0.403488778984309,-0.0001298122931893866,-2.7963590275694612e-05,1.5058850000079721e-06,-0.00012109790954302063,-1.8001171875525682e-05,0.17245901154820503,-6.281089818879842e-05,-9.227151698843076e-06,0.5282183185082936,9.773249247851768e-05,3.026150167346391e-05
47,True,0.48000000000000037,6.239895723828688,False,False,3.978287064984603e-08,False,27.080667030531913,-0.15,0.0,-0.73304,-0.58496,-0.50477,-0.4000000000000001,0.0,0.0,0.0,0.0,0.0,0.17,0.0,0.0,0.52333,0.0,0.0,-0.15000003384155502,-7.631335255560423e-09,-0.7330400134932928,-0.5849600052961008,-0.5047700006539227,-0.40000000697754445,-2.5962191229321474e-10,-5.59261180321422e-11,3.011513038767382e-12,-2.421952290820482e-10,-3.600169082529315e-11,0.17000000491801281,-1.2562215994543248e-10,-1.8454016731679732e-11,0.5233300097766028,1.9546052160168172e-10,6.052164554969574e-11,-0.16691773306878915,-0.0038206865683422853,-0.7397916175842351,-0.5876131550975051,-0.5051013051473245,-0.40349412092517223,-0.00013058169870607626,-2.8302713199262744e-05,1.5273001779672573e-06,-0.00012101733206092552,-1.820842196577541e-05,0.1724642082453691,-6.25103734825231e-05,-9.316295296403892e-06,0.5282237374496277,9.918552716840049e-05,3.070249536524834e-05
48,True,0.4900000000000004,6.239921132652255,False,False,3.979027294387073e-08,False,27.24033297272399,-0.15,0.0,-0.73304,-0.58496,-0.50477,-0.4000000000000001,0.0,0.0,0.0,0.0,0.0,0.17,0.0,0.0,0.52333,0.0,0.0,-0.15000003383540692,-7.641344850709691e-09,-0.7330400135031946,-0.5849600053062856,-0.5047700006625971,-0.4000000069882283,-2.611607588986955e-10,-5.6604380450702655e-11,3.0543476668577204e-12,-2.4203407500585344e-10,-3.641620107203082e-11,0.1700000049284062,-1.2502109947071152e-10,-1.8632308142787742e-11,0.5233300097874409,1.983666611369726e-10,6.14036549945597e-11,-0.16691467834753904,-0.0038256028761443146,-0.7397964806410593,-0.5876181514783093,-0.5051055586598834,-0.4034993704983506,-0.00013133731246288793,-2.8635442593964377e-05,1.5483556491546225e-06,-0.00012093860821196542,-1.8411785299473656e-05,0.17246931758989295,-6.221566315511494e-05,-9.40380745090047e-06,0.5282290610600474,0.00010061146140652794,3.113499125205242e-05
49,True,0.5000000000000003,6.239946114003324,False,False,3.97975024629541e-08,False,27.282166993245482,-0.15,0.0,-0.73304,-0.58496,-0.50477,-0.4000000000000001,0.0,0.0,0.0,0.0,0.0,0.17,0.0,0.0,0.52333,0.0,0.0,-0.15000003382929744,-7.651177675802034e-09,-0.7330400135129209,-0.5849600053162786,-0.5047700006711043,-0.40000000699872745,-2.6267202134092407e-10,-5.7269855500849615e-11,3.0964630955779293e-12,-2.4187662833188243e-10,-3.682293761968496e-11,0.17000000493862488,-1.2443166799941483e-10,-1.8807336589859417e-11,0.5233300097980884,2.0121859843765747e-10,6.226866841162887e-11,-0.16691164281176105,-0.0038304323637008645,-0.7398012575396035,-0.5876230537921344,-0.5051097302441425,-0.40350452930057096,-0.00013207938535806946,-2.8961900078843868e-05,1.5690574555449455e-06,-0.00012086170184008635,-1.86113358390528e-05,0.17247434104984846,-6.192665972330936e-05,-9.489719047356611e-06,0.5282342910160889,0.00010201079727124796,3.155915202143326e-05
50,True,0.5100000000000003,6.239970675078353,False,False,3.9804561992015355e-08,False,26.865582971367985,-0.15,0.0,-0.73304,-0.58496,-0.50477,-0.4000000000000001,0.0,0.0,0.0,0.0,0.0,0.17,0.0,0.0,0.52333,0.0,0.0,-0.15000003382322633,-7.660836857676517e-09,-0.7330400135224749,-0.5849600053260835,-0.5047700006794477,-0.400000007009045,-2.6415620136156087e-10,-5.792278640639982e-11,3.137871102709382e-12,-2.417228164456947e-10,-3.722204838053694e-11,0.1700000049486718,-1.23853650466489e-10,-1.8979163843619467e-11,0.5233300098085485,2.0401733771889356e-10,6.311701117675149e-11,-0.16690862634099557,-0.0038351765659060113,-0.7398059498059987,-0.5876278638107906,-0.5051138214783518,-0.40350959890096044,-0.00013280816370209655,-2.928220495246058e-05,1.589411537626086e-06,-0.00012078657746231267,-1.8807146132636334e-05,0.17247928006863636,-6.164325766145996e-05,-9.574060379463177e-06,0.5282394289648071,0.00010338402756007338,3.1975137252678696e-05
51,True,0.5200000000000004,6.239994822952501,False,False,3.9811454445334584e-08,False,27.33087498927489,-0.15,0.0,-0.73304,-0.58496,-0.50477,-0.4000000000000001,0.0,0.0,0.0,0.0,0.0,0.17,0.0,0.0,0.52333,0.0,0.0,-0.15000003381719335,-7.670325464191607e-09,-0.7330400135318597,-0.5849600053357038,-0.5047700006876303,-0.4000000070191842,-2.6561379167628317e-10,-5.856341180025143e-11,3.1785836951558644e-12,-2.4157256857599337e-10,-3.7613678475047554e-11,0.1700000049585498,-1.2328683591329628e-10,-1.9147850487252413e-11,0.5233300098188247,2.0676386460177082e-10,6.394900245871834e-11,-0.16690562881553786,-0.0038398369905073906,-0.7398105589393451,-0.587632583272711,-0.5051178339103574,-0.40351458084152414,-0.00013352388930170704,-2.959647423721045e-05,1.6094237361035747e-06,-0.00012071320025640478,-1.8999287341126294e-05,0.17248413606540083,-6.13653533660622e-05,-9.656861160939762e-06,0.5282444765242946,0.00010473163596110505,3.238310347615853e-05
52,True,0.5300000000000004,6.2400185645816,False,False,3.9818182527737086e-08,False,27.14904199820012,-0.15,0.0,-0.73304,-0.58496,-0.50477,-0.4000000000000001,0.0,0.0,0.0,0.0,0.0,0.17,0.0,0.0,0.52333,0.0,0.0,-0.15000003381119825,-7.67964651203143e-09,-0.7330400135410782,-0.5849600053451429,-0.5047700006956555,-0.400000007029148,-2.6704527597478517e-10,-5.919196571421963e-11,3.218612083398433e-12,-2.4142581507634146e-10,-3.799797021491634e-11,0.1700000049682618,-1.2273101712169648e-10,-1.9313455960448295e-11,0.52333000982892,2.0945914647923017e-10,6.476495533445925e-11,-0.16690265011643352,-0.0038444151185863928,-0.7398150864121908,-0.5876372138835799,-0.5051217690581874,-0.40351947663761323,-0.00013422679954239533,-2.9904822722800765e-05,1.6290997935766401e-06,-0.0001206415360487417,-1.9187829264771534e-05,0.17248891043543715,-6.109284512091877e-05,-9.738150536677894e-06,0.5282494352841909,0.00010605409722128905,3.278320423154249e-05
53,True,0.5400000000000004,6.240041906804215,False,False,3.982474907646051e-08,False,26.607375009916723,-0.15,0.0,-0.73304,-0.58496,-0.50477,-0.4000000000000001,0.0,0.0,0.0,0.0,0.0,0.17,0.0,0.0,0.52333,0.0,0.0,-0.15000003380524082,-7.68880296367e-09,-0.7330400135501333,-0.5849600053544044,-0.504770000703526,-0.4000000070389396,-2.684511288394628e-10,-5.980867773489073e-11,3.257968154485712e-12,-2.4128248757423944e-10,-3.837506320472552e-11,0.17000000497781054,-1.2218599058694182e-10,-1.9476038542462016e-11,0.5233300098388377,2.1210413288198175e-10,6.55651768839108e-11,-0.16689969012547376,-0.003848912405029876,-0.7398195336710021,-0.5876417573169508,-0.5051256284106261,-0.403524287778386,-0.00013491712746939452,-3.0207363008894185e-05,1.6484453561861052e-06,-0.0001205715513024247,-1.9372840369227077e-05,0.1724936045505924,-6.0825633062935306e-05,-9.817957093669915e-06,0.528254306806182,0.00010735187731156755,3.3175590124906806e-05
54,True,0.5500000000000004,6.240064856343622,False,False,3.983115680919648e-08,False,27.532334032002836,-0.15,0.0,-0.73304,-0.58496,-0.50477,-0.4000000000000001,0.0,0.0,0.0,0.0,0.0,0.17,0.0,0.0,0.52333,0.0,0.0,-0.15000003379932078,-7.69779772997331e-09,-0.733040013559028,-0.5849600053634915,-0.5047700007112448,-0.40000000704856187,-2.698318165856705e-10,-6.041377307477286e-11,3.2966634151485307e-12,-2.4114251890336273e-10,-3.874509438937389e-11,0.17000000498719875,-1.2165155657866333e-10,-1.9635655413099713e-11,0.523330009848581,2.146997557766605e-10,6.634996830521276e-11,-0.16689674872519078,-0.003853330278993503,-0.7398239021366253,-0.5876462152148499,-0.505129413427778,-0.40352901572726074,-0.00013559510186717476,-3.050420554693786e-05,1.6674659752345998e-06,-0.0001205032131055983,-1.955438781111394e-05,0.17249821975965954,-6.056361914853473e-05,-9.89630887172764e-06,0.5282590926244932,0.0001086254335889794,3.356040888475043e-05
55,True,0.5600000000000004,6.240087419809777,False,False,3.983740840115179e-08,False,27.168083004653454,-0.15,0.0,-0.73304,-0.58496,-0.50477,-0.4000000000000001,0.0,0.0,0.0,0.0,0.0,0.17,0.0,0.0,0.52333,0.0,0.0,-0.15000003379343796,-7.70663366499516e-09,-0.7330400135677652,-0.5849600053724074,-0.5047700007188151,-0.40000000705801775,-2.7118779661119974e-10,-6.100747263667054e-11,3.3347089308135544e-12,-2.4100584345592736e-10,-3.9108198074405557e-11,0.17000000499642914,-1.2112751909343702e-10,-1.979236265610689e-11,0.5233300098581528,2.1724692982332417e-10,6.711962509766724e-11,-0.16689382579885317,-0.0038576701443569024,-0.7398281932047408,-0.5876505891883718,-0.5051331255416193,-0.4035336619223601,-0.00013626094733748434,-3.0795458681193395e-05,1.6861671087795574e-06,-0.00012043648915998437,-1.9732537463089276e-05,0.17250275738876494,-6.030670712067963e-05,-9.973233373994923e-06,0.5282637942463709,0.00010987521495576794,3.393780541694172e-05
56,True,0.5700000000000004,6.240109603701143,False,False,3.9843506548443944e-08,False,26.344665966462344,-0.15,0.0,-0.73304,-0.58496,-0.50477,-0.4000000000000001,0.0,0.0,0.0,0.0,0.0,0.17,0.0,0.0,0.52333,0.0,0.0,-0.15000003378759205,-7.715313582023348e-09,-0.7330400135763475,-0.5849600053811557,-0.5047700007262395,-0.4000000070673101,-2.725195182636409e-10,-6.158999310855234e-11,3.3721148849343913e-12,-2.408723964237485e-10,-3.946450601071327e-11,0.1700000050055044,-1.2061368553629949e-10,-1.994621527780314e-11,0.5233300098675563,2.1974655295821204e-10,6.787443708206747e-11,-0.16689092123046137,-0.0038619333801707804,-0.7398324082463086,-0.587654880818261,-0.5051367661565407,-0.403538227776949,-0.00013691488437596073,-3.108122868898284e-05,1.704554123199485e-06,-0.00012037134776962521,-1.990735393843604e-05,0.17250721874174907,-6.005480247649083e-05,-1.004875757725805e-05,0.5282684131525573,0.00011110166201555053,3.430792185861619e-05
57,True,0.5800000000000004,6.240131414406746,False,False,3.984945384415443e-08,False,26.952415995765477,-0.15,0.0,-0.73304,-0.58496,-0.50477,-0.4000000000000001,0.0,0.0,0.0,0.0,0.0,0.17,0.0,0.0,0.52333,0.0,0.0,-0.1500000337817829,-7.723840234497709e-09,-0.7330400135847778,-0.5849600053897391,-0.5047700007335209,-0.4000000070764418,-2.7382742246091253e-10,-6.216154706180669e-11,3.4088929057910996e-12,-2.4074211442165656e-10,-3.981414743180786e-11,0.17000000501442708,-1.2010986691725952e-10,-2.0097267235881272e-11,0.5233300098767942,2.2219950639374483e-10,6.861468850234177e-11,-0.16688803490474285,-0.0038661213410961124,-0.7398365486080059,-0.5876590916554845,-0.5051403366498778,-0.40354271467986347,-0.00013755712944733784,-3.1361619820165584e-05,1.7226322947338487e-06,-0.00012030775782983222,-2.0078900615181624e-05,0.17251160510054114,-5.980781243545201e-05,-1.012290794205782e-05,0.5282729507977567,0.0001123052072266042,3.4670897631045115e-05
58,True,0.5900000000000004,6.240152858207808,False,False,3.985525290473606e-08,False,26.264749991241843,-0.15,0.0,-0.73304,-0.58496,-0.50477,-0.4000000000000001,0.0,0.0,0.0,0.0,0.0,0.17,0.0,0.0,0.52333,0.0,0.0,-0.15000003377601018,-7.732216337260484e-09,-0.7330400135930587,-0.584960005398161,-0.504770000740662,-0.40000000708541555,-2.751119422062572e-10,-6.272234299867577e-11,3.4450529182804805e-12,-2.406149354603924e-10,-4.0157249091087683e-11,0.1700000050231998,-1.196158776751153e-10,-2.024557144787763e-11,0.5233300098858698,2.246066549302329e-10,6.934065824239395e-11,-0.166885166707148,-0.00387023535783557,-0.7398406156126577,-0.5876632232217917,-0.5051438383724336,-0.40354712399593384,-0.00013818789505927413,-3.1636734335861e-05,1.7404068109971475e-06,-0.00012024568881633628,-2.0247239659754167e-05,0.17251591772552735,-5.956564590818976e-05,-1.0195710422607164e-05,0.5282774086110927,0.00011348627505232092,3.502686949149468e-05
59,True,0.6000000000000004,6.240173941279771,False,False,3.9860906339342666e-08,False,26.58012497704476,-0.15,0.0,-0.73304,-0.58496,-0.50477,-0.4000000000000001,0.0,0.0,0.0,0.0,0.0,0.17,0.0,0.0,0.52333,0.0,0.0,-0.15000003377027377,-7.740444545305952e-09,-0.7330400136011929,-0.5849600054064243,-0.5047700007476656,-0.40000000709423417,-2.763735025069266e-10,-6.327258544034688e-11,3.4806057640007423e-12,-2.404907982960858e-10,-4.0493935322825e-11,0.17000000503182505,-1.1913153567067814e-10,-2.0391179825053423e-11,0.5233300098947856,2.2696884770126522e-10,7.005261979899828e-11,-0.1668823165238453,-0.0038742767375573132,-0.7398446105596591,-0.5876672770102661,-0.5051472726489884,-0.40355145706639894,-0.00013880738983482866,-3.190667254643124e-05,1.7578827724675833e-06,-0.00012018511077463583,-2.0412432050185654e-05,0.1725201578559128,-5.932821346581832e-05,-1.0267190476518049e-05,0.5282817879965589,0.00011464528210888441,3.5375971584095234e-05
60,True,0.6100000000000004,6.240194669693935,False,False,3.986641657150619e-08,False,26.780667016282678,-0.15,0.0,-0.73304,-0.58496,-0.50477,-0.4000000000000001,0.0,0.0,0.0,0.0,0.0,0.17,0.0,0.0,0.52333,0.0,0.0,-0.15000003376457335,-7.74852747633184e-09,-0.7330400136091829,-0.5849600054145321,-0.5047700007545344,-0.4000000071029003,-2.776125205639166e-10,-6.381247501843204e-11,3.5155615296319793e-12,-2.403696430265667e-10,-4.082432809637609e-11,0.1700000050403053,-1.186566619428269e-10,-2.0534143282559107e-11,0.5233300099035445,2.292869178484487e-10,7.075084147831114e-11,-0.16687948424171697,-0.0038782467643112884,-0.73984853472539,-0.5876712544858642,-0.5051506407788018,-0.4035557152093142,-0.00013941581858360823,-3.217153284873818e-05,1.7750651939506662e-06,-0.00012012599430953996,-2.0574537598870402e-05,0.17252432671007747,-5.9095427309838964e-05,-1.03373730743413e-05,0.52828609033346,0.00011578263731022018,3.571833548973923e-05
61,True,0.6200000000000004,6.240215049419321,False,False,3.987178620735701e-08,False,26.801583007909358,-0.15,0.0,-0.73304,-0.58496,-0.50477,-0.4000000000000001,0.0,0.0,0.0,0.0,0.0,0.17,0.0,0.0,0.52333,0.0,0.0,-0.15000003375890875,-7.756467700764658e-09,-0.7330400136170314,-0.5849600054224873,-0.5047700007612709,-0.40000000711141653,-2.7882940607012324e-10,-6.434220852240182e-11,3.5499295338071605e-12,-2.402514108880774e-10,-4.114854703312189e-11,0.170000005048643,-1.1819108099988748e-10,-2.067451176315132e-11,0.5233300099121494,2.315616832532447e-10,7.143558644330484e-11,-0.1668766697483545,-0.003882146699438169,-0.7398523893636233,-0.5876751570859459,-0.505153944036104,-0.4035598997199521,-0.00014001338237161094,-3.243141176268857e-05,1.7919590060182564e-06,-0.00012006831057490166,-2.073361497488747e-05,0.17252842548592623,-5.886720124258394e-05,-1.0406282708922966e-05,0.5282903169768461,0.00011689874201026853,3.605409027502644e-05
62,True,0.6300000000000004,6.240235086324345,False,False,3.987701767276627e-08,False,26.673999964259565,-0.15,0.0,-0.73304,-0.58496,-0.50477,-0.4000000000000001,0.0,0.0,0.0,0.0,0.0,0.17,0.0,0.0,0.52333,0.0,0.0,-0.15000003375327972,-7.764267738290254e-09,-0.7330400136247409,-0.5849600054302926,-0.5047700007678775,-0.40000000711978556,-2.8002456112902717e-10,-6.486197901478183e-11,3.583720930679652e-12,-2.40136044323035e-10,-4.146670948439505e-11,0.17000000505684054,-1.1773462035884674e-10,-2.0812334260909794e-11,0.5233300099206029,2.3379394661828413e-10,7.210711287639797e-11,-0.16687387293205422,-0.0038859777819710505,-0.7398561757059245,-0.5876789862207942,-0.5051571836705782,-0.4035640118711961,-0.00014060027858978972,-3.2686403967080976e-05,1.808569056423455e-06,-0.00012001203126353901,-2.0889721725895284e-05,0.17253245536123285,-5.864345063819545e-05,-1.0473943404580755e-05,0.5282944692579398,0.00011799399014263083,3.63833625402747e-05
63,True,0.6400000000000005,6.240254786178504,False,False,3.988211338751049e-08,False,27.475084003526717,-0.15,0.0,-0.73304,-0.58496,-0.50477,-0.4000000000000001,0.0,0.0,0.0,0.0,0.0,0.17,0.0,0.0,0.52333,0.0,0.0,-0.15000003374768606,-7.771930065660071e-09,-0.7330400136323137,-0.584960005437951,-0.504770000774357,-0.4000000071280098,-2.8119838057995457e-10,-6.537197584470522e-11,3.6169443748085923e-12,-2.4002348645148306e-10,-4.177893053825617e-11,0.17000000506490026,-1.1728711085028445e-10,-2.0947658817849235e-11,0.5233300099289077,2.3598449588749584e-10,7.276567389136396e-11,-0.166871093681813,-0.0038897412290300427,-0.7398598949620458,-0.5876827432741257,-0.5051603609078331,-0.4035680529139279,-0.00014117670102135917,-3.293660233476771e-05,1.824900111491699e-06,-0.00011995712859733976,-2.104291429960679e-05,0.1725364174939784,-5.842409241412965e-05,-1.0540378726103993e-05,0.5282985484845543,0.00011906876835763669,3.670627646661415e-05
64,True,0.6500000000000005,6.240274154654125,False,False,3.988707575493032e-08,False,27.302332979161292,-0.15,0.0,-0.73304,-0.58496,-0.50477,-0.4000000000000001,0.0,0.0,0.0,0.0,0.0,0.17,0.0,0.0,0.52333,0.0,0.0,-0.1500000337421275,-7.779457121461636e-09,-0.7330400136397525,-0.5849600054454653,-0.5047700007807115,-0.4000000071360919,-2.823512519167619e-10,-6.587238477666173e-11,3.649609814807705e-12,-2.399136819384532e-10,-4.2085323083868335e-11,0.17000000507282453,-1.1684838623890253e-10,-2.1080532567965024e-11,0.5233300099370662,2.381341043409743e-10,7.341151795345943e-11,-0.16686833188732375,-0.0038934382362098867,-0.7398635483203122,-0.5876864296035903,-0.5051634769498675,-0.4035720240774071,-0.00014174283990786923,-3.318209796714477e-05,1.8409568574884917e-06,-0.00011990357531754707,-2.119324806485306e-05,0.17254031302268372,-5.8209045003176144e-05,-1.0605611787580522e-05,0.5283025559415052,0.00012012345615687997,3.7022953862182226e-05
65,True,0.6600000000000005,6.240293197327922,False,False,3.989190715964278e-08,False,26.79054200416431,-0.15,0.0,-0.73304,-0.58496,-0.50477,-0.4000000000000001,0.0,0.0,0.0,0.0,0.0,0.17,0.0,0.0,0.52333,0.0,0.0,-0.1500000337366039,-7.786851293108132e-09,-0.7330400136470593,-0.5849600054528382,-0.5047700007869438,-0.4000000071440342,-2.8348355569441167e-10,-6.636338800405017e-11,3.681726621614244e-12,-2.3980657623502363e-10,-4.2385997872483464e-11,0.17000000508061558,-1.16418283352274e-10,-2.1211001737233225e-11,0.5233300099450814,2.402435309744504e-10,7.404488862192615e-11,-0.16686558743897112,-0.003897069977960704,-0.7398671369480009,-0.587690046541263,-0.5051665329755242,-0.4035759265696457,-0.0001422988820140675,-3.3422980227983065e-05,1.8567439019642041e-06,-0.00011985134467522239,-2.1340777332243294e-05,0.17254414306673652,-5.799822832598357e-05,-1.0669665261053799e-05,0.5283064928910156,0.00012115842602527104,3.733351420743661e-05
66,True,0.6700000000000005,6.240311919682626,False,False,3.989660989315809e-08,False,26.719874993432313,-0.15,0.0,-0.73304,-0.58496,-0.50477,-0.4000000000000001,0.0,0.0,0.0,0.0,0.0,0.17,0.0,0.0,0.52333,0.0,0.0,-0.15000003373111495,-7.794114932450913e-09,-0.7330400136542368,-0.5849600054600722,-0.504770000793056,-0.40000000715183914,-2.845956655018675e-10,-6.684516423049363e-11,3.713304084638542e-12,-2.3970211570029185e-10,-4.2681063530994844e-11,0.17000000508827565,-1.1599664215538198e-10,-2.133911166902157e-11,0.5233300099529554,2.4231352081099944e-10,7.46660249023568e-11,-0.16686286022782731,-0.0039006376079620225,-0.7398706619917138,-0.5876935953941249,-0.5051695301409362,-0.4035797615777747,-0.00014284501069157326,-3.365933677661309e-05,1.872265775076223e-06,-0.00011980041042188242,-2.1485555374429027e-05,0.17254790872671297,-5.779156376408291e-05,-1.0732561385013552e-05,0.5283103605731124,0.00012217404356065022,3.7638074699603255e-05
67,True,0.6800000000000005,6.240330327108634,False,False,3.990118630134262e-08,False,27.332540950737894,-0.15,0.0,-0.73304,-0.58496,-0.50477,-0.4000000000000001,0.0,0.0,0.0,0.0,0.0,0.17,0.0,0.0,0.52333,0.0,0.0,-0.1500000337256605,-7.801250342769073e-09,-0.733040013661287,-0.5849600054671701,-0.5047700007990505,-0.4000000071595092,-2.856879479078839e-10,-6.731788883246976e-11,3.744350728631938e-12,-2.3960024802150304e-10,-4.2970626605982843e-11,0.17000000509580696,-1.1558330531693866e-10,-2.1464906847806385e-11,0.5233300099606909,2.443448050501191e-10,7.527516115860347e-11,-0.16686015014564756,-0.003904142259490182,-0.7398741245777447,-0.5876970774445368,-0.5051724695799649,-0.4035835302684053,-0.00014338140594138466,-3.3891253600475585e-05,1.887526930888926e-06,-0.00011975074680030676,-2.1627634445979983e-05,0.17255161108469363,-5.758897413339846e-05,-1.0794321972723153e-05,0.5283141602060172,0.00012317066760100692,3.7936750296275674e-05
68,True,0.6900000000000005,6.2403484249055206,False,False,3.9905638633939645e-08,False,26.936124952044338,-0.15,0.0,-0.73304,-0.58496,-0.50477,-0.4000000000000001,0.0,0.0,0.0,0.0,0.0,0.17,0.0,0.0,0.52333,0.0,0.0,-0.1500000337202403,-7.808259797851408e-09,-0.7330400136682124,-0.5849600054741344,-0.5047700008049295,-0.40000000716704653,-2.8676076308442253e-10,-6.778173376444313e-11,3.774876054551244e-12,-2.3950092146866105e-10,-4.3254791600984364e-11,0.17000000510321167,-1.151781184872123e-10,-2.1588430900866648e-11,0.5233300099682904,2.463381013658849e-10,7.587252735672323e-11,-0.16685745708486605,-0.003907585045779237,-0.7398775258124379,-0.5877004939507023,-0.5051753524046285,-0.4035872337879837,-0.00014390824447523969,-3.4118815047050184e-05,1.90253174865184e-06,-0.00011970232853551349,-2.176706580287909e-05,0.17255525120457457,-5.7390383658238206e-05,-1.085496842038683e-05,0.5283178929865296,0.00012414865034935077,3.8229653758181836e-05
69,True,0.7000000000000005,6.240366218283577,False,False,3.990996911043452e-08,False,26.91274997778237,-0.15,0.0,-0.73304,-0.58496,-0.50477,-0.4000000000000001,0.0,0.0,0.0,0.0,0.0,0.17,0.0,0.0,0.52333,0.0,0.0,-0.15000003371485415,-7.815145515108202e-09,-0.7330400136750149,-0.5849600054809676,-0.5047700008106953,-0.40000000717445355,-2.8781446431876134e-10,-6.823686772149552e-11,3.8048891627066856e-12,-2.394040857889952e-10,-4.3533661047643604e-11,0.1700000051104919,-1.1478093009473916e-10,-2.170972661861279e-11,0.5233300099757561,2.482941141915534e-10,7.645834899043915e-11,-0.16685478093859163,-0.003910967060375478,-0.7398808667825423,-0.5877038461471235,-0.5051781797055229,-0.40359087326313936,-0.0001444256997758535,-3.43421038551741e-05,1.9172845340562848e-06,-0.00011965513082589986,-2.1903899721643922e-05,0.17255883013237264,-5.719571794575491e-05,-1.0914521715159817e-05,0.5283215600904038,0.0001251083374962764,3.851689569113444e-05
70,True,0.7100000000000005,6.240383712365261,False,False,3.991417994881747e-08,False,26.838541962206364,-0.15,0.0,-0.73304,-0.58496,-0.50477,-0.4000000000000001,0.0,0.0,0.0,0.0,0.0,0.17,0.0,0.0,0.52333,0.0,0.0,-0.15000003370950182,-7.82190968853097e-09,-0.733040013681697,-0.5849600054876721,-0.50477000081635,-0.40000000718173245,-2.888493986369107e-10,-6.868345620708854e-11,3.834397315770512e-12,-2.3930969112275803e-10,-4.380733548199514e-11,0.17000000511764976,-1.1439159136665241e-10,-2.1828835973221414e-11,0.5233300099830904,2.502135350583752e-10,7.703284727087574e-11,-0.1668521216006036,-0.0039142893774856725,-0.739884148555558,-0.5877071352450467,-0.5051809525522346,-0.4035944498010276,-0.00014493394215605123,-3.4561201185762355e-05,1.9317895204709228e-06,-0.00011960912933454439,-2.2038185518081882e-05,0.17256234889652605,-5.700490396086943e-05,-1.0973002443004473e-05,0.5283251626727187,0.00012605006834026463,3.87985845871805e-05
71,True,0.7200000000000005,6.240400912186817,False,False,3.991827336319442e-08,False,26.714082981925458,-0.15,0.0,-0.73304,-0.58496,-0.50477,-0.4000000000000001,0.0,0.0,0.0,0.0,0.0,0.17,0.0,0.0,0.52333,0.0,0.0,-0.1500000337041831,-7.828554466141058e-09,-0.7330400136882608,-0.5849600054942505,-0.5047700008218959,-0.4000000071888855,-2.8986590669519315e-10,-6.912166150595863e-11,3.8634105083079834e-12,-2.392176889112448e-10,-4.4075913542719744e-11,0.17000000512468727,-1.1400995626769566e-10,-2.194580014574035e-11,0.5233300099902958,2.520970422974396e-10,7.759623922142661e-11,-0.16684947896534755,-0.003917553052319171,-0.7398873721800772,-0.5877103624329014,-0.5051836719937449,-0.40359796448966634,-0.00014543313881681749,-3.477618665194115e-05,1.9460508701565895e-06,-0.00011956430018066801,-2.216997156568585e-05,0.17256580850818987,-5.681787000164754e-05,-1.1030430796395321e-05,0.5283287018682412,0.00012697417590576198,3.907482686496515e-05
72,True,0.7300000000000005,6.240417822699617,False,False,3.992225143897542e-08,False,26.628457999322563,-0.15,0.0,-0.73304,-0.58496,-0.50477,-0.4000000000000001,0.0,0.0,0.0,0.0,0.0,0.17,0.0,0.0,0.52333,0.0,0.0,-0.1500000336988978,-7.835081954760126e-09,-0.7330400136947082,-0.584960005500705,-0.5047700008273349,-0.4000000071959149,-2.908643228886638e-10,-6.955164290095746e-11,3.891935785303881e-12,-2.3912803132758714e-10,-4.4339491981308784e-11,0.17000000513160649,-1.1363588132404017e-10,-2.206065952270052e-11,0.5233300099973743,2.539453022322967e-10,7.814873763032065e-11,-0.16684685292793114,-0.003920759121423931,-0.7398905386861194,-0.5877135288767296,-0.5051863390588278,-0.4036014183982667,-0.00014592345390428195,-3.49871383486054e-05,1.9600726754606756e-06,-0.00011952061993125032,-2.2299305313677444e-05,0.1725692099615263,-5.66345456751226e-05,-1.1086826581875922e-05,0.528332178791784,0.00012788098705908036,3.934572690932472e-05
73,True,0.7400000000000005,6.2404344487716505,False,False,3.992611627963122e-08,False,26.972541003488004,-0.15,0.0,-0.73304,-0.58496,-0.50477,-0.4000000000000001,0.0,0.0,0.0,0.0,0.0,0.17,0.0,0.0,0.52333,0.0,0.0,-0.15000003369364567,-7.841494231719537e-09,-0.7330400137010413,-0.5849600055070381,-0.5047700008326692,-0.4000000072028227,-2.918449755679505e-10,-6.997355653752665e-11,3.919982461579526e-12,-2.390406715342512e-10,-4.4598165706109935e-11,0.17000000513840938,-1.1326922576558639e-10,-2.2173453704586277e-11,0.5233300100043283,2.5575896844712113e-10,7.869055135555384e-11,-0.16684424338412004,-0.003923908603016613,-0.7398936490854607,-0.5877166357206073,-0.5051889547564381,-0.40360481257755826,-0.00014640504856566031,-3.519413288141156e-05,1.9738589599914798e-06,-0.00011947806559280012,-2.2426233304704615e-05,0.1725725542339904,-5.645486187355566e-05,-1.1142209227470418e-05,0.5283355945385555,0.00012877082262215608,3.961138711012409e-05
74,True,0.7500000000000006,6.24045079518889,False,False,3.9929870012829365e-08,False,26.887000014539808,-0.15,0.0,-0.73304,-0.58496,-0.50477,-0.4000000000000001,0.0,0.0,0.0,0.0,0.0,0.17,0.0,0.0,0.52333,0.0,0.0,-0.15000003368842657,-7.847793326645758e-09,-0.7330400137072622,-0.5849600055132519,-0.5047700008379007,-0.40000000720961104,-2.92808186957939e-10,-7.038755565409076e-11,3.947557539132776e-12,-2.389555636694851e-10,-4.485202779249157e-11,0.17000000514509792,-1.1290985141754369e-10,-2.2284221560045503e-11,0.52333001001116,2.575386827353889e-10,7.922188508772011e-11,-0.1668416502303338,-0.00392700249730683,-0.739896704371956,-0.5877196840870588,-0.5051915200760941,-0.40360814806010836,-0.00014687808100417074,-3.539724539521655e-05,1.987413679772799e-06,-0.00011943661460327547,-2.255080119220001e-05,0.1725758422866107,-5.6278750751124996e-05,-1.1196597789952526e-05,0.5283389501845056,0.00012964399748420798,3.9871907900352376e-05
75,True,0.7600000000000006,6.240466866656677,False,False,3.993351463521139e-08,False,26.162832975387573,-0.15,0.0,-0.73304,-0.58496,-0.50477,-0.4000000000000001,0.0,0.0,0.0,0.0,0.0,0.17,0.0,0.0,0.52333,0.0,0.0,-0.15000003368324022,-7.853981250083297e-09,-0.7330400137133729,-0.5849600055193488,-0.5047700008430315,-0.400000007216282,-2.937542734288232e-10,-7.079379055495221e-11,3.974670027429575e-12,-2.3887266241363805e-10,-4.510116956754607e-11,0.17000000515167402,-1.1255762250391875e-10,-2.2393001202172694e-11,0.5233300100178714,2.592850748288269e-10,7.974293976336332e-11,-0.16683907336364176,-0.003930041786815672,-0.7398997055218569,-0.5877226750774627,-0.5051940359882515,-0.403611425860636,-0.00014734270653294325,-3.559654960197324e-05,2.0007407243791693e-06,-0.00011939624482415118,-2.2673053757406822e-05,0.17257907506426537,-5.610614570103781e-05,-1.1250010961974791e-05,0.5283422467866636,0.00013050082071133396,4.012738779349144e-05
76,True,0.7700000000000006,6.240482667801124,False,False,3.9937052229538457e-08,False,26.77683299407363,-0.15,0.0,-0.73304,-0.58496,-0.50477,-0.4000000000000001,0.0,0.0,0.0,0.0,0.0,0.17,0.0,0.0,0.52333,0.0,0.0,-0.15000003367808645,-7.860059957065513e-09,-0.7330400137193753,-0.5849600055253309,-0.5047700008480634,-0.4000000072228376,-2.94683545821366e-10,-7.119240864417262e-11,4.001326442694387e-12,-2.387919235583664e-10,-4.5345680576208474e-11,0.17000000515813957,-1.1221240587113226e-10,-2.249983001561401e-11,0.5233300100244648,2.609987628039885e-10,8.025391238201821e-11,-0.16683651268175903,-0.003933027436688585,-0.7399026534941238,-0.58772560977245,-0.5051965034446712,-0.40361464697632043,-0.00014779907762794173,-3.579211780809305e-05,2.013843918051981e-06,-0.00011935693453263162,-2.2793034926078424e-05,0.17258225349595355,-5.593698133305586e-05,-1.1302467079060733e-05,0.5283454853834711,0.0001313415956540834,4.0377923420170844e-05
77,True,0.7800000000000006,6.240498203170489,False,False,3.9940484760514336e-08,False,27.09091699216515,-0.15,0.0,-0.73304,-0.58496,-0.50477,-0.4000000000000001,0.0,0.0,0.0,0.0,0.0,0.17,0.0,0.0,0.52333,0.0,0.0,-0.15000003367296505,-7.866031386145889e-09,-0.7330400137252715,-0.5849600055312004,-0.5047700008529985,-0.4000000072292798,-2.9559630885058787e-10,-7.158355454754553e-11,4.027535938812271e-12,-2.3871330378979344e-10,-4.5585648679512345e-11,0.17000000516449643,-1.1187407073729718e-10,-2.2604744671813866e-11,0.523330010030942,2.6268035340751457e-10,8.075499622982709e-11,-0.1668339680830424,-0.003935960395002715,-0.7399055492307313,-0.5877284892322949,-0.5051989233787789,-0.4036178123871045,-0.00014824734397991544,-3.598402094128574e-05,2.0267270207969163e-06,-0.00011931866241400546,-2.2910787784857997e-05,0.17258537849506211,-5.577119345142789e-05,-1.1353984126462503e-05,0.528348666995109,0.00013216662005304327,4.062360956412295e-05
78,True,0.7900000000000006,6.240513477236327,False,False,3.9943814144037784e-08,False,26.864583021961153,-0.15,0.0,-0.73304,-0.58496,-0.50477,-0.4000000000000001,0.0,0.0,0.0,0.0,0.0,0.17,0.0,0.0,0.52333,0.0,0.0,-0.15000003366787582,-7.87189742643829e-09,-0.7330400137310631,-0.5849600055369595,-0.5047700008578384,-0.4000000072356106,-2.9649286202733903e-10,-7.196737012614895e-11,4.053304328123313e-12,-2.386367602819333e-10,-4.58211600512016e-11,0.1700000051707464,-1.1154248875320507e-10,-2.270778114256747e-11,0.5233300100373054,2.6433044230007863e-10,8.124638088631607e-11,-0.16683143946648635,-0.0039388415930688295,-0.7399083936569701,-0.5877313144972987,-0.5052012967060184,-0.40362092305599206,-0.0001486876525453995,-3.617232857688636e-05,2.0393937294629127e-06,-0.00011928140755414027,-2.3026354597344312e-05,0.17258845095962816,-5.56087190332215e-05,-1.1404579745886698e-05,0.528351792623818,0.00013297618614247422,4.086453919745174e-05
79,True,0.8000000000000006,6.240528494394975,False,False,3.99470424017001e-08,False,26.653375010937452,-0.15,0.0,-0.73304,-0.58496,-0.50477,-0.4000000000000001,0.0,0.0,0.0,0.0,0.0,0.17,0.0,0.0,0.52333,0.0,0.0,-0.15000003366281855,-7.877659944505178e-09,-0.7330400137367521,-0.5849600055426102,-0.5047700008625852,-0.40000000724183193,-2.973734993059335e-10,-7.234399454410798e-11,4.078640559954116e-12,-2.385622512116872e-10,-4.6052299231940643e-11,0.17000000517689132,-1.1121753373127558e-10,-2.2808974715267404e-11,0.5233300100435568,2.659496137311264e-10,8.172825227182896e-11,-0.16682892673171906,-0.003941671945727879,-0.7399111876817422,-0.5877340865881653,-0.5052036243241982,-0.40362397992934135,-0.00014912014759677972,-3.63571089636792e-05,2.051847678802969e-06,-0.00011924514943211406,-2.3139776819849765e-05,0.17259147177259704,-5.544949620704707e-05,-1.145427124209082e-05,0.5283548632542152,0.00013377058075203253,4.110080351522809e-05
80,True,0.8100000000000006,6.240543258968682,False,False,3.995017131716279e-08,False,26.9089579815045,-0.15,0.0,-0.73304,-0.58496,-0.50477,-0.4000000000000001,0.0,0.0,0.0,0.0,0.0,0.17,0.0,0.0,0.52333,0.0,0.0,-0.15000003365779305,-7.88332077134718e-09,-0.7330400137423402,-0.5849600055481545,-0.5047700008672406,-0.40000000724794565,-2.9823850919256933e-10,-7.271356426859481e-11,4.103550715577726e-12,-2.384897356097655e-10,-4.627914911914995e-11,0.17000000518293296,-1.1089908206568478e-10,-2.290835999629176e-11,0.5233300100496983,2.675384415146576e-10,8.2200792796605e-11,-0.16682642977899848,-0.003944452351642314,-0.7399139321978501,-0.5877368065063714,-0.5052059071138311,-0.40362698393715213,-0.00014954497077144076,-3.653842904922845e-05,2.064092442517207e-06,-0.00011920986791298104,-2.325109511685638e-05,0.17259444180207575,-5.529346423216671e-05,-1.1503075589352887e-05,0.5283578798536028,0.0001345500854066142,4.1332491969424654e-05
81,True,0.8200000000000006,6.240557775206891,False,False,3.9953202823697824e-08,False,26.997209002729505,-0.15,0.0,-0.73304,-0.58496,-0.50477,-0.4000000000000001,0.0,0.0,0.0,0.0,0.0,0.17,0.0,0.0,0.52333,0.0,0.0,-0.1500000336527991,-7.888881701535733e-09,-0.7330400137478293,-0.5849600055535945,-0.5047700008718062,-0.4000000072539536,-2.9908817493506414e-10,-7.307621323245908e-11,4.1280424593717645e-12,-2.384191733064778e-10,-4.650179105170939e-11,0.170000005188873,-1.1058701218348782e-10,-2.3005970934721065e-11,0.5233300100557315,2.690974886768605e-10,8.266418136077891e-11,-0.16682394850920845,-0.003947183693582275,-0.7399166280822831,-0.5877394752345277,-0.5052081459384673,-0.403629935993349,-0.00014996226112001297,-3.671635450472476e-05,2.0761315342783716e-06,-0.00011917554324067012,-2.336034937617572e-05,0.1725973619015824,-5.514056347798149e-05,-1.1551009437816676e-05,0.5283608433722731,0.00013531497642435515,4.1559692302202666e-05
82,True,0.8300000000000006,6.2405720472876025,False,False,3.9956138788052384e-08,False,26.753584039397538,-0.15,0.0,-0.73304,-0.58496,-0.50477,-0.4000000000000001,0.0,0.0,0.0,0.0,0.0,0.17,0.0,0.0,0.52333,0.0,0.0,-0.15000003364783654,-7.894344501886696e-09,-0.7330400137532213,-0.584960005558932,-0.504770000876284,-0.40000000725985774,-2.999227747125903e-10,-7.343207277324144e-11,4.152123444702428e-12,-2.3835052463357705e-10,-4.672030480318192e-11,0.1700000051947132,-1.1028120485632705e-10,-2.3101840834196738e-11,0.5233300100616587,2.7062730780847734e-10,8.311859346957738e-11,-0.16682148282385464,-0.003949866838706688,-0.7399192761964977,-0.5877420937367351,-0.5052103416450214,-0.40363283699605884,-0.00015037215515373555,-3.6890949749357225e-05,2.0879684087401204e-06,-0.00011914215603101282,-2.3467578723818346e-05,0.17260023291029136,-5.499073540388967e-05,-1.1598089119714903e-05,0.5283637547438075,0.00013606552501282127,4.17824905785635e-05
83,True,0.8400000000000006,6.240586079318337,False,False,3.995898100060868e-08,False,27.28616597596556,-0.15,0.0,-0.73304,-0.58496,-0.50477,-0.4000000000000001,0.0,0.0,0.0,0.0,0.0,0.17,0.0,0.0,0.52333,0.0,0.0,-0.15000003364290515,-7.899710907123547e-09,-0.7330400137585176,-0.5849600055641692,-0.5047700008806756,-0.4000000072656597,-3.007425814459397e-10,-7.37812717280413e-11,4.175799393700791e-12,-2.3828375091215076e-10,-4.693476864280001e-11,0.1700000052004552,-1.0998154303102541e-10,-2.3196002356309225e-11,0.5233300100674816,2.7212844141717013e-10,8.356420124009528e-11,-0.16681903262506084,-0.003952502638839401,-0.7399218773866915,-0.5877446629589331,-0.505212495064093,-0.403635687827884,-0.0001507747868909517,-3.7062277974219664e-05,2.099606462528347e-06,-0.0001191096872648983,-2.3572821538578388e-05,0.17260305565327438,-5.484392253950958e-05,-1.1644330655472733e-05,0.5283666148853706,0.00013680199736342227,4.200097121837664e-05
84,True,0.8500000000000006,6.240599875337515,False,False,3.9961731236455164e-08,False,27.002250018995255,-0.15,0.0,-0.73304,-0.58496,-0.50477,-0.4000000000000001,0.0,0.0,0.0,0.0,0.0,0.17,0.0,0.0,0.52333,0.0,0.0,-0.1500000336380047,-7.904982619010015e-09,-0.7330400137637201,-0.5849600055693077,-0.5047700008849825,-0.40000000727136137,-3.015478632854146e-10,-7.412393648095067e-11,4.199077547651519e-12,-2.382188140053875e-10,-4.714525931513681e-11,0.17000000520610067,-1.0968791168050867e-10,-2.3288487546008988e-11,0.523330010073202,2.7360142187331064e-10,8.400117352326845e-11,-0.16681659781556493,-0.003955091930740427,-0.7399244324840742,-0.587747183829242,-0.5052146070102804,-0.4036384893561707,-0.0001511702879027518,-3.723040116576014e-05,2.111049035215872e-06,-0.00011907811828155384,-2.3676115466338654e-05,0.1726058309417374,-5.4700068465260406e-05,-1.1689749759693938e-05,0.5283694246979987,0.00013752465474408244,4.221521702779625e-05
85,True,0.8600000000000007,6.240613439315553,False,False,3.9964391278204056e-08,False,27.036542014684528,-0.15,0.0,-0.73304,-0.58496,-0.50477,-0.4000000000000001,0.0,0.0,0.0,0.0,0.0,0.17,0.0,0.0,0.52333,0.0,0.0,-0.15000003363313505,-7.910161310686892e-09,-0.7330400137688304,-0.5849600055743496,-0.5047700008892065,-0.40000000727696444,-3.0233888328556717e-10,-7.446019101048796e-11,4.221965386702571e-12,-2.3815567675225784e-10,-4.7351852128197595e-11,0.17000000521165126,-1.0940019808163221e-10,-2.3379327833300567e-11,0.5233300100788217,2.75046771762346e-10,8.442967592420247e-11,-0.16681417829871514,-0.0039576355363724145,-0.7399269423051331,-0.5877496572582979,-0.5052166782824895,-0.40364124243327243,-0.0001515587873577798,-3.7395380128782506e-05,2.1222994102807963e-06,-0.00011904743077194825,-2.3777497434101627e-05,0.17260855957325374,-5.455911779329458e-05,-1.1734361847031976e-05,0.5283721850668832,0.0001382337535901992,4.2425309230077926e-05
86,True,0.8700000000000007,6.240626775156024,False,False,3.996696281322365e-08,False,26.625500002410263,-0.15,0.0,-0.73304,-0.58496,-0.50477,-0.4000000000000001,0.0,0.0,0.0,0.0,0.0,0.17,0.0,0.0,0.52333,0.0,0.0,-0.15000003362829598,-7.91524863534565e-09,-0.7330400137738502,-0.5849600055792966,-0.5047700008933491,-0.40000000728247054,-3.0311589994730034e-10,-7.479015690992682e-11,4.244468133659098e-12,-2.3809430235765053e-10,-4.7554620909374045e-11,0.1700000052171085,-1.0911829133406631e-10,-2.3468554051877307e-11,0.5233300100843425,2.764650038847988e-10,8.484987090381663e-11,-0.16681177397846622,-0.003960134263162374,-0.7399294076518936,-0.587752084139583,-0.5052187096642354,-0.40364394789680963,-0.00015194041206621894,-3.755727450900863e-05,2.133360816048692e-06,-0.00011901760677231496,-2.38770036637517e-05,0.17261124233199324,-5.442101614877513e-05,-1.1778182037948117e-05,0.5283748968616493,0.00013892954559392273,4.263132749580703e-05
87,True,0.8800000000000007,6.2406398866967665,False,False,3.996944764417656e-08,False,26.66379197034985,-0.15,0.0,-0.73304,-0.58496,-0.50477,-0.4000000000000001,0.0,0.0,0.0,0.0,0.0,0.17,0.0,0.0,0.52333,0.0,0.0,-0.15000003362348732,-7.920246192401337e-09,-0.733040013778781,-0.5849600055841505,-0.504770000897412,-0.4000000072878815,-3.03879166729977e-10,-7.511395350249259e-11,4.266592542338305e-12,-2.38034655097104e-10,-4.775363813080513e-11,0.17000000522247402,-1.0884208274654318e-10,-2.3556196440815426e-11,0.5233300100897663,2.7785662174415783e-10,8.526191783305402e-11,-0.16680938475937568,-0.0039625889042587785,-0.7399318293121754,-0.5877544653497487,-0.5052207019239398,-0.403646606569924,-0.00015231528652297162,-3.771614281520925e-05,2.144236426619013e-06,-0.00011898862865779419,-2.3974669685553717e-05,0.17261387998894723,-5.428571015149192e-05,-1.182122516435891e-05,0.52837756093663,0.00013961227779178608,4.283334997254996e-05
88,True,0.8900000000000007,6.240652777711004,False,False,3.9971847289000226e-08,False,26.676832989323884,-0.15,0.0,-0.73304,-0.58496,-0.50477,-0.4000000000000001,0.0,0.0,0.0,0.0,0.0,0.17,0.0,0.0,0.52333,0.0,0.0,-0.15000003361870884,-7.925155581268994e-09,-0.7330400137836244,-0.584960005588913,-0.5047700009013966,-0.4000000072931988,-3.046289327832564e-10,-7.543169780070474e-11,4.28834604968947e-12,-2.379766994901021e-10,-4.794897484839073e-11,0.17000000522774933,-1.085714655861352e-10,-2.364228465812654e-11,0.5233300100950946,2.7922211935714307e-10,8.566597296577648e-11,-0.16680701054659997,-0.0039650002387841415,-0.7399342080598442,-0.5877568017489321,-0.5052226558152209,-0.4036492192615287,-0.00015268353295004716,-3.787204244091224e-05,2.1549293627759244e-06,-0.00011896047913619124,-2.4070530351392836e-05,0.17261647330215021,-5.415314739781073e-05,-1.1863505775174978e-05,0.5283801781311346,0.00014028219265071757,4.303145331393937e-05
89,True,0.9000000000000007,6.240665451908438,False,False,3.9974163542989154e-08,False,26.94012498250231,-0.15,0.0,-0.73304,-0.58496,-0.50477,-0.4000000000000001,0.0,0.0,0.0,0.0,0.0,0.17,0.0,0.0,0.52333,0.0,0.0,-0.1500000336139604,-7.92997835192405e-09,-0.733040013788382,-0.584960005593586,-0.5047700009053046,-0.40000000729842417,-3.0536544232367784e-10,-7.574350460124455e-11,4.309734344385866e-12,-2.3792040112677847e-10,-4.8140700762778e-11,0.17000000523293593,-1.0830633503759735e-10,-2.372684780955678e-11,0.5233300101003291,2.805619816602812e-10,8.606218963527626e-11,-0.16680465124589075,-0.003967369032083104,-0.7399365446550588,-0.5877590941810673,-0.5052245720771791,-0.40365178676655433,-0.00015304527133817373,-3.802502968569619e-05,2.1654426928838496e-06,-0.00011893314124184838,-2.4164619847760773e-05,0.17261902301689752,-5.402327644294899e-05,-1.190503814173339e-05,0.5283827492697131,0.00014093952815246496,4.3225712708203896e-05
90,True,0.9100000000000007,6.2406779129363255,False,False,3.997639792008757e-08,False,26.326916995458305,-0.15,0.0,-0.73304,-0.58496,-0.50477,-0.4000000000000001,0.0,0.0,0.0,0.0,0.0,0.17,0.0,0.0,0.52333,0.0,0.0,-0.15000003360924175,-7.93471604046414e-09,-0.7330400137930553,-0.5849600055981709,-0.5047700009091372,-0.40000000730355917,-3.060889355291276e-10,-7.604948648495509e-11,4.330763038020769e-12,-2.378657259089747e-10,-4.832888424985459e-11,0.17000000523803538,-1.0804658809494697e-10,-2.380991442825801e-11,0.5233300101054714,2.818766845641158e-10,8.64507182000659e-11,-0.1668023067635912,-0.003969696035966128,-0.7399388398445138,-0.5877613434741912,-0.5052264514346767,-0.4036543098661907,-0.00015340061948764718,-3.8175159776077114e-05,2.1757794337679622e-06,-0.00011890659832962894,-2.4256971708493237e-05,0.1726215298659595,-5.389604678357228e-05,-1.1945836263125505e-05,0.5283852751624158,0.00014158451787645972,4.341620190615332e-05
91,True,0.9200000000000007,6.240690164380552,False,False,3.997855215763383e-08,False,26.64858300704509,-0.15,0.0,-0.73304,-0.58496,-0.50477,-0.4000000000000001,0.0,0.0,0.0,0.0,0.0,0.17,0.0,0.0,0.52333,0.0,0.0,-0.15000003360455275,-7.939370147425073e-09,-0.7330400137976458,-0.5849600056026696,-0.5047700009128959,-0.40000000730860535,-3.0679964805094793e-10,-7.634975391848523e-11,4.351438143681072e-12,-2.3781264083628725e-10,-4.851359238446551e-11,0.17000000524304906,-1.0779212385961939e-10,-2.389151252730386e-11,0.5233300101105234,2.8316669544109843e-10,8.683170624038984e-11,-0.16679997700663224,-0.003971981988948899,-0.7399410943616782,-0.5877635504407418,-0.5052282945986115,-0.4036567893281246,-0.00015374969304843164,-3.8322486885995974e-05,2.1859425515798974e-06,-0.0001188808340690113,-2.434761882726333e-05,0.1726239945697918,-5.3771408840706e-05,-1.1985913871422423e-05,0.5283877566050481,0.00014221739108115166,4.36029932486294e-05
92,True,0.9300000000000007,6.24070220976656,False,False,3.998062767733895e-08,False,27.384000015445054,-0.15,0.0,-0.73304,-0.58496,-0.50477,-0.4000000000000001,0.0,0.0,0.0,0.0,0.0,0.17,0.0,0.0,0.52333,0.0,0.0,-0.15000003359989322,-7.94394215079125e-09,-0.7330400138021549,-0.5849600056070836,-0.5047700009165823,-0.4000000073135643,-3.0749781098683183e-10,-7.664441527461836e-11,4.3717665693439745e-12,-2.3776111290831244e-10,-4.8694890943801325e-11,0.17000000524797845,-1.07542843208431e-10,-2.3971669570890613e-11,0.5233300101154863,2.8443247263769747e-10,8.720529833460781e-11,-0.16679766188252898,-0.003974227616487487,-0.73994330892703,-0.5877657158778533,-0.505230102266187,-0.40365922590677233,-0.00015409260555952542,-3.8467064156915e-05,2.195934962648901e-06,-0.00011885583243829129,-2.443659346983558e-05,0.17262641783674254,-5.3649313942956234e-05,-1.2025284436799955e-05,0.528390194379421,0.0001428383727838415,4.378615769343267e-05
93,True,0.9400000000000007,6.240714052560527,False,False,3.9982626116390395e-08,False,27.147250017151237,-0.15,0.0,-0.73304,-0.58496,-0.50477,-0.4000000000000001,0.0,0.0,0.0,0.0,0.0,0.17,0.0,0.0,0.52333,0.0,0.0,-0.15000003359526293,-7.948433501658858e-09,-0.7330400138065841,-0.5849600056114146,-0.5047700009201977,-0.40000000731843743,-3.0818365153134457e-10,-7.693357680516738e-11,4.391753682657265e-12,-2.3771111027661145e-10,-4.887284447854887e-11,0.170000005252825,-1.0729864871904032e-10,-2.405041248619566e-11,0.523330010120362,2.8567446626044483e-10,8.757163645221801e-11,-0.16679536129937697,-0.003976433631209336,-0.7399454842482851,-0.5877678405676438,-0.505231875121175,-0.4036616203435102,-0.00015442946848760508,-3.860894371753003e-05,2.2057595343187144e-06,-0.00011883157771888963,-2.452392728608512e-05,0.1726288003632556,-5.352971431003441e-05,-1.2063961172565003e-05,0.5283925892535974,0.00014344768383903862,4.396576484173508e-05
94,True,0.9500000000000007,6.240725696170209,False,False,3.998454902059513e-08,False,26.768291019834578,-0.15,0.0,-0.73304,-0.58496,-0.50477,-0.4000000000000001,0.0,0.0,0.0,0.0,0.0,0.17,0.0,0.0,0.52333,0.0,0.0,-0.15000003359066175,-7.952845624235871e-09,-0.7330400138109349,-0.5849600056156641,-0.5047700009237436,-0.40000000732322627,-3.0885739267776796e-10,-7.721734276972371e-11,4.4114044328344535e-12,-2.376626014451112e-10,-4.904751626884558e-11,0.17000000525759004,-1.070594448122496e-10,-2.4127767710811353e-11,0.5233300101251519,2.8689311804041065e-10,8.79308598251082e-11,-0.16679307516584851,-0.003978600733140172,-0.7399476210206248,-0.587769925277498,-0.5052336138341752,-0.40366397336689913,-0.00015476039126496174,-3.8748176703106177e-05,2.215419085770347e-06,-0.0001188080544897643,-2.4609651321786765e-05,0.1726311428340707,-5.341256303658011e-05,-1.2101957040085329e-05,0.5283949419821332,0.0001440455410153724,4.4141882963988345e-05
95,True,0.9600000000000007,6.240737143946095,False,False,3.998639781460921e-08,False,27.226624952163547,-0.15,0.0,-0.73304,-0.58496,-0.50477,-0.4000000000000001,0.0,0.0,0.0,0.0,0.0,0.17,0.0,0.0,0.52333,0.0,0.0,-0.15000003358608943,-7.957179921913582e-09,-0.7330400138152086,-0.5849600056198336,-0.5047700009272211,-0.4000000073279323,-3.095192532994156e-10,-7.749581546953859e-11,4.4307254703547256e-12,-2.3761555566312754e-10,-4.92189684259234e-11,0.17000000526227496,-1.0682513772489969e-10,-2.4203761165639943e-11,0.5233300101298575,2.880888614145184e-10,8.828310496788441e-11,-0.16679080339118932,-0.003980729609926914,-0.739949719926917,-0.5877719707603455,-0.5052353190628684,-0.40366628569290625,-0.00015508548132674217,-3.888481327444418e-05,2.2249163888310946e-06,-0.00011878524762192437,-2.4693796030178096e-05,0.17263344592242022,-5.329781407627682e-05,-1.2139284753624545e-05,0.5283972533063157,0.00014463215707108266,4.431457902533767e-05
96,True,0.9700000000000008,6.240748399182209,False,False,3.998817400555842e-08,False,27.098957973066717,-0.15,0.0,-0.73304,-0.58496,-0.50477,-0.4000000000000001,0.0,0.0,0.0,0.0,0.0,0.17,0.0,0.0,0.52333,0.0,0.0,-0.15000003358154587,-7.96143776685826e-09,-0.7330400138194064,-0.5849600056239247,-0.5047700009306316,-0.400000007332557,-3.101694482309479e-10,-7.776909520008923e-11,4.44972164744632e-12,-2.375699424510269e-10,-4.938726185145124e-11,0.17000000526688114,-1.0659563536756858e-10,-2.4278418281998638e-11,0.5233300101344802,2.892621220947512e-10,8.862850580662e-11,-0.1667885458852146,-0.0039828209370566265,-0.7399517816379343,-0.5877739777549319,-0.5052369914522657,-0.40366855802512297,-0.00015540484414750753,-3.9018902636484374e-05,2.2342541687699755e-06,-0.00011876314227304424,-2.4776391283301012e-05,0.17263571029022245,-5.318542222625515e-05,-1.2175956785084122e-05,0.528399523954396,0.0001452077408281161,4.448391871055036e-05
97,True,0.9800000000000008,6.240759465117148,False,False,3.9989879042803375e-08,False,26.928125007543713,-0.15,0.0,-0.73304,-0.58496,-0.50477,-0.4000000000000001,0.0,0.0,0.0,0.0,0.0,0.17,0.0,0.0,0.52333,0.0,0.0,-0.15000003357703082,-7.965620510419491e-09,-0.73304001382353,-0.5849600056279388,-0.5047700009339765,-0.4000000073371016,-3.1080818826837234e-10,-7.803728039338037e-11,4.468399625176333e-12,-2.375257323998254e-10,-4.955245628835694e-11,0.17000000527140988,-1.0637084732457135e-10,-2.4351764001619603e-11,0.5233300101390216,2.9041331771578575e-10,8.8967193739842e-11,-0.16678630255830573,-0.00398487537807159,-0.7399538068125684,-0.5877759469860874,-0.5052386316349528,-0.40367079105497855,-0.000155718583277122,-3.915049305655528e-05,2.243435105079707e-06,-0.00011874172388217685,-2.4857466383126044e-05,0.1726379365882717,-5.307534311177845e-05,-1.2211985368654217e-05,0.5284017546418195,0.00014577249724485463,4.464996644846825e-05
98,True,0.9900000000000008,6.240770344934982,False,False,3.999151430791513e-08,False,27.955374971497804,-0.15,0.0,-0.73304,-0.58496,-0.50477,-0.4000000000000001,0.0,0.0,0.0,0.0,0.0,0.17,0.0,0.0,0.52333,0.0,0.0,-0.15000003357254413,-7.969729480528098e-09,-0.7330400138275804,-0.5849600056318773,-0.504770000937257,-0.40000000734156765,-3.1143568081956445e-10,-7.830046757728668e-11,4.486762544342934e-12,-2.3748289615474916e-10,-4.9714610344544184e-11,0.17000000527586245,-1.0615068481330259e-10,-2.4423822793590618e-11,0.523330010143483,2.9154285810604336e-10,8.929929759787358e-11,-0.16678407332140657,-0.003986893584780592,-0.7399557960980407,-0.5877778791649878,-0.5052402402313286,-0.4036729854619504,-0.000156026800375984,-3.9279631882273625e-05,2.252461832245635e-06,-0.00011872097816456309,-2.493705007246356e-05,0.17264012545642535,-5.296753317120562e-05,-1.2247382505375079e-05,0.5284039460714496,0.0001463266274875004,4.4812785435993484e-05
99,True,1.0000000000000007,6.240781041766211,False,False,3.999308126254056e-08,False,27.49791700625792,-0.15,0.0,-0.73304,-0.58496,-0.50477,-0.4000000000000001,0.0,0.0,0.0,0.0,0.0,0.17,0.0,0.0,0.52333,0.0,0.0,-0.15000003356808564,-7.973765977359326e-09,-0.733040013831559,-0.5849600056357418,-0.5047700009404742,-0.4000000073459565,-3.12052128874276e-10,-7.855875145686793e-11,4.504817852483311e-12,-2.374414053503589e-10,-4.9873781506445036e-11,0.1700000052802402,-1.059350607452228e-10,-2.449461866282541e-11,0.523330010147866,2.9265114558584514e-10,8.962494379868803e-11,-0.16678185808601997,-0.003988876197466453,-0.7399577501301087,-0.5877797749894125,-0.5052418178498408,-0.40367514191377074,-0.00015632959524961173,-3.9406365559102224e-05,2.261336940501721e-06,-0.00011870089110653593,-2.5015170545665847e-05,0.17264227752378755,-5.2861949641226144e-05,-1.228215996761075e-05,0.5284060989337895,0.0001468703290001424,4.497243766161636e-05
100,True,1.0100000000000007,6.240791558688682,False,False,3.9994581302157435e-08,False,27.044084039516747,-0.15,0.0,-0.73304,-0.58496,-0.50477,-0.4000000000000001,0.0,0.0,0.0,0.0,0.0,0.17,0.0,0.0,0.52333,0.0,0.0,-0.15000003356365513,-7.977731290680079e-09,-0.7330400138354672,-0.5849600056395335,-0.5047700009436296,-0.40000000735026936,-3.126577323593876e-10,-7.881222492114523e-11,4.522570040989667e-12,-2.37401231770293e-10,-5.003002616612499e-11,0.17000000528454431,-1.0572388954967551e-10,-2.4564175151757712e-11,0.5233300101521718,2.937385750216223e-10,8.994425632758004e-11,-0.16677965676420445,-0.003990823845089903,-0.7399596695332691,-0.5877816351439964,-0.5052433650872156,-0.4036772610666295,-0.00015662706588259512,-3.953073964757264e-05,2.270062976573845e-06,-0.00011868144896051816,-2.509185545912423e-05,0.17264439340888998,-5.2758550542362464e-05,-1.2316329303436775e-05,0.5284082139072004,0.00014740379557352885,4.51289839284938e-05
101,True,1.0200000000000007,6.240801898728353,False,False,3.9996015704292667e-08,False,26.686625031288713,-0.15,0.0,-0.73304,-0.58496,-0.50477,-0.4000000000000001,0.0,0.0,0.0,0.0,0.0,0.17,0.0,0.0,0.52333,0.0,0.0,-0.15000003355925245,-7.981626667756536e-09,-0.7330400138393062,-0.5849600056432539,-0.5047700009467241,-0.40000000735450764,-3.132526871089166e-10,-7.906097908375867e-11,4.540024103968259e-12,-2.373623481062093e-10,-5.0183399628059245e-11,0.1700000052887761,-1.0551708735007017e-10,-2.4632515360670064e-11,0.5233300101564018,2.9480553420538694e-10,9.0257356771047e-11,-0.1667774692685704,-0.003992737145489844,-0.7399615549209574,-0.5877834603004779,-0.5052448825286834,-0.4036793435653738,-0.00015691930847192543,-3.965279884017868e-05,2.2786424444106148e-06,-0.00011866263824011115,-2.5167131941565077e-05,0.1726464737198695,-5.2657294664734854e-05,-1.2349901840943502e-05,0.5284102916581135,0.00014792721741257016,4.528248387708743e-05
102,True,1.0300000000000007,6.240812064860354,False,False,3.999738588647972e-08,False,26.98445797432214,-0.15,0.0,-0.73304,-0.58496,-0.50477,-0.4000000000000001,0.0,0.0,0.0,0.0,0.0,0.17,0.0,0.0,0.52333,0.0,0.0,-0.15000003355487743,-7.985453350650706e-09,-0.733040013843077,-0.5849600056469043,-0.504770000949759,-0.40000000735867264,-3.1383718548743354e-10,-7.930510337105868e-11,4.55718441634426e-12,-2.3732472723950095e-10,-5.0333956170119055e-11,0.1700000052929367,-1.0531457159796385e-10,-2.4699661942611606e-11,0.5233300101605575,2.9585240350236616e-10,9.056436444553799e-11,-0.1667752955122769,-0.0039946167055800565,-0.7399634068957436,-0.5877852511179413,-0.505246370748201,-0.4036813900437043,-0.00015720641745971465,-3.977258697794724e-05,2.2870778059018452e-06,-0.00011864444571527357,-2.5241026604148535e-05,0.17264851905464276,-5.255814155408383e-05,-1.2382888692456694e-05,0.528412332841241,0.00014844078120259475,4.543299600736922e-05
103,True,1.0400000000000007,6.240822060009662,False,False,3.99986930946097e-08,False,27.420958038419485,-0.15,0.0,-0.73304,-0.58496,-0.50477,-0.4000000000000001,0.0,0.0,0.0,0.0,0.0,0.17,0.0,0.0,0.52333,0.0,0.0,-0.1500000335505299,-7.989212548464852e-09,-0.7330400138467811,-0.584960005650486,-0.5047700009527355,-0.4000000073627656,-3.14411416444272e-10,-7.954468538658079e-11,4.574056778175776e-12,-2.372883427969501e-10,-5.0481748999526036e-11,0.17000000529702736,-1.0511626149996593e-10,-2.476563712203281e-11,0.5233300101646399,2.9687955614915787e-10,9.08653963025861e-11,-0.1667731354090282,-0.003996463121542459,-0.7399652260495249,-0.5877870082430559,-0.505247830308668,-0.40368340112436735,-0.0001574884855653147,-3.989014706669258e-05,2.295371481585087e-06,-0.00011862685840758884,-2.531356555037382e-05,0.17265053000107813,-5.246105149804586e-05,-1.2415300758676965e-05,0.5284143380997817,0.00014894467017438127,4.558057770060337e-05
104,True,1.0500000000000007,6.24083188705208,False,False,3.9999938614776574e-08,False,26.731374964583665,-0.15,0.0,-0.73304,-0.58496,-0.50477,-0.4000000000000001,0.0,0.0,0.0,0.0,0.0,0.17,0.0,0.0,0.52333,0.0,0.0,-0.15000003354620967,-7.992905459892896e-09,-0.7330400138504194,-0.5849600056540004,-0.5047700009556547,-0.4000000073667877,-3.1497556543221353e-10,-7.97798112363063e-11,4.590645719395009e-12,-2.3725316875770463e-10,-5.062683033416732e-11,0.17000000530104925,-1.049220776111622e-10,-2.4830462710032065e-11,0.5233300101686504,2.978873586332014e-10,9.11605671592014e-11,-0.16677098887307026,-0.003998276979016914,-0.7399670129637145,-0.587788732310309,-0.5052492617621406,-0.4036853774193449,-0.00015776560381684858,-4.000552129296014e-05,2.3035258513401836e-06,-0.00011860986358561799,-2.538477438579466e-05,0.17265250713716443,-5.236598551267737e-05,-1.2447148732739618e-05,0.5284163080656231,0.00014943906416799022,4.5725285240712133e-05
105,True,1.0600000000000007,6.240841548815017,False,False,4.000112379761964e-08,False,26.976833993103355,-0.15,0.0,-0.73304,-0.58496,-0.50477,-0.4000000000000001,0.0,0.0,0.0,0.0,0.0,0.17,0.0,0.0,0.52333,0.0,0.0,-0.15000003354191657,-7.99653325413846e-09,-0.7330400138539933,-0.5849600056574485,-0.5047700009585178,-0.4000000073707403,-3.1552981438038273e-10,-8.001056523050665e-11,4.6069559139297615e-12,-2.372191796159084e-10,-5.0769251375490506e-11,0.17000000530500353,-1.0473194188932505e-10,-2.4894160078944697e-11,0.5233300101725905,2.988761707740928e-10,9.144998956912192e-11,-0.16676885581918735,-0.004000058853287689,-0.7399687682094275,-0.5877904239422366,-0.5052506656500392,-0.4036873195300402,-0.0001580378615821634,-4.0118751039665596e-05,2.3115432550722186e-06,-0.00011859344876033855,-2.5454678227548773e-05,0.17265445103117696,-5.227290532922283e-05,-1.2478443104196476e-05,0.5284182433595411,0.00014992413969541616,4.586717383523384e-05
106,True,1.0700000000000007,6.24085104807827,False,False,4.000224983274727e-08,False,26.97441598866135,-0.15,0.0,-0.73304,-0.58496,-0.50477,-0.4000000000000001,0.0,0.0,0.0,0.0,0.0,0.17,0.0,0.0,0.52333,0.0,0.0,-0.15000003353765043,-8.000097077853763e-09,-0.733040013857504,-0.584960005660832,-0.5047700009613255,-0.4000000073746245,-3.16074342155033e-10,-8.023703017512275e-11,4.622991936604982e-12,-2.3718635057043674e-10,-5.090906236610189e-11,0.1700000053088913,-1.0454577785754373e-10,-2.4956750219941207e-11,0.5233300101764612,2.998463455609543e-10,9.173377395156265e-11,-0.16676673616269877,-0.004001809309466635,-0.739970492347663,-0.5877920837496472,-0.5052520425033548,-0.4036892280474607,-0.0001583053465992164,-4.0229876901435326e-05,2.3194259933829414e-06,-0.00011857760168066615,-2.552330171370466e-05,0.17265636224184075,-5.2181773381122334e-05,-1.2509194162921113e-05,0.5284201445913946,0.00015040007000208307,4.600629763588085e-05
107,True,1.0800000000000007,6.240860387574876,False,False,4.0003317935104835e-08,False,26.980458991602063,-0.15,0.0,-0.73304,-0.58496,-0.50477,-0.4000000000000001,0.0,0.0,0.0,0.0,0.0,0.17,0.0,0.0,0.52333,0.0,0.0,-0.1500000335334111,-8.003598063813233e-09,-0.7330400138609523,-0.5849600056641516,-0.5047700009640793,-0.40000000737844155,-3.1660932428849604e-10,-8.045928723623974e-11,4.638759291440762e-12,-2.371546569556902e-10,-5.1046312586378343e-11,0.17000000531271373,-1.0436351036027889e-10,-2.5018253709145947e-11,0.5233300101802637,3.0079822939638005e-10,9.201202858443933e-11,-0.16676462981945553,-0.0040035289026731,-0.7399721859294837,-0.5877937123318437,-0.5052533928428488,-0.4036911035523978,-0.00015856814500590473,-4.033893869965378e-05,2.327176328230975e-06,-0.00011856231032905841,-2.5590669012429366e-05,0.17265824131849108,-5.2092552791254607e-05,-1.2539412002939013e-05,0.5284220123603183,0.00015086702512720403,4.6142709758704805e-05
108,True,1.0900000000000007,6.240869569991884,False,False,4.000432929501028e-08,False,26.989457954186946,-0.15,0.0,-0.73304,-0.58496,-0.50477,-0.4000000000000001,0.0,0.0,0.0,0.0,0.0,0.17,0.0,0.0,0.52333,0.0,0.0,-0.15000003352919836,-8.00703732397462e-09,-0.7330400138643395,-0.5849600056674089,-0.50477000096678,-0.40000000738219255,-3.1713493295207687e-10,-8.067741608238851e-11,4.654261268313069e-12,-2.3712407487856343e-10,-5.118105037140797e-11,0.17000000531647186,-1.0418506567178281e-10,-2.5078690738130315e-11,0.5233300101839994,3.0173216247590673e-10,9.228485974666989e-11,-0.16676253670583674,-0.004005218178210676,-0.7399738494961917,-0.5877953102768401,-0.5052547171792506,-0.40369294661560334,-0.00015882634136934809,-4.0445975497223455e-05,2.3347964835809093e-06,-0.00011854756291719918,-2.5656803830980585e-05,0.1726600888012312,-5.200520735941074e-05,-1.2569106526184115e-05,0.52842384725491,0.00015132517196302642,4.627646230387701e-05
109,True,1.1000000000000008,6.240878597971153,False,False,4.0005285155349245e-08,False,27.45783404679969,-0.15,0.0,-0.73304,-0.58496,-0.50477,-0.4000000000000001,0.0,0.0,0.0,0.0,0.0,0.17,0.0,0.0,0.52333,0.0,0.0,-0.15000003352501212,-8.010415948611627e-09,-0.7330400138676667,-0.5849600056706048,-0.5047700009694288,-0.40000000738587865,-3.176513372813144e-10,-8.089149480323054e-11,4.669503119249691e-12,-2.370945805272662e-10,-5.131332312454263e-11,0.17000000532016682,-1.0401037138767916e-10,-2.5138081102054287e-11,0.5233300101876692,3.026484785982782e-10,9.255237160975434e-11,-0.16676045673874676,-0.004006877671740812,-0.7399754835795013,-0.587796878161573,-0.5052560160134512,-0.4036947577979633,-0.00015908001871463485,-4.0551025613042833e-05,2.3422886460414374e-06,-0.00011853334788176181,-2.57217294245266e-05,0.17266190522108765,-5.1919701549994965e-05,-1.2598287446183103e-05,0.5284256498534172,0.00015177467431298232,4.6407606375091094e-05
110,True,1.1100000000000008,6.240887474110017,False,False,4.0006186672316594e-08,False,26.836167031433433,-0.15,0.0,-0.73304,-0.58496,-0.50477,-0.4000000000000001,0.0,0.0,0.0,0.0,0.0,0.17,0.0,0.0,0.52333,0.0,0.0,-0.15000003352085217,-8.013735005446554e-09,-0.733040013870935,-0.5849600056737407,-0.5047700009720265,-0.40000000738950103,-3.1815870334887635e-10,-8.110160009929326e-11,4.6844881353971454e-12,-2.3706615101158016e-10,-5.1443177391936835e-11,0.17000000532379966,-1.0383935634364783e-10,-2.519644423862994e-11,0.5233300101912745,3.0354750521965554e-10,9.281466640718126e-11,-0.16675838983561148,-0.004008507909453352,-0.7399770887017085,-0.587798416552112,-0.5052572898366913,-0.4036965376506682,-0.0001593292585530414,-4.0654126636207706e-05,2.3496549654928725e-06,-0.0001185196538802493,-2.5785468604797135e-05,0.1726636911001625,-5.183600047994797e-05,-1.2626964291668878e-05,0.5284274207239188,0.00015221569294876513,4.653619209859538e-05
111,True,1.1200000000000008,6.24089620096219,False,False,4.000703491962522e-08,False,26.973458006978035,-0.15,0.0,-0.73304,-0.58496,-0.50477,-0.4000000000000001,0.0,0.0,0.0,0.0,0.0,0.17,0.0,0.0,0.52333,0.0,0.0,-0.1500000335167183,-8.016995550925998e-09,-0.7330400138741453,-0.5849600056768176,-0.5047700009745743,-0.4000000073930607,-3.186571942187695e-10,-8.130780707868218e-11,4.699223062102308e-12,-2.3703876360391726e-10,-5.157065875412755e-11,0.17000000532737142,-1.0367195085937047e-10,-2.5253799201016384e-11,0.5233300101948163,3.0442956404992845e-10,9.307184438699405e-11,-0.1667563359143753,-0.004010109408234077,-0.7399786653758585,-0.5877999260038632,-0.5052585391307491,-0.4036982867153808,-0.00015957414090973494,-4.075531543994137e-05,2.3568975557040715e-06,-0.00011850646978691145,-2.5848043748568604e-05,0.1726654469517836,-5.175406990688903e-05,-1.2655146410124596e-05,0.5284291604245029,0.00015264838566635285,4.66622686418617e-05
112,True,1.1300000000000008,6.24090478103835,False,False,4.000783110150416e-08,False,27.04787504626438,-0.15,0.0,-0.73304,-0.58496,-0.50477,-0.4000000000000001,0.0,0.0,0.0,0.0,0.0,0.17,0.0,0.0,0.52333,0.0,0.0,-0.15000003351261046,-8.020198614608343e-09,-0.7330400138772987,-0.5849600056798365,-0.5047700009770729,-0.40000000739655883,-3.1914697002765474e-10,-8.151018955523644e-11,4.713709155515039e-12,-2.370123959155026e-10,-5.169581199205263e-11,0.1700000053308831,-1.035080864607036e-10,-2.5310164686618902e-11,0.5233300101982958,3.0529497067324426e-10,9.332400385922467e-11,-0.16675429489349783,-0.004011682675829258,-0.7399802141059094,-0.5878014070617709,-0.5052597643681215,-0.4037000055244006,-0.0001598147443509686,-4.085462819525858e-05,2.3640184949389776e-06,-0.0001184937846887366,-2.5909476805986697e-05,0.17266717328065187,-5.1673876217472634e-05,-1.2682842971259509e-05,0.5284308695034442,0.0001530729073409959,4.678588423189783e-05
113,True,1.1400000000000008,6.24091321680698,False,False,4.000857623413842e-08,False,26.979584014043212,-0.15,0.0,-0.73304,-0.58496,-0.50477,-0.4000000000000001,0.0,0.0,0.0,0.0,0.0,0.17,0.0,0.0,0.52333,0.0,0.0,-0.15000003350852836,-8.023345218245714e-09,-0.7330400138803962,-0.5849600056827987,-0.5047700009795235,-0.4000000073999964,-3.196281877137965e-10,-8.170881981135964e-11,4.72795221992861e-12,-2.369870262487403e-10,-5.181868100912379e-11,0.17000000533433576,-1.0334769589323122e-10,-2.5365559032006733e-11,0.523330010201714,3.061440347648485e-10,9.357124131109023e-11,-0.16675226669195065,-0.004013228211007309,-0.7399817353868926,-0.5878028602605134,-0.5052609660122027,-0.4037016946008257,-0.0001600511460107778,-4.095210038436861e-05,2.371019826553019e-06,-0.0001184815878815155,-2.5969789308729614e-05,0.17266887058298633,-5.1595386415956324e-05,-1.2710062970418022e-05,0.528432548499375,0.000153489409981189,4.690708617321037e-05
114,True,1.1500000000000008,6.240921510695005,False,False,4.000927154676689e-08,False,26.704416028223932,-0.15,0.0,-0.73304,-0.58496,-0.50477,-0.4000000000000001,0.0,0.0,0.0,0.0,0.0,0.17,0.0,0.0,0.52333,0.0,0.0,-0.15000003350447194,-8.026436356702027e-09,-0.7330400138834389,-0.5849600056857052,-0.5047700009819268,-0.4000000074033746,-3.201010016675842e-10,-8.190376888262286e-11,4.741956901318736e-12,-2.369626331228747e-10,-5.193930885494355e-11,0.17000000533773038,-1.0319071316292235e-10,-2.5420000234935942e-11,0.5233300102050721,3.0697706044345054e-10,9.381365134600653e-11,-0.166750251229214,-0.004014746503717576,-0.7399832297050715,-0.5878042861246983,-0.5052621445174602,-0.4037033544587122,-0.00016028342161718783,-4.104776681382211e-05,2.3779035595794396e-06,-0.00011846986886597895,-2.6029002378014887e-05,0.17267053934666668,-5.1518568112975165e-05,-1.2736815231923224e-05,0.5284341979414555,0.00015389804278164744,4.702592086542454e-05
115,True,1.1600000000000008,6.2409296650885056,False,False,4.000991798875025e-08,False,26.792332995682955,-0.15,0.0,-0.73304,-0.58496,-0.50477,-0.4000000000000001,0.0,0.0,0.0,0.0,0.0,0.17,0.0,0.0,0.52333,0.0,0.0,-0.150000033500441,-8.029473004891874e-09,-0.7330400138864276,-0.584960005688557,-0.5047700009842839,-0.4000000074066943,-3.205655632707461e-10,-8.209510632059547e-11,4.7557252787277864e-12,-2.3693919559925145e-10,-5.205773778290345e-11,0.1700000053410679,-1.0303707350224969e-10,-2.5473505935714688e-11,0.523330010208371,3.077943460543832e-10,9.405132678523206e-11,-0.16674824842527383,-0.004016238035246337,-0.7399846975380963,-0.5878056851690504,-0.5052633003296062,-0.4037049856032298,-0.00016051164551794122,-4.11416616274071e-05,2.3846716693058135e-06,-0.00011845861734400484,-2.608713673245279e-05,0.1726721800513734,-5.144338951451977e-05,-1.2763108412356127e-05,0.5284358183495401,0.0001542989521753043,4.71424338205677e-05
116,True,1.1700000000000008,6.240937682333446,False,False,4.0010516622299514e-08,False,27.154000010341406,-0.15,0.0,-0.73304,-0.58496,-0.50477,-0.4000000000000001,0.0,0.0,0.0,0.0,0.0,0.17,0.0,0.0,0.52333,0.0,0.0,-0.15000003349643537,-8.032456131658317e-09,-0.7330400138893632,-0.5849600056913551,-0.5047700009865955,-0.40000000740995656,-3.210220212758203e-10,-8.22829004367906e-11,4.769262724885746e-12,-2.369166930644767e-10,-5.2174009223079e-11,0.1700000053443493,-1.02886713275322e-10,-2.5526093454472675e-11,0.523330010211612,3.0859618444065325e-10,9.428435860010537e-11,-0.16674625820061845,-0.0040177032783700155,-0.7399861393551572,-0.5878070578985991,-0.5052644338857674,-0.4037065885308162,-0.0001607358907057536,-4.123381831879831e-05,2.3913260978408936e-06,-0.00011844782321489505,-2.614421269574941e-05,0.17267379316872547,-5.136981941111385e-05,-1.278895100377186e-05,0.5284374102343414,0.000154692281884347,4.725666968002274e-05
117,True,1.1800000000000008,6.2409455647363155,False,False,4.0011068506018954e-08,False,26.994166953954846,-0.15,0.0,-0.73304,-0.58496,-0.50477,-0.4000000000000001,0.0,0.0,0.0,0.0,0.0,0.17,0.0,0.0,0.52333,0.0,0.0,-0.1500000334924549,-8.035386681558288e-09,-0.7330400138922469,-0.5849600056941007,-0.5047700009888627,-0.40000000741316244,-3.2147052172483946e-10,-8.246721822812624e-11,4.782573068381536e-12,-2.368951052981799e-10,-5.22881638364398e-11,0.17000000534757553,-1.0273957010663304e-10,-2.5577779772526432e-11,0.5233300102147957,3.093828631597819e-10,9.451283612888547e-11,-0.16674428047623546,-0.004019142697505689,-0.7399875556171337,-0.5878084048088604,-0.5052655456146484,-0.40370816372932744,-0.0001609562288431073,-4.132426974396512e-05,2.3978687546719185e-06,-0.00011843747657172095,-2.620025020426207e-05,0.17267537916241602,-5.129782716718769e-05,-1.2814351336854039e-05,0.5284389740975907,0.0001550781729703118,4.736867223115795e-05
118,True,1.1900000000000008,6.240953314564774,False,False,4.001157466575633e-08,False,26.89387503778562,-0.15,0.0,-0.73304,-0.58496,-0.50477,-0.4000000000000001,0.0,0.0,0.0,0.0,0.0,0.17,0.0,0.0,0.52333,0.0,0.0,-0.1500000334884994,-8.038265580934123e-09,-0.7330400138950796,-0.5849600056967945,-0.5047700009910863,-0.4000000074163128,-3.2191120781380547e-10,-8.264812540403031e-11,4.7956590459786086e-12,-2.368744125407765e-10,-5.240024147758009e-11,0.17000000535074752,-1.0259558273198379e-10,-2.5628581556096227e-11,0.5233300102179236,3.1015466426696434e-10,9.473684692767404e-11,-0.16674231517360846,-0.004020556748858952,-0.739988946776742,-0.5878097263860163,-0.5052666359366962,-0.4037097116781866,-0.00016117273028659038,-4.141304813334237e-05,2.4043015172125205e-06,-0.00011842756769773467,-2.6255268814410034e-05,0.1726769384883453,-5.122738271064419e-05,-1.2839317584008498e-05,0.5284405104321955,0.00015545676388325304,4.747848442363932e-05
119,True,1.2000000000000008,6.240960934048362,False,False,4.0012036090521034e-08,False,26.925290992949158,-0.15,0.0,-0.73304,-0.58496,-0.50477,-0.4000000000000001,0.0,0.0,0.0,0.0,0.0,0.17,0.0,0.0,0.52333,0.0,0.0,-0.15000003348456878,-8.041093743117733e-09,-0.733040013897862,-0.5849600056994377,-0.504770000993267,-0.4000000074194087,-3.2234422043479066e-10,-8.282568644742703e-11,4.8085262392005704e-12,-2.3685459523596977e-10,-5.251028128958643e-11,0.17000000535386617,-1.0245469097815369e-10,-2.5678515139365417e-11,0.5233300102209963,3.109118646132253e-10,9.49564768923882e-11,-0.16674036221471425,-0.004021945880569155,-0.7399903132786794,-0.5878110231070907,-0.5052677052642573,-0.4037112328485293,-0.00016138546411078916,-4.1500185103768785e-05,2.4106262313414875e-06,-0.000118418087062847,-2.6309287709943277e-05,0.1726784715947518,-5.1158456522613793e-05,-1.286385776239757e-05,0.5284420197223959,0.00015582819051000393,4.7586148385431304e-05
120,True,1.2100000000000009,6.240968425379078,False,False,4.0012453679700004e-08,False,27.414124982897192,-0.15,0.0,-0.73304,-0.58496,-0.50477,-0.4000000000000001,0.0,0.0,0.0,0.0,0.0,0.17,0.0,0.0,0.52333,0.0,0.0,-0.15000003348066282,-8.043872063226432e-09,-0.733040013900595,-0.5849600057020313,-0.5047700009954057,-0.400000007422451,-3.2276969757962654e-10,-8.299996454019798e-11,4.821176686008692e-12,-2.3683563450508944e-10,-5.2618321612558135e-11,0.17000000535693238,-1.0231683579678191e-10,-2.5727596571914284e-11,0.5233300102240149,3.116547361706797e-10,9.517181029941807e-11,-0.16673842152201948,-0.004023310532852061,-0.7399916555597668,-0.5878122954401219,-0.5052687540017353,-0.4037127277033468,-0.0001615944981317443,-4.158571167019738e-05,2.4168447119324655e-06,-0.0001184090253201696,-2.6362325709071997e-05,0.17267997892234094,-5.109101962739496e-05,-1.2887979736916025e-05,0.5284435024439156,0.0001561925862215465,4.7691705438492135e-05
121,True,1.2200000000000009,6.240975790712093,False,False,4.001282849518184e-08,False,27.087791997473687,-0.15,0.0,-0.73304,-0.58496,-0.50477,-0.4000000000000001,0.0,0.0,0.0,0.0,0.0,0.17,0.0,0.0,0.52333,0.0,0.0,-0.15000003347678142,-8.046601428571276e-09,-0.7330400139032797,-0.584960005704576,-0.5047700009975031,-0.40000000742544073,-3.2318777496332003e-10,-8.317102176647008e-11,4.833615119199567e-12,-2.3681751156433284e-10,-5.272440008863939e-11,0.17000000535994703,-1.0218195927791992e-10,-2.577584157467433e-11,0.5233300102269804,3.123835454091166e-10,9.538292978529799e-11,-0.16673649301847768,-0.004024651138139992,-0.7399929740490877,-0.5878135438443319,-0.5052697825457431,-0.4037141966976276,-0.0001617998989299762,-4.166965825718188e-05,2.422958743374743e-06,-0.0001184003733026202,-2.6414401271459564e-05,0.17268146090441172,-5.10250435825769e-05,-1.2911691223109773e-05,0.5284449590641124,0.00015655008191950597,4.7795196114169655e-05
122,True,1.2300000000000009,6.240983032166245,False,False,4.001316144172153e-08,False,27.136666991282254,-0.15,0.0,-0.73304,-0.58496,-0.50477,-0.4000000000000001,0.0,0.0,0.0,0.0,0.0,0.17,0.0,0.0,0.52333,0.0,0.0,-0.1500000334729244,-8.04928269437094e-09,-0.7330400139059167,-0.5849600057070728,-0.5047700009995603,-0.4000000074283787,-3.23598585753003e-10,-8.333891894320893e-11,4.845844217091374e-12,-2.368002080229206e-10,-5.282855365524295e-11,0.170000005362911,-1.0205000452805871e-10,-2.582326557889179e-11,0.5233300102298938,3.130985543530959e-10,9.558991638736409e-11,-0.16673457662752617,-0.004025968121219498,-0.7399942691681254,-0.5878147687702924,-0.5052707912852528,-0.4037156402784947,-0.0001620017318730885,-4.175205471014416e-05,2.428970080085278e-06,-0.00011839212201959025,-2.6465532505081508e-05,0.17268291796698113,-5.096050046934121e-05,-1.2934999790038509e-05,0.5284463900421252,0.0001569008060817871,4.789666016830296e-05
123,True,1.2400000000000009,6.240990151824796,False,False,4.0013453394856423e-08,False,27.056457998696715,-0.15,0.0,-0.73304,-0.58496,-0.50477,-0.4000000000000001,0.0,0.0,0.0,0.0,0.0,0.17,0.0,0.0,0.52333,0.0,0.0,-0.15000003346909158,-8.051916718446184e-09,-0.7330400139085069,-0.5849600057095228,-0.5047700010015779,-0.40000000743126585,-3.240022605950372e-10,-8.350371578284919e-11,4.857867957350833e-12,-2.367837059102018e-10,-5.293081851116886e-11,0.1700000053658251,-1.0192091563624751e-10,-2.586988372951576e-11,0.5233300102327557,3.138000199043225e-10,9.579284967250329e-11,-0.16673267227308308,-0.004027261899366579,-0.7399955413308976,-0.5878159706600878,-0.5052717806017435,-0.4037170588853422,-0.00016220006113795796,-4.183293030642618e-05,2.434880447012162e-06,-0.00011838426265367321,-2.6515737172953166e-05,0.17268435052890652,-5.0897362882939034e-05,-1.2957912863083335e-05,0.5284477958290187,0.00015724488480736742,4.7996136596035785e-05
124,True,1.2500000000000009,6.240997151735965,False,False,4.001370538280593e-08,False,27.349416981451213,-0.15,0.0,-0.73304,-0.58496,-0.50477,-0.4000000000000001,0.0,0.0,0.0,0.0,0.0,0.17,0.0,0.0,0.52333,0.0,0.0,-0.15000003346528284,-8.054504329127465e-09,-0.7330400139110513,-0.5849600057119266,-0.5047700010035565,-0.4000000074341031,-3.243989280215902e-10,-8.366547083908443e-11,4.869689650182702e-12,-2.367679875943385e-10,-5.303123019453145e-11,0.17000000536869023,-1.0179463789093419e-10,-2.5915710873339738e-11,0.5233300102355674,3.1448819427532665e-10,9.599180760840433e-11,-0.1667307798795443,-0.004028532882479535,-0.7399967909440891,-0.5878171499474752,-0.5052727508693454,-0.4037184529499689,-0.00016239494973251762,-4.191231376613089e-05,2.4406915401296083e-06,-0.00011837678655745336,-2.6565032699728393e-05,0.17268575900200592,-5.0835603923340865e-05,-1.2980437726700353e-05,0.5284491768679249,0.00015758244186026276,4.809366364634702e-05
125,True,1.260000000000001,6.241004033913456,False,False,4.0013918263368454e-08,False,26.3745830161497,-0.15,0.0,-0.73304,-0.58496,-0.50477,-0.4000000000000001,0.0,0.0,0.0,0.0,0.0,0.17,0.0,0.0,0.52333,0.0,0.0,-0.15000003346149804,-8.057046348673713e-09,-0.7330400139135507,-0.5849600057142853,-0.5047700010054971,-0.4000000074368912,-3.24788713827219e-10,-8.382424156107727e-11,4.881313242336999e-12,-2.3675303587717376e-10,-5.312982355226616e-11,0.17000000537150717,-1.0167111743437582e-10,-2.5960761579330418e-11,0.5233300102383296,3.1516332496235935e-10,9.618686667197795e-11,-0.16672889937178045,-0.004029781473209445,-0.7399980184071807,-0.587818307058041,-0.5052737024549814,-0.40371982289670905,-0.00016258645951714102,-4.199023326275605e-05,2.4464050269246125e-06,-0.00011836968525035284,-2.6613436178171968e-05,0.17268714379117647,-5.077519718605571e-05,-1.3002581527121408e-05,0.5284505335941829,0.0001579135987126814,4.818927883630398e-05
126,True,1.270000000000001,6.24101080033714,False,False,4.001409281097067e-08,False,27.334292011801153,-0.15,0.0,-0.73304,-0.58496,-0.50477,-0.4000000000000001,0.0,0.0,0.0,0.0,0.0,0.17,0.0,0.0,0.52333,0.0,0.0,-0.150000033457737,-8.059543585466067e-09,-0.7330400139160056,-0.5849600057165996,-0.5047700010074003,-0.4000000074396311,-3.251717419633371e-10,-8.398008424602551e-11,4.892740875113015e-12,-2.367388337367335e-10,-5.322663277062276e-11,0.17000000537427673,-1.0155030154724177e-10,-2.6005050135239553e-11,0.5233300102410431,3.1582565498933755e-10,9.637810193067206e-11,-0.16672703067513409,-0.004031008067088338,-0.7399992241125779,-0.5878194424093547,-0.5052746357185058,-0.4037211691425622,-0.00016277465122563431,-4.2066716433625106e-05,2.4520225468754812e-06,-0.00011836295041553668,-2.6660964375507906e-05,0.17268850529451052,-5.071611675311647e-05,-1.302435127500287e-05,0.5284518664354758,0.00015823847458738092,4.828301896504341e-05
127,True,1.280000000000001,6.241017452953582,False,False,4.0014230020921764e-08,False,27.346667018719018,-0.15,0.0,-0.73304,-0.58496,-0.50477,-0.4000000000000001,0.0,0.0,0.0,0.0,0.0,0.17,0.0,0.0,0.52333,0.0,0.0,-0.1500000334539996,-8.061996825334261e-09,-0.7330400139184171,-0.5849600057188703,-0.5047700010092669,-0.40000000744232356,-3.2554813372506243e-10,-8.413305422889754e-11,4.903976934870867e-12,-2.3672536450340936e-10,-5.332169137855342e-11,0.17000000537699975,-1.0143213820815655e-10,-2.6048590578097146e-11,0.5233300102437088,3.1647542260968865e-10,9.656558696115661e-11,-0.16672517371541645,-0.0040322130526551205,-0.7400004084457353,-0.5878205564111211,-0.5052755510128407,-0.4037224920973191,-0.00016295958448584396,-4.21417903901185e-05,2.457545711922265e-06,-0.00011835657389687463,-2.6707633739646275e-05,0.17268984390341008,-5.065833718422864e-05,-1.3045753848023498e-05,0.5284531758119659,0.0001585571864992427,4.83749201274855e-05
128,True,1.290000000000001,6.241023993676596,False,False,4.0014330589158124e-08,False,26.65416698437184,-0.15,0.0,-0.73304,-0.58496,-0.50477,-0.4000000000000001,0.0,0.0,0.0,0.0,0.0,0.17,0.0,0.0,0.52333,0.0,0.0,-0.15000003345028562,-8.064406846301775e-09,-0.7330400139207858,-0.5849600057210983,-0.5047700010110976,-0.40000000744496944,-3.259180084559492e-10,-8.428320572657824e-11,4.9150242841584e-12,-2.367126120361414e-10,-5.341503228159408e-11,0.17000000537967697,-1.0131657667645849e-10,-2.609139664338947e-11,0.5233300102463276,3.1711286217371223e-10,9.674939397807253e-11,-0.16672332841890478,-0.004033396811579262,-0.7400015717852803,-0.5878216494653267,-0.5052764486841093,-0.403723792163687,-0.000163141317839887,-4.22154817277098e-05,2.4629761069293263e-06,-0.00011835054769595852,-2.675346040529069e-05,0.17269116000269927,-5.0601833508079314e-05,-1.3066795993432416e-05,0.528454462136426,0.0001588698492960781,4.846501772778611e-05
129,True,1.300000000000001,6.241030424387788,False,False,4.001439555570614e-08,False,26.96325001306832,-0.15,0.0,-0.73304,-0.58496,-0.50477,-0.4000000000000001,0.0,0.0,0.0,0.0,0.0,0.17,0.0,0.0,0.52333,0.0,0.0,-0.15000003344659502,-8.06677441771847e-09,-0.7330400139231126,-0.5849600057232845,-0.5047700010128929,-0.4000000074475696,-3.2628148330404207e-10,-8.44305919124079e-11,4.925886347953337e-12,-2.367005600718971e-10,-5.350668775170003e-11,0.17000000538230914,-1.0120356699075623e-10,-2.613348184637423e-11,0.5233300102489004,3.177382031527981e-10,9.692959377304543e-11,-0.16672149471233927,-0.0040345597187822786,-0.7400027145031333,-0.5878227219663865,-0.505277329071767,-0.4037250697374116,-0.00016331990876401067,-4.228781653581015e-05,2.468315290140167e-06,-0.00011834486396917374,-2.6798460199928824e-05,0.17269245397073477,-5.0546581213803716e-05,-1.3087484330548076e-05,0.5284557258143698,0.00015917657569868176,4.855334649253222e-05
130,True,1.310000000000001,6.241036746937152,False,False,4.0014425536320824e-08,False,27.335458027664572,-0.15,0.0,-0.73304,-0.58496,-0.50477,-0.4000000000000001,0.0,0.0,0.0,0.0,0.0,0.17,0.0,0.0,0.52333,0.0,0.0,-0.15000003344292756,-8.06910028031127e-09,-0.7330400139253981,-0.5849600057254296,-0.5047700010146537,-0.4000000074501247,-3.26638673005036e-10,-8.457526497039234e-11,4.9365650397031045e-12,-2.3668919297106013e-10,-5.359668943741031e-11,0.1700000053848971,-1.0109306012478277e-10,-2.617485940754167e-11,0.5233300102514277,3.1835167106099814e-10,9.710625582310577e-11,-0.16671967252292016,-0.004035702142557081,-0.7400038369646277,-0.5878237743012861,-0.5052781925087301,-0.403726325207398,-0.00016349541368808815,-4.235882040742448e-05,2.4735647936245123e-06,-0.00011833951502482549,-2.6842648649708163e-05,0.1726937261795147,-5.049255624260631e-05,-1.31078253532092e-05,0.52845696724418,0.0001594774763401448,4.863994048368531e-05
131,True,1.320000000000001,6.241042963143547,False,False,4.0014421483813753e-08,False,26.736500032711774,-0.15,0.0,-0.73304,-0.58496,-0.50477,-0.4000000000000001,0.0,0.0,0.0,0.0,0.0,0.17,0.0,0.0,0.52333,0.0,0.0,-0.15000003343928317,-8.071385178276547e-09,-0.7330400139276431,-0.5849600057275343,-0.5047700010163807,-0.40000000745263564,-3.269896906954277e-10,-8.471727610197917e-11,4.947065560613516e-12,-2.3667849556835256e-10,-5.3685068397729034e-11,0.1700000053874415,-1.0098500792640915e-10,-2.6215542330541592e-11,0.5233300102539107,3.189534872110808e-10,9.727944822970251e-11,-0.16671786177830492,-0.004036824444685222,-0.7400049395286254,-0.5878248068497215,-0.5052790393215011,-0.40372755895582796,-0.00016366788801475747,-4.2428518448623545e-05,2.4787261237179838e-06,-0.00011833449332031664,-2.6886040985199277e-05,0.17269497699478523,-5.043973497953368e-05,-1.3127825432178619e-05,0.5284581868172329,0.00015977265980444158,4.8724833111277776e-05
132,True,1.330000000000001,6.2410490747952,False,False,4.0014384059322475e-08,False,26.608708023559302,-0.15,0.0,-0.73304,-0.58496,-0.50477,-0.4000000000000001,0.0,0.0,0.0,0.0,0.0,0.17,0.0,0.0,0.52333,0.0,0.0,-0.15000003343566165,-8.073629828055096e-09,-0.7330400139298482,-0.5849600057295994,-0.5047700010180743,-0.40000000745510317,-3.2733464699094376e-10,-8.485667548540016e-11,4.957388614992467e-12,-2.366684525900763e-10,-5.3771855078408454e-11,0.17000000538994312,-1.0087936321928831e-10,-2.6255543342891064e-11,0.5233300102563498,3.19543868660321e-10,9.744923782712333e-11,-0.1667160624066053,-0.004037926980552053,-0.7400060225476325,-0.5878258199842364,-0.5052798698302929,-0.40372877135827717,-0.00016383738613820928,-4.249693528783488e-05,2.4838007614543484e-06,-0.00011832979145937815,-2.692865214704869e-05,0.17269620677614583,-5.038809424539644e-05,-1.3147490817500925e-05,0.5284593849180219,0.0001600622326643043,4.880805714586683e-05
133,True,1.340000000000001,6.241055083650329,False,False,4.001431411426173e-08,False,26.67133300565183,-0.15,0.0,-0.73304,-0.58496,-0.50477,-0.4000000000000001,0.0,0.0,0.0,0.0,0.0,0.17,0.0,0.0,0.52333,0.0,0.0,-0.1500000334320629,-8.075834946087712e-09,-0.7330400139320142,-0.5849600057316258,-0.5047700010197353,-0.40000000745752795,-3.2767365079969246e-10,-8.49935124111966e-11,4.967539079632152e-12,-2.366590493452919e-10,-5.385707937971161e-11,0.17000000539240268,-1.0077607960634356e-10,-2.6294874958654848e-11,0.523330010258746,3.2012302864418106e-10,9.761569015538955e-11,-0.16671427433638464,-0.004039010099259851,-0.7400070863679103,-0.5878268140703575,-0.5052806843491502,-0.4037299627838288,-0.00016400396146263024,-4.256409508495631e-05,2.4887901629905266e-06,-0.00011832540218934928,-2.6970496791523406e-05,0.1726974158771525,-5.033761128883759e-05,-1.3166827640814792e-05,0.5284605619242789,0.0001603462995183979,4.888964473075063e-05
134,True,1.350000000000001,6.241060991437495,False,False,4.0014212446201344e-08,False,26.898833049926907,-0.15,0.0,-0.73304,-0.58496,-0.50477,-0.4000000000000001,0.0,0.0,0.0,0.0,0.0,0.17,0.0,0.0,0.52333,0.0,0.0,-0.15000003342848672,-8.078001228865872e-09,-0.733040013934142,-0.584960005733614,-0.5047700010213645,-0.4000000074599108,-3.280068087258524e-10,-8.512783518735152e-11,4.9775188247813175e-12,-2.366502712108226e-10,-5.394077060897847e-11,0.17000000539482088,-1.0067511159174121e-10,-2.633354943101156e-11,0.5233300102611002,3.206911763594701e-10,9.777886948058494e-11,-0.16671249749665482,-0.004040074143738941,-0.7400081313295878,-0.5878277894667263,-0.5052814831860672,-0.40373113359518575,-0.0001641676664203099,-4.2630021540295416e-05,2.493695760024454e-06,-0.00011832131839850844,-2.701158929594933e-05,0.1726986046454194,-5.028826377854434e-05,-1.318584191762087e-05,0.5284617182070926,0.00016062496302780745,4.8969627393951134e-05
135,True,1.360000000000001,6.241066799856278,False,False,4.001407971080369e-08,False,27.01162500306964,-0.15,0.0,-0.73304,-0.58496,-0.50477,-0.4000000000000001,0.0,0.0,0.0,0.0,0.0,0.17,0.0,0.0,0.52333,0.0,0.0,-0.150000033424933,-8.08012936247271e-09,-0.733040013936232,-0.5849600057355648,-0.5047700010229622,-0.4000000074622524,-3.2833422588282417e-10,-8.525969123415744e-11,4.987330524946495e-12,-2.366421040920401e-10,-5.402295752467167e-11,0.17000000539719842,-1.0057641447247046e-10,-2.6371578796299377e-11,0.5233300102634127,3.212485170727645e-10,9.793883891682847e-11,-0.16671073181687354,-0.0040411194508568555,-0.7400091577667687,-0.5878287465252289,-0.5052822666431052,-0.40373228414878126,-0.00016432855248941423,-4.269473790333831e-05,2.4985189602059e-06,-0.0001183175331134525,-2.705194376404543e-05,0.17269977342271844,-5.0240029795601276e-05,-1.3204539549506054e-05,0.5284628541310259,0.00016089832395185338,4.9048036059968226e-05
136,True,1.370000000000001,6.24107251057759,False,False,4.0013916706441866e-08,False,27.11141697363928,-0.15,0.0,-0.73304,-0.58496,-0.50477,-0.4000000000000001,0.0,0.0,0.0,0.0,0.0,0.17,0.0,0.0,0.52333,0.0,0.0,-0.15000003342140164,-8.082220023450382e-09,-0.7330400139382849,-0.584960005737479,-0.5047700010245292,-0.4000000074645535,-3.286560051342889e-10,-8.538912703000626e-11,4.996977952812431e-12,-2.3663453389431623e-10,-5.4103668319435824e-11,0.17000000539953597,-1.0047994449419737e-10,-2.6408974851993192e-11,0.5233300102656847,3.2179525244566826e-10,9.809566026364397e-11,-0.16670897722694164,-0.004042146351525562,-0.7400101660076391,-0.5878296855911227,-0.5052830350165062,-0.4037334147948869,-0.00016448667021143467,-4.2758266981350906e-05,2.5032611475404155e-06,-0.00011831403949652475,-2.7091574031155853e-05,0.1727009225450778,-5.019288782598207e-05,-1.3222926326325082e-05,0.52846397005423,0.00016116648118324342,4.9124901061309475e-05
137,True,1.380000000000001,6.241078125244311,False,False,4.001372409892334e-08,False,26.935959002003074,-0.15,0.0,-0.73304,-0.58496,-0.50477,-0.4000000000000001,0.0,0.0,0.0,0.0,0.0,0.17,0.0,0.0,0.52333,0.0,0.0,-0.15000003341789245,-8.084273867524361e-09,-0.7330400139403014,-0.5849600057393571,-0.504770001026066,-0.4000000074668148,-3.289722475820992e-10,-8.551618819948063e-11,5.006463858695106e-12,-2.366275471328864e-10,-5.418293068786017e-11,0.17000000540183421,-1.0038565854633306e-10,-2.6445749185503723e-11,0.5233300102679166,3.223315801553425e-10,9.824939420247179e-11,-0.16670723365720017,-0.0040431551708067955,-0.7400111563745723,-0.5878306070031623,-0.5052837885968059,-0.4037345258777194,-0.0001646420692083173,-4.28206311478159e-05,2.5079236827864755e-06,-0.00011831083084328914,-2.7130493669381706e-05,0.1727020523428783,-5.014681675317713e-05,-1.3241007928340128e-05,0.5284650663285574,0.0001614295317825761,4.920025214979956e-05
138,True,1.390000000000001,6.241083645471605,False,False,4.001350258913078e-08,False,27.16808399418369,-0.15,0.0,-0.73304,-0.58496,-0.50477,-0.4000000000000001,0.0,0.0,0.0,0.0,0.0,0.17,0.0,0.0,0.52333,0.0,0.0,-0.15000003341440526,-8.08629154955276e-09,-0.7330400139422821,-0.5849600057412,-0.5047700010275731,-0.40000000746903697,-3.292830524036488e-10,-8.564091948624897e-11,5.0157895830241586e-12,-2.366211303094336e-10,-5.4260771775656606e-11,0.1700000054040938,-1.0029351444663676e-10,-2.6481913157236857e-11,0.5233300102701092,3.228576943552913e-10,9.840010024245865e-11,-0.1667055010384276,-0.004044146228015528,-0.740012129184231,-0.5878315110937213,-0.5052845276689426,-0.4037356177355452,-0.000164794798199278,-4.288185235070851e-05,2.5125079038459768e-06,-0.00011830790058005145,-2.71687159926147e-05,0.17270316314094836,-5.0101795850954935e-05,-1.3258789928319346e-05,0.5284661432996735,0.00016168757101220726,4.927411850767392e-05
139,True,1.400000000000001,6.241089072847546,False,False,4.0013252930343564e-08,False,26.71808301238343,-0.15,0.0,-0.73304,-0.58496,-0.50477,-0.4000000000000001,0.0,0.0,0.0,0.0,0.0,0.17,0.0,0.0,0.52333,0.0,0.0,-0.15000003341094,-8.088273707046456e-09,-0.7330400139442278,-0.5849600057430082,-0.5047700010290513,-0.40000000747122066,-3.295885171500281e-10,-8.576336479372299e-11,5.024958964976422e-12,-2.366152701966913e-10,-5.4337218179659674e-11,0.1700000054063154,-1.0020347074470417e-10,-2.6517477914146182e-11,0.5233300102722631,3.2337378562115153e-10,9.854783674756278e-11,-0.16670377930183733,-0.004045119836821604,-0.7400130847476691,-0.5878323981889126,-0.5052852525123656,-0.403736690700783,-0.00016494490501730967,-4.2941952120614346e-05,2.517015126148139e-06,-0.00011830524226142568,-2.720625406147422e-05,0.1727042552586571,-5.005780477625438e-05,-1.3276277793595025e-05,0.5284672013071638,0.00016194069236949028,4.9346528758460605e-05
140,True,1.410000000000001,6.24109440893346,False,False,4.001297581826188e-08,False,27.417542005423456,-0.15,0.0,-0.73304,-0.58496,-0.50477,-0.4000000000000001,0.0,0.0,0.0,0.0,0.0,0.17,0.0,0.0,0.52333,0.0,0.0,-0.1500000334074965,-8.090220967107986e-09,-0.733040013946139,-0.5849600057447825,-0.5047700010305011,-0.4000000074733666,-3.2988873736655364e-10,-8.588356717828148e-11,5.0339736859122974e-12,-2.366099539333113e-10,-5.441229604947052e-11,0.17000000540849963,-1.001154867084149e-10,-2.655245438126265e-11,0.5233300102743792,3.238800407880625e-10,9.869266097043512e-11,-0.16670206837907464,-0.004046076305349575,-0.7400140233704309,-0.5878332686087067,-0.5052859634011413,-0.40373774510010535,-0.00016509243662538695,-4.3000951578692194e-05,2.52144664302698e-06,-0.00011830284956794493,-2.724312068814995e-05,0.17270532901000638,-5.001482356220608e-05,-1.3293476888082248e-05,0.5284682406846425,0.0001621889876194029,4.941751097765423e-05
141,True,1.420000000000001,6.24109965526445,False,False,4.0012671821951766e-08,False,26.413540996145457,-0.15,0.0,-0.73304,-0.58496,-0.50477,-0.4000000000000001,0.0,0.0,0.0,0.0,0.0,0.17,0.0,0.0,0.52333,0.0,0.0,-0.15000003340407464,-8.092133942962099e-09,-0.7330400139480163,-0.5849600057465234,-0.5047700010319228,-0.40000000747547537,-3.301838071077638e-10,-8.600156888315157e-11,5.042838048759156e-12,-2.366051689425483e-10,-5.4486030999365475e-11,0.17000000541064714,-1.000295224255765e-10,-2.65868532955759e-11,0.523330010276458,3.2437664360118745e-10,9.883462905241943e-11,-0.16670036820221418,-0.004047015936276781,-0.7400149453526487,-0.5878341226670468,-0.5052866606040557,-0.40373878125453766,-0.0001652374391323747,-4.305887144448463e-05,2.5258037260924708e-06,-0.00011830071630371665,-2.7279328441151694e-05,0.17270638470372082,-4.9972832611280135e-05,-1.3310392474258706e-05,0.5284692617598559,0.00016243254682657104,4.948709270318631e-05
142,True,1.430000000000001,6.241104813349732,False,False,4.001234166967285e-08,False,27.00433402787894,-0.15,0.0,-0.73304,-0.58496,-0.50477,-0.4000000000000001,0.0,0.0,0.0,0.0,0.0,0.17,0.0,0.0,0.52333,0.0,0.0,-0.15000003340067428,-8.094013242629372e-09,-0.7330400139498603,-0.5849600057482315,-0.5047700010333173,-0.4000000074775477,-3.3047381853084333e-10,-8.611741134518505e-11,5.051552790012146e-12,-2.3660090285094505e-10,-5.4558448179446804e-11,0.1700000054127585,-9.99455387632668e-11,-2.662068518062327e-11,0.5233300102785002,3.2486377406519204e-10,9.897379607776233e-11,-0.16669867870375718,-0.00404793902692969,-0.7400158509891384,-0.5878349606719631,-0.5052873443847173,-0.40373979947955585,-0.00016537995780864455,-4.311573204357953e-05,2.5300876255954155e-06,-0.0001182988363941201,-2.731488964996831e-05,0.17270742264333658,-4.993181268855799e-05,-1.332702971510653e-05,0.5284702648547865,0.0001626714583867011,4.9555300945695436e-05
143,True,1.440000000000001,6.241109884673219,False,False,4.001198597478674e-08,False,26.746459014248103,-0.15,0.0,-0.73304,-0.58496,-0.50477,-0.4000000000000001,0.0,0.0,0.0,0.0,0.0,0.17,0.0,0.0,0.52333,0.0,0.0,-0.15000003339729526,-8.095859464589406e-09,-0.7330400139516716,-0.5849600057499076,-0.5047700010346848,-0.40000000747958414,-3.3075886205825335e-10,-8.623113522873965e-11,5.0601210652925115e-12,-2.3659714347477965e-10,-5.462957223498514e-11,0.1700000054148344,-9.986349711711218e-11,-2.6653960363430453e-11,0.5233300102805064,3.2534160898634555e-10,9.911021606683708e-11,-0.16669699981662892,-0.004048845869378521,-0.7400167405694941,-0.5878357829256832,-0.5052880150016568,-0.4037408000851823,-0.00016552003710140528,-4.3171553315125194e-05,2.5342995707862257e-06,-0.00011829720388354654,-2.734981640963735e-05,0.17270844312728842,-4.989174491512627e-05,-1.3343393676016747e-05,0.5284712502857547,0.00016290580905743213,4.96221621986016e-05
144,True,1.450000000000001,6.2411148706938055,False,False,4.001160543135426e-08,False,27.0555000170134,-0.15,0.0,-0.73304,-0.58496,-0.50477,-0.4000000000000001,0.0,0.0,0.0,0.0,0.0,0.17,0.0,0.0,0.52333,0.0,0.0,-0.15000003339393747,-8.097673186505117e-09,-0.7330400139534509,-0.5849600057515522,-0.5047700010360261,-0.4000000074815854,-3.310390268385175e-10,-8.634278039857399e-11,5.068545817616229e-12,-2.365938788471706e-10,-5.469942735724146e-11,0.17000000541687535,-9.978335986529727e-11,-2.66866889694293e-11,0.5233300102824774,3.258103219454158e-10,9.924394198969604e-11,-0.1666953314741758,-0.0040497367505302195,-0.74001761437818,-0.5878365897247425,-0.5052886727084237,-0.4037417833760802,-0.00016565772064975294,-4.322635481920206e-05,2.538440770267661e-06,-0.00011829581293318112,-2.738412058522721e-05,0.1727094464489956,-4.985261076159025e-05,-1.3359489326657187e-05,0.5284722183635174,0.00016313568398861736,4.968770244798802e-05
145,True,1.460000000000001,6.241119772845899,False,False,4.001120049707066e-08,False,26.851832983084023,-0.15,0.0,-0.73304,-0.58496,-0.50477,-0.4000000000000001,0.0,0.0,0.0,0.0,0.0,0.17,0.0,0.0,0.52333,0.0,0.0,-0.15000003339060075,-8.099454988641508e-09,-0.7330400139551985,-0.5849600057531658,-0.5047700010373416,-0.4000000074835519,-3.3131439998728036e-10,-8.645238600793904e-11,5.076828988382812e-12,-2.3659109729939204e-10,-5.4768037286855205e-11,0.170000005418882,-9.970508984679261e-11,-2.6718880944480677e-11,0.5233300102844135,3.262700831892489e-10,9.937502588126725e-11,-0.1666936736101631,-0.004050611952219775,-0.7400184726946223,-0.5878373813600908,-0.5052893177536835,-0.4037427496516459,-0.00016579305129944455,-4.328015574405354e-05,2.5425124123416574e-06,-0.00011829465781882474,-2.7417813816233368e-05,0.17271043289694601,-4.981439204170508e-05,-1.3375321542804457e-05,0.5284731693933665,0.00016336116675204723,4.9751947182294395e-05
146,True,1.470000000000001,6.241124592539738,False,False,4.0010771956760503e-08,False,26.824875036254525,-0.15,0.0,-0.73304,-0.58496,-0.50477,-0.4000000000000001,0.0,0.0,0.0,0.0,0.0,0.17,0.0,0.0,0.52333,0.0,0.0,-0.15000003338728501,-8.1012054304469e-09,-0.7330400139569151,-0.584960005754749,-0.5047700010386317,-0.4000000074854845,-3.315850672378287e-10,-8.655999038338158e-11,5.084972947166932e-12,-2.365887875150838e-10,-5.4835425290127374e-11,0.1700000054208549,-9.962865074082542e-11,-2.6750546037933808e-11,0.5233300102863156,3.2672105992892497e-10,9.950351863129018e-11,-0.1666920261587719,-0.0040514717512999026,-0.7400193157932969,-0.5878381581171976,-0.5052899503813114,-0.4037436992061004,-0.00016592607111740217,-4.333297491317874e-05,2.546515665350324e-06,-0.000118293732928756,-2.745090752089056e-05,0.17271140275477917,-4.9777070906122236e-05,-1.3390895108140761e-05,0.5284741036752246,0.00016358233937062278,4.981492140182487e-05
147,True,1.480000000000001,6.241129331161882,False,False,4.0010320342717116e-08,False,26.6295830369927,-0.15,0.0,-0.73304,-0.58496,-0.50477,-0.4000000000000001,0.0,0.0,0.0,0.0,0.0,0.17,0.0,0.0,0.52333,0.0,0.0,-0.15000003338399007,-8.102925061828636e-09,-0.7330400139586014,-0.5849600057563026,-0.504770001039897,-0.40000000748738357,-3.3185111267004103e-10,-8.666563122125591e-11,5.092980451484348e-12,-2.3658693808301795e-10,-5.490161422000688e-11,0.17000000542279461,-9.955400687714422e-11,-2.6781693817872865e-11,0.5233300102881843,3.271634161229175e-10,9.962947032990518e-11,-0.16669038905459682,-0.004052316419729176,-0.7400201439438185,-0.5878389202761554,-0.5052905708304848,-0.40374463232857843,-0.0001660568214059504,-4.338483079228993e-05,2.55045167801118e-06,-0.00011829303276163328,-2.748341290040232e-05,0.17271235630136755,-4.9740629836249475e-05,-1.3406214716016163e-05,0.5284750215037399,0.0001637992823469904,4.987664962807474e-05
148,True,1.490000000000001,6.24113399007555,False,False,4.000984623821794e-08,False,27.070417010691017,-0.15,0.0,-0.73304,-0.58496,-0.50477,-0.4000000000000001,0.0,0.0,0.0,0.0,0.0,0.17,0.0,0.0,0.52333,0.0,0.0,-0.15000003338071585,-8.104614437898228e-09,-0.7330400139602578,-0.584960005757827,-0.5047700010411379,-0.4000000074892498,-3.32112618981438e-10,-8.676934542509347e-11,5.100853007783157e-12,-2.365855381476203e-10,-5.4966626468656724e-11,0.1700000054247017,-9.948112310726983e-11,-2.6812333671116968e-11,0.5233300102900199,3.275973128023541e-10,9.975292996272167e-11,-0.16668876223264323,-0.004053146224658578,-0.740020957411026,-0.5878396681117809,-0.505291179335773,-0.40374554930321643,-0.00016618534271679376,-4.343574149613685e-05,2.554321579746793e-06,-0.0001182925519244341,-2.7515340943089448e-05,0.17271329381089692,-4.9705051638222065e-05,-1.3421284971177014e-05,0.5284759231683787,0.00016401207469164775,4.9937155912878894e-05
149,True,1.500000000000001,6.24113857062103,False,False,4.0009350201590324e-08,False,26.881792000494897,-0.15,0.0,-0.73304,-0.58496,-0.50477,-0.4000000000000001,0.0,0.0,0.0,0.0,0.0,0.17,0.0,0.0,0.52333,0.0,0.0,-0.15000003337746218,-8.106274081674802e-09,-0.7330400139618847,-0.5849600057593227,-0.5047700010423549,-0.4000000074910838,-3.3236966716192196e-10,-8.687116922757561e-11,5.108593749661748e-12,-2.365845768397641e-10,-5.503048400811155e-11,0.1700000054265767,-9.940996516363734e-11,-2.6842474808302388e-11,0.5233300102918234,3.2802290804391163e-10,9.987394565476359e-11,-0.1666871456283248,-0.004053961428516513,-0.7400217564550673,-0.5878404018937146,-0.5052917761272273,-0.4037464504092391,-0.00016631167486473746,-4.3485724795200855e-05,2.5581264810089175e-06,-0.00011829228513043325,-2.7546702428459172e-05,0.17271421555294486,-4.9670319436983135e-05,-1.3436110391461136e-05,0.528476808953516,0.00016422079395053056,4.999646384738566e-05
150,True,1.5100000000000011,6.241143074116103,False,False,4.0008832831751054e-08,False,26.811500021722168,-0.15,0.0,-0.73304,-0.58496,-0.50477,-0.4000000000000001,0.0,0.0,0.0,0.0,0.0,0.17,0.0,0.0,0.52333,0.0,0.0,-0.15000003337422896,-8.107904524851106e-09,-0.7330400139634828,-0.5849600057607903,-0.5047700010435486,-0.40000000749288595,-3.3262233700877275e-10,-8.697113818375733e-11,5.116203966727781e-12,-2.365840436426882e-10,-5.5093208413994595e-11,0.1700000054284202,-9.934049921913896e-11,-2.6872126263882538e-11,0.5233300102935949,3.284403569969209e-10,9.999256458237795e-11,-0.16668553917746082,-0.004054762289092351,-0.7400225413314819,-0.587841121886518,-0.5052923614304666,-0.4037473359210441,-0.00016643585694115756,-4.3534798122261206e-05,2.561867473597105e-06,-0.00011829222719721715,-2.7577507931196263e-05,0.17271512179255838,-4.9636416670471526e-05,-1.345069540946048e-05,0.5284776791385262,0.00016442551623208917,5.005459657085925e-05
151,True,1.5200000000000011,6.241147501856357,False,False,4.0008294610686136e-08,False,27.06670801853761,-0.15,0.0,-0.73304,-0.58496,-0.50477,-0.4000000000000001,0.0,0.0,0.0,0.0,0.0,0.17,0.0,0.0,0.52333,0.0,0.0,-0.15000003337101603,-8.109506280037926e-09,-0.7330400139650526,-0.5849600057622303,-0.5047700010447193,-0.400000007494657,-3.328707065845468e-10,-8.70692871439622e-11,5.123686854413052e-12,-2.3658392809384164e-10,-5.5154820821471957e-11,0.17000000543023266,-9.927269216495086e-11,-2.6901296899516113e-11,0.5233300102953353,3.288498117207366e-10,1.0010883304099752e-10,-0.1666839428162737,-0.004055549059618453,-0.7400233122912833,-0.58784182834977,-0.5052929354667639,-0.4037482061082858,-0.00016655792732722354,-4.358297857883602e-05,2.5655456309720232e-06,-0.00011829237304473559,-2.7607767825077785e-05,0.17271601279032991,-4.9603327083914884e-05,-1.3465044374151806e-05,0.5284785339978697,0.00016462631623386575,5.01115767793142e-05
152,True,1.5300000000000011,6.24115185511561,False,False,4.0007736174991314e-08,False,26.94304200122133,-0.15,0.0,-0.73304,-0.58496,-0.50477,-0.4000000000000001,0.0,0.0,0.0,0.0,0.0,0.17,0.0,0.0,0.52333,0.0,0.0,-0.15000003336782328,-8.111079853774517e-09,-0.7330400139665946,-0.5849600057636433,-0.5047700010458673,-0.40000000749639736,-3.3311485265075796e-10,-8.716565030799251e-11,5.131043138624795e-12,-2.3658422020501196e-10,-5.521534199640337e-11,0.17000000543201466,-9.920651155632303e-11,-2.6929995421007746e-11,0.5233300102970451,3.292514216455232e-10,1.0022279638415444e-10,-0.16668235648138652,-0.004056321988850776,-0.7400240695810387,-0.5878425215381594,-0.5052934984531293,-0.40374906123595694,-0.00016667792370687954,-4.363028294150008e-05,2.569162008563486e-06,-0.0001182927176933888,-2.7637492286812856e-05,0.1727168888024723,-4.9571034724226224e-05,-1.3479161552496039e-05,0.5284793738011805,0.0001648232672685804,5.016742673398483e-05
153,True,1.5400000000000011,6.241156135146239,False,False,4.000715800187265e-08,False,26.861875026952475,-0.15,0.0,-0.73304,-0.58496,-0.50477,-0.4000000000000001,0.0,0.0,0.0,0.0,0.0,0.17,0.0,0.0,0.52333,0.0,0.0,-0.1500000333646506,-8.112625743926516e-09,-0.7330400139681091,-0.5849600057650297,-0.5047700010469933,-0.4000000074981076,-3.333548506678774e-10,-8.726026125223428e-11,5.138276789829952e-12,-2.365849098795664e-10,-5.527479226419144e-11,0.17000000543376667,-9.914192538896258e-11,-2.695823035628515e-11,0.5233300102987247,3.296453335722548e-10,1.0033449917933425e-10,-0.16668078010982038,-0.004057081321148032,-0.7400248134429479,-0.5878432017015784,-0.5052940506023926,-0.4037499015644692,-0.0001667958830795876,-4.367672766808208e-05,2.5727176440733234e-06,-0.00011829325626214922,-2.7666691299808876e-05,0.17271775008089238,-4.953952393450217e-05,-1.3493051131006932e-05,0.5284801988133501,0.00016501644128973499,5.022216826963311e-05
154,True,1.5500000000000012,6.241160343179593,False,False,4.000656062386411e-08,False,26.98916697409004,-0.15,0.0,-0.73304,-0.58496,-0.50477,-0.4000000000000001,0.0,0.0,0.0,0.0,0.0,0.17,0.0,0.0,0.52333,0.0,0.0,-0.1500000333614978,-8.11414444228803e-09,-0.733040013969597,-0.5849600057663901,-0.5047700010480977,-0.40000000749978826,-3.3359077455138823e-10,-8.735315288899972e-11,5.145388799057069e-12,-2.36585987400343e-10,-5.533319162158998e-11,0.17000000543548924,-9.907890236330805e-11,-2.6986010084198236e-11,0.5233300103003747,3.3003169121192943e-10,1.0044398507245067e-10,-0.166679213638992,-0.004057827296549447,-0.7400255441149204,-0.5878438690852125,-0.5052945921232836,-0.4037507273497327,-0.0001669118417728372,-4.372232890374357e-05,2.5762135577731682e-06,-0.00011829398396671845,-2.7695374657865687e-05,0.17271859687326319,-4.9508779348620884e-05,-1.3506717217289552e-05,0.5284810092946117,0.0001652059089167444,5.027582280269788e-05
155,True,1.5600000000000012,6.241164480426274,False,False,4.0005944599918784e-08,False,27.299791981931776,-0.15,0.0,-0.73304,-0.58496,-0.50477,-0.4000000000000001,0.0,0.0,0.0,0.0,0.0,0.17,0.0,0.0,0.52333,0.0,0.0,-0.15000003335836487,-8.115636425040651e-09,-0.7330400139710583,-0.5849600057677249,-0.5047700010491807,-0.4000000075014398,-3.33822696942836e-10,-8.744435750718477e-11,5.152381525292906e-12,-2.365874431450475e-10,-5.539055964183634e-11,0.17000000543718283,-9.901741180999048e-11,-2.701334282266066e-11,0.5233300103019958,3.304106359445103e-10,1.0055129691659455e-10,-0.1666776570067112,-0.004058560150851164,-0.7400262618306518,-0.5878445239296286,-0.5052951232205112,-0.40375153884323356,-0.00016702583545442597,-4.3767102486941706e-05,2.579650752797217e-06,-0.00011829489611771747,-2.772355196879892e-05,0.17271942942309543,-4.947878588593784e-05,-1.3520163841549219e-05,0.5284818055006214,0.0001653917394596034,5.0328411339288345e-05
156,True,1.5700000000000012,6.241168548076569,False,False,4.000531032889018e-08,False,26.716458960436285,-0.15,0.0,-0.73304,-0.58496,-0.50477,-0.4000000000000001,0.0,0.0,0.0,0.0,0.0,0.17,0.0,0.0,0.52333,0.0,0.0,-0.15000003335525158,-8.117102164896528e-09,-0.7330400139724937,-0.5849600057690345,-0.504770001050243,-0.4000000075030628,-3.3405068929114393e-10,-8.753390677226913e-11,5.159256703684455e-12,-2.3658926784375124e-10,-5.544691554580216e-11,0.1700000054388479,-9.89574235475319e-11,-2.7040236621873556e-11,0.5233300103035883,3.3078230619550987e-10,1.0065647671104756e-10,-0.16667611015117845,-0.004059280115681283,-0.740026966819698,-0.5878451664708628,-0.5052956440948406,-0.4037523362921104,-0.0001671378991445154,-4.38110639552782e-05,2.5830302154300692e-06,-0.00011829598811891081,-2.7751232657993974e-05,0.17272024796980706,-4.944952874607789e-05,-1.3533394958071472e-05,0.5284825876825394,0.00016557400094309812,5.037995448302513e-05
157,True,1.5800000000000012,6.241172547300713,False,False,4.000465835105542e-08,False,26.889458007644862,-0.15,0.0,-0.73304,-0.58496,-0.50477,-0.4000000000000001,0.0,0.0,0.0,0.0,0.0,0.17,0.0,0.0,0.52333,0.0,0.0,-0.15000003335215784,-8.118542125026829e-09,-0.7330400139739037,-0.5849600057703197,-0.5047700010512847,-0.4000000075046577,-3.3427482147314197e-10,-8.762183175342131e-11,5.1660158898077235e-12,-2.3659145214521057e-10,-5.5502278174888314e-11,0.17000000544048502,-9.889890791622662e-11,-2.7066699389736515e-11,0.5233300103051526,3.3114683830335126e-10,1.0075956567582103e-10,-0.1666745730109824,-0.0040599874185735674,-0.740027659307549,-0.5878457969405056,-0.5052961549431698,-0.40375311993922947,-0.00016724806722746594,-4.385422855123665e-05,2.5863529153897905e-06,-0.00011829725546546253,-2.7778425971892044e-05,0.17272105274879238,-4.9420993403821705e-05,-1.3546414446673619e-05,0.5284833560871084,0.00016575276013056965,5.043047244273151e-05
158,True,1.5900000000000012,6.241176479249285,False,False,4.000398925783356e-08,False,26.827791996765882,-0.15,0.0,-0.73304,-0.58496,-0.50477,-0.4000000000000001,0.0,0.0,0.0,0.0,0.0,0.17,0.0,0.0,0.52333,0.0,0.0,-0.15000003334908354,-8.119956764265912e-09,-0.7330400139752888,-0.5849600057715807,-0.5047700010523064,-0.400000007506225,-3.344951624711934e-10,-8.770816297093247e-11,5.172661703535617e-12,-2.3659398721317774e-10,-5.55566660418469e-11,0.17000000544209456,-9.884183592721906e-11,-2.709273890031793e-11,0.5233300103066895,3.3150436559779665e-10,1.0086060421099843e-10,-0.16667304552509746,-0.004060682283039847,-0.7400283395157005,-0.5878464155657851,-0.5052966559586034,-0.4037538900232588,-0.0001673563734634548,-4.3896611227810086e-05,2.589619806106135e-06,-0.00011829869374222507,-2.780514098140922e-05,0.17272184399148935,-4.939316560408498e-05,-1.3559226114128369e-05,0.5284841109567318,0.0001659280825472394,5.047998503997775e-05
159,True,1.6000000000000012,6.2411803450534835,False,False,4.0003303325229985e-08,False,26.707790966611356,-0.15,0.0,-0.73304,-0.58496,-0.50477,-0.4000000000000001,0.0,0.0,0.0,0.0,0.0,0.17,0.0,0.0,0.52333,0.0,0.0,-0.15000003334602854,-8.121346519764094e-09,-0.7330400139766492,-0.5849600057728179,-0.5047700010533085,-0.40000000750776515,-3.347117796413581e-10,-8.779293030134871e-11,5.179196384846765e-12,-2.365968641165374e-10,-5.561009725963046e-11,0.17000000544367705,-9.878617905921582e-11,-2.7118362748115203e-11,0.5233300103081993,3.318550191588887e-10,1.0095963198482674e-10,-0.16667152763288137,-0.004061364928641151,-0.7400290076617249,-0.5878470225696498,-0.5052971473305263,-0.4037546467787402,-0.00016746285099988192,-4.3938226654021355e-05,2.5928318249941878e-06,-0.00011830029862205856,-2.7831386585290233e-05,0.17272262192544632,-4.936603135698864e-05,-1.3571833695560127e-05,0.5284848525295494,0.00016610003250310337,5.052851171648141e-05
160,True,1.6100000000000012,6.241184145825562,False,False,4.000260118178916e-08,False,26.442292029969394,-0.15,0.0,-0.73304,-0.58496,-0.50477,-0.4000000000000001,0.0,0.0,0.0,0.0,0.0,0.17,0.0,0.0,0.52333,0.0,0.0,-0.15000003334299275,-8.122711839080032e-09,-0.7330400139779856,-0.584960005774032,-0.5047700010542913,-0.40000000750927867,-3.3492473930970407e-10,-8.78761630926676e-11,5.185621094599822e-12,-2.366000742223297e-10,-5.566258965658847e-11,0.17000000544523292,-9.873190931269579e-11,-2.7143578424287723e-11,0.5233300103096824,3.3219892765432024e-10,1.0105668783884879e-10,-0.16667001927407274,-0.004062035571057589,-0.7400296639593404,-0.5878476181708489,-0.5052976292446751,-0.4037553904361611,-0.00016756753238256593,-4.397908922033784e-05,2.595989893723338e-06,-0.00011830206586418191,-2.7857171513398015e-05,0.17272338677438737,-4.933957693301846e-05,-1.3584240855814486e-05,0.5284855810395133,0.00016626867311540317,5.057607154136657e-05
161,True,1.6200000000000012,6.241187882658979,False,False,4.0001883218044626e-08,False,26.747000054456294,-0.15,0.0,-0.73304,-0.58496,-0.50477,-0.4000000000000001,0.0,0.0,0.0,0.0,0.0,0.17,0.0,0.0,0.52333,0.0,0.0,-0.15000003333997602,-8.124053151557786e-09,-0.7330400139792982,-0.5849600057752232,-0.5047700010552552,-0.400000007510766,-3.351341065283616e-10,-8.795789013723307e-11,5.191937503567275e-12,-2.3660360906022516e-10,-5.5714160674823383e-11,0.1700000054467626,-9.867899924379149e-11,-2.7168393248894218e-11,0.5233300103111395,3.325362172581191e-10,1.0115180995730983e-10,-0.16666852038878874,-0.004062694422156964,-0.7400303086184801,-0.5878482025840114,-0.5052981018832083,-0.40375612122202437,-0.00016767044956673632,-4.401921304398286e-05,2.599094918481752e-06,-0.00011830399131255367,-2.7882504329940177e-05,0.1727241387582764,-4.931378885827247e-05,-1.3596451190801393e-05,0.5284862967164603,0.00016643406633068194,5.062268321828398e-05
162,True,1.6300000000000012,6.2411915566288325,False,False,4.000114985221042e-08,False,27.31124998535961,-0.15,0.0,-0.73304,-0.58496,-0.50477,-0.4000000000000001,0.0,0.0,0.0,0.0,0.0,0.17,0.0,0.0,0.52333,0.0,0.0,-0.15000003333697823,-8.125370885674055e-09,-0.7330400139805875,-0.5849600057763921,-0.5047700010562004,-0.40000000751222753,-3.353399454278892e-10,-8.803813964463041e-11,5.198148165976978e-12,-2.366074602412095e-10,-5.576482744811765e-11,0.17000000544826657,-9.86274218965264e-11,-2.7192814411550344e-11,0.5233300103125709,3.3286701205722385e-10,1.012450357316323e-10,-0.16666703091752277,-0.0040633416900622025,-0.7400309418453579,-0.5878487760197241,-0.5052985654247755,-0.40375683935891726,-0.00016777163392782312,-4.405861197414578e-05,2.6021477902364225e-06,-0.00011830607089428288,-2.7907393436633772e-05,0.17272487809338058,-4.9288653909794436e-05,-1.3608468228812553e-05,0.5284869997861857,0.00016659627294643314,5.0668365092395664e-05
163,True,1.6400000000000012,6.241195168792193,False,False,4.0000401596020325e-08,False,26.872457994613796,-0.15,0.0,-0.73304,-0.58496,-0.50477,-0.4000000000000001,0.0,0.0,0.0,0.0,0.0,0.17,0.0,0.0,0.52333,0.0,0.0,-0.15000003333399925,-8.126665448221493e-09,-0.733040013981854,-0.5849600057775389,-0.5047700010571275,-0.4000000075136638,-3.355423184854371e-10,-8.811693935010644e-11,5.204254385836153e-12,-2.366116197963968e-10,-5.581460678838121e-11,0.17000000544974525,-9.857715082992003e-11,-2.7216848968040553e-11,0.5233300103139771,3.3319143340096273e-10,1.0133640186205974e-10,-0.16666555080114195,-0.004063977579217583,-0.7400315638425354,-0.5878493386846073,-0.5052990200445844,-0.4037575450655791,-0.00016787111627204973,-4.4097299597092464e-05,2.6051493849888473e-06,-0.00011830830061806905,-2.7931847075809446e-05,0.1727256049923322,-4.926415911099228e-05,-1.3620295431813484e-05,0.5284876904705134,0.00016675535263234968,5.0713135157226096e-05
164,True,1.6500000000000012,6.241198720188321,False,False,3.999963880404996e-08,False,26.65829099714756,-0.15,0.0,-0.73304,-0.58496,-0.50477,-0.4000000000000001,0.0,0.0,0.0,0.0,0.0,0.17,0.0,0.0,0.52333,0.0,0.0,-0.150000033331039,-8.127937252064288e-09,-0.733040013983098,-0.5849600057786642,-0.5047700010580368,-0.40000000751507525,-3.3574128747342405e-10,-8.819431639937305e-11,5.2102583251963975e-12,-2.366160796078232e-10,-5.586351516532269e-11,0.17000000545119903,-9.852816006377784e-11,-2.724050385217655e-11,0.5233300103153584,3.3350960068709995e-10,1.014259443169992e-10,-0.1666640799808849,-0.004064602290453792,-0.740032174808986,-0.5878498907813895,-0.505299465914468,-0.4037582385569677,-0.00016796892684683168,-4.4135289241178226e-05,2.6081005640263935e-06,-0.00011831067657267077,-2.7955873333456123e-05,0.17272631966419003,-4.9240291727139166e-05,-1.3631936196710779e-05,0.5284883689873652,0.00016691136395117963,5.07570110613823e-05
165,True,1.6600000000000013,6.241202211838946,False,False,3.9998861909551164e-08,False,27.16716699069366,-0.15,0.0,-0.73304,-0.58496,-0.50477,-0.4000000000000001,0.0,0.0,0.0,0.0,0.0,0.17,0.0,0.0,0.52333,0.0,0.0,-0.15000003332809733,-8.12918670139301e-09,-0.73304001398432,-0.5849600057797685,-0.5047700010589286,-0.4000000075164622,-3.3593691278191104e-10,-8.827029745025116e-11,5.216161271547791e-12,-2.366208317743654e-10,-5.591156875727138e-11,0.1700000054526284,-9.848042417355887e-11,-2.7263785852080376e-11,0.5233300103167154,3.338216311449954e-10,1.0151369840756021e-10,-0.16666261839835927,-0.004065216021051821,-0.7400327749401585,-0.5878504325089812,-0.5052999032029487,-0.4037589200443249,-0.0001680650953509847,-4.4172593981765097e-05,2.611002174169441e-06,-0.00011831319492540247,-2.7979480142207437e-05,0.17272702231449916,-4.9217039260956546e-05,-1.364339385659505e-05,0.5284890355508313,0.00016706436437919736,5.080001011514591e-05
166,True,1.6700000000000013,6.24120564474875,False,False,3.9998071432434485e-08,False,27.302959002554417,-0.15,0.0,-0.73304,-0.58496,-0.50477,-0.4000000000000001,0.0,0.0,0.0,0.0,0.0,0.17,0.0,0.0,0.52333,0.0,0.0,-0.15000003332517414,-8.130414189122526e-09,-0.7330400139855203,-0.584960005780852,-0.5047700010598032,-0.40000000751782516,-3.3612925393359736e-10,-8.834490866589445e-11,5.2219649477553494e-12,-2.36625868828581e-10,-5.595878343762472e-11,0.17000000545403368,-9.843391816162679e-11,-2.728670162712506e-11,0.5233300103180486,3.3412763972718446e-10,1.0159969875367337e-10,-0.16666116599553962,-0.004065818964805746,-0.74003336442804,-0.5878509640625463,-0.505300332075303,-0.4037595897352407,-0.00016815965094474605,-4.4209226646045034e-05,2.6138550480143975e-06,-0.00011831585192065885,-2.8002675284271007e-05,0.1727277131453501,-4.919438944827713e-05,-1.3654671681959936e-05,0.5284896903712359,0.00016721441032629635,5.084214929693924e-05
167,True,1.6800000000000013,6.241209019905361,False,False,3.9997267650099865e-08,False,26.795834011863917,-0.15,0.0,-0.73304,-0.58496,-0.50477,-0.4000000000000001,0.0,0.0,0.0,0.0,0.0,0.17,0.0,0.0,0.52333,0.0,0.0,-0.15000003332226933,-8.131620102096171e-09,-0.7330400139866993,-0.5849600057819151,-0.5047700010606609,-0.40000000751916454,-3.3631836920434977e-10,-8.841817570801307e-11,5.22767106906079e-12,-2.366311831946072e-10,-5.600517475451948e-11,0.17000000545541535,-9.83886174504736e-11,-2.7309257724875287e-11,0.5233300103193583,3.344277390822728e-10,1.0168397932474801e-10,-0.16665972271476492,-0.004066411312084388,-0.7400339434612164,-0.5878514856335733,-0.5053007526936234,-0.40376024783371633,-0.00016825262225961227,-4.424519981777123e-05,2.6166600041726097e-06,-0.00011831864387846694,-2.8025466394301587e-05,0.1727283923554369,-4.917233025378657e-05,-1.3665772881897768e-05,0.5284903336552045,0.00016736155715571066,5.088344525966787e-05
168,True,1.6900000000000013,6.241212338279955,False,False,3.999645102474822e-08,False,27.23512501688674,-0.15,0.0,-0.73304,-0.58496,-0.50477,-0.4000000000000001,0.0,0.0,0.0,0.0,0.0,0.17,0.0,0.0,0.52333,0.0,0.0,-0.15000003331938275,-8.132804819351025e-09,-0.7330400139878573,-0.5849600057829583,-0.5047700010615022,-0.40000000752048076,-3.3650431578583287e-10,-8.849012370299239e-11,5.23328133757682e-12,-2.366367674321067e-10,-5.605075799859443e-11,0.17000000545677377,-9.834449799113985e-11,-2.7331460565840795e-11,0.523330010320645,3.347220401241427e-10,1.0176657341256709e-10,-0.1666582884987364,-0.004066993249891891,-0.7400345122249335,-0.5878519974099434,-0.5053011652168796,-0.40376089454022646,-0.00016834403740799707,-4.428052584189901e-05,2.619417847505284e-06,-0.00011832156719306382,-2.804786096221916e-05,0.17272906014011427,-4.915084986684241e-05,-1.3676700605272257e-05,0.5284909656057282,0.00016750585920337227,5.09239143369422e-05
169,True,1.7000000000000013,6.241215600827246,False,False,3.9995621945018365e-08,False,26.996250031515956,-0.15,0.0,-0.73304,-0.58496,-0.50477,-0.4000000000000001,0.0,0.0,0.0,0.0,0.0,0.17,0.0,0.0,0.52333,0.0,0.0,-0.1500000333165143,-8.133968719924167e-09,-0.733040013988995,-0.5849600057839819,-0.5047700010623273,-0.40000000752177417,-3.366871500294546e-10,-8.856077739774698e-11,5.2387978674976765e-12,-2.3664261438534513e-10,-5.609554814200394e-11,0.17000000545810934,-9.830153618867578e-11,-2.7353316446864515e-11,0.5233300103219088,3.3501065151695687e-10,1.01847513651616e-10,-0.16665686329051516,-0.00406756496192723,-0.7400350709011556,-0.5878524995759998,-0.5053015698009794,-0.4037615300517799,-0.00016843392399271183,-4.4315216829138085e-05,2.6221293693544418e-06,-0.00011832461833150125,-2.8069866335973197e-05,0.17272971669145348,-4.912993669736884e-05,-1.3687457941868658e-05,0.5284915864222279,0.00016764736979691077,5.096357254918014e-05
170,True,1.7100000000000013,6.241218808485993,False,False,3.999478073954954e-08,False,27.13787497486919,-0.15,0.0,-0.73304,-0.58496,-0.50477,-0.4000000000000001,0.0,0.0,0.0,0.0,0.0,0.17,0.0,0.0,0.52333,0.0,0.0,-0.15000003331366388,-8.135112170709613e-09,-0.7330400139901123,-0.5849600057849862,-0.5047700010631364,-0.40000000752304515,-3.3686692701268527e-10,-8.863016097676157e-11,5.244220576661163e-12,-2.366487169799033e-10,-5.613955987229932e-11,0.17000000545942243,-9.82597088208261e-11,-2.737483154281663e-11,0.5233300103231505,3.352936798377889e-10,1.0192683216816035e-10,-0.16665544703352012,-0.004068126628642645,-0.7400356196686236,-0.5878529923126137,-0.5053019665988268,-0.4037621545619797,-0.000168522309116273,-4.434928466041794e-05,2.6247953477699885e-06,-0.00011832779383227566,-2.809148972425391e-05,0.1727303621982977,-4.910957937182601e-05,-1.3698047923521834e-05,0.5284921963006173,0.0001677861412743018,5.1002435609593255e-05
171,True,1.7200000000000013,6.2412219621791,False,False,3.999392784958548e-08,False,27.143542014528066,-0.15,0.0,-0.73304,-0.58496,-0.50477,-0.4000000000000001,0.0,0.0,0.0,0.0,0.0,0.17,0.0,0.0,0.52333,0.0,0.0,-0.15000003331083134,-8.136235528193037e-09,-0.7330400139912099,-0.5849600057859717,-0.50477000106393,-0.4000000075242942,-3.370437010811588e-10,-8.86982982247213e-11,5.2495532441047745e-12,-2.366550682904398e-10,-5.618280761275759e-11,0.17000000546071345,-9.821899316000277e-11,-2.7396011928617443e-11,0.5233300103243703,3.3557122973925345e-10,1.0200456031597173e-10,-0.16665403967152548,-0.004068678427301065,-0.7400361587029125,-0.5878534757972494,-0.5053023557603803,-0.4037627682610821,-0.00016860921939003878,-4.438274099126797e-05,2.6274165477329927e-06,-0.00011833109030398319,-2.811273819915165e-05,0.17273099684631635,-4.908976672925239e-05,-1.3708473525222671e-05,0.5284927954333642,0.00016792222500217123,5.104051893005862e-05
172,True,1.7300000000000013,6.241225062814027,False,False,3.9993063554727935e-08,False,26.796958001796156,-0.15,0.0,-0.73304,-0.58496,-0.50477,-0.4000000000000001,0.0,0.0,0.0,0.0,0.0,0.17,0.0,0.0,0.52333,0.0,0.0,-0.1500000333080166,-8.137339147125389e-09,-0.7330400139922879,-0.5849600057869387,-0.5047700010647084,-0.40000000752552156,-3.372175252794665e-10,-8.876521243164409e-11,5.254796020600375e-12,-2.3666166154069114e-10,-5.622530550205272e-11,0.17000000546198274,-9.817936690552235e-11,-2.7416863540273844e-11,0.5233300103255686,3.3584340403082155e-10,1.020807289473782e-10,-0.16665264114865866,-0.004069220532032507,-0.7400366881764873,-0.5878539502040294,-0.5053027374327101,-0.40376337133605394,-0.00016869468094317882,-4.4415597256113904e-05,2.6299937213751985e-06,-0.00011833450442400027,-2.8133618698765326e-05,0.17273162081805815,-4.907048781737892e-05,-1.3718737666203235e-05,0.5284933840095517,0.00016805567139376102,5.107783762687864e-05
173,True,1.7400000000000013,6.241228111282885,False,False,3.999218832990217e-08,False,26.313957991078496,-0.15,0.0,-0.73304,-0.58496,-0.50477,-0.4000000000000001,0.0,0.0,0.0,0.0,0.0,0.17,0.0,0.0,0.52333,0.0,0.0,-0.15000003330521952,-8.138423381390258e-09,-0.733040013993347,-0.5849600057878875,-0.5047700010654718,-0.4000000075267277,-3.373884520287834e-10,-8.883092648774831e-11,5.259951515009442e-12,-2.3666849010347147e-10,-5.626706743491316e-11,0.17000000546323069,-9.814080816327722e-11,-2.74373922257013e-11,0.5233300103267458,3.361103035704003e-10,1.0215536830484413e-10,-0.16665125140939815,-0.004069753113889478,-0.740037208258758,-0.5878544157037962,-0.505303111760053,-0.4037639639706302,-0.00016877871943147914,-4.444786467249228e-05,2.6325276081948713e-06,-0.00011833803293718761,-2.8154138029760936e-05,0.17273223429300388,-4.905173188881368e-05,-1.3728843211001122e-05,0.5284939622149369,0.0001681865299265634,5.111440652643078e-05
174,True,1.7500000000000013,6.241231108462877,False,False,3.9991302439962546e-08,False,26.671333995182067,-0.15,0.0,-0.73304,-0.58496,-0.50477,-0.4000000000000001,0.0,0.0,0.0,0.0,0.0,0.17,0.0,0.0,0.52333,0.0,0.0,-0.15000003330244002,-8.139488566656639e-09,-0.7330400139943871,-0.5849600057888186,-0.5047700010662204,-0.400000007527913,-3.3755653263897734e-10,-8.889546280213762e-11,5.265019535479013e-12,-2.366755473787001e-10,-5.630810700113552e-11,0.17000000546445762,-9.810329533731536e-11,-2.745760371084254e-11,0.5233300103279022,3.363720272372278e-10,1.0222850802097012e-10,-0.16664987039857113,-0.004070276340901402,-0.7400377191161334,-0.5878548724641748,-0.5053034788838672,-0.4037645463453692,-0.00016886136004598646,-4.4479554245184414e-05,2.6350189352689697e-06,-0.0001183416726546182,-2.817430286988114e-05,0.17273283744761772,-4.903348839729588e-05,-1.3738792970503347e-05,0.5284945302320099,0.000168314849159629,5.115024017070947e-05
175,True,1.7600000000000013,6.241234055216371,False,False,3.9990406304068834e-08,False,27.047417010180652,-0.15,0.0,-0.73304,-0.58496,-0.50477,-0.4000000000000001,0.0,0.0,0.0,0.0,0.0,0.17,0.0,0.0,0.52333,0.0,0.0,-0.15000003329967798,-8.140535042062969e-09,-0.7330400139954089,-0.5849600057897322,-0.5047700010669547,-0.4000000075290778,-3.3772181730860884e-10,-8.89588434044449e-11,5.270002673082874e-12,-2.3668282721352966e-10,-5.6348437587228507e-11,0.17000000546566393,-9.8066807455101e-11,-2.7477503616608195e-11,0.5233300103290383,3.366286720945036e-10,1.0230017717947947e-10,-0.1666484980613514,-0.004070790378128076,-0.7400382209120749,-0.5878553206496332,-0.505303838942886,-0.4037651186377079,-0.00016894262752149386,-4.451067677027146e-05,2.637468417461825e-06,-0.00011834542045232937,-2.8194119770406715e-05,0.172733430455398,-4.901574699401767e-05,-1.3748589702970194e-05,0.5284950882400511,0.00016844067675055567,5.1185352822761985e-05
176,True,1.7700000000000014,6.241236952391303,False,False,3.998950017984592e-08,False,26.63283300353214,-0.15,0.0,-0.73304,-0.58496,-0.50477,-0.4000000000000001,0.0,0.0,0.0,0.0,0.0,0.17,0.0,0.0,0.52333,0.0,0.0,-0.1500000332969333,-8.141563137206709e-09,-0.7330400139964125,-0.5849600057906286,-0.5047700010676748,-0.4000000075302223,-3.3788435574834755e-10,-8.902108988384592e-11,5.274901495756616e-12,-2.366903230891946e-10,-5.638807225444016e-11,0.17000000546684996,-9.803132375416253e-11,-2.7497097465653086e-11,0.5233300103301542,3.3688033366043903e-10,1.0237040432199435e-10,-0.1666471343432572,-0.004071295387712178,-0.7400387138071485,-0.5878557604215423,-0.5053041920731701,-0.40376568102201593,-0.0001690225461448711,-4.454124283911212e-05,2.639876757630235e-06,-0.00011834927327009683,-2.8213595158570975e-05,0.17273401348692702,-4.899849752401288e-05,-1.3758236115039427e-05,0.5284956364151878,0.00016856405947216285,5.121975847202087e-05
177,True,1.7800000000000014,6.241239800821335,False,False,3.998858446873384e-08,False,26.606250030454248,-0.15,0.0,-0.73304,-0.58496,-0.50477,-0.4000000000000001,0.0,0.0,0.0,0.0,0.0,0.17,0.0,0.0,0.52333,0.0,0.0,-0.15000003329420586,-8.142573179950596e-09,-0.7330400139973983,-0.5849600057915081,-0.5047700010683811,-0.40000000753134707,-3.380441963949255e-10,-8.90822234432694e-11,5.279719192579285e-12,-2.366980289612679e-10,-5.642702389800007e-11,0.170000005468016,-9.799682390570922e-11,-2.751639066374148e-11,0.5233300103312507,3.371271053932614e-10,1.0243921742093083e-10,-0.16664577919014895,-0.004071791528930858,-0.7400391979590756,-0.5878561919382332,-0.5053045384081594,-0.40376623366964814,-0.00016910113976324268,-4.457126284224424e-05,2.642244646825199e-06,-0.00011835322811023193,-2.8232735339927916e-05,0.17273458670992017,-4.8981730022611085e-05,-1.3767734862711212e-05,0.5284961749304495,0.000168685043228858,5.125347083953434e-05
178,True,1.7900000000000014,6.241242601326098,False,False,3.9987659449997266e-08,False,26.909415959380567,-0.15,0.0,-0.73304,-0.58496,-0.50477,-0.4000000000000001,0.0,0.0,0.0,0.0,0.0,0.17,0.0,0.0,0.52333,0.0,0.0,-0.15000003329149553,-8.143565480810133e-09,-0.7330400139983666,-0.5849600057923712,-0.5047700010690738,-0.4000000075324524,-3.3820138695323833e-10,-8.914226482485818e-11,5.284455141828698e-12,-2.367059389750577e-10,-5.6465305111594094e-11,0.17000000546916244,-9.796328807561757e-11,-2.753538852515809e-11,0.5233300103323277,3.373690789351593e-10,1.0250664392693265e-10,-0.16664443254822722,-0.004072278958246422,-0.7400396735227842,-0.5878566153550554,-0.505304878078723,-0.40376677674899725,-0.00016917843179201596,-4.460074697321206e-05,2.6445727644901804e-06,-0.0001183572820364012,-2.8251546500675064e-05,0.172735150289274,-4.896543471195615e-05,-1.3777088552314123e-05,0.5284967039558225,0.0001688036730727011,5.128650338309676e-05
179,True,1.8000000000000014,6.241245354711414,False,False,3.998672540885915e-08,False,27.471125009469688,-0.15,0.0,-0.73304,-0.58496,-0.50477,-0.4000000000000001,0.0,0.0,0.0,0.0,0.0,0.17,0.0,0.0,0.52333,0.0,0.0,-0.1500000332888022,-8.144540362443886e-09,-0.7330400139993177,-0.5849600057932179,-0.5047700010697531,-0.40000000753353854,-3.383559742879249e-10,-8.920123443871813e-11,5.289111849028313e-12,-2.36714047113242e-10,-5.650292825173887e-11,0.1700000054702896,-9.793069664660453e-11,-2.755409626423774e-11,0.5233300103333858,3.37606344708594e-10,1.02572710762095e-10,-0.16664309436403055,-0.004072757829356085,-0.7400401406504578,-0.5878570308244326,-0.5053052112132096,-0.4037673104255447,-0.00016925444522276233,-4.4629705232320406e-05,2.646861778656095e-06,-0.0001183614321724673,-2.8270034709931807e-05,0.17273570438711364,-4.894960199758795e-05,-1.3786299741452582e-05,0.5284972236583031,0.00016891999321917163,5.131886930228129e-05
180,True,1.8100000000000014,6.241248061769628,False,False,3.998578278538304e-08,False,27.37916703335941,-0.15,0.0,-0.73304,-0.58496,-0.50477,-0.4000000000000001,0.0,0.0,0.0,0.0,0.0,0.17,0.0,0.0,0.52333,0.0,0.0,-0.15000003328612582,-8.145498124959016e-09,-0.7330400140002521,-0.5849600057940489,-0.5047700010704195,-0.4000000075346059,-3.385080043962624e-10,-8.925915230870813e-11,5.2936908490018304e-12,-2.367223476159967e-10,-5.6539905488603784e-11,0.1700000054713978,-9.789903035375275e-11,-2.7572519002141624e-11,0.5233300103344252,3.378389908049919e-10,1.0263744429963575e-10,-0.16664176458443328,-0.004073228293240888,-0.7400405994915839,-0.5878574384959177,-0.5053055379374946,-0.40376783486191103,-0.00016932920263095405,-4.46581474303171e-05,2.649112346133008e-06,-0.00011836567570135135,-2.8288205921974172e-05,0.1727362491628393,-4.893422246508607e-05,-1.3795370939936171e-05,0.5284977342019507,0.00016903404706264518,5.135058154337628e-05
181,True,1.8200000000000014,6.241250723279696,False,False,3.9984831766244843e-08,False,27.11208298569545,-0.15,0.0,-0.73304,-0.58496,-0.50477,-0.4000000000000001,0.0,0.0,0.0,0.0,0.0,0.17,0.0,0.0,0.52333,0.0,0.0,-0.15000003328346626,-8.146439071932132e-09,-0.7330400140011697,-0.5849600057948643,-0.5047700010710728,-0.4000000075356548,-3.3865752232685106e-10,-8.93160380046774e-11,5.298192152760679e-12,-2.367308350216535e-10,-5.657624870775515e-11,0.17000000547248736,-9.786827049457474e-11,-2.7590661744834465e-11,0.5233300103354463,3.380671042857875e-10,1.027008704519868e-10,-0.16664044315664353,-0.004073690498213715,-0.7400410501930023,-0.5878578385162468,-0.505305858375029,-0.4037683502179055,-0.00016940272618355958,-4.46860831920051e-05,2.6513251126986107e-06,-0.00011837000986391636,-2.83060659784268e-05,0.17273678477317217,-4.891928687677458e-05,-1.3804304610691072e-05,0.5284982357479387,0.00016914587719158347,5.138165280422747e-05
182,True,1.8300000000000014,6.241253340007542,False,False,3.998387273615798e-08,False,26.602916012052447,-0.15,0.0,-0.73304,-0.58496,-0.50477,-0.4000000000000001,0.0,0.0,0.0,0.0,0.0,0.17,0.0,0.0,0.52333,0.0,0.0,-0.1500000332808234,-8.14736350086831e-09,-0.7330400140020712,-0.5849600057956644,-0.5047700010717138,-0.40000000753668546,-3.3880457255908505e-10,-8.937191080509582e-11,5.302617776243272e-12,-2.367395036245983e-10,-5.661196960841204e-11,0.17000000547355856,-9.78383985224371e-11,-2.760852943221241e-11,0.5233300103364494,3.382907702608514e-10,1.0276301461658406e-10,-0.16663913002820102,-0.004074144589966485,-0.7400414928989515,-0.5878582310293934,-0.5053061726468857,-0.40376885665057455,-0.00016947503764649975,-4.471352195978578e-05,2.653500713283524e-06,-0.00011837443195787117,-2.8323620610412974e-05,0.1727373113721994,-4.890478616848643e-05,-1.3813103170653984e-05,0.5284987284546063,0.00016925552540344337,5.1412095538987815e-05
183,True,1.8400000000000014,6.241255912706148,False,False,3.998290588848772e-08,False,26.747540978249162,-0.15,0.0,-0.73304,-0.58496,-0.50477,-0.4000000000000001,0.0,0.0,0.0,0.0,0.0,0.17,0.0,0.0,0.52333,0.0,0.0,-0.1500000332781971,-8.148271703201093e-09,-0.7330400140029566,-0.5849600057964495,-0.5047700010723424,-0.4000000075376983,-3.389491985694715e-10,-8.942678959540998e-11,5.306969492713086e-12,-2.3674834813934564e-10,-5.664707963907176e-11,0.17000000547461178,-9.78093963582686e-11,-2.762612688728106e-11,0.5233300103374349,3.3851007218664575e-10,1.0282390169619616e-10,-0.166637825146975,-0.004074590711616493,-0.7400419277511153,-0.5878586161766184,-0.5053064808718055,-0.40376935431424965,-0.00016954615839196767,-4.474047299713452e-05,2.6556397721535128e-06,-0.00011837893933669424,-2.834087544066348e-05,0.17273782911141827,-4.889071144638672e-05,-1.3821768991648938e-05,0.5284992124775073,0.00016936303271931173,5.144192196277648e-05
184,True,1.8500000000000014,6.241258442115864,False,False,3.998193160447039e-08,False,26.94841695483774,-0.15,0.0,-0.73304,-0.58496,-0.50477,-0.4000000000000001,0.0,0.0,0.0,0.0,0.0,0.17,0.0,0.0,0.52333,0.0,0.0,-0.15000003327558734,-8.149163966027217e-09,-0.7330400140038263,-0.5849600057972197,-0.5047700010729588,-0.40000000753869364,-3.390914429671557e-10,-8.94806929019245e-11,5.311248183084385e-12,-2.3675736317198964e-10,-5.6681590058496253e-11,0.17000000547564725,-9.778124616016725e-11,-2.764345885850712e-11,0.523330010338403,3.387250922728003e-10,1.0288355612602957e-10,-0.1666365284611623,-0.004075029003751941,-0.7400423548886673,-0.5878589940965232,-0.5053067831662414,-0.40376984336059396,-0.0001696161094056141,-4.476694539200985e-05,2.657742903088609e-06,-0.00011838352940857806,-2.8357835985585102e-05,0.17273833813977996,-4.8877053983853506e-05,-1.3830304401247244e-05,0.5284996879694597,0.00016946843939826843,5.1471144056248886e-05
185,True,1.8600000000000014,6.241260928964603,False,False,3.998095011553039e-08,False,26.574833027552813,-0.15,0.0,-0.73304,-0.58496,-0.50477,-0.4000000000000001,0.0,0.0,0.0,0.0,0.0,0.17,0.0,0.0,0.52333,0.0,0.0,-0.15000003327299394,-8.150040569504524e-09,-0.7330400140046807,-0.5849600057979756,-0.5047700010735634,-0.40000000753967174,-3.392313479547073e-10,-8.953363891890708e-11,5.315454240803973e-12,-2.367665435183599e-10,-5.6715511888278227e-11,0.1700000054766653,-9.775393049280684e-11,-2.766053000626586e-11,0.523330010339354,3.3893591102132636e-10,1.0294200186017604e-10,-0.16663523991928506,-0.00407545960447666,-0.7400427744483162,-0.5878593649250985,-0.5053070796444038,-0.40377032393864876,-0.00016968491129360175,-4.479294806019766e-05,2.65981070955924e-06,-0.00011838819963539255,-2.837450765728953e-05,0.17273883860373201,-4.8863805218415304e-05,-1.3838711683610956e-05,0.5285001550805937,0.0001695717849514846,5.149977357007949e-05
186,True,1.8700000000000014,6.241263373968011,False,False,3.997996167935369e-08,False,27.104582986794412,-0.15,0.0,-0.73304,-0.58496,-0.50477,-0.4000000000000001,0.0,0.0,0.0,0.0,0.0,0.17,0.0,0.0,0.52333,0.0,0.0,-0.15000003327041683,-8.150901789454046e-09,-0.7330400140055198,-0.5849600057987173,-0.5047700010741564,-0.4000000075406329,-3.3936895462338863e-10,-8.958564544082588e-11,5.319590386965194e-12,-2.367758842995466e-10,-5.674885596705127e-11,0.17000000547766622,-9.77274322190168e-11,-2.7677344885900478e-11,0.5233300103402881,3.391426074163522e-10,1.029992623919414e-10,-0.16663395947018889,-0.004075882649454042,-0.7400431865643489,-0.5878597287957739,-0.5053073704183022,-0.4037707961948787,-0.00016975258428953034,-4.481848974859149e-05,2.6618437848993835e-06,-0.00011839294753166732,-2.839089576558347e-05,0.17273933064726074,-4.8850956748744284e-05,-1.3846993080320125e-05,0.5285006139583985,0.00016967310815606084,5.152782202935901e-05
187,True,1.8800000000000014,6.24126577782975,False,False,3.997896662579276e-08,False,26.928875013254583,-0.15,0.0,-0.73304,-0.58496,-0.50477,-0.4000000000000001,0.0,0.0,0.0,0.0,0.0,0.17,0.0,0.0,0.52333,0.0,0.0,-0.1500000332678559,-8.151747897360007e-09,-0.733040014006344,-0.5849600057994451,-0.5047700010747379,-0.40000000754157744,-3.3950430338683564e-10,-8.963672997076974e-11,5.323656458937722e-12,-2.3678538033848444e-10,-5.678163289289163e-11,0.17000000547865032,-9.770173455399224e-11,-2.7693907996849984e-11,0.523330010341206,3.3934525892412304e-10,1.0305536079450311e-10,-0.1666326870630407,-0.004076298271950184,-0.7400435913686729,-0.5878600858394663,-0.505307655597789,-0.40377126027321625,-0.00016981914826123517,-4.484357903841022e-05,2.663842712476891e-06,-0.0001183977706635933,-2.840700551992061e-05,0.1727398144119323,-4.8838500331704e-05,-1.3855150791184203e-05,0.5285010647477698,0.00016977244706860913,5.155530073790762e-05
188,True,1.8900000000000015,6.241268141241601,False,False,3.9977965219989466e-08,False,26.67499997187406,-0.15,0.0,-0.73304,-0.58496,-0.50477,-0.4000000000000001,0.0,0.0,0.0,0.0,0.0,0.17,0.0,0.0,0.52333,0.0,0.0,-0.15000003326531108,-8.152579160369822e-09,-0.7330400140071537,-0.5849600058001592,-0.5047700010753083,-0.4000000075425056,-3.3963743417079334e-10,-8.968690970011933e-11,5.3276548195199626e-12,-2.367950268646838e-10,-5.6813853104633336e-11,0.17000000547961786,-9.767682103141266e-11,-2.771022372505098e-11,0.5233300103421076,3.3954394184536676e-10,1.0311031965992397e-10,-0.16663142264732678,-0.004076706602876289,-0.7400439889908603,-0.587860436184627,-0.5053079352906003,-0.40377171631510556,-0.00016988462271746036,-4.486822434835434e-05,2.6658080658608145e-06,-0.00011840266664804258,-2.8422842031316258e-05,0.17274029003693353,-4.882642787945057e-05,-1.3863186975037845e-05,0.5285015075910542,0.0001698698390385842,5.158222078250576e-05
189,True,1.9000000000000015,6.24127046488373,False,False,3.997695766126377e-08,False,26.101749972440302,-0.15,0.0,-0.73304,-0.58496,-0.50477,-0.4000000000000001,0.0,0.0,0.0,0.0,0.0,0.17,0.0,0.0,0.52333,0.0,0.0,-0.15000003326278225,-8.153395838692012e-09,-0.7330400140079489,-0.5849600058008598,-0.5047700010758677,-0.40000000754341763,-3.3976838581680456e-10,-8.973620144078461e-11,5.331585914251246e-12,-2.3680481914831273e-10,-5.684552680732934e-11,0.1700000054805691,-9.765267543567933e-11,-2.7726296393759632e-11,0.5233300103429933,3.3973873071898274e-10,1.0316416117369092e-10,-0.16663016617285073,-0.0040771077708303145,-0.740044379558187,-0.5878607799572885,-0.5053082096023968,-0.4037721644595454,-0.00016994902681441088,-4.489243393770191e-05,2.667740408986031e-06,-0.00011840763315160597,-2.8438410314225343e-05,0.1727407576591119,-4.881473145658679e-05,-1.3871103750521488e-05,0.5285019426280947,0.0001699653207213681,5.16085930370442e-05
190,True,1.9100000000000015,6.241272749424877,False,False,3.997594424031177e-08,False,27.129249996505678,-0.15,0.0,-0.73304,-0.58496,-0.50477,-0.4000000000000001,0.0,0.0,0.0,0.0,0.0,0.17,0.0,0.0,0.52333,0.0,0.0,-0.15000003326026928,-8.154198190800377e-09,-0.7330400140087301,-0.5849600058015474,-0.5047700010764163,-0.4000000075443139,-3.398971967056262e-10,-8.978462171329617e-11,5.33545121358077e-12,-2.3681475232401397e-10,-5.687666406034293e-11,0.17000000548150435,-9.762928193066426e-11,-2.7742130241528804e-11,0.5233300103438634,3.3992969899966814e-10,1.0321690710793884e-10,-0.16662891758973147,-0.0040775019021378565,-0.7400447631956748,-0.5878611172811093,-0.5053084786368037,-0.4037726048431315,-0.00017001237936218445,-4.491621590934551e-05,2.669640296315078e-06,-0.00011841266788964866,-2.845371528838441e-05,0.17274121741301482,-4.88034032773676e-05,-1.3878903196846883e-05,0.5285023699962748,0.0001700589280911131,5.163442816659496e-05
191,True,1.9200000000000015,6.241274995522542,False,False,3.997492518994479e-08,False,27.184666018001735,-0.15,0.0,-0.73304,-0.58496,-0.50477,-0.4000000000000001,0.0,0.0,0.0,0.0,0.0,0.17,0.0,0.0,0.52333,0.0,0.0,-0.1500000332577721,-8.154986469964542e-09,-0.7330400140094974,-0.5849600058022221,-0.5047700010769545,-0.4000000075451947,-3.400239044319686e-10,-8.983218674002902e-11,5.339251191846983e-12,-2.3682482214984653e-10,-5.69072746689275e-11,0.17000000548242383,-9.760662493096123e-11,-2.7757729423902137e-11,0.5233300103447182,3.4011691848871185e-10,1.0326857872658282e-10,-0.16662767684840124,-0.004077889120892344,-0.7400451400261305,-0.5878614482774198,-0.5053087424954508,-0.40377303760009803,-0.00017007469883108516,-4.4939578212771145e-05,2.6715082729972353e-06,-0.00011841776862538301,-2.8468761780618464e-05,0.1727416694309283,-4.879243570295654e-05,-1.3886587354547998e-05,0.5285027898305613,0.00017015069645334778,5.1659736631404205e-05
192,True,1.9300000000000015,6.241277203823155,False,False,3.997390075445112e-08,False,26.674667024053633,-0.15,0.0,-0.73304,-0.58496,-0.50477,-0.4000000000000001,0.0,0.0,0.0,0.0,0.0,0.17,0.0,0.0,0.52333,0.0,0.0,-0.1500000332552906,-8.155760926852051e-09,-0.733040014010251,-0.5849600058028841,-0.5047700010774822,-0.4000000075460602,-3.401485459400208e-10,-8.987891240454498e-11,5.342987449942157e-12,-2.368350238282158e-10,-5.693736829942304e-11,0.1700000054833279,-9.75846891289908e-11,-2.7773098028660635e-11,0.5233300103455578,3.403004598760955e-10,1.0331919700215866e-10,-0.1666264438996038,-0.004078269548994505,-0.7400455101701856,-0.5878617730652648,-0.5053090012780092,-0.40377346286235855,-0.00017013600335782222,-4.496252864698041e-05,2.6733448750249618e-06,-0.00011842293316895934,-2.848355452661319e-05,0.17274211384291493,-4.878182123873204e-05,-1.3894158226217489e-05,0.5285032022635474,0.00017024066045735,5.1684528690809083e-05
193,True,1.9400000000000015,6.241279374962267,False,False,3.997287120280828e-08,False,26.833040989004076,-0.15,0.0,-0.73304,-0.58496,-0.50477,-0.4000000000000001,0.0,0.0,0.0,0.0,0.0,0.17,0.0,0.0,0.52333,0.0,0.0,-0.15000003325282468,-8.156521798252658e-09,-0.7330400140109913,-0.5849600058035337,-0.5047700010779997,-0.40000000754691073,-3.4027115760476567e-10,-8.992481431257908e-11,5.346661138984067e-12,-2.3684535326625854e-10,-5.6966954428434163e-11,0.1700000054842167,-9.756345958986806e-11,-2.778824004871761e-11,0.5233300103463827,3.4048039255075817e-10,1.0336878246674499e-10,-0.1666252186943922,-0.0040786433061911435,-0.7400458737463348,-0.5878620917614473,-0.5053092550822303,-0.40377388075954573,-0.0001701963107515948,-4.498507486335685e-05,2.675150629387709e-06,-0.00011842815937657236,-2.849809817265324e-05,0.17274255077685133,-4.877155253164238e-05,-1.390161777722904e-05,0.5285036074254936,0.0001703288541082908,5.1708814407079725e-05
194,True,1.9500000000000015,6.241281509564783,False,False,3.9971836747743013e-08,False,27.065000031143427,-0.15,0.0,-0.73304,-0.58496,-0.50477,-0.4000000000000001,0.0,0.0,0.0,0.0,0.0,0.17,0.0,0.0,0.52333,0.0,0.0,-0.15000003325037425,-8.157269327895011e-09,-0.7330400140117185,-0.5849600058041711,-0.5047700010785073,-0.4000000075477465,-3.403917748525092e-10,-8.9969907778487e-11,5.350272448284576e-12,-2.3685580593743073e-10,-5.6996042352994505e-11,0.17000000548509056,-9.754292156844346e-11,-2.7803159431246597e-11,0.5233300103471931,3.4065678435665075e-10,1.0341735517130574e-10,-0.16662400118412707,-0.004079010510113227,-0.7400462308709739,-0.5878624044805714,-0.5053095040039829,-0.40377429141905136,-0.00017025563850006574,-4.500722436847735e-05,2.6769260542231716e-06,-0.00011843344514958483,-2.8512397277327254e-05,0.1727429803584647,-4.8761622367609003e-05,-1.3908967936445848e-05,0.5285040054443696,0.00017041531077915432,5.173260364918789e-05
195,True,1.9600000000000015,6.241283608245065,False,False,3.997079765421406e-08,False,27.309666969813406,-0.15,0.0,-0.73304,-0.58496,-0.50477,-0.4000000000000001,0.0,0.0,0.0,0.0,0.0,0.17,0.0,0.0,0.52333,0.0,0.0,-0.15000003324793923,-8.158003751701504e-09,-0.7330400140124328,-0.5849600058047966,-0.5047700010790053,-0.40000000754856785,-3.405104327842967e-10,-9.001420778458752e-11,5.353824213709992e-12,-2.368663777217641e-10,-5.7024641170237917e-11,0.17000000548594973,-9.752306067193316e-11,-2.7817860023471243e-11,0.5233300103479891,3.4082970210773215e-10,1.0346493494318813e-10,-0.16662279132047456,-0.004079371276313289,-0.7400465816584364,-0.587862711335082,-0.5053097481372888,-0.4037746949660647,-0.00017031400377522587,-4.502898452687018e-05,2.6786716589659316e-06,-0.00011843878843366698,-2.8526456313200263e-05,0.17274340271136918,-4.875202366897685e-05,-1.3916210596915529e-05,0.5285043964458942,0.00017050006322243743,5.175590609650363e-05
196,True,1.9700000000000015,6.241285671607186,False,False,3.996975404556196e-08,False,27.12799998698756,-0.15,0.0,-0.73304,-0.58496,-0.50477,-0.4000000000000001,0.0,0.0,0.0,0.0,0.0,0.17,0.0,0.0,0.52333,0.0,0.0,-0.15000003324551947,-8.158725298655634e-09,-0.7330400140131343,-0.5849600058054103,-0.5047700010794935,-0.4000000075493749,-3.406271658235472e-10,-9.005772908280644e-11,5.357315448043415e-12,-2.3687706452639543e-10,-5.7052759855325506e-11,0.17000000548679442,-9.750386270406496e-11,-2.7832345606546623e-11,0.5233300103487711,3.4099921137112875e-10,1.0351154107441458e-10,-0.16662158905540445,-0.0040797257183021835,-0.7400469262210306,-0.5878630124353073,-0.5053099875743585,-0.4037750915236106,-0.0001703714234391509,-4.5050362563720424e-05,2.6803879444936628e-06,-0.00011844418721795213,-2.8540279668454117e-05,0.17274381795710123,-4.874274949201102e-05,-1.3923347616551655e-05,0.5285047805535746,0.00017058314358163308,5.177873124242127e-05
197,True,1.9800000000000015,6.241287700245021,False,False,3.996870620361325e-08,False,26.37837501242757,-0.15,0.0,-0.73304,-0.58496,-0.50477,-0.4000000000000001,0.0,0.0,0.0,0.0,0.0,0.17,0.0,0.0,0.52333,0.0,0.0,-0.15000003324311492,-8.159434196873538e-09,-0.7330400140138235,-0.5849600058060125,-0.5047700010799724,-0.40000000755016807,-3.4074200744500273e-10,-9.010048613369024e-11,5.360748587351601e-12,-2.368878623397767e-10,-5.708040714963729e-11,0.17000000548762492,-9.748531378027479e-11,-2.7846619907417706e-11,0.5233300103495393,3.411653764129243e-10,1.0355719259273321e-10,-0.16662039434118825,-0.004080073947585191,-0.7400472646690754,-0.5878633078894974,-0.5053102224056265,-0.403775481212587,-0.00017042791404965312,-4.507136556752341e-05,2.682075403270848e-06,-0.00011844963953420775,-2.855387164849651e-05,0.1727442262151545,-4.8733793024438776e-05,-1.3930380818802257e-05,0.5285051578887461,0.00017066458340250144,5.180108839791632e-05
198,True,1.9900000000000015,6.241289694742474,False,False,3.9967654364013316e-08,False,27.691416966263205,-0.15,0.0,-0.73304,-0.58496,-0.50477,-0.4000000000000001,0.0,0.0,0.0,0.0,0.0,0.17,0.0,0.0,0.52333,0.0,0.0,-0.15000003324072547,-8.160130670134547e-09,-0.7330400140145004,-0.5849600058066033,-0.504770001080442,-0.40000000755094745,-3.4085499101498516e-10,-9.0142493079301e-11,5.364123660857187e-12,-2.3689876720457e-10,-5.710759169629746e-11,0.17000000548844144,-9.746740028027286e-11,-2.7860686571714297e-11,0.523330010350294,3.413282601439499e-10,1.0360190809221128e-10,-0.16661920713039738,-0.0040804160736974794,-0.7400475971109358,-0.5878635978038638,-0.505310452719785,-0.40377586415180156,-0.00017048349186582926,-4.509200049268778e-05,2.6837345194900994e-06,-0.00011845514345602206,-2.856723647753922e-05,0.17274462760301432,-4.8725147583036556e-05,-1.3937311993305496e-05,0.5285055285706091,0.00017074441364413318,5.1822986695034325e-05
199,True,2.0000000000000013,6.24129165567363,False,False,3.9966598732843166e-08,False,26.638791023287922,-0.15,0.0,-0.73304,-0.58496,-0.50477,-0.4000000000000001,0.0,0.0,0.0,0.0,0.0,0.17,0.0,0.0,0.52333,0.0,0.0,-0.15000003323835104,-8.160814937881178e-09,-0.7330400140151653,-0.5849600058071832,-0.5047700010809026,-0.4000000075517133,-3.409661489782445e-10,-9.018376387196544e-11,5.367441925980583e-12,-2.369097753531727e-10,-5.7134321928366044e-11,0.1700000054892442,-9.745010886159618e-11,-2.78745491756095e-11,0.5233300103510354,3.4148792471609506e-10,1.0364570586876044e-10,-0.1666180273759011,-0.0040807522042389435,-0.7400479236530565,-0.587863882282618,-0.5053106786038182,-0.40377624045800803,-0.0001705381728535075,-4.511227416208891e-05,2.6853657692111085e-06,-0.00011846069709800527,-2.8580378300146065e-05,0.17274502223619123,-4.871680661126048e-05,-1.394414289653276e-05,0.5285058927162676,0.00017082266468980724,5.184443509031306e-05
200,True,2.0100000000000002,6.2412935836029435,False,False,3.996553950556572e-08,False,26.867791020777076,-0.15,0.0,-0.73304,-0.58496,-0.50477,-0.4000000000000001,0.0,0.0,0.0,0.0,0.0,0.17,0.0,0.0,0.52333,0.0,0.0,-0.1500000332359915,-8.161487212617058e-09,-0.7330400140158184,-0.5849600058077522,-0.5047700010813545,-0.4000000075524659,-3.4107551315611453e-10,-9.022431212519708e-11,5.370704768044174e-12,-2.36920882828247e-10,-5.716060613321339e-11,0.17000000549003347,-9.743342637151715e-11,-2.788821122751378e-11,0.5233300103517637,3.4164443084468143e-10,1.0368860381849282e-10,-0.16661685503086482,-0.004081082444908415,-0.740048244399997,-0.5878641614280092,-0.5053109001430339,-0.40377661024594147,-0.00017059197269059432,-4.5132193269573496e-05,2.6869696204972526e-06,-0.00011846629861500603,-2.8593301182751355e-05,0.1727454102282544,-4.870876367692011e-05,-1.3950875252419383e-05,0.5285062504407659,0.0001708993663576492,5.1865442368139514e-05
201,True,2.019999999999999,6.241295479085351,False,False,3.9964476844663385e-08,False,26.778042025398463,-0.15,0.0,-0.73304,-0.58496,-0.50477,-0.4000000000000001,0.0,0.0,0.0,0.0,0.0,0.17,0.0,0.0,0.52333,0.0,0.0,-0.1500000332336468,-8.162147707713174e-09,-0.7330400140164599,-0.5849600058083105,-0.5047700010817976,-0.40000000755320547,-3.4118311504466835e-10,-9.026415123566901e-11,5.373912848580692e-12,-2.3693208611968823e-10,-5.7186452445743934e-11,0.17000000549080946,-9.741733997579256e-11,-2.790167618501563e-11,0.5233300103524792,3.417978381608285e-10,1.0373061947837854e-10,-0.16661569004874813,-0.004081406899537274,-0.7400485594544642,-0.5878644353403611,-0.5053111174210976,-0.40377697362835346,-0.00017064490677232375,-4.515176438241623e-05,2.688546533549902e-06,-0.00011847194620134229,-2.8606009115149276e-05,0.17274579169086413,-4.8701012469894326e-05,-1.3957510752983324e-05,0.5285066018571248,0.00017097454791109218,5.1886017144042524e-05
202,True,2.029999999999998,6.241297342666488,False,False,3.996341101113164e-08,False,26.69612498721108,-0.15,0.0,-0.73304,-0.58496,-0.50477,-0.4000000000000001,0.0,0.0,0.0,0.0,0.0,0.17,0.0,0.0,0.52333,0.0,0.0,-0.15000003323131683,-8.162796631336344e-09,-0.7330400140170901,-0.5849600058088583,-0.5047700010822321,-0.4000000075539322,-3.412889853539325e-10,-9.030329432900379e-11,5.377066810064628e-12,-2.3694338151410404e-10,-5.721186884500803e-11,0.17000000549157238,-9.740183706379588e-11,-2.791494742777651e-11,0.523330010353182,3.419482051843486e-10,1.0377177014144227e-10,-0.166614532383303,-0.004081725670122481,-0.7400488689173462,-0.5878647041181081,-0.5053113305200623,-0.40377733071604605,-0.00017069699021641027,-4.517099394372981e-05,2.6900969608404975e-06,-0.00011847763809004605,-2.8618506011954674e-05,0.17274616673380389,-4.8693546799888946e-05,-1.3964051058931977e-05,0.5285069470763769,0.0001710482380691441,5.190616786792269e-05
203,True,2.039999999999997,6.241299174882801,False,False,3.996234215703696e-08,False,26.55945799779147,-0.15,0.0,-0.73304,-0.58496,-0.50477,-0.4000000000000001,0.0,0.0,0.0,0.0,0.0,0.17,0.0,0.0,0.52333,0.0,0.0,-0.1500000332290015,-8.163434186449214e-09,-0.733040014017709,-0.5849600058093959,-0.5047700010826583,-0.40000000755464643,-3.413931543602526e-10,-9.0341754300431e-11,5.380168144544518e-12,-2.3695476548783734e-10,-5.7236863177918904e-11,0.17000000549232247,-9.73869052281885e-11,-2.7928028269389306e-11,0.5233300103538725,3.4209558926953654e-10,1.0381207267380404e-10,-0.16661338198857198,-0.00408203885685901,-0.7400491728877435,-0.5878649678578309,-0.5053115395204009,-0.4037776816179056,-0.00017074823786810734,-4.518988827482886e-05,2.691621347240342e-06,-0.00011848337255212211,-2.8630795714036062e-05,0.17274653546501198,-4.868636059423488e-05,-1.3970497800257287e-05,0.5285072862076016,0.00017112046501646604,5.192590282722067e-05
204,True,2.049999999999996,6.241300976261698,False,False,3.996127045068555e-08,False,26.736458006780595,-0.15,0.0,-0.73304,-0.58496,-0.50477,-0.4000000000000001,0.0,0.0,0.0,0.0,0.0,0.17,0.0,0.0,0.52333,0.0,0.0,-0.1500000332267007,-8.164060574279708e-09,-0.733040014018317,-0.5849600058099234,-0.5047700010830763,-0.4000000075553482,-3.4149565182497836e-10,-9.037954382156354e-11,5.383217461037051e-12,-2.3696623470696645e-10,-5.726144309826627e-11,0.17000000549305994,-9.737253231912983e-11,-2.7940921984483395e-11,0.5233300103545507,3.4224004693043063e-10,1.0385154369086215e-10,-0.1666122388188863,-0.004082346558171698,-0.740049471463001,-0.5878652266542918,-0.5053117445010361,-0.403778026440936,-0.00017079866430517394,-4.520845357754869e-05,2.693120130148314e-06,-0.000118489147895821,-2.8642881989921023e-05,0.17274689799061244,-4.867944789572641e-05,-1.3976852576819525e-05,0.5285076193579599,0.00017119125641326324,5.1945230150024884e-05
205,True,2.0599999999999947,6.241302747321732,False,False,3.9960196102812665e-08,False,26.882208010647446,-0.15,0.0,-0.73304,-0.58496,-0.50477,-0.4000000000000001,0.0,0.0,0.0,0.0,0.0,0.17,0.0,0.0,0.52333,0.0,0.0,-0.15000003322441433,-8.16467598738213e-09,-0.733040014018914,-0.584960005810441,-0.5047700010834864,-0.4000000075560379,-3.415965066692027e-10,-9.04166752658587e-11,5.386215069556286e-12,-2.369777856478343e-10,-5.7285616164972145e-11,0.17000000549378497,-9.735870645782982e-11,-2.795363176637299e-11,0.5233300103552171,3.4238163335292143e-10,1.0389019934722897e-10,-0.16661110282886407,-0.004082648870746556,-0.7400497647387393,-0.5878654806004682,-0.5053119455393704,-0.40377836529029115,-0.00017084828384274957,-4.522669593651982e-05,2.694593739616381e-06,-0.0001184949624659252,-2.8654768537174876e-05,0.17274725441494565,-4.8672802860498655e-05,-1.3983116958919837e-05,0.5285079466327274,0.00017126063940499427,5.196415780811974e-05
206,True,2.0699999999999936,6.241304488572773,False,False,3.995911933011553e-08,False,26.993083010893315,-0.15,0.0,-0.73304,-0.58496,-0.50477,-0.4000000000000001,0.0,0.0,0.0,0.0,0.0,0.17,0.0,0.0,0.52333,0.0,0.0,-0.15000003322214234,-8.165280625249682e-09,-0.7330400140195007,-0.5849600058109489,-0.5047700010838884,-0.40000000755671555,-3.416957477869135e-10,-9.045316078993334e-11,5.3891622054997766e-12,-2.3698941499007177e-10,-5.73093897607757e-11,0.17000000549449784,-9.734541590779994e-11,-2.796616075416219e-11,0.5233300103558717,3.4252040293685296e-10,1.0392805569587292e-10,-0.1666099739734085,-0.0040829458895615105,-0.7400500528088849,-0.587865729787587,-0.5053121427113152,-0.4037786982693068,-0.00017089711053814086,-4.5244621321399186e-05,2.696042598472958e-06,-0.00011850081464304816,-2.8666458983752863e-05,0.17274760484059812,-4.86664197559438e-05,-1.3989292487861785e-05,0.5285082681353284,0.00017132864063190042,5.198269361997575e-05
207,True,2.0799999999999925,6.241306200516092,False,False,3.995804020441874e-08,False,26.852749986574054,-0.15,0.0,-0.73304,-0.58496,-0.50477,-0.4000000000000001,0.0,0.0,0.0,0.0,0.0,0.17,0.0,0.0,0.52333,0.0,0.0,-0.15000003321988462,-8.165874675232498e-09,-0.7330400140200768,-0.5849600058114472,-0.5047700010842827,-0.4000000075573815,-3.4179340317763186e-10,-9.048901235389267e-11,5.392060419784849e-12,-2.370011195352824e-10,-5.733277114983149e-11,0.17000000549519867,-9.733264923070728e-11,-2.7978512031050923e-11,0.5233300103565146,3.426564088894468e-10,1.0396512832220022e-10,-0.16660885220770608,-0.0040832377079165995,-0.740050335765701,-0.5878659743051572,-0.5053123360913196,-0.4037790254795322,-0.00017094515819551968,-4.526223558905867e-05,2.697467122444261e-06,-0.0001185067028429464,-2.867795688932653e-05,0.17274794936843219,-4.866029295866508e-05,-1.3995380676502183e-05,0.5285085839673679,0.00017139528623835894,5.200084525368264e-05
208,True,2.0899999999999914,6.241307883644514,False,False,3.995695902662489e-08,False,27.495166985318065,-0.15,0.0,-0.73304,-0.58496,-0.50477,-0.4000000000000001,0.0,0.0,0.0,0.0,0.0,0.17,0.0,0.0,0.52333,0.0,0.0,-0.15000003321764105,-8.166458326415438e-09,-0.7330400140206428,-0.5849600058119363,-0.5047700010846695,-0.40000000755803594,-3.4188950046140816e-10,-9.052424168744895e-11,5.394910059695012e-12,-2.370128962070426e-10,-5.735576744382814e-11,0.17000000549588773,-9.732039520505935e-11,-2.7990688627723076e-11,0.5233300103571463,3.427897036589831e-10,1.0400143258122415e-10,-0.1666077374872249,-0.0040835244174636425,-0.7400506136998155,-0.5878662142410024,-0.5053125257523986,-0.4037793470207608,-0.00017099244037053582,-4.527954448573193e-05,2.6988677202736216e-06,-0.00011851262551584528,-2.86892657465847e-05,0.17274828809761486,-4.865441695246795e-05,-1.4001383009791328e-05,0.5285088942286631,0.00017146060188206352,5.20186202298263e-05
209,True,2.0999999999999903,6.241309538442606,False,False,3.995587590518796e-08,False,26.858208002522588,-0.15,0.0,-0.73304,-0.58496,-0.50477,-0.4000000000000001,0.0,0.0,0.0,0.0,0.0,0.17,0.0,0.0,0.52333,0.0,0.0,-0.1500000332154116,-8.167031756607657e-09,-0.7330400140211987,-0.5849600058124163,-0.5047700010850489,-0.40000000755867904,-3.419840667432967e-10,-9.055886024926388e-11,5.397711129888946e-12,-2.370247418205084e-10,-5.737838562570527e-11,0.1700000054965652,-9.730864274488894e-11,-2.8002693505405833e-11,0.5233300103577668,3.429203382842791e-10,1.0403698350947357e-10,-0.1666066297677128,-0.004083806108235376,-0.7400508867002515,-0.5878664496812924,-0.505312711766161,-0.4037796629910608,-0.0001710389703748454,-4.5296553649120156e-05,2.700244793838774e-06,-0.00011851858114577578,-2.870038898250962e-05,0.1727486211256463,-4.8648786326387825e-05,-1.4007300945302908e-05,0.5285091990172762,0.00017152461274303477,5.203602592431077e-05
210,True,2.109999999999989,6.241311165386756,False,False,3.995479098293024e-08,False,27.209041989408433,-0.15,0.0,-0.73304,-0.58496,-0.50477,-0.4000000000000001,0.0,0.0,0.0,0.0,0.0,0.17,0.0,0.0,0.52333,0.0,0.0,-0.15000003321319616,-8.167595149689844e-09,-0.7330400140217447,-0.5849600058128871,-0.5047700010854209,-0.400000007559311,-3.420771285862507e-10,-9.059287934892139e-11,5.400465562025288e-12,-2.3703665323149357e-10,-5.7400632573370407e-11,0.17000000549723124,-9.729738107593696e-11,-2.801452958636286e-11,0.5233300103583765,3.430483633433661e-10,1.04071795824993e-10,-0.16660552900519554,-0.004084082868674101,-0.7400511548544547,-0.5878666807105742,-0.5053128942028356,-0.4037799734868046,-0.0001710847612805557,-4.5313268610457815e-05,2.70159873826714e-06,-0.00011852456824992471,-2.871132995962858e-05,0.17274894854838788,-4.86433957727537e-05,-1.40131359137537e-05,0.5285094984295436,0.00017158734353246488,5.205306957112643e-05
211,True,2.119999999999988,6.241312764945388,False,False,3.9953704403850784e-08,False,26.883832993917167,-0.15,0.0,-0.73304,-0.58496,-0.50477,-0.4000000000000001,0.0,0.0,0.0,0.0,0.0,0.17,0.0,0.0,0.52333,0.0,0.0,-0.15000003321099462,-8.168148685205878e-09,-0.7330400140222809,-0.5849600058133492,-0.5047700010857857,-0.4000000075599319,-3.4216871225506776e-10,-9.062630999107351e-11,5.403173734727765e-12,-2.3704862767528253e-10,-5.7422514978383837e-11,0.1700000054978861,-9.72865995391408e-11,-2.8026199723401126e-11,0.5233300103589753,3.4317382816744305e-10,1.0410588404931526e-10,-0.16660443515597517,-0.004084354785659779,-0.740051418248322,-0.5878669074118031,-0.5053130731312994,-0.4037802786026986,-0.00017112982592458955,-4.5329694796538824e-05,2.7029299420492604e-06,-0.00011853058537799679,-2.8722091977241667e-05,0.17274927046008973,-4.863824008528701e-05,-1.4018889319513344e-05,0.5285097925601078,0.0001716488185013982,5.20697582650653e-05
212,True,2.129999999999987,6.2413143375790465,False,False,3.995261639908727e-08,False,26.644792000297457,-0.15,0.0,-0.73304,-0.58496,-0.50477,-0.4000000000000001,0.0,0.0,0.0,0.0,0.0,0.17,0.0,0.0,0.52333,0.0,0.0,-0.1500000332088069,-8.168692527954491e-09,-0.7330400140228077,-0.5849600058138026,-0.5047700010861437,-0.40000000756054216,-3.422588433911293e-10,-9.06591631058334e-11,5.40583617485087e-12,-2.3706066222452943e-10,-5.7444039464543207e-11,0.17000000549852992,-9.727628778036972e-11,-2.8037706735446278e-11,0.5233300103595636,3.432967813829773e-10,1.0413926235160751e-10,-0.16660334817662834,-0.004084621944537664,-0.7400516769662283,-0.5878671298663721,-0.5053132486191018,-0.4037805784318117,-0.0001711741769129694,-4.534583753170405e-05,2.70423878715026e-06,-0.00011853663111158765,-2.873267827262606e-05,0.17274958695341783,-4.8633314157234874e-05,-1.4024562541104353e-05,0.5285100815019459,0.00017170906144925164,5.208609896438433e-05
213,True,2.139999999999986,6.241315883740499,False,False,3.9951527109839326e-08,False,26.952582993544638,-0.15,0.0,-0.73304,-0.58496,-0.50477,-0.4000000000000001,0.0,0.0,0.0,0.0,0.0,0.17,0.0,0.0,0.52333,0.0,0.0,-0.15000003320663294,-8.1692268566122e-09,-0.7330400140233252,-0.5849600058142476,-0.5047700010864946,-0.40000000756114185,-3.423475471479257e-10,-9.069144927772478e-11,5.40845390010469e-12,-2.3707275382991565e-10,-5.746521249301584e-11,0.1700000054991629,-9.726643550647934e-11,-2.8049053382131657e-11,0.5233300103601415,3.434172704238139e-10,1.0417194462321007e-10,-0.16660226802400432,-0.0040848844291454444,-0.7400519310910539,-0.587867348154142,-0.5053134207324912,-0.4037808730656035,-0.00017121782662502303,-4.536170203979112e-05,2.705525649119456e-06,-0.00011854270406356971,-2.8743092022217255e-05,0.1727498981194806,-4.8628612979537466e-05,-1.4030156931692511e-05,0.5285103653463998,0.00017176809573217765,5.210209849341802e-05
214,True,2.149999999999985,6.24131740387489,False,False,3.995043660744459e-08,False,27.525125013198704,-0.15,0.0,-0.73304,-0.58496,-0.50477,-0.4000000000000001,0.0,0.0,0.0,0.0,0.0,0.17,0.0,0.0,0.52333,0.0,0.0,-0.1500000332044726,-8.169751836845096e-09,-0.7330400140238335,-0.5849600058146841,-0.5047700010868389,-0.4000000075617311,-3.4243484835368675e-10,-9.072317900317992e-11,5.4110281323342506e-12,-2.3708489995711863e-10,-5.7486040436877626e-11,0.17000000549978522,-9.725703276991472e-11,-2.806024235532797e-11,0.5233300103607091,3.435353419919615e-10,1.0420394456572791e-10,-0.16660119465522358,-0.004085142321839885,-0.7400521807042109,-0.5878675623534694,-0.5053135895364405,-0.4037811625939525,-0.00017126078721751273,-4.537729344604676e-05,2.7067908971981057e-06,-0.00011854880287748869,-2.8753336342767637e-05,0.17275020404785504,-4.862413163902871e-05,-1.4035673819567892e-05,0.5285106441832047,0.00017182594427127238,5.211776354514108e-05
215,True,2.1599999999999837,6.241318898419951,False,False,3.994934512435487e-08,False,27.145166997797787,-0.15,0.0,-0.73304,-0.58496,-0.50477,-0.4000000000000001,0.0,0.0,0.0,0.0,0.0,0.17,0.0,0.0,0.52333,0.0,0.0,-0.15000003320232586,-8.170267634319273e-09,-0.7330400140243327,-0.5849600058151125,-0.5047700010871765,-0.40000000756231013,-3.4252077124033095e-10,-9.07543625008043e-11,5.4135585356909885e-12,-2.370970977736602e-10,-5.750652948963348e-11,0.1700000055003971,-9.724806969088357e-11,-2.807127631980087e-11,0.5233300103612668,3.436510421389073e-10,1.042352755419528e-10,-0.16660012802767596,-0.004085395703523018,-0.740052425885669,-0.5878677725412357,-0.5053137550946699,-0.4037814471051831,-0.00017130307062868789,-4.539261677900274e-05,2.7080348944253684e-06,-0.00011855492622697124,-2.8763414292483012e-05,0.17275050482661244,-4.861986531666968e-05,-1.4041114508616675e-05,0.5285109181005172,0.00017188262956063262,5.213310068368197e-05
216,True,2.1699999999999826,6.241320367805983,False,False,3.994825278095959e-08,False,26.378874958027154,-0.15,0.0,-0.73304,-0.58496,-0.50477,-0.4000000000000001,0.0,0.0,0.0,0.0,0.0,0.17,0.0,0.0,0.52333,0.0,0.0,-0.1500000332001926,-8.170774410364012e-09,-0.7330400140248231,-0.5849600058155329,-0.5047700010875076,-0.4000000075628792,-3.4260533976872634e-10,-9.078500984012559e-11,5.416046817793325e-12,-2.371093446774551e-10,-5.752668581429513e-11,0.17000000550099864,-9.723953671485425e-11,-2.8082157889494034e-11,0.5233300103618147,3.437644156964112e-10,1.0426595063684971e-10,-0.16659906809901892,-0.004085644653667854,-0.7400526667139816,-0.5878679787928748,-0.5053139174696735,-0.40378172668609263,-0.00017134468858226475,-4.540767697231603e-05,2.7092579977424884e-06,-0.00011856107281514411,-2.877332887213729e-05,0.17275080054234393,-4.8615809285814084e-05,-1.4046480278783866e-05,0.528511187184943,0.00017193817367526293,5.2148116346788726e-05
217,True,2.1799999999999815,6.241321812456101,False,False,3.99471596862756e-08,False,26.82383405044675,-0.15,0.0,-0.73304,-0.58496,-0.50477,-0.4000000000000001,0.0,0.0,0.0,0.0,0.0,0.17,0.0,0.0,0.52333,0.0,0.0,-0.1500000331980727,-8.171272318502343e-09,-0.7330400140253047,-0.5849600058159454,-0.5047700010878323,-0.40000000756343834,-3.426885773305348e-10,-9.081513089415983e-11,5.4184933098311435e-12,-2.3712163807997066e-10,-5.754651538075078e-11,0.17000000550159008,-9.723142425341379e-11,-2.8092889610588498e-11,0.5233300103623529,3.438755068186066e-10,1.042959827863058e-10,-0.16659801482717596,-0.004085889250343659,-0.7400529032663101,-0.5878681811824001,-0.5053140767227406,-0.4037820014219776,-0.00017138565259133275,-4.542247886657386e-05,2.7104605580952387e-06,-0.00011856724137406392,-2.8783083026165938e-05,0.17275109128018504,-4.861195891050542e-05,-1.4051772386527195e-05,0.5285114515215645,0.0001719925982788379,5.216281684824744e-05
218,True,2.1899999999999804,6.241323232786277,False,False,3.994606604262673e-08,False,27.338207990396768,-0.15,0.0,-0.73304,-0.58496,-0.50477,-0.4000000000000001,0.0,0.0,0.0,0.0,0.0,0.17,0.0,0.0,0.52333,0.0,0.0,-0.15000003319596616,-8.171761523532994e-09,-0.7330400140257779,-0.5849600058163502,-0.5047700010881508,-0.4000000075639878,-3.4277050696505246e-10,-9.084473532585888e-11,5.42089875676992e-12,-2.3713397546043687e-10,-5.756602409451414e-11,0.17000000550217154,-9.722372318571142e-11,-2.8103474010630577e-11,0.5233300103628816,3.439843588464754e-10,1.0432538461450013e-10,-0.16659696817033498,-0.004086129570240768,-0.7400531356184492,-0.5878683797824316,-0.5053142329139806,-0.40378227139665995,-0.00017142597396218925,-4.5437027211064286e-05,2.7116429205346055e-06,-0.00011857343066415728,-2.879267964373847e-05,0.17275137712384037,-4.8608309643804974e-05,-1.4056992065262312e-05,0.5285117111939674,0.0001720459246313199,5.217720838025466e-05
219,True,2.1999999999999793,6.24132462920551,False,False,3.994497186232185e-08,False,26.90133301075548,-0.15,0.0,-0.73304,-0.58496,-0.50477,-0.4000000000000001,0.0,0.0,0.0,0.0,0.0,0.17,0.0,0.0,0.52333,0.0,0.0,-0.15000003319387284,-8.172242171172739e-09,-0.7330400140262425,-0.5849600058167475,-0.5047700010884633,-0.40000000756452775,-3.428511513592098e-10,-9.087383265587307e-11,5.4232637159573344e-12,-2.371463541896634e-10,-5.758521771879739e-11,0.17000000550274325,-9.721642431635745e-11,-2.8113913544321753e-11,0.5233300103634009,3.4409101438916297e-10,1.0435416846100868e-10,-0.1665959280869464,-0.004086365688694959,-0.7400533638448507,-0.5878685746642215,-0.5053143861023448,-0.4037825366925121,-0.00017146566379810447,-4.545132666551304e-05,2.7128054243158093e-06,-0.00011857963947367119,-2.88021215598104e-05,0.17275165815560753,-4.86048570261503e-05,-1.4062140525799442e-05,0.5285119662842669,0.00017209817359643633,5.219129701574449e-05
220,True,2.209999999999978,6.2562820701206165,False,False,1.2175417245700946,False,38.361791986972094,-0.0,-0.6728542240788151,0.3491358163527301,-0.2094395102393196,0.639072005998797,0.041047851521401,0.4229990941803491,0.16185690559273344,0.17748470202053712,0.40309706917666427,0.363798642251707,0.058861798513081355,0.49654778211340234,0.2977061002017514,0.03202055652251217,0.18018724394840605,0.19359298525934923,-0.0832981306390681,-0.33846962611394915,-0.3700266819224253,-0.39865442088007813,-0.005314386102344804,-0.22866259269743414,0.21141339108856197,0.08090556523100084,0.0644976052194661,0.20124489838764448,0.1818845562383569,0.2066899681872093,0.24824909203047416,0.14884572131104595,0.28026675789928257,0.09017949104621549,0.09682239473777556,-0.16219929053244447,-0.030018886919667198,-0.7137563058124291,-0.5732596623592934,-0.46589993694003157,-0.39127679120784614,0.016234494009101905,0.006202128494848222,0.004621748508826311,0.015360436690268337,0.01417367398851983,0.1754055440648926,0.01895911553196924,0.011529181382854503,0.510573476796367,0.007236605466123251,0.007643548827624743
221,True,2.219999999999977,6.269632063428128,False,False,0.6231394510289828,False,32.98633295344189,-0.0,-0.7050172599728156,0.37523885993940137,-0.2094395102393195,0.6495956442518912,0.044617202765165516,0.43589973441294694,0.16074953265785102,0.18694556412191538,0.4038382878967943,0.36937079683124746,0.06458313476916386,0.4878714915179158,0.3138253073700455,0.034810509254823645,0.17218760561337432,0.20287843959183702,-3.243979322942181e-07,-0.705015909977444,-2.220446049250313e-16,-0.20944023787816857,0.5341000630599684,-0.24602407352996247,0.4351574989767459,0.16074922356366084,0.0533752478722069,0.39228524333789533,0.3693700864384225,0.16573100910422464,0.4878705536895858,0.31382470277900265,0.38299278230714756,0.18800379253849137,0.20287804912283644,-0.14847033516916858,-0.09273078256981651,-0.6530687460115363,-0.5324020865299207,-0.3912110440289064,-0.36964515725133806,0.06311000456728104,0.02361541457126898,0.01236450205724726,0.058090380486819526,0.05423467586117754,0.17746180754809265,0.07172492861767907,0.04507263611483213,0.48550429355293584,0.027582098524401355,0.02952269609456012
222,True,2.229999999999976,6.271775175852033,False,False,0.6016221456306206,False,33.074417035095394,-0.0,-0.7041073801104593,0.38509401484869643,-0.2094395102393195,0.6506267019266079,0.03905063314208023,0.4450923061900611,0.16133430422509162,0.1883771078153249,0.4043493430282131,0.36923820419396425,0.059330701578296466,0.4894411878645383,0.31730867411908537,0.028401002872989262,0.170466494400459,0.20395805385604182,-2.969400765551189e-07,-0.7041061567375826,0.0,-0.2094401561631804,0.6087889559710936,-0.232566509010186,0.445911995188173,0.1613340287878631,0.05112173092847029,0.39062315117762125,0.36923757418816744,0.15977306298195582,0.4894403525940284,0.3173081296480982,0.3582146941455547,0.18568750972160708,0.203957704986024,-0.12936582941335195,-0.17749386348333357,-0.5714865514248436,-0.47831238589952096,-0.3015253040954235,-0.34599057383817433,0.1264853828382745,0.04671000551348135,0.020106225731629294,0.1143853591226495,0.10736797705213438,0.17710836542063044,0.14179472799166226,0.09035715995283798,0.4620449095466983,0.05452529942093711,0.05880019386467579
223,True,2.239999999999975,6.274413146942482,False,False,0.5888356678167102,False,34.5525830052793,-0.0,-0.7426124739616996,0.3822348762348116,-0.20943951023931948,0.6712165919436144,0.035405006170182815,0.46621189037165944,0.14627751655340687,0.18552869158599752,0.4220208037351426,0.3665468099166015,0.06218578163175761,0.4918211430232852,0.3393239997463456,0.030521338110184402,0.17327433551104685,0.21283469568930388,-2.587311413171367e-07,-0.7426113438013651,-2.220446049250313e-16,-0.2094400479839953,0.6712146464637132,-0.2158101020587508,0.4687401962146974,0.14627731741878308,0.05081177816887524,0.40838456577549487,0.3665462915599724,0.1803131187960967,0.4907323519211034,0.3393235018136619,0.3545452011732644,0.18834779933583182,0.2128343876209164,-0.10974983371551744,-0.27132180094602537,-0.4802872835675113,-0.42518508344394396,-0.20578486730990478,-0.3222430347378374,0.19143505017910964,0.06828125029108353,0.02691179802580256,0.17106193646337542,0.15937168448616357,0.1768638836272038,0.2111740421573708,0.13704989697971856,0.44059271263943417,0.08106094123523601,0.08836022464255358
224,True,2.249999999999974,6.2759205968209635,False,False,0.5309465407226777,False,34.158875001594424,-0.0,-0.6505106967987813,0.3277936202350564,-0.2094395102393195,0.6754696199960143,0.029944869932619394,0.4644436943081292,0.13159496427105494,0.17327847107964411,0.414045589621626,0.3586110542575611,0.05484732956201068,0.47760295700295513,0.3250692192806841,0.028801149823813918,0.17778699469415876,0.20528485089694676,-2.1949922841824066e-07,-0.6505099385141484,-5.551115123125783e-17,-0.2094399417296029,0.6754678574905648,-0.2034971298636304,0.46837522194416814,0.13159483764388025,0.044172736992064913,0.4003501125710797,0.35861065577961854,0.16736172314708958,0.47672606670018536,0.3250688432427916,0.3291878258623034,0.19181118622356297,0.205284617048162,-0.09192169410692365,-0.35774925037598726,-0.3881960572051062,-0.37902483277931753,-0.10768617896274242,-0.2994861158680495,0.2503419293754691,0.08500257870694893,0.03207122976939353,0.22141667917080862,0.20411917120705605,0.17651406582980686,0.27130424968494155,0.1786197906064652,0.4203160395000293,0.1046613848659586,0.1142991555034327
225,True,2.2599999999999727,6.270308138584629,False,False,0.5277524657782382,False,35.33212497131899,-0.0,-0.6822388433983724,0.34376077209283334,-0.2094395102393195,0.6587395969355241,0.027607949631958093,0.47035229144398005,0.1262752314215479,0.17248455174059993,0.42173050761437486,0.3582870304824181,0.05535832761820796,0.4923609292520008,0.3186270537708586,0.02989895514333909,0.18880539283037628,0.2086708251789303,-1.8384302051532853e-07,-0.6822382055159355,0.0,-0.20943984940928626,0.6587380640870382,-0.19181507670890854,0.47529897813618777,0.12627514887640756,0.03730845149787235,0.4074772263833721,0.35828672214731616,0.15599551082680815,0.4916142546973489,0.3186267737568923,0.31896143580565467,0.18444528872298988,0.20867063643596845,-0.0762443415647097,-0.43058171591929817,-0.3053506588743193,-0.34110789129698055,-0.008638982422986366,-0.278330633689054,0.300489512781644,0.09683990506593838,0.0351894483504812,0.2636265216053977,0.24036905641749426,0.17486973864108826,0.32131994083640825,0.21218936923839068,0.40107758163681856,0.1238837475036413,0.13571469487879345
226,True,2.2699999999999716,6.259016017940237,False,False,0.717680818959334,False,37.90166700491682,-0.0,-0.6822388433983724,0.34376077209283334,-0.2094395102393195,0.6587395969355241,0.027607949631958093,0.47035229144398005,0.1262752314215479,0.17248455174059993,0.42173050761437486,0.3582870304824181,0.05535832761820796,0.4923609292520008,0.3186270537708586,0.02989895514333909,0.18880539283037628,0.2086708251789303,-1.524883781606201e-07,-0.38050618009415127,-0.18652575633496252,-0.2360604879119279,0.6587382621810348,-0.17496126077999946,0.4758004191020573,0.12627517255101292,0.03973846142222116,0.40761647436696674,0.35828679464694163,0.15302000196866042,0.49174288240200736,0.3186268408959153,0.3013340524555882,0.18552135441363013,0.20867067926696153,-0.06223020653730301,-0.46766402851051997,-0.24977616001463396,-0.31342345286170353,0.09072213342455944,-0.25852818729453847,0.34157075077123417,0.10512807550634794,0.036976404367604125,0.29793704856643305,0.26893432302004733,0.17218154335415778,0.3620054852367785,0.23834727944086165,0.38273713141150745,0.13889712471671026,0.15292569337833511
227,True,2.2799999999999705,6.239711889826907,False,False,0.6947479984536652,False,43.84520900202915,-0.0,-0.7158097378661656,0.36416292572889447,-0.2094395102393195,0.6479559040658806,0.027677114497767955,0.46327315492678,0.13383448727801164,0.17315700203958112,0.40704323024220085,0.37258287798593925,0.05800043302711209,0.4917327050794351,0.3248947693183459,0.034239093000290814,0.17383953502429386,0.22364074427433112,-1.244601641470222e-07,-0.42261853940789207,-0.14678419425351064,-0.23494636667517727,0.6479547896005683,-0.1682403972471912,0.4676801871132078,0.13383442986530292,0.027988437634177944,0.3902642136889235,0.37258267068924394,0.1370246593855904,0.4665634281977266,0.3248945962237123,0.2956949722521349,0.1741633904849963,0.22364060284451218,-0.050277883391620544,-0.47694700166412335,-0.21628901770414255,-0.29372923621659414,0.19011512775876604,-0.2403663421844565,0.3735005741468585,0.1115977765683311,0.037279211730659824,0.3236303170570948,0.29216880327393213,0.1680268727483316,0.3921666936028091,0.25894309057944226,0.36572852968750175,0.1495515897302836,0.16758896595389383
228,True,2.2899999999999694,6.224170895127767,False,False,0.6614648046851762,False,50.65649998141453,-0.0,-0.694747563141425,0.3649721898656544,-0.20943951023931948,0.6405530240667735,0.03056810591780013,0.43401520964832474,0.1468450325130216,0.1773352880671351,0.3680960565194765,0.41113170015258854,0.05908310223111788,0.44960458007197956,0.3808554600631194,0.03132603561866158,0.12550934554605508,0.2806894307550426,-1.0055556566579416e-07,-0.4279492324535059,-0.11991886029441871,-0.230825466174282,0.6405521231927827,-0.15102388485894325,0.43368238635220296,0.14684496201865072,0.059321461715732285,0.3334224225611199,0.41113146222727065,0.15697606951801768,0.42585639435100137,0.3808552162388681,0.3006309989882331,0.12507312380119584,0.2806892045545655,-0.040935323203561046,-0.47532880225168894,-0.19257784584006818,-0.27888341599488486,0.2831284345225682,-0.22339343401668005,0.3949830686295132,0.11789697343995402,0.03869857708563704,0.3377102962864139,0.31413912597193083,0.16452466639293425,0.4103027942549148,0.2795316066317511,0.3513290128553255,0.15295535997579993,0.1845933094491329
229,True,2.2999999999999683,6.216922756166817,False,False,0.6108830499378668,False,49.78495801333338,-0.0,-0.674043560922502,0.3394290619588261,-0.20943951023931956,0.7283467149540396,0.03379017385884385,0.4685166577074939,0.14174063546913354,0.1745683602731127,0.3913980580830635,0.42698180645001166,0.06570146152357256,0.4541711534171956,0.41771605840089315,0.03581382099062721,0.1154788360862365,0.3152143991154187,-8.187048266411479e-08,-0.43763478121194155,-0.10815761767880414,-0.2267891122724126,0.7283458245192596,-0.13608791978551177,0.46823570294103345,0.14174058778190485,0.06333665461178956,0.3594554842667634,0.4269815807651021,0.1573067880673319,0.43210412723184416,0.4177157820325423,0.29179039242943194,0.11504933307849352,0.31521413787376196,-0.03335441441023372,-0.4702559322970224,-0.17391649551092656,-0.2671545647059608,0.3695375203232836,-0.20708145113460016,0.41105160909305094,0.12345230027271252,0.04187507838947557,0.3451604266116586,0.33571580563427156,0.16246762254128233,0.4202655115458769,0.30274077177227676,0.3392069069846455,0.15037767771080404,0.205474427601286
230,True,2.309999999999967,6.210425905836023,False,False,0.5576781339384316,False,50.074541999492794,-0.0,-0.6128124886825044,0.3186267482624236,-0.20943951023931956,0.6466173483464092,0.037199484278127755,0.4121082745477863,0.17251723903176397,0.16799647474931384,0.3205100286921084,0.4723094571622308,0.06402356854999136,0.39909460224767024,0.4692063048494111,0.017567150485153248,0.10076688562374418,0.31044627606196784,-6.670869538705215e-08,-0.408995469121722,-0.08185416780124198,-0.2231239079568349,0.6466167941878616,-0.12372179451380241,0.41185434112803065,0.1725171409020827,0.059546741686621565,0.29093872953595656,0.47230918397547406,0.14641469210930097,0.3779920161930488,0.4692059719190108,0.26881595570248557,0.10033162740439418,0.31044606611869086,-0.027653527536434085,-0.4624853236800622,-0.15709263965928566,-0.2576021120384855,0.44006446251972003,-0.19138409201146322,0.4199995353448606,0.1303056879325756,0.04535693582482699,0.3447847109430768,0.3588050771627724,0.16048510057076787,0.4218130497620959,0.32977326251785893,0.32736957191084576,0.1441103912626215,0.2264072900710332
231,True,2.319999999999966,6.201318769358808,False,False,0.5506895199540316,False,49.29254099261016,-0.0,-0.6276575487884866,0.3146385890623696,-0.20943951023931956,0.6536340295921517,0.03595024987543011,0.4309694355747677,0.17302507034969936,0.163197605221029,0.3407477745460935,0.46446631233993735,0.06331122020692712,0.4274981701772299,0.4603424025167826,0.011575160910059041,0.13295911400483812,0.30326438899570046,-5.530694445129991e-08,-0.43210005535829327,-0.08437724364280091,-0.22138087914509813,0.6536336024538718,-0.12392419829224494,0.43054061419558476,0.1730249849111054,0.05767111357904542,0.31073249844776074,0.46446610101788965,0.14181813823130676,0.40729721240380534,0.46034214137902496,0.25955015361886147,0.1325221636320411,0.30326423528181007,-0.02300902435834424,-0.45515304816193447,-0.14218975448257357,-0.24970125198759044,0.49329512701596,-0.1772607853146772,0.4243102939206709,0.13809797573819346,0.04831744673100545,0.3401910771360786,0.38090273998219004,0.1580232921713847,0.4199459557781373,0.35642719711462806,0.3154419996249857,0.13901483511214285,0.24412044373453298
232,True,2.329999999999965,6.1902141465075315,False,False,0.5423598571964363,False,49.051334033720195,-0.0,-0.6037655589749111,0.3321386757419132,-0.20943951023931956,0.6189342544703279,0.036157211398824635,0.45177653114793603,0.14356858612820572,0.16222593108550531,0.35730339774467346,0.4287511950088202,0.05711925533264762,0.43624262367253597,0.41878497519006574,0.014567481200241487,0.14758167581290485,0.2811747362682704,-4.601795667441566e-08,-0.41432901470139266,-0.06774420570210313,-0.21996961948128838,0.6189340031925756,-0.11781571197683213,0.4513982723358243,0.14356857518700683,0.057767352344759285,0.32930548753003236,0.42875109931210154,0.13898625718319224,0.41759094086142073,0.41878485047475905,0.25078192225564466,0.14716570606057547,0.2811746621598336,-0.018880216515193112,-0.44839395622459505,-0.1286687903048774,-0.2432447435456911,0.5308242289126611,-0.16494737639726534,0.4285312062045944,0.14302037099959677,0.05066198008252086,0.3365688465776043,0.3968441437602876,0.15524653084912204,0.41879930682153144,0.3761526740413134,0.3038112761167212,0.1373150850029274,0.2564261953705479
233,True,2.339999999999964,6.177322110553073,False,False,0.5396353875211153,False,49.26091700326651,-0.0,-0.5901963570367031,0.3510537186867812,-0.20941824081230684,0.6692489527699033,0.030666812475188827,0.4411036538715924,0.1506047886383164,0.15636735990860492,0.3838014126108109,0.38553217271046913,0.05184648511056945,0.48108807506675066,0.33319340626562177,0.016797442830216877,0.14926516435036252,0.2740401350280262,-3.776035750746587e-08,-0.40351084525462555,-0.05543699067610597,-0.21887975341343444,0.6692486759210092,-0.1166715116037373,0.43439509293316336,0.15060477346951145,0.05525365595386836,0.36960992988505603,0.385532195334366,0.13499451022668094,0.4583217046527035,0.33319349218398553,0.24355641441588313,0.14887095905460593,0.2740400998002174,-0.015181808203707419,-0.4411946354615966,-0.11573619656601035,-0.23804907609145426,0.5602357967597603,-0.15447217929133777,0.43172632763982804,0.14563605294656723,0.05229820725093822,0.33747218801333057,0.40367944861630595,0.15223746567008148,0.4215566709152149,0.3824565894352775,0.29273678639080697,0.13787752800376699,0.2636989715586857
234,True,2.349999999999963,6.163597152225258,False,False,0.5279177661374647,False,49.56158297136426,-0.0,-0.5901963570367031,0.3510537186867812,-0.20941824081230684,0.6692489527699033,0.030666812475188827,0.4411036538715924,0.1506047886383164,0.15636735990860492,0.3838014126108109,0.38553217271046913,0.05184648511056945,0.48108807506675066,0.33319340626562177,0.016797442830216877,0.14926516435036252,0.2740401350280262,-3.036355567670457e-08,-0.41071989194480324,-0.051911981167982235,-0.21768565469228407,0.6692487347440274,-0.10774565036265515,0.43680286555774245,0.1506047787008649,0.05715945834175448,0.36787617571276965,0.38553220900494833,0.1329863567522936,0.46024024527682217,0.33319350479179105,0.2353037484206074,0.14913486598665687,0.27404011434574066,-0.012033754101393079,-0.43478358696397396,-0.10376369451720026,-0.2338116931360211,0.5848730437965572,-0.1452488211925633,0.43363931799099625,0.14728133295714907,0.053488398721379414,0.34150231561976935,0.4044152202087327,0.14915746942413505,0.427274549450989,0.3793334604069407,0.2822451549881741,0.13937781901380542,0.2678172922120773
235,True,2.3599999999999617,6.150490255341018,False,False,0.4469276440199927,False,54.50591701082885,-0.0,-0.47785904424858106,0.29974079831954625,-0.20943951023931956,0.633165402345404,0.038501166613120766,0.4362505867385944,0.15654990181410838,0.15666059429313875,0.33489621109654266,0.43770704297339735,0.05297092301416808,0.4343650347002804,0.39938357225543497,0.010906253387308775,0.13747179098706752,0.2688991668341786,-2.406746006655691e-08,-0.3414204906819953,-0.01532887365549361,-0.21515990409715338,0.63316530576088,-0.0964801269923328,0.4248962230733918,0.15654988327700775,0.0617015722532094,0.3257063904327235,0.437706976389885,0.1316014215082556,0.43328471532834806,0.3993835322052179,0.23027546954909678,0.12911094566572984,0.2688991646704337,-0.009878397050228605,-0.42442941870343415,-0.09067716500395352,-0.2303322141309539,0.6018188633049858,-0.13641429902344726,0.43400689528809083,0.14880287837544307,0.05475303220432976,0.3431035944517926,0.406683507290937,0.1462004972875539,0.4314763600378695,0.3779409501580746,0.2724775780568293,0.1396104646616086,0.26978862830048944
236,True,2.3699999999999606,6.137303426447549,False,False,0.3721156461630417,False,53.81412495626137,-0.0,-0.36330209043183337,0.2430925138820406,-0.17527496012816812,0.5566361908136471,0.041103243939630364,0.38363747742407533,0.1846777002981183,0.1526890689233694,0.282352418835047,0.47559751770660136,0.04671710583829467,0.390196997164567,0.4275813248787356,0.0038677282556632882,0.0914363975379422,0.27055745084207433,-1.975675458648629e-08,-0.3156865455417016,-1.2737828847253496e-10,-0.1770402551684888,0.5566362811788114,-0.085378232670868,0.3733426812799905,0.18467762854861797,0.06243398579017148,0.27572157104280726,0.4755973798788562,0.1267802578430129,0.3867295821032269,0.4275812255567885,0.21910474308624683,0.08349104583088986,0.2705574493044323,-0.00907920125139546,-0.4090469330901142,-0.07605916688259597,-0.22449268446571954,0.6062983712255837,-0.12747739678153397,0.4292810700842024,0.15257373492948892,0.05613380119386391,0.3380890945457625,0.41430767658219686,0.14321160932767646,0.4300357774285944,0.38219531764858206,0.26308090103694304,0.13502750228043087,0.27062489637496623
237,True,2.3799999999999595,6.124085102845488,False,False,0.35856766675331625,False,52.98716598190367,-0.0,-0.3393974345664052,0.2380799257897042,-0.18553415216073726,0.539760650432657,0.05217461522968628,0.3665431315897954,0.1844603595585191,0.15235877200844244,0.27143896015741753,0.4705223367674257,0.049693344373745445,0.38157364491469475,0.4235925042918967,0.0085614943893918,0.09706055278598245,0.2650946519371614,-1.8158366189152675e-08,-0.3271066273699604,0.0,-0.18590301968811257,0.5397607835078324,-0.07677480684942659,0.35624019386507566,0.1844602957853974,0.06420277890338558,0.2624884643465147,0.47052222433833024,0.12467971469126174,0.3813534260025566,0.4235924215037842,0.21221122181939017,0.08960331575894215,0.2650946629976282,-0.009043144605181753,-0.3931665906397469,-0.06183966719414806,-0.2174825342651332,0.6009936720688287,-0.11844243759057908,0.4197512835334751,0.15788966064445473,0.057572365279008386,0.3280411858429514,0.42426120067340545,0.14021204968586573,0.42432761653470397,0.38900362579296877,0.25397307074593756,0.12772467522053974,0.270596679804204
238,True,2.3899999999999584,6.111415126931843,False,False,0.35157898082019357,False,52.534582966472954,-0.0,-0.3393974345664052,0.2380799257897042,-0.18553415216073726,0.539760650432657,0.05217461522968628,0.3665431315897954,0.1844603595585191,0.15235877200844244,0.27143896015741753,0.4705223367674257,0.049693344373745445,0.38157364491469475,0.4235925042918967,0.0085614943893918,0.09706055278598245,0.2650946519371614,-1.8086253035162758e-08,-0.33939754185166277,-6.044231781743292e-11,-0.18553421605642284,0.5397607728984554,-0.07031039397976513,0.35677794298521526,0.18446030641722758,0.06532560759159896,0.2630255702257011,0.4705222442453386,0.12275413752689429,0.381367885232451,0.4235924351337901,0.20551670597672037,0.08978331230559874,0.26509466294119516,-0.009058662493221688,-0.3802507986639204,-0.04939290617587219,-0.21106179053417962,0.5917359176064868,-0.1095741169651117,0.40874721852583396,0.16317613283406268,0.059028029389564696,0.3166203594838254,0.4337645118880739,0.13732653339248985,0.4173326802442617,0.39587139641667546,0.24526180734571626,0.12040625078642982,0.2700366725069639
239,True,2.3999999999999573,6.101745913356234,False,False,0.37586674484713856,False,53.02120902342722,-0.0,-0.3705008702900376,0.2529839822991372,-0.2094395102393196,0.6291544093234648,0.07683677513207977,0.42272096345349897,0.17116507348343793,0.1565499968091089,0.30686872998836145,0.4455872749689034,0.042677020254423444,0.4229243352158597,0.3911386591269576,-0.000782446315612393,0.15466677541695353,0.19044759929261904,-1.8117288750826854e-08,-0.35346394423630273,0.0,-0.2097003996941525,0.629154334486631,-0.06524245572881626,0.4113339516738085,0.17116505750558858,0.07066421131215489,0.2980932041382525,0.4455872513234245,0.12592727540859644,0.4227094015773356,0.3911386686150696,0.20470514271093695,0.1469700642987991,0.19044775847044712,-0.008368632725645326,-0.371592501022381,-0.03913152073715168,-0.2074859258528597,0.5889676250035137,-0.10115195292816963,0.4025838210532734,0.16672864958545033,0.06076501874220429,0.308680055620861,0.43996617280120004,0.13497826851737837,0.41373355573896586,0.39943927077202435,0.2373965653580237,0.1183451783316224,0.2634085189142527
240,True,2.409999999999956,6.0946776030678205,False,False,0.3691819348278857,False,58.54799994267523,-0.0,-0.3705008702900376,0.2529839822991372,-0.2094395102393196,0.6291544093234648,0.07683677513207977,0.42272096345349897,0.17116507348343793,0.1565499968091089,0.30686872998836145,0.4455872749689034,0.042677020254423444,0.4229243352158597,0.3911386591269576,-0.000782446315612393,0.15466677541695353,0.19044759929261904,-1.6737231975372246e-08,-0.36762249398181296,-3.067347972840473e-10,-0.20946999549407858,0.6291543289500569,-0.05927885318531579,0.41192046684897915,0.17116506461060788,0.07162541279351674,0.2985478023993802,0.4455872637267215,0.12399389630354109,0.42246256940945065,0.39113867577629996,0.19845362913153633,0.1473921313949745,0.1904477452209768,-0.007211663945654583,-0.3673325719886369,-0.030935600088270742,-0.20630997609558685,0.5925651559126339,-0.09321792831780136,0.40118587397862143,0.168648848216183,0.06270491660068128,0.3044337821215409,0.4431347691447574,0.13309513465794395,0.41345221707105445,0.40003679646449053,0.23026806226679608,0.12084638108810972,0.2522226778054704
241,True,2.419999999999955,6.086390010970292,False,False,0.35638590343222204,False,64.66612505028024,-0.0,-0.39155278783485215,0.23614636566079925,-0.18258130973115416,0.6865905599966772,0.08503828774127575,0.47505001703533617,0.1676025938552649,0.1499931755971517,0.3332501602688251,0.44176035956750737,0.04277614473562924,0.44497030321537595,0.3868678015426696,-0.0013144440499027101,0.16292354635614922,0.18415899990383075,-1.4423299044691307e-08,-0.3817871951252526,0.0,-0.1826594719309996,0.6865903719462452,-0.062193897891080215,0.4636784559140913,0.16760259597535263,0.06616594692840568,0.3247631334680789,0.44176036231632104,0.11764154486382664,0.43425235251128735,0.3868678277864615,0.18978365779267933,0.16035774629743205,0.18415913603495482,-0.005749856776413755,-0.36700995064125747,-0.024569952760060763,-0.20424663367240972,0.6028260295087214,-0.08636447787877292,0.40590682287528795,0.16945902810560085,0.06416070846517048,0.30413349721415445,0.44447046439412335,0.13108384501462972,0.41547111823915855,0.3990340832290417,0.2233677582190713,0.12593605641155706,0.24002575505612309
242,True,2.429999999999954,6.081288190815414,False,False,0.36995545283959225,False,74.72270802827552,-0.0,-0.42991026053731024,0.2554419512173781,-0.18498502667039318,0.7695554848425464,0.10550925054819627,0.5149176830457836,0.1750312119376531,0.15444070244102434,0.36495226927538876,0.4046907832416702,0.055514474765272534,0.46186959679047146,0.4070635100235227,0.01119133216684706,0.17339239348440527,0.20135565461327784,-1.1499690553105901e-08,-0.39593994112834036,0.0,-0.1851938544252062,0.7695551513843027,-0.0510384828512832,0.5034046369640147,0.175031200838713,0.07792777883996527,0.3565726962828358,0.40469086360197426,0.1262446361971431,0.4454053811945619,0.407063493604616,0.19726229192575961,0.1719766064173365,0.20135573186822692,-0.00404468274539147,-0.36998043052055785,-0.01970331928762389,-0.20128911797253032,0.6233405369822697,-0.08001793243507685,0.41764516033456517,0.17012433743202676,0.06589988337939429,0.30891851559533096,0.4418686411045349,0.12962954030736384,0.41949273247845936,0.39884994355221526,0.2175631711594731,0.13287184942229352,0.22996737048556687
243,True,2.439999999999953,6.079553257871854,False,False,0.33896302868708644,False,78.44254199881107,-0.0,-0.45517843684725295,0.22405378799219314,-0.1796561654024748,0.8129657711730505,0.09465591771745657,0.5696149548863176,0.17216483440129435,0.15370773492984258,0.3652698046290245,0.40330741877542364,0.05607921965296567,0.4638668711411396,0.4310423949800609,0.015000640708328947,0.17265264368902186,0.22537640069442544,-8.089349311929395e-09,-0.40950985747026364,0.0,-0.17987734645987935,0.8129653919233406,-0.04908170515300277,0.5599231412329079,0.17216483041361563,0.07826244627351835,0.35737511062711197,0.40330749659513565,0.12402918482905709,0.44861404448597997,0.43104233028807987,0.1917732148836994,0.17091364501415066,0.2253764099054827,-0.0023977340655786574,-0.37554873783224646,-0.016000563782920422,-0.19799319600056703,0.6522158343621756,-0.07402613261798832,0.4367965375313579,0.1706650034818086,0.06803471306596989,0.3165430468609793,0.4364589008669913,0.1287322616038388,0.4245240207365122,0.40165498650032944,0.2127417999754599,0.1401020147635856,0.22452102490210374
244,True,2.4499999999999518,6.07995290672181,False,False,0.3105171582434412,False,77.75104197207838,-0.0,-0.4457291773673663,0.18808334166082222,-0.1619355824339766,0.8229808641095234,0.09392727688881822,0.6207431940334872,0.1467788291741663,0.15724277803962577,0.36845373543938537,0.40712366509524234,0.06344584082517823,0.4707310705019838,0.44790154453489767,0.010618678317426982,0.14954950507123038,0.247598931003615,-4.795458541113212e-09,-0.4224711323205011,-1.2033568586033994e-10,-0.1620309505814299,0.822980522580147,-0.042921029282383207,0.6127537404288754,0.14677887693784483,0.0823862562553612,0.36078471283292113,0.4071237236878835,0.1252256641418491,0.45565486145276984,0.4479014520768733,0.18951067983686512,0.14739858312312518,0.24759888484795967,-0.0011193817959882573,-0.38307530348930346,-0.013197602056020942,-0.1933364678142672,0.6835306836531817,-0.06831561768075156,0.463064886334612,0.16906124493637065,0.07042530053055253,0.3247459986348686,0.43081335740250026,0.12817980207403923,0.43004206399477124,0.4075944764810954,0.20850030335958514,0.14475851396189474,0.22420366326383442
245,True,2.4599999999999507,6.0744375092543414,False,False,0.29773537759975793,False,77.3369999951683,-0.0,-0.45951198103366314,0.18910435951267832,-0.1600435952101718,0.7949848407975674,0.06062321334329658,0.7158284679243021,0.08468027114522982,0.14374071234637573,0.38326714942600826,0.37012881512818674,0.04866579392861213,0.4778440422160215,0.41387515957739784,0.003757326277291017,0.1789392977115667,0.19683753107409677,-2.238759114073577e-09,-0.43494851621447944,-3.501428643554183e-10,-0.16012480342717622,0.7949846178896989,-0.0546725450388752,0.7100164691239634,0.08468043990136911,0.06609698737223854,0.3773410212352061,0.3701289352692656,0.10962834952924047,0.46210718296409165,0.4138751476361824,0.17382222359014224,0.17652760123903746,0.19683758580909952,-0.00020384894108229853,-0.3919757842387395,-0.011086722896621359,-0.18781384325693526,0.7103228382349378,-0.0640029491174783,0.4988175367519425,0.1609210962086403,0.07170475034199239,0.3336783821435091,0.4229679150269422,0.12673944306637103,0.4359588095865361,0.4120810005927243,0.20372802313397884,0.1492139632433252,0.22287373674134228
246,True,2.4699999999999496,6.062458196146604,False,False,0.2833180706471568,False,77.47837499482557,-0.0,-0.4366408367610294,0.1761819598597814,-0.15297200048929235,0.7428522912398572,0.07851563223908084,0.747307615446153,0.07226654914323515,0.14100054686852986,0.4028728215442181,0.33068179967449723,0.0557867436947948,0.4912859880493243,0.3589026617202465,0.015203659394190898,0.19817939419226813,0.17224121232971412,-4.07697066780394e-10,-0.4366407465988612,-8.785750425788219e-11,-0.15297207017301445,0.7428522261810813,-0.044887263204433564,0.741919652663683,0.07226672644915577,0.0729132135719695,0.39600740670219764,0.3306819844627749,0.11378435681844756,0.47839517867182735,0.35890276797614895,0.17567804590812616,0.19557215437176137,0.1722413135518035,0.00028511676663734386,-0.4010109063948437,-0.009541363265554976,-0.18195217306294373,0.7269377829675749,-0.060485624739519635,0.5405972301835025,0.14776051038030347,0.07221089476867146,0.3439651094285562,0.41060813600449453,0.12478964364910436,0.44290285624726755,0.40987894230964694,0.19880479071886653,0.15566933035245614,0.21740812234444795
247,True,2.4799999999999485,6.047862954436684,False,False,0.28451080498709297,False,76.01504196645692,-0.0,-0.45190041841133843,0.153584063253761,-0.13187047155593934,0.7209926453044639,0.10923785296806589,0.7516674971475433,0.09130939235681072,0.1306613632759618,0.41088400954970006,0.325265724178524,0.04848308632093588,0.5106165028331274,0.34433439950422334,0.006047590608929272,0.20005421200304746,0.1720116058082233,5.702323927717773e-10,-0.45190030461717645,0.0,-0.13187057171924474,0.7209926571947155,-0.037279331821335915,0.7463291728829653,0.09130950526267076,0.0753911913852173,0.4051035191318067,0.3252658937809431,0.11399119684374108,0.4950875548421581,0.34433453116423113,0.174072713960822,0.19698147600465335,0.17201169660113003,0.00028500388275194536,-0.41032047877027766,-0.0088763594936328,-0.1747094432731729,0.7338276576066065,-0.056767787482804956,0.581646488286462,0.13521024711830507,0.07271560765063415,0.35502680896294897,0.39592716009358825,0.12299742306605353,0.45135443366497824,0.4019890957613119,0.19431188440038347,0.1630279922029278,0.20995349783944703
248,True,2.4899999999999474,6.035998907496339,False,False,0.3111046095137063,False,75.8621669956483,-0.0,-0.5182755005724307,0.15616282384398303,-0.11119858817207229,0.7607049449324297,0.1507830484521195,0.8152668585595935,0.07706150022144968,0.12171553358697856,0.4313076644158715,0.3091677084026105,0.050002842945890844,0.5321560174188971,0.3473600296719149,0.0009948667423735832,0.22961943853783767,0.1789763684346088,5.700066254502728e-10,-0.4662927438228204,-2.2600009884354844e-10,-0.11121024901062714,0.7607048911779626,-0.027626236109360415,0.811896818813452,0.07706161660004424,0.08345044513648396,0.41876002661356215,0.30916788233617787,0.11918160773816663,0.518356159287833,0.3473601387303974,0.1777620978558859,0.22624875144108164,0.17897643040745473,6.261829647768748e-05,-0.42039820393753113,-0.00876074778566615,-0.16534376203748918,0.7382349070620081,-0.05237190643250349,0.622909177323501,0.123988771870435,0.07384577389229065,0.3665619176126632,0.3805633614221187,0.12186319650404435,0.46186508055314507,0.39239904042625084,0.19072571745183992,0.17221425624292921,0.203102929395763
249,True,2.4999999999999463,6.033811113916596,False,False,0.3437975244083465,False,74.45762498537078,-0.0,-0.5767527821720919,0.12280608517490044,-0.030659103837655508,0.7882118104937726,0.22056989119885156,0.8924472060484391,0.0016383854360198654,0.1200691275421236,0.45518666294662397,0.28564548726864725,0.055219423723362436,0.573149605270967,0.31895112980317164,0.002373080358573471,0.28779693416172797,0.12736707081144572,1.2523634248238526e-10,-0.5252481284748907,-0.018442965491864947,-0.030563665137271295,0.7882117105401657,-0.010012283074234601,0.8879202811902516,0.0016386301917880597,0.10176183395724378,0.4438600272095368,0.2856456765991687,0.1335129974654601,0.5580177181077188,0.31895127694078973,0.19097764528944539,0.28462146789873344,0.12736722226099348,-7.284085812473043e-05,-0.43481327832729244,-0.009862450879961758,-0.14906384981884713,0.7447890010888094,-0.046492037563760254,0.6679493012262545,0.10810636136117008,0.07676713927434553,0.3794437096364274,0.36424778915710243,0.12231881132210243,0.4759724313091114,0.38111503503701366,0.18898544310834114,0.18676544900077843,0.19347716184647631
250,True,2.509999999999945,6.045023960826209,False,False,0.36428105699338886,False,74.10858396906406,-0.0,-0.6403591373721592,0.11450963785210391,-0.0012014844943845568,0.8455303804970944,0.2500417681715363,0.8794460373354233,0.004815888624557301,0.1266296204914984,0.48550971787733854,0.2502720334740918,0.05560449757583961,0.594005301929759,0.31883824148809575,0.004448556759438464,0.2978712904667968,0.11240333094031407,-1.4568142490413959e-10,-0.5839583006304749,-0.03712759168840378,-0.0008649232042895472,0.8455301790147385,0.01089659066789505,0.8803049770848267,0.004816095214650887,0.12224872716494237,0.4567683404927095,0.25027226147821885,0.14924083413885791,0.5770937607342133,0.3188383660154833,0.2030182414360743,0.2955100792345582,0.112403493091993,-0.00038143216463768,-0.456113409097635,-0.013194209802140214,-0.12638108464687958,0.7570400467566715,-0.038390079771584006,0.7117105318342508,0.08959677844295434,0.08233860209265575,0.39335277022966675,0.34576578856225565,0.12507211850731567,0.492915543879434,0.36936839875926464,0.18958564258561858,0.2049335557754207,0.1807021204216513
251,True,2.519999999999944,6.069406650034515,False,False,0.40480197765077625,False,82.1834999951534,-0.0,-0.6413519454308397,0.13068507019673095,0.010068052665240903,0.8538781511122845,0.29875233057260936,0.8819227604202453,-0.010357157342279731,0.13451113862816852,0.5032318348313943,0.22639302705561842,0.051846971108098036,0.6101161165619096,0.2737564435963079,0.004608568949772106,0.34073410859989495,0.06669007827597194,-7.628628035261792e-10,-0.5787567571438107,-0.032321852134472445,0.010784816087972854,0.8538779574364631,0.023061642162838847,0.8831807757988652,-0.010356957388984483,0.13276181237436757,0.46328782475116437,0.22639326630827417,0.16201152874679803,0.5923087248593666,0.2737566344633724,0.21272921902767808,0.3394485249322446,0.06669030603132371,-0.0011509116161689174,-0.4795998061287967,-0.017440467632110233,-0.10174953038309807,0.7730263338592829,-0.028531700732787674,0.7498402446540885,0.07116758033095133,0.0900020015396164,0.40707977621228564,0.3253363908384715,0.13005504478405172,0.5110294618873845,0.35527461687962214,0.1923006555198336,0.22631441418103568,0.1639713001191146
252,True,2.529999999999943,6.098557822949449,False,False,0.42912063637076997,False,81.08450000872836,-0.0,-0.6272029536073381,0.125353063431132,-0.03397589051101045,0.9693896863694991,0.3458664597202143,0.9054320114988547,-0.03720048962570455,0.1309116774401921,0.5033453925395838,0.2311957956627271,0.05208024639550993,0.6279921736364905,0.3430039075708651,0.0036959171353945896,0.33570621740223155,0.07933799949059461,-2.3018186289316955e-09,-0.5673581653141994,-0.024996848550719562,-0.032920776077743366,0.9693892936435795,0.03460774207904266,0.9064497871152859,-0.03720027258401565,0.14210548159352068,0.4626811496633233,0.23119598376299577,0.16823967906098256,0.6082760011178806,0.34300393224102604,0.21679941589041657,0.33611002575517185,0.07933816874716199,-0.0023267094740916684,-0.5001217505553687,-0.02086596620935077,-0.08224937604338754,0.7980911600941074,-0.01769798623356561,0.7831587340122459,0.05222722561600774,0.09882688496364095,0.4193549649231069,0.30598827084529767,0.13640520893874808,0.5293004009461025,0.34560683890136223,0.196297481824015,0.24797217842057073,0.14686812401296678
253,True,2.539999999999942,6.087358387514449,False,False,0.43378007331161267,False,81.02608303306624,-0.0,-0.6339282364835171,0.1327446026356143,-0.06476041323073453,1.0024351917641654,0.3366092426783401,0.8833040735286651,-0.017326688175734545,0.12179119010997408,0.49748238565394215,0.27229858515639366,0.03169992704344266,0.6407869598705783,0.29091764754963345,-0.006605177936530899,0.33574339410378473,0.05257641175429891,-4.653409641994233e-09,-0.5700485244235096,-0.02298662711859007,-0.0633169636781993,1.0024347830769194,0.025448630189172608,0.8835067959330217,-0.017326548425213202,0.13103647810422697,0.4514215448158979,0.2722986542913568,0.15619937206510703,0.6197803403234227,0.29091775552904975,0.2051890058207746,0.33774951050526936,0.05257660066344094,-0.003976953905949595,-0.5167651681140936,-0.023105475745923008,-0.07116750605870335,0.8309589074526498,-0.007919895306080272,0.8097536603024985,0.035855787347877886,0.10673692080974252,0.4286886849639967,0.29278625628503746,0.1420003107709387,0.547094107338063,0.33745018405860455,0.19968824485098305,0.2672585209750885,0.13002882584338485
254,True,2.5499999999999408,6.0752597536791235,False,False,0.4162112036752473,False,81.223749963101,-0.0,-0.6097731045453142,0.11181787122061221,-0.040266663457110795,0.9964596233828108,0.3438868221089234,0.8851792078705194,-0.01609485987586853,0.13267574077507074,0.5128160282825012,0.28429032289582645,0.04526249792794396,0.6591093327063495,0.2895318189049811,0.004686216895783649,0.33283525545865866,0.0687697698644508,-7.953891905353172e-09,-0.5570754236547888,-0.013848306465781736,-0.0389520598873573,0.996459292382041,0.03703163544604286,0.8880021021344083,-0.016094756105407677,0.1416377731957727,0.4645540521358853,0.28429034040965956,0.16529417808114247,0.6379985157623891,0.2895319143410189,0.2125905893218178,0.3352631165817246,0.06876989253772334,-0.005834419981539528,-0.5290554542396028,-0.023955453973271434,-0.06408818222138522,0.8638962422266874,0.0008295057450259095,0.8299772847859958,0.023311813163806965,0.11374482054553896,0.4363147409454546,0.28614379112187294,0.1468730972120015,0.5645351188928233,0.3287433805333767,0.2025626533538401,0.2832124376889484,0.11552875257240806
255,True,2.5599999999999397,6.06248793519466,False,False,0.4109716139058295,False,79.98420798685402,-0.0,-0.6097731045453142,0.11181787122061221,-0.040266663457110795,0.9964596233828108,0.3438868221089234,0.8851792078705194,-0.01609485987586853,0.13267574077507074,0.5128160282825012,0.28429032289582645,0.04526249792794396,0.6591093327063495,0.2895318189049811,0.004686216895783649,0.33283525545865866,0.0687697698644508,-1.1668816625627632e-08,-0.5576900397635495,-0.010630681265210771,-0.038882156200727526,0.9964593582565788,0.03946429460287627,0.8888570128726696,-0.016094781142576373,0.14132788317024025,0.4648197583585029,0.2842903271665557,0.16363436935443174,0.6379006896857506,0.289531896853437,0.20878315496180197,0.33549745827533595,0.06876986349345121,-0.007736673017468067,-0.5376965959476527,-0.02358054746218714,-0.05850206184117735,0.8927507779424236,0.008773080927891095,0.8454733085339121,0.013823475410473187,0.11995942527337677,0.4429176344684747,0.28338157123473684,0.15110936348798606,0.5805434661807892,0.32080173984014276,0.2048904334262667,0.2958738103915451,0.104306018335126
256,True,2.5699999999999386,6.049478166925228,False,False,0.41269723180663065,False,79.70733300317079,-0.0,-0.5975592898120549,0.11073559592890522,-0.015398451267926805,0.9885230362914496,0.35450006297867964,0.864306260769332,-0.0112810684777113,0.13511437648337382,0.5264281141582733,0.29520216379355607,0.047926843492544516,0.6875654666852422,0.2708440537993039,0.008219411264168695,0.3417141801558205,0.07180330814818413,-1.5473315089289952e-08,-0.5487224082869495,-0.0031814877631525726,-0.014011254766845622,0.988522844747316,0.04456394631687724,0.868861790891435,-0.01128101843050989,0.14593844136183093,0.47760991935656394,0.29520214046542187,0.16708816835332968,0.6666964891889106,0.27084415344483764,0.2125090295458438,0.3437704827584521,0.07180337335030788,-0.009494210147244093,-0.5431935977810851,-0.022066909681929498,-0.05222572203787929,0.9159331829288783,0.015952609005163553,0.8557425788024405,0.00707679577271852,0.12547122873891353,0.4493504598473814,0.2832775348039087,0.15479459946145643,0.5963395025420847,0.3126181957983628,0.2068626606164161,0.30637113463966925,0.09595772263895298
257,True,2.5799999999999375,6.032309923583684,False,False,0.4099197167705385,False,80.31849999679253,-0.0,-0.6099244698240469,0.08217947824802116,0.03271651577223662,0.9449565219191148,0.3526038364469658,0.8504501452810393,-0.016666334551685244,0.13119495785565422,0.5033854537180092,0.30581609670526516,0.03814775306865944,0.6882111195934044,0.2763159205021114,-0.009517825290849167,0.352521516983467,0.04671938944758525,-1.898838232136657e-08,-0.5707966373571418,-0.008851419953667202,0.03394038545669099,0.9449564638725529,0.04144875851737266,0.8558179427506333,-0.01666628719697632,0.1375313705036692,0.45379743055156024,0.30581605144767016,0.1567226119523676,0.6679123867006023,0.27631599329918827,0.20118887333026464,0.353067540101206,0.046719488082954765,-0.011176956752177059,-0.5481471095098785,-0.020378260679716476,-0.04163712887903572,0.9303511969673504,0.0219541533162046,0.860895369508537,0.0019894246024603234,0.12962470558029277,0.4536711653495649,0.28553046214652056,0.15719164563790572,0.6114259052336265,0.30501413184314274,0.20782890264896536,0.3158150410500639,0.08788265556157307
258,True,2.5899999999999364,6.011020181307601,False,False,0.405527245143544,False,79.14149999851361,-0.0,-0.6099244698240469,0.08217947824802116,0.03271651577223662,0.9449565219191148,0.3526038364469658,0.8504501452810393,-0.016666334551685244,0.13119495785565422,0.5033854537180092,0.30581609670526516,0.03814775306865944,0.6882111195934044,0.2763159205021114,-0.009517825290849167,0.352521516983467,0.04671938944758525,-2.2353868797675425e-08,-0.5718727722210204,-0.006130439291599862,0.034099613019299556,0.9449564927085233,0.043913733855099106,0.8565330308119931,-0.01666629738822082,0.13787992220102485,0.4539607696999098,0.30581605576082405,0.15580479501641192,0.6695458883618739,0.2763159783125022,0.19832113604305662,0.351431989081304,0.04671947198776115,-0.012718223609667761,-0.5531904449558772,-0.018797619541879484,-0.028651322429443134,0.9378609181784517,0.02684504595650289,0.8629208144495043,-0.0020588150962454095,0.1324378937106661,0.45574510024777887,0.28888396326985855,0.15830576099455781,0.6246830358313182,0.29876456311749755,0.20765375745959472,0.32397150345165304,0.07990133825440177
259,True,2.5999999999999353,5.984984789756769,False,False,0.3983093151732617,False,79.3405839940533,-0.0,-0.6214023653771957,0.10021730093158934,0.04842030271724275,0.8256352107730751,0.32021831535072093,0.7966649963456225,0.0459728532055778,0.1294084696941156,0.502042653616065,0.38827088710434055,0.011277926326638918,0.6782762030226394,0.3262283384523623,-0.0236800950358247,0.36468567565017684,0.06097070191299004,-2.5436396350331236e-08,-0.5761147517900237,-0.0045655764402404465,0.05035123358570993,0.825635435224041,0.02846975801784452,0.807673514370156,0.04688765721884826,0.11868766078862047,0.4492082725165426,0.3882706891472417,0.137197754894324,0.6612447920895956,0.3262282825040243,0.17959034139867813,0.36228409268720047,0.060970738646131215,-0.014000801362874243,-0.5580253809565726,-0.017212432228913527,-0.014903451905494641,0.9323653333926694,0.02963593117689943,0.8597249047641209,-0.000256636022773495,0.13303166272922673,0.4562926609824786,0.298775811582083,0.1573981156635346,0.6350673181403695,0.2976637207096828,0.2055017986994661,0.3314137877571473,0.07401227066523991
260,True,2.609999999999934,5.956232694060705,False,False,0.3943721008377597,False,78.75141699332744,-0.0,-0.6214023653771957,0.10021730093158934,0.04842030271724275,0.8256352107730751,0.32021831535072093,0.7966649963456225,0.0459728532055778,0.1294084696941156,0.502042653616065,0.38827088710434055,0.011277926326638918,0.6782762030226394,0.3262283384523623,-0.0236800950358247,0.36468567565017684,0.06097070191299004,-2.8001546721959092e-08,-0.5771122635841177,-0.0019709058021577432,0.05061153720917586,0.8256354242328934,0.030440704921921143,0.806497488601227,0.046522502474092974,0.11917270924874765,0.45106851713134855,0.3882707082223146,0.13663176593237553,0.6617244401728516,0.3262282811622039,0.17720433121055032,0.36199604255667195,0.060970727768715205,-0.014969478168787971,-0.5624384370459831,-0.015545772238502314,-0.0018122677388736422,0.9176948254487982,0.030785094256188868,0.8527777862344735,0.006070738873704361,0.13194207250741474,0.45616656655842114,0.3133331173993932,0.15500859344097032,0.6428050863673787,0.30066527161726175,0.2018560919408102,0.33810328144861856,0.07021543658772218
261,True,2.619999999999933,5.926993067977348,False,False,0.40702085948208777,False,78.47391703398898,-0.0,-0.6241929185704116,0.09423153706950568,0.07436593924805525,0.8067144523404124,0.3452247135055524,0.7600042105691787,0.04300167554580585,0.11579755820962893,0.5083426317511358,0.4030885467259644,0.013710187580515931,0.715647839127967,0.3128655184000502,-0.015167718037432698,0.3623425738197569,0.08978977366514233,-2.9938896462661235e-08,-0.582860293575238,-0.0009476272569722902,0.07669013150575285,0.8067146743007146,0.039143274516667166,0.7868849342882718,0.046748219760750755,0.1265069675691855,0.4395204743790288,0.4030883672248359,0.14108313836152034,0.6988933493101995,0.31286549399629293,0.18259615482350994,0.3602568951901749,0.08978973458515685,-0.015561282568771255,-0.5666731484792692,-0.01387034869603925,0.011522001685079039,0.899557546621347,0.03184055859381357,0.8435427782371054,0.013477322873651425,0.13078542324139128,0.4550112615457658,0.3292440843542434,0.15254642267251928,0.6514136045637885,0.3038788408589397,0.19828618440374676,0.3435566033105484,0.06990726370165637
262,True,2.629999999999932,5.898775014318868,False,False,0.40327263372975103,False,78.16004101186991,-0.0,-0.6241929185704116,0.09423153706950568,0.07436593924805525,0.8067144523404124,0.3452247135055524,0.7600042105691787,0.04300167554580585,0.11579755820962893,0.5083426317511358,0.4030885467259644,0.013710187580515931,0.715647839127967,0.3128655184000502,-0.015167718037432698,0.3623425738197569,0.08978977366514233,-3.112250289254159e-08,-0.5872146290724694,-3.3663027226848996e-11,0.0767065845112433,0.8067146380262296,0.040654675422449896,0.7836298473534874,0.04596148518587946,0.12701835667059969,0.4432586724856784,0.40308839911419714,0.1407611347455409,0.6992756423758028,0.3128655003080413,0.18045858103766313,0.3600945151280602,0.08978973381844844,-0.015828128760403935,-0.570888208936289,-0.012259961343879171,0.024405688096193284,0.881427819153997,0.03317918061207003,0.833414555405355,0.02037916249520495,0.13003531366385482,0.4534135108514745,0.3443993013192212,0.1504655683206617,0.6608616294926506,0.30628978026417447,0.1951878555155346,0.34780080475860015,0.0721218084652745
263,True,2.639999999999931,5.876893594888432,False,False,0.4148634310492841,False,77.75645900983363,-0.0,-0.6565963461561275,0.06503931581796693,0.1723131749807808,0.7480769582822021,0.35526773844426796,0.701289304817853,0.10206810611918411,0.15801298791052681,0.5621900818112026,0.48520759796238777,0.0210362706600612,0.7153406748801381,0.3744787817233173,-0.011965907392751609,0.3112533034447348,0.1552287964676652,-3.165619421457988e-08,-0.6238112887135271,-0.010222614243021896,0.17461778510335074,0.7480772249833905,0.06212462710450743,0.7662399322665011,0.11338107997861388,0.15163809306241946,0.4553657638404846,0.48520731409654894,0.16252033093457827,0.6989780897989849,0.3744786485423111,0.1962120846139404,0.30778027537050845,0.1552286320539057,-0.01576517375412077,-0.5776958602128822,-0.01154486045145785,0.04329436149121378,0.8607893224837975,0.03616645546507736,0.8225579494680442,0.031543575319334834,0.1312985502747888,0.45272149767605924,0.36392009131491704,0.15031012477316072,0.6695357011064262,0.31296374402572374,0.1936603145807709,0.34707198142014517,0.08029164270653288
264,True,2.6499999999999297,5.8606938908832165,False,False,0.40994395828697194,False,78.00024998141453,-0.0,-0.6565963461561275,0.06503931581796693,0.1723131749807808,0.7480769582822021,0.35526773844426796,0.701289304817853,0.10206810611918411,0.15801298791052681,0.5621900818112026,0.48520759796238777,0.0210362706600612,0.7153406748801381,0.3744787817233173,-0.011965907392751609,0.3112533034447348,0.1552287964676652,-3.153028444932704e-08,-0.6247861506780662,-0.007524116593758628,0.1748600897360736,0.7480771837064797,0.06402813546713496,0.7625843874539557,0.11274283238393218,0.15245695983814453,0.45939855801304713,0.4852073554496383,0.16254567320496346,0.7021404649841673,0.3744786585721398,0.19355619125691634,0.30467894211367064,0.15522864647156998,-0.015511184381827907,-0.5862268105096105,-0.011415205067617075,0.06620671774491757,0.8393028917902315,0.040474857110304,0.8117023271411029,0.04566664614352825,0.13424757705926768,0.45323420165596423,0.3860885021565016,0.15178524886442377,0.6771372797124838,0.3229636085870562,0.1933325217620487,0.34217414804312307,0.09242672186187124
265,True,2.6599999999999286,5.847024046493473,False,False,0.4044677624190891,False,77.68112496705726,-0.0,-0.6565963461561275,0.06503931581796693,0.1723131749807808,0.7480769582822021,0.35526773844426796,0.701289304817853,0.10206810611918411,0.15801298791052681,0.5621900818112026,0.48520759796238777,0.0210362706600612,0.7153406748801381,0.3744787817233173,-0.011965907392751609,0.3112533034447348,0.1552287964676652,-3.1022306718267445e-08,-0.6257010001086515,-0.00478491564766378,0.1751538328536026,0.7480771407337042,0.06739693939904237,0.7601944379788149,0.11305749203017874,0.15329844931495276,0.461794330542348,0.48520739979175087,0.162512954963655,0.7066626009977395,0.37447867854648004,0.19047256686784889,0.30020130101380826,0.15522867072971294,-0.01520631233253121,-0.5945307258085343,-0.011290298680073961,0.08810099505855036,0.8200144574338322,0.04518825775262466,0.8017870402285284,0.0593158023469256,0.13770793262082004,0.45457032362902117,0.4067293914910381,0.15380117416068956,0.6839098022842321,0.33313063546511407,0.1932805846686572,0.3356635000481917,0.10471451386734221
266,True,2.6699999999999275,5.827715397020265,False,False,0.4085001948241772,False,77.27179204812273,-0.0,-0.5802581637610554,0.03806676005299256,0.31371668848761575,0.4818711989727849,0.3612808911505188,0.576564702076394,0.015688767221421332,0.14512206824608076,0.5148203437588703,0.5111965417113216,0.027316558228476277,0.6698272392266166,0.3922057330237379,-0.008495214048175237,0.3074765230208589,0.1192492727424314,-3.041256383534696e-08,-0.5802581926143024,0.0,0.313716237262703,0.48187187525794933,0.07799583012497685,0.6757261320465655,0.03438518238395147,0.1589848236828713,0.3774242160918258,0.511196333190305,0.16169914314251455,0.6617423749581475,0.39220561411340193,0.18562505379885372,0.29681042803657076,0.11924924314048732,-0.015687269676070634,-0.5985185353194105,-0.010811452965755633,0.11782575597254441,0.7828252048567695,0.050477877045408924,0.7868840105547353,0.06512164960965204,0.1414592948625391,0.44981160755885097,0.4264466678460315,0.15575264398498986,0.6863444527457475,0.34359789004394,0.19290137379385439,0.32878713706899637,0.11276016944866608
267,True,2.6799999999999264,5.80960451375026,False,False,0.3968309164882988,False,85.83308302331716,-0.0,-0.4710391072830244,-0.12009000445029941,0.6934380666326287,0.20638526169727,0.4162628133680318,0.7334283731691674,-0.04941771125434331,0.16472215755611944,0.5008188708942994,0.5769987537141067,0.052698208101323286,0.6408367458817396,0.3534193511895529,0.027670629687874825,0.3190532193779919,0.09743409698468601,-3.137447660700454e-08,-0.4710393726339128,-0.12008978575392391,0.6934369154027948,0.20638641457485063,0.08825195412171105,0.7373272712808168,-0.048528553948263387,0.17066993575222839,0.4292379976806069,0.5640690432970319,0.17453746942759896,0.6740252602548087,0.36252396653393715,0.19626906410270442,0.3097432029462119,0.09743412771700707,-0.015936509324602405,-0.5903749764707642,-0.01942473484528147,0.17744750306684443,0.715273087212374,0.056580681265628284,0.7732077033823408,0.057480624867012484,0.14600077439318068,0.4438325683701854,0.4485972541075714,0.15840042560063605,0.6860680070858748,0.3513038799657835,0.19300034132945737,0.3234906587781593,0.11511723626585077
268,True,2.6899999999999253,5.7938639076691425,False,False,0.3850417328998587,False,85.67383303306997,-0.0,-0.46769439818257474,-0.10631326225206883,0.784707220899205,-0.038773508285464,0.3909962375528791,0.6912470826784683,-0.03787349016161212,0.1696484671606414,0.5233059179506651,0.5466639598660589,0.036179855772442336,0.6177898016034395,0.2866363161655902,0.03594740762341915,0.30807095897263975,0.06921790101879563,-3.187295490730824e-08,-0.4676946323859294,-0.10631308862858686,0.7847060063923448,-0.03877200019528926,0.08973559068387234,0.7167571453036106,-0.03255928283545621,0.1696646029214769,0.41482387256436465,0.5305214029248728,0.1720640203958535,0.6616076692294665,0.29776406843664704,0.19153674264385287,0.2994200465035855,0.06921799273741105,-0.015968059208757525,-0.5736093317167607,-0.034272126315284944,0.2606831177240231,0.6283493348595144,0.0628447762001459,0.7622769705495468,0.0433361266590013,0.15075198938240758,0.4389206918964083,0.4685180161074624,0.16134991681008842,0.6842414942937792,0.3508078945441732,0.1932995124372024,0.3191503312392105,0.11187536600830264
269,True,2.6999999999999242,5.779284831792464,False,False,0.3824660832804199,False,85.5892919935286,-0.0,-0.46769439818257474,-0.10631326225206883,0.784707220899205,-0.038773508285464,0.3909962375528791,0.6912470826784683,-0.03787349016161212,0.1696484671606414,0.5233059179506651,0.5466639598660589,0.036179855772442336,0.6177898016034395,0.2866363161655902,0.03594740762341915,0.30807095897263975,0.06921790101879563,-3.193605454393511e-08,-0.46769459852183937,-0.10631311833044699,0.7847061728662991,-0.03877217404244637,0.09576094918666396,0.7148067107869345,-0.028939222943009116,0.17511534407302073,0.4148382042199863,0.5221422289075759,0.17623277022646694,0.6568329377133997,0.29646782937965965,0.19331038765584513,0.29878905521180454,0.06921798625447015,-0.0159635126190781,-0.5549051185873728,-0.049354014682472046,0.35275484223484116,0.5336664861803881,0.06898611904630156,0.7527393422997425,0.0291306101757728,0.1554369955047385,0.4344893680759868,0.48324380818762236,0.16431817242668023,0.6810831482740496,0.3444771569038185,0.19360384573787756,0.31522705347780294,0.10565828729949675
270,True,2.709999999999923,5.7648683595503405,False,False,0.33635792170929385,False,85.61925002140924,-0.0,-0.37085937785440987,-0.19887404865733802,0.7951407695675877,-0.1990861528963469,0.2785510438317061,0.5787552910707381,0.019938223639535155,0.2395223048602536,0.5280696220116815,0.6385038318136873,0.05734707970166306,0.5858455630324461,0.49634278177445085,0.007680312400734247,0.2893443300037253,0.10722558447405257,-3.1926961380213115e-08,-0.3708597461391716,-0.19887374960966933,0.7951398847975457,-0.19908468739399987,0.08816471035075983,0.6454894251926636,0.043732705889133125,0.17927127560092965,0.3935258846014043,0.6022821239324864,0.17831178979884027,0.6111498167103144,0.5031948712432373,0.1903704021828618,0.27792193218853495,0.10722558184195795,-0.015887871729836155,-0.5298189957174355,-0.06984304257458107,0.44139143674073167,0.4358946552998958,0.07404286891637528,0.7394295587759374,0.022410690666569314,0.16008721332139328,0.42906896802158756,0.5001450034126315,0.16727687271755246,0.6738399773620891,0.3527115960503097,0.19379219400842507,0.3102465003554893,0.10190363640008018
271,True,2.719999999999922,5.752127563505497,False,False,0.33124051070224275,False,86.60870796302333,-0.0,-0.3941880033179379,-0.20523706745980536,0.8181049194114359,-0.20841097679698062,0.2694896360934015,0.6076282468236218,0.023445624600588133,0.2351327875292009,0.5636250774967336,0.6064090737405403,0.050905945340356105,0.6100495866126979,0.48082204184871163,0.00913318126331552,0.30534419123644974,0.09220910873331632,-3.177567989634533e-08,-0.3941882744722178,-0.20523679663258496,0.8181041659855336,-0.20840968818829375,0.08251507712726451,0.6715607977667474,0.04609712161985895,0.17236434477051765,0.43185185086622024,0.5707579223293803,0.17347778548766568,0.6363288869946415,0.4878229166860313,0.18719111984861975,0.2945199493364649,0.0922091275218657,-0.015360536114810391,-0.5030217286455242,-0.09416685533308994,0.5206183024383089,0.3369136041222542,0.07735655377274384,0.7254472774498996,0.022427842213161603,0.16386095537886672,0.4259348959422616,0.5165268952195307,0.16962850612923894,0.6659430368605641,0.3725782985751413,0.1936156709900437,0.305909118577131,0.09989319638482576
272,True,2.729999999999921,5.741309220410561,False,False,0.32678995124491556,False,86.38908300781623,-0.0,-0.3941880033179379,-0.20523706745980536,0.8181049194114359,-0.20841097679698062,0.2694896360934015,0.6076282468236218,0.023445624600588133,0.2351327875292009,0.5636250774967336,0.6064090737405403,0.050905945340356105,0.6100495866126979,0.48082204184871163,0.00913318126331552,0.30534419123644974,0.09220910873331632,-3.072101078561984e-08,-0.39418822099997797,-0.205236845320645,0.818104324439413,-0.20840988615000006,0.08423521289616015,0.6685648548714503,0.044684438788782616,0.17233917063480791,0.435773012611916,0.5714167504621234,0.1729578868087289,0.6352945465143351,0.4876154091731712,0.18552053057946663,0.29525306994370115,0.09220912409057218,-0.01451856938742537,-0.4795035869178564,-0.11743567815267648,0.5877222000698727,0.2378704977092936,0.07947318603111761,0.7135610644304576,0.02511707266469395,0.16657636328437606,0.42583994677980597,0.5296018329245601,0.1712345812771553,0.6596189768790033,0.3941821907461868,0.19305370859307042,0.3030248137300583,0.09827152351536586
273,True,2.73999999999992,5.731131230261196,False,False,0.31659419306305053,False,87.6080000307411,-0.0,-0.40307198432137525,-0.18589033897719212,0.8277239056777145,-0.21048947621699943,0.26579517345673476,0.5869641734937091,0.056553570710905735,0.23170758044261494,0.5588527233438606,0.6200331891069841,0.05439942122125058,0.6035180012036937,0.47840117899061624,0.014879882291108872,0.2961175439596308,0.09131889487920873,-2.9037080701704854e-08,-0.40307213712725026,-0.1858902020700424,0.8277234256753355,-0.2104885794988449,0.08397954911754414,0.6419288423735767,0.07535332131641023,0.17297998132864942,0.4337287778947085,0.585122486472633,0.17271397092578625,0.6329135296114203,0.48595819245540944,0.18358872904694487,0.2863957432422084,0.0913189087827648,-0.013760350049687209,-0.46080108525327373,-0.13604187244736662,0.6427951425794614,0.14553578649239496,0.08089005106875939,0.7017252236827078,0.03094536631849515,0.16857301532448307,0.4269873169228258,0.540922370117793,0.17229612495983873,0.6544660176453866,0.4138125974829568,0.19217196624624133,0.3004023504800083,0.09693162192211342
274,True,2.7499999999999187,5.72040398004732,False,False,0.31032165294601816,False,89.3611250212416,-0.0,-0.41983163698568826,-0.1690928716457771,0.8421756536997533,-0.2062247937684603,0.25424827106852366,0.5685495017700176,0.060114701548396994,0.22895755552447195,0.5512549426643619,0.6240746776251705,0.043926403390654574,0.5986015488475209,0.47613673628664205,0.010118686722084914,0.29504050800620335,0.09694952861755368,-2.7520645059717075e-08,-0.4198317168346013,-0.16909280554289102,0.8421752549394794,-0.20622409024870686,0.07379974224000338,0.6112798476166329,0.07436745896224167,0.1651799403957459,0.43609140346836006,0.5918089071562294,0.16514589890850487,0.6299281696235033,0.4840235655904479,0.1759715731885417,0.28541642384933785,0.09694952846727373,-0.01326571467586893,-0.4479495966249713,-0.14850715674239098,0.688018439468143,0.0669033707863293,0.08115215277924157,0.687914060420143,0.03848474717529641,0.1695513843969276,0.4286128971905095,0.5512665997111079,0.1725037191782082,0.6500784423278952,0.4301266670370471,0.19060570031118124,0.29776213824647085,0.09621233473948969
275,True,2.7599999999999176,5.711901798709116,False,False,0.29214500490893164,False,90.05045896628872,-0.0,-0.4321494158489224,-0.18704721810742428,0.8655999341215509,-0.19140148676795588,0.25130276239674276,0.5812871534056254,0.06847563655512366,0.23421291432603056,0.5567262226212003,0.6276139153279681,0.05594679029489794,0.6109756962597092,0.47216041971805767,0.021251823638743006,0.2950626519788369,0.10076052842327013,-2.65313762869146e-08,-0.43214944729942906,-0.18704714103156583,0.8655995789590228,-0.19140097015927404,0.08075485827997843,0.6123521651488084,0.07853351143046075,0.1699635358600769,0.45200222577991367,0.5981206421123109,0.16962009905384462,0.6451502507319501,0.48057967190600503,0.17931920330785045,0.2858286084705831,0.10076051932547744,-0.012757178554274745,-0.44062136309161287,-0.15774289288897364,0.7263300422745299,0.004374377800559938,0.08102949752153998,0.6737991472189647,0.04610492742264104,0.17000724727751862,0.43158007280388233,0.5607536238291373,0.17240932895006408,0.6475747823986564,0.44283003640478763,0.1888894085255278,0.29542730860160243,0.0962902996537654
276,True,2.7699999999999165,5.704553639252314,False,False,0.30036208385869984,False,92.34529099194333,-0.0,-0.4434939433688697,-0.16580880218305966,0.8645401763809877,-0.17833686873750473,0.27715953510871727,0.5828011693473124,0.06648514343360586,0.22909202812848023,0.5499501971118702,0.6274436746946613,0.05514279908820932,0.6084346987593066,0.46192922233822686,0.02066049858770791,0.295736137744752,0.10356295183067721,-2.551430607761196e-08,-0.4434939378001516,-0.16580878603035062,0.864539899962449,-0.17833650331574255,0.09026648158845255,0.6096921199288932,0.07519339593479138,0.17398779632362651,0.44923347252454876,0.599883557989296,0.17255609978443306,0.6408912898079151,0.46996586820168457,0.18052670304211135,0.2863333941392626,0.1035629372873595,-0.012283354834744235,-0.43771083595724214,-0.16361895899569512,0.75816024338744,-0.04270483370922843,0.08167044794815427,0.6610043700078488,0.05274199849827163,0.1706198361963209,0.4351714310061699,0.5691729589376986,0.17250463453191428,0.6464024096657631,0.45162115586258933,0.1875130586518697,0.2935374696079202,0.09704443183460962
277,True,2.7799999999999154,5.696516233079196,False,False,0.2952709118880756,False,92.21245796652511,-0.0,-0.4543004127750041,-0.1600850346460896,0.8527852896039019,-0.16806384310819708,0.2689661402000303,0.5910168210494733,0.06567588461241756,0.2212795852763004,0.5527899098549066,0.6153503184332352,0.04812465802584076,0.61043405374874,0.4403286452243999,0.013849408935858105,0.29799883287863,0.09688520244867815,-2.4566660535713103e-08,-0.45430037970753245,-0.160085041732998,0.852785100353183,-0.16806359239067975,0.0837833451665814,0.6117331108851389,0.07239083993193315,0.16425461050498608,0.45876896037147635,0.590362416737417,0.16376184198513863,0.642980770770694,0.4483676626807095,0.1723356734467796,0.2886159933622784,0.09688520272578291,-0.01188843729082178,-0.4381768953035946,-0.16619889248034314,0.7826813973322317,-0.07669902447066813,0.08242266563916792,0.650278212799071,0.05784254166684877,0.17074000898235317,0.4392493049566502,0.5754912147626727,0.17216361428884813,0.6458742176787321,0.4557613017188422,0.18587023247962317,0.29225177175112627,0.09759383429413807
278,True,2.7899999999999143,5.684470680479559,False,False,0.2648898081687202,False,93.83587498450652,-0.0,-0.43574644213402897,-0.15778638520419946,0.8515471441934883,-0.15247816718068513,0.2444851094383607,0.5728389191915273,0.09112134637581314,0.2199941017093779,0.5085352205492328,0.6745009674635133,0.05754187278593389,0.5693257603887165,0.4926162055737865,0.015851298797391042,0.26409605436634404,0.11579954223328183,-2.377682702635331e-08,-0.4357464479101543,-0.157786400474895,0.8515470065399987,-0.15247801562270283,0.08282754287081727,0.5837501293071582,0.09476694360855117,0.15789048926510013,0.4239016465711665,0.6526203879623114,0.15570687692855434,0.6078231281602569,0.501896898108898,0.16118899892885027,0.2554333308698127,0.1157995060326843,-0.011857510832826957,-0.43902511100626157,-0.1668137621325968,0.8007762678846264,-0.0998046681892153,0.08282625092286966,0.6395388543727305,0.06339371036792213,0.16983506492461353,0.4407870222767745,0.5847834340010626,0.1707755759964444,0.6430388701500099,0.46091604386522794,0.1831491770001325,0.2888718351216638,0.09924351794407014
279,True,2.7999999999999132,5.6711261275519504,False,False,0.26885599980849284,False,92.96158299548551,-0.0,-0.4331194613343368,-0.18763739415150513,0.868298470201666,-0.1492956879826136,0.250793671416828,0.5833921859852131,0.08823708640908795,0.2157898616294995,0.5316157551344685,0.6590538437961225,0.0503128523272937,0.5897271016235308,0.4917337489406838,0.01744766496617612,0.2692452554876166,0.11814021250972453,-2.371497423089841e-08,-0.4331194731752362,-0.18763735250071423,0.8682983351577044,-0.149295589000772,0.07971132857025374,0.5897549675055241,0.09052249183356659,0.15527771997358522,0.45293508190006126,0.6396885929308557,0.15435162230628988,0.6270436862210838,0.5007544895781626,0.16017246090514137,0.2607037286467216,0.1181401747039401,-0.011803328793693809,-0.4390886716163601,-0.16872741743096153,0.8153988003617642,-0.11496147664205493,0.08283742298898474,0.6294530109731737,0.06900499781107607,0.16815210654060356,0.4419781874475077,0.5955566077433007,0.1686920910949135,0.6397381630067913,0.46779877314358037,0.17978192032722584,0.2841718881690711,0.10203369602479448
280,True,2.809999999999912,5.656787356108539,False,False,0.2557722934904373,False,94.0167919616215,-0.0,-0.42316791827575867,-0.16542885077548425,0.8304643807138581,-0.15097167346269097,0.22148865275380894,0.539800002750038,0.11016925698421413,0.21477593138733347,0.5254349359504423,0.6691608235106834,0.049984018535540485,0.5857763728218078,0.46623540454786405,0.004609473803352769,0.26441489101388366,0.10482935842369316,-2.360661037655032e-08,-0.42316794823229714,-0.16542885695166368,0.8304643506022197,-0.15097160144244137,0.07206476529112055,0.548306439938209,0.11286113762012928,0.14585361235988975,0.44775155488877827,0.6492339372587802,0.14510209696343188,0.6206860091134258,0.4747987148984029,0.15094407108240296,0.2556392694349524,0.10482935642313707,-0.011798760909669427,-0.4379271751612279,-0.1703507821438775,0.8245997774583669,-0.12513375687242057,0.08202848815612156,0.6178340073742132,0.07560133420482565,0.1655200016774441,0.44355941593400494,0.6059102974721775,0.1657976810387724,0.6368903564582366,0.4724761425903356,0.1757809066277801,0.27928340176520544,0.10398765455721198
281,True,2.819999999999911,5.643337666775763,False,False,0.2622503137692538,False,94.1586249973625,-0.0,-0.43021340706025446,-0.1685191375267318,0.8501183327543508,-0.14228455876609827,0.24889519257260964,0.5760865383793455,0.09801261883484828,0.20696658499612916,0.531197522118362,0.6488029353440662,0.05061408493377837,0.5979160929600852,0.44923702619515066,0.012208275344436722,0.27684031953262817,0.10903282742697112,-2.3597474620162817e-08,-0.43021342259704687,-0.168519141207888,0.8501182817165369,-0.1422845244645631,0.07468724756281904,0.5741533591777602,0.0980125740075342,0.1474110931435594,0.4665427605158454,0.6348251088536978,0.14700787135459814,0.6335278324962058,0.4579589210100661,0.15289664980362905,0.26839288594794575,0.10903281732254656,-0.011650972403527382,-0.43660079726718665,-0.17107082165050097,0.8305937585868743,-0.13148930836418882,0.08086414666992377,0.6073280085583834,0.08148516682355854,0.1625257633988115,0.44639723891310107,0.6141073631406105,0.16267186807101514,0.6352808337810302,0.4734545853466841,0.17175654613081978,0.275672966510335,0.10517802762565255
282,True,2.82999999999991,5.632216843800861,False,False,0.24416674316756337,False,93.13858399400488,-0.0,-0.4204480008568029,-0.19694849842060064,0.8553487883069696,-0.15325765124959137,0.22192508149934023,0.5673847634696919,0.11087450699936266,0.20976198908971055,0.5551039191420953,0.6433356525736561,0.050214694320700685,0.5998936294181061,0.45205710725367965,0.02016727654393384,0.2721833408365782,0.11163918989976114,-2.3301898199185045e-08,-0.42044803327771557,-0.19694844668463024,0.8553487387961575,-0.15325760771299268,0.07003506658726136,0.5656313282388017,0.11087444822611692,0.1418291587622469,0.4861807333723141,0.6270292699148392,0.14260391967361624,0.6418892015399488,0.46218583984836964,0.14842878876414825,0.26446515222609723,0.11163917632538956,-0.011261166168292544,-0.4348670375757938,-0.17363372353309475,0.8357546000456113,-0.13609558722620654,0.07942683433068044,0.5988180263283306,0.08682456901381766,0.15934828126092085,0.451658889137683,0.6192889956120751,0.1595371533639407,0.6354099961095484,0.47253857649380726,0.16791152046129004,0.27319241420032264,0.10629235456297219
283,True,2.839999999999909,5.620844589463806,False,False,0.26362963353344027,False,94.28637498058379,-0.0,-0.40694556161097933,-0.19994235336187982,0.8507215045551061,-0.15229467201319197,0.24313383278071088,0.5657881653262131,0.09889005916475677,0.23218408902193563,0.505584146863568,0.7125005207992506,0.059810283092211,0.5638399014301471,0.49003311910218905,-0.0004653883385710364,0.254136342671009,0.11111862115284325,-2.2522287290369092e-08,-0.4069456174058079,-0.19994230071146574,0.8507214746228051,-0.1522946396150872,0.08486644705995515,0.5669161799051462,0.09889003503154666,0.15464625067738702,0.43513207006244636,0.6968028669264006,0.15099912563196904,0.6027475066791765,0.4997313627943648,0.15191860561437476,0.2449399441571019,0.11111861136680369,-0.011088403759769942,-0.43173805380466457,-0.17796967656508855,0.8398066233309057,-0.13980549523373204,0.07889486340391375,0.5918619018830356,0.09086286188753571,0.15717542719737926,0.454199605802977,0.627888528861128,0.15719865633383118,0.6336088219760618,0.4740423373713236,0.16465338146552985,0.26979011342103165,0.10731664454150497
284,True,2.8499999999999077,5.610022920175079,False,False,0.2459995401314954,False,94.85495899571106,-0.0,-0.4414991072029309,-0.16881411589434775,0.8474770114159056,-0.11692112732641927,0.22809528385911368,0.5271357959302501,0.1318034160513271,0.21931945711405593,0.5285959550343996,0.6924564035888748,0.058220240853809065,0.5848684843986364,0.48106416850681605,0.007759102678695073,0.24639148988083384,0.11174892775507343,-2.2176763167167102e-08,-0.441499087712208,-0.16881413420591274,0.8474769960751394,-0.11692117309506354,0.07830205480928384,0.5282116123485765,0.13180333417200274,0.1483994098894703,0.4642497663378827,0.6781736356821898,0.14652413914427634,0.6195668373832895,0.4897809299595647,0.14759285592629426,0.23793526691195746,0.11174891889351819,-0.011091372578627745,-0.4305107976114665,-0.1802889632470869,0.8425204903539103,-0.13995835577398635,0.07888747463307237,0.5834257663533583,0.09606665568621285,0.15569848213013196,0.4555687228227228,0.6380702206223723,0.15544764994221874,0.6310417392836148,0.4769600503990758,0.1618219060510681,0.26511585231060825,0.10821691877069385
285,True,2.8599999999999066,5.602133982687032,False,False,0.25430954184389365,False,95.3090830007568,-0.0,-0.4257569360564393,-0.16618031023910346,0.8344575806543683,-0.1274322471971746,0.24207763362673176,0.5537198331069116,0.13385641487573013,0.21891336298468153,0.5402562652281285,0.6587417904868345,0.04945160941150782,0.6011079696878824,0.44825378462394366,0.010889171897427784,0.2682148985575462,0.10829268203480213,-2.218270079082374e-08,-0.42575694488559934,-0.166180338143556,0.8344575967935371,-0.12743227224934164,0.08048315975136772,0.5548878379647567,0.13385633908609948,0.15092946138134164,0.4821309786661801,0.646934904092613,0.14932578756313802,0.6285490819281868,0.45533184592814685,0.1507813710607839,0.2597502646045944,0.10829268271823056,-0.010942402862829928,-0.43035325916187867,-0.18017058956081897,0.8432958184276974,-0.13816052296469267,0.07899758998272711,0.5759187421942202,0.10253917447629582,0.1546437876404492,0.45878585193072485,0.6444936307723335,0.15419091195087442,0.629751588441088,0.477073619990681,0.15957289867986346,0.2618751994486443,0.10871583123863607
286,True,2.8699999999999055,5.597916153344974,False,False,0.26191232867170755,False,95.2354579931125,-0.0,-0.3807331990408646,-0.2301811325334214,0.8436267073780305,-0.1506165745055056,0.24022870310103783,0.5781586872836961,0.12250233288762677,0.23370883021935868,0.5551017613084024,0.6818627551161928,0.061221775041178,0.5995006393399008,0.48528640035723397,-0.002716630148272189,0.2673884442034512,0.11543412957937428,-2.188476195229272e-08,-0.38073329682072116,-0.23018103227152903,0.8436267067265315,-0.15061654959345236,0.08405461372468073,0.579297181659216,0.12250229274143737,0.1544448420586329,0.4913905262981557,0.6677932369934798,0.15256531929397235,0.6313444008968219,0.4935404603290338,0.15269247572787553,0.25796586491969326,0.1154341167903827,-0.010486639256697643,-0.4265653719893672,-0.18388965073410804,0.8433381393576123,-0.13796127505451172,0.07946983889035276,0.5724922053696836,0.10792164916707045,0.1541711680455254,0.46379079457131545,0.6490817272666242,0.15359195490223662,0.6296312958616003,0.47767932653671413,0.15809105758183514,0.26030072199834,0.10941919308189814
287,True,2.8799999999999044,5.593339707213007,False,False,0.25324619535178416,False,96.43754200078547,-0.0,-0.38512042087365306,-0.23500172391552676,0.8508306174582565,-0.16219899119215014,0.22691743372322326,0.5498189018712831,0.12774559286614653,0.23002859517845925,0.5307806996391379,0.6956696072254569,0.05044300692764208,0.5850932524732381,0.5141238440586856,-0.008869721427028519,0.24497285512322636,0.12061781914034903,-2.0973236565871578e-08,-0.38512050359709143,-0.23500162167872976,0.8508306024738771,-0.16219894271681481,0.07950299884749609,0.5509082698796651,0.12774555318838066,0.14719432077830277,0.47942171715816256,0.6855659373527894,0.14522068770838062,0.6060376267768002,0.5198767656540252,0.14364060919194366,0.23569307902501405,0.12061779693480239,-0.010182041011938698,-0.42033587572315484,-0.19151742372773625,0.8439762127110726,-0.14020328124521855,0.0798454282177302,0.5699318879991375,0.11223397368987864,0.15363388406445705,0.46836245954505606,0.6546125550584165,0.15292321387331365,0.6282192235099806,0.4819477090506187,0.15649101332737683,0.2577900309344378,0.11080517745449232
288,True,2.8899999999999033,5.585761281981357,False,False,0.24771727256215695,False,96.84133302653208,-0.0,-0.36461122066642226,-0.2260537940508117,0.8521460924465303,-0.17290891406590292,0.22062869298001345,0.5119543272833704,0.18710398288103303,0.2305860436267069,0.5090626514496533,0.7602884878513908,0.05045254209112912,0.5670926618998153,0.5611673208542315,-0.012057909597853012,0.2319535362358524,0.14378065189260966,-2.0364041293519097e-08,-0.36461133344038016,-0.2260537252205277,0.8521460760965186,-0.17290884865476808,0.08010114825408092,0.5130082255463255,0.18710383334493683,0.14534608406003174,0.45905266872135336,0.7500808792283675,0.1421699349731609,0.5870712848683305,0.5667342669918256,0.1389937771418152,0.22274089518508816,0.14378058528260657,-0.01028229788790731,-0.4124374091485315,-0.1993620786500986,0.8451448333224908,-0.14446297258728039,0.08001456761200099,0.5640219951855486,0.12052308547398824,0.1527564051576126,0.47024731728658975,0.6656627632507104,0.1518266421427555,0.6240240561745211,0.49191569417194414,0.15432706948976865,0.25330313391151976,0.11433260478406566
289,True,2.899999999999902,5.581787893633234,False,False,0.2685773388984868,False,96.85554204043001,-0.0,-0.37236936892854067,-0.2015021130375177,0.8801390523470382,-0.1772911410833792,0.25860063246072973,0.576049103629527,0.17410730792269385,0.22915449103312568,0.5740985721222472,0.6853171425490839,0.04811792014778312,0.5997453300631775,0.5272033735017007,0.003428761798122272,0.24177759176195607,0.16656827472392516,-2.0564554649438183e-08,-0.37236945111190145,-0.2015021090396578,0.8801389823468657,-0.1772910754271735,0.08723656420453238,0.5773496055141454,0.17410720101924948,0.1568819512166945,0.5154143853237585,0.6728953910510153,0.1550394034584878,0.624857623979009,0.5339781991144996,0.15092553194000233,0.2327791635746048,0.16656816911377892,-0.010142876456969048,-0.40465553521464154,-0.20417314345817905,0.8486147965854668,-0.1498043591901911,0.0806225662751816,0.5608521788415739,0.1306606548640224,0.1525397654099421,0.474395993018465,0.6740210781515897,0.15144425117086252,0.6213043669543515,0.5022115963527529,0.15289135679814114,0.24881484137567556,0.1209940728757843
290,True,2.909999999999901,5.580186694296848,False,False,0.24258890556391152,False,96.4470420149155,-0.0,-0.4257139434164373,-0.1478530247658928,0.8911424406887424,-0.16686810966781426,0.23137306483442527,0.5648383753288246,0.18473061046376268,0.19543288097073327,0.5868778157758437,0.6999276445938065,0.03743397668689093,0.6143472408496599,0.4757493062170432,0.015278089279604189,0.2615342061925223,0.15528546260754925,-2.0285712340820106e-08,-0.42571390220646965,-0.14785313760764318,0.891142355625333,-0.16686807554038155,0.07027867241345728,0.5660797517891474,0.18473050243275205,0.1375173413559331,0.529333274762621,0.6870890439071412,0.13811954391741862,0.641100979707252,0.4828199407680436,0.13818651099507423,0.25403759176752333,0.15528539390120952,-0.009796399035662186,-0.4021861358470288,-0.2020959062744593,0.854613574705877,-0.15428503841893704,0.08042993749294079,0.5607525411759573,0.1406943813706369,0.15166930920235722,0.48217473093038704,0.678431184050961,0.15067286513307482,0.6221969731514788,0.50619398402651,0.1514252133786845,0.24680082493463817,0.12810784429927638
291,True,2.9199999999999,5.570943792499214,False,False,0.41149594856906396,False,94.88612500717863,-0.0,-0.6370657435439084,0.19778230770559255,0.3599777098225121,0.06413828004544872,0.13759247044070927,0.636100411715114,0.07413249071228897,0.09285855688904826,0.24567903329323298,0.4347011430884419,0.0033475633625025263,0.38763833024613636,0.3943941744872443,-0.007631271915679163,0.16553395247594607,0.18323529355052648,-1.9592758885786377e-08,-0.4764495652626408,-0.14254770431098046,0.3464456431636226,0.06413784319968552,0.03231913550048617,0.6321647973959601,0.07313284140430615,0.07319873648441469,0.23983620091992158,0.4347016308253304,0.08267071559481506,0.38763879697689585,0.3943943981387513,0.09091583380433992,0.16488596134145916,0.18323518245233064,-0.01154638822742312,-0.4073357779625649,-0.19455176678447514,0.8195345013816507,-0.1390843183776064,0.0765002065108253,0.5664825273993437,0.1411200644850372,0.14515602239519462,0.46931118872384797,0.6617281815009123,0.14506801868521166,0.6059384118413562,0.4984714880648244,0.1460521315833675,0.23989859706388175,0.13636890456372522
292,True,2.929999999999899,5.554869941694046,False,False,0.3240796201487522,False,95.1672499650158,-0.0,-0.4350275698999774,0.1893967842609662,0.3739657462641134,-0.1726153806267906,0.11114543277105296,0.29810535446264846,0.11933984068904174,0.17986762310464904,0.11184960986196307,0.45044032205211254,0.032865676213251475,0.2519834478078068,0.5300570143143284,-0.017391551281805268,0.02306277906841303,0.3090596861015734,-2.309273027141512e-08,-0.3189259803997786,-0.06093963922041715,0.36288520806198704,-0.17261531356480025,0.05751021076651812,0.2977948855653239,0.11933988426271297,0.0989904232179373,0.11185032464148287,0.4504407446021652,0.10290485714698493,0.25198415586242545,0.5300569511769477,0.10274502930810336,0.022239305914254603,0.3090593407159556,-0.016658400078091544,-0.40510849084440115,-0.1793361563937978,0.7515383233239632,-0.1275819046330659,0.07186124516431415,0.550943512105974,0.1372760137128263,0.13642143887695254,0.4283428321245981,0.6299862604304364,0.13741759641773946,0.5641424152618816,0.49414840467042115,0.13867438848318125,0.2172685589476406,0.1551978320104505
293,True,2.939999999999898,5.537335105110857,False,False,0.281140160263829,False,94.79254204779863,-0.0,-0.36160179049316926,0.1616990646123024,0.38508259006198103,-0.3490658503988659,0.10958266869941437,0.1969723776659734,0.13227044812976418,0.1921391117100491,0.10106963115444026,0.46144389936164804,0.03680066413375139,0.2643006721356927,0.538014286211072,-0.03221262691226078,0.031593116016190914,0.31762823526672485,-3.331673352480191e-08,-0.27543060014086074,-0.03397172835780346,0.37514229411057315,-0.3490654074318603,0.062007098349328396,0.1966018268650208,0.1322704581807923,0.10238579878830947,0.10107028472589208,0.4614442362519905,0.10521419334445395,0.2643012730654247,0.5380141987736077,0.1027975221652917,0.03056052480605051,0.31762791036017457,-0.022504593065051686,-0.39116418516738066,-0.15785274214223133,0.6794075330782016,-0.14214065513263138,0.06869339734506964,0.5080140559657903,0.1350537570641757,0.12891529818112477,0.37453058056548605,0.5972302136351937,0.13070498468252414,0.5122034128876908,0.4973977388147212,0.13176552718357065,0.18608048602560548,0.18160125087941845
294,True,2.9499999999998967,5.522370838422125,False,False,0.3631043290717642,False,93.15633302321658,-0.0,-0.5138804647663374,0.22183870198207337,0.3387608913604402,-0.3490658503988659,0.07875453456198944,0.3720429707971952,0.0660130361230051,0.15208455988246924,0.3410936946127732,0.297914952255617,0.017742721910926768,0.5280703231243353,0.2647689669280485,-0.03572738536157619,0.2831307602048545,0.06501532857205228,-4.5009096109882574e-08,-0.39363830467946115,-0.07418277244747418,0.3225405880096619,-0.3490654365493031,0.029554439998219793,0.372410485579597,0.06601317424808888,0.07522647518165285,0.33775331936621394,0.29791555047228807,0.08498210707350418,0.5128997964609783,0.2647694328403552,0.09225060558687961,0.27803060953171554,0.06501556206914348,-0.023968963243885127,-0.38145257121908493,-0.13842622769064772,0.6105459668398909,-0.17228923200586113,0.06421975721973802,0.468489645070313,0.1287892119732335,0.12091689458337429,0.33941285470432153,0.5551955289246965,0.12380107543823317,0.48177262699115425,0.4819229586798073,0.1251587134288187,0.17473221174857254,0.18829633405255608
295,True,2.9599999999998956,5.52046175416102,False,False,0.6139641431532109,False,92.14174997759983,-0.0,-0.7983341480713073,0.3659935955712833,0.2594002438880255,-0.3490658503988659,0.06383622170230648,0.4683175995934791,0.07724985311076397,0.1385641254735688,0.47461665099457695,0.1959876840053195,0.01495837101664446,0.6535232393625845,0.15158907790360135,-0.02093207165343161,0.3714023459578782,0.013378329680772995,-4.7937830611327614e-08,-0.5396482838417611,-0.16455288699050397,0.28304212775551263,-0.34906549684633625,0.01520922318049664,0.47172086254119205,0.07724995618421868,0.06948790710991047,0.4671760076816046,0.19654664693201862,0.08782686399192852,0.6348062644677718,0.15158973847421875,0.10207715766017528,0.3708507667387497,0.013378679405511212,-0.020100284923989204,-0.3902235090888175,-0.13035714915867602,0.5461767253459131,-0.20510778047795683,0.05738898975684944,0.4491228673239002,0.11979314049377589,0.11214088005813996,0.33493364364721506,0.49993729745487014,0.11702813879774276,0.4825495525819973,0.44117594921353975,0.11976405469092691,0.18952919581406769,0.17240724557299653
296,True,2.9699999999998945,5.529960788742375,False,False,0.6425585114421061,False,90.52224998595193,-0.0,-0.8726646259971647,0.3833983845996168,0.186539846144485,-0.34906585039886584,0.07213192783065982,0.5270536699100974,0.04775878079842473,0.1594249528945063,0.5484415290349879,0.13541216559198083,0.048851939907963625,0.6999777294123541,0.10390570089365754,0.013205491883952154,0.3943449529046601,0.01979811100705502,-4.020048944772259e-08,-0.602112744827532,-0.18088955831592157,0.20534830480186506,-0.3490655624833019,0.03222964243120223,0.5273485050107765,0.047758924863332525,0.09181593427399456,0.5431540762274942,0.13541289496996334,0.10524671020760756,0.6847705579373741,0.10441341296455886,0.11950793189901156,0.3966184996149156,0.019798416247851724,-0.013407514211647313,-0.41598598783863816,-0.1325042135132861,0.4835118568533081,-0.2351354692620562,0.051041083907111755,0.44816636204626875,0.10882234363424124,0.10538417586990492,0.35424031464612826,0.4371037147158763,0.11240389335887846,0.5045223848647565,0.38696528291618065,0.11705367540092211,0.21876500125712717,0.14782599632294482
297,True,2.9799999999998934,5.537301678836657,False,False,0.6427979653727318,False,91.98208298766986,-0.0,-0.8716915173076744,0.39199019256786727,0.20939290784367093,-0.34906585039886584,0.0919042644305871,0.4598134943166565,0.08963701580895282,0.15287261425994667,0.5082836216443545,0.17899507446502744,0.033480460913568266,0.6435413295639586,0.17181858810104425,-0.008672441655022036,0.3406478686639284,0.0557028893564569,-2.6814974794439617e-08,-0.5982021519792997,-0.16643808997951998,0.22100969093508882,-0.3490656225385593,0.02392108139629087,0.4603354076281339,0.0896370538177688,0.07890807844471019,0.49542931731471845,0.1789955913260713,0.09152162970933238,0.6334307039787184,0.17181901767335456,0.10393683965368757,0.34307096831938866,0.05570307358749134,-0.007464814869063029,-0.4481065419058442,-0.13823378961692856,0.42679231722910593,-0.26058644771249306,0.0456578362402659,0.45170874305640846,0.10057072334276033,0.10012572476557347,0.38023077934802163,0.37976609987585674,0.10881809162225627,0.5305137104233647,0.33728265236695637,0.1152303085463693,0.24722170154611128,0.1257735448658089
298,True,2.9899999999998923,5.537826187095058,False,False,0.6203892382296942,False,91.84216702124104,-0.0,-0.8719413091955193,0.3773453751983708,0.19899995928475017,-0.34906585039886584,0.07896737438313672,0.4559818649271113,0.09297231346816007,0.14056145531138475,0.5151434420542333,0.18230936501089642,0.019039292246895222,0.6508344273052192,0.1724445866330043,-0.009578466526803133,0.3614742346412208,0.062219470242790835,-1.4929599877547273e-08,-0.6003501800397476,-0.15764771994469845,0.20333502323193947,-0.34906567344041445,0.013368330494911825,0.45651120327956923,0.09297232852158317,0.06701478005396502,0.5022042299317783,0.18230975986118428,0.08147381978360378,0.6412695365073349,0.1724449163440185,0.09534861207892352,0.36378945498982324,0.062219597312592315,-0.003394083420558175,-0.47931560444746146,-0.14368835993798348,0.378143431418722,-0.2812477424301471,0.04020453489684922,0.4538175039441014,0.09630085682318688,0.09475119562291406,0.4046947161590916,0.3333878764676934,0.10481704989473821,0.5537990816534527,0.2979665637936514,0.11278373126057824,0.2715611259663316,0.10923998673790548
299,True,2.999999999999891,5.532393632021491,False,False,0.6185885202260216,False,92.11762499762699,-0.0,-0.8719182521257961,0.38520005951742836,0.21449841630271438,-0.34906585039886584,0.07519656716066861,0.43845056963654777,0.12167627817972232,0.13603390121096257,0.506569806156867,0.18988183093819155,0.014439920802450677,0.6453593260782556,0.16014733781567797,-0.013624640279693668,0.3626450033308415,0.0486599909192893,-6.78815326388485e-09,-0.5932741715538516,-0.14435840519274828,0.21254545634397015,-0.3490657147629212,0.010590309310691083,0.4390011069966048,0.12167622742591719,0.0627824730808137,0.4933950499246651,0.1898821177132252,0.07709822119047288,0.6356889714192643,0.16014761372251976,0.09046434344138593,0.3649986494725802,0.048660112061339245,-0.0012037984791255366,-0.5061862335659925,-0.14714224051355562,0.3383891891791074,-0.2975776104769134,0.03472445389435468,0.4536682140215817,0.09646164495880304,0.08916057851179295,0.42534215909177703,0.2976360268258067,0.10037530684202231,0.5732088301309229,0.26652794721034145,0.10965110188629289,0.2922990421262549,0.09606209990736277
300,True,3.00999999999989,5.524765890906739,False,False,0.6118473712806183,False,90.13345796847716,-0.0,-0.8722984005335994,0.38799938751822416,0.2349992590900157,-0.34906585039886584,0.07369999150149245,0.45618786078780965,0.12568409029925084,0.13704200185660959,0.5161518562092596,0.1961358414335227,0.017179919811600757,0.6475531765988617,0.15296255286196553,-0.006534069760820497,0.365966571903414,0.04375900125168792,-2.407592142577436e-09,-0.5898984560487688,-0.13340246583211135,0.22781466087325042,-0.34906574742259194,0.012930065981661819,0.45673484469404346,0.1256840318771586,0.06539978704753008,0.5032582049602069,0.196136044113092,0.07956836193211739,0.63827790038437,0.15296278036014627,0.09205764911760662,0.368236870188573,0.04375910583110805,-0.00043040069599624425,-0.5276911715308186,-0.14816516602217855,0.30840147717192123,-0.31025525303405194,0.029904806906844984,0.4532916800453409,0.0997691590679437,0.08412050919846849,0.4425147628113543,0.27116809264578035,0.09625399180382194,0.5888329152892103,0.2409319777646452,0.106516042847592,0.3094960246049922,0.0848880766049543
301,True,3.019999999999889,5.521592121327418,False,False,0.5795079104717378,False,89.04062496731058,-0.0,-0.8726227367935759,0.35220014695061497,0.274628525543675,-0.34906585039886584,0.06314602934319265,0.46871853530359464,0.0592364428582256,0.1116125437772424,0.6402956317055061,0.16666310045269378,-0.00836950849203736,0.760379495958935,-0.022076386125920888,-0.014899425208835285,0.4427421265970688,-0.07805409925070618,-8.60799670204717e-10,-0.6212181345809025,-0.14086398563951746,0.31519854356847743,-0.34906577277782636,-0.015545860131463255,0.46946424315668306,0.05923652346424075,0.042779399765263695,0.6213325513158686,0.16666331395320938,0.06567608195716862,0.7541648029856626,-0.020622689327171817,0.09020486236205573,0.4451942726832941,-0.0780537734173324,0.00013000009617066978,-0.5468761483531821,-0.14826772866144286,0.293287120988674,-0.3199814163091737,0.023865978525452382,0.4546539029469259,0.09897379753157776,0.07831627869821522,0.465726274328016,0.24938845673250645,0.09180777136634383,0.6102105558385578,0.20666021687817568,0.10367717965421464,0.32945578361001704,0.06601334436804433
302,True,3.029999999999888,5.5204913105617965,False,False,0.548126116658942,False,87.66295795794576,-0.0,-0.8726534010054688,0.328627601918797,0.3080096758053331,-0.34906585039886584,0.05247337877695601,0.4697065775508833,0.06348090857746724,0.09968070506024848,0.6416239426306893,0.1672954082230889,-0.01634631199687488,0.7693474760303922,-0.037112073807963164,-0.020103637156453816,0.46153328882335415,-0.10291613006853638,2.5999967242650197e-10,-0.6392772577175528,-0.13808952316436832,0.3458665917164938,-0.349065792230114,-0.024965714390450092,0.4704893709283869,0.0634809793015823,0.03247925532681395,0.6260352444108451,0.16729557217183982,0.056796582909636344,0.7594619910194221,-0.03711158616215704,0.08241323459654026,0.46398510882685673,-0.10291579215500633,0.0003583018539935994,-0.565421763072756,-0.14803617165830124,0.2917555223922652,-0.3273569405812298,0.016204139828998307,0.4571216614042003,0.09441687736743977,0.07121054467069408,0.49369964432186747,0.23099752980415308,0.08652991850479647,0.6363505798432729,0.16491018193209003,0.10062519342611775,0.3526325489073476,0.03956840744156112
303,True,3.039999999999887,5.515654799810271,False,False,0.5477998161307737,False,86.56579203670844,-0.0,-0.849926489827378,0.352386326286411,0.335771466595324,-0.34906585039886584,0.05806701809162987,0.4242662912325438,0.0745190185936253,0.10842273802765826,0.5847411505967779,0.17868168903790768,-0.0049134065529750325,0.7346377537240298,-0.041460058545886865,-0.020035433823654532,0.4345306412424472,-0.11236186976623753,7.166022749152678e-10,-0.6204301181075788,-0.11797656718036068,0.37473511684620825,-0.34906580698113304,-0.012332782388966478,0.4250362375016742,0.07451905813250737,0.04177458668144432,0.5696416990795319,0.17868179342867202,0.06136970098657908,0.7244318912618146,-0.04145964572671909,0.08256047669289555,0.4370626881221622,-0.11236156599292432,-0.0007106125232320586,-0.5807458464461381,-0.14600987346779085,0.2993490386947704,-0.3329134946657095,0.009282518509220178,0.4563016634633709,0.0899345177193284,0.06460426520140132,0.5163741728474686,0.21715999357647478,0.08146349195394684,0.6589551538890696,0.12413581122690105,0.09751710515087143,0.3730309091103971,0.0115041376811599
304,True,3.0499999999998857,5.505480867766814,False,False,0.4936826395284013,False,85.71474999189377,-0.0,-0.8139558642211958,0.31683441774313853,0.35044153985737236,-0.34906585039886584,0.04801855468615588,0.414479701257811,0.07861189986558344,0.10099405216286948,0.566143389384346,0.21180748576431374,-0.01661950282640338,0.7197124000819511,-0.023169372666374744,-0.026654086448595373,0.43916333271362584,-0.10270535842360985,-1.4212222041593003e-09,-0.6125060954888553,-0.10545376838631225,0.38683935914829404,-0.349065818094219,-0.011657695086398719,0.41156859679610636,0.07861192247781587,0.03534427842160538,0.5616514826071008,0.21180749595446025,0.05510163807582846,0.7084110179356541,-0.023169077643803146,0.0748847844540805,0.44177884907491344,-0.10270513001884352,-0.0028288278987893285,-0.5915564734667372,-0.14173461092841083,0.3118463803484543,-0.3370695165882376,0.003968667334417006,0.4514933997247161,0.08676839488072721,0.05881749030149923,0.5315223042971798,0.2098592245680738,0.07676001409384532,0.6749469018388934,0.08985350824431584,0.09417081040200595,0.38924341029068954,-0.013509899873936214
305,True,3.0599999999998846,5.492246114912734,False,False,0.3466400299128217,False,89.2524579539895,-0.0,-0.6727784540191774,0.21797704935925746,0.3528755917636271,-0.34906585039886584,0.030735035575048416,0.3973423993457436,0.04687579797679632,0.077620578596728,0.5190206280634218,0.23630898903819242,-0.03591765063586892,0.6879284838424969,-0.04276582662866203,-0.042812360096763244,0.4079137670838043,-0.08002398647704367,-5.657644482244539e-09,-0.5193978936189486,-0.05246623386709574,0.3466293092258378,-0.3490658264062462,-0.024746068587066697,0.39306237900756963,0.046875878099572235,0.016392638256543773,0.5186322984312494,0.23630893465149935,0.041079101416532024,0.6815209606261303,-0.04276556025891623,0.06033027738134851,0.4092121213144614,-0.08002385339540818,-0.005790015404996412,-0.5917737286826772,-0.1325288408434357,0.322101435581917,-0.3401766642949194,-0.0010064327374722007,0.44367629039900386,0.08215915444644573,0.052395642371293134,0.5383064845386082,0.20920059077205402,0.07146518486135044,0.6837133517128263,0.06139643871286821,0.0897226369806846,0.3995090128584678,-0.032171113121579296
306,True,3.0699999999998835,5.479326359317853,False,False,0.29331422261258394,False,85.87758400244638,-0.0,-0.6335597727523545,0.1792132756013622,0.37619009261912556,-0.34906585039886584,0.028611456280748987,0.42590599964427794,0.030104002055784007,0.08503023878250554,0.5461889919183677,0.22795054807317888,-0.02765889850904909,0.720633530629513,-0.05556151119379838,-0.040119316405714395,0.4125476637745541,-0.09567877239919882,-1.158000765243139e-08,-0.5087336844182271,-0.038321582361740186,0.371229481826034,-0.3490658326205292,-0.02466072239714009,0.4218117062655334,0.030104106457383838,0.01914256424607947,0.5458476017824526,0.2279505100975372,0.042532211770264824,0.7085074713046094,-0.05556127696682803,0.06393966845735048,0.4152977000188744,-0.0956786453076407,-0.00860908392900775,-0.5832095774273696,-0.11923412605740769,0.3306807259745117,-0.3424851878001348,-0.00577839127287933,0.4370694837409473,0.0749329706134953,0.04589984527407614,0.5413046221980351,0.21153660070311983,0.06609496823400243,0.6895455622690406,0.0368343242342131,0.08504256934040316,0.40542901649972385,-0.046426785060554546
307,True,3.0799999999998824,5.46709182476244,False,False,0.30252031845438987,False,86.27870900090784,-0.0,-0.6439579821076621,0.18874190158437515,0.37654696207726235,-0.34906585039886584,0.032645042464378514,0.4192796500351079,0.025537755634361784,0.08518477760059721,0.5529672975754238,0.21199366533532993,-0.0302671397839141,0.7257592248830083,-0.07974437970640186,-0.04307610686706972,0.41458104570097115,-0.10843863366506581,-1.721813342077383e-08,-0.517181041543682,-0.03749636384125789,0.37207539998338746,-0.34906583723756696,-0.023986670237421896,0.4149558166400306,0.025537854351039765,0.0189739459441556,0.5526283895217253,0.21199366456572624,0.04168098925187781,0.7133536228718588,-0.07974414668472704,0.06319801662187505,0.4173998656875037,-0.10843850979536043,-0.010785795314576912,-0.5721500653700976,-0.10505944879975775,0.33875093797799544,-0.3441646004502032,-0.009886292841128661,0.4323124460767043,0.0664951665849261,0.04017510378186841,0.5439371886655985,0.21320542213532992,0.061281049632257244,0.6949132454428484,0.014314460620751885,0.08087433070380888,0.4092999058298908,-0.058851192480369956
308,True,3.0899999999998813,5.455107176543239,False,False,0.2509693680190774,False,86.27383399289101,-0.0,-0.572810167750879,0.16334505744788216,0.3423356748671998,-0.34906585039886584,0.03182132299819794,0.39162265467138097,0.02319632362532865,0.08392530786325907,0.5230706903761801,0.2159917684875944,-0.03605065101346053,0.699157909959906,-0.08837356396711761,-0.042778462358848725,0.411064940736671,-0.11419852835866255,-2.157154748924639e-08,-0.47862517732605003,-0.011533545418727364,0.33963045045625184,-0.34906584059638557,-0.02333436455540944,0.38743719008032956,0.023196409756297907,0.016664064969570177,0.5227589536214716,0.21599176241138796,0.03932898411514249,0.6873813150759661,-0.08837335771731997,0.05778553732296329,0.4137541251611054,-0.11419841666820539,-0.012675344352214455,-0.5586074884392516,-0.0900706152740926,0.34323245990284834,-0.34537773665162363,-0.013173855883521645,0.4264694214193093,0.05821926852831144,0.03524086896267103,0.5441588483922691,0.21412793161533644,0.05703086119819467,0.697744139545302,-0.006332654263019877,0.07695099363281933,0.41165365212103855,-0.07003665050819816
309,True,3.09999999999988,5.443297902972948,False,False,0.2016286482638396,False,86.09950001118705,-0.0,-0.504844829652606,0.1293660266135978,0.3256042577199183,-0.34906585039886584,0.03163456153437614,0.36311772166644923,0.028621664169575917,0.07547364457967494,0.4913384108986085,0.23233565600579956,-0.04042729746361809,0.6843258089467964,-0.08655939140171458,-0.042841972329266745,0.39972551082175956,-0.10444757229056277,-2.5350638005461335e-08,-0.46335468236229943,-6.383350792393827e-10,0.32465708525517667,-0.3490658430226531,-0.023780186366607087,0.3589439370451625,0.02862172397222281,0.013070252761543211,0.4910411888829019,0.23233561941582234,0.03605123022501931,0.67555788673966,-0.08655923105738327,0.053511907054947586,0.4016787624445288,-0.10444750347786988,-0.014411715019373106,-0.5429179528048816,-0.07455798496990336,0.3434102510542772,-0.34625233810474715,-0.01574903447327627,0.4175934491540655,0.05133278853913661,0.030845650999069305,0.5398171358555138,0.21610168329865354,0.053164706225151806,0.6973164718577143,-0.023987512125960897,0.07304617914940281,0.41209680567586204,-0.07886150894005971
310,True,3.109999999999879,5.431812827044804,False,False,0.18455844958190926,False,84.21804098179564,-0.0,-0.4447253917099411,0.11549043507100061,0.30638640250230587,-0.34906585039886584,0.032652356759380656,0.37352679410269407,0.013895836828005718,0.07027110182266888,0.49213632661194706,0.24237919524718096,-0.037519166218010956,0.6960304610443396,-0.08533105360119503,-0.04023533751706079,0.4098799388004064,-0.11810507571035934,-2.8823372391975632e-08,-0.4447255875063354,-2.330939607997351e-11,0.3063864765523225,-0.3490658447718525,-0.025282161771544243,0.3692092115732951,0.013895911382778812,0.011761190160018094,0.49184005400754705,0.24237914308267858,0.03449255589588006,0.6852227832052142,-0.08533093112761944,0.052590409162538765,0.4123537917644429,-0.1181049973693008,-0.015553945684722301,-0.5261076128127505,-0.06016072932828121,0.3398433053481211,-0.34688113144235555,-0.0178633384808984,0.40820165067644676,0.04484510909759559,0.026940464749515048,0.5329232787409778,0.21967453262418937,0.04966067717123098,0.6958653977628989,-0.038213161780033554,0.06936594303247548,0.41205300266785017,-0.08640111125484638
311,True,3.119999999999878,5.4240200175119755,False,False,0.15544434926445672,False,84.71958403242752,-0.0,-0.35883276906756123,-0.029206063570324615,0.5051007452745072,-0.34906585039886584,0.04893344131624054,0.396607127457014,0.06371727611951775,0.008341270195271575,0.6443957889755765,0.2236471446268559,-0.04643977668451666,0.739439887878162,-0.031155979761337865,-0.040393786792326525,0.42706892091166465,-0.083898689076748,-3.110782915288768e-08,-0.35883310369084065,-0.029206125514928256,0.5051004147600477,-0.3490658460294367,-0.04418277956277909,0.4212796513625196,0.06371723827162454,-0.004289009353839114,0.6018142435111455,0.2262359970159985,0.02395756537680235,0.7304125699186825,-0.0311559946461624,0.0482707380118412,0.4294122863238319,-0.08389869477904066,-0.015110560919161771,-0.5037822179675843,-0.05037165987063346,0.34970953655140047,-0.3474420972310887,-0.021011806627778934,0.40398308690943013,0.042512427386156626,0.02245008564659774,0.5340900761311765,0.2224784362543361,0.04587458373451843,0.6978777725127192,-0.04518315092584143,0.06585759081447379,0.41352449207264097,-0.09045014661657169
312,True,3.129999999999877,5.436003024079122,False,False,0.2105671178350486,False,83.87299999594688,-0.0,-0.2949217294577851,-0.18240611644129873,0.625165642691336,-0.3490658503988659,0.06297276266127637,0.5249233279606714,0.06518881893472762,-0.017646001322024908,0.8737178493153331,0.1454910199713647,-0.04397426166213247,0.8409463716652469,-0.07085766190870751,-0.028710381560010167,0.5258749605223184,-0.16297526951489746,-3.0221061394705706e-08,-0.2949221470030722,-0.18240585237881085,0.6251650917802105,-0.34906584715136607,-0.07381939087152602,0.5585008170470508,0.06518877352744104,-0.008197244095897293,0.7798155762089432,0.13720974812674838,0.03129196232001998,0.8663469725990909,-0.06271898810458729,0.06689632376409127,0.5284047007696109,-0.16297512445343837,-0.011748186884595047,-0.4734994111617165,-0.05645080457266864,0.3809310809895472,-0.3479237451581107,-0.027180822938531995,0.41494559239990475,0.044056514568519535,0.017308048092217473,0.556320170162601,0.21696174942190677,0.04254474864882653,0.7132293494584464,-0.04884540929910916,0.06399776432635293,0.4238641948814589,-0.09752645018108662
313,True,3.139999999999876,5.44441657868457,False,False,0.21919630259297126,False,85.35587502410635,-0.0,-0.19913661861743895,-0.2169689562730413,0.6217535778958664,-0.34680935356672826,0.0893042554830981,0.5197874439477717,0.06081187257006564,0.0010292649210180763,0.9002369247948458,0.13567678692250923,-0.01787162178224447,0.8456507658819788,-0.05477536365548946,-0.018654444681579806,0.5165561752149476,-0.18184815232774912,-2.349632677658975e-08,-0.19913716734599035,-0.21696863523598653,0.6217530962518297,-0.346809355795507,-0.05470331237061963,0.5493961355316208,0.060811839053214745,0.011572675968051812,0.8045579624779354,0.12594263901248226,0.054203358930903375,0.8731360743263904,-0.045830852668398606,0.08638491500220108,0.5194314989478197,-0.18184798368466693,-0.007439950868649725,-0.4333613451957137,-0.07676607127396172,0.4216246706161995,-0.3481533761954825,-0.033651589565608736,0.4354097313267406,0.04672652525287048,0.013749436356186535,0.5933639100342222,0.20447940572941678,0.04165163596568117,0.7379901442539368,-0.05065610462982435,0.06512503445400572,0.43968212431211756,-0.10950188124472758
314,True,3.1499999999998747,5.447701051888434,False,False,0.23424252213752103,False,87.34558301512152,-0.0,-0.19969548618962316,-0.3122755066098965,0.6698059615768378,-0.3487949264490518,0.06471340711461229,0.645842341181253,0.03277306074897498,-0.036001301070843386,1.019281436286141,0.09214179429375549,-0.0459525703401656,0.8980979288019872,-0.02143774817044101,-0.021983120286950625,0.5502859800910735,-0.15129511599633735,-1.4879871976930525e-08,-0.19969595352141814,-0.3122750355917203,0.6698054652152456,-0.34879492516595384,-0.09629903325349087,0.6695847533536253,0.03277308866219325,-0.02073846024585716,0.9249669628239724,0.08192495172881498,0.04149183832643163,0.9251732695057575,-0.012413385428894877,0.08135208920036074,0.5533008892360092,-0.15129503240990622,-0.0029864358171078037,-0.39003336760281987,-0.1091861284918056,0.46523027250494353,-0.34824340457373754,-0.04190427668386751,0.4663507347495834,0.04720315775725058,0.009627519221837699,0.6424938265507307,0.18675130564757833,0.04179053085527007,0.7680759645922765,-0.04822862701967255,0.06775699253414544,0.45813377995768484,-0.12036719591518834
315,True,3.1599999999998736,5.451163278659922,False,False,0.2785951036643085,False,87.93683303520083,-0.0,-0.19792696538776278,-0.1879441013061219,0.5998585163184229,-0.3490107958262827,0.11180550985645833,0.6672706031424449,0.3215482461126404,-0.07467992744544436,1.0397042570731136,0.0931264604116128,-0.06280516175000166,0.8823784970846309,0.026971889129873666,-0.024591857839372462,0.5206438719682693,-0.13086643353180336,-5.972859688611887e-09,-0.1979273492199053,-0.18794394380371876,0.5998582470627472,-0.3490107942915033,-0.09836411037538222,0.6802656810449264,0.3205065700763586,-0.02571061022398061,0.9494796329589954,0.08334613097845071,0.041977114405588496,0.9058100256917974,0.035650967377556964,0.08040880147574787,0.5239675632721996,-0.1308664124684135,0.0002948552025293333,-0.35025468264675974,-0.13691329716047737,0.5013854658195803,-0.3482915396108411,-0.05171609344759127,0.5031741105194857,0.06829657748934116,0.004133418488165761,0.6974554832204196,0.16744883333766575,0.04190746544138849,0.7973981568037902,-0.03924229680007131,0.0704518734692067,0.4744932173566589,-0.12669335322368946
316,True,3.1699999999998725,5.454155813743161,False,False,0.4848404846355102,True,89.22937494935468,-0.0,-0.2493562497739568,-0.13724048472151684,0.6654752695865547,-0.3490658503988658,0.17642264421936465,0.6929232850268194,0.5791158327359667,-0.12683782973966956,1.1456498299120463,0.20818085842710726,-0.04390739428030659,0.9279695548320722,0.08497379811442522,-0.00016094733557826119,0.5117531201778658,-0.08881385010180161,-5.972859688611887e-09,-0.1979273492199053,-0.18794394380371876,0.5998582470627472,-0.3490107942915033,-0.09836411037538222,0.6802656810449264,0.3205065700763586,-0.02571061022398061,0.9494796329589954,0.08334613097845071,0.041977114405588496,0.9058100256917974,0.035650967377556964,0.08040880147574787,0.5239675632721996,-0.1308664124684135,0.0014928916209979797,-0.3164314330826685,-0.15463357785474688,0.5276549630052563,-0.3483233741024367,-0.061189295806372564,0.5387080868479496,0.10641199497825392,-0.0015421925394043154,0.749537579137331,0.14992207586367337,0.042009042597160734,0.8223376585199946,-0.026772804079463784,0.07281832505514038,0.486951948788925,-0.12965246710130932
317,True,3.1799999999998714,5.454660427064508,False,False,0.2663688903870816,False,89.09329201560467,-0.0,-0.2825980542409686,-0.21677430033172168,0.7562070389358609,-0.3490658503988652,0.03739840613891371,0.5948778982446697,0.22120490800246984,-0.179128191686514,1.3254844767017517,0.2201971700595318,-0.03690119727177164,1.036683749711105,0.043854877721049575,0.00889643012358516,0.5627315073338669,-0.07943599655051196,2.9857772701740587e-09,-0.28259812406639434,-0.21677417621147244,0.7562065818379945,-0.34906584891391557,-0.17725945192576908,0.5854713285208207,0.22120467898379897,-0.09253755424035973,1.269867745171135,0.21289961242290362,0.04101511843665474,1.0465828832554591,0.04910064055500113,0.09796960576362593,0.5660479468569887,-0.07943609693769543,0.002254917423094655,-0.29570535429897243,-0.16840624977546848,0.5591302446978214,-0.34835463211526574,-0.07536775105440109,0.5628249902822762,0.1392888763860976,-0.011657365879553426,0.8180761484478973,0.1450661137240935,0.04206167016804268,0.8533936066155887,-0.013397159490498205,0.07613224207338828,0.4996670656625537,-0.12693934569446172
318,True,3.1899999999998703,5.4364440099485325,False,False,0.23140059820074532,False,88.81120895966887,-0.0,-0.2825980542409686,-0.21677430033172168,0.7562070389358609,-0.3490658503988652,0.03739840613891371,0.5948778982446697,0.22120490800246984,-0.179128191686514,1.3254844767017517,0.2201971700595318,-0.03690119727177164,1.036683749711105,0.043854877721049575,0.00889643012358516,0.5627315073338669,-0.07943599655051196,4.509825826583963e-09,-0.28259807946848325,-0.2167742034421394,0.7562066447770466,-0.34906584897643145,-0.14115168800196737,0.5779601568753063,0.22120474333309456,-0.08998917922973232,1.3092412949804797,0.21687416466852474,0.038905480707087145,1.0295197301949948,0.0447936852037699,0.0946159049652871,0.5662753144998264,-0.07943609142769187,0.00217577959191345,-0.2859640654209543,-0.1799943631237834,0.595081344834861,-0.3483773611341575,-0.09025721889177456,0.575203099174284,0.1623281702430423,-0.024925543593772137,0.9015656587140727,0.15124402513504273,0.04195191194168597,0.8875664718840286,-0.000992947130582056,0.07987869448361531,0.5126418663326382,-0.12030474595078679
319,True,3.199999999999869,5.465007413802246,False,False,0.2493278230613291,False,91.73479198943824,-0.0,-0.17760969309121602,-0.2778797265301401,0.7983313811195077,-0.3490658503988658,0.06621219252698694,0.6551004617212984,0.13799864905863216,-0.006932703803394724,1.3630781926237492,0.37169843893044496,-0.013529117004239886,1.0515474527205544,0.13613129971183294,0.040994137236366725,0.5550971125450634,-0.06509250571854176,4.35155048062949e-09,-0.17760991001886067,-0.2778795307626235,0.7983309746201015,-0.34906584902189003,-0.08784046104468067,0.6551002995895059,0.13799869741651322,0.019921360155586827,1.294887638397294,0.3668116731382026,0.12103159900967844,1.0225793650249202,0.13171230073430662,0.15958473482871877,0.5579565836168625,-0.06509261597974955,0.0008038091556125238,-0.2737578384711652,-0.19413368315397111,0.6317697911752922,-0.34842542164943036,-0.09845943505741443,0.5868498645784371,0.17208399960144516,-0.029759040247660004,0.9823896042938649,0.17333375317473512,0.04781234047631399,0.9179569710205249,0.01631584958761593,0.08812677158428972,0.5236084775919875,-0.11171513903225176
320,True,3.209999999999868,5.470713832530264,False,False,0.2370054986738235,False,90.11658298550174,-0.0,-0.17760969309121602,-0.2778797265301401,0.7983313811195077,-0.3490658503988658,0.06621219252698694,0.6551004617212984,0.13799864905863216,-0.006932703803394724,1.3630781926237492,0.37169843893044496,-0.013529117004239886,1.0515474527205544,0.13613129971183294,0.040994137236366725,0.5550971125450634,-0.06509250571854176,1.607615095948825e-09,-0.1776098853410939,-0.2778795590272155,0.7983310479975352,-0.34906584911801086,-0.08472978419097933,0.6551003236853292,0.13799871690671528,0.001930699196573439,1.301349605921754,0.3656808515254316,0.11370667920730212,1.026755474097496,0.13332830700094395,0.15345974410995306,0.5568224645488559,-0.06509259998776085,-0.0018805361759567352,-0.2578727917527324,-0.2100196039014332,0.6661255861715482,-0.3484601738935966,-0.10070527973546214,0.5997501051167504,0.17213443497495898,-0.0276188009167367,1.0530350121685847,0.20507356596361312,0.05809900886237255,0.9433958650553546,0.03708290458906849,0.09937319626891872,0.5320939856994519,-0.10278260297857275
321,True,3.219999999999867,5.500557426605082,False,False,0.272438152109858,False,90.14533297158778,-0.0,-0.20538358657824246,-0.2782678194159446,0.8408389280946194,-0.3490658503988657,0.07127082325619355,0.6897527733913478,0.10076308945749265,-0.026868828728149437,1.4051371665926353,0.3087005357570655,-0.05544894379552242,1.0629452417137275,0.16683631118461642,0.03165787023211075,0.5864771586276472,-0.08738380339843843,-3.761064829585839e-09,-0.20538369200230072,-0.27826768291483495,0.840838578668855,-0.3490658491875151,-0.1030126719232243,0.6897525635086946,0.10076322523713523,-0.02388720257216244,1.3082337281593148,0.3089305101262596,0.09496430487230678,1.0802067029536757,0.16645890887039871,0.13890448134856953,0.5815264796338435,-0.08738383240331797,-0.005322261546344665,-0.24446442686924325,-0.22480122951226902,0.698929654246795,-0.3484815641281166,-0.1013245064150067,0.6143786035720202,0.1653285471591322,-0.02537933630092237,1.1123653512163456,0.23251147740682707,0.06744635629613771,0.9681117861035602,0.05944210104434749,0.10934191694179682,0.5404943750896148,-0.09652619737912917
322,True,3.229999999999866,5.513049037256072,False,False,0.25034196075065407,False,86.14874997874722,-0.0,-0.22157825544286705,-0.24936719822799974,0.8482598114352311,-0.34906585039886573,0.07376499709989007,0.6814194450022887,0.036906351057933245,-0.029895393722461607,1.379733246850874,0.35074108160391004,-0.0535243037854399,1.0272878803919843,0.20764208162256928,0.03354163046564717,0.5517018713477904,-0.07005577179496933,-1.0644501802561934e-08,-0.22157830370089382,-0.2493671490836468,0.8482595127760262,-0.34906584923029554,-0.10011769170422087,0.673249532880062,0.03690660788454109,-0.027948392699008635,1.3352511670777658,0.35074084519468995,0.09250134112673121,1.0232187523890661,0.20764178515404064,0.1283121891803519,0.5436266887120964,-0.07005582472562569,-0.009460005901763876,-0.23594620358685414,-0.2351734364800476,0.7295228347840247,-0.3484981966343345,-0.10165565355981829,0.628149026293183,0.15011597946082442,-0.02457311914869513,1.1624628021915464,0.2560634420526838,0.07444020115383605,0.9874570536078097,0.08442013517016587,0.11630354950649296,0.5459163239051175,-0.09154708382975113
323,True,3.2399999999998648,5.511871390683409,False,False,0.2511751738113507,False,84.86412500496954,-0.0,-0.21542208247690195,-0.24334418305257094,0.8439151958809755,-0.3490658503988657,0.08958872142625973,0.6760249744554597,0.08035195016776135,-0.008550872359667717,1.375452588152714,0.3649733967722001,-0.0348316617290268,1.026806656285415,0.22401003010577236,0.038965161699316256,0.5399815732397321,-0.04661245961502843,-1.8919973964262593e-08,-0.21542212649342657,-0.24334416671111048,0.8439149670967109,-0.34906584926356043,-0.09807457691575844,0.6554875675219731,0.08035208965248467,-0.028567039293150357,1.3301903787635143,0.36497317909740573,0.09470233224073826,1.022163712676568,0.22400975032886422,0.12918905974993614,0.5322750516680727,-0.04661254506357113,-0.013897631820230278,-0.2305592464566693,-0.2409620781802634,0.755575776635532,-0.348512843586331,-0.10162539018877254,0.6379542465310898,0.13428118882967444,-0.024630096594276642,1.2036250020533772,0.2780290189072845,0.07971186629204309,1.0001659626124244,0.11042636898334632,0.12087134855568764,0.547237557341948,-0.08513519081229934
324,True,3.2499999999998637,5.513425611128224,False,False,0.24482283353550835,False,84.97741702012718,-0.0,-0.2169990513809013,-0.23897886856751022,0.8429765624493656,-0.34906585039886573,0.08480205521711522,0.667595516962284,0.044706466729202726,0.0016281977864872031,1.3640958608981815,0.388924637129557,-0.033297000541303655,1.0280032522049811,0.20632794176800884,0.0326863340398181,0.5359026372124804,-0.030786888917571094,-2.7795208048381204e-08,-0.21699907594577567,-0.2389788725339215,0.8429763876481435,-0.34906584929285434,-0.08635204244669996,0.6486669334426194,0.04470664594057146,-0.017166826162606383,1.329823979341663,0.38892441509373804,0.10260089639042103,1.0215933422755747,0.20632774851104574,0.13338250277022837,0.5254458272020274,-0.030786994103293358,-0.018111866467241066,-0.22697150782594716,-0.24363565776413967,0.7764875431240769,-0.34852630351617264,-0.10050163186115076,0.6438197938507011,0.11893752217363553,-0.024264694480184593,1.2361407774436988,0.29921645714582834,0.08433827291390307,1.0086262782055484,0.13302143160990623,0.12425981328052382,0.5458050478449776,-0.07674567109127023
325,True,3.2599999999998626,5.508369768459199,False,False,0.25021761099530004,False,83.86112499283627,-0.0,-0.23195364872291205,-0.22423427385108585,0.8410554751190876,-0.34906585039886573,0.08528769586918697,0.6801976989031607,0.04398002602054685,-0.046674500581101855,1.3904585162915464,0.32616498785375514,-0.0451805755099286,1.0392633774314404,0.2196536467476628,0.040361007284193916,0.5539739584630764,-0.021010965481587242,-3.6223660491302434e-08,-0.23195364044421388,-0.22423431265377608,0.8410553459834819,-0.34906584931977414,-0.10321890443093995,0.6592595664544064,0.04398017585229576,-0.036081243760798715,1.3616959499277563,0.32616493422832593,0.09002691523478745,1.031407965600626,0.2196534740179396,0.1254739857436304,0.5435233776030634,-0.021011077438187066,-0.02155457073014463,-0.22569682205530373,-0.2434987463798328,0.7926811712297337,-0.34853889249771147,-0.09978887388529245,0.6479471610268522,0.10414380489213126,-0.02475048046979078,1.2638016673134709,0.31354862794168153,0.08751651582797315,1.0150820426500442,0.15193404330092458,0.12634069154155791,0.5445365875917295,-0.06717795256349553
326,True,3.2699999999998615,5.498653986311395,False,False,0.24820417685686927,False,81.16533304564655,-0.0,-0.23195364872291205,-0.22423427385108585,0.8410554751190876,-0.34906585039886573,0.08528769586918697,0.6801976989031607,0.04398002602054685,-0.046674500581101855,1.3904585162915464,0.32616498785375514,-0.0451805755099286,1.0392633774314404,0.2196536467476628,0.040361007284193916,0.5539739584630764,-0.021010965481587242,-4.310905523871589e-08,-0.23195363334149954,-0.22423431237995384,0.8410553783706733,-0.34906584934495205,-0.10122559660631433,0.659465553080271,0.04398014645060298,-0.03509454281396642,1.363180058984867,0.32616496258985234,0.08952639493809673,1.029603259189755,0.21965351199825056,0.12499877265161967,0.5436184519266253,-0.02101106014776586,-0.024116099884103015,-0.22606847394198457,-0.2416890261102868,0.8049777345727008,-0.3485504372014478,-0.09978100301677782,0.6512836455805182,0.09127354493177806,-0.026144540245828272,1.2875783347968761,0.32099204166508494,0.08920555014021594,1.0201934172442348,0.1676496865677723,0.1272965759246834,0.5441169948136501,-0.05788003999489388
327,True,3.2799999999998604,5.488078696071864,False,False,0.2579120004817286,False,82.39375002449378,-0.0,-0.24669600831679744,-0.2060722001990033,0.8527342881806492,-0.3490658503988658,0.08169393533171673,0.6647269847283385,0.0403937322482713,-0.07067047747440948,1.3884625647007185,0.30324199286934705,-0.06536141033713154,1.0206718474189584,0.20634417211652267,0.024442049311618884,0.5274963026562239,-0.03064403927896129,-4.8232103300877016e-08,-0.24669596736942834,-0.20607227143251267,0.8527341926677331,-0.34906584936804147,-0.1138621180911464,0.6430162315175486,0.04039383398439449,-0.05243748940675613,1.361701668663179,0.3032420283671676,0.0734542458241129,1.0093508628709653,0.20634409466582548,0.10959151685125228,0.5170990512098129,-0.03064409342889281,-0.026121196331637005,-0.2282439706439856,-0.23798169785758228,0.8151598730937666,-0.34856089478041674,-0.10094469479817289,0.6527108673111264,0.08041514567975909,-0.029059933412630648,1.3069223745195702,0.3230521697079474,0.08890356048151314,1.022624958989441,0.1791927253770729,0.12655630067753862,0.5421334468426157,-0.050520217332238174
328,True,3.2899999999998593,5.47743750855032,False,False,0.27814362615266297,False,86.80029097013175,-0.0,-0.22370543643048968,-0.2072946160586793,0.8244176619613298,-0.3490658503988658,0.0950720070364576,0.6740458701767637,0.05692863836051977,-0.10631304963265734,1.412351260553756,0.2555090921911991,-0.07001258041956245,1.0359120585464574,0.20457081548553624,0.024119577171180615,0.5408694408655539,-0.021330278827578986,-5.224228817948817e-08,-0.2325476620842833,-0.2094274194887,0.8231119589252633,-0.34911456247715694,-0.11943574718644992,0.6503339284408965,0.056928685371790494,-0.059103361584769545,1.3722314883797404,0.24821047361102644,0.06953920840357003,1.0232819140859883,0.2045707645708601,0.10821805238397128,0.530612419639351,-0.021330337140780906,-0.027395495749761772,-0.23035145136728094,-0.2334943718193263,0.8214140260589623,-0.34857124359062,-0.10337768564502904,0.6530722183068297,0.07280038254944297,-0.03345064476130166,1.3229697894295578,0.3175006027371463,0.0869256027250051,1.0238967976779594,0.18702071566223538,0.12453119136314068,0.5397940837901312,-0.04445904516445501
329,True,3.299999999999858,5.466769918664318,False,False,0.27241666374846085,False,92.84062497317791,-0.0,-0.2257488515921172,-0.174604383824379,0.8175649780806709,-0.34906585039886584,0.08892658836192993,0.6460849366479883,0.05500206839135485,-0.11273991905343846,1.3919594988919084,0.2966755776251056,-0.07493180721756874,1.0170058894199503,0.19346021716339795,0.016250546040991985,0.5143979451458532,-0.024144899939302928,-5.4790881911376266e-08,-0.2471401004967118,-0.18815702767741196,0.8087690590240213,-0.3523041139486227,-0.11039858789682903,0.6241890419611845,0.05500210428701707,-0.05313701869017223,1.3522860996180857,0.2901496782702417,0.06683623651139078,0.9960225557300553,0.19346020487049065,0.10258277454666175,0.5038639778559653,-0.02414494064289958,-0.02820673721097725,-0.232763189472302,-0.22766069808971393,0.8231684177669243,-0.3488077418981795,-0.10561336046651662,0.6512508645430642,0.06788723767835299,-0.03773590670166394,1.3345898557876374,0.31070800102103785,0.08410508800987157,1.023013110493505,0.191495841062188,0.12169995425652382,0.5360183330417938,-0.0394863672885971
330,True,3.309999999999857,5.455846838321623,False,False,0.2560750122921123,False,91.12816595006734,-0.0,-0.2364395151588523,-0.16444178132642678,0.8239019960211029,-0.34906585039886573,0.08372407993016544,0.6258463548899854,0.09874247491162336,-0.07460282980850386,1.3978113532267489,0.33170498610087357,-0.06974970461125171,1.0268093785553116,0.15871321516558629,0.019383279883147957,0.5160617169824083,-0.0362549226021051,-5.641336158976329e-08,-0.25907794881489543,-0.17842209325773628,0.8145526179141648,-0.35249347660308805,-0.09877127205855675,0.605964243161719,0.09874241321438776,-0.04368607633634594,1.362463703951641,0.3248089318817049,0.0720550893575172,0.9948198595732254,0.15871328094738577,0.10638865658826152,0.505444243059851,-0.03625492940957878,-0.028577733402522464,-0.23654094396607828,-0.22038331910012338,0.8228185661605579,-0.34924389135314,-0.10637946543786944,0.6463410793677473,0.06794155813772976,-0.040519273327291,1.3429619526689534,0.30846571756508484,0.08154232868330151,1.0202499988462,0.19099634173993063,0.1189140818671672,0.5311886204171836,-0.036606685526834416
331,True,3.319999999999856,5.445276796929004,False,False,0.2679733367934628,False,90.30337497824803,-0.0,-0.23110892943756964,-0.15107455352678603,0.8202145460421177,-0.34906585039886573,0.08567367224023288,0.6122293696111433,0.08676052171334189,-0.14236850419343966,1.3970101592546655,0.2989884913867477,-0.07196887101673942,1.025617257684305,0.15673135553555537,0.020375249638780544,0.5047655673805472,-0.020740422774449443,-5.715535249598003e-08,-0.25671950641340013,-0.16650593477563996,0.809117084551031,-0.3531986599071473,-0.10623618935179559,0.5906917197678623,0.08676048323614295,-0.05521269069429309,1.368697927892614,0.2914846475674763,0.062440321567157564,0.9962100947799525,0.1567314279985258,0.09788845271442115,0.49531855339390707,-0.02074045678142645,-0.02854444589960553,-0.24073910236969398,-0.2120712076734029,0.8214274458194869,-0.3497800393385058,-0.10651257934899584,0.6388590214171175,0.07070107629586238,-0.04289374478274948,1.3499037089420483,0.3070638169148574,0.07884583403271762,1.0170286894063414,0.18706362445273053,0.11596405366861563,0.5257331833206642,-0.03416279809881166
332,True,3.329999999999855,5.435063860454865,False,False,0.25636264590456154,False,91.38970798812807,-0.0,-0.23367813037144755,-0.14698804524376885,0.8160688009838772,-0.34906585039886573,0.09158300965725112,0.6051562520484762,0.09081134641853653,-0.12892338210920087,1.3855047354916497,0.31601405853887876,-0.06330899611724644,1.019433316684316,0.16152415343634904,0.02895654947964336,0.49942580852863133,-0.017659198538220636,-5.7088777625363685e-08,-0.2547077060050695,-0.1593132291789792,0.8067449164197291,-0.3525277419848599,-0.10294451359138036,0.5804417275749104,0.09081130633428423,-0.055264656061917314,1.366711050461216,0.30989190004767597,0.06022220685771932,0.9877375134754502,0.161524204001664,0.09551845147154106,0.4913259149433796,-0.017659231292706915,-0.028167007210788134,-0.24438417605713217,-0.2032885724023164,0.8193656808534702,-0.35027210067293796,-0.10642976876173246,0.6297981557117059,0.07407278887447469,-0.04527179921759483,1.355529041365643,0.306285246564332,0.07586473171413036,1.0133516478604767,0.18250452815314966,0.11277495901320793,0.5199391122072207,-0.03134433895085633
333,True,3.3399999999998538,5.425054993191348,False,False,0.276503569270475,False,91.62479097722098,-0.0,-0.23799681957856086,-0.1554399704361894,0.8137087161583764,-0.34906585039886573,0.08630850077424128,0.6053150180553193,0.09492532889989501,-0.17749007339935302,1.3917484456739024,0.2733030068243934,-0.07777978974968007,1.0129765209145125,0.1640018001103781,0.019665318401475815,0.5064569917589721,-0.012469865953167887,-5.63339017552178e-08,-0.25436549907692263,-0.16761266703244007,0.8033229560426658,-0.3532357977098442,-0.10535305192881818,0.5814424005023247,0.09492528720810534,-0.05927563978877086,1.3861540624494346,0.2732322487927662,0.05827119463340663,0.9933222552482963,0.1640018370986769,0.09465635892921893,0.49734439788714346,-0.01246990368142999,-0.02734426754089525,-0.2472608537284466,-0.19569577241350603,0.8169197386887667,-0.3507172785350678,-0.10632548555745136,0.6208015874980906,0.07775978787084464,-0.047690077489721976,1.3613876766499649,0.3036968931166138,0.07286969928037176,1.00998936094821,0.17859824410977201,0.1096887807250881,0.5149832618248431,-0.02818828385231158
334,True,3.3499999999998527,5.415212631578724,False,False,0.2663130068334958,False,91.11704200040549,-0.0,-0.2448726502809189,-0.1572651983416351,0.8209785219585627,-0.34906585039886573,0.08160788844385039,0.61779858458416,0.09726998661952593,-0.15609043416888604,1.3981950949692419,0.3040220422799541,-0.0832601240718921,1.0184434167075638,0.16875326853363246,0.02535221241659911,0.5141736873878395,-0.012135999924459899,-5.468842570813259e-08,-0.2611000885393012,-0.16640808473605237,0.813973283796002,-0.3514859916887033,-0.1081150970315877,0.5941653688870495,0.0972699476185838,-0.06150473848402352,1.3852711589549591,0.2991469672280852,0.05607718018639174,0.992963775736769,0.16875328823724361,0.09388572726693414,0.5058527793601607,-0.012136032042258209,-0.026106349433411856,-0.2500073710458537,-0.189694350017376,0.8153087489822171,-0.3509831993358224,-0.10646043864567965,0.6138625372189224,0.08146114516445482,-0.05017254151964775,1.3673175337578236,0.3013451323008467,0.06996640802693747,1.0073135574630965,0.17587980597412978,0.1069005188799046,0.5118284824296467,-0.02504976282795463
335,True,3.3599999999998515,5.405776545000538,False,False,0.24640784702090177,False,91.10654098913074,-0.0,-0.24707562554182466,-0.13524232483066337,0.8125840601535512,-0.34906585039886556,0.080680187501641,0.6101097118536939,0.18751370679742296,-0.11783783141904239,1.424480520245755,0.3130980953450486,-0.06721821222278716,1.037088555639889,0.15449873092921002,0.03774317403630621,0.5336910132556285,0.005177802774509358,-5.221259443549675e-08,-0.27353097398657905,-0.14988167050012452,0.8013055042717818,-0.35282007823637723,-0.10277029798102706,0.5876277041232799,0.1875134946938004,-0.057829894407316264,1.3990659160480154,0.30503749923303713,0.06023710918742564,1.0038610499396523,0.1544987745423156,0.09926739887123524,0.5262193552992361,0.005177740565452553,-0.024516672854618504,-0.25359481861163374,-0.18370150153225792,0.8136626609691996,-0.35117677566472216,-0.10644280960104063,0.6084793590243746,0.09193491700795468,-0.05219416515771517,1.3735970694612218,0.30074688677393446,0.06766180726894146,1.0059766473826364,0.17301217518655035,0.10492482172493081,0.5115827953711626,-0.02092382341528687
336,True,3.3699999999998504,5.3967604121615524,False,False,0.25577562236088,False,92.07416698336601,-0.0,-0.2589005678940311,-0.1459416735605795,0.8208301326974318,-0.3490658503988656,0.07881144206349736,0.5944815409372549,0.14192509676412884,-0.12466126002602587,1.4223991053153306,0.32077667111479813,-0.09292225394500582,1.0158720177594593,0.20794466534046718,0.02560469397531998,0.5167638470720114,-0.015908863663958002,-4.903324764271577e-08,-0.2795711842116841,-0.15733144626799395,0.8121354467338004,-0.3518645851147886,-0.10492013920515479,0.5722717592337428,0.1419249967402152,-0.06337654440315514,1.4036386433324848,0.3144738141143777,0.051969156662872315,0.983086458032625,0.20794459555961697,0.09080724494272288,0.5088338346108839,-0.01590887365413032,-0.023015713707469566,-0.2580490392678389,-0.17832789403200028,0.8125519634599119,-0.35129665521606307,-0.10635241637049969,0.6029794367578459,0.10382928335505466,-0.05408181095856714,1.3801552462739313,0.30185705233611027,0.06539627022473157,1.0041546671162707,0.1740148590169272,0.10307597729452662,0.5120539599312308,-0.017856308971954973
337,True,3.3799999999998493,5.388055159426612,False,False,0.26813461222207124,False,92.71308302413672,-0.0,-0.2326597919990514,-0.1872659619121518,0.8152185820024114,-0.3490658503988656,0.09517378571400278,0.6166884361499458,0.12452133578600542,-0.07693171762035089,1.4504424441188992,0.27965616017226697,-0.10295016223742501,1.0204920654600658,0.26546705397431647,0.026530753410246466,0.533638751932633,-0.009699590319667675,-4.603133535452386e-08,-0.25521421865384986,-0.1996387505226599,0.8058797077672065,-0.351945003000181,-0.09160366431380322,0.5944269566292886,0.12452129429933638,-0.047165304790351435,1.4290383210148547,0.2727676849627318,0.06188090240521292,0.978583422920178,0.26546687183315526,0.099747393799489,0.5247184783541675,-0.009699608349337342,-0.021536210911087934,-0.26070561595299147,-0.17733615911356468,0.8116962742399824,-0.3513479154048444,-0.10532710886007389,0.5992223697744594,0.1117469052052848,-0.054725807142212826,1.3882359098897545,0.30067269152528436,0.06384310787177211,1.0012083312645939,0.183029902309935,0.10184285075458234,0.513295304674202,-0.015905672513125586
338,True,3.3899999999998482,5.378822471266662,False,False,0.2519394354269281,False,92.90854097343981,-0.0,-0.21892817558168273,-0.16702775885758095,0.8006026478736332,-0.34906585039886573,0.08572598739034207,0.6241707332501594,0.11855794059093769,-0.08469038277180416,1.4525303298680146,0.27996993970505374,-0.08047890680661335,1.0402032026419865,0.19707320724999633,0.034205844214049964,0.5563384106220475,-0.024780891306115427,-4.3072335677296625e-08,-0.24697831402051867,-0.18233047135259173,0.7892001259639425,-0.35240504246676935,-0.09184329089684695,0.6032561458718413,0.11855792704886087,-0.04685047278240587,1.4246389074950059,0.2713747640127716,0.06600931591417906,1.0022347785730672,0.19707317882981487,0.10550365850159679,0.5476428162573345,-0.02478087273322278,-0.02013025361817047,-0.26081580603705035,-0.1785152386516929,0.8094965250273523,-0.3514012747701474,-0.10353063850554996,0.5980533199921222,0.11597553649227124,-0.05417425428985468,1.3966723993691001,0.2970315781351847,0.06337885727939478,0.9997622588059631,0.1910329417040081,0.10170287680153291,0.517044564613422,-0.015522894210574753
339,True,3.399999999999847,5.3694402288076315,False,False,0.25031343764275343,False,89.66812497237697,-0.0,-0.21892817558168273,-0.16702775885758095,0.8006026478736332,-0.34906585039886573,0.08572598739034207,0.6241707332501594,0.11855794059093769,-0.08469038277180416,1.4525303298680146,0.27996993970505374,-0.08047890680661335,1.0402032026419865,0.19707320724999633,0.034205844214049964,0.5563384106220475,-0.024780891306115427,-4.026042672161667e-08,-0.24548814851140818,-0.18128017225282975,0.7891772790778346,-0.35253542073635985,-0.09165594312009606,0.6034304070277606,0.11855793542613982,-0.0475378788789793,1.4275865569881265,0.2721825559874998,0.06512121714295288,1.002666246423022,0.1970731954138827,0.10467238131417211,0.547731987573254,-0.024780873332448213,-0.01898904249941981,-0.25945295745856733,-0.17969947791082888,0.8063630319691593,-0.35147626221855577,-0.10159439614952241,0.5983863962517001,0.11799353226883953,-0.05323613865132742,1.4043327244651014,0.2928438610714194,0.06347734198631953,1.0000156147088886,0.19503910505453897,0.10215998215030232,0.5222766178754109,-0.016354346330795168
340,True,3.409999999999846,5.358175382700577,False,False,0.24925718426279453,False,89.47408403037116,-0.0,-0.20795459272674716,-0.25653506495514117,0.8038172607321223,-0.3490658503988657,0.08732668014165368,0.6711688382535831,0.12440389344378486,-0.1490478891020953,1.4624366395101414,0.22197032802652858,-0.050876754585683616,1.0720797061063294,0.18848606218056452,0.0654978070579071,0.5968746333481406,-0.044249558738727136,-3.7978009043149186e-08,-0.22195617367885642,-0.26387903134545704,0.7972119649789596,-0.3512267995534353,-0.11020759023444654,0.6481661906619712,0.12440388062308814,-0.06463161210797069,1.4538673881507727,0.21816387595504455,0.061204957184119335,1.045020985674705,0.18848607590280578,0.10729822668384696,0.591759178402403,-0.04424950404653456,-0.017649564199297987,-0.2557214059667521,-0.18712214939776095,0.8038518321607054,-0.3515194469042494,-0.10112523502840454,0.6027553557280254,0.11932057233955325,-0.05352786792881416,1.4129610680758442,0.2846877857627461,0.06355299950377798,1.0041986279280557,0.19633888280024062,0.10299897081235086,0.5309500593860157,-0.019125317800094566
341,True,3.419999999999845,5.346596619294495,False,False,0.19676749117115486,False,88.26049999333918,-0.0,-0.26383154598515046,-0.1870883245530399,0.8261043304050022,-0.3490658503988657,0.10668800528376343,0.6066965461799785,0.28879025178808265,-0.03083380933225377,1.2930624969808902,0.3251599277515097,0.0014319638555930075,1.0111656686183714,0.13531968133519345,0.059945132085526834,0.5275883800729388,-0.08134030505254895,-3.529905780175202e-08,-0.26383149349834917,-0.18708829986500816,0.8261043080752576,-0.34906584726922185,-0.045355190291056474,0.5889617789919683,0.2887899128494016,0.00731084629750238,1.297627201805027,0.32519857055749823,0.09629470334628976,0.9838575111443144,0.13523155952199833,0.12322831915652492,0.5198106440458907,-0.08134019114805689,-0.017265251500526345,-0.2537968209463193,-0.19342643470251714,0.8043901085794144,-0.3513744366206013,-0.09720762466134904,0.6053302428438594,0.1334257815020966,-0.04938285977361768,1.4101244290865844,0.28229537727559434,0.06607429901542589,1.0065929114710095,0.19196405504779343,0.10517290163722497,0.5362468842502273,-0.025973819398622266
342,True,3.429999999999844,5.339072379515842,False,False,0.2957224316768728,False,89.06770800240338,-0.0,-0.30076740383909484,-0.1837480680200223,0.7470680352178577,-0.3490658503988654,0.11268037087196041,0.6898966765840383,0.3883472135589458,-0.1996244924422162,1.2146560397436348,0.10571528695434738,-0.049711063059413335,0.960854362983972,0.06396822541155021,0.016377400205741008,0.5238364970651957,-0.08367892677609405,-3.453043393580879e-08,-0.3007672882858297,-0.18374807228652212,0.7470681629467585,-0.3490658503130597,-0.10184722744666641,0.6646624065946901,0.38834670371710134,-0.04491127241348971,1.2421631555336525,0.1090477859914151,0.04870309852185335,0.9256953232599443,0.05645015178199042,0.0873587044299414,0.5153160452448555,-0.08367880977730183,-0.017779153222873535,-0.25714421141195876,-0.19534837886843168,0.8011787266897361,-0.3510470082683656,-0.09399461604902498,0.6103225186235747,0.1651871273452241,-0.04523890158460263,1.3929091782090863,0.26969917206561017,0.0671030124557304,1.001370098964888,0.17761530086331953,0.10566322426167424,0.5364685093398349,-0.03527522329426702
343,True,3.4399999999998427,5.338615452285108,False,False,0.3028718861492392,False,92.3519580392167,-0.0,-0.3253041627781238,-0.21839783969160806,0.8092666853056015,-0.34906585039886573,0.09872918085764956,0.659789627405384,0.08062423148859434,-0.11203361534662043,1.0486516007802988,0.02558890696372776,-0.06887407740412388,0.8588823463971398,0.0007261228813061904,-0.015560687686675847,0.4870390837866724,-0.10826979704632389,-3.5558235324945064e-08,-0.3253040107240019,-0.2183977841914293,0.8092666773514454,-0.3490658515380042,-0.11784034260786724,0.565073706141508,0.09561641735618494,-0.039719454792181974,1.1319900998016914,0.026175159807146936,0.04914124877264264,0.858823800362156,-0.000569431164870321,0.0802715867706845,0.4687267415683979,-0.11138376775659634,-0.019669625783043685,-0.2656202177077043,-0.19773671889875832,0.7985824373555106,-0.35070312946011173,-0.09471952411500723,0.6114306258254398,0.18132658463776713,-0.043179737406573625,1.3611337489006827,0.23960638400225134,0.06564827509584067,0.9861990069482874,0.15339479746347445,0.10351963789284664,0.5307628476409637,-0.046748375326848536
344,True,3.4499999999998416,5.364840832483438,False,False,0.3712094445190099,False,90.45991697348654,-0.0,-0.29587497106601524,-0.1634565859885393,0.664081650628289,-0.34906585039886584,0.074655140619471,0.5270522863839595,0.05885275287789703,-0.12500261726104872,0.758164272332832,0.008422976348406969,-0.0751753988034014,0.7772911422257929,-0.05695636243006512,-0.05300372506039501,0.4344632698034154,-0.1295684847317984,-3.933917288451161e-08,-0.2958749105338418,-0.16345665453876307,0.6640819196380687,-0.3490658536707664,-0.14682781065577588,0.3798803191761052,0.05329597231090141,-0.044330746474959284,0.9195479101673545,0.013666795020476602,0.04881054823799988,0.7438667890245622,-0.0656037683370522,0.07845011758150608,0.41201280777698124,-0.14063850059101635,-0.02367692843471652,-0.2737906914966961,-0.19714113748547255,0.7875833874948612,-0.3503725474911724,-0.09982055635396161,0.5928932296561157,0.17479298272956267,-0.0422942860565707,1.3064043796708373,0.20187565398786725,0.06329666559619569,0.9572312389329724,0.12073202495024242,0.10006920675165704,0.5170690395401614,-0.06112416978127827
345,True,3.4599999999998405,5.417183496187781,False,False,0.3421996440994153,False,78.31583300139755,-0.0,-0.26148940877152477,-0.16822155853949833,0.4677173350765944,-0.3490658503988659,0.045340861845518464,0.4806290707263266,0.017173690664271254,-0.018857003017159105,0.6469086163250709,0.1393510400348801,-0.05080237657669482,0.7232403283427314,-0.052251950952896205,-0.05360482333877655,0.4401995627996838,-0.1401105718950934,-4.7353762158003354e-08,-0.2614894332933277,-0.16822161637333233,0.4677179748075863,-0.34906585301225485,-0.1656508523287516,0.34851824092580347,0.012854067798678925,-0.03173278776555529,0.8011607373689912,0.1465442520327604,0.04836822863313233,0.6888897606703939,-0.06248594999807848,0.07653844111417114,0.39062096706512284,-0.16429953403809938,-0.02830447272412387,-0.2769928568106532,-0.1937184420563909,0.7535373005852202,-0.3500429347114557,-0.10874430836078426,0.5587998421814446,0.15500218333492297,-0.041238173554933796,1.2310970974741144,0.17543461726869128,0.06080815817705529,0.9171997182935385,0.08620158018926333,0.09627253409510002,0.49789300754362176,-0.0779809497174601
346,True,3.4699999999998394,5.504233333082341,False,False,0.42990454887902313,True,79.71216598525643,-0.0,-0.22224387195802223,-0.13438002047766148,0.4408964208599872,-0.3490658503988659,0.06413370198540323,0.42991042783861044,0.01927740547090669,0.02517008683622839,0.5053306892424149,0.19875477193587948,-0.02522114134327273,0.6498944372508736,-0.021179483472678503,-0.061921541358981966,0.39128946533087827,-0.13874552068668294,-4.7353762158003354e-08,-0.2614894332933277,-0.16822161637333233,0.4677179748075863,-0.34906585301225485,-0.1656508523287516,0.34851824092580347,0.012854067798678925,-0.03173278776555529,0.8011607373689912,0.1465442520327604,0.04836822863313233,0.6888897606703939,-0.06248594999807848,0.07653844111417114,0.39062096706512284,-0.16429953403809938,-0.03156474425702274,-0.27670106442232134,-0.1898669168583395,0.7064072348048256,-0.3498067586192005,-0.11904477597176688,0.5209048407658837,0.13051720960817118,-0.03979688711021274,1.1510396141781045,0.16162667786093607,0.0585501086148058,0.8749738740994532,0.055010006788357754,0.09272560496546553,0.4778937859979141,-0.09479100922024182
347,True,3.4799999999998383,5.539974359627376,False,False,0.36196575385037943,False,78.34312500199303,-0.0,-0.425529495977443,-0.04342119798456266,0.5262961725620848,-0.3490658503988659,0.04914162204569035,0.366805683155706,0.08477268125766385,0.016671829757781875,0.39516351788492726,0.24991501441380506,-0.053040620816981326,0.6284585152307373,-0.047638658772182096,-0.07500894266010669,0.3736268401388097,-0.12358088556066592,-6.312936225855159e-08,-0.3873392058800793,-0.14603115782667514,0.5221261160725825,-0.34906585188067935,-0.17818490699879652,0.2473413078109319,0.08119332571735513,0.01792129483555316,0.49268747926837364,0.24991483787845103,0.07425160838189582,0.6347211488584492,-0.0476384543015871,0.08849850600958621,0.35043987463431936,-0.12860864467199765,-0.033539699828478896,-0.2848775686382112,-0.18454904660524876,0.6637694344399208,-0.34966586557168605,-0.1297252950674419,0.4778611320097232,0.1124014424125107,-0.034571507538348825,1.0647639633947323,0.16264551308972205,0.0585060019232887,0.8324267112048394,0.02997418548679181,0.09057255122925208,0.45669097384743806,-0.10680010270755369
348,True,3.4899999999998372,5.567746405208808,False,False,0.3375161489452097,False,80.49175003543496,-0.0,-0.42315392750029607,-0.03718966246804188,0.5155216364644833,-0.3490658503988659,0.058825837733209596,0.3430902190744642,0.07195101640405287,0.03349903248393253,0.330304163604118,0.2605945405308142,-0.04106385691706409,0.6019733411714229,-0.06767570000881122,-0.07322234111791728,0.3355509201705628,-0.11925182785935177,-6.707926548943366e-08,-0.38587786599878404,-0.13863575423016386,0.5108974831307974,-0.34906585159889386,-0.15548867471302813,0.2520340813440118,0.06934080707816996,0.03725813355248658,0.39974696437283797,0.26059434463796916,0.08398099055594754,0.5995464001130468,-0.06767550445746906,0.09263187552544985,0.3353239106256381,-0.11925180220785164,-0.0344034034707276,-0.30035234903859226,-0.17789470570477314,0.6290791342050569,-0.34959811643538746,-0.1381713385803821,0.43405825785346025,0.10062927499337744,-0.025032012504397648,0.9712839726221093,0.1743298812107872,0.061071087138226024,0.7898518563009692,0.009349596556892983,0.08994078086708186,0.43471014077931386,-0.113353623747053
349,True,3.499999999999836,5.608432815157864,False,False,0.3164429967015073,False,75.88579104049131,-0.0,-0.46212494582227526,-0.002630839129013976,0.5189670488241542,-0.3490658503988659,0.06076880100395244,0.3570118455114378,0.05727410011645791,0.055094980490291816,0.2910102757918637,0.2834470647313728,-0.017936957702486874,0.5725494036620514,-0.05423346664636748,-0.05441098431752483,0.312578256524346,-0.11278707956183938,-6.880666932745916e-08,-0.41216029320544595,-0.13897776630720263,0.5121044941619266,-0.34906585146339586,-0.13688630684018985,0.2927047103490858,0.05542291550272349,0.043074911254811145,0.3376271652657802,0.2834468464695575,0.0890979973357325,0.5725498378000623,-0.05423333949429957,0.09398560761532389,0.31225931684894814,-0.11278708025512986,-0.03397086662217838,-0.3190455403968111,-0.1712597351114501,0.6012770611951401,-0.349564465894741,-0.14250424239634885,0.3982492210200501,0.09115247195367684,-0.013610215345921155,0.8747626483837055,0.19111499179197192,0.06521807903854093,0.7487026501888684,-0.00680751354838316,0.09025719544620908,0.41259929767181525,-0.11613006393260093
350,True,3.509999999999835,5.654593491453766,False,False,0.29578680674632585,False,76.7041250364855,-0.0,-0.43950254886770845,-0.007358898432693389,0.5052427172146605,-0.3490658503988659,0.07961264610432653,0.2989361773615012,0.07378932941206835,0.06926911997943203,0.25377637246716445,0.30596478110904524,-0.019630215584348167,0.5379416781071056,-0.0718340932984933,-0.054243086418889315,0.2976169675044702,-0.11835444903487598,-6.794159734813121e-08,-0.39712855997389007,-0.12255652797577096,0.49893732862119083,-0.3490658513960949,-0.10252254082427581,0.25022801785117754,0.07246319464222432,0.05048938891581204,0.28756441598335136,0.30596455134213474,0.09418586064457338,0.5379421034755139,-0.07183396276512852,0.095383011816524,0.2971928049201305,-0.11835444298194397,-0.032687008570710205,-0.33676116832211145,-0.16417948542270663,0.5784686948589465,-0.3495437807399055,-0.14141814709248826,0.3681295303882779,0.08453749932638394,-0.0019042349686329142,0.7768779296988283,0.21061067193230038,0.07015287534807452,0.7091403308187976,-0.020145119653506044,0.09109127966087821,0.3909180172860528,-0.11723591142028514
351,True,3.519999999999834,5.69547828621023,False,False,0.2585982277288138,False,78.15104094333947,-0.0,-0.42189978300258585,-0.002699160012660049,0.4997841972666239,-0.3490658503988659,0.08649567561780763,0.2442933514905452,0.10772260309892975,0.07540706219006225,0.21464003527475278,0.3195473677232312,-0.01884483621665664,0.5075096328023311,-0.07333820986126674,-0.04803778468056967,0.27089726483465276,-0.08980623278656684,-6.537388639454855e-08,-0.3707242607006473,-0.10957198621350825,0.5040789368065853,-0.3490658513547247,-0.06133447828810176,0.22092774720802175,0.10706291438038723,0.0499853616103005,0.22575182508175917,0.3195471499209276,0.0859513125628722,0.507411217291746,-0.07333810317715718,0.08856940963686463,0.2704285216924385,-0.08980628735460809,-0.030951004865873738,-0.34944168101351625,-0.15614289165444864,0.5601743081481991,-0.3495273701488371,-0.13378651934914162,0.33992108188794307,0.08318451096395033,0.008863596633082666,0.6786108427518095,0.23082364834410146,0.07446388786583003,0.671069901196696,-0.03159073312729102,0.09164159104428525,0.36922991958047235,-0.11554992449581637
352,True,3.529999999999833,5.7259078834205095,False,False,0.24199150261276212,False,83.81874999031425,-0.0,-0.4564919671695784,-0.029710418429971328,0.5587372047854761,-0.3490658503988659,0.0830008460727524,0.2527874351083701,0.12108982011818371,0.07192492905109828,0.22646364702253777,0.31489958286607084,-0.01943492474504327,0.5290757617393116,-0.07851942618695346,-0.04621817146729228,0.2817745623195497,-0.07652751139469145,-6.190188591922996e-08,-0.4150308290631644,-0.11642428542218808,0.5619239077337427,-0.34906585132190354,-0.06146975070329845,0.23640087469123972,0.12108974429949426,0.04732049636228199,0.22646455296612283,0.31489941485553535,0.0824264912931876,0.5240866137520692,-0.07851933215640405,0.0847965018804664,0.28124877912995566,-0.07652758910814364,-0.02820834877804325,-0.36102986194648656,-0.14866620821323717,0.5505978686751081,-0.34951272337469436,-0.12263074478575604,0.3158488681017032,0.08650430944656652,0.017833325282464778,0.586275619614635,0.2490324890941598,0.07747499533351129,0.638079940301138,-0.04143415296377641,0.09154423042240581,0.34986670105471807,-0.11083894071139998
353,True,3.5399999999998317,5.742553543956935,False,False,0.23223208729657083,False,83.71883298968896,-0.0,-0.456361222692691,-0.02647751910060308,0.5655918470180671,-0.3490658503988659,0.06753433681430523,0.2715301043318797,0.1491331642823232,0.06376641994316089,0.24561515278002652,0.3146394992665558,-0.02434559054514259,0.5317794041314255,-0.08561343045956095,-0.052288583789566266,0.27118101636720987,-0.06599329166097923,-5.641658471985944e-08,-0.41797331343839633,-0.10679074792552537,0.5683874832542302,-0.3490658512926101,-0.0695652212149575,0.2552970995775623,0.1491330390229187,0.03574892653159982,0.2456158350779324,0.31463936811996124,0.07254655473067564,0.5256650480691718,-0.08561334200950493,0.07705393223495566,0.27059648541027215,-0.06599338147238222,-0.024173098884049733,-0.37271517340443566,-0.14179139145280883,0.5483745831716512,-0.3494995551385135,-0.1117729771299055,0.29830264139836765,0.09405197755223624,0.024105092646222574,0.5081812214198115,0.26399253193539257,0.07881154713824168,0.6117407748907747,-0.05024922045888803,0.09046747394695025,0.3333068096863578,-0.104114486180857
354,True,3.5499999999998306,5.744150723306019,False,False,0.22392324433212585,False,83.74087500851601,-0.0,-0.4636397515279772,-0.03231354873638138,0.6005844278018476,-0.3490658503988659,0.07174369309855948,0.26613481770717473,0.16026118685644644,0.06505584153472424,0.2244596202870684,0.3212183782668084,-0.02279212431792441,0.5348393921652597,-0.08855426243744569,-0.050055410297817834,0.2603953214927599,-0.06298984274528935,-4.834610106696502e-08,-0.4305159795821491,-0.10146472331337122,0.6029421294299964,-0.34906585126627365,-0.06396257771513927,0.24983807339425212,0.16026105443856203,0.03766413305954879,0.2244601863789924,0.32121826368322265,0.07234485343439778,0.528550169385542,-0.0885541857938398,0.0753795340677523,0.25977423532182053,-0.06298992501021809,-0.01942945559418399,-0.3841487103309348,-0.13513902067068692,0.5523670895206902,-0.3494872781427436,-0.1021189568825909,0.285762235939784,0.1043871285482318,0.028241896888700966,0.44400286476627426,0.27638241765258753,0.07892055198147875,0.5914159527214632,-0.058131930797368864,0.08865820016099411,0.31854887660306236,-0.09672638789258652
355,True,3.5599999999998295,5.736128747735701,False,False,0.21643816470222466,False,82.03049999428913,-0.0,-0.4636397515279772,-0.03231354873638138,0.6005844278018476,-0.3490658503988659,0.07174369309855948,0.26613481770717473,0.16026118685644644,0.06505584153472424,0.2244596202870684,0.3212183782668084,-0.02279212431792441,0.5348393921652597,-0.08855426243744569,-0.050055410297817834,0.2603953214927599,-0.06298984274528935,-3.885883347390373e-08,-0.4342311941777994,-0.09350702110312581,0.6026945666668837,-0.3490658512417197,-0.06022604774296077,0.25010008696947195,0.1602610751101934,0.03685020560231185,0.22446005764166532,0.32121828838161653,0.07031601611346097,0.5287170348209523,-0.08855420144226904,0.07264666994051708,0.2597398881395046,-0.06298991021381964,-0.014508076165684131,-0.39485923548301166,-0.12847751183962633,0.5597631980917135,-0.3494763072770431,-0.09356135332159199,0.27654854672547485,0.11507065519082939,0.03101216934890634,0.392123660257589,0.2865334648284659,0.07831912507074956,0.5760086337652965,-0.06482910731851182,0.08645546675495695,0.30579463156367587,-0.0898365389725371
356,True,3.5699999999998284,5.727108292627833,False,False,0.21422253181794004,False,81.51870797155425,-0.0,-0.42085928085938473,-0.008508612890272514,0.5400682709124258,-0.3490658503988659,0.0769727118866738,0.21790901476466626,0.16977401145831428,0.06715541472883577,0.18717624271413444,0.3359164520202179,-0.02598396339251545,0.5014692019195891,-0.08472682407659107,-0.05443823520019554,0.2437275593372052,-0.06117417206745126,-2.901609429811769e-08,-0.3929847958778231,-0.06634691381325637,0.5421247135470667,-0.349065851219778,-0.04689025772911417,0.2173552545223361,0.16977390205964352,0.0440708161846316,0.18717665101429132,0.3359163529962072,0.07259440231163289,0.49509316942274195,-0.08472678408960248,0.07256845966365424,0.243007061312072,-0.06117422952556997,-0.010214299333487392,-0.4008981141590049,-0.12013950855414383,0.562997159868224,-0.34946717500222585,-0.08529022760330007,0.26722848863502185,0.12540884854948023,0.033380282397853074,0.34840753763339627,0.29577386263533145,0.07755463877021472,0.5618159462196899,-0.06993511345937625,0.08420059334821776,0.29400036544751457,-0.08382097230375823
357,True,3.5799999999998273,5.718453315529645,False,False,0.2092697373281476,False,80.78208402730525,-0.0,-0.386940038851086,-0.015713287943406064,0.5003369826878946,-0.3490658503988659,0.07905505082637251,0.20672561274051376,0.17707686094681846,0.06999835878412002,0.20647025645662945,0.34778535386755766,-0.029067873067056285,0.5188281216773366,-0.08125215571587156,-0.05736431856500626,0.26466440551410975,-0.06812205090679767,-2.042855781238251e-08,-0.3712136673174493,-0.04857323276565835,0.5015281106852029,-0.3490658512015135,-0.04422324467969357,0.206725734043721,0.17707675760079591,0.04384346330018305,0.2064705385146565,0.34778524945364014,0.07156738161823714,0.5110037878405151,-0.08125213283639053,0.07067809244737004,0.2642656123974683,-0.06812208226276964,-0.006446809715477215,-0.40108482190853273,-0.10965751991624022,0.5586915683955489,-0.3494594219065401,-0.07736374172931246,0.256883974918976,0.13534707670265805,0.0355659586615165,0.3131435915615063,0.3050543207599702,0.07681440516496277,0.5496807190476555,-0.07339239709644015,0.08203381495325106,0.2849668713037893,-0.07936150782852472
358,True,3.589999999999826,5.709757019749943,False,False,0.20398197438842763,False,80.43291699141264,-0.0,-0.386940038851086,-0.015713287943406064,0.5003369826878946,-0.3490658503988659,0.07905505082637251,0.20672561274051376,0.17707686094681846,0.06999835878412002,0.20647025645662945,0.34778535386755766,-0.029067873067056285,0.5188281216773366,-0.08125215571587156,-0.05736431856500626,0.26466440551410975,-0.06812205090679767,-1.2893593643280299e-08,-0.3745288278720129,-0.04215801157608018,0.5012889211870163,-0.34906585118600736,-0.03967104535921738,0.20580507866952055,0.17707677748826958,0.04433129351491959,0.1985117925289243,0.34778526770176194,0.07027275289068663,0.5044131512785938,-0.08125213942960494,0.06856129046950882,0.26604247969570777,-0.06812207333848933,-0.003164765030601396,-0.39828566101974444,-0.09829439768477327,0.5502709088318157,-0.3494520607176954,-0.07002537484247298,0.2468159852125328,0.14422368022525228,0.037462075978810766,0.2855851204779854,0.3137311457243988,0.07603343953617762,0.5398934842672256,-0.07564540687861519,0.07991703938209982,0.27906261067573085,-0.07632607580319475
359,True,3.599999999999825,5.7028334346248695,False,False,0.18961822951151105,False,80.42612503049895,-0.0,-0.3901046093937552,-0.04870459650796967,0.5327870455585673,-0.3490658503988659,0.07868394205532074,0.23773960965928642,0.15785652799298616,0.0762779790195406,0.2216105596923636,0.35516177745586125,-0.01261242815236311,0.5385829959352229,-0.0713337159298113,-0.050218177967762234,0.2778852515767501,-0.06882678603854578,-6.329517401523765e-09,-0.39010462581199395,-0.04870469568654772,0.5327870805261948,-0.34906585117128497,-0.03386247388701709,0.23692076559852693,0.15785650072809815,0.04942888106111938,0.21437846397836602,0.3551616944617963,0.07301594809784212,0.5202352573355754,-0.07133372437763863,0.07159645653581359,0.28050554472722866,-0.06882680090516828,-0.00016791150947174477,-0.3959641791967429,-0.08812584056920478,0.5436427657391751,-0.349444143545885,-0.06315641961870787,0.2403871818172515,0.15008183582576368,0.03941392630452178,0.2653319090628402,0.32173157242260186,0.07547581448964757,0.5331681959505151,-0.0764526470265067,0.07820856268566537,0.2762668157950439,-0.07427558489571223
360,True,3.609999999999824,5.695878657709335,False,False,0.1790913320151455,False,79.2519579990767,-0.0,-0.40441938622507423,-0.02260243450022049,0.5262119156902997,-0.3490658503988659,0.06925484685994707,0.25606680376004065,0.14793382457337545,0.0818623024178587,0.2065666431759176,0.35979656725454157,-0.011292053614096385,0.5262862238884651,-0.053402949605333844,-0.04764226987351978,0.25693722849283657,-0.05318110222981329,-3.358223472796438e-10,-0.39786827647757267,-0.037246024567294096,0.5267193164139742,-0.3490658511554507,-0.03351836742476772,0.25176360697598643,0.14793382886762255,0.04613781828639066,0.20199869622306527,0.35979649134740427,0.06902890462710091,0.5091851820537182,-0.05340299601555411,0.06719791530850565,0.25938056605057447,-0.05318114458059231,0.0022871341603877917,-0.395219090186707,-0.07896041141328441,0.5392783434228128,-0.34943637891739776,-0.057002920399385426,0.23843297816761708,0.15257147696884982,0.041128230954785,0.2501026726474264,0.32919104137701677,0.07488415301999884,0.5282261133926658,-0.0748137328543991,0.07664564929488625,0.27400396882076955,-0.07163774277496683
361,True,3.619999999999823,5.6861155160042545,False,False,0.1692698326025975,False,92.93862502090633,-0.0,-0.40159756668253926,-0.05091487113171016,0.5270585203205594,-0.3490658503988659,0.0574054340393403,0.25960663698456793,0.1537466152251035,0.07556766978784821,0.21755063990959342,0.364565234895843,-0.017847922860894285,0.528474079828369,-0.04558314111021687,-0.04532715895516688,0.2762837538954532,-0.05393996038238163,4.574259172829276e-09,-0.40159755333996733,-0.050914927113056056,0.5270585447563888,-0.34906585113992145,-0.03622910562834558,0.258995332268684,0.15374661280998939,0.0408883730691101,0.21190559320915756,0.3645651641261625,0.06419849026179314,0.5123196861649056,-0.04558319958095819,0.06261806059418065,0.2785655469221324,-0.05393999573156965,0.004182469762426279,-0.3957252939137402,-0.07186545346149133,0.5361525631396334,-0.3494290864665563,-0.052026931464523876,0.23964302619205452,0.153455396480216,0.042052431347480886,0.23901045627615974,0.3361176870107433,0.07384124842863644,0.5244266276637876,-0.07106323961771062,0.07481355467270508,0.27285454169867074,-0.06853643692388578
362,True,3.629999999999822,5.663957603269354,False,False,0.17202395404720044,False,92.14600000996143,-0.0,-0.4109651783717684,-0.00042373650277741093,0.49661632887621326,-0.3490658503988659,0.060266769072010284,0.27282986603895715,0.1396952298651517,0.08224498224434441,0.22586678721399261,0.3702110033961828,-0.015718313870237005,0.5281340976918449,-0.015748220923841483,-0.04715524435342679,0.2754497846301041,-0.06056409174614703,8.364922795232876e-09,-0.3997277019202233,-0.026339320197664322,0.49750168425556646,-0.34906585112533656,-0.030976181740077414,0.2722651393294383,0.13969525738605174,0.0444132454096519,0.2204926106434965,0.3702109350975775,0.06541104532102102,0.5118603604534863,-0.0157483313928041,0.06309751097020189,0.2777658111387789,-0.060564107561621616,0.005501671243780833,-0.39667028601896176,-0.06508116275442812,0.5315897070952296,-0.3494225236128145,-0.04782654974982368,0.24333221159682497,0.15275079275243766,0.0425915947747918,0.23194575916676954,0.34264513377535766,0.07262234348130314,0.5216080479547507,-0.06424630768997432,0.072931611684308,0.27294286105468807,-0.06616205885127291
363,True,3.6399999999998207,5.636905842467627,False,False,0.16900840951142398,False,92.59637497598305,-0.0,-0.35811610526326815,-0.003863644584243103,0.46561321367236763,-0.3490658503988659,0.06945595822776077,0.22971266930040632,0.15136828166885888,0.09162688376092842,0.1702843546040368,0.382870588578246,-0.00785076227771153,0.49356146693388175,0.001692355605325855,-0.04446795231251892,0.25227094798094374,-0.05010695613973772,1.1003320481324519e-08,-0.3581161823597705,-0.003863767027273285,0.46561334562536805,-0.3490658511122109,-0.021442125798549955,0.22916348792553987,0.15136828443198797,0.050072259672827135,0.16451192380939372,0.3828705081533803,0.07167352281276422,0.48321395210240803,0.0016922236954173692,0.06555257408827314,0.25456708679480106,-0.05010698824769691,0.005660986378152051,-0.3944746241008187,-0.05655597144109942,0.5232770552459618,-0.34941590745157397,-0.043521046978187594,0.24486756584901634,0.15194048533018703,0.04343391076353243,0.2234217435033902,0.3495156638604363,0.07192933112661012,0.5172921986822256,-0.05444396254829533,0.0714245626827991,0.2717561510654683,-0.06377939838424065
364,True,3.6499999999998196,5.614513976054732,False,False,0.16316184268883469,False,92.90245902957395,-0.0,-0.3654709509117092,-0.04030429813944733,0.4900971927517692,-0.3490658503988659,0.05906408753832066,0.22669454952513304,0.16297615818460182,0.08333777471057432,0.16809053029080584,0.38783128448593795,-0.016693718490857573,0.5009562663917387,0.0090824671389526,-0.04489051540091083,0.2832917363891307,-0.07066708597146466,1.1321950112684609e-08,-0.3654710087134003,-0.040304330570535854,0.4900972591089956,-0.3490658510989786,-0.02725798328735448,0.2266623127206082,0.16297613610091266,0.040743627276897156,0.16230432970380423,0.3878312077861014,0.06378852805597102,0.49127971895252165,0.009082340142054675,0.05877678256441626,0.2854384079768011,-0.0706670722714533,0.0051559015302863895,-0.3902609283035776,-0.05024042782926246,0.5151186415093113,-0.34940887893361566,-0.03972502453955843,0.24356830828445683,0.15248497942385328,0.043924299835506456,0.21302274138414656,0.35661000981174257,0.07120383272487073,0.5124296740164529,-0.04332955637612841,0.06984732335778326,0.27167311362086244,-0.06282511445517709
365,True,3.6599999999998185,5.5957178754297505,False,False,0.16039502758341478,False,88.79362500738353,-0.0,-0.3176317731599197,-0.04380367607011428,0.45811732782939846,-0.3490658503988659,0.07052121763663252,0.1996141058906507,0.1926134652516942,0.07964813900558727,0.16280727270262937,0.3988097820243128,-0.015869972557704646,0.4889877264738938,0.030088094166802172,-0.037292764473698184,0.27849525551201076,-0.07595386391124782,1.031178243748182e-08,-0.3176319186997388,-0.043803689037391055,0.4581174418347874,-0.3490658510849216,-0.020981944959298886,0.199630822728502,0.19261338501020323,0.044978066075734936,0.15675762814624017,0.3988096977640861,0.06602111599983339,0.48005658998779316,0.030087947193063777,0.05927486731090775,0.28047024415119715,-0.07595383758254931,0.004304936932434708,-0.3822638166668967,-0.047261641075994544,0.5063904883483992,-0.3494016409095541,-0.03632671116220617,0.23906896157832463,0.15627096222035708,0.04413271838948105,0.20251885794455113,0.36400452456979177,0.07044570554856762,0.5073665248527343,-0.031043601005871193,0.06820383459704522,0.2728368576781194,-0.0637249735740802
366,True,3.6699999999998174,5.578928262314646,False,False,0.15946114088459665,False,87.69900002516806,-0.0,-0.29549223302163097,-0.025946588260163498,0.42792796828545904,-0.3490658503988659,0.0729872549578449,0.21104169606496465,0.18218183326745338,0.08941467920734215,0.1685277834995393,0.40904336057774415,-0.01597744838430904,0.48134671264208484,0.054867022576965775,-0.03345375481347978,0.28431201393619376,-0.08407675416288275,8.609856645344638e-09,-0.2954924065895167,-0.025946630894295362,0.42792812521031237,-0.3490658510704456,-0.014630642368289506,0.21109655911746275,0.18218178143598038,0.050258235460779184,0.16281524624309215,0.40904327070526547,0.06916004791940865,0.4727318164996593,0.054866850479620186,0.06066796602847983,0.2862062934469319,-0.08407671351963444,0.0033117263366325617,-0.3700908674324636,-0.04479616204289505,0.4948428501640047,-0.34939476095104033,-0.0327767536292568,0.2336275031786837,0.16122565952539442,0.04469581622937219,0.19342216752526573,0.3718692752897362,0.07004451085099798,0.5018285105094347,-0.016953582242629838,0.0668416302968966,0.2746495632315148,-0.06610386433066161
367,True,3.6799999999998163,5.56242046832764,False,False,0.16784340405200998,False,89.63029098231345,-0.0,-0.2999790540705258,-0.0395082611679064,0.44477554502207,-0.3490658503988659,0.056272302950013724,0.2893515366133021,0.16192112568384318,0.08527084922306138,0.2397906200437492,0.4260314340282003,-0.02827129190822181,0.5382927575167796,0.07479914167512922,-0.04803411686624199,0.34192658085906025,-0.0924709760631968,6.623439426263478e-09,-0.2999791889742546,-0.03950827191557555,0.44477564516157436,-0.3490658510566857,-0.02898120244434488,0.2894369678794883,0.16192112430723507,0.037348432681106526,0.23430283134999205,0.42603133105459984,0.059049071281811756,0.532797634630326,0.07479895214600217,0.056432826223235845,0.3391401222745286,-0.09311767391856207,0.00320098213278197,-0.35715134594346176,-0.04322084353482823,0.48367753287342896,-0.3493877906653724,-0.030386309350464977,0.23486941243839776,0.16404234623291408,0.044687035146157725,0.19160557279475438,0.38068682902933576,0.06923773788287481,0.5009956105032668,-0.0013023364318956367,0.06551252801758792,0.2808734041734383,-0.06984681686667761
368,True,3.689999999999815,5.546165123792503,False,False,0.16377160188382223,False,89.87629099283367,-0.0,-0.27454028374770334,-0.031487881045343835,0.4249533078921185,-0.3490658503988659,0.06069903993333638,0.2840824768293322,0.14456215977884862,0.08548980613427565,0.24385343583684654,0.40971670688313494,-0.027998684232905354,0.5358302468084002,0.0657343422737628,-0.040546946152924944,0.3534839604619839,-0.09994964719910715,6.4019514607084604e-09,-0.2745404486176109,-0.03148790445533786,0.42495342533874036,-0.3490658510427451,-0.024336710681112032,0.2842026585135663,0.14456219871035603,0.04070553299930091,0.2384003880108624,0.40971664894594534,0.06086458720285476,0.5331333099847178,0.0657342079879575,0.05752567122253901,0.3478684038486821,-0.100924415407684,0.0034486356127536367,-0.34358896269853456,-0.04206156425951774,0.47306766556061347,-0.34938091725465537,-0.028950187725672684,0.241276065117657,0.16360661762051898,0.044228173519628385,0.1960252560426444,0.3882339972005629,0.06811268547339155,0.5044897050754765,0.013199910207776937,0.06425357624284778,0.2908712042384974,-0.07466766145687082
369,True,3.699999999999814,5.5315730493645185,False,False,0.15970192426795687,False,90.08895797887817,-0.0,-0.18843553697305382,-0.08974381772202675,0.39679320313870964,-0.3490658503988659,0.06328768070878049,0.3176388500414744,0.13037515949077552,0.06100791694554928,0.4118667910273905,0.37341280220243733,-0.027510292674481674,0.5780059461513584,0.07589564080504044,-0.008884144746256047,0.38342968443122283,-0.1267502336811773,6.897257431859316e-09,-0.1884358486497399,-0.08974372263545631,0.39679335569498003,-0.34906585102899834,-0.03737587816361687,0.31782394158656285,0.13037522603305568,0.03341931128344265,0.36595912229681604,0.37341283201950765,0.05563392101477904,0.6086656046850243,0.0837950984979065,0.058834419301061154,0.38473075340404894,-0.12675012939900254,0.004385272206292021,-0.32364494983706643,-0.04536416068390264,0.4608919200457361,-0.3493734808072008,-0.02881059733854506,0.2515300762601424,0.16014477557177986,0.04321326832251864,0.212473561375139,0.3909028117783905,0.06665881679466544,0.5151845188681999,0.026575979241330715,0.06331300581509425,0.3045039585622712,-0.08168488238121888
370,True,3.709999999999813,5.5156229433126605,False,False,0.23702166783645964,False,90.93170799314976,-0.0,-0.131568907397712,-0.15983935375313305,0.44663297297609267,-0.3471888163621458,0.05717142739701865,0.44420407600657213,0.09807701298073866,-0.010400243323204932,0.7356185486722641,0.19157739096756965,-0.06175735615545519,0.7081655318182702,0.0352886671923206,-0.009881072538962553,0.42890627103645795,-0.1378165044615681,8.770526872467488e-09,-0.13156929191731556,-0.1598391247365928,0.44663300149215934,-0.34718882073146595,-0.10830220293919476,0.44457275801200336,0.09807713707131595,-0.025650294385422732,0.6567312775726335,0.1926535254789703,0.05130202374247253,0.7666294688653572,0.03933978250861024,0.06835932110073926,0.430410613449701,-0.13781639205306795,0.007419838664046144,-0.29575770606450413,-0.05782599605958581,0.45225968392097665,-0.34927526765670774,-0.034956775377428265,0.2733132853830207,0.15271899861353253,0.037497637936004205,0.25925703798613114,0.3754997299897387,0.06472185472699675,0.5426931946736294,0.03504051013547471,0.06332977552492783,0.32308933345442026,-0.09061969225911722
371,True,3.719999999999812,5.494191525693134,False,False,0.627667140134561,False,100.58366600424051,-0.0,-0.26927601268687007,-0.2279720913992214,0.6811150719471084,-0.3490658503988659,0.0219784698172137,0.5697648245050057,0.055258300758379814,-0.1648807663672293,1.0836461294449882,0.05156853485585722,-0.11847352726633666,0.9353998041372766,-0.10961104602624516,-0.02046765339852925,0.5416093929341342,-0.19580489152096348,0.003709926751846896,-0.28251688705358824,-0.1428988737651738,0.5666871490839035,-0.34917055923720364,-0.12570066779408684,0.4218608806162867,0.10398874736289185,-0.04082807282985265,0.6247992113168543,0.20585314461023493,0.03508914846557902,0.7711975742065913,-0.028506459913041265,0.056877635668783594,0.4330600164687609,-0.14321218668627264,0.010414340388669332,-0.27743056606206096,-0.07378190101529976,0.4575514772065958,-0.3491866959649411,-0.047080067187645624,0.3003154420493925,0.1438056333548143,0.027008732407606807,0.3219170530473787,0.34879065586533614,0.06140120929553796,0.580415833100883,0.033590526094894824,0.06324395975200496,0.34339708133880886,-0.10014607810178063
372,True,3.729999999999811,5.465323975367783,False,False,0.2985423707545191,False,93.20708399172872,-0.0,-0.26927601268687007,-0.2279720913992214,0.6811150719471084,-0.3490658503988659,0.0219784698172137,0.5697648245050057,0.055258300758379814,-0.1648807663672293,1.0836461294449882,0.05156853485585722,-0.11847352726633666,0.9353998041372766,-0.10961104602624516,-0.02046765339852925,0.5416093929341342,-0.19580489152096348,2.0828639117273506e-08,-0.2692760276382015,-0.22797178274668584,0.681114624813256,-0.34906585064055656,-0.19001508584713067,0.5587102240508471,0.051746991869603146,-0.10047659817615857,1.011032440299092,0.030599241223179252,0.03335584715087388,0.9828727969092184,-0.09541152242662013,0.07269838340033688,0.5436116770665518,-0.19580470007483883,0.01369151290831537,-0.2699827218014058,-0.09531149666977853,0.4814186456030942,-0.34914997671598036,-0.06589632233657719,0.33609529473031413,0.13141332001871125,0.010607168413488676,0.3997016187442158,0.30734635062297694,0.057104602347773314,0.6344578264094316,0.020367805619654997,0.06384862350393479,0.3707580954159743,-0.11319105127265963
373,True,3.7399999999998097,5.435367059621604,False,False,0.5704214436269438,False,94.67162500368431,-0.0,-0.17936050339986495,-0.1118761434379791,0.7528979970891085,-0.3490658503988659,0.045148037577478047,0.5325466573946595,0.18636094567213207,-0.3331021057547874,1.4346939279164452,0.17859875505535366,-0.13654514210994662,1.1317331642798185,-0.17401568023693928,0.028657178924419078,0.5929723122247991,-0.24642428722824497,2.7382971050371463e-08,-0.17936068465226002,-0.11187611030795766,0.7528974541314669,-0.3490658505671182,-0.3586419731292798,0.6281969213316181,0.18636083578261095,-0.10769814831014915,1.1961099859574875,0.1495929209753057,0.04253298167270608,1.2108468748209567,-0.15234778159060125,0.10490495499464532,0.5948492799113216,-0.24642402073546793,0.016892988226276995,-0.2606158445953995,-0.11125003890865538,0.5197870997792597,-0.34917556378192305,-0.10045019145450927,0.3817989039090861,0.12755144127064325,-0.009400980891296538,0.49029276087916546,0.2674309052072344,0.05344930135042255,0.7102894994541767,-0.0031997726659516884,0.06763219257472647,0.4060682565914874,-0.13215683793515964
374,True,3.7499999999998086,5.4219469753710365,False,False,0.5469271095724868,False,98.02974999183789,-0.0,-0.17936050339986495,-0.1118761434379791,0.7528979970891085,-0.3490658503988659,0.045148037577478047,0.5325466573946595,0.18636094567213207,-0.3331021057547874,1.4346939279164452,0.17859875505535366,-0.13654514210994662,1.1317331642798185,-0.17401568023693928,0.028657178924419078,0.5929723122247991,-0.24642428722824497,3.3785908879618853e-08,-0.1793606659216041,-0.11187614218515875,0.7528975308682763,-0.3490658506182922,-0.35151123766551445,0.5890963019423333,0.18636082804882736,-0.12707258726259993,1.23041663401773,0.15381583464035053,0.06030123905806109,1.1865428703835945,-0.15652634600232992,0.13700554260487402,0.5948176921081292,-0.24642405874069667,0.01830454502804428,-0.2478550946246546,-0.1183983986155096,0.5624662606915545,-0.3491879028675451,-0.14383292788079372,0.42599210864405573,0.13285436306062753,-0.030537652541517607,0.5861424707988424,0.23780647758281956,0.052043017853963536,0.7964269153055353,-0.03058466156363284,0.07593743784433986,0.44245760335792284,-0.1532099110060112
375,True,3.7599999999998075,5.417287492763082,False,False,0.7673437343734854,False,97.47716702986509,-0.0,-0.18403572443281205,-0.11471181377415313,0.7834858683917459,-0.3490658503988658,0.037417636093359616,0.4785459527588861,0.2163034766837591,-0.4795896235207004,1.4898435571598445,0.12524390001355998,-0.15703993987020576,1.1289831020914574,-0.11759707660702767,0.027643281931781383,0.5186774908072981,-0.21841940463584883,0.009152290818530558,-0.21594547351954427,-0.11655510984702323,0.6729758435240061,-0.34912687675525766,-0.25871131840471145,0.4593175928991879,0.17457883648466754,-0.09848342289355705,0.9819776793311623,0.18406461449010034,0.05601718432910601,0.9734741543518229,-0.07409078204759571,0.09953421923643671,0.4817261954616832,-0.18581459268763428,0.015757578230118773,-0.23756358101839248,-0.12111661104794091,0.5959827175878192,-0.34915581655012534,-0.1790706371659326,0.4530382657730539,0.14044301597266162,-0.048461632776308425,0.6740756182834556,0.2185026342822372,0.052064378365963046,0.8611770672950682,-0.04960580402716981,0.08362485159104109,0.466231333872328,-0.1677624278260559
376,True,3.7699999999998064,5.460775362366682,False,False,0.575786881340657,False,82.24591700127348,-0.0,-0.1472046446729567,-0.11013540899557127,0.7517879488010643,-0.34906585039886573,0.0500876113941516,0.4408347213352547,0.21811151508959076,-0.273461765463132,1.4379752994646187,0.2677857100815067,-0.12413177941412283,1.0902470951072731,-0.1330887324743512,0.038240319104233284,0.45787877779569763,-0.2354768965809896,0.0078788048726061,-0.19238420299235087,-0.11562602094195659,0.6738851773919883,-0.3491108335644615,-0.2222878517582733,0.42813312889849575,0.1792771878716869,-0.10701949320237175,1.026767837405259,0.24324717842379454,0.05471041287966442,0.9845429106201377,-0.08693605428443256,0.0984267024811737,0.462002805234755,-0.2016195947731489,0.010344584859065446,-0.22906693932666403,-0.12187763729660499,0.6188318259798685,-0.349127499502901,-0.20066424286486365,0.46271280096250333,0.14800964660478563,-0.06253280264874633,0.749716461812875,0.21147154200381313,0.052459353300871744,0.9024551293608374,-0.060807468222860046,0.08872369373789539,0.47634255010972515,-0.17685034369952812
377,True,3.7799999999998053,5.500632324824921,False,False,0.5332898833964222,False,80.20424999995157,-0.0,-0.14458055728701444,-0.0990486428801973,0.7605858847478746,-0.34906585039886573,0.06827102148138116,0.4198506918506918,0.22016334461607726,-0.3033639324017615,1.4297730900115415,0.2809073627278807,-0.1206308276508505,1.0802700972874402,-0.1369060248205478,0.040835326536323505,0.45204030798315414,-0.24106249188209,2.0689128341078167e-08,-0.14458072949768982,-0.09904868828698277,0.7605856012497512,-0.3490658505221637,-0.2967946655569679,0.4198507778749702,0.22016320031435355,-0.09702000120067107,1.2418583135444052,0.2528072652096262,0.12102869272950115,1.1323330529875222,-0.12379974531427876,0.1461718171584948,0.4437746394984294,-0.24106236311849694,0.004769702401400263,-0.2179934142099803,-0.12072185413079732,0.6412797205915215,-0.34911384234193993,-0.21813631551568177,0.462399957142073,0.15806715491439355,-0.07291426167122185,0.8298183338641444,0.21308633066888533,0.057930436104872716,0.9409299182486243,-0.07112986016665043,0.09572634425335617,0.47772578309439145,-0.18637071012726494
378,True,3.789999999999804,5.556555471547097,False,False,0.5011129362657342,False,81.95912500377744,-0.0,-0.15732909340131246,-0.1171142693812475,0.7677649337128706,-0.3490658503988657,0.0653466153651227,0.4073061621284559,0.2506026178319438,-0.2888112225548796,1.4284375774895635,0.3126430330201949,-0.13816614065759036,1.066701941033833,-0.12242439797027044,0.04532348586621346,0.44383336143313545,-0.2408406558547835,9.539385724920135e-09,-0.15732921419821663,-0.11711427660808257,0.7677646807425508,-0.3490658504948494,-0.29507143568239685,0.40730627221166604,0.25060243276071636,-0.11903180431112176,1.2772777122721426,0.29100233504130335,0.1074854409827177,1.101409805788937,-0.11440739210948156,0.13130168381076068,0.4358040707995881,-0.24084054733990168,-0.0006266049892366577,-0.2062463115639353,-0.11961118807983079,0.6649146866316475,-0.3491066796452182,-0.23454197437405397,0.4566544875474488,0.17188804508931688,-0.08179944681823322,0.9136433398148953,0.22143327851479677,0.06646248292506668,0.9771338622715219,-0.08054406052472549,0.10345321887752706,0.47400761381350054,-0.19649068529685826
379,True,3.799999999999803,5.582423159094775,False,False,0.4488468042294226,False,79.63579200441018,-0.0,-0.14302985898777315,-0.11101895234340475,0.7628575817855009,-0.34906585039886584,0.07233901126354975,0.3990013473590601,0.258257160966501,-0.25366424385087094,1.4291220596192977,0.3145646742682942,-0.11143957149757938,1.0782855957951722,-0.15647035526060335,0.0510125748072717,0.44432036974137,-0.2476752937590209,-1.2532074720409542e-09,-0.1430299835907704,-0.11101896934928136,0.7628573859055859,-0.3490658504805242,-0.26832412412465834,0.39900146349973115,0.2582569882286147,-0.11670073249376486,1.3215438704711788,0.2996360417109163,0.10924218780596784,1.091108204969512,-0.15534376171751046,0.1278618184737786,0.43508923220737517,-0.2476751931634512,-0.006036865397916607,-0.19488521492537025,-0.11881069989248959,0.6862203754499195,-0.34910339155941883,-0.24660972424666724,0.4481827490904665,0.18735806743473338,-0.0896849821461,0.9943271881003286,0.23376507654388867,0.07496755323022014,1.0063727953084565,-0.09129375564721717,0.10981185866560822,0.4682095206152142,-0.20622895919600584
380,True,3.809999999999802,5.583269045907915,False,False,0.44492026645125354,False,83.06616701884195,-0.0,-0.1550963518304634,-0.11182062367930262,0.7667505119707599,-0.3490658503988658,0.06074480610968225,0.39771569752249564,0.2687956736733403,-0.2971053717697413,1.4252697276796218,0.3189529558891907,-0.1315792564262283,1.0719809149163964,-0.1475668728216659,0.04802659199066995,0.43664337782080925,-0.24626048013555774,-1.2073706646444082e-08,-0.15509643339725587,-0.11182063769563902,0.7667503509097836,-0.34906585047394795,-0.2823749538813084,0.39771579737220075,0.2687955107984536,-0.13591182639663058,1.3419994684446048,0.3078943637702626,0.07765952667443227,1.0592858721519762,-0.15233563318871293,0.10435661975979836,0.4299024111330997,-0.2462603934938177,-0.01132810353154218,-0.18536232625688046,-0.11804367719630719,0.7042451488241591,-0.34910224867426454,-0.255504547816676,0.4391475509028905,0.2027864696896616,-0.0976119135813532,1.0678482504510496,0.2473059985118644,0.08017772854284647,1.0265599862947843,-0.10263671642690761,0.11304319260595445,0.46178293951695565,-0.21483457004440304
381,True,3.819999999999801,5.578090700664872,False,False,0.4397341218252742,False,77.39774999208748,-0.0,-0.16477919245689124,-0.08059604347437727,0.7821093912972962,-0.3490658503988658,0.06486237018285271,0.3986879318754693,0.2690233876828429,-0.2952511656901275,1.4099284384147377,0.3321598506844054,-0.11969230886710705,1.06544897182333,-0.14699505416130906,0.04643120714550886,0.43281564439024406,-0.24047219259909522,-2.2656161750497783e-08,-0.16477923358285165,-0.08059611836972354,0.7821092355691166,-0.34906585047166216,-0.27078359568211624,0.3986880127448259,0.26902325520927184,-0.13267679166772467,1.3134849921175056,0.318921776602989,0.08257216182029695,1.0561234949313378,-0.14984284994811975,0.10760699286381677,0.4255765735040319,-0.24047214131988845,-0.016324139913359847,-0.17896519302467553,-0.11500901943739734,0.7201738332312275,-0.34910148034226,-0.2617054842051801,0.4309619691132377,0.21680304217757423,-0.10512863895534967,1.128683372420938,0.261014410222488,0.08256796630147331,1.0391641004720276,-0.11259261754906882,0.11399291832634441,0.4553029651973697,-0.22146484128345595
382,True,3.8299999999998,5.571379280816835,False,False,0.4263149012243462,False,77.66245800303295,-0.0,-0.1399706169106375,-0.1349583416054965,0.7822990411772649,-0.3490658503988658,0.07233356745261638,0.40435687524283265,0.24581603383378756,-0.25437288109621387,1.4159979301767136,0.3365633299242669,-0.11674310380762366,1.0515298411996363,-0.11558754416047974,0.048386935344421955,0.40814938433689735,-0.2204202947970851,-3.2648214527697395e-08,-0.13997069510017351,-0.1349583017935054,0.7822989169249585,-0.3490658504701255,-0.23864594043299983,0.40435692804320583,0.2458159758079203,-0.1150621752397558,1.2703053291757256,0.3396208329919874,0.08206388727615385,1.0925067753237774,-0.11558753823930742,0.10447494923676026,0.4015318721865279,-0.22042029684910117,-0.020576619199311932,-0.1730034349145806,-0.11434093394700114,0.7339859611370564,-0.3491004775140494,-0.2633114823866405,0.42460517389733776,0.22678620428856355,-0.11012636382841577,1.1729493127780157,0.27529660702984304,0.08363888869396327,1.0497314688266441,-0.11810370891707911,0.11375372327925792,0.44754662222359465,-0.2247581900166612
383,True,3.8399999999997987,5.560805093798943,False,False,0.41046283181516524,False,81.65329199982807,-0.0,-0.15269508448025826,-0.1355606062423698,0.8019583897029456,-0.3490658503988657,0.06631136661443372,0.4199353742076436,0.2489341406140686,-0.23763554852146562,1.4299365233416712,0.3328339175491921,-0.11382514372694152,1.0637244585705894,-0.11157887810626496,0.054864282366899594,0.41948617075884975,-0.2134614923738444,-4.1153156094680954e-08,-0.20858852715283438,-0.18633267015912836,0.7777189081429532,-0.35789307443206414,-0.22178504697210438,0.40958163972886896,0.24893409631828453,-0.10391190522010625,1.3079139303576732,0.33291886962190403,0.09289987589209787,1.063215112910053,-0.11157889095347082,0.11360811415596074,0.4125740749760711,-0.21346151496930763,-0.023580452701003615,-0.17210121884102542,-0.12066433746820225,0.7451026230596918,-0.34969972932821336,-0.26033705214442776,0.4203885911124498,0.23332274103027595,-0.11202854785608052,1.2064146864786494,0.2883398826715211,0.08483520559128545,1.0574556777369857,-0.11958750892053736,0.11353123743409829,0.44011196519871837,-0.22505428922688606
384,True,3.8499999999997976,5.550143501851914,False,False,0.4030890160784078,False,87.44737500092015,-0.0,-0.13742025672665248,-0.14589183791336116,0.7882480698897933,-0.34906585039886573,0.07718467297252524,0.4066144277203703,0.240167691492484,-0.22939278029786653,1.4204868934702244,0.3298626003640812,-0.097328218754661,1.0493266272389579,-0.12170057600300373,0.05116506661685241,0.39841315555273504,-0.22062656634353917,-4.716081107927761e-08,-0.19182225119814167,-0.18242572131263327,0.7817965710565852,-0.3483525596909369,-0.20870837878651988,0.3823506360622645,0.24016767780261045,-0.09626574470358021,1.2845753341794015,0.303553953678652,0.09104156576768142,1.0481598431497179,-0.12170057169134885,0.10949650961537587,0.39157537813654675,-0.22062657521499973,-0.025777609094500803,-0.17475444729653178,-0.13085147730502864,0.7538929204598931,-0.35012473470831385,-0.2540947357855486,0.4156287545918445,0.23714947989815602,-0.11143119287906252,1.2311602025061443,0.2967584763973141,0.08621149682638339,1.0609117619226516,-0.11984278622455462,0.11340304758684733,0.4324628636629598,-0.22440037645420285
385,True,3.8599999999997965,5.539658029897533,False,False,0.43430300330308647,False,86.35716699063778,-0.0,-0.1587844354097941,-0.13364466523482674,0.8007399899549634,-0.3490658503988658,0.061566755411719035,0.4152535088813717,0.24205697610638174,-0.3385685668475137,1.4253446332944903,0.27312602496486277,-0.11745113732604091,1.0589650835201674,-0.11945111952172419,0.04668272579560649,0.4176510357698403,-0.21087624657617982,-5.155511507981547e-08,-0.21058924716460548,-0.16768028883469005,0.7957581283823338,-0.34773937632594903,-0.23681561375155874,0.3903636773024196,0.24205696629140896,-0.12955790039580206,1.3057198721342007,0.24751328888643004,0.06742172851407902,1.0581748102520585,-0.11945112177921333,0.09399255228081793,0.4121337084210602,-0.21087627326643396,-0.027137480313706556,-0.17948159134399316,-0.14022909242140078,0.7618885187557327,-0.3500712273480904,-0.24872764792848862,0.4107565194240145,0.23923378386593397,-0.1120581048164093,1.2501538315832752,0.2968105233769853,0.08572450682281796,1.0623375993081627,-0.11985158757138806,0.11205797408539986,0.4263837538766519,-0.22296915528524855
386,True,3.8699999999997954,5.528335351183872,False,False,0.4469609360065685,False,84.35762504814193,-0.0,-0.14217074249351683,-0.13264496321020366,0.766262036979836,-0.3490658503988658,0.07960486084877363,0.39885532372631155,0.2388519463056275,-0.3607885265837711,1.4154070698151322,0.2586627514586226,-0.11184131760424369,1.0454153486149056,-0.12899014226931713,0.04377992227354752,0.4042467030752837,-0.21868849085142716,-5.4274852077929037e-08,-0.18976775681743072,-0.16420186655330693,0.7611394400360642,-0.3481497956966484,-0.22869344650469509,0.373640088100868,0.2388519470693011,-0.1270645609089649,1.3088230164473589,0.2363494169344465,0.06697968580043275,1.0449380787405873,-0.12899012388584857,0.09182875154436236,0.3986589204876163,-0.2186884995503508,-0.027812522992215427,-0.1836055641259814,-0.1473689599804633,0.7664593407362447,-0.34983995774253557,-0.24478047758809443,0.4054001059316233,0.24020629539085206,-0.11416396638883014,1.2655389182934533,0.2904398088272464,0.08361004494466094,1.0621493808167985,-0.12038623711244428,0.10959049198726967,0.4214043272502373,-0.22162517367465764
387,True,3.8799999999997943,5.516505692908606,False,False,0.4713525304593178,False,84.06779199140146,-0.0,-0.19215986192832446,-0.10666214031280041,0.8025032705708368,-0.3490658503988658,0.06341855761216975,0.38979553644956727,0.2711943088199392,-0.4229640694770822,1.3956985413403304,0.280220483487826,-0.13576524582057967,1.043126007018121,-0.11316718364104207,0.03974511237618108,0.4103621713889386,-0.2095646981150174,-5.5624934738179865e-08,-0.2357817505537089,-0.13651796398547195,0.7959382330231539,-0.34924396268016666,-0.22589419531285304,0.36662353263517644,0.2711942468440363,-0.12927460533276752,1.3224219422600236,0.262204614612613,0.06542293498602725,1.0429262761153568,-0.11316719800829343,0.09109851435232712,0.4043957946450568,-0.20956472225370135,-0.027874794823417787,-0.18982837769148786,-0.15054975641031712,0.770502907022812,-0.3496728057168773,-0.24137470293614277,0.3992414755681014,0.24304220035754803,-0.11671538234863967,1.2787125825073966,0.28380473988854366,0.08090923293081785,1.0606596807990494,-0.1202405620732325,0.10677709646302265,0.4173730539065333,-0.22006047418476607
388,True,3.889999999999793,5.504461584260378,False,False,0.4332226924963501,False,81.98391704354435,-0.0,-0.16654139037323049,-0.10408275998173602,0.8050903410281043,-0.3490658503988658,0.06995624450122621,0.3798409848224419,0.2734115601743886,-0.3629585544302821,1.407204563479972,0.2659511065668713,-0.11924825333940921,1.0462982449507179,-0.1152948401163249,0.036799507357475995,0.41463512304288996,-0.21390787214707402,-5.57494781519563e-08,-0.21899616506077257,-0.14464760692438877,0.7870081874959369,-0.35475691363673273,-0.22054715100506556,0.35706862827457425,0.27341149943579046,-0.1288103406981201,1.3240939367691857,0.2561357022059768,0.063342401832686,1.046167290613453,-0.1152948501145494,0.08979362641628744,0.4084796369378517,-0.2139078844710008,-0.02741808040486039,-0.19664604433301142,-0.1513450709955613,0.7744477255244885,-0.34995481949830015,-0.2380779404777297,0.3924465938639095,0.24770172574526478,-0.11920513404469875,1.2900763867923914,0.27836008271695517,0.07804705963549967,1.0589447338963265,-0.11944650398410495,0.10400061718705123,0.41472964822601033,-0.21858544027642657
389,True,3.899999999999792,5.492782668535791,False,False,0.45455441827824833,False,82.73279201239347,-0.0,-0.2015322556438794,-0.0783196270258933,0.8061523377112095,-0.34906585039886573,0.05845543238424314,0.4009544989811475,0.28118432604578975,-0.41552788831904364,1.3944155334701491,0.28383086568174837,-0.1318762425757041,1.0538084807014232,-0.1279300824759413,0.042798013664355664,0.4242327261077373,-0.2153822962403813,-5.483605113043577e-08,-0.24891295865115737,-0.11327830506775824,0.7925711293302462,-0.3527419397758643,-0.2192371972485428,0.37965195699982235,0.2811842590807231,-0.12981786227068612,1.3299744330503198,0.27127591683245683,0.06117344773039686,1.0536839424127837,-0.12793006559330491,0.0891659478362592,0.418844184373567,-0.21538230259566,-0.026479555957990248,-0.20460138112502543,-0.14893675513962878,0.7779913733482079,-0.35039753854316014,-0.2348960023443781,0.3875231774713142,0.2532187205235614,-0.12144171748381613,1.2998768671305754,0.27498940230853647,0.0751959843374196,1.0579911227354653,-0.11949435635539611,0.10145267163349082,0.4138445842586644,-0.21760872747489887
390,True,3.909999999999791,5.481443475049452,False,False,0.4379641234662794,False,81.71837503323331,-0.0,-0.1938960077913883,-0.08909246669465935,0.8129198688966449,-0.3490658503988658,0.06281673388981183,0.3857660821638589,0.27250873718142404,-0.3939876496340254,1.4014599637522291,0.28404010087190235,-0.1264387083332184,1.0468159902964904,-0.13845122772841795,0.03960701500469988,0.4039725102981255,-0.2278985672219138,-5.2959005989589025e-08,-0.2414646451156784,-0.12384496823846844,0.7970458914310268,-0.3539454774702239,-0.21490235199505564,0.36488492128081185,0.27250869860146787,-0.13053284569693088,1.334400826264821,0.2728374178166351,0.05900060577226812,1.0468054981075237,-0.13845119006413464,0.08494907841501972,0.3986951462189815,-0.22789854661125872,-0.025365097295459153,-0.21265448383688518,-0.14509131218300259,0.781515751025327,-0.35087241293372196,-0.2317401298184682,0.38366984176099933,0.25805845050682086,-0.1234079616230943,1.308442564543316,0.2735397278945757,0.07242093341230516,1.0572243213640486,-0.12115400338049347,0.09894119503072671,0.4126697006122553,-0.21789590972790224
391,True,3.91999999999979,5.470553136827506,False,False,0.4247890200999989,False,83.38383299997076,-0.0,-0.191441823789699,-0.08669216904969379,0.8046264264901418,-0.3490658503988658,0.06426796002333966,0.3812005083246453,0.25511206635189915,-0.38157668307288506,1.3580287728616272,0.3267811095119968,-0.1267114131862291,1.0346791023769502,-0.12935749798875112,0.032824452322305506,0.381042927398959,-0.21918387535076012,-5.073009312975274e-08,-0.22629984968606273,-0.11287090788925762,0.7895122707041218,-0.3545034023195246,-0.2075983138402384,0.35605134106346364,0.25511207224465565,-0.1246272707467545,1.3157154974814957,0.3216663299850281,0.0566610646023059,1.03457673013278,-0.1293574785642853,0.08023710445229959,0.3755169255576115,-0.2191838731736808,-0.024385958721195238,-0.2183411448811328,-0.14065837501023698,0.7841803938407444,-0.3513985599036468,-0.22823612297216223,0.379464312714567,0.26043664840703884,-0.12460382589353149,1.3142176107005121,0.2768739215761593,0.06972864980448365,1.0554329984946238,-0.12295355465378509,0.09620841229484682,0.4089675026487268,-0.21840520006683178
392,True,3.9299999999997888,5.459918449772049,False,False,0.40551481334485195,False,81.32970798760653,-0.0,-0.17328365012477143,-0.0940365268575657,0.8197170762902586,-0.34906585039886584,0.0642123687302525,0.3942718948539275,0.24147880424107782,-0.34895220594224297,1.3937918388769839,0.2987461133028073,-0.11985310574434545,1.0506117561393076,-0.11520689300318844,0.041024413733002064,0.39453734919874034,-0.2170741762596753,-4.877181989521029e-08,-0.222314666735922,-0.1317294303220324,0.795184626200276,-0.35846846962583295,-0.20936361174140597,0.3694220948129354,0.2414788421566903,-0.1287487551718637,1.3307378681853805,0.2945853363451718,0.05457895951117206,1.0505041727118951,-0.11520690893531162,0.08021366694151383,0.38997021386477815,-0.21707417886897357,-0.023266714581615958,-0.22148825802930255,-0.1375412451888459,0.7863470503267225,-0.35221725923725733,-0.22483180577975398,0.376303025271255,0.25982192573399165,-0.12543675791964576,1.318645203024913,0.2814732966935901,0.0671323200788786,1.0541270728374144,-0.12322676349807432,0.09351282430646389,0.404873452860206,-0.2185392413273599
393,True,3.9399999999997877,5.449529041678981,False,False,0.42655484392868026,False,81.5194160095416,-0.0,-0.18474749412122762,-0.08549376824932756,0.8102279464809342,-0.3490658503988658,0.0737398976183686,0.37026089760753594,0.24364433596915358,-0.386106396108382,1.3740022509466203,0.310330607956069,-0.12420317251771303,1.0297154667111503,-0.11909914713952535,0.039315454314205245,0.3850388553771911,-0.21930294159241412,-4.6533336094112254e-08,-0.22664350478585304,-0.11756996500254675,0.7887490501901219,-0.3573780156872158,-0.20341502966315975,0.34533112427289453,0.2436443683242684,-0.1280449558791337,1.3304982419289404,0.30706825803121873,0.0525319005874312,1.0295464017327831,-0.11909915542803508,0.07731841924877943,0.3806110200646304,-0.21930294004729628,-0.022192237843052177,-0.22339861487081777,-0.1349276961822042,0.7877939642298191,-0.3531187260161045,-0.22146865505597876,0.3725737898774936,0.25772727813771007,-0.12612604196707933,1.3225416995958459,0.28596919954135247,0.06463310797689453,1.052182502875271,-0.12263516554953166,0.09091110908799037,0.4009048114486576,-0.218567296290095
394,True,3.9499999999997866,5.439486428979227,False,False,0.45930611572372954,False,81.48975000949576,-0.0,-0.1809052456800077,-0.05986887676040092,0.7745789632092643,-0.34906585039886573,0.07031511109060663,0.34322137812330755,0.28372720287400544,-0.43982650206196805,1.3534547581220169,0.29025691005452503,-0.13818858949349683,1.0144383655937106,-0.09117435964850003,0.027381412833184925,0.3826101055945846,-0.2024618682401001,-4.4384386912316165e-08,-0.2234126301875358,-0.09299716446311548,0.7512207871592385,-0.35835438303016975,-0.21362393327442322,0.3165743216334953,0.2837271508742599,-0.14467394907447825,1.3249650945626772,0.288436370845119,0.05105522536098563,1.0142721426362986,-0.09117442196058351,0.07554468876250672,0.37700083386486594,-0.20246190046069037,-0.021334262803083915,-0.22446894680541932,-0.13035813191745738,0.7856872799275225,-0.35397050076715675,-0.2190287157938477,0.3658606120141279,0.25846139504585003,-0.12793817056473752,1.325357039309659,0.28891683880554603,0.06226641310914719,1.048238969753411,-0.11970389448707547,0.08839528806831849,0.39678662433058337,-0.21735154205138532
395,True,3.9599999999997855,5.4298580684787785,False,False,0.4944913137067799,False,81.67620800668374,-0.0,-0.2099056395462708,-0.05165044435002895,0.7778329126321367,-0.3490658503988658,0.06003973156761954,0.3234487450280408,0.30393636489305104,-0.5032335736216418,1.3553677831247286,0.2640896126766611,-0.14964947573375717,1.0025108275537895,-0.10690324448096065,0.017929164336007587,0.36762559080481344,-0.2062476028720782,-4.2668440270593466e-08,-0.24290267842508634,-0.07795094064645558,0.7579700217713575,-0.3572052720742639,-0.23456587208860605,0.31777046949268556,0.30393627394329326,-0.16943532506758913,1.3210182335269978,0.2640896595540693,0.049906593446297554,1.0023207223650252,-0.10690326830855454,0.07262234367930233,0.3612630075717132,-0.20624762508008032,-0.02063690404223671,-0.2264793653792095,-0.12339525310376026,0.7815107403025541,-0.35465096779564,-0.21912195892784933,0.3576480348696727,0.26333760736355444,-0.13256274119366526,1.3269123290873628,0.28833578422299316,0.060081044047647095,1.0424417301500066,-0.11632963419037731,0.0859133590109837,0.3917423704952676,-0.21545117867374455
396,True,3.9699999999997844,5.420595332122998,False,False,0.4614025239080278,False,82.29066600324586,-0.0,-0.1920114169115932,-0.10181784916364389,0.7936921837920874,-0.34906585039886573,0.06858566622064555,0.3258786922125969,0.2991796181207148,-0.45704250908150745,1.3662970823213147,0.2673397585239217,-0.14157177211080432,1.0053147860998022,-0.10799543646090377,0.027647119133826503,0.3624028761976829,-0.20618214287386485,-4.127372553452968e-08,-0.2238222766095421,-0.12498960967555856,0.7772299621281398,-0.3554645277730658,-0.2187977529419324,0.30207946404532,0.29917954643683664,-0.15773772146224657,1.342350931948862,0.2637379698302582,0.047774591976130855,1.0051643552625151,-0.10799545032417637,0.07041840421006121,0.35743808387109643,-0.20618216141218723,-0.019901558543692372,-0.22796433895857401,-0.1192661844302577,0.7787246097889089,-0.35501494314223997,-0.21988518029521434,0.3486336130992444,0.2697229740182258,-0.13785666280245978,1.3292067382357176,0.285440510773118,0.05801674949514171,1.036298241833317,-0.11388277313364616,0.08345281817488664,0.3860138552413403,-0.21363860241968802
397,True,3.9799999999997833,5.411474339273451,False,False,0.5021969582629257,False,81.19212498422712,-0.0,-0.2037822638734586,-0.045478210620606245,0.7827796751562313,-0.3490658503988658,0.06296977974694869,0.3069561394798284,0.3148756923993571,-0.5159079108952677,1.372569161917666,0.22655503006381109,-0.15530742785423488,1.010624231670622,-0.10569189985654269,0.020472883857268184,0.37442892653655735,-0.20444834012913632,-3.9803037477081915e-08,-0.24516959103122127,-0.07825803648653991,0.7572039295754623,-0.35953610932768565,-0.23237960303623614,0.3044274712692539,0.3148756020941009,-0.17442305554661902,1.3329724965055485,0.2265551449006564,0.0464154304653226,1.0104467342352876,-0.1056919146533244,0.07054692427121548,0.368631948315597,-0.2044483585097434,-0.019100120828077893,-0.22998081405185494,-0.11499769875011392,0.7760189419886986,-0.3554560940006639,-0.22127341820797236,0.33989421484690263,0.27700693130207305,-0.14366116559099845,1.331674022297427,0.27901931720760265,0.05605341636319932,1.031199335774012,-0.11197595835310621,0.08120252640475253,0.3813693653949613,-0.21195433356886884
398,True,3.989999999999782,5.402619890577803,False,False,0.4875679854784368,False,80.43329196516424,-0.0,-0.19124714536366957,-0.03617678897757053,0.7504907485563379,-0.34906585039886573,0.06764314300363558,0.2987633414105703,0.3144939069951852,-0.49908198525727065,1.3450772983780845,0.27770902166942246,-0.1521689413943912,0.9951787223580515,-0.11480979096223874,0.01667820130791027,0.3635779686128809,-0.210809104367695,-3.820016524977432e-08,-0.22816194710431775,-0.06536494028431324,0.7276807574456564,-0.358328854943,-0.23145249015979896,0.28252914930666656,0.31449383202138376,-0.17798699486301983,1.319913973436299,0.2777090327802988,0.04478929890248945,0.9949958632299366,-0.11480978888700072,0.06783813085316281,0.3576671350767922,-0.21080910665786348,-0.018469173576700002,-0.23145181677258536,-0.10841096827089136,0.7705689504051274,-0.3559330865183228,-0.22321516928778162,0.3306730200701542,0.2843811741883511,-0.14992196018784157,1.332586566752504,0.2744917635695343,0.05417744174975997,1.0261424284720606,-0.11105235322956704,0.07909071337830086,0.37728462803707935,-0.21095127819937134
399,True,3.999999999999781,5.393903318529421,False,False,0.46755596973886365,False,80.78087499598041,-0.0,-0.18361218173463878,-0.0619011642702921,0.789025395634381,-0.34897855347462986,0.06352071323684522,0.34702999057617634,0.2888694898589181,-0.46956223100208844,1.3527698692785686,0.3014759546985504,-0.15470631117873662,1.014315694944725,-0.12252227274381498,0.025141705162542615,0.3746499041407109,-0.23360901302889,-3.693827326997634e-08,-0.22699775720620397,-0.09403857925069654,0.7646704418320395,-0.35851513032835586,-0.22468683555714242,0.3220919637535594,0.2888694808823047,-0.17013198411079555,1.3266171097269812,0.2982697132707044,0.04308636787698367,1.014161167062625,-0.12252225180942358,0.06786051896105666,0.36972320012249577,-0.23360896762377253,-0.01770498035580427,-0.2318968593050779,-0.10338568402379711,0.7663757096748454,-0.35635264162495045,-0.22465251366125874,0.3245450266031316,0.288857331419455,-0.1551770865247829,1.3327343765614088,0.2747762834486236,0.05236341646571243,1.0225660943451151,-0.11157093058844943,0.07718137708859875,0.3744465733107698,-0.2123062785458562
400,True,4.00999999999978,5.385594855695216,False,False,0.46643559606714724,False,80.7937909848988,-0.0,-0.17612201644208497,-0.07942806051353589,0.8093289452681544,-0.349042149022953,0.07729943801741697,0.3215017352948091,0.3184615665827996,-0.4632963849400197,1.3914501096321277,0.21056876168975183,-0.14596471237021605,1.0406855648798563,-0.172056657832766,0.03607528901602206,0.3951231350948715,-0.23750289569306443,-3.540988988831595e-08,-0.22955830744265698,-0.12156916663778172,0.7761731630696115,-0.3622943075070232,-0.21187849930826957,0.2967747780267239,0.31846150737444767,-0.16250925312691825,1.365493385091431,0.21056889045730554,0.04155949292189634,1.040618272437708,-0.17205653769604,0.06915083764287402,0.3912951357569226,-0.2375028452743757,-0.016702036477181853,-0.2319971652958875,-0.10272790386667184,0.7654517682681545,-0.35700501626405895,-0.22458496136376446,0.3199605860430078,0.292999723586382,-0.1585191350501928,1.3357829949118203,0.27089538765384524,0.0506007536250289,1.0227124007187554,-0.1168356497241074,0.07567038155088189,0.37449033088087363,-0.21562176346031275
401,True,4.019999999999779,5.378087785571992,False,False,0.4644466579439228,False,81.3079159706831,-0.0,-0.18863116294218457,-0.06552658631583903,0.7739586486466795,-0.3490541328628255,0.06092857476838801,0.33731129463229687,0.32338916336540685,-0.4733287711812295,1.3609567834948124,0.27039610899489147,-0.1623320587871523,1.0380482800027424,-0.1533390347693392,0.03550016916990311,0.39631058398341495,-0.23193223450471667,-3.340400614448846e-08,-0.22658845067866706,-0.09358586087557033,0.7525398645942812,-0.3573501375393931,-0.22632146791558722,0.3129905920781963,0.3233891025866488,-0.17792885724406454,1.3399197573789428,0.2676713449288221,0.0402923942753515,1.0379808461547564,-0.15333896143407982,0.06819313562668557,0.39252187014558504,-0.23193220188869842,-0.01571648630924329,-0.2318154457983169,-0.10286362647218607,0.7646025003322855,-0.35744994986786754,-0.2244209147317257,0.31679051978705075,0.2980435332215876,-0.16158976222180452,1.3391670780447782,0.2669492813078835,0.04890187298229659,1.0251277664621319,-0.12382972858377161,0.0744705124349792,0.376575309946318,-0.21904856910092416
402,True,4.029999999999778,5.3713427202263295,False,False,0.39937755152037935,False,80.73866699123755,-0.0,-0.18365892750623572,-0.08515900615464214,0.7840292529160404,-0.3490600419455064,0.07424925274742497,0.34326584061939625,0.31074176939551873,-0.3827650299890694,1.3403995495927399,0.33538294137825203,-0.1311311461416688,1.0272664138813827,-0.13938271384293172,0.04400927971306776,0.3799072065984721,-0.22952466838747476,-3.143290974033652e-08,-0.20605727045065833,-0.10275384794568036,0.7701330236582523,-0.354543303813385,-0.19557926609730134,0.3205845392440393,0.31074174399909715,-0.1472364231096415,1.3218659984485697,0.3353828052020154,0.038794674312378555,1.0270212121848696,-0.13938268577024818,0.06517552284094785,0.3774474370585483,-0.2295246470497656,-0.015024875665310338,-0.22986578168924635,-0.10292711114225808,0.7642734141327304,-0.35742742812341544,-0.22252711312204193,0.31569440050493636,0.3020435302151926,-0.16248054033402426,1.339957334408329,0.27092010063248984,0.04725728809307315,1.0272520516142511,-0.12885445639858803,0.07327141931371849,0.378137817983035,-0.22169266477739946
403,True,4.039999999999777,5.36290988680756,False,False,0.26108443076949656,False,79.78837500559166,-0.0,-0.24360617958457795,-0.03864314305748526,0.7500960622369037,-0.3490658503988656,0.08807543946759391,0.3760308017147349,0.17899133573745754,-0.12858884247585728,1.1156347456972373,0.4619625753760677,-0.06730062284219974,0.9812267507917257,-0.1356372871096423,0.0552682441078478,0.39510026936715054,-0.251790873611397,-3.004969123185375e-08,-0.24109050434551135,-0.046756905162547345,0.7499151936502169,-0.3490658684956828,-0.10550013513086216,0.35973120970419875,0.17899158184135427,-0.04736152214235846,1.131436227758303,0.4643209306843159,0.07573507538416356,0.9425462751008913,-0.14328245162757164,0.09359323917987306,0.3906353460434888,-0.2517908134084157,-0.01530745758658805,-0.2292576648293482,-0.09893900502207127,0.7633779369478757,-0.3566800431821411,-0.21229263268208728,0.31889302113032597,0.29432679458231725,-0.15347975231729338,1.3244258168421856,0.29055330801122947,0.04847423603410801,1.0222604169221572,-0.1321860307709122,0.07412268691753118,0.37971690698776206,-0.22539286034400513
404,True,4.049999999999776,5.354188075522647,False,False,0.259269370942826,False,79.3928750208579,-0.0,-0.24360617958457795,-0.03864314305748526,0.7500960622369037,-0.3490658503988656,0.08807543946759391,0.3760308017147349,0.17899133573745754,-0.12858884247585728,1.1156347456972373,0.4619625753760677,-0.06730062284219974,0.9812267507917257,-0.1356372871096423,0.0552682441078478,0.39510026936715054,-0.251790873611397,-3.06148539436224e-08,-0.24193315870810037,-0.044079049510891734,0.7499762627970489,-0.34906586700569403,-0.10534820966894158,0.3591207536901087,0.17899156640791386,-0.047630352341592005,1.133730748804212,0.46470945164692906,0.07216688292443127,0.9388648818621073,-0.14421544390124533,0.09081997502222612,0.3909680449814806,-0.251790820816479,-0.016067007791620277,-0.23063975234946885,-0.09144219749452798,0.7616267255729483,-0.35551478394054625,-0.1961914301840869,0.3249768048111758,0.2777502057300723,-0.1376459708178638,1.2967909034708782,0.3191627468700896,0.05186474367768221,1.0114219796046735,-0.13468151583110724,0.07659967771675177,0.3816825892203107,-0.2299370497380594
405,True,4.059999999999775,5.3477565338957485,False,False,0.26617044124006795,False,79.63583298260346,-0.0,-0.24360617958457795,-0.03864314305748526,0.7500960622369037,-0.3490658503988656,0.08807543946759391,0.3760308017147349,0.17899133573745754,-0.12858884247585728,1.1156347456972373,0.4619625753760677,-0.06730062284219974,0.9812267507917257,-0.1356372871096423,0.0552682441078478,0.39510026936715054,-0.251790873611397,-3.213395131582142e-08,-0.24360615335300573,-0.038643250088500065,0.7500960843512162,-0.34906586364644354,-0.1426901077325578,0.3358513667258684,0.1789915332548025,-0.08916274828604845,1.1272733983706071,0.46427558659893886,0.04606434033039499,0.9478522497874003,-0.14246434556951573,0.07165987277912406,0.3932062131080748,-0.2517908299035191,-0.01671697549574008,-0.2328442743908426,-0.08287233227438841,0.7597314759365117,-0.3543232745986341,-0.18208590769861488,0.32975501922765,0.25959301931073914,-0.12405925579791305,1.2668356115498853,0.34791836030838535,0.053774024156764584,0.9998888067378241,-0.1364961227830395,0.07805658315368269,0.3837923205885595,-0.23427609320639417
406,True,4.069999999999774,5.34167556069412,False,False,0.2333112048799189,False,79.8260829760693,-0.0,-0.41887857081757207,0.01294566289167013,0.4861772098796658,-0.3490658503988659,0.0460620040091477,0.5284688319753598,-0.04009938150465914,-0.00299222881425118,0.7069749116046202,0.12466897930986272,-0.007818919972088834,0.7638620032312429,-0.15882918299806006,0.01275864680892156,0.41488378117587754,-0.1486349558797464,-3.343388411958248e-08,-0.3937302494729981,-0.07058711800634265,0.4843696398861154,-0.34906586143032237,-0.1257767641109261,0.498686229810378,-0.04009878212105633,-0.01286970837333691,0.7216985167759518,0.1276699190836753,0.07806357004907702,0.7235161916316877,-0.16728070203001907,0.09591636500250289,0.4053158046437121,-0.14863512716207147,-0.018064595390133407,-0.24631549832706023,-0.07671903818639257,0.7376288627493948,-0.3530988803401851,-0.17053703729458775,0.3450696672895723,0.22551379470908328,-0.10866240428530499,1.2111332354152595,0.3472240630809045,0.0562203081455845,0.9727491064164462,-0.13952357841236013,0.0799448851115149,0.38659145151137014,-0.23000556126631305
407,True,4.079999999999773,5.336113148818227,False,False,0.21973714156771615,False,80.34733298700303,-0.0,-0.41887857081757207,0.01294566289167013,0.4861772098796658,-0.3490658503988659,0.0460620040091477,0.5284688319753598,-0.04009938150465914,-0.00299222881425118,0.7069749116046202,0.12466897930986272,-0.007818919972088834,0.7638620032312429,-0.15882918299806006,0.01275864680892156,0.41488378117587754,-0.1486349558797464,-3.6129118519828696e-08,-0.39615023748163375,-0.06263393575835519,0.48431047739109767,-0.3490658580600803,-0.11547834715747443,0.5021379444928721,-0.040098850279369214,-0.009344132422131765,0.7112869572109022,0.12562986783392818,0.07991826608708129,0.7467026995662802,-0.16201714603728354,0.09707135635788544,0.40526308516718035,-0.14863511862057052,-0.019700417875782607,-0.26897591883908273,-0.0730376737773449,0.6994753231174112,-0.3520604517071452,-0.1599888624069515,0.36949202926058905,0.18056630614371086,-0.0911415109451348,1.1327541498357538,0.32146305143844955,0.059933316682235456,0.935317457764557,-0.143322218047472,0.0827804222803712,0.3898803218071128,-0.21878509684247288
408,True,4.089999999999772,5.425710349938016,False,False,0.39208789482757894,False,74.90229100221768,-0.0,-0.7516385634027757,0.16123320150809645,0.5742530716311282,-0.34906585039886584,0.05912638097832331,0.4819499466835019,-0.006849794611752218,0.09289297452993477,0.3727173949844782,0.23389451513311885,0.04777615235259331,0.6111366437702758,-0.17408181316532736,0.0010141738724790215,0.2810344587560027,-0.04733599752935308,-3.940075695221812e-08,-0.6613667449219016,-0.13664426541353275,0.5651999772259906,-0.3490658563880565,-0.08066196758925434,0.46110959123508594,-0.006849419780300375,0.026500935014068736,0.37295962686778517,0.23389469031573262,0.10906895543749845,0.6725636865485958,-0.1640676797824136,0.1271907453494726,0.1956524684604188,-0.08666695510851058,-0.021461086417470444,-0.31360899330508246,-0.07607439658875167,0.6656673788166145,-0.3512466043979458,-0.14807687812969808,0.3918236795814236,0.13923808429781143,-0.07189787255416803,1.0444809449201262,0.29689140002896935,0.06602676618237163,0.8929849139315925,-0.14699787062288258,0.08800145812319742,0.3769814268014124,-0.20100743936043503
409,True,4.0999999999997705,5.552570098033288,False,False,0.48154746720798275,False,80.89158398797736,-0.0,-0.7913071566406987,0.134674272296343,0.626285580123143,-0.34906585039886584,0.042769300027472715,0.4681612862004133,0.01669657531533941,0.07822111219218669,0.38119337411639653,0.23667471829692915,0.006809664620944546,0.613170284465053,-0.16286456433573382,-0.015856840094995425,0.2920271502470058,-0.062054750011298246,-4.292208699227529e-08,-0.7017806514561806,-0.1472627628282126,0.615385686699357,-0.3490658547603651,-0.2175932181866695,0.3369321802589838,0.01223660833762047,0.05017512706278762,0.49308758706431177,0.23667483872952563,0.12748448698348444,0.6648442692712562,-0.15469499872525033,0.13045152795181456,0.21485951145477067,-0.09767535752004099,-0.023276234264591092,-0.3756366220789656,-0.08538265783852676,0.6444054850103023,-0.35069080448071716,-0.14566659284614095,0.39973946255224285,0.10715366533401412,-0.05098626118323092,0.9502814337490898,0.28003503061542284,0.07492904847202123,0.8499395932051713,-0.14959549254720342,0.09504651763427505,0.35238105693638916,-0.18120177800832946
410,True,4.109999999999769,5.653904639410245,False,False,0.4112092739607277,False,82.98320800531656,-0.0,-0.7889767942344458,0.11271694043984677,0.6570177098922525,-0.34906585039886584,0.04425419910305544,0.4624717483533505,0.01780258227883824,0.08103205603062281,0.3925904629436005,0.2295915007475392,0.003372247637034979,0.6203639812511159,-0.16260804164455123,-0.011607817730942964,0.2953779467132863,-0.06654258220653107,-4.65523754232533e-08,-0.6991470754318125,-0.14751265882304268,0.6443102115604237,-0.3490658536487675,-0.16074163417661583,0.3882168735755235,0.015742065571882013,0.04184684258195569,0.4553581196046358,0.22959160161966669,0.1229889463848012,0.6600639850072869,-0.1556610753164289,0.12749365166247623,0.23220790942531638,-0.0957659052984839,-0.024356173908151348,-0.43918673875488706,-0.09696996911351892,0.6345961611134225,-0.35037850554794153,-0.14853548269493322,0.39999616406855154,0.08351215917266899,-0.03148100763860964,0.8563623476459806,0.2677576169780949,0.08441264123788207,0.8108539633252083,-0.1512074884747418,0.10201584351494998,0.3278636567164174,-0.16327230628660616
411,True,4.119999999999768,5.72166877418781,False,False,0.35611717927469266,False,83.13983300467953,-0.0,-0.7592569243547426,0.09106344317751748,0.6579473483978953,-0.34906585039886584,0.04495564622918504,0.45260875918124066,0.02535049873244481,0.07897232745680148,0.3807637304152724,0.2269249565172517,0.0001289452109748553,0.6162577841753718,-0.16955480332215725,-0.015688277887583615,0.2940132710998999,-0.07935785579894176,-4.87122503965709e-08,-0.6727387746238424,-0.13699610797895687,0.6444486039842032,-0.34906585302417087,-0.12382085360769371,0.4091947230203016,0.024307374488608702,0.036948450533651825,0.4126372138894329,0.22692503925025728,0.10812619809250201,0.6525515286974306,-0.16277148466621807,0.11428966472982437,0.23642454610432045,-0.10674395991436036,-0.024398313535432183,-0.4939249319279289,-0.10751907643348542,0.6314578355385057,-0.3502276779513894,-0.14860285657995384,0.40050373640491477,0.06679528103844962,-0.015419076397230894,0.7683345327965715,0.2582239454401433,0.0918321347622775,0.7771431243951988,-0.15284432150023258,0.1070892422107419,0.30720643282816157,-0.14902740603423487
412,True,4.129999999999767,5.764567842957713,False,False,0.3405417348623533,False,83.07595900259912,-0.0,-0.748143791354047,0.1165591988066518,0.6342087656499035,-0.34906585039886584,0.043981898440200756,0.43941483415798793,0.05126271974699681,0.07722672787224726,0.36375624559354985,0.24837813901489983,0.00583105611408272,0.6140479266521882,-0.1837124472151852,0.0005275385992532695,0.27927325104927664,-0.07679615607745133,-4.8796529476813344e-08,-0.6217609468528635,-0.12272856780650102,0.6454952259974893,-0.3490658527225163,-0.08177178349711298,0.4254651568195485,0.05126275081387561,0.038939477881532014,0.36375705451187645,0.24837815869153693,0.10343701411795654,0.6402855271294993,-0.17818131223349445,0.11046807354373342,0.23148977480776223,-0.09958704972748093,-0.02356740711800949,-0.5337585217241549,-0.11497529957234699,0.631380829085922,-0.3501504992203614,-0.14298441818418567,0.40303719077564026,0.057270955134151307,-0.0026174782006944284,0.6874044678226593,0.25248407372985,0.09664262482802352,0.7483114022503643,-0.15578937668749007,0.1099969186051153,0.2902881370847404,-0.13780879113977326
413,True,4.139999999999766,5.788611831809541,False,False,0.3318700944389714,False,82.33616698998958,-0.0,-0.7122098061149336,0.1360878790176367,0.6002734050976032,-0.34906585039886584,0.04766670188380073,0.4437321881813629,0.02887623796732209,0.0822353480516485,0.36185863762955417,0.26178637253165493,0.00789082832900667,0.6016814588550177,-0.14142744521664974,0.007746076051290981,0.2739569607381511,-0.08245817919293487,-4.713471995695939e-08,-0.5851951760742679,-0.09408989377220442,0.6111266897649542,-0.34906585256815914,-0.07869857778016587,0.43041844668909535,0.02887629475198272,0.046264053416198866,0.3618592893274201,0.26178635397596134,0.10614467371280312,0.6258372741055629,-0.13447100304276435,0.1109831582540923,0.22931267144572456,-0.10546573164277637,-0.021948142575749403,-0.5579996189155879,-0.11757847096153708,0.6300044715986917,-0.3501037355533411,-0.13371092577445481,0.4071690255927,0.051057625865289724,0.008010409459199216,0.6166135703664368,0.2507112817443411,0.0998225618975342,0.723195543165808,-0.15614379479931975,0.11153902899887504,0.276505602787781,-0.1293142072137782
414,True,4.149999999999765,5.794184711209963,False,False,0.3009318794685303,False,80.35362500231713,-0.0,-0.698717042216275,0.11580771860307595,0.6036743084471202,-0.34906585039886584,0.05200200855789229,0.4555083969329333,0.023330938216485807,0.08949777905360026,0.3906051590540809,0.25012663810056873,0.015433706469126762,0.6173676937475964,-0.11017269205093345,0.0174948202462358,0.28815300034693475,-0.08252018539665157,-4.38961973610319e-08,-0.5898304977561494,-0.08773488966091834,0.6138257759666194,-0.349065852474632,-0.0705191290038207,0.4433344611842192,0.023330993668346886,0.056124005117271614,0.3906056082208452,0.2501266390227457,0.11075737622911654,0.6374244195895219,-0.10485829660090279,0.11474034518370431,0.24883960731780072,-0.1019695076845841,-0.01936357700569124,-0.5719076941674919,-0.1162416049277005,0.6272880867022579,-0.350068253232608,-0.12315114057234683,0.4127146873849339,0.04561527504083003,0.017547565599063793,0.5602561929041585,0.25033906509393256,0.10239206672211357,0.7028099770589352,-0.15143956047282783,0.11262237282792718,0.26702895546607086,-0.12288165524780417
415,True,4.159999999999764,5.794971419032785,False,False,0.26538512079364956,False,79.09637503325939,-0.0,-0.6605807478627458,0.08227314368707901,0.5719630746066324,-0.34906585039886584,0.053653058557631875,0.4422453362051816,0.02722719851873132,0.08668495901864776,0.38277517565923747,0.2664968980946915,0.006595855897647858,0.612261517694504,-0.08280687122335963,0.009706885184530212,0.2924670913517753,-0.07236077083137762,-3.87270765490888e-08,-0.5772717783203177,-0.07564075918823832,0.5799860963207573,-0.3490658524036675,-0.06926884224318366,0.43082995712997596,0.02722723529668906,0.05020655883128316,0.382775533511455,0.2664968660952219,0.1042774523452261,0.6288458341271922,-0.07995423946729728,0.1126584847672921,0.2565400737870076,-0.0865831576088997,-0.016230111884073268,-0.5790655930196125,-0.11215556168045816,0.6218842576173175,-0.35001972996992115,-0.11279280762238211,0.4177170782352828,0.04122801805098642,0.02550755262897746,0.5168390188660132,0.25138399275797374,0.10410303537146293,0.6864885962969858,-0.14213832765517523,0.11336212003386938,0.2617219406900771,-0.11669918570856067
416,True,4.169999999999763,5.797710838572726,False,False,0.2759569204439901,False,78.53966701077297,-0.0,-0.6888642743266445,0.09936391828641851,0.5801313240771048,-0.34906585039886584,0.04745181067009594,0.4623734217737758,0.026919498799905094,0.08216217843847577,0.4127950151235115,0.25209758233474167,0.0017101338169107918,0.6222433534756187,-0.067429249335932,0.00851793688174383,0.2985630005612456,-0.08041953340821953,-3.246015884555975e-08,-0.5953150206931701,-0.07799326033738349,0.5890047785457335,-0.3490658523066212,-0.07003825503764893,0.4521788461719207,0.02691952742526476,0.04538985466505918,0.41279522246711386,0.2520975808160534,0.09875737063428165,0.6338030224652836,-0.06742939868215883,0.10924216713191968,0.2691875452611243,-0.0872256571108044,-0.012781072324521706,-0.583498737665295,-0.10705358001491536,0.6154915439115707,-0.3499592229701974,-0.10367448965596278,0.42305734241164755,0.03789056580105104,0.031342420893962324,0.48579227808892805,0.25237379294109175,0.10467563325955573,0.6737914234540084,-0.13012308123837033,0.11360845242778762,0.25994005614903526,-0.11079729400213467
417,True,4.179999999999762,5.8009964058834935,False,False,0.2573913726484873,False,78.91175005352125,-0.0,-0.6867809458802855,0.08875435680064654,0.5923539264547079,-0.34906585039886584,0.043539492947744445,0.47040292577457604,0.026178176021678688,0.08430887785027195,0.4211960738966378,0.24243111901114572,0.003476902198599481,0.629804547689429,-0.062066952922993114,0.010928833227214944,0.30503202050694883,-0.08730100338361915,-2.556209352175265e-08,-0.6005738345353573,-0.07375756653291522,0.6002433382794496,-0.34906585218560743,-0.06548453354617656,0.46154855748620455,0.026178199441402684,0.04626581731145195,0.42119621683297814,0.24243114035115582,0.0972098471756432,0.6403959797723171,-0.062067090598325075,0.10695255010336917,0.2772097538703898,-0.09375823544105315,-0.009349730662681776,-0.5874045401127288,-0.10184963588318384,0.6106926235964697,-0.34990203237094697,-0.09578998151808542,0.42942982986503186,0.03528509448974853,0.03549902696869889,0.46525674375917553,0.2519912450428719,0.1044019974949091,0.6647430779637918,-0.11752358615402116,0.11334449203112591,0.26088135219842484,-0.10623977307356063
418,True,4.189999999999761,5.803343156082244,False,False,0.26358770746365906,False,78.56091600842774,-0.0,-0.6878004168067872,0.1038915377097108,0.5813784853370187,-0.34906585039886584,0.04504146052359799,0.44726492304239734,0.03157644983530073,0.0830719501813902,0.40140308143336106,0.2526542435515396,-0.002461125320455797,0.617685495283779,-0.060307807173103314,0.005856430675237595,0.30296668362542695,-0.09287022045116748,-1.8699423924226077e-08,-0.5970480293875275,-0.06613615755511923,0.5894286334744165,-0.3490658520712264,-0.06170578195065455,0.43916534997323375,0.031576457257672635,0.042782514104188166,0.40140320992457584,0.2526542422967564,0.09222198001822293,0.628214425448244,-0.06030792167934089,0.10218969233625974,0.2749318514696523,-0.09940078084845869,-0.006573415108676377,-0.5905459545066812,-0.09641703656068218,0.6066968815418711,-0.34984877382894514,-0.08885535345437687,0.4341024900816498,0.03369499597498925,0.03824362797319478,0.45025537928087067,0.2515062096146411,0.10335533479216695,0.6575560821394953,-0.10581298158116734,0.11243374510780849,0.2629459074097252,-0.10345425825885977
419,True,4.1999999999997595,5.802540117482565,False,False,0.2187825807418424,False,78.4158330061473,-0.0,-0.6536053341262525,0.06662841088073689,0.5900411676618827,-0.34906585039886584,0.0525469006956801,0.4482286670139858,0.03200303496682396,0.09355479333264434,0.4044850914282233,0.25457183227128444,0.00960374037833923,0.6209091142035489,-0.0510261574817943,0.017120903687601875,0.3110367130503454,-0.09504525175158393,-1.3146803921545991e-08,-0.5882114154934992,-0.054965536857507075,0.5956574555580412,-0.3490658519647096,-0.050148008806518166,0.44088357933128225,0.032003038333514644,0.05263786382402634,0.40252350776771123,0.25457182742574314,0.0969869026254981,0.6321956186295077,-0.05102626808262673,0.10661904314133416,0.2848805701861468,-0.1011543877227007,-0.0045274489438228505,-0.5922106155165264,-0.09037645398759835,0.6035478002913933,-0.3498084015577532,-0.0821027522188589,0.43680826094708797,0.032943610279969435,0.04066041452573443,0.4386295500668542,0.25156202413827644,0.1022508710247741,0.6518089197529227,-0.09503571977309426,0.11149445317494519,0.2659135414365762,-0.10206830236168936
420,True,4.209999999999758,5.794260147705515,False,False,0.2081628966273621,False,78.06837500538677,-0.0,-0.6482444332985422,0.06974708057893977,0.5921701487234856,-0.34906585039886584,0.0524754653030302,0.4546964119150878,0.033358163867317506,0.0962743977718481,0.4062956793842883,0.2557365412470168,0.013245434158488051,0.6147916073021619,-0.05134586834887084,0.02158104584629556,0.303690640348692,-0.09823623881185864,-9.054879776537739e-09,-0.5847957350418742,-0.046980666636966574,0.5974154244043961,-0.34906585188396516,-0.04705108991423571,0.447947026379176,0.03335816302894354,0.05172430206583503,0.40117450655433445,0.2557365342163001,0.09414351247907204,0.6267563608326169,-0.051345956801610894,0.10199300550991783,0.2811167951387285,-0.10351178145111116,-0.0031340475666707117,-0.5925541437047983,-0.08373707566195344,0.601493025296454,-0.3497775676514231,-0.07551558191387607,0.43899082299721376,0.03265152136162356,0.04296807210380177,0.429699341551733,0.252004382388742,0.10121144151422476,0.6470750989957482,-0.08555881209475559,0.11046964453461303,0.26900779823152343,-0.10157493317910221
421,True,4.219999999999757,5.777249146868541,False,False,0.18752708989330188,False,76.88695896649733,-0.0,-0.6447886645020068,0.050053281385348675,0.6041683569448572,-0.34906585039886584,0.04317549016311084,0.4562849832717956,0.03117344703350341,0.09364876908001439,0.4131099260854118,0.26021404644623924,0.00970163097111856,0.6124336922772596,-0.04811156139602259,0.01771817833455002,0.3025397953196473,-0.10054494364079414,-6.268082595930341e-09,-0.5925456140347866,-0.04477366527534455,0.6083088034099848,-0.3490658518222975,-0.04446596428393049,0.45578552825228263,0.031173449988446414,0.05118895657398735,0.4008201687936733,0.2602140316196366,0.0916614497888257,0.6221847864216643,-0.04811163761375897,0.09881701442793178,0.2829684028642251,-0.10502555192175898,-0.0022919003021349663,-0.5927187999223544,-0.07712441488622636,0.6009899739459487,-0.34974985552614235,-0.069422800852896,0.4415830851758619,0.03249135679264538,0.04490329220974409,0.42285464218152635,0.2529572327284035,0.10002756993250884,0.6427676929885835,-0.0774683899159207,0.10911379942939924,0.2718027068172145,-0.1016662623388795
422,True,4.229999999999756,5.756825715110145,False,False,0.18242652578963114,False,91.31120902020484,-0.0,-0.6457200745446718,0.04774766310380045,0.6130330225837407,-0.34906585039886584,0.04898474595938188,0.4558837278404156,0.02478639441628538,0.09758035533343799,0.4195557643607109,0.24947369749293558,0.01216940762978728,0.6284086334527493,-0.05501604899012053,0.022192067389467975,0.31284063351463604,-0.10790348123691237,-4.583791436262724e-09,-0.5968941129906576,-0.04135472996426702,0.6169356016143978,-0.3490658517668734,-0.03929097947000079,0.45586813569689644,0.02478640985433645,0.05656694682420189,0.4060291898121258,0.24947370446208353,0.0943423804549116,0.6311360840841838,-0.05501609387308476,0.10216251306558619,0.3016882494217101,-0.1098630919713129,-0.0018281400029375719,-0.5933798154883098,-0.07093360631234234,0.6022483197448482,-0.3497238535521372,-0.06374069208054023,0.4443785303327739,0.031862492744877076,0.046836850072143964,0.41807992239972575,0.2534141735878893,0.09901797330623091,0.639652906402692,-0.07131321637943246,0.1078990527567002,0.2756720669477897,-0.10243397418157288
423,True,4.239999999999755,5.73831078289478,False,False,0.17146633117415108,False,90.56745801353827,-0.0,-0.6468162828800172,0.03815313702637538,0.6150041741611904,-0.34906585039886584,0.04480904480800799,0.4583129637274067,0.024072916291543286,0.09193895165505185,0.41417494690129036,0.2485376494174889,0.007686311007875263,0.6210759642487842,-0.05729923774501307,0.01953265296120896,0.30834214798190235,-0.10801211371030058,-3.6562726930290668e-09,-0.6044354045491888,-0.040222008975772085,0.6185198450363822,-0.34906585171486954,-0.04007812401473512,0.45835706822489347,0.02407293192815837,0.05230602097733107,0.4017243387861675,0.2485376573596657,0.08871996366370191,0.6211595022577884,-0.05729926419108179,0.09622880301978373,0.30013097894310103,-0.10933030984338227,-0.0017208557267030182,-0.5948983310685914,-0.06539800507458218,0.6045518935308787,-0.3496953058258593,-0.05873090754887423,0.4471341714017579,0.030817409976736262,0.04844674813609357,0.41459941517273996,0.2531764690202894,0.09788157933555118,0.6369845985338513,-0.0670981229895813,0.10656375860823278,0.28013825665023573,-0.10352253113512118
424,True,4.249999999999754,5.72138531249657,False,False,0.1602900713689135,False,90.87775001535192,-0.0,-0.6200677208582266,0.038296820640842145,0.5949674853840012,-0.34906585039886584,0.05173964231635595,0.44503350659864377,0.016093151495113693,0.09907131470389346,0.41070362867638244,0.24989808951050796,0.01317121519696063,0.6160035404447143,-0.058500468196730764,0.02366120498853655,0.3012889459720679,-0.10602949036175409,-3.441704569343701e-09,-0.5856315535689103,-0.02608416588425304,0.5979369542547962,-0.34906585165777415,-0.030973947447229977,0.445127063887095,0.01609318081842638,0.0591171672223128,0.3983387575403243,0.24989809632262486,0.0924099393499191,0.6129067994864392,-0.058500485775836636,0.09754783597075328,0.29744069755527697,-0.10641562904944052,-0.0020314294452248812,-0.5954869520313016,-0.059650532228759025,0.6055218847752023,-0.34966718912916683,-0.053921226069210265,0.4486891434840366,0.02908361797546045,0.05007806246372317,0.4116321402997995,0.2527634991504292,0.09687636455376164,0.6337977492712924,-0.06433580832096203,0.10519903388872931,0.2840672617691989,-0.10435274723490721
425,True,4.259999999999753,5.70466896690046,False,False,0.1468552677037292,False,90.12687503127381,-0.0,-0.6063446995797053,0.01684154638541452,0.593625791250958,-0.34906585039886584,0.048375609772721484,0.4492827589683329,0.011471146832582914,0.09214768037440974,0.40501432788633807,0.24981796579313295,0.00956076621900545,0.6171278737852418,-0.05629320218128186,0.020370172964048576,0.300635781529315,-0.10171742768399358,-4.062850765020054e-09,-0.5859745287888669,-0.02172721575091193,0.5954418002398151,-0.3490658516015409,-0.034215861035221444,0.44941974292276893,0.011471182146073403,0.052145227862488465,0.3897001565200757,0.24981797145795662,0.08640059760583171,0.6125908025050406,-0.056293217904037546,0.09163272101826635,0.2994986061056083,-0.10171743366771616,-0.0026295047936603718,-0.5949664195819482,-0.05360611847068948,0.6048877328095271,-0.3496418257800626,-0.04963293883631559,0.44939065478411655,0.026599989915444166,0.05128398163845326,0.40845250966089114,0.25238671803697965,0.09573599492465044,0.6304188845291874,-0.06235966168517419,0.1035851412626451,0.2873837454536659,-0.10457346015019231
426,True,4.269999999999752,5.687672581526769,False,False,0.14740436347393399,False,90.73412499856204,-0.0,-0.6024348559557994,0.034779684340274605,0.5689808288663435,-0.34906585039886584,0.047587066466274926,0.43399584822368154,0.009020698686293835,0.0920193065544591,0.3964481459065111,0.2494196979491755,0.006653211376274123,0.6114864655344692,-0.058059843757937886,0.02044582046956812,0.2987492073504681,-0.10150063535093873,-5.2589990704246525e-09,-0.5771323853536444,-0.013840996746924121,0.5712986296533803,-0.3490658515508143,-0.03202437219815712,0.4341658145523529,0.009020733843447312,0.05132121678680087,0.38168380629519605,0.24941970425668092,0.08367180462357149,0.6063066332938263,-0.058059852714924115,0.08788067491577276,0.2988145604456891,-0.10150064226843405,-0.003447715642765447,-0.5933557104798282,-0.04735420927748795,0.601698660654946,-0.3496150629899776,-0.04600534636314709,0.44869360078576415,0.02374200557615825,0.05185240956284614,0.4046160324906431,0.2520402550924842,0.09423813896940256,0.6268568856184249,-0.060985228627639075,0.10154280089026772,0.29009703286610583,-0.10435966604133425
427,True,4.279999999999751,5.669992027515479,False,False,0.14102291981069826,False,93.09345798101276,-0.0,-0.6151277312489417,0.024778424781069997,0.6043053781246718,-0.34906585039886584,0.048852658371361934,0.4545241781274074,0.007354857974434484,0.09199744801493175,0.40899737749119097,0.2482498900268794,0.011260066670188473,0.6130427751733125,-0.04734969013589348,0.02083343287995049,0.29475883853786494,-0.10016695364602458,-6.895417493935074e-09,-0.5939355269622838,-0.01663168677181205,0.6062780221434109,-0.3490658514972888,-0.02927501648641729,0.4547242314352932,0.0073548907295429115,0.053052272054190455,0.39472764965901797,0.24824989786982754,0.08453837462466743,0.6069880981190703,-0.0473497177136246,0.08782286486908364,0.2959364352442089,-0.10016696237157108,-0.004178593017819931,-0.5924157250349993,-0.0416648026238718,0.5995746183199474,-0.3495950831058382,-0.04278466489002268,0.4484611685166262,0.02082592922904696,0.052174037098082285,0.40164760701778707,0.25162632525732237,0.09271470783623732,0.6234510733457038,-0.05923796941656792,0.09940443404554798,0.29202341513068897,-0.10387252656412262
428,True,4.28999999999975,5.649688127658264,False,False,0.1338400587982622,False,89.3180420389399,-0.0,-0.5921193223342093,0.018922264788061072,0.5796204695479544,-0.34906585039886584,0.05083001976633642,0.43309885423162264,0.009910460405711988,0.09212021322952833,0.39781786606317043,0.2509015286182334,0.009022003112609195,0.6051215872830691,-0.047969822135479706,0.021792604790351035,0.29018267932954883,-0.10169590173886073,-8.357169320287461e-09,-0.5793645407221372,-0.006369512842683611,0.5808298750914462,-0.34906585145732916,-0.025859569777327084,0.43332629323646205,0.009910482160074192,0.0535470199764275,0.383909806992668,0.25090153022116546,0.08307003167133395,0.5989593838516153,-0.047969844915004334,0.0852166526582412,0.291908036515458,-0.10169590602889399,-0.004911968988915424,-0.5913987022464411,-0.036178828564263577,0.5975232041522544,-0.3495806299403332,-0.039739568092382334,0.44762181191570655,0.018378356413870704,0.05245061531502598,0.39904378551042713,0.25136893456534243,0.0912701197276263,0.6199061982058299,-0.057178052304823944,0.09726310079928693,0.29298406683936873,-0.10340127490096125
429,True,4.2999999999997485,5.627991978273217,False,False,0.1294184777223173,False,89.12037499248981,-0.0,-0.5940292182694926,0.01187083685915033,0.5877581630227318,-0.34906585039886584,0.046290804956969744,0.4390877420494006,0.010601298895431406,0.08674077849075999,0.40356019766115986,0.24644344374383542,0.005314350601339059,0.611197920523655,-0.04526100432706397,0.01963833630315644,0.2904412986732661,-0.09934737723996948,-9.823918329862624e-09,-0.5855333181257469,-0.0052185387481546094,0.5885782703096709,-0.3490658514284229,-0.028622080843313122,0.4393374770196736,0.01060131444001192,0.04882235539963025,0.39006791180691464,0.2464434533465273,0.07812206206418551,0.6052638323944395,-0.045261027887388144,0.0813913563670645,0.29210850319903126,-0.0993473851642338,-0.005546241657413059,-0.5904258890266119,-0.030930583157300566,0.5954102787423777,-0.34956899640448497,-0.03718664402115788,0.4463158760486223,0.016558777567557623,0.052423631545359325,0.39696321359804904,0.2509688793410879,0.0896019146578583,0.6168883772249492,-0.05505097825253938,0.09497887959672958,0.293347553233579,-0.10286708047338522
430,True,4.309999999999747,5.606278057527804,False,False,0.13355360690685705,False,88.75754196196795,-0.0,-0.613237715504023,0.03175352226200489,0.597562038115149,-0.34906585039886584,0.049174447669602134,0.43475875862237334,0.004847273989716151,0.08958940523414918,0.40005451473544995,0.2476313141078758,0.006779435568192224,0.6138083455731741,-0.049074270363315915,0.019682789228530315,0.29233289853560446,-0.08958584031281237,-1.1092461131914644e-08,-0.5949382784022695,-0.005564813991717991,0.599357829337211,-0.34906585140515584,-0.024357853273939103,0.4350281588710143,0.004847297412616252,0.05111413761580449,0.38681808944624485,0.24763132075535407,0.07864514033145123,0.6079016444317659,-0.04907428228575714,0.08165746607249108,0.2939951837207979,-0.08958586689044978,-0.006023946176996403,-0.5904807394480063,-0.02636267622146361,0.5945930949855406,-0.3495584811905127,-0.03491765704655144,0.44487192861627084,0.014779054733517686,0.0522948188941923,0.3953302750322096,0.25050273298605286,0.08787374733958445,0.6148821564200116,-0.05334597274734282,0.09276413996602857,0.29354195278264117,-0.10151395194252331
431,True,4.319999999999746,5.585213732184318,False,False,0.13218301290452242,False,89.17724998900667,-0.0,-0.6067608690449899,0.0362015000488925,0.5815358329649509,-0.34906585039886584,0.04668486430170649,0.43553800812871396,0.005702291499297702,0.08903235642481001,0.4094153069533168,0.24663363528717147,0.0036044734489748508,0.6177425698687116,-0.04692945245229705,0.019372005881571445,0.2971584633640609,-0.08710565327642851,-1.2047868258591166e-08,-0.5894163391991382,0.0,0.5832713419935412,-0.34906585138412544,-0.02498714766200169,0.4358222429726105,0.005702309622821795,0.04930182198487409,0.39644124133827363,0.24663364294467463,0.07640536237127474,0.6120655765560782,-0.046929465217708716,0.0796991815234244,0.2987677960994501,-0.0871056819691702,-0.006320848684938155,-0.5908285298932167,-0.022190590413836666,0.5935938036911278,-0.3495485817507052,-0.032910817332384386,0.4434321823043383,0.013067225586266908,0.05208754976664815,0.3946021307913264,0.25002562708178844,0.08616400058578952,0.6139230865438529,-0.05199017384445865,0.09069039159744982,0.2940583141507678,-0.09941968519896972
432,True,4.329999999999745,5.565292821252548,False,False,0.12325933902481973,False,89.8122499929741,-0.0,-0.6058150614384938,0.01757234238101223,0.6078515712425745,-0.34906585039886584,0.04439927993099997,0.44834360882704133,0.006907705869845649,0.08828653968778415,0.4190531343348246,0.24337653953998883,0.006451552190929102,0.6225146300790478,-0.04459677069174606,0.01891774948560226,0.29722966478810425,-0.0856360856773131,-1.2641672086748101e-08,-0.599171785168066,0.0,0.6085275027811086,-0.3490658513643266,-0.02423297003951794,0.4486350890819637,0.006907718181160706,0.049081105184217384,0.40660991104823013,0.2433765524199502,0.07557543731435841,0.6168666364493086,-0.04459678500830337,0.07912199446026709,0.2988279139339599,-0.08563611295017386,-0.006429317322688823,-0.5918281239325713,-0.018457393202125687,0.5939477860474713,-0.3495387096228393,-0.03120757819637764,0.4430859859721922,0.01169875751829417,0.05178492506259844,0.3954369834654147,0.24929742621227605,0.08450560078685791,0.6139570379333119,-0.05066732080078255,0.08879180505414075,0.29484204508758016,-0.09705821554567498
433,True,4.339999999999744,5.546392880950692,False,False,0.12303812373816102,False,88.04329100530595,-0.0,-0.6117682893496049,0.032027520305344157,0.592578716403038,-0.34906585039886584,0.04556691941644685,0.44263283662466607,-0.0014156099483060864,0.08892955019631539,0.42009206552361855,0.23914859296511265,0.008114723720387131,0.6311124100153919,-0.0459698348587522,0.02157482254453312,0.30492811512302376,-0.08589987221817559,-1.2858608926767656e-08,-0.6046731600050574,0.0,0.593316080332063,-0.3490658513445824,-0.021197812371346547,0.4429351073736063,-0.0014155837769247136,0.050747941937550854,0.4080156831971323,0.23914861331781945,0.07584786035135278,0.6257021312401178,-0.045969844351515465,0.07972141946635752,0.30646519827269614,-0.0858998945865399,-0.006450270214724708,-0.5937508754763469,-0.015314400744417497,0.5946261568685506,-0.34952776340114755,-0.029570227325223273,0.44325241303688184,0.01002685966189893,0.05158620939244378,0.39732605397714466,0.24809901411064314,0.08303948853319477,0.6152405527787891,-0.04953673502220817,0.08720071093085946,0.2962342497180788,-0.09483562240271548
434,True,4.349999999999743,5.528156221395279,False,False,0.11986912894895688,False,87.67862501554191,-0.0,-0.5803016938979126,0.016666078847604335,0.5817047759161552,-0.34906585039886584,0.045887188980573666,0.42822152735273084,-0.0016308605188639885,0.0876782757462633,0.41084256749429887,0.236622399469762,0.003672326986530228,0.6098821539373088,-0.040351708424789,0.019764409100316443,0.28791127566202307,-0.08572831904282092,-1.2900514628766402e-08,-0.5803017129073759,0.0,0.5817048017772238,-0.34906585132269,-0.018777089606666422,0.4285320527561946,-0.0016308370867523774,0.05119744953951241,0.401786950957658,0.23662242004814316,0.0755342893330681,0.604151052495883,-0.0403517246337133,0.07718527588571537,0.2894234163930422,-0.08572833737489798,-0.0066506538471190835,-0.594215485797991,-0.012789875892601337,0.5938975065630042,-0.3495179375366024,-0.027846516309256625,0.4423523231389776,0.008099982722447104,0.051509420392388885,0.3990059400547359,0.2464976402874077,0.08180230835406042,0.6156675212505831,-0.048204817489398366,0.08574693398490267,0.29676613023128595,-0.0929150236377594
435,True,4.359999999999742,5.510730230217909,False,False,0.11953181406530829,False,87.0857079862617,-0.0,-0.6027504608725343,0.014278559520303626,0.6116399188389937,-0.34906585039886584,0.044906828377045266,0.41379854529301546,0.01404412334732293,0.0846964865500917,0.39606438794935955,0.25267207364126426,0.0003148253373924364,0.6222711986925301,-0.04161047778655865,0.017108170888677453,0.2925517540550512,-0.0808236376281343,-1.3301281092184536e-08,-0.6027504443498228,0.0,0.6116398833637835,-0.3490658513030383,-0.016839653972312685,0.41411103273947303,0.014044111699938022,0.05078559083485971,0.39117680486927686,0.2526720611297959,0.0742954376807428,0.6157570597080543,-0.04161049062945618,0.07693611471047794,0.2941222294344678,-0.08082366159785542,-0.0069664237494183835,-0.5948320057566537,-0.01081229315596383,0.5945082785325855,-0.34950832601416093,-0.02604295078670419,0.439487213216071,0.0074543082842991465,0.05147942638752696,0.39943958626090076,0.24602305056746077,0.0806997691757894,0.6157165655935308,-0.04683725736566779,0.08440261099305794,0.29662927663696853,-0.09095141886058501
436,True,4.369999999999741,5.4936501039771795,False,False,0.13040552993924387,False,87.98270800616592,-0.0,-0.5556837899226033,0.03946777680837231,0.5619778793272469,-0.34906585039886584,0.04275276376231589,0.3878217659677239,0.04434938663113001,0.07909078847093631,0.34934133800122164,0.2866378863306098,-0.012335283678182284,0.594438428430435,-0.03461557418765788,0.006246352463740214,0.2823664960763225,-0.06690876793674816,-1.3932819634999982e-08,-0.5556838683845351,0.0,0.5619779443912013,-0.3490658512838153,-0.020120803994433174,0.38815470772519617,0.04434931294862254,0.041684214479644516,0.34438358243730155,0.286637805128348,0.06679504258539862,0.5877720387711919,-0.03461559860368047,0.06758345577981614,0.283972675693756,-0.06690881610870919,-0.007595594960708523,-0.5926365252949476,-0.00939526312731217,0.5928789381248981,-0.34949938010403353,-0.024572440225532153,0.4335495883672154,0.010362763299187927,0.050824553326398424,0.39534790210239984,0.2493532000237936,0.0791767369002792,0.6139397481273076,-0.04509689026074192,0.08254386229022241,0.2956047079684358,-0.08791632283176146
437,True,4.37999999999974,5.476595170340522,False,False,0.1383383604250553,False,87.66299998387694,-0.0,-0.5565660065636066,0.03438081781041764,0.598068174914918,-0.34906585039886584,0.03720762774591331,0.3692660294983055,0.09114109565932807,0.07154625771703425,0.36371004465430373,0.3071286016492738,-0.028219557629837536,0.6016716787535646,-0.0335466940284625,-0.0049598712187347745,0.29712373585018803,-0.06686516628010175,-1.51911595394974e-08,-0.5565660786664083,-4.280603649320369e-14,0.5980681645359606,-0.34906585126592354,-0.0299733780842643,0.3696350594731874,0.09114093408385465,0.03073820884148303,0.35845550464216136,0.30712848612854166,0.05800562252715903,0.5946018885576856,-0.03354671717546218,0.06032000152454158,0.29882818549309464,-0.06686520840986837,-0.008178092314886497,-0.5878881826934059,-0.008849827043825195,0.5913837560042515,-0.34948994246789133,-0.024193047431122668,0.42460522549296387,0.019231160872658394,0.048840040710881695,0.3891236757051649,0.25673189725212353,0.07671604062073285,0.6111218039730921,-0.04305953197228449,0.07978656730343563,0.295035707255937,-0.08426918815056839
438,True,4.3899999999997386,5.464971010610328,False,False,0.12839084218716484,False,86.90070902230218,-0.0,-0.42968712591970815,-0.05552611343130496,0.5710277741967368,-0.34906585039886584,0.02976691668140225,0.3781740345750352,0.08184337066661619,0.06073637933817782,0.386293138860269,0.32922541617381346,-0.03173115922795739,0.5773612360443229,0.00779970251085553,-0.004939035029900282,0.2950604093074556,-0.06458285867737208,-1.6356151917237827e-08,-0.429687442392246,-0.0555260201067863,0.5710278149100109,-0.3490658512470483,-0.03342559357536735,0.37853264764822925,0.0818432455170224,0.027390470566396232,0.3813959885412433,0.3292252711316908,0.05480324363334206,0.5773613040501133,0.00779960089222536,0.05724238180155967,0.29470939551183367,-0.06458289811053276,-0.008397145957550284,-0.5728127672656498,-0.012694661095679065,0.5893250808044126,-0.34947892881155296,-0.024920160662214967,0.41545545445552695,0.030521380426501796,0.045833958728783944,0.3849884567864982,0.26737158355979246,0.07355511570892259,0.6071253824018077,-0.03783306533389995,0.07645175195106953,0.29495820892834085,-0.08061297985399662
439,True,4.3999999999997375,5.4537875226674055,False,False,0.1494040327840181,False,86.91866602748632,-0.0,-0.26934092740438614,-0.03641156677707152,0.42547135788126783,-0.3490658503988659,0.06416963020659995,0.2681885708723872,0.19175203062870136,0.03547996703640884,0.4813450105825475,0.31013239459376296,-0.0326239540473843,0.5764179079573563,-0.011533463665595227,0.013418934985181777,0.32994578321042306,-0.11908371731668686,-1.6794258331231937e-08,-0.2693415556367336,-0.03641151819770381,0.42547168553285586,-0.3490658512250211,-0.040481030857403955,0.2688039687233901,0.19175170808812714,0.023811077826172304,0.43958588868454124,0.3008803447490831,0.0513348195976496,0.6018499465816247,-0.005093699219691612,0.054239938822433054,0.33033125886411885,-0.11908364033366442,-0.008389915904426476,-0.5378264431170272,-0.01839054625872341,0.5747998039046361,-0.34946879099498784,-0.02669819678677581,0.39914799945194407,0.04984223321019963,0.04231702489278267,0.3874271288169897,0.2766458108103845,0.0700577087374061,0.6042840531726671,-0.031382649759871394,0.0728952166781463,0.29771219311455377,-0.08153559337006072
440,True,4.409999999999736,5.433648065946964,False,False,0.35917626095386485,False,89.02412501629442,-0.0,-0.16624662190312597,-0.22384807697575024,0.8151081529445923,-0.3490658503988658,0.035969074205901556,0.49372862340210877,0.19751532798011995,-0.2563932034527359,1.385536699798655,0.205209776212195,-0.09229419521836559,1.0601790185830726,-0.15000551538083293,0.049428597905929995,0.5315368529644084,-0.26663991548834964,-1.6779798247060218e-08,-0.22226010591723333,-0.22384766604687942,0.8151076723282235,-0.34906585120474537,-0.2553496634015259,0.49558995541194006,0.19751503267360976,-0.1399818861187594,1.3066463837770268,0.18987241853318337,0.039835129558271044,1.0996936115969573,-0.13980817480170135,0.09260870605586219,0.5327302829087993,-0.26663954524737804,-0.0034575173593599543,-0.489373096184122,-0.0382788672342626,0.5815662072409322,-0.3495390675665745,-0.044974700814298954,0.39519519274678844,0.07472530554185437,0.026853816645097426,0.42963189531858975,0.274210706731523,0.06587725597287462,0.6412490888492027,-0.0366152678620969,0.0724201965161551,0.31865245893639405,-0.09794923095819251
441,True,4.419999999999735,5.400838355670432,False,False,0.44509643659420306,False,93.15337502630427,-0.0,-0.17629602811340248,-0.13285725687153088,0.7814225737551541,-0.3490658503988658,0.020694408706906944,0.4116970076992255,0.22780098654527844,-0.43815544638691806,1.36879718433761,0.23346601047826712,-0.1617760929664095,1.052213343290096,-0.19354435797859929,0.022706394856573366,0.45495177632156764,-0.27732082317709744,-6.915020888363654e-09,-0.17629665586151266,-0.13285706806345915,0.7814221740579779,-0.3490658513452982,-0.29244443569193374,0.39635373812677416,0.2229204919341164,-0.1929561046433753,1.3381629892618334,0.22538997385335927,0.026323647829722664,1.0569612200570981,-0.19101073848397762,0.07977373247199661,0.4564072175874102,-0.2773204646628631,0.0028235045999049314,-0.4356122718478741,-0.06166759898410932,0.6086515508990186,-0.34957990806579387,-0.07915043092136738,0.39756331054975924,0.10115794359182707,-0.0022284870003770967,0.5052764025664042,0.26588966860291063,0.06036786768484585,0.7061638493965418,-0.055040498155684105,0.07367974344637755,0.3463139231648579,-0.12519623542897523
442,True,4.429999999999734,5.417705303832074,False,False,0.5789892347786457,False,92.22470904933289,-0.0,-0.15715021801276383,-0.14848155645458214,0.8050285332726945,-0.3489042703960089,0.03043350082417138,0.3892982473489443,0.2786736835656096,-0.4112587236879329,1.3911049902345989,0.23679345434009205,-0.15240546788357262,1.0684811186380014,-0.19565882917214766,0.03150105920189672,0.441795056628132,-0.26994360860852656,5.646997906609552e-09,-0.15715077489875046,-0.14848138281856715,0.80502814052,-0.34890427174728156,-0.3675623518652634,0.45997575333528856,0.27867332853872256,-0.12027564317527972,1.2169551468859248,0.22465085434131196,0.06580601542689539,1.102652530797628,-0.18554925496545394,0.11978687800131199,0.4440831587727951,-0.2699433191213523,0.007511894431355695,-0.38239583132423494,-0.08124629009312939,0.6416040688334339,-0.34958144621794907,-0.12340476901243444,0.4031678372266179,0.1304346053098465,-0.030841831664111138,0.5949056416799274,0.25764359228091127,0.05719113226602546,0.7772046862278862,-0.07799699329857199,0.0779962275191603,0.369504232085926,-0.15341170353407504
443,True,4.439999999999733,5.482638568170421,False,False,0.5082006231682276,False,91.92237502429634,-0.0,-0.13621674920820334,-0.10895081498120993,0.7875177257538869,-0.3490374111671693,0.05183908936559264,0.29685429980486394,0.3716480575566158,-0.44391849025248065,1.368603128054888,0.22773965466778093,-0.1534373026544777,1.0376582643190655,-0.18419547168249564,0.025490878199869928,0.40084329289263865,-0.24515643073465232,1.502375881513862e-08,-0.13621724081059686,-0.1089507594539683,0.7875174339330155,-0.3490374122552372,-0.3011573935368217,0.28980026463402064,0.37164757501743895,-0.16863806524781752,1.2962743038523503,0.2204769109916389,0.06361191841217527,1.0585036288296588,-0.17866924016066185,0.09587393301407668,0.3964991980150858,-0.2451562490497623,0.009119538899185485,-0.3330361055889909,-0.09432528068535684,0.6727780394940708,-0.3495462192580054,-0.16501820695551506,0.3988212405777394,0.16703257952792183,-0.056976904205766114,0.6904094193996293,0.2501073086762339,0.056650767288402085,0.8410657864350126,-0.09919717003445144,0.08283524630539936,0.38389190001050105,-0.17645814875752863
444,True,4.449999999999732,5.489959097996061,False,False,0.6547465568824723,False,88.90366699779406,-0.0,-0.1679006290762319,-0.20237446526383693,0.83795213615453,-0.34906585039886573,0.030107966901660056,0.3855405223578574,0.31211318295451235,-0.49359483555913025,1.4290119258828533,0.1662924266062607,-0.16501098347355717,1.0800689555802894,-0.15553967143068242,0.03544773516423391,0.4534748931125172,-0.22068162031701788,0.004559778569113403,-0.2504685356059917,-0.14834976526255955,0.7553649226364408,-0.34930603530880344,-0.21508744593030765,0.3801692484925358,0.23957273695773829,-0.12172009460080024,1.0586880859429422,0.20819995111370895,0.057614022490840834,0.959766985612654,-0.12736836457717543,0.08839659294810823,0.4161082007156261,-0.19856983948931042,0.0077203926533205925,-0.2987683219657224,-0.10445046059862746,0.696715663634449,-0.3494352898969725,-0.19199836470413123,0.39146430174785735,0.1954020563172935,-0.07743112209485994,0.7764433113955369,0.24283704200938483,0.05679299754844388,0.8855312495732758,-0.11273332917182191,0.08590969040010721,0.3926185012373747,-0.1901173908772697
445,True,4.459999999999731,5.477547025193818,False,False,0.5899608535017862,False,65.78820897266269,-0.0,-0.19023825826827429,-0.15333440945947044,0.8482733793847601,-0.3490658503988658,0.023016311616127084,0.39263026634238524,0.2969441800022603,-0.5372581603053169,1.4268345233678794,0.15839293968953336,-0.1694072143905112,1.0826316063591923,-0.20134435456166844,0.03373145690803682,0.44419940514110184,-0.24674377193658037,1.5440754425055658e-08,-0.190238479895385,-0.15333431154549887,0.848273076275267,-0.3490658511377433,-0.3315427853757326,0.39263026508716614,0.29694397692009206,-0.13077828341110795,1.3428313565223324,0.15839310857740022,0.04852887880578857,1.073728111038313,-0.20112768349798887,0.08324979686871166,0.4385684940938915,-0.24674365874326176,0.005471108910362786,-0.27462368991653396,-0.11430884103527256,0.720757325724454,-0.3493574861184946,-0.21507853513777933,0.3881694254193931,0.21651709088220916,-0.09200477891540135,0.8637212801325115,0.23202135342907498,0.056406205569391,0.9218658872865065,-0.12551158599763315,0.08729761274604272,0.4006599937458581,-0.20036815611069173
446,True,4.46999999999973,5.46777459702145,False,False,0.4760392259655017,False,77.12958398042247,-0.0,-0.16499433446264958,-0.13572538785535784,0.8155845459988033,-0.3490658503988658,0.05566936377374909,0.36777690562809456,0.3143198903267357,-0.3907840516423813,1.3970063081083393,0.24355058546826017,-0.1312354675763669,1.0647445625014778,-0.2301170183364295,0.05016764364393383,0.41658365385971474,-0.2567600515339398,1.0942195936662624e-08,-0.16499455365101612,-0.13572534503557152,0.8155843563443161,-0.34906585098213605,-0.2973036438788866,0.36777694589924703,0.31431969471737364,-0.14672331852502302,1.314941689407143,0.23584769262432198,0.05413318055596144,1.056071318392274,-0.23419200821541464,0.08472966585870403,0.4125932804493142,-0.2567599379664738,0.0024307465329371767,-0.25319982657723955,-0.12180605001773907,0.7429680779725597,-0.34931444117944943,-0.23571902951039397,0.3854993952381634,0.23584615388337912,-0.10391573301196563,0.952815335442827,0.2251727306915735,0.055946020627556894,0.9536403903778372,-0.1419632788302377,0.08778726390369337,0.40637480875624105,-0.21067155700595935
447,True,4.479999999999729,5.459315273219322,False,False,0.4490249699853052,False,75.53104200633243,-0.0,-0.13611847840768337,-0.14443627926340583,0.8136428222044269,-0.3490658503988658,0.06112072896769013,0.36606476114550635,0.31180578125234815,-0.36939444602985955,1.37426176879361,0.2613748640196691,-0.12807322467694646,1.0590434972490461,-0.23281897030988727,0.051201482229741566,0.4115590202570852,-0.2590611168823624,4.861483343058387e-09,-0.1361187125626408,-0.14443623400186612,0.8136426808552542,-0.34906585089604636,-0.28408763222145716,0.36606480001729064,0.3118056293333973,-0.15786891283219115,1.3043090451780077,0.25271654645785346,0.05018315602623785,1.0521996284376063,-0.23560870265856487,0.08121763236177333,0.40805442905924766,-0.25906102010544635,-0.0016577243896885882,-0.23212959900716346,-0.12744629254589965,0.7604261288007592,-0.34928606223409225,-0.250748675060653,0.38236218146261075,0.2526662806625331,-0.11476580825259726,1.0313366192691595,0.22516963133803927,0.05541625564006169,0.9788866245089903,-0.15934132846556365,0.08763239233032749,0.40910847169712033,-0.22035553014657
448,True,4.4899999999997275,5.44851184724501,False,False,0.4604245233665629,False,75.30650001717731,-0.0,-0.17148379587792908,-0.12298361551612003,0.8225674558031707,-0.3490658503988658,0.0508324477147926,0.36594642239810105,0.325426814323024,-0.40424875516299713,1.385855072719474,0.25162393741929306,-0.13351555812114044,1.067226569264253,-0.236198800487566,0.04376946824919205,0.4098486269694886,-0.2633333427151063,-3.3154421484691415e-09,-0.17148392002378754,-0.12298362441255971,0.8225673315214791,-0.3490658508392886,-0.29304337621980653,0.3659464551395782,0.32542666880224774,-0.16872799439798336,1.3163454599351336,0.24276280185934296,0.04583918377590717,1.061897096643406,-0.23793473270367177,0.0776020857516086,0.4058688657582646,-0.26333325675878866,-0.006185008196916738,-0.21529896370787382,-0.13038616529629532,0.774585767998036,-0.3492578102253721,-0.2618544966493232,0.3793618359727889,0.2674830392683951,-0.125167023961128,1.0971188081326915,0.22784686849268632,0.05444503904361963,0.9991157892283903,-0.17529673082267494,0.08682946160171957,0.4100569196648276,-0.22907685172694256
449,True,4.499999999999726,5.435886854291304,False,False,0.46247518148646316,False,75.71633299812675,-0.0,-0.16306496399519407,-0.12256808800888867,0.8088790093987919,-0.34906585039886584,0.05484893152094982,0.3474817330686952,0.32800397027637795,-0.40434258111250876,1.38113322067389,0.24559901967978595,-0.13903169371791133,1.0572031220947553,-0.22298405664600496,0.041304338863183535,0.41252634440885305,-0.24822883957499142,-1.2369991652522172e-08,-0.16306506832226345,-0.12256810364686778,0.8088789408124059,-0.34906585078278474,-0.2791975580655812,0.3474817968365764,0.328003849234758,-0.16350600386498484,1.287205876911599,0.24720491886938997,0.04411447156215615,1.0831571287982702,-0.22298396127165448,0.07645600241625308,0.40836860995966096,-0.24822880127123728,-0.010671343453508512,-0.2028621004492756,-0.1310755743410324,0.7850251677994974,-0.34923032589037345,-0.2693393040491404,0.3753887613786727,0.2805062285320389,-0.13419206688815333,1.1483702261263882,0.2312992218513513,0.05310339140636738,1.0169062117653405,-0.1877373709000599,0.08562590257424105,0.41031142254219216,-0.23536308303391718
450,True,4.509999999999725,5.422597236754705,False,False,0.45788851381696133,False,76.67462504468858,-0.0,-0.16680631988969755,-0.10582844054380174,0.792781207225341,-0.3490658503988658,0.05643076414225814,0.3272292644482565,0.3326029711194203,-0.4122735099269768,1.3737787478505188,0.22041403899891251,-0.14051638229620997,1.0444906839155765,-0.22157677725868544,0.0347252123503372,0.40807338397022946,-0.2518514029871555,-2.1342644224847662e-08,-0.16680640032766253,-0.10582849023627279,0.7927811917289053,-0.3490658507278161,-0.26879273127049635,0.32722936148595805,0.3326028669261435,-0.15918639103479532,1.304885371810917,0.22082135698550953,0.04250528512680703,1.047079048735468,-0.2215767085691882,0.07430123348943707,0.4033697290281867,-0.25185137001066776,-0.014914661785248166,-0.19364695804778712,-0.1294555700882506,0.7909318789990749,-0.3492070473255113,-0.27313465534518516,0.36923073515754373,0.2917552616752768,-0.14105982909383336,1.1879254267672508,0.23280108181497391,0.051568652104128525,1.0297547753121568,-0.19656464225554648,0.08418455433288796,0.4099777896904598,-0.23962365091407306
451,True,4.519999999999724,5.409221131739894,False,False,0.4774481778293022,False,79.52933298656717,-0.0,-0.17038268500063622,-0.12695594934433962,0.8190708267956123,-0.3490658503988658,0.05308072423322945,0.3382007871311665,0.33625058064571156,-0.4388797858197962,1.3970915968020767,0.21674705926442428,-0.14462360705806113,1.058114367277403,-0.21220009044665922,0.03979438191938249,0.4173554776731116,-0.23839501160520188,-2.9829263916564264e-08,-0.22154171277323598,-0.17412992427116,0.7985915862855983,-0.3570111468603423,-0.25426348982601993,0.3382008539079582,0.33625049165525156,-0.15434733277319512,1.2895660539216185,0.216747091397706,0.04099235977659128,1.0575810490592508,-0.21220006298799318,0.07415013934517681,0.4132578335928588,-0.23839501396542637,-0.018309440973471706,-0.1910680074231635,-0.13159523067397744,0.7942268985144424,-0.34972000728153735,-0.2735245003799795,0.36297448008507927,0.3014210059025083,-0.14569018087623128,1.2175872936096845,0.23203092007188386,0.04995527584208905,1.0385326432703172,-0.20210408189208925,0.08272373994851498,0.4099660825648167,-0.2417154913953196
452,True,4.529999999999723,5.396012224185499,False,False,0.46141226000866287,False,82.67750003142282,-0.0,-0.1643867270244075,-0.09678054372998925,0.7953527795073744,-0.3490658503988658,0.06360590683712002,0.30946974055826454,0.3602702837284249,-0.41975481999731085,1.3932533593991554,0.17313273071041282,-0.13102311838034758,1.0459926843552485,-0.2118227933318423,0.03656091037010636,0.4051064640373304,-0.247639987186342,-3.6618808707533645e-08,-0.2163613102618635,-0.1440822602570263,0.7750469979220046,-0.35682671392713455,-0.24561842961318126,0.30226655037614153,0.36027016603010464,-0.15283212053273101,1.29217918711243,0.17313285094149436,0.03963150456526917,1.0452963321584445,-0.21182277425868634,0.07140242206028961,0.40095916878869087,-0.2476399753370996,-0.02098372851577076,-0.1932312802416888,-0.13533016195480368,0.7944733270682225,-0.35065594348817675,-0.2712416733624649,0.35502975574203727,0.31136213215079617,-0.14854456282135645,1.2393155749965987,0.22681414543995337,0.04832776078897725,1.0440515352802047,-0.20528112970020906,0.0812026502399009,0.40956459412606794,-0.2428523969104339
453,True,4.539999999999722,5.383128677039149,False,False,0.4219927604287905,False,80.98358300048858,-0.0,-0.13475882725780255,-0.11839824893523451,0.7961580252671747,-0.3490658503988658,0.0748069815515427,0.3172570504672419,0.33556369580071393,-0.3653376882487454,1.3555375514880466,0.24509627103211049,-0.11427068404285472,1.0263244090272678,-0.23379104272894374,0.045740869535126114,0.3701426353307665,-0.26189779852201706,-4.1967373100998406e-08,-0.17878505919519527,-0.15506532542688023,0.7767141863808995,-0.35754199987208607,-0.23823221858753332,0.29347061324808754,0.33556364739768346,-0.14941495684514777,1.2816391838920944,0.24151312125365887,0.03826804348659632,1.0258673188277914,-0.2337909858531681,0.06611852069195771,0.3677119501319248,-0.26189776042116875,-0.023188463213084116,-0.19414200239781457,-0.13907787226548968,0.7925895147075962,-0.3517342912060149,-0.2671763861980977,0.345255134801901,0.3192249822399709,-0.1500045648935597,1.254403788100814,0.22401244028772585,0.04672079589599564,1.0457221255135927,-0.20884179029680625,0.07932310059086474,0.40606779175219343,-0.2448876654476558
454,True,4.549999999999721,5.3707105673664195,False,False,0.4286241150889948,False,81.52916695689783,-0.0,-0.1637105105116082,-0.1283816710995964,0.8246866357717698,-0.34906585039886573,0.0569083862336203,0.3476103031172815,0.3341592340510513,-0.3914053810031584,1.383478802722184,0.24063475973807255,-0.12856178846832947,1.0533620019287966,-0.22527010456500351,0.04192875999310367,0.40165941477623845,-0.2483266857042735,-4.637683367544887e-08,-0.20487129227731535,-0.15898690659847423,0.8181647529486039,-0.35048408422455124,-0.23988505361371323,0.3255193127006146,0.3341592041826074,-0.15245350033717475,1.299913526127922,0.22564819673126615,0.037061855278303156,1.053136777259712,-0.22527007157468282,0.068791038722367,0.39845635465604345,-0.24832667882689247,-0.024388725363455592,-0.1950575072312349,-0.14316426717948502,0.7932652859196331,-0.3523098310701615,-0.26264335440040504,0.33798702708714756,0.3242212535491339,-0.15082110021263795,1.2659821897163686,0.2238426581438619,0.045166756448705936,1.046883430206247,-0.21235114821116458,0.07751261804188375,0.402792818009297,-0.24655827536552619
455,True,4.55999999999972,5.358763083812773,False,False,0.4325196027791025,False,80.76104201609269,-0.0,-0.16943284607729706,-0.15137394106136817,0.8389660578384692,-0.34906585039886573,0.05482761720393449,0.3739128938453733,0.3316739095104339,-0.4001482077331541,1.414459732073833,0.21191909560498526,-0.13040921186883647,1.070343312055426,-0.22056568844265326,0.04596801873955221,0.41806954087509796,-0.23691037258807304,-4.877735316696774e-08,-0.21211628179766495,-0.18277197723028013,0.8327175802235773,-0.3502620448882347,-0.2436300099072931,0.3521328394758444,0.3316738946051518,-0.15824696861374324,1.327051268887101,0.19574388677299615,0.03595850944533026,1.070273914369395,-0.22056567195010537,0.06982796185190725,0.4152257013045763,-0.23691039188948013,-0.024407593086716608,-0.19738146346248636,-0.14890121654426,0.7976241397767134,-0.3523595004283996,-0.25875012602492414,0.33577540441562226,0.32719991771264023,-0.15183970581904996,1.2775492950555107,0.22182833562728338,0.04368220794703418,1.0499779491443744,-0.21475164524334558,0.07611404778673776,0.40236537772657693,-0.2465607857744921
456,True,4.569999999999719,5.347196813616396,False,False,0.4429164006299782,False,78.76791700255126,-0.0,-0.1619941878540105,-0.10485924299557985,0.8174701350072201,-0.3490658503988658,0.06191822474431918,0.3135562744010306,0.3582302487030775,-0.4172768047315068,1.3828077814255941,0.21959849111345395,-0.13975627903964072,1.0512924528027894,-0.23329092172235122,0.036637399679349494,0.4005824585335734,-0.24725023805814617,-4.881508854429062e-08,-0.21156257015153446,-0.14655747349803644,0.7993802434167998,-0.35567393461081354,-0.23082527268428424,0.29254340722542604,0.35823018664253964,-0.15335057429773014,1.3160739313748275,0.21452644216214084,0.03468826788409773,1.0512827298603078,-0.23329088439399298,0.06644047714815962,0.39702533029846676,-0.24725023668001292,-0.024127095103727368,-0.20020110474746372,-0.15272839511741118,0.8009402476593696,-0.35251562744190557,-0.2547407135335948,0.33233819546324056,0.33106156091060684,-0.1526632324298803,1.28791746868284,0.21967105968420242,0.042247097470244514,1.0527056390122929,-0.21723022033265596,0.07481458141018418,0.40241371236225093,-0.24621724376004325
457,True,4.579999999999718,5.336044680785827,False,False,0.48621856522603407,False,79.67225002357736,-0.0,-0.17397254883448732,-0.09905896369131431,0.7983209138673159,-0.3490658503988656,0.05938696462601134,0.3108304465048995,0.37532608154654085,-0.4834158977619914,1.4225544086537183,0.10955361940004095,-0.147648062685732,1.0604655954612656,-0.2243004529231961,0.032989496459651046,0.4200203706429319,-0.23796603470017014,-4.8254093696492584e-08,-0.22811126785401573,-0.14659982923125947,0.7740523292536877,-0.3584114120362963,-0.2358926731670773,0.30720354620700885,0.3753259930176766,-0.1612654793318191,1.3488625903729685,0.10955384427019489,0.033725090376082886,1.0604541326347032,-0.22430043948494363,0.0678163260904794,0.41585735092051196,-0.2379660512023581,-0.02356258159916879,-0.20411341525207868,-0.1540016301320261,0.8002886345719122,-0.35306828926050177,-0.2510231262268626,0.3276628653183219,0.3371926082498599,-0.15373493514919212,1.2987618875942089,0.21014759804972982,0.04087435381862973,1.054940940537128,-0.21923489736125537,0.07367976044453724,0.40337059575344897,-0.2454860936093944
458,True,4.5899999999997165,5.3252475477827605,False,False,0.45477090999408265,False,78.85858399095014,-0.0,-0.12314425555843138,-0.08280999565583809,0.7312521481743639,-0.3490658503988658,0.08045907112008287,0.26070133925075484,0.3859704295537491,-0.43207573375548675,1.3755944377911533,0.15594738543117478,-0.13501348769547106,1.0233073261404217,-0.23186969496405363,0.035756888086117225,0.37519825524620903,-0.25518724443164637,-4.7125068947800886e-08,-0.1769772883748301,-0.1299190373602684,0.7070460453415786,-0.3583056711593595,-0.2189910094084222,0.2358722802962695,0.3859703319983016,-0.15149163292055068,1.3180159760058494,0.15594749368648517,0.032428789422091195,1.0233864773730121,-0.23186966935831368,0.061294894242336584,0.3721402080603541,-0.2551872250328744,-0.023276506314690568,-0.20472838017088094,-0.15280212053293013,0.7918712955910373,-0.3538134554308197,-0.24676972685256363,0.31806797847831253,0.34505487040269406,-0.15440670330531214,1.307380339020758,0.19838537318567423,0.039542040613093264,1.0542966575241837,-0.221040972816098,0.07229319270489508,0.40197248006290376,-0.24561558010945272
459,True,4.599999999999715,5.314928888025697,False,False,0.4535941237876677,False,79.56337503856048,-0.0,-0.1614218623045055,-0.1792133276262197,0.8364112024059264,-0.34906585039886573,0.049836357218494096,0.3638900065285775,0.35943890653449595,-0.45428548421742726,1.4402073832678848,0.12767779731265244,-0.14309270567891327,1.067850903433762,-0.19463859385762533,0.03920232121400273,0.436660841858886,-0.22790371624515518,-4.655291952274099e-08,-0.207927086303776,-0.21556318649331596,0.8229773606932695,-0.35333699536561985,-0.23983239044605312,0.34027772875614104,0.3594388777664812,-0.167922827763436,1.3763856983480114,0.11717490710562833,0.03173863696550025,1.0678045319683176,-0.19463864699812025,0.06808650991987804,0.43320235089887216,-0.22790375166609544,-0.022215199827433255,-0.20443909130016757,-0.1567103784175034,0.787660406852252,-0.35424986312052126,-0.24368707084225183,0.3128141003313505,0.35092781708623694,-0.1556980337864773,1.3173798212199133,0.18580322998555301,0.03828740691312193,1.0544670364693414,-0.220023157212547,0.07124066759358817,0.4027843833556424,-0.2446671612336355
460,True,4.609999999999714,5.304980849290831,False,False,0.46831609857167417,False,80.69249999243766,-0.0,-0.16243729489992223,-0.12122659467350028,0.7966757075403562,-0.34906585039886573,0.05584176531507496,0.3293815207696997,0.3330949271924083,-0.476096429319876,1.3967700298418226,0.17126481690166295,-0.1496186567285683,1.0502333547515919,-0.19101172723530677,0.03580630861753445,0.42776232161362865,-0.23723880543173734,-4.4430310798537764e-08,-0.20810290649591093,-0.15681762628364013,0.7816066748880665,-0.3538014748655113,-0.23154155378279467,0.3061982172485749,0.33309496285811674,-0.1653170412460907,1.3468375873247402,0.16221372860150837,0.030680391227784563,1.0501418647607519,-0.19101178480815614,0.06600289970047891,0.4241331644414256,-0.23723882031674523,-0.02092939321222389,-0.2049828427183772,-0.16093422673606483,0.7869347734347487,-0.35440286201940224,-0.2416067036553707,0.3113535695605173,0.35229230962629243,-0.1574829397086892,1.3267138943563996,0.17643838178118873,0.03709356375842336,1.055224178606251,-0.2163000766209708,0.07053244453719631,0.4059835426822322,-0.24312027508580591
461,True,4.619999999999713,5.29539293453639,False,False,0.44769010133600884,False,80.10791597189382,-0.0,-0.18817845547410036,-0.14278953949038162,0.8300146316375492,-0.3490658503988658,0.041370486583430136,0.35308397510966005,0.32833996286410366,-0.4620872244881075,1.4127651474749328,0.16922037500655132,-0.15065718185076232,1.0622502225887316,-0.19045924679797466,0.0350022390751207,0.42625144684978333,-0.23122054078805843,-4.18587027053996e-08,-0.2279833230235574,-0.17313180643076173,0.8175837333514084,-0.3527910026236786,-0.2323295295038123,0.331084417698059,0.3283400107687014,-0.16744453714160892,1.3681388243324906,0.1599909544676,0.02976318685827853,1.0621793368969683,-0.19045929852712878,0.06502918616161435,0.422628365553655,-0.23122056458285822,-0.019692767297721642,-0.20735300379480767,-0.16379329989184316,0.7889100080209,-0.35436190796126144,-0.2399383612842834,0.3121915570291759,0.3503225957555863,-0.15932957655690383,1.3351886602950938,0.17103428755791314,0.03594883424512316,1.0563982734427124,-0.21174154740995413,0.06989694510367023,0.4093432595446339,-0.24138297684809912
462,True,4.629999999999712,5.286118984317506,False,False,0.36368941323284293,False,101.44387499894947,-0.0,-0.14939443736427183,-0.1372809839944597,0.831497596057634,-0.34885846187451297,0.06305736049319678,0.3433322706056825,0.30519285583082406,-0.3210606285152865,1.3424366995576191,0.3121017096477788,-0.12793972518056312,1.0241685669885412,-0.19811820527825952,0.034081983374039435,0.35769441016100684,-0.23674861988340476,-3.9385455823798265e-08,-0.1769951899572135,-0.15993038950674657,0.8149695621936047,-0.35555280281272195,-0.20224561841803707,0.3219925010021585,0.3051929460901234,-0.13930075060818636,1.2984382773173946,0.3121014276002957,0.028257166795663292,1.0237692033540577,-0.1981182323989405,0.05551283522507207,0.35510185311249637,-0.23674862914970538,-0.019065851293937886,-0.20709590944605094,-0.16541884099496595,0.7928319528239173,-0.35436175392951924,-0.23642281703133874,0.3140627455319598,0.3452324394818364,-0.15896327262193682,1.3377975935216098,0.17973897897196883,0.034799279979259246,1.0552155432994896,-0.20793611679510826,0.06860284388732024,0.40718729069861026,-0.2399264053328542
463,True,4.639999999999711,5.277227484630512,False,False,0.3851149978848575,False,80.76941699255258,-0.0,-0.15875844641660553,-0.12801918241018762,0.8229902775551536,-0.34900635021573756,0.05314875017913931,0.34189322005498496,0.29867801512393694,-0.3712884328898763,1.3585079634760147,0.2858083910300894,-0.13315520192652244,1.025153372771617,-0.1789956334822156,0.026446381986922472,0.3589392868419387,-0.24050598719213812,-3.813162632176903e-08,-0.1916844251788684,-0.15470223837952468,0.8050545854113588,-0.356085333433604,-0.20608292176068277,0.3208384908099554,0.29867810823259944,-0.14628053059962606,1.3231677887919129,0.2845163657984647,0.027479229881809075,1.0248692655071392,-0.17899569146523062,0.05485144157372444,0.3555054190899877,-0.24050598602732307,-0.018820024859331874,-0.20496314677236335,-0.165493646916557,0.7962542830399657,-0.35447163435602125,-0.2316577758625628,0.3157343827634044,0.3380872801835411,-0.15722598521027678,1.3369891899483792,0.19676509343257276,0.03366457546043303,1.0518396169683324,-0.20367356864566064,0.06676907052756087,0.400492390410071,-0.23922358342833835
464,True,4.64999999999971,5.268716129334844,False,False,0.3846085230477718,False,79.67033295426518,-0.0,-0.1493654313408058,-0.12182814848126475,0.8251728629608649,-0.3490361425286566,0.062228440369599486,0.32520503310523907,0.3124373356208124,-0.36209590534436487,1.3735370953352743,0.23153730229710953,-0.13154499105640058,1.0293563231441025,-0.18435720261908864,0.03385388220071915,0.37926624538569625,-0.23454330025196912,-3.7639974439368507e-08,-0.19035036750297202,-0.15579568383052417,0.8018943459118715,-0.3583664851427163,-0.20304373828223252,0.30336334439978846,0.3124373869205989,-0.1472626633770639,1.3296378000020839,0.23153723274814975,0.0265951855861965,1.0289636689042185,-0.1843572411681811,0.05662147034119993,0.3765236063287691,-0.23454330962340464,-0.01858383078099225,-0.2027382473157899,-0.16479536349348287,0.7984777419903935,-0.3548037759208693,-0.2267997443783358,0.31582700566946076,0.3318036363877953,-0.15546816524493665,1.336380873010932,0.20988553230402085,0.03257111511759314,1.0482934921479816,-0.19942516014243397,0.06502140236083014,0.3943122181354011,-0.23864399959230054
465,True,4.659999999999709,5.2605435238122285,False,False,0.43881312903428926,False,79.62329196743667,-0.0,-0.17221889104307228,-0.1399836274555396,0.8212115008950869,-0.3490527469312704,0.04937934837755952,0.33238273099967486,0.33632247558486994,-0.4538020690073571,1.4116670217421605,0.16457087905340756,-0.15429795246829323,1.0443916215073363,-0.20399503404964456,0.04002898155970468,0.4021797902471603,-0.23344939007414472,-3.716758722321911e-08,-0.21500976683515421,-0.17381385214528852,0.8023718964383713,-0.3561595266310865,-0.2205619323076575,0.30993181829787075,0.3363224665472096,-0.1683044984067953,1.3758907796986242,0.1597883058958636,0.026319209910782185,1.0443478196480938,-0.2039950245961845,0.05911190012655439,0.3998886810715446,-0.23344940047974957,-0.017997670408332465,-0.2024898007790614,-0.1651994707127096,0.7999119356320386,-0.3550904158511586,-0.22362940969937922,0.3151234586832498,0.3289366421035124,-0.15549742797088953,1.3396797812590124,0.21222330278280954,0.031567564060382185,1.0463788275591897,-0.19737002846434082,0.06376566320082483,0.39159352634111305,-0.23792288615933707
466,True,4.669999999999708,5.252626430659079,False,False,0.46031557487390845,False,79.05870897229761,-0.0,-0.1673235829797609,-0.08705912249543032,0.7991829028756715,-0.3490602072321835,0.05940654257830172,0.2736132068245757,0.34385472996407057,-0.48439065813602894,1.3733671204471045,0.1737390208286445,-0.1502759250079147,1.0277591268372561,-0.20879798960959498,0.023014215369622427,0.392805452584146,-0.23937636019556763,-3.599526882461235e-08,-0.21368284583807376,-0.1256235099351692,0.7735407129888022,-0.35929325886016816,-0.2243677389533926,0.25585286450206207,0.3438547001279545,-0.17884074884456094,1.3404690435007134,0.17373910217136052,0.025842945888437035,1.027680902280286,-0.20879796845615353,0.05723116050911786,0.3887026852619157,-0.23937635728839038,-0.01759475960713794,-0.20389768995390237,-0.16299376908937593,0.7986838307035503,-0.35548524916290364,-0.2223972969230284,0.3102429725549194,0.3292943196138376,-0.1578438967830566,1.3432274773721997,0.20833293727072555,0.030663187884496443,1.0446773019629774,-0.19753491641432014,0.06280203597387063,0.3906699469856694,-0.23756768939660758
467,True,4.679999999999707,5.24502897037691,False,False,0.44242315985049874,False,78.21975002298132,-0.0,-0.14862168411616009,-0.1315825856625794,0.8162562340810592,-0.3490641152817746,0.06920395607126771,0.2592547402034344,0.4125410288791776,-0.45454315395612943,1.4127761477587728,0.17126209749039115,-0.14466544708652246,1.0429982285671002,-0.229924426960172,0.04516039572601424,0.3762916898146248,-0.21962611411203162,-3.518944883054709e-08,-0.19904808240249905,-0.17199718855571677,0.7903207211850402,-0.35925162096077506,-0.2024927430831418,0.24126176967978702,0.41254086238609206,-0.16061370338269834,1.3738637132750606,0.1684859630685246,0.024558611654055568,1.042971288853508,-0.22992436190522794,0.05456001783448317,0.37516514297767817,-0.2196261499952225,-0.01727594650977379,-0.2047238236161134,-0.16170347651095862,0.796724604576096,-0.3560089528379109,-0.22070538123093902,0.30096275704116604,0.3366128105280937,-0.1598662878897705,1.3476251108200819,0.20249188816164923,0.029789447961457282,1.043765674990934,-0.20043464846251208,0.06180577465919387,0.3891677292934482,-0.23609036865036362
468,True,4.6899999999997055,5.237721406318401,False,False,0.4403224526366806,False,78.62795802066103,-0.0,-0.14862168411616009,-0.1315825856625794,0.8162562340810592,-0.3490641152817746,0.06920395607126771,0.2592547402034344,0.4125410288791776,-0.45454315395612943,1.4127761477587728,0.17126209749039115,-0.14466544708652246,1.0429982285671002,-0.229924426960172,0.04516039572601424,0.3762916898146248,-0.21962611411203162,-3.45518239124043e-08,-0.19954340974176143,-0.17114057912974304,0.7909571328176319,-0.3588779846153379,-0.2039456647152988,0.2371159902224197,0.4125408770230446,-0.16479699218218752,1.375272443422647,0.16665492140275345,0.023944395947524295,1.042977805126067,-0.22992436658611423,0.05398200545270582,0.3752349925557021,-0.21962614712964917,-0.01692026199960409,-0.20474294672826343,-0.16262333315897848,0.7953857859898821,-0.3564962860375711,-0.21832990114157985,0.2900566463524094,0.34851663484575734,-0.16114678208955485,1.353242952206702,0.1962018643605067,0.02893294150577193,1.0438240174630566,-0.2049159472455987,0.06076483770425207,0.3870935726023484,-0.2336072418427728
469,True,4.699999999999704,5.241949255845519,False,False,0.3079922642547763,False,79.66970797860995,-0.0,-0.18676728381356908,-0.2015760713031988,0.8734014206618635,-0.3490653908974311,0.054673748023496734,0.4399512504022557,0.2684076835756794,-0.23130382300160754,1.3797705928571027,0.20418217231580021,-0.11811183899376163,1.1100008353105795,-0.16556514301051853,0.05345103601994819,0.4653595042882225,-0.2089801706943227,-3.384045631563137e-08,-0.19330945631346316,-0.2068690967984839,0.8694176410203375,-0.35068284209317757,-0.1844603291654473,0.42099793396309193,0.2684078437932615,-0.1310509993898602,1.3553445282131922,0.20584580508962674,0.041369384595403944,1.0864053353039342,-0.17009121304475522,0.07703288466324854,0.46253623816284195,-0.2089802200499828,-0.015690288593733056,-0.20407583938085655,-0.16716695938854834,0.8004842191207319,-0.35635933540729925,-0.21454341174787853,0.29374866522899973,0.34944300804093187,-0.15959630216689238,1.3573037158355825,0.19345170562706865,0.029406991068519624,1.047558444619405,-0.20489699992476354,0.0614633933895698,0.39170230661908956,-0.2302304224813909
470,True,4.709999999999703,5.254990772442421,False,False,0.3057717325432341,False,79.69320903066546,-0.0,-0.18676728381356908,-0.2015760713031988,0.8734014206618635,-0.3490653908974311,0.054673748023496734,0.4399512504022557,0.2684076835756794,-0.23130382300160754,1.3797705928571027,0.20418217231580021,-0.11811183899376163,1.1100008353105795,-0.16556514301051853,0.05345103601994819,0.4653595042882225,-0.2089801706943227,-3.138051442655443e-08,-0.19274667376681603,-0.20640487063143095,0.8697576084659566,-0.35054765193376264,-0.1830322142682277,0.42091913026099015,0.2684078456460042,-0.13143163320120171,1.3557561428096394,0.20573768174969326,0.03988003978061194,1.0873022848435712,-0.16977511602788475,0.07581867188019736,0.4626760793984771,-0.20898021318622534,-0.014136642755653314,-0.20288300829020434,-0.17397001447343022,0.8106463019491424,-0.3556862711482665,-0.20971564186149977,0.3100201524435437,0.3403134237571782,-0.15582729401666012,1.3594889572473954,0.19391667868153437,0.030895793185778512,1.0541051810938702,-0.20075703180912732,0.06355736837671093,0.40183956507385815,-0.22646767004472973
471,True,4.719999999999702,5.298342031357676,False,False,0.198060936228245,False,78.80037504946813,-0.0,-0.21500865304314296,0.017896027359856157,0.3758406816061245,-0.3490658503988659,0.0005796593648365114,0.44828542764666024,0.03290393929706148,0.0482246750994956,0.49998121714070254,0.19265440618774127,-0.015550943384082513,0.581652643086268,0.007377909409642919,-0.028536095986882323,0.31940705381560314,-0.11640983634784147,-2.827322896289952e-08,-0.18124703869657602,-0.08134031988930168,0.37387630716910286,-0.349065863630433,-0.0653091334892413,0.4428025335437942,0.03290455411480081,0.01566679943277627,0.5016712590908086,0.19265440861067198,0.08184415176939733,0.5762037651353646,0.007377493546693259,0.08590466189027636,0.3056183657769682,-0.11641005649093873,-0.016095616697963062,-0.1999835986477878,-0.17083918664200975,0.7833110264592111,-0.3545496005003009,-0.19612546187861438,0.33120549814665295,0.3096342926824682,-0.14017474106665376,1.3225981267920517,0.1950418176535949,0.03572659487448183,1.0222503032729424,-0.18101787068815298,0.06664084486987716,0.40083058529064874,-0.21560795791364182
472,True,4.729999999999701,5.331090397689523,False,False,0.21372178529945526,False,78.9187919581309,-0.0,-0.21500865304314296,0.017896027359856157,0.3758406816061245,-0.3490658503988659,0.0005796593648365114,0.44828542764666024,0.03290393929706148,0.0482246750994956,0.49998121714070254,0.19265440618774127,-0.015550943384082513,0.581652643086268,0.007377909409642919,-0.028536095986882323,0.31940705381560314,-0.11640983634784147,-3.2191169015149956e-08,-0.18235348655199562,-0.07985804007484194,0.3736669656631249,-0.34906586145873525,-0.11005416809995401,0.4283439015577033,0.0329044927566613,0.009820849365117179,0.499982865032619,0.19265441082925905,0.07666554712857009,0.5761564665476306,0.007377534180655121,0.08205691907471327,0.30626198873170585,-0.11641003482608271,-0.02022386405925902,-0.1965524934410111,-0.15925325121181066,0.7246898670428517,-0.353358317504303,-0.17917013098942902,0.35181854245802296,0.2648278372634532,-0.11631314589955924,1.2502077041150579,0.19570015377257857,0.04262973990125574,0.9585643944177102,-0.1505459974154942,0.06993869676538843,0.3895256293027818,-0.19955977900611305
473,True,4.7399999999997,5.3243523184473505,False,False,0.20799546221877938,False,73.11837503220886,-0.0,-0.21500865304314296,0.017896027359856157,0.3758406816061245,-0.3490658503988659,0.0005796593648365114,0.44828542764666024,0.03290393929706148,0.0482246750994956,0.49998121714070254,0.19265440618774127,-0.015550943384082513,0.581652643086268,0.007377909409642919,-0.028536095986882323,0.31940705381560314,-0.11640983634784147,-4.0447647224606254e-08,-0.1859669148501139,-0.0729289206066904,0.37338027252474143,-0.349065859014281,-0.1033521614735463,0.43113429722012464,0.0329044031439297,-0.0016297939936103928,0.5109728917233234,0.19492135851239809,0.07290918267766845,0.552810959886138,0.0017443119194611445,0.07922464277111631,0.30696095403025503,-0.11641000262373209,-0.024177081961981334,-0.1940049072352449,-0.14518598148891732,0.6599423892553054,-0.3523947905768733,-0.1638358068158445,0.3695530605929645,0.21963667792539768,-0.09297764462368836,1.1627645640639146,0.19605623374706158,0.04917834069923357,0.8869947740191151,-0.11998406369137615,0.07265500816713062,0.37547955773553765,-0.18332281659677443
474,True,4.749999999999699,5.441088558824212,False,False,0.30977547987433623,False,74.83670802321285,-0.0,-0.5770862961550092,0.04591143911938471,0.5917872172835672,-0.3490658503988659,-0.017297443331142408,0.512094167625413,-0.011828869929132138,0.07755128858438162,0.46787557231180366,0.13709537152893925,0.02245263972152238,0.6197890168093001,-0.10732982532758374,-0.01644291823168728,0.36571174728022443,-0.1377387964372348,-4.835406720860025e-08,-0.5116761562930142,-0.16908624129183422,0.5849099287088286,-0.34906585705673293,-0.10763858975238703,0.4985432889692796,-0.011828406998962315,-0.007457687692547912,0.49165584154276676,0.14234068705833366,0.07799816671072345,0.6016901867834847,-0.11380279879294161,0.12404171739162059,0.29502386941124475,-0.170279397100259,-0.026423620001992783,-0.21759253926284805,-0.13868254251920795,0.6171010947299919,-0.35163901330580305,-0.1509922515294293,0.3894177408963168,0.17604746094543378,-0.0734287095477761,1.0690305740012638,0.19219239628697146,0.055108102684217744,0.8232075761934671,-0.10243340626775735,0.07808920986461713,0.36116759044773394,-0.17314670481885625
475,True,4.759999999999698,5.556581277693272,False,False,0.38879781845138894,False,81.5245839767158,-0.0,-0.5706146398984554,0.031093740657451234,0.5685993133184256,-0.3490658503988659,0.003099195528125858,0.4651397825767202,0.034662332174936014,0.09063127930319394,0.4443131959682074,0.19205921048159622,0.010758898246965005,0.624970703862165,-0.09778016028837681,0.0033180134513045648,0.3450864788740018,-0.12166437376963496,-5.284713430753207e-08,-0.5126122877410768,-0.15864960610274598,0.5614023146089828,-0.34906585554518144,-0.22250907834524725,0.34448446061061505,0.03071354074058849,0.0524682865360241,0.5523385570319372,0.19339017364073632,0.12105403444326936,0.6420244956996874,-0.0955867780891719,0.13233908277619713,0.28781080624896793,-0.14918673752418127,-0.027231491820344032,-0.26178789746510805,-0.13901890886879711,0.5943488080381792,-0.351081290128245,-0.1492515269090646,0.3987062216447349,0.13999137499599476,-0.0533351713784095,0.9737231829323651,0.18894805991250138,0.06351434059442024,0.7747189187121197,-0.09533394326775126,0.08638390654856289,0.3473226643096333,-0.16705669952250188
476,True,4.769999999999697,5.634963706031969,False,False,0.3131977500014077,False,81.21058298274875,-0.0,-0.5527587649724558,0.02480818749453321,0.5532355395838987,-0.3490658503988659,-0.006593422544990001,0.4591915618915818,0.04684808670256623,0.08319864987682568,0.4471254795226642,0.21975786296744332,-0.0023661972884676565,0.6291249534405141,-0.07862662846180675,0.004941423200016233,0.34269756659421197,-0.10258285540165486,-5.446287471011502e-08,-0.4977962061773983,-0.14609431209516144,0.5455369631058409,-0.3490658544297373,-0.1759429291961601,0.3920249180592531,0.045070335197026926,0.039110309255057416,0.5018505349772204,0.21975780133067943,0.10494945307208739,0.6591070475706116,-0.07304389847830295,0.11604250144778944,0.2943069570023299,-0.12583765342600875,-0.02672557095024442,-0.3083008741364984,-0.14100498461273775,0.5800029731367711,-0.3507094230348933,-0.15333491782448114,0.40026907589215616,0.1139305927789191,-0.03402545453081981,0.8822586539655967,0.1902756290772838,0.07247856832723691,0.7409308943519267,-0.09084019733734433,0.09408685513241052,0.33543603005042716,-0.16069838302959685
477,True,4.779999999999696,5.695594689065769,False,False,0.2705715520348866,False,81.4455000218004,-0.0,-0.5099336339859131,0.03358648727600744,0.5138754153335368,-0.3490658503988659,-0.010776647916744753,0.4360032688832355,0.06174603944734046,0.08219958199481314,0.41707024642761453,0.24661062353898533,-0.007524348906621288,0.6045246230240364,-0.04312913388942585,0.0033748301485573453,0.32397026884848157,-0.10109905078414273,-5.345103499393433e-08,-0.45667692288547557,-0.12243144811543918,0.5057366402619203,-0.34906585368600457,-0.14155675166241935,0.3976266022099382,0.060833630626020686,0.031606774091869703,0.447046003295192,0.2466105108296578,0.09523975743627525,0.6316931953567183,-0.03814425321588105,0.10472327541870487,0.2804093988718492,-0.12200690160231945,-0.025352016299446743,-0.34664363135848425,-0.14131172131637462,0.5668683372654038,-0.35047676660545846,-0.15527835688681724,0.4006021152499983,0.09669104726025056,-0.01825953958216683,0.7966553195293099,0.19639265794713012,0.0793770887943957,0.715700853171322,-0.08424516893418235,0.09921249656053753,0.3248769801613886,-0.15377579073540296
478,True,4.7899999999996945,5.739897638460538,False,False,0.23201407765431217,False,80.94029204221442,-0.0,-0.4901641934280052,0.023337843830681448,0.5164867101580609,-0.3490658503988659,-0.004770795456576383,0.42324148591623445,0.0782254461993257,0.08513049313021931,0.41375619453578255,0.25651949871835594,-0.010262393860950377,0.6010331838990558,-0.02084086930292878,0.006759375706164378,0.3136959262566864,-0.09206038405603578,-5.0703931182144446e-08,-0.42689987542148294,-0.11265726460740151,0.521732744303707,-0.34906585322069267,-0.08510990786018852,0.4109036042765695,0.07794912850612729,0.03855801691608966,0.41698455013712826,0.2565193786223493,0.09505376977636447,0.6124858962948322,-0.020840995538235346,0.10848537386126306,0.283660574133174,-0.09891001207597136,-0.02342724990504527,-0.3733535626543764,-0.13930533797721795,0.555403341118284,-0.35034878197368785,-0.1506419538256748,0.4015155270714691,0.08697172517555907,-0.0054938867047568405,0.7188546816027814,0.20551074954050488,0.08424507524380208,0.6944512939037079,-0.0748187295397185,0.10250447732208232,0.3157729422147406,-0.14548099088884475
479,True,4.799999999999693,5.763493748522899,False,False,0.22459595535133597,False,82.96266704564914,-0.0,-0.5111564843672024,0.00879610327469363,0.5338179695596118,-0.3490658503988659,-0.01050333618043752,0.4029658632795963,0.09088382773498947,0.07294420876361646,0.41211294465587023,0.2565784934903624,-0.02480581791813881,0.6073393571360945,-0.024369053465829585,0.00019053455691834045,0.33205508355617347,-0.09454088510272696,-4.685440609455971e-08,-0.45318677960361803,-0.11247179478123231,0.538107460188372,-0.3490658529647239,-0.10075618845174103,0.39322097315872934,0.09088381990977507,0.015249900240772617,0.4121135574245611,0.25657839131012794,0.0780434482431072,0.6152367887868918,-0.02436915438522312,0.09740455557109146,0.3062978831526885,-0.1004603417660797,-0.02096271847781494,-0.3930461574851894,-0.13611720097568233,0.547940874013214,-0.3502631780301489,-0.14270472105461923,0.4017794736916413,0.08305172420282221,0.0031233653169310607,0.6516664943716097,0.21511958197751835,0.08650720782748542,0.6768031647252071,-0.06496261489145289,0.10402752207143738,0.3101921593553385,-0.13685580049807686
480,True,4.809999999999692,5.7690405534756275,False,False,0.20099462477554197,False,83.39845802402124,-0.0,-0.49137443916771917,-0.0017605049770412688,0.5419778761107221,-0.3490658503988659,-0.015334553836752803,0.40285572458654584,0.0877168222597064,0.07016723665926963,0.399798229558053,0.263939308653685,-0.029461970666835136,0.5917830443510455,-0.023458545455030854,0.002942952000473927,0.30638231416800926,-0.08323099530382655,-4.192535310934553e-08,-0.44471935626502934,-0.09771338426251734,0.5451647520995014,-0.3490658527935164,-0.10029489422126857,0.3940258958044176,0.08771681293049734,0.013542695427339352,0.3997987348909228,0.26393921109642016,0.07403426859048962,0.5950661535530546,-0.02345862832609201,0.08889709541773286,0.28708281011576525,-0.0876617117232521,-0.018282697953132494,-0.40788942677984535,-0.13161676609421558,0.5442000636751598,-0.3501950309971195,-0.1347529641131742,0.4011667670869636,0.08214057599238393,0.008024144336143029,0.5954286568703803,0.22436666121146556,0.08649008206285529,0.6612439269668531,-0.05614330940098173,0.10359659960978827,0.3060880772474083,-0.12814438171698464
481,True,4.819999999999691,5.770371762623084,False,False,0.19126051466743954,False,82.31641701422632,-0.0,-0.45960966625059757,0.024412735941974607,0.5381208575965483,-0.3490658503988659,-0.008990231924072107,0.38223168063952384,0.09314782229734843,0.08935075785376616,0.37229731044780306,0.2910310049103444,-0.01359440957559542,0.5525694452844423,0.015520558172195349,0.007582808800309415,0.2715806700401994,-0.08192102987972309,-3.656532277657165e-08,-0.41220020707170113,-0.07219268816969404,0.5412139547619862,-0.34906585265722256,-0.08240826690378034,0.37480564845564035,0.09314780028524433,0.03129529840249057,0.37229775803748305,0.291030871674436,0.0821811970542317,0.5525221572707139,0.01552041497260117,0.08983120245052909,0.2565645309351192,-0.08534308972710916,-0.015920894755242908,-0.4161592387334279,-0.12454917676510621,0.5423508974531527,-0.35014243960256997,-0.12632367151903828,0.39878660234217167,0.08285667456924518,0.012030144780208816,0.5475779508862707,0.23481566376537313,0.08592637826269346,0.6442733074624558,-0.045645015369610284,0.10210706604990025,0.2999662748799218,-0.11971926952264869
482,True,4.82999999999969,5.7723526109140675,False,False,0.17737741840024399,False,82.47558301081881,-0.0,-0.46087062419121216,0.015352396828968244,0.5427881340810791,-0.3490658503988659,-0.009347396469831914,0.39698874100929676,0.08197389138365084,0.09173070372735373,0.3921734505459381,0.28445761075135334,-0.012494594787492656,0.5524787272798444,0.04723524067950813,0.012079230658951404,0.2848814973836957,-0.08086752578145594,-3.184172582548772e-08,-0.4205223736626378,-0.06712455607723833,0.5453985653211504,-0.34906585255204,-0.07792239878581947,0.39020206827116016,0.08197389315168949,0.03372717460540868,0.39217376269477155,0.28445751158705496,0.08143761191855868,0.5493418977752142,0.04723505492391725,0.08920532030613565,0.27371865465726813,-0.08339021232986597,-0.013568882280022157,-0.42010740366370397,-0.11582973756367401,0.5416489871644469,-0.3500857796512331,-0.11762280094810929,0.39642574160917804,0.08353173961363844,0.01604978998739678,0.5092051581324809,0.24504129387780782,0.08543992432840113,0.6267796119502799,-0.03170410565481687,0.10032150740366251,0.2938836948459586,-0.1121736033536983
483,True,4.839999999999689,5.774617113465996,False,False,0.1636958907888545,False,81.70524996239692,-0.0,-0.44665137943008976,0.006577743477518544,0.5431125119520742,-0.3490658503988659,-0.003701313822878076,0.38497085563636496,0.08875052245192457,0.09609152561243486,0.3777353658149878,0.29934797106344785,-0.01065170319993055,0.5356633126179645,0.06589368043911989,0.010974948800842446,0.26629614537836166,-0.07338886654921455,-2.7137710282079675e-08,-0.41609662108528733,-0.056589228653894603,0.5451219611794957,-0.34906585243872035,-0.06972745466987204,0.37858576777594866,0.0887505119862629,0.03730672459013333,0.37441494835365785,0.29934786320053053,0.08114351891696157,0.5332920293561818,0.06589348473864762,0.08560415164694718,0.26580135409039396,-0.07338894358860507,-0.011300837361372844,-0.4217956141413693,-0.10637458301611533,0.5416484168735147,-0.35002071497685927,-0.10898853658274776,0.3940258124328551,0.08418155269383709,0.019990738396683385,0.4785878182485919,0.2549142836338051,0.08499055149714126,0.6097000043148866,-0.01532492585681538,0.09831135830307218,0.2885456593482703,-0.10501323076410383
484,True,4.849999999999688,5.775771315044808,False,False,0.15606227661599717,False,81.3055420294404,-0.0,-0.4683292054698083,-0.0007696396727850836,0.557473427616897,-0.3490658503988659,-0.00893740989940155,0.39407571258310303,0.08420613691699767,0.09548946496548863,0.3868512625080867,0.29969917358133263,-0.011586608719568318,0.5470131517376967,0.07111392985968713,0.012568735147891892,0.27971032890380776,-0.0721074455984841,-2.260162951933653e-08,-0.44026033352341665,-0.05969242825872392,0.5593739862150694,-0.3490658523085912,-0.06712349082132633,0.3885787524388231,0.08420613688529942,0.035916850706036785,0.3842472024742515,0.29969908343373697,0.07880751671016525,0.5442783260027694,0.07111375737015362,0.08286633921931387,0.2792401501942488,-0.07210751164070539,-0.009040734969655975,-0.4240143198988598,-0.09749447159119597,0.5431012353605432,-0.34994713999792215,-0.10083974515991412,0.3922145394135257,0.084618422697048,0.023499103128846194,0.4548110322019022,0.26409720500908496,0.08442610274148354,0.5949773861416645,0.0012258938256678503,0.09609071116617743,0.28486785362840544,-0.09837050592111281
485,True,4.859999999999687,5.772381906469277,False,False,0.17073696666628468,False,81.37249998981133,-0.0,-0.48249522035205356,0.022271730865026793,0.5379173828973169,-0.3490658503988659,-0.013668910848820956,0.3763305199267084,0.08181963769741289,0.09022506711288895,0.3773672389617878,0.3001377022783712,-0.024463072353388488,0.5438223041261038,0.07015223292061086,-3.495340905733564e-05,0.2806819374750591,-0.07203578493045039,-1.8081433775588018e-08,-0.44608263373182044,-0.05520233844173264,0.5404670445033923,-0.3490658521614416,-0.0655617096985906,0.37251630756789966,0.0818196432946886,0.029759840190989567,0.3764519418035067,0.300137630110858,0.07257061135182971,0.5382510875612204,0.07015209513498749,0.07745936186845245,0.28016446185831906,-0.07203583753213118,-0.00699430652134399,-0.4274799404399735,-0.08960372038757072,0.5441604038336727,-0.34986461731519186,-0.09358638339715471,0.3899919520637705,0.0846398326521109,0.025932981325237487,0.43639085682209783,0.2719838283572928,0.08332540995611132,0.5828754813716377,0.01602290581574228,0.09351467116432177,0.2828761152979519,-0.0926653096196654
486,True,4.869999999999686,5.767745517556274,False,False,0.16254636316059365,False,81.30412502214313,-0.0,-0.47871086768891385,0.025033146061250847,0.5391244572836607,-0.3490658503988659,-0.008255113754265037,0.3493454441337459,0.09223335554839995,0.09363024340987819,0.3550852581001131,0.3075148115950818,-0.019686971661387505,0.5283372688149367,0.08142274309164257,0.001984707443709038,0.2621595496684266,-0.07318904602052916,-1.3988585064600434e-08,-0.4451357963252622,-0.04715236007585631,0.5415353706607366,-0.34906585199639656,-0.053864223854284084,0.3490044426191306,0.09223334037023283,0.03759135490955682,0.35159223880239254,0.307514740774863,0.07557427873782611,0.522928877705528,0.0814226121455048,0.07775014203429567,0.26165760841059255,-0.07318908460585159,-0.005558830763076975,-0.4312111178749184,-0.08223333803591328,0.5443141165412695,-0.34979125764343816,-0.08659474362500295,0.38540106585004597,0.08517509693339097,0.027973475565833014,0.4201120390064312,0.27904686737809636,0.08209478899850901,0.5718300943034081,0.029233883728104038,0.0908812796236456,0.2804083021550477,-0.08808189956648181
487,True,4.879999999999685,5.7605715073356345,False,False,0.16788353492622723,False,95.62974999425933,-0.0,-0.4653993109552665,0.0481260336371899,0.5202856071980001,-0.3490658503988659,0.008546566606477509,0.3082999055485296,0.10484976424389812,0.1018020158345951,0.322287944537117,0.3339467492090066,-0.016177475062643804,0.5005942413252475,0.10173829275676063,0.004350908607210992,0.25121581929712816,-0.0840137570730648,-1.111763929181886e-08,-0.4281631051761586,-0.032694736244219605,0.5230094909530408,-0.3490658518496775,-0.04491646611097941,0.3076920176018517,0.10484972483069634,0.04281007600195441,0.3144311871971001,0.33394664094809434,0.07656733539409104,0.49917915905150756,0.10173814665062132,0.076839914455955,0.25073769601344037,-0.0840137647358836,-0.004936592178250064,-0.43331742417725466,-0.0745220297438142,0.5426415192633468,-0.34973489144252207,-0.07938834450222657,0.37626490701911974,0.08723190212374163,0.03028988400225597,0.4027931832578547,0.2873460831852994,0.08112483743210779,0.5600754538921999,0.04230521847436422,0.08845464015928572,0.27647657741413795,-0.08538250355068214
488,True,4.8899999999996835,5.752716142839809,False,False,0.14380486017066832,False,95.03516601398587,-0.0,-0.44593345800387396,0.01949650174344325,0.5250248329131795,-0.3490658503988659,0.009945584052568495,0.340123640121472,0.10567164383674851,0.10726921193094564,0.3329983804661689,0.34488610077655885,-0.008490419392387807,0.5004554833448076,0.12711821629729753,0.009537089646755944,0.24008369190220819,-0.06644480227541372,-9.873164609659757e-09,-0.4258269407215568,-0.024691566791701515,0.5265171034268978,-0.3490658517369453,-0.04057605621045146,0.33939422403294306,0.10567160697440116,0.046349374535565646,0.3245537266532458,0.344885985607854,0.07820896116021146,0.49950868667636555,0.1271180467415977,0.0763768122563161,0.23994578023092678,-0.06644484013428381,-0.004574980943697418,-0.43377365860423855,-0.06642798784332053,0.5399703597144087,-0.3496972221353951,-0.07223728981718341,0.3671598657256535,0.09017129261003248,0.0329279262121983,0.38640222850273476,0.2970385545895486,0.08054082954585101,0.5485118573348344,0.056569729313832036,0.08633166331953632,0.2711555347332187,-0.08278660842966934
489,True,4.899999999999682,5.742579721155718,False,False,0.15312783694379878,False,93.95212499657646,-0.0,-0.49592818589799625,0.026371518648475416,0.5470165969266417,-0.3490658503988659,-0.002221715406882867,0.35297248087382144,0.11975784293524254,0.0935634949520616,0.3477789314758454,0.3439339118478691,-0.02172487774175056,0.5276512365974195,0.11713026416267554,0.0009173539940712499,0.2640114744347885,-0.060229019437516705,-9.149943585792797e-09,-0.46784783168078475,-0.036291324707528674,0.549131135657553,-0.34906585166160686,-0.04994712391843272,0.35213659464762603,0.11975778380486143,0.03555401432786456,0.34456081775096264,0.3439338181243326,0.06901218637359288,0.5153999369050025,0.11713014299897043,0.0693935632222199,0.26554612172144837,-0.06022906473643212,-0.003906420180552758,-0.43658494507443596,-0.059668595755498675,0.5390977416755676,-0.3496629592237387,-0.06643785639047721,0.3613208209715136,0.09424470345342395,0.03476402353178192,0.3742179920848326,0.30647874767128264,0.07958341647557722,0.5396229833931054,0.06981987447856328,0.08405035395191346,0.26744312546914095,-0.07939064603129138
490,True,4.909999999999681,5.728698977259065,False,False,0.15546263135797303,False,94.29099998669699,-0.0,-0.48330870643078633,0.03751217656481016,0.5245780234097878,-0.3490658503988659,0.00010561183597463959,0.3252042142703387,0.12924449163599136,0.09209378250143979,0.3315149579483084,0.3486923069297124,-0.02867979809702684,0.518638975681057,0.09995653702118801,-0.0024955893008634673,0.25767810847159417,-0.06389363976052742,-7.812824734387824e-09,-0.45553292273771795,-0.025089820227833314,0.5266998847545019,-0.3490658515930812,-0.04719991966065895,0.3242137682284475,0.12924442165749409,0.03444813586859259,0.3285425008449649,0.3486922226520668,0.06654622696450697,0.509722441841949,0.09995647667415732,0.06646181530372902,0.25826874029888214,-0.06389367076996828,-0.0033248343570552413,-0.44063440177162927,-0.05380744509460459,0.5382040433276992,-0.3496311689032091,-0.062007911244791304,0.35583597092039626,0.09961480881650628,0.03557285220351763,0.3647038636252447,0.31505805452312147,0.07803892554352607,0.5330343405016632,0.07936310574951413,0.08146389728544158,0.26522645769027997,-0.07612211662428049
491,True,4.91999999999968,5.714571978125869,False,False,0.1416326516653276,False,94.67258298536763,-0.0,-0.463145357675148,0.018447693294032584,0.4982920980370551,-0.3490658503988659,0.006064412603167875,0.30632593158000165,0.1289995224774775,0.0975486538944269,0.32015624979422425,0.349991084280062,-0.024453267152959986,0.5273219706085924,0.0824662809567259,0.002133643918122142,0.2715389667355246,-0.07866354235157812,-6.649655414411176e-09,-0.4477799457160987,-0.016427410606034767,0.4994766128524712,-0.34906585152950065,-0.04019917148585754,0.30569417000971516,0.12899946380740585,0.03842856933878737,0.3170298187312186,0.349991014276745,0.06805551150253382,0.5156830762365182,0.08246627494719411,0.06744062454526419,0.2729599424611356,-0.07866353706792444,-0.003069232040026215,-0.44362778612619236,-0.0479040586328962,0.5344296986701433,-0.34960156576149143,-0.058040973397732634,0.34864652623581666,0.10524182531559707,0.03609394607608054,0.3559088709848091,0.3225851314079499,0.07642210543097751,0.5283951681554343,0.08424437075085613,0.07899145158003391,0.2646649250440712,-0.07452255065898597
492,True,4.929999999999679,5.701994606669439,False,False,0.13735551688696374,False,94.54945800825953,-0.0,-0.44968578224510997,0.013702098166756018,0.49461102690807035,-0.3490658503988659,0.013895986890117113,0.29078846376919326,0.13985413049053155,0.09914238293106059,0.31828299371232394,0.3498891554086059,-0.022244631595532024,0.528462485839561,0.06328123017903999,0.0029950391356437646,0.2748616579914232,-0.08761471504483984,-6.138451802417677e-09,-0.4404252914881534,-0.007504410820206184,0.49532277174386397,-0.34906585147029445,-0.036045943851634524,0.29024621463569444,0.13985406120042154,0.04014019182588393,0.31284172034776453,0.3498891026050199,0.06791940547153605,0.5186981363159443,0.06328127072706827,0.06701384250556593,0.2762396811936432,-0.08761468863601898,-0.0030619645782661523,-0.4450511088931613,-0.04166787163168374,0.5285275279378125,-0.34958161656094255,-0.05414644224925277,0.33968099381529876,0.11115891773988583,0.036690555823036174,0.34767121909220566,0.3288477912934456,0.07499753980614882,0.5255689390682289,0.08456415981503068,0.07684966781546945,0.26564113905587766,-0.07501881979703363
493,True,4.939999999999678,5.690249939765542,False,False,0.1326342699302425,False,90.6015409855172,-0.0,-0.43347190359906984,0.02365313962741989,0.48128332999010975,-0.3490658503988659,0.014352810498346875,0.2918795668310626,0.1391512849293762,0.10638728456173863,0.3060327094273038,0.3554484820810568,-0.016630062152616084,0.5086815998924462,0.07511815716465058,0.005076823314582376,0.2492695864330386,-0.08019180419127624,-6.123916907428695e-09,-0.43347194535106787,-3.250670566057323e-12,0.4812834244622586,-0.34906585143039615,-0.03273700848310904,0.2912775133996724,0.13915122887268527,0.04032083979051616,0.29650749485834144,0.35544843105128854,0.06611591522041042,0.5032800848326016,0.0751181743527947,0.06408021815517756,0.25052912964982677,-0.0801917935948986,-0.003321344456972397,-0.4449105031321037,-0.035095781839738806,0.521184297087894,-0.34956800686175993,-0.0503133865557635,0.33048342177204304,0.11684371040134206,0.03733220303364891,0.33919984436532113,0.33430721081832937,0.07367604335389462,0.5227470870864757,0.08325063717955135,0.07485386686849334,0.2653575858755778,-0.0760367747699604
494,True,4.949999999999677,5.676856401492184,False,False,0.1266153081836347,False,90.19795898348093,-0.0,-0.4516453830001203,0.004736399012390712,0.5089116678910318,-0.3490658503988659,0.0005416620510671228,0.33446447209009245,0.12802830612512753,0.09629701264911528,0.35285738112784293,0.3407786429826923,-0.021770398774125694,0.5494159130808546,0.07607531138656745,0.005425645638829891,0.27634168489479066,-0.07674245308137007,-6.642675628304451e-09,-0.44955800874496055,-0.0001691544918682661,0.5090683833364092,-0.3490658514031768,-0.04189632562921766,0.33382888765921315,0.12802828381380332,0.03221107168913606,0.3455325179555244,0.3407786281274925,0.06054256727879427,0.5430973256265738,0.07607532727477263,0.06220715593649423,0.27754711658944986,-0.0767424518761995,-0.003179880540105277,-0.44509484271511496,-0.0289020563052756,0.515750520545135,-0.3495563348345905,-0.047492567351473655,0.325520556143761,0.12082994848026055,0.03741278854791488,0.33467793267456963,0.3378218527931097,0.07207753787977132,0.5226402355293563,0.08194129578057166,0.07290921980366338,0.2656711559778296,-0.07659913469290196
495,True,4.959999999999676,5.662470266844088,False,False,0.12250261989671359,False,88.32362497923896,-0.0,-0.42736851968053585,0.013077042139820754,0.490957561922438,-0.3490658503988659,0.008508541815849091,0.3200527701314381,0.12738031870048636,0.10147802798294071,0.3277833878396731,0.335356796245615,-0.01505031491403599,0.5244766474457805,0.08628888916674497,0.007793784327238395,0.2719733813207944,-0.07846234551113063,-6.359748360752759e-09,-0.42736855437453397,-7.201814838930787e-11,0.4909576114982533,-0.3490658513798328,-0.03345689429699198,0.3193847496932243,0.12738030542203754,0.037325504378836506,0.31885607281015826,0.33535680152016967,0.06244884881274078,0.52013887998654,0.08628888000096253,0.06120605204026308,0.2731085392649962,-0.07846234200257185,-0.0029986131469722692,-0.44429995057894783,-0.02355350537451666,0.5113729679156759,-0.34954563298741476,-0.0451362966265361,0.32341514688164313,0.12319042193602338,0.03729761517565787,0.332177080363729,0.33924300416109143,0.07045914584562643,0.5234247861855127,0.08156904691713811,0.07104796810279305,0.266823572491981,-0.07692321355501795
496,True,4.969999999999675,5.639881610669583,False,False,0.12898091896635452,False,92.90687495376915,-0.0,-0.4605316870968582,0.01807679435728967,0.4854208984932083,-0.3490658503988659,-0.0033194991830853564,0.34747449911764455,0.13354754344292152,0.09251388836686932,0.36595800462405054,0.3325498053589302,-0.031928902366941785,0.5550371721426833,0.08817419235712703,0.003463327763532704,0.298302300293521,-0.08266499452910624,-5.997214299821585e-09,-0.4605316600169318,-2.2090662632479052e-13,0.4854209503961785,-0.34906585135842916,-0.044060783212500926,0.3468749866346218,0.13354752270790973,0.026873534664141586,0.3590409178005981,0.3325498194882363,0.05443524720495849,0.5490233588954683,0.08817417849695533,0.05634426756766056,0.29942796614724526,-0.08266498297011762,-0.002597692924010192,-0.4448380108541974,-0.01912908503969319,0.5068637178924843,-0.3495308236746505,-0.043713036903095547,0.3242711459503125,0.12507715918863602,0.036556346040432425,0.3328251960566441,0.33924311636834265,0.06849509935987773,0.5258295480302919,0.08211506365570914,0.0690355327748299,0.2700667427148885,-0.07751584139502159
497,True,4.979999999999674,5.6182649370818964,False,False,0.13301032909554225,False,92.40087500074878,-0.0,-0.4640893355757161,0.04805528510870722,0.46751191461011143,-0.3490658503988659,-0.0016982189695700775,0.3338888043264096,0.13154526796394278,0.09201291093311922,0.3502122458311204,0.3391428220924404,-0.03126196217530119,0.5445246803986634,0.0874961225582555,0.004164034913464526,0.28878961351473903,-0.08232176769452824,-5.1953754571024136e-09,-0.46408929321541803,0.0,0.4675119933143052,-0.3490658513288106,-0.03990835026413229,0.33338253073537155,0.13154525504281916,0.028308063076283148,0.3440789872305812,0.3391428217313029,0.05383855749211794,0.5383885059294578,0.08749611229055228,0.054615352169608986,0.28986468259860626,-0.08232175813686624,-0.0023136960286793268,-0.4473454068159412,-0.015562137759518398,0.5012281283302311,-0.34951379142069167,-0.042934449124719325,0.3262186596203112,0.1266471176399744,0.035362833624941394,0.33503643030598607,0.3390224981506925,0.06624726619715611,0.528878609303798,0.08299584127970235,0.06686127003907896,0.2740545367335559,-0.07827371423242308
498,True,4.9899999999996725,5.597509219812956,False,False,0.12507406707238602,False,91.68187499744818,-0.0,-0.4667688921829952,0.013033788395071808,0.5012573784354316,-0.3490658503988659,0.00028016274017941215,0.3385921345322976,0.13724649697292862,0.09144939369485523,0.363955514543684,0.32894958528292534,-0.030917884123909174,0.5621262032084853,0.06268193932814031,0.0028077440850581325,0.29301690765068955,-0.08608831665613915,-4.6273828020228225e-09,-0.46676885798591067,-1.904587598744456e-13,0.5012573783760597,-0.34906585129474615,-0.03973583389405374,0.33809121942064074,0.13724647575586688,0.02764208858643129,0.35701051513302273,0.32894960614481117,0.05276109859937717,0.5564018760498388,0.06268197932422366,0.05492618395287553,0.2941280621040005,-0.08608830096071461,-0.0022310109938774155,-0.4507905864897546,-0.012808078997938094,0.49766121636171434,-0.3495008249320744,-0.042359930215881546,0.3282433043744573,0.12828390033800635,0.03410310697868959,0.33807852807419697,0.3382292682957323,0.06401850901420021,0.5328407599534845,0.08200014105722635,0.06481604906733744,0.2778588367566269,-0.0792856421107695
499,True,4.999999999999671,5.577866939652768,False,False,0.12427624563712439,False,91.39512496767566,-0.0,-0.4198959415040015,0.027056989758550178,0.4670870584033443,-0.3490658503988659,0.006072266886628955,0.32698797025079496,0.1371406151161672,0.09913726725858307,0.3431161152805312,0.33980302377529237,-0.02618536461201159,0.5432686154971771,0.08242845661803976,0.008202595844987767,0.2825748948309202,-0.0811532620504591,-4.46201306372046e-09,-0.41989600300625096,-2.4399543149811187e-11,0.4670871195507744,-0.34906585126881323,-0.031771113717322684,0.32648553782104867,0.13714059739428852,0.0329466992649622,0.3345421366015307,0.33980302034887905,0.05512873982171836,0.5396587569904011,0.08242845606971007,0.05510040494044428,0.2835784294321539,-0.08115325795242523,-0.002526099020738788,-0.45075000457070186,-0.010745795418327932,0.49391775160122275,-0.3494900737113702,-0.04133984013122072,0.32941789523401294,0.1299749251467914,0.0333132651253787,0.33996875813886734,0.33773984976307514,0.06217323317303534,0.5361196785395661,0.08093616796794202,0.06307405580890638,0.28048545704651806,-0.0800313125271597
500,True,5.00999999999967,5.559107851951828,False,False,0.12204577933841104,False,89.28937499877065,-0.0,-0.3833209189096768,0.00885357096395371,0.4398631941170333,-0.3490658503988659,-0.001486718305847243,0.3337737266101498,0.12691080388710466,0.0997457497248714,0.34086394201252956,0.34781602029309894,-0.02696292754627438,0.5340313992915313,0.09642278074872122,0.004155260125627144,0.2687925963903232,-0.0792784635727034,-5.0521879366681455e-09,-0.383321052079265,-1.50837302717588e-10,0.43986330223896364,-0.3490658512473108,-0.030297765769881465,0.3333810253848965,0.12691080996249696,0.033312428503125005,0.33913748284900497,0.347816000570716,0.05642224592899369,0.5292052768321838,0.09642274927851467,0.055072958854888075,0.2698872997316148,-0.0792784652864434,-0.0031371477006828133,-0.44465210019325296,-0.009323656556034997,0.4871054544742389,-0.34948055411565665,-0.039832854611369053,0.33017358804003416,0.13075474756086147,0.03300166217969619,0.34062195207580737,0.3384426543568458,0.060882825962866614,0.53738299212624,0.08181353229858822,0.0616634698547584,0.2809482471756001,-0.08031010454572263
501,True,5.019999999999669,5.541002264518793,False,False,0.12342717382258954,False,88.9115419704467,-0.0,-0.39640023956433507,0.027943799824329887,0.43061891036133054,-0.3490658503988659,0.006918357141023993,0.3267708317991989,0.1302095770808414,0.09743644588985732,0.3339849111056659,0.3587714460056122,-0.027346328714047553,0.5266309824871523,0.09908924203530511,0.006273583378209031,0.26890757861929193,-0.0752279830527466,-6.274282852818114e-09,-0.39640033593192525,-3.4513988889095515e-12,0.4306190233292766,-0.34906585122827166,-0.026234421481241797,0.3263601695867632,0.13020957811482906,0.035546684410300275,0.3319765969621225,0.3587714053340011,0.0572348859361013,0.5220414611599239,0.09908920743457968,0.054684553039640385,0.269952783000552,-0.07522799318213588,-0.0038760794213860868,-0.4363623013056371,-0.008795040225826452,0.478131828644119,-0.34947251608125174,-0.0379263873479317,0.3304429171243691,0.13095190204681556,0.03305158553189809,0.3403627204080474,0.340719945796044,0.060087881029419005,0.5367732445641261,0.08412688715296382,0.06052713087168785,0.27998581305276027,-0.08001961033309801
502,True,5.029999999999668,5.5233624663696,False,False,0.140224803616343,False,88.99316604947671,-0.0,-0.447871575385231,0.050248030869226246,0.42360351809752494,-0.3490658503988659,0.006876116604214493,0.29923633718082493,0.14931231590431682,0.095718626368718,0.34556165545634737,0.35380215377932306,-0.03918299759856359,0.5514661527673578,0.06460246673305763,-0.0027976665285386598,0.2971574500988253,-0.08999663832648902,-7.752143339583017e-09,-0.44787155164738957,-5.609965617048296e-11,0.42360362715469635,-0.34906585121219563,-0.03083388446773048,0.29884756267364343,0.14931227912317316,0.02938050298813696,0.3432283563441236,0.3538021277231228,0.0519732344420032,0.546305345295043,0.06460250560763324,0.051720772679544905,0.29833724889511026,-0.0899966183682367,-0.004493469375488977,-0.43253303683310423,-0.008751817544122787,0.46852063107793057,-0.34945437189603634,-0.03624774984764849,0.3281514990117616,0.1324931864575368,0.03295249429736057,0.3403207027295106,0.34339080338643013,0.05924523296591648,0.5369862971099638,0.0841867879581077,0.05940607396101902,0.2806737537010325,-0.08048756502735499
503,True,5.039999999999667,5.506364213857572,False,False,0.15530181065898643,False,88.15575001062825,-0.0,-0.5103013281184076,0.08940033489571746,0.47200451668781795,-0.3490658503988659,0.0055643675152766804,0.3068661543618654,0.15246535415073884,0.09658695107672041,0.3407506580532559,0.3652212320942515,-0.0356367373172404,0.5484341010396865,0.03693066026747184,0.0010027344053371965,0.30056838415782466,-0.11376570941499392,-8.986920776131446e-09,-0.4913501374293299,-3.3645514846414315e-10,0.4731889490437603,-0.3490658511759073,-0.027773292308210296,0.30637611342002996,0.1524653146000692,0.030888222368806905,0.33883074204499447,0.3652211882532871,0.052477665645143876,0.5436641720886135,0.03693075515887479,0.05146003114008589,0.3016611725353384,-0.11376564282524057,-0.004973906312166727,-0.4363745481040025,-0.008899023824488112,0.4633045128350362,-0.34944154758806256,-0.034799051937518456,0.32457374955505236,0.13533995668821924,0.03271696551085223,0.34045644184649,0.34661676143826453,0.05831539886371388,0.5382279759950401,0.07985562853622545,0.0582856145742239,0.28329022676252796,-0.08361075566370815
504,True,5.049999999999666,5.489434939341438,False,False,0.22950153327958234,False,87.93420798610896,-0.0,-0.5350787296381565,0.182103163291382,0.4173926618017679,-0.34906585039886584,0.033750039283780925,0.2998474974814761,0.10299016787545644,0.12218876641858652,0.27923477396797364,0.35273251832639885,-0.02346603235944267,0.5147819857610223,-0.0406235541387801,0.008046715378102578,0.2154931228147157,-0.1015818423798599,-9.94779272844859e-09,-0.4911597336608616,-6.153890678289864e-10,0.4200153749865757,-0.34906585115025873,-0.0024487746789929876,0.2990267320509007,0.10299023331282053,0.05336232371378326,0.2774162543085818,0.3527325058889503,0.06864291507976727,0.509601278828193,-0.04062331263092529,0.06290938990877164,0.2166804070947124,-0.10158180663141891,-0.0060403808384227485,-0.44451094696883553,-0.00910472973376437,0.4582577413089386,-0.3494267086771098,-0.0316145154926081,0.3205769738603014,0.13466041779758717,0.03406847440871445,0.33585437850261096,0.34919235481406347,0.0585718526340779,0.5371556261745475,0.06710561934559414,0.05804225812446687,0.28002181009262583,-0.08733246423270125
505,True,5.059999999999665,5.472733619003579,False,False,0.21934200775572232,False,88.71650003129616,-0.0,-0.5400261348101948,0.1637158399129322,0.4075175457930377,-0.34906585039886584,0.05380873070201235,0.3085058373497377,0.006432583340185746,0.13483074081218996,0.27072672281000665,0.32334165558166844,-0.011351291114758626,0.49617697190396315,-0.07126855246545552,-0.00198344071797037,0.21105672566072398,-0.11553278743414461,-1.2080737514519324e-08,-0.49699108249237933,0.0,0.409943961189759,-0.34906585112058097,0.00834219032211049,0.3050619318397253,0.006432839737234353,0.06347761689482048,0.26996892840936565,0.32334170739411855,0.07556391378368826,0.4897140894998161,-0.07126827582917822,0.06643422725410704,0.21254957576878375,-0.11553273098250932,-0.007559194459355537,-0.45391629910560605,-0.009296615568443434,0.4510272754054577,-0.3494177458211809,-0.02628438796735881,0.31713714306385227,0.1231501994496035,0.037507960620759104,0.3269460977224048,0.3484761044910701,0.06039558632530314,0.5324709534779551,0.04705047173416445,0.05886476253159892,0.2711652882784422,-0.09149590962849462
506,True,5.069999999999664,5.456439434615535,False,False,0.4689351060260003,False,89.12645798409358,-0.0,-0.8494353984049375,0.34261412242416484,0.3605058803786267,-0.3490658503988659,0.0704378910173926,0.15029635542676612,0.09589107409707597,0.12850276293873567,0.25618188007449727,0.2449721636990418,-0.008001174948400656,0.43513090151750045,-0.060363903138986,-0.011187812887605864,0.17121807742468692,-0.13541014300830967,-1.511835868214101e-08,-0.6822222845372703,-0.07241807654944424,0.36919692170548696,-0.3490658511026553,0.01691135794464614,0.1497713514671311,0.09589112812854575,0.06823094512063148,0.25299858822398036,0.2449723709660176,0.07842493239041379,0.42807526787702443,-0.06036368882040617,0.06352814676226115,0.17286988422970156,-0.135410055183103,-0.009477860766178167,-0.47713298065556065,-0.014219899675177332,0.4404818495731597,-0.3493356690850823,-0.019571565078724498,0.3025729890410065,0.11205699163120303,0.042217863961622096,0.31570542874533536,0.3392216505356336,0.06317608483418347,0.521297036520323,0.026103748923501847,0.059973389887011605,0.2577986893997768,-0.09746214742741768
507,True,5.079999999999663,5.460653723502545,False,False,0.44359154460002975,False,88.54179200716317,-0.0,-0.66459634866719,0.37292503912649105,0.4922936674487541,-0.3490658503988659,0.14576770369927017,-0.17680482331960914,0.11911372438588341,0.14476688364280071,-0.23048896172539562,0.8600381437852094,0.004315672857227259,-0.12346828116314046,0.9249413259591428,-0.045981913691774914,-0.3277976434860802,0.2999330922987221,-1.8955683621715846e-08,-0.5178757630514592,-3.908090257659369e-10,0.498622055698617,-0.3490658509385022,0.04162494180896645,-0.17680386020871225,0.11911371064186005,0.09467554648629935,-0.23048787222529477,0.8600371020999129,0.0972532410311581,-0.12346699041474118,0.9249395285292129,0.0729346373006983,-0.32779647252530664,0.29993229741973815,-0.015354320914650053,-0.4981459775245517,-0.017854171994068354,0.43778534701113614,-0.3493176717302322,-0.010810918117923675,0.2537955625210307,0.10780604517713888,0.04907496191509691,0.2692986801162125,0.3720152575048316,0.06751417526016304,0.4738194894724646,0.054358086205277524,0.06159411602161035,0.20923722086533109,-0.06977495474633706
508,True,5.0899999999996615,5.481499607903609,False,False,2.7807475962357135,False,98.60920801293105,-0.0,0.15929843970453839,0.7330382858376184,-0.2094395102393196,-0.3490658503988659,-0.24481045846985972,-0.3490658503988659,1.8849555921538759,0.02611686645573179,0.6901737849488849,1.8675022996339325,-0.271719700265777,0.4084124799684503,1.8675022996339325,-0.25113380325421186,-0.2693111118007735,1.8849555921538759,-0.007677175811615233,-0.32257182429057774,-0.008927085997034177,0.11417356560809527,-0.34919176131636986,-0.12686167271789026,-0.04763721873948462,0.6078060451771389,-0.07313349766336458,0.43409774465486906,0.8720152575048317,-0.00422910955064322,0.47602662047701866,0.5543580861046701,0.011894621244294142,-0.030850220965083053,0.43022504525366295,-0.016851000730371497,-0.494135163923865,-0.019011621210592147,0.4133685611491,-0.3493200444065823,-0.013664969809006508,0.19399608167387442,0.14607349692478316,0.04498664074493747,0.24416207137754212,0.44306621742578645,0.0655299983850463,0.43602983550894014,0.12377163938119058,0.059343735334048735,0.1523966828612616,-0.004813374179746781
509,True,5.09999999999966,5.526773817653933,False,False,2.676635206736924,False,99.67841597972438,-0.0,0.15929843970453839,0.7330382858376184,-0.2094395102393196,-0.3490658503988659,-0.24481045846985972,-0.3490658503988659,1.8849555921538759,0.02611686645573179,0.6901737849488849,1.8675022996339325,-0.271719700265777,0.4084124799684503,1.8675022996339325,-0.25113380325421186,-0.2693111118007735,1.8849555921538759,-0.00842551721615278,-0.33764849131315144,-0.009505810612821283,0.10196514825992392,-0.3491929476569176,-0.1934590680909109,-0.04755064580227111,0.6460734969230163,-0.03377117477690633,0.38118652133743913,0.9430662174257864,0.019736636827957087,0.44597608489966145,0.6237716393429725,0.025908551662484,-0.055883965283309744,0.49518662582025325,-0.01376714986819482,-0.4739537078254159,-0.019231534333411248,0.3673791795594585,-0.34932195640882413,-0.03240981424267575,0.14133105618242658,0.21876575942051682,0.03317037017671407,0.251347129430785,0.527535984427399,0.0589887574261212,0.42260914034808045,0.20769317681616767,0.05443938755207468,0.10586145338998659,0.07758681355642927
510,True,5.109999999999659,5.519679007164447,False,False,2.508049609296301,False,100.67725001135841,-0.0,0.15929843970453839,0.7330382858376184,-0.2094395102393196,-0.3490658503988659,-0.24481045846985972,-0.3490658503988659,1.8849555921538759,0.02611686645573179,0.6901737849488849,1.8675022996339325,-0.271719700265777,0.4084124799684503,1.8675022996339325,-0.25113380325421186,-0.2693111118007735,1.8849555921538759,-0.006883588701219745,-0.2908748945856255,-0.009615767166705624,0.0789704114772623,-0.3491939036599505,-0.1729291241909166,-0.09409462634391846,0.7187657594193743,-0.054044568993171276,0.41976068589374205,1.027535984427399,0.008323562790548293,0.4391398011044318,0.7076931767089902,0.013470083300588208,-0.0852685643700001,0.5775868135564293,-0.009735374354428228,-0.4465612624114123,-0.01889389219267271,0.31572368358587916,-0.3493215551022592,-0.056980093131030085,0.09403840795728868,0.3039905442982351,0.019159732719644426,0.2721759846886128,0.6170446289054962,0.05115145540708796,0.419205416149883,0.29701627925275875,0.04845470392310087,0.06564276791789461,0.16633919280874185
511,True,5.119999999999658,5.475318475203651,False,False,1.409800279581036,False,90.55050002643839,-0.0,0.15929843970453839,0.7330382858376184,-0.2094395102393196,-0.3490658503988659,-0.24481045846985972,-0.3490658503988659,1.8849555921538759,0.02611686645573179,0.6901737849488849,1.8675022996339325,-0.271719700265777,0.4084124799684503,1.8675022996339325,-0.25113380325421186,-0.2693111118007735,1.8849555921538759,-1.947070977191545e-08,0.022305719741153585,-1.8904378062956084e-11,-0.2094384599127122,-0.34906585091027426,-0.19256659663975834,-0.3490649664314997,1.3039905442982351,-0.08681459548842105,0.6768773945513722,1.617044628905496,0.02970385952164509,0.4085620922105632,1.297016279223562,0.03536215214585967,-0.29606155905332754,1.1663391927798856,-0.006244345076691968,-0.3931620152618806,-0.017680010308238354,0.2448959632868942,-0.3493185998034035,-0.08207134651044844,0.03310175255201212,0.3960869253780946,0.0025341065173494176,0.31724447074688256,0.7103841274379671,0.04471774029760504,0.4178609762671469,0.3905325419345364,0.04379775622164051,0.015294199559788252,0.2597073966180552
512,True,5.129999999999657,5.439473829064835,False,False,1.2682537906493105,False,83.42333399923518,-0.0,0.15929843970453839,0.7330382858376184,-0.2094395102393196,-0.3490658503988659,-0.24481045846985972,-0.3490658503988659,1.8849555921538759,0.02611686645573179,0.6901737849488849,1.8675022996339325,-0.271719700265777,0.4084124799684503,1.8675022996339325,-0.25113380325421186,-0.2693111118007735,1.8849555921538759,-1.2488665174920088e-08,0.15929733491209314,-1.2543608512993742e-11,-0.20943860157681674,-0.3490658509043637,-0.24481013350352082,-0.3490650860696375,1.3960869253780945,-0.08080317329822409,0.6766197845754867,1.7103841274379672,0.029220685469004623,0.4073761567210597,1.3905325419171197,0.042214480876141394,-0.29712097378344315,1.2597073966180552,-0.0035276941011976705,-0.3152185511092303,-0.01586104295641902,0.16255616500232167,-0.3493286132116592,-0.10921405345837323,-0.036321370783188756,0.49291319940015405,-0.014231953244365244,0.3772922407202313,0.8075816820053108,0.0403640362186077,0.4163522367673728,0.4879367299608472,0.041550518049385816,-0.04163637020393008,0.35702571123417803
513,True,5.139999999999656,5.404879295161174,False,False,1.1452738982655934,False,79.96879098936915,-0.0,0.15929843970453839,0.7330382858376184,-0.2094395102393196,-0.3490658503988659,-0.24481045846985972,-0.3490658503988659,1.8849555921538759,0.02611686645573179,0.6901737849488849,1.8675022996339325,-0.271719700265777,0.4084124799684503,1.8675022996339325,-0.25113380325421186,-0.2693111118007735,1.8849555921538759,-7.0553740922491e-09,0.1592974907148334,0.0,-0.20943876624363678,-0.34906585092439046,-0.24481018726577458,-0.3490652249106884,1.492913199400154,-0.048231827492686126,0.683829614215848,1.8075816819532742,0.03440207704517882,0.3906421923398999,1.4879367299123403,0.05511452578097343,-0.2985879435383963,1.3570257110982165,-0.001620557062389738,-0.22903351186443494,-0.013905026904120656,0.08527726380157818,-0.3493361076971558,-0.1362223743698074,-0.10137721044340811,0.5915233913564614,-0.02658476876966655,0.4375335561628062,0.9065019612320452,0.03776915351609511,0.4136774085471717,0.586939282693477,0.041731201024155735,-0.09491920530549665,0.45584853144996823
514,True,5.149999999999655,5.383342575414934,False,False,1.0404987299034372,False,75.90787502704188,-0.0,0.15929843970453839,0.7330382858376184,-0.2094395102393196,-0.3490658503988659,-0.24481045846985972,-0.3490658503988659,1.8849555921538759,0.02611686645573179,0.6901737849488849,1.8675022996339325,-0.271719700265777,0.4084124799684503,1.8675022996339325,-0.25113380325421186,-0.2693111118007735,1.8849555921538759,-3.2411076426874796e-09,0.15929766247146,-2.3235356347295344e-11,-0.20943892080666382,-0.3490658509393794,-0.244810258123635,-0.349065355160313,1.5915233913564615,-0.05706443631738077,0.6840718656373094,1.8637632717031174,0.031876484282720025,0.3953930461818981,1.5869392826853699,0.05768620794821487,-0.31006960507261494,1.4558485314499683,-0.00044864541852888224,-0.14905067266117844,-0.012012654886730796,0.019309153358403816,-0.3493370551610371,-0.1602048216888238,-0.1571529337844679,0.6908191713558595,-0.03504793170895671,0.4913837393480028,1.0061966456991267,0.03624271862827028,0.4105689857579645,0.6865912901858353,0.04359934323501593,-0.14148758731089245,0.5552633484648789
515,True,5.159999999999654,5.36750500436656,False,False,0.9582922207848051,False,76.46312500583008,-0.0,0.15929843970453839,0.7330382858376184,-0.2094395102393196,-0.3490658503988659,-0.24481045846985972,-0.3490658503988659,1.8849555921538759,0.02611686645573179,0.6901737849488849,1.8675022996339325,-0.271719700265777,0.4084124799684503,1.8675022996339325,-0.25113380325421186,-0.2693111118007735,1.8849555921538759,-8.97289042438125e-10,0.15929782308960583,0.0,-0.20943905274287544,-0.34906585094127435,-0.24481028642812114,-0.34906546653922943,1.6908191713558585,-0.06360756767555945,0.6807687431671268,1.8630638735259635,0.03045400613953718,0.4076729043346264,1.6865912901858353,0.06374047754191617,-0.326321597682761,1.5552633475488145,0.00010001454497402795,-0.08085766764591175,-0.010328592483983563,-0.03424615222691414,-0.34933707755555843,-0.18022121443635436,-0.20263730100662558,0.7904011596018494,-0.04167240225772552,0.5362119575022138,1.1062381965563943,0.035155952716013246,0.40875968050274625,0.7865007831356101,0.04654126731415793,-0.18157924885962137,0.6549345874042413
516,True,5.169999999999653,5.354286309780016,False,False,0.903253841678542,False,76.37770799919963,-0.0,0.15929843970453839,0.7330382858376184,-0.2094395102393196,-0.3490658503988659,-0.24481045846985972,-0.3490658503988659,1.8849555921538759,0.02611686645573179,0.6901737849488849,1.8675022996339325,-0.271719700265777,0.4084124799684503,1.8675022996339325,-0.25113380325421186,-0.2693111118007735,1.8849555921538759,2.0002868990082884e-10,0.15929795947297343,0.0,-0.20943915985328432,-0.34906585094131914,-0.24481031928095892,-0.34906555740160283,1.7904011596018412,-0.06605730920164324,0.6795216536046289,1.8627345548829926,0.028996443537913887,0.41052216631969196,1.7865007831356101,0.0760454532985322,-0.3325387112464382,1.6549345833491704,0.00017331690485201237,-0.02538989784600696,-0.009129007751064485,-0.0764601162123323,-0.34933754954950874,-0.19629250510279306,-0.23857518709773348,0.8901271685957892,-0.04717735261602104,0.5719330629717538,1.2064255363601935,0.034221484673986446,0.4083377417748585,0.8865284468142853,0.05076938344408848,-0.21544351106415247,0.7547269870619093
517,True,5.1799999999996515,5.342374459328168,False,False,0.8796984293661537,False,75.39529202040285,-0.0,0.15929843970453839,0.7330382858376184,-0.2094395102393196,-0.3490658503988659,-0.24481045846985972,-0.3490658503988659,1.8849555921538759,0.02611686645573179,0.6901737849488849,1.8675022996339325,-0.271719700265777,0.4084124799684503,1.8675022996339325,-0.25113380325421186,-0.2693111118007735,1.8849555921538759,3.46633116416091e-10,0.15929807031917492,-4.405677211938297e-14,-0.20943924428106497,-0.3490658509422631,-0.24481036084280325,-0.34906562940689656,1.884953602501008,-0.06769865165308012,0.6789626993205875,1.8627115414261692,0.027739101359098125,0.41711526226368595,1.8649013456331005,0.08804107031588403,-0.3455806672266417,1.754726986694512,-0.00012831182817305456,0.018434698785932617,-0.008746598035952215,-0.10912948825624519,-0.3493385541851082,-0.20886034006683388,-0.26637357309185566,0.989944073047705,-0.05178988406101455,0.5996613307054486,1.3066632068843655,0.03330867754299245,0.4091621582911695,0.9866159948982853,0.05644323309672035,-0.24404366476880282,0.85459327148431
518,True,5.1899999999996504,5.331211638071426,False,False,0.87854209185437,False,76.29754103254527,-0.0,0.15929843970453839,0.7330382858376184,-0.2094395102393196,-0.3490658503988659,-0.24481045846985972,-0.3490658503988659,1.8849555921538759,0.02611686645573179,0.6901737849488849,1.8675022996339325,-0.271719700265777,0.4084124799684503,1.8675022996339325,-0.25113380325421186,-0.2693111118007735,1.8849555921538759,-2.5662314314571846e-10,0.15929815794382238,-1.0667508543171778e-13,-0.2094393096196811,-0.3490658509442724,-0.24481038375527608,-0.34906568496431406,1.8849538021344174,-0.06920064368745754,0.6829007382023201,1.8631474743414362,0.026636044014289116,0.4151368309337988,1.8622737280404609,0.10762153821054983,-0.34907,1.8506305441221187,-0.000745461136748001,0.05239886723270642,-0.008754405760178158,-0.13412196166205628,-0.3493398070643963,-0.21850398626411863,-0.2875560377019604,1.089829277272173,-0.05566998964168315,0.6211404616316614,1.4067036502986432,0.0323762518709242,0.4105417872346534,1.086743591430015,0.06402642069823565,-0.26791201476840804,0.9545082463004466
519,True,5.199999999999649,5.32060347311638,False,False,0.8753244703437639,False,76.4843329670839,-0.0,0.15929843970453839,0.7330382858376184,-0.2094395102393196,-0.3490658503988659,-0.24481045846985972,-0.3490658503988659,1.8849555921538759,0.02611686645573179,0.6901737849488849,1.8675022996339325,-0.271719700265777,0.4084124799684503,1.8675022996339325,-0.25113380325421186,-0.2693111118007735,1.8849555921538759,-1.4909192915619693e-09,0.15929822441928712,0.0,-0.20943935961145838,-0.3490658509467781,-0.24481042244349943,-0.34906572757654974,1.8849540019044264,-0.07256405924045606,0.6872809582625808,1.8674999999529436,0.025912555227774126,0.4032365399222459,1.853568988475548,0.1019215421243381,-0.3401869749751989,1.8599725094382313,-0.0016269841228017023,0.0783761949339131,-0.008908744355399598,-0.1530968077469212,-0.34934111489906366,-0.22580002355342924,-0.3035200146283489,1.1897705822169804,-0.05910675647331808,0.6380502233806107,1.5009970471180787,0.03144229598805215,0.41111259352883345,1.1869056643340135,0.07189610614622247,-0.28649413518542644,1.0544530748223149
520,True,5.209999999999648,5.310492811801557,False,False,0.8754641259929847,False,79.48950002901256,-0.0,0.15929843970453839,0.7330382858376184,-0.2094395102393196,-0.3490658503988659,-0.24481045846985972,-0.3490658503988659,1.8849555921538759,0.02611686645573179,0.6901737849488849,1.8675022996339325,-0.271719700265777,0.4084124799684503,1.8675022996339325,-0.25113380325421186,-0.2693111118007735,1.8849555921538759,-3.2539617374292146e-09,0.15929827775343872,0.0,-0.20943939755367733,-0.3490658509493938,-0.24481041994226418,-0.34906575930344486,1.8849542017866368,-0.07010425584813496,0.6852914477404498,1.8675,0.02433766717641963,0.40258388832869274,1.8534197351434933,0.10456297213811183,-0.3385435149381717,1.860168736625322,-0.002683529962191749,0.09805966896097416,-0.009095094566812607,-0.16743157732540523,-0.34934237177865896,-0.23126088083756943,-0.31544709548964245,1.2897601148360403,-0.061903651499549656,0.6511366902488291,1.582283538619286,0.030466058720464186,0.41082778487968613,1.2870851474860603,0.07899228864071377,-0.3002502720912724,1.1544306060800813
