frame,scored,sim_time,min_distance_measured_mm,measured_collision,measured_margin_violation,modification_rad,fallback,total_safety_time_ms,q_nominal.right_wrist,q_nominal.right_thumb_mcp,q_nominal.right_thumb_abd,q_nominal.right_thumb_pip,q_nominal.right_thumb_dip,q_nominal.right_index_abd,q_nominal.right_index_mcp,q_nominal.right_index_pip,q_nominal.right_middle_abd,q_nominal.right_middle_mcp,q_nominal.right_middle_pip,q_nominal.right_ring_abd,q_nominal.right_ring_mcp,q_nominal.right_ring_pip,q_nominal.right_pinky_abd,q_nominal.right_pinky_mcp,q_nominal.right_pinky_pip,q_safe.right_wrist,q_safe.right_thumb_mcp,q_safe.right_thumb_abd,q_safe.right_thumb_pip,q_safe.right_thumb_dip,q_safe.right_index_abd,q_safe.right_index_mcp,q_safe.right_index_pip,q_safe.right_middle_abd,q_safe.right_middle_mcp,q_safe.right_middle_pip,q_safe.right_ring_abd,q_safe.right_ring_mcp,q_safe.right_ring_pip,q_safe.right_pinky_abd,q_safe.right_pinky_mcp,q_safe.right_pinky_pip,q_measured.right_wrist,q_measured.right_thumb_mcp,q_measured.right_thumb_abd,q_measured.right_thumb_pip,q_measured.right_thumb_dip,q_measured.right_index_abd,q_measured.right_index_mcp,q_measured.right_index_pip,q_measured.right_middle_abd,q_measured.right_middle_mcp,q_measured.right_middle_pip,q_measured.right_ring_abd,q_measured.right_ring_mcp,q_measured.right_ring_pip,q_measured.right_pinky_abd,q_measured.right_pinky_mcp,q_measured.right_pinky_pip
0,True,0.01,6.228385962484579,False,False,3.8490493799511966e-27,False,29.210250009782612,-0.15,0.0,-0.73304,-0.58496,-0.50477,-0.4000000000000001,0.0,0.0,0.0,0.0,0.0,0.17,0.0,0.0,0.52333,0.0,0.0,-0.15,3.6915830757113034e-27,-0.73304,-0.58496,-0.50477,-0.4000000000000001,1.897494192599708e-28,0.0,-2.1444243022467644e-29,-1.0652895115617252e-27,0.0,0.17,-1.2684275033616486e-28,0.0,0.52333,0.0,0.0,-0.1504636294717452,-0.00024913347586931196,-0.733488708629297,-0.5851219546970908,-0.5047744998339302,-0.40023331337118867,-2.4794459782912207e-05,-1.2086908669606811e-06,1.9421818310665445e-08,-3.829584200719741e-05,-1.202505450442284e-06,0.170156837943458,-2.8209428762938118e-05,-1.017519327709447e-06,0.5236657896662829,-6.383528447448374e-07,-2.4370657384594807e-07
1,True,0.020000000000000004,6.229844568071037,False,False,1.6704870637688748e-09,False,28.562541992869228,-0.15,0.0,-0.73304,-0.58496,-0.50477,-0.4000000000000001,0.0,0.0,0.0,0.0,0.0,0.17,0.0,0.0,0.52333,0.0,0.0,-0.1500000009259819,-4.97616365919152e-10,-0.7330400008961814,-0.5849600003234633,-0.5047700000089873,-0.4000000004666447,-4.9521558444123696e-11,-2.414052479694995e-12,1.3486102809184066e-14,-7.647805338914212e-11,-2.4016986841537925e-12,0.17000000031363086,-5.632854509300114e-11,-2.032235969997865e-12,0.5233300006708196,-1.2749473914911732e-12,-4.867418749345399e-13,-0.15153608456330847,-0.0007135247426687595,-0.7343212865158393,-0.5854269552472096,-0.5047827157535005,-0.4006634860753598,-5.4849406227842125e-05,-3.1663330070268552e-06,5.530149906622191e-08,-8.772162223470984e-05,-3.0913443575100013e-06,0.17044841109048006,-6.094927992536568e-05,-2.5944822590679613e-06,0.5242823459075623,-1.261926409570805e-06,-5.039324300044038e-07
2,True,0.030000000000000013,6.231455258452941,False,False,5.012438706761603e-09,False,28.461707988753915,-0.15,0.0,-0.73304,-0.58496,-0.50477,-0.4000000000000001,0.0,0.0,0.0,0.0,0.0,0.17,0.0,0.0,0.52333,0.0,0.0,-0.15000000306921327,-1.4258339962273242e-09,-0.733040002560278,-0.5849600009330698,-0.504770000025409,-0.40000000132700403,-1.0961760250454691e-10,-6.3272689911696525e-12,6.596681894131576e-14,-1.752905592352456e-10,-6.177481231035847e-12,0.17000000089674258,-1.2178470580083423e-10,-5.184616814644591e-12,0.5233300019032623,-2.5221326761074194e-12,-1.0071471112529676e-12,-0.15301403427206522,-0.001228707451813408,-0.7352421419310226,-0.5857686335361719,-0.5047921876498697,-0.401135298704278,-7.151411832448627e-05,-5.092739874964781e-06,9.704372695246652e-08,-0.00011548413996563158,-4.868568327169367e-06,0.17077066979090016,-7.759111580045276e-05,-4.048709867540662e-06,0.5249561521354176,-1.2401198310961135e-06,-5.511125088281712e-07
3,True,0.04000000000000002,6.232967048296152,False,False,9.083330547348191e-09,False,28.400334005709738,-0.15,0.0,-0.73304,-0.58496,-0.50477,-0.4000000000000001,0.0,0.0,0.0,0.0,0.0,0.17,0.0,0.0,0.52333,0.0,0.0,-0.1500000060239915,-2.456062565348374e-09,-0.7330400044017423,-0.5849600016163241,-0.5047700000443492,-0.4000000022706305,-1.4298389012232845e-10,-1.0180160932106767e-11,1.4788076789110926e-13,-2.3087191238098902e-10,-9.732229051412366e-12,0.1700000015412562,-1.5511003318888737e-10,-8.09340378868156e-12,0.5233300032507017,-2.4802946792647982e-12,-1.102093047919776e-12,-0.15472494497891576,-0.0017148699475056748,-0.7361102875376738,-0.5860939163914191,-0.5048020129384532,-0.40157568620557593,-8.056243314050554e-05,-6.749387721536727e-06,1.405705837731235e-07,-0.00012810114899720356,-6.31158545626586e-06,0.17107341273547924,-8.552145330241295e-05,-5.1873550436939175e-06,0.5255833504505432,-4.2844077353032615e-07,-3.3106490822652696e-07
4,True,0.05000000000000003,6.234277275428973,False,False,1.3369498058344459e-08,False,28.123500000219792,-0.15,0.0,-0.73304,-0.58496,-0.50477,-0.4000000000000001,0.0,0.0,0.0,0.0,0.0,0.17,0.0,0.0,0.52333,0.0,0.0,-0.1500000094451653,-3.428459705153916e-09,-0.733040006138175,-0.5849600022669336,-0.5047700000639987,-0.4000000031514008,-1.6110127050742926e-10,-1.3494191952945689e-11,2.403828221492006e-13,-2.561484172013996e-10,-1.2619176748812481e-11,0.1700000021467504,-1.7099677096922387e-10,-1.0371557574294257e-11,0.5233300045051748,-8.59112299514851e-13,-6.627337175869056e-13,-0.1565265372702684,-0.0021386806151185477,-0.7368680076328574,-0.5863797677259261,-0.5048118656890622,-0.4019556906438587,-8.596992667698786e-05,-8.095273187900712e-06,1.843189126118301e-07,-0.0001339500969434684,-7.396085135712034e-06,0.17133600502862956,-8.925072852799233e-05,-5.990085427163701e-06,0.5261235224390899,1.1133142409755225e-06,1.3751210910224717e-07
5,True,0.06000000000000004,6.235360659607339,False,False,1.7577233652040865e-08,False,28.032375033944845,-0.15,0.0,-0.73304,-0.58496,-0.50477,-0.4000000000000001,0.0,0.0,0.0,0.0,0.0,0.17,0.0,0.0,0.52333,0.0,0.0,-0.15000001304809327,-4.276241326751223e-09,-0.733040007653916,-0.5849600028387436,-0.5047700000837042,-0.400000003911403,-1.7192600094235663e-10,-1.6186812230962132e-11,3.3519810784848286e-13,-2.6786755384883114e-10,-1.4789157848155903e-11,0.17000000267194676,-1.7847070146064827e-10,-1.1977939040772533e-11,0.5233300055857049,2.2223835399201266e-12,2.737348800255498e-13,-0.15830751234872095,-0.0024911620099339915,-0.737500347315782,-0.5866192759386549,-0.5048216291552787,-0.4022688853896106,-8.943733267036118e-05,-9.159928954646679e-06,2.2769568331682748e-07,-0.00013649567097403064,-8.163728277068303e-06,0.17155328370252018,-9.072417829562262e-05,-6.497687498050624e-06,0.5265682310016748,3.2607170915957177e-06,8.123891467384448e-07
6,True,0.07000000000000005,6.2362292624466,False,False,2.1531096470361088e-08,False,27.33995800372213,-0.15,0.0,-0.73304,-0.58496,-0.50477,-0.4000000000000001,0.0,0.0,0.0,0.0,0.0,0.17,0.0,0.0,0.52333,0.0,0.0,-0.15000001661009302,-4.98138884004809e-09,-0.7330400089189376,-0.5849600033178866,-0.5047700001032313,-0.4000000045377858,-1.7886587713343213e-10,-1.8316893008997687e-11,4.290127364053892e-13,-2.7297074962819717e-10,-1.632531255328412e-11,0.17000000310651556,-1.8142777673268735e-10,-1.2993952879047194e-11,0.5233300064753408,6.515514860105221e-12,1.6229188420257461e-12,-0.15998618322588376,-0.0027752355731565604,-0.7380128055517997,-0.5868136279716286,-0.5048312602968029,-0.4025194490459055,-9.175545027209614e-05,-9.9940458338526e-06,2.704817096470807e-07,-0.00013725997606667639,-8.675736304361973e-06,0.17172758456835044,-9.085926123170358e-05,-6.768215786885093e-06,0.5269238650782084,5.879986037915734e-06,1.6474739708181808e-06
7,True,0.08000000000000006,6.236910623159271,False,False,2.512513054106479e-08,False,28.142374998424202,-0.15,0.0,-0.73304,-0.58496,-0.50477,-0.4000000000000001,0.0,0.0,0.0,0.0,0.0,0.17,0.0,0.0,0.52333,0.0,0.0,-0.15000001996770942,-5.549713803093548e-09,-0.7330400099441817,-0.584960003706714,-0.504770000122494,-0.40000000503890715,-1.8350503129299818e-10,-1.9985757513391457e-11,5.206245492950374e-13,-2.745069768554393e-10,-1.735002966695028e-11,0.1700000034551271,-1.8170514273991092e-10,-1.353566043039452e-11,0.5233300071868208,1.1752744439748309e-11,3.292644509358638e-12,-0.16150728315761537,-0.0029989200673268108,-0.7384194245836102,-0.586967630124604,-0.5048407412031124,-0.4027157846037573,-9.334060720129532e-05,-1.0650702685434206e-05,3.1260138753417215e-07,-0.0001369821474812439,-8.99451010153193e-06,0.17186437262747714,-9.014841757960347e-05,-6.860204725487217e-06,0.5272025837047725,8.846573505767265e-06,2.5996467626120762e-06
8,True,0.09000000000000007,6.237436354529963,False,False,2.829903008974399e-08,False,26.816583005711436,-0.15,0.0,-0.73304,-0.58496,-0.50477,-0.4000000000000001,0.0,0.0,0.0,0.0,0.0,0.17,0.0,0.0,0.52333,0.0,0.0,-0.1500000230103366,-5.997244807969676e-09,-0.7330400107577093,-0.5849600040148287,-0.5047700001414561,-0.4000000054315747,-1.866764811578759e-10,-2.1299556682199267e-11,6.106699969625385e-13,-2.7395302332525705e-10,-1.7988107458441157e-11,0.17000000372871155,-1.8028949890619948e-10,-1.3720129000371038e-11,0.523330007744443,1.7684952235483948e-11,5.19666424218042e-12,-0.16283795028840126,-0.0031717628246402986,-0.7387366802665826,-0.5870873046249281,-0.5048500625422576,-0.40286726508773163,-9.444531181921209e-05,-1.1178409064414991e-05,3.5403385725330453e-07,-0.00013607195574703057,-9.176556853747248e-06,0.1719699532010291,-8.889611403469039e-05,-6.8264205993655e-06,0.5274177648334507,1.205099211544202e-05,3.6310038609618564e-06
9,True,0.10000000000000007,6.237836624737348,False,False,3.102561811936187e-08,False,27.091500000096858,-0.15,0.0,-0.73304,-0.58496,-0.50477,-0.4000000000000001,0.0,0.0,0.0,0.0,0.0,0.17,0.0,0.0,0.52333,0.0,0.0,-0.1500000256721893,-6.343061961094909e-09,-0.7330400113924652,-0.5849600042542716,-0.5047700001600992,-0.4000000057345313,-1.8888720742951757e-10,-2.2355321995223072e-11,6.971773291935082e-13,-2.721370422574792e-10,-1.8352576294615452e-11,0.17000000393987882,-1.777885105303835e-10,-1.3652906813115657e-11,0.5233300081749631,2.4093122497951766e-11,7.259156522551125e-12,-0.16396349116509554,-0.0033030841638400817,-0.738980552372785,-0.5871786746779323,-0.5048592183703488,-0.40298270346183845,-9.524178691842844e-05,-1.1618750510641621e-05,3.9477882767967154e-07,-0.00013478823124762296,-9.270038106341299e-06,0.1720503587570357,-8.731290523784716e-05,-6.711778506534894e-06,0.5275819032155894,1.5400208420618226e-05,4.70944080716152e-06
10,True,0.11000000000000008,6.238137850792025,False,False,3.330302364277799e-08,False,26.637249975465238,-0.15,0.0,-0.73304,-0.58496,-0.50477,-0.4000000000000001,0.0,0.0,0.0,0.0,0.0,0.17,0.0,0.0,0.52333,0.0,0.0,-0.15000002792383074,-6.60581234851465e-09,-0.7330400118804102,-0.5849600044370892,-0.5047700001784112,-0.4000000059654046,-1.904810022142515e-10,-2.3236243416101883e-11,7.814441546174816e-13,-2.6957271874808453e-10,-1.8539782021067836e-11,0.17000000410069463,-1.7462466573388204e-10,-1.3423845480429195e-11,0.5233300085033682,3.079114345899735e-11,9.415896611433621e-12,-0.16488328824065454,-0.003401211457322291,-0.7391652884175633,-0.5872472109655302,-0.5048682047040229,-0.40306974351364133,-9.585589232914891e-05,-1.2005878142506857e-05,4.348435192587263e-07,-0.00013331022118924187,-9.314267038948668e-06,0.17211088006718786,-8.555377448282599e-05,-6.552965809553184e-06,0.5277057971553443,1.8817413154942092e-05,5.808597608559027e-06
11,True,0.12000000000000009,6.23836206624249,False,False,3.5148691354119736e-08,False,27.473541966173798,-0.15,0.0,-0.73304,-0.58496,-0.50477,-0.4000000000000001,0.0,0.0,0.0,0.0,0.0,0.17,0.0,0.0,0.52333,0.0,0.0,-0.1500000297639871,-6.80215316972016e-09,-0.7330400122500442,-0.5849600045742243,-0.5047700001963844,-0.4000000061394819,-1.9170971217842905e-10,-2.4010643496499232e-11,8.636729639249779e-13,-2.666188631905795e-10,-1.8628375173996062e-11,0.1700000042217408,-1.7110817210547798e-10,-1.3106342210524383e-11,0.5233300087512579,3.7625352249245295e-11,1.1614148828760853e-11,-0.1656070668943638,-0.0034732322153321425,-0.739303032230877,-0.587297632189563,-0.5048770191776224,-0.4031347190648008,-9.63818152753119e-05,-1.2366778579651525e-05,4.742377452104522e-07,-0.00013176745913837752,-9.340072374516911e-06,0.17215593477190305,-8.373492578040527e-05,-6.3788103650563735e-06,0.5277983800356527,2.224109305958284e-05,6.907522705665835e-06
12,True,0.1300000000000001,6.238527098897662,False,False,3.659420865873452e-08,False,26.783832989167422,-0.15,0.0,-0.73304,-0.58496,-0.50477,-0.4000000000000001,0.0,0.0,0.0,0.0,0.0,0.17,0.0,0.0,0.52333,0.0,0.0,-0.15000003121208066,-6.946262590731139e-09,-0.7330400125256605,-0.5849600046751163,-0.5047700002140137,-0.40000000626943083,-1.9276179850718448e-10,-2.4732515060759633e-11,9.440410941043561e-13,-2.635347727260144e-10,-1.8680036409710185e-11,0.17000000431185291,-1.6747162440459637e-10,-1.2758074217778382e-11,0.5233300089365034,4.447268057357107e-11,1.3811995264790308e-11,-0.16615163452983783,-0.003525002789204763,-0.7394038651446748,-0.5873338845101561,-0.5048856609150328,-0.40318273230568064,-9.68893812451928e-05,-1.2721893593550454e-05,5.129721056552628e-07,-0.00013025365108451035,-9.370564573456255e-06,0.17218910002492155,-8.194233763357244e-05,-6.210993226011311e-06,0.5278668473664287,2.5623733567055006e-05,7.990192269231243e-06
13,True,0.1400000000000001,6.238647087306903,False,False,3.768068669016406e-08,False,26.79062500828877,-0.15,0.0,-0.73304,-0.58496,-0.50477,-0.4000000000000001,0.0,0.0,0.0,0.0,0.0,0.17,0.0,0.0,0.52333,0.0,0.0,-0.15000003230170664,-7.049856460324827e-09,-0.7330400127274275,-0.5849600047476599,-0.5047700002312977,-0.4000000063654557,-1.937769788921441e-10,-2.5442759578241862e-11,1.0226953007605685e-12,-2.6050803956503485e-10,-1.8741007797899657e-11,0.17000000437818544,-1.6388712888409755e-10,-1.2422423177193154e-11,0.5233300090734998,5.1238060920033666e-11,1.5977374769556344e-11,-0.16653814084417604,-0.0035612691970719687,-0.7394760200631272,-0.5873592028046822,-0.5048941303792803,-0.40321781848584815,-9.742857897428836e-05,-1.3085904457506316e-05,5.510573526021621e-07,-0.00012883445277345437,-9.422092889621732e-06,0.17221321430295383,-8.023722257272454e-05,-6.064926969481373e-06,0.5279168962286038,2.8930290405780846e-05,9.044945463958756e-06
14,True,0.1500000000000001,6.238733091111672,False,False,3.845471492771189e-08,False,27.40129199810326,-0.15,0.0,-0.73304,-0.58496,-0.50477,-0.4000000000000001,0.0,0.0,0.0,0.0,0.0,0.17,0.0,0.0,0.52333,0.0,0.0,-0.15000003307515247,-7.122429672955233e-09,-0.733040012871816,-0.5849600047983264,-0.504770000248237,-0.4000000064356268,-1.9485528522742573e-10,-2.6170755382140358e-11,1.0997520175190007e-12,-2.5767011817951456e-10,-1.8844006363928872e-11,0.17000000442641552,-1.6047723189909803e-10,-1.2130231422697744e-11,0.5233300091736447,5.7851370632714446e-11,1.808695372496733e-11,-0.16678985891342318,-0.0035858214293905144,-0.739526146089993,-0.5873763049270005,-0.5049024292070287,-0.40324312987867633,-9.803303193398096e-05,-1.3468585920535042e-05,5.885041805950776e-07,-0.00012755289579871842,-9.50527925994041e-06,0.172230498851537,-7.866031919209903e-05,-5.950702609022599e-06,0.5279529862831749,3.213652168195702e-05,1.0063874718864805e-05
15,True,0.16000000000000011,6.238795208663195,False,False,3.8964976529008846e-08,False,27.74437499465421,-0.15,0.0,-0.73304,-0.58496,-0.50477,-0.4000000000000001,0.0,0.0,0.0,0.0,0.0,0.17,0.0,0.0,0.52333,0.0,0.0,-0.15000003357895833,-7.171564677613956e-09,-0.7330400129721284,-0.5849600048325532,-0.5047700002648351,-0.4000000064862486,-1.9606400919849106e-10,-2.6936065426820294e-11,1.17530708430475e-12,-2.5510718608097796e-10,-1.9010291701343604e-11,0.17000000446098576,-1.5732350822474442e-10,-1.1901695581628463e-11,0.5233300092458607,6.426409629597084e-11,2.0124906686667964e-11,-0.16693044033231824,-0.003601854967882926,-0.7395595580452499,-0.5873887580333982,-0.5049105604268966,-0.4032611081323934,-9.8723246617539e-05,-1.3875729997151754e-05,6.253231637165599e-07,-0.0001264341344251795,-9.626123275067726e-06,0.17224298262698018,-7.72359590506191e-05,-5.874103387859091e-06,0.527978581582322,3.522711625889056e-05,1.1042157493540818e-05
16,True,0.17000000000000012,6.2388458798076645,False,False,3.9259938109155557e-08,False,26.779666950460523,-0.15,0.0,-0.73304,-0.58496,-0.50477,-0.4000000000000001,0.0,0.0,0.0,0.0,0.0,0.17,0.0,0.0,0.52333,0.0,0.0,-0.15000003386042626,-7.203653957198186e-09,-0.7330400130389981,-0.5849600048574721,-0.504770000281098,-0.40000000652220447,-1.9744419994642288e-10,-2.7750284671757735e-11,1.2494370755432261e-12,-2.5286963877533576e-10,-1.925187567415436e-11,0.17000000448595415,-1.544746905802856e-10,-1.1748393958252532e-11,0.5233300092970783,7.044559113968769e-11,2.2081580120108277e-11,-0.1669878183365601,-0.0036134497503185333,-0.7395803525975035,-0.5873992348418828,-0.5049185259651029,-0.40327398928553343,-9.953042279573262e-05,-1.4316621733871492e-05,6.615249009464385e-07,-0.00012551853760763877,-9.794901688418092e-06,0.1722531658520963,-7.600216979945216e-05,-5.84480059448751e-06,0.5279962586743289,3.8180220826685426e-05,1.1972557458432742e-05
17,True,0.18000000000000013,6.2388916152118155,False,False,3.939488451908159e-08,False,27.248083031736314,-0.15,0.0,-0.73304,-0.58496,-0.50477,-0.4000000000000001,0.0,0.0,0.0,0.0,0.0,0.17,0.0,0.0,0.52333,0.0,0.0,-0.1500000339754109,-7.226854973393232e-09,-0.7330400130806218,-0.5849600048784311,-0.5047700002970295,-0.40000000654796636,-1.9905822736671075e-10,-2.8631973558696866e-11,1.322217518727116e-12,-2.5103820208032847e-10,-1.9589299984990927e-11,0.17000000450632125,-1.520068041436281e-10,-1.1689658404159863e-11,0.5233300093324528,7.635216663423724e-11,2.3942508025614627e-11,-0.16700645521235166,-0.0036231647750615812,-0.739593674965547,-0.5874087870591155,-0.5049263236643016,-0.4032844553509895,-0.0001005199563411133,-1.4811416718538284e-05,6.971201643273754e-07,-0.00012489431023278403,-1.003494371672477e-05,0.17226235717899033,-7.504037577594557e-05,-5.88442792348402e-06,0.5280088281929705,4.095217759221759e-05,1.2840012809037978e-05
18,True,0.19000000000000014,6.238934968841663,False,False,3.9453587000586704e-08,False,27.346333023160696,-0.15,0.0,-0.73304,-0.58496,-0.50477,-0.4000000000000001,0.0,0.0,0.0,0.0,0.0,0.17,0.0,0.0,0.52333,0.0,0.0,-0.15000003401279113,-7.246289832930908e-09,-0.7330400131072871,-0.5849600048975381,-0.5047700003126253,-0.40000000656889834,-2.0103678895482414e-10,-2.962141329001578e-11,1.3936503424445614e-12,-2.497891389986306e-10,-2.0069187073852124e-11,0.1700000045247043,-1.5008260756952437e-10,-1.176872331649871e-11,0.5233300093576048,8.189656730686135e-11,2.5677588380289035e-11,-0.1670109362781811,-0.003632028815404904,-0.7396039060344157,-0.587417851285503,-0.5049339599819644,-0.40329388182520354,-0.0001016451107921065,-1.5345199303249752e-05,7.321187411423141e-07,-0.00012449499398715396,-1.0328090772729777e-05,0.1722710699717061,-7.42904141427795e-05,-5.976323044800709e-06,0.5280191991445805,4.3573447597462435e-05,1.3655551252508483e-05
19,True,0.20000000000000015,6.238976957242772,False,False,3.948386774496238e-08,False,27.106957975775003,-0.15,0.0,-0.73304,-0.58496,-0.50477,-0.4000000000000001,0.0,0.0,0.0,0.0,0.0,0.17,0.0,0.0,0.52333,0.0,0.0,-0.15000003402179218,-7.264020077720618e-09,-0.7330400131277577,-0.5849600049156678,-0.5047700003278983,-0.4000000065877512,-2.0328672031583606e-10,-3.068886909258551e-11,1.4637492143133201e-12,-2.4898998119381177e-10,-2.0655333954667262e-11,0.17000000454213002,-1.4858217081822542e-10,-1.1952369431883004e-11,0.5233300093783523,8.713951129136858e-11,2.7308804801111797e-11,-0.1670102550663216,-0.0036404618512012542,-0.7396128282093801,-0.5874266158086774,-0.504941442834347,-0.40330280927037065,-0.00010283804411079053,-1.5896597340138143e-05,7.665301277362867e-07,-0.00012422550702381822,-1.0648693266086684e-05,0.1722795085625469,-7.366568298724294e-05,-6.096860854473936e-06,0.5280286152655043,4.608891837608518e-05,1.4435161769689346e-05
20,True,0.21000000000000016,6.239017988700784,False,False,3.9503484005031424e-08,False,27.215917012654245,-0.15,0.0,-0.73304,-0.58496,-0.50477,-0.4000000000000001,0.0,0.0,0.0,0.0,0.0,0.17,0.0,0.0,0.52333,0.0,0.0,-0.15000003402044396,-7.2808872329625796e-09,-0.7330400131456056,-0.5849600049331977,-0.5047700003428645,-0.40000000660560603,-2.0567239576751214e-10,-3.1791614506964175e-11,1.5326157362530526e-12,-2.4845069626850194e-10,-2.129646214388823e-11,0.17000000455900724,-1.4733239911554011e-10,-1.2193365789139128e-11,0.523330009397187,9.217073375285831e-11,2.886812153155016e-11,-0.16700770084583902,-0.0036486354672436794,-0.7396211475423929,-0.5874351617687471,-0.5049487783364028,-0.40331145092939297,-0.00010405418906841658,-1.645162854294922e-05,8.003638491472883e-07,-0.0001240233198038836,-1.097997027376056e-05,0.17228775501552696,-7.310912905441468e-05,-6.230550936774727e-06,0.5280375641889412,4.852858750777416e-05,1.5189494622677514e-05
21,True,0.22000000000000017,6.2390582312337095,False,False,3.951899478240123e-08,False,26.74524998292327,-0.15,0.0,-0.73304,-0.58496,-0.50477,-0.4000000000000001,0.0,0.0,0.0,0.0,0.0,0.17,0.0,0.0,0.52333,0.0,0.0,-0.15000003401534068,-7.297235106104583e-09,-0.7330400131622459,-0.5849600049502902,-0.5047700003575358,-0.40000000662288926,-2.0810461698068244e-10,-3.2901664702986774e-11,1.6003047738700053e-12,-2.4804616214203594e-10,-2.1958985472255322e-11,0.17000000457550013,-1.4621912361456602e-10,-1.2460709244285968e-11,0.523330009415086,9.705027076710492e-11,3.0376853747451893e-11,-0.1670044330443928,-0.00365662044320713,-0.7396291443874198,-0.587443524833377,-0.504955971037538,-0.4033198918267866,-0.00010526949525369302,-1.7002788618902505e-05,8.336294275278459e-07,-0.0001238544484628658,-1.131287334388029e-05,0.17229584309652834,-7.258967604319302e-05,-6.369009038783169e-06,0.5280462380479143,5.0909181416098896e-05,1.5924472564674087e-05
22,True,0.23000000000000018,6.239097757887065,False,False,3.9532750658155016e-08,False,27.123624982777983,-0.15,0.0,-0.73304,-0.58496,-0.50477,-0.4000000000000001,0.0,0.0,0.0,0.0,0.0,0.17,0.0,0.0,0.52333,0.0,0.0,-0.15000003400880704,-7.313205514693916e-09,-0.7330400131782404,-0.5849600049670167,-0.5047700003719215,-0.40000000663977103,-2.105352267983739e-10,-3.400399329922836e-11,1.6668487996545188e-12,-2.4770834415230834e-10,-2.2624785811853148e-11,0.1700000045916763,-1.4518012887796555e-10,-1.2737611783879927e-11,0.5233300094324344,1.0181161152317784e-10,3.184685992701922e-11,-0.16700084202456916,-0.003664446701206308,-0.7396369307430056,-0.5874517214770528,-0.5049630245204888,-0.40332816674167293,-0.00010647239607296072,-1.754650809080935e-05,8.663363186232024e-07,-0.00012370224595044044,-1.1643042034278468e-05,0.17230378747994962,-7.209203728174609e-05,-6.508162282162771e-06,0.5280547134637857,5.3239314583416415e-05,1.6643134205166765e-05
23,True,0.24000000000000019,6.239136603984993,False,False,3.954556527986831e-08,False,27.27745898300782,-0.15,0.0,-0.73304,-0.58496,-0.50477,-0.4000000000000001,0.0,0.0,0.0,0.0,0.0,0.17,0.0,0.0,0.52333,0.0,0.0,-0.15000003400162593,-7.328858413375994e-09,-0.7330400131938137,-0.5849600049834105,-0.5047700003860289,-0.4000000066563208,-2.129410577852769e-10,-3.509145054140313e-11,1.7322717936387255e-12,-2.474039056032853e-10,-2.3285129385633777e-11,0.17000000460756504,-1.4418480167135202e-10,-1.3015915800471491e-11,0.5233300094493857,1.0647200735137844e-10,3.328422520915532e-11,-0.16699718670593985,-0.0036721275194080416,-0.7396445518383535,-0.5874597600094259,-0.5049699418125964,-0.4033362907132241,-0.00010765818800256564,-1.8081378245070842e-05,8.98493870180128e-07,-0.00012355958722613515,-1.1968687739248686e-05,0.17231159525742437,-7.160960331416852e-05,-6.646304429745181e-06,0.5280630218305614,5.552312270869699e-05,1.7346927479906546e-05
24,True,0.25000000000000017,6.239174790200306,False,False,3.9557941177345816e-08,False,27.332249970640987,-0.15,0.0,-0.73304,-0.58496,-0.50477,-0.4000000000000001,0.0,0.0,0.0,0.0,0.0,0.17,0.0,0.0,0.52333,0.0,0.0,-0.15000003399431547,-7.344220396329065e-09,-0.7330400132090563,-0.584960004999488,-0.5047700003998639,-0.4000000066725687,-2.1531268390125643e-10,-3.616121304169306e-11,1.7965955960377747e-12,-2.4711857262100026e-10,-2.3936431936411452e-11,0.17000000462318057,-1.4321990106727373e-10,-1.3292202323496099e-11,0.5233300094660028,1.110397418883414e-10,3.469184983297753e-11,-0.16699359675340117,-0.003679669713561736,-0.7396520270419848,-0.5874676455791413,-0.5049767257067561,-0.4033442711248056,-0.00010882478389039227,-1.8606813285932165e-05,9.301112917761432e-07,-0.00012342298034067137,-1.2289001793299574e-05,0.17231927057551572,-7.113907505106872e-05,-6.782631413790103e-06,0.5280711770037649,5.7763023716612525e-05,1.803669015579563e-05
25,True,0.2600000000000002,6.239212331422514,False,False,3.957012634159742e-08,False,27.402166975662112,-0.15,0.0,-0.73304,-0.58496,-0.50477,-0.4000000000000001,0.0,0.0,0.0,0.0,0.0,0.17,0.0,0.0,0.52333,0.0,0.0,-0.1500000339871354,-7.3593051149595246e-09,-0.7330400132240071,-0.5849600050152595,-0.504770000413432,-0.4000000066885295,-2.176459238393191e-10,-3.721210696828732e-11,1.859837553027635e-12,-2.4684535193881044e-10,-2.4577073425583124e-11,0.1700000046385312,-1.4227882023584715e-10,-1.3564860737592238e-11,0.5233300094823136,1.1551965569696733e-10,3.6071411018589105e-11,-0.16699005229843153,-0.003687077554641331,-0.7396593656532515,-0.5874753820723254,-0.5049833788748342,-0.40335211236826923,-0.00010997113924072134,-1.9122554648309985e-05,9.61197645603396e-07,-0.00012329038659312927,-1.2603566250285515e-05,0.17232681641847253,-7.067847819578026e-05,-6.91669945128987e-06,0.5280791860100342,5.996074006823393e-05,1.8713012938911453e-05
26,True,0.2700000000000002,6.239249239963689,False,False,3.958209903697159e-08,False,27.330625045578927,-0.15,0.0,-0.73304,-0.58496,-0.50477,-0.4000000000000001,0.0,0.0,0.0,0.0,0.0,0.17,0.0,0.0,0.52333,0.0,0.0,-0.15000003398004638,-7.374121115382576e-09,-0.7330400132386846,-0.5849600050307329,-0.5047700004267387,-0.40000000670421193,-2.1993868565847816e-10,-3.8243614296164154e-11,1.922017430651526e-12,-2.4658016280947395e-10,-2.520621689650548e-11,0.17000000465362286,-1.4135760726015356e-10,-1.3833002489951646e-11,0.5233300094983319,1.1991519562536915e-10,3.742409085467804e-11,-0.1669865385156068,-0.0036943541126008782,-0.739666572674956,-0.5874829726747779,-0.50498990387167,-0.40335981758519296,-0.00011109710266197385,-1.9628623533482838e-05,9.917618481953155e-07,-0.00012316101313656217,-1.291229736868751e-05,0.1723342352527107,-7.022697643974475e-05,-7.0483734694426284e-06,0.5280870530931842,6.211739267821792e-05,1.9376273308879637e-05
27,True,0.2800000000000002,6.239285527028664,False,False,3.959384090588516e-08,False,27.15287503087893,-0.15,0.0,-0.73304,-0.58496,-0.50477,-0.4000000000000001,0.0,0.0,0.0,0.0,0.0,0.17,0.0,0.0,0.52333,0.0,0.0,-0.15000003397301875,-7.3886745441571755e-09,-0.7330400132530991,-0.5849600050459144,-0.5047700004397889,-0.4000000067196223,-2.2219066403384932e-10,-3.9255776648522596e-11,1.9831535021629776e-12,-2.463214160094464e-10,-2.5823693943782008e-11,0.17000000466846052,-1.4045458661415561e-10,-1.409635658424131e-11,0.5233300095140664,1.2422860514533975e-10,3.8750644860751976e-11,-0.1669830498832512,-0.0037015019669512546,-0.7396736514186967,-0.5874904202700061,-0.5049963031778698,-0.403367389408064,-0.00011220286922105453,-2.0125148740635017e-05,1.021812668854918e-06,-0.00012303455595785194,-1.321524097492379e-05,0.1723415293223642,-6.978418131081306e-05,-7.177638776186938e-06,0.528094781391463,6.423385731014499e-05,2.002676204097464e-05
28,True,0.2900000000000002,6.239321203293682,False,False,3.960534727116614e-08,False,26.741875044535846,-0.15,0.0,-0.73304,-0.58496,-0.50477,-0.4000000000000001,0.0,0.0,0.0,0.0,0.0,0.17,0.0,0.0,0.52333,0.0,0.0,-0.15000003396604142,-7.402970557748856e-09,-0.7330400132672569,-0.5849600050608099,-0.5047700004525879,-0.40000000673476593,-2.2440224827532766e-10,-4.024885132347883e-11,2.0432618133306256e-12,-2.460685025423674e-10,-2.6429595867400032e-11,0.17000000468304866,-1.3956898004398137e-10,-1.435489330654544e-11,0.5233300095295234,1.2846163651054898e-10,4.0051654846801716e-11,-0.16697958429031035,-0.0037085234894468026,-0.7396806045292366,-0.5874977276002057,-0.5050025792182181,-0.40337483025018805,-0.0001132887477670821,-2.061229345518579e-05,1.0513587304331422e-06,-0.00012291087814417286,-1.3512485568932166e-05,0.1723487007656235,-6.934985874143292e-05,-7.304521054461697e-06,0.5281023735922417,6.631091678352547e-05,2.066473719186763e-05
29,True,0.3000000000000002,6.239356279126615,False,False,3.961661874916041e-08,False,27.091459021903574,-0.15,0.0,-0.73304,-0.58496,-0.50477,-0.4000000000000001,0.0,0.0,0.0,0.0,0.0,0.17,0.0,0.0,0.52333,0.0,0.0,-0.15000003395911019,-7.417013903228409e-09,-0.7330400132811634,-0.584960005075425,-0.5047700004651403,-0.4000000067496476,-2.2657405574118272e-10,-4.1223164594736015e-11,2.1023606194085494e-12,-2.45821147888247e-10,-2.7024099536309266e-11,0.17000000469739152,-1.3870031913363473e-10,-1.4608663910827674e-11,0.5233300095447081,1.3261585551222182e-10,4.132763701503411e-11,-0.16697614087632578,-0.0037154209495856116,-0.7396874343735359,-0.5875048973247488,-0.505008734368288,-0.403382142416798,-0.0001143550811511092,-2.1090230183223403e-05,1.0804085112201343e-06,-0.00012278989970777418,-1.3804132613652256e-05,0.1723557516589863,-6.892382855496685e-05,-7.429058990041776e-06,0.5281098321837008,6.834931346321097e-05,2.12904427022735e-05
30,True,0.3100000000000002,6.239390764671848,False,False,3.962765762850444e-08,False,27.048374991863966,-0.15,0.0,-0.73304,-0.58496,-0.50477,-0.4000000000000001,0.0,0.0,0.0,0.0,0.0,0.17,0.0,0.0,0.52333,0.0,0.0,-0.1500000339522233,-7.430809117331405e-09,-0.7330400132948234,-0.5849600050897648,-0.5047700004774509,-0.4000000067642719,-2.287067719860007e-10,-4.217906147236609e-11,2.1604661343014252e-12,-2.4557919210015967e-10,-2.7607407857252225e-11,0.1700000047114933,-1.3784824329102566e-10,-1.4857745730349065e-11,0.5233300095596255,1.3669274706010117e-10,4.2579079283531834e-11,-0.16697271923973314,-0.0037221965542795893,-0.7396941431888654,-0.5875119320417721,-0.5050147709571485,-0.4033893281479144,-0.00011540221917579934,-2.1559132279157583e-05,1.1089703471852385e-06,-0.0001226715602123185,-1.4090286493875982e-05,0.17236268403432342,-6.850593034332021e-05,-7.551295005917888e-06,0.5281171595519076,7.034976730702937e-05,2.1904114786490198e-05
31,True,0.32000000000000023,6.239424669884225,False,False,3.9638467046965456e-08,False,26.72108303522691,-0.15,0.0,-0.73304,-0.58496,-0.50477,-0.4000000000000001,0.0,0.0,0.0,0.0,0.0,0.17,0.0,0.0,0.52333,0.0,0.0,-0.15000003394537997,-7.444360617097495e-09,-0.7330400133082413,-0.5849600051038346,-0.5047700004895244,-0.4000000067786433,-2.3080109664544348e-10,-4.31168886401781e-11,2.2175965747233333e-12,-2.4534251418114293e-10,-2.817972957811063e-11,0.17000000472535803,-1.3701243178204647e-10,-1.5102223603929608e-11,0.5233300095742806,1.4069375111019737e-10,4.3806454096779676e-11,-0.1669693191476902,-0.0037288524630477685,-0.7397007331394958,-0.5875188342965002,-0.5050206912687983,-0.40339638963513824,-0.00011643050958080074,-2.2019171143786138e-05,1.1370524343063082e-06,-0.00012255580623839286,-1.437105118153923e-05,0.17236949988568157,-6.809601199868753e-05,-7.671272171353992e-06,0.528124358018546,7.231298210999907e-05,2.250598413986685e-05
32,True,0.33000000000000024,6.239458004543564,False,False,3.964905027509046e-08,False,26.89479198306799,-0.15,0.0,-0.73304,-0.58496,-0.50477,-0.4000000000000001,0.0,0.0,0.0,0.0,0.0,0.17,0.0,0.0,0.52333,0.0,0.0,-0.15000003393857977,-7.457672718518688e-09,-0.7330400133214215,-0.5849600051176395,-0.5047700005013653,-0.40000000679276626,-2.328577252080997e-10,-4.4036988909346457e-11,2.2737674130016047e-12,-2.4511100736438786e-10,-2.874127265224929e-11,0.1700000047389897,-1.361925801898322e-10,-1.5342183668043776e-11,0.5233300095886778,1.4462027526863843e-10,4.501022285734093e-11,-0.16696594042972482,-0.0037353907940986197,-0.7397072063386656,-0.5875256065848007,-0.5050264975431895,-0.4034033290284769,-0.00011744029513455684,-2.247051533977195e-05,1.1646628309017177e-06,-0.00012244258723557953,-1.4646529162885661e-05,0.1723762011722062,-6.769392589523249e-05,-7.789033194063557e-06,0.5281314298558547,7.423964774060187e-05,2.30962767276992e-05
33,True,0.34000000000000025,6.239490778261975,False,False,3.965941051243956e-08,False,26.68262500083074,-0.15,0.0,-0.73304,-0.58496,-0.50477,-0.4000000000000001,0.0,0.0,0.0,0.0,0.0,0.17,0.0,0.0,0.52333,0.0,0.0,-0.1500000339318223,-7.470749658657072e-09,-0.7330400133343682,-0.5849600051311843,-0.5047700005129782,-0.400000006806645,-2.348773431336878e-10,-4.493969940576044e-11,2.3289939776797276e-12,-2.4488457033120144e-10,-2.9292242058253314e-11,0.17000000475239227,-1.3538839347586665e-10,-1.5577711338341004e-11,0.5233300096028218,1.4847369938597674e-10,4.61908375047268e-11,-0.16696258293875485,-0.0037418136270142427,-0.7397135648573488,-0.5875322513550254,-0.5050321919771169,-0.40341014843935463,-0.00011843191276697509,-2.291333034666765e-05,1.1918094599365597e-06,-0.00012233185416928388,-1.4916821117941427e-05,0.17238278981959285,-6.729952762076727e-05,-7.904620105631788e-06,0.5281383772928026,7.613044103051847e-05,2.367521409816423e-05
34,True,0.35000000000000026,6.2395230004883535,False,False,3.9669551195427114e-08,False,27.17391704209149,-0.15,0.0,-0.73304,-0.58496,-0.50477,-0.4000000000000001,0.0,0.0,0.0,0.0,0.0,0.17,0.0,0.0,0.52333,0.0,0.0,-0.15000003392510727,-7.483595599547949e-09,-0.7330400133470856,-0.5849600051444742,-0.5047700005243673,-0.40000000682028375,-2.3686062441648833e-10,-4.582535110585011e-11,2.383293119842913e-12,-2.446631053407578e-10,-2.983283914940679e-11,0.17000000476556953,-1.34599582524088e-10,-1.580889067860614e-11,0.5233300096167169,1.5225537703441455e-10,4.734874116591771e-11,-0.16695924653679947,-0.003748123004161799,-0.739719810727997,-0.5875387710092286,-0.5050377767250577,-0.4034168499421558,-0.00011940569337241168,-2.3347778525237443e-05,1.2185001112944836e-06,-0.00012222355908341623,-1.5182025845564293e-05,0.1723892677209763,-6.691267554461722e-05,-8.018074173536542e-06,0.5281452025178881,7.798602621692908e-05,2.424301353736451e-05
35,True,0.36000000000000026,6.2395546805116675,False,False,3.967947558484384e-08,False,26.426458964124322,-0.15,0.0,-0.73304,-0.58496,-0.50477,-0.4000000000000001,0.0,0.0,0.0,0.0,0.0,0.17,0.0,0.0,0.52333,0.0,0.0,-0.15000003391843442,-7.496214623863018e-09,-0.7330400133595776,-0.5849600051575138,-0.5047700005355371,-0.40000000683368675,-2.3880823078574476e-10,-4.669426874171867e-11,2.4366802840781625e-12,-2.4444651614300913e-10,-3.0363261536802246e-11,0.17000000477852534,-1.3382586438483429e-10,-1.6035804228811765e-11,0.5233300096303677,1.5596663682239907e-10,4.848436840947318e-11,-0.1669559310897394,-0.0037543209316233976,-0.7397259459463602,-0.5875451679041532,-0.5050432538999872,-0.40342343557520105,-0.00012036196182726072,-2.3774019148253786e-05,1.2447424440125701e-06,-0.0001221176549566565,-1.5442240266477994e-05,0.17239563673760164,-6.653323065399186e-05,-8.12943588539765e-06,0.5281519076806368,7.980705523716314e-05,2.479988817237255e-05
36,True,0.3700000000000003,6.239585827463987,False,False,3.9689187009673205e-08,False,27.20866701565683,-0.15,0.0,-0.73304,-0.58496,-0.50477,-0.4000000000000001,0.0,0.0,0.0,0.0,0.0,0.17,0.0,0.0,0.52333,0.0,0.0,-0.15000003391180347,-7.508610742716637e-09,-0.7330400133718483,-0.5849600051703079,-0.5047700005464917,-0.400000006846858,-2.407208120309241e-10,-4.754677085196438e-11,2.489171121860276e-12,-2.4423470903578264e-10,-3.0883703062235595e-11,0.17000000479126334,-1.3306696079761794e-10,-1.6258532961919503e-11,0.5233300096437783,1.5960878266567304e-10,4.959814549625359e-11,-0.16695263646539385,-0.00376040937993934,-0.7397319724725726,-0.5875514443521244,-0.5050486255741776,-0.40342990734149875,-0.00012130103707330479,-2.4192208451231026e-05,1.2705439884790489e-06,-0.00012201409565005773,-1.5697559449938916e-05,0.1724018986994071,-6.61610564743191e-05,-8.238744955369808e-06,0.5281584948925873,8.159416797399541e-05,2.534604705692515e-05
37,True,0.3800000000000003,6.239616450323225,False,False,3.969868876491266e-08,False,26.25691599678248,-0.15,0.0,-0.73304,-0.58496,-0.50477,-0.4000000000000001,0.0,0.0,0.0,0.0,0.0,0.17,0.0,0.0,0.52333,0.0,0.0,-0.1500000339052142,-7.520787898267906e-09,-0.7330400133839017,-0.5849600051828611,-0.5047700005572353,-0.40000000685980147,-2.4259900605592705e-10,-4.8383169930758417e-11,2.5407795088594785e-12,-2.440275914417653e-10,-3.1394353872745036e-11,0.17000000480378727,-1.3232259890940973e-10,-1.6477156305902884e-11,0.5233300096569531,1.6318309423450812e-10,5.069049055221489e-11,-0.16694936253281226,-0.0037663902847746887,-0.7397378922319481,-0.5875576026219003,-0.5050538937799814,-0.40343626720940506,-0.00012222323221937502,-2.460249968831291e-05,1.2959121485942266e-06,-0.00012191283588191061,-1.594807664687404e-05,0.17240805540556786,-6.579601901505111e-05,-8.346040336854485e-06,0.528164966228076,8.33479924831316e-05,2.5881695250855116e-05
38,True,0.3900000000000003,6.2396465579157505,False,False,3.970798401032705e-08,False,26.823499996680766,-0.15,0.0,-0.73304,-0.58496,-0.50477,-0.4000000000000001,0.0,0.0,0.0,0.0,0.0,0.17,0.0,0.0,0.52333,0.0,0.0,-0.15000003389866629,-7.532749965021707e-09,-0.7330400133957414,-0.584960005195178,-0.504770000567772,-0.4000000068725212,-2.444434391230335e-10,-4.920377248544307e-11,2.591521805940663e-12,-2.4382507287073335e-10,-3.1895400471433025e-11,0.17000000481610067,-1.3159251071898515e-10,-1.669175218271086e-11,0.523330009669896,1.666908278075141e-10,5.1761813710710135e-11,-0.1669461091620118,-0.0037722655475503314,-0.7397437071156606,-0.5875636449394983,-0.5050590605106002,-0.40344251711324164,-0.0001231288546467104,-2.5005043188790748e-05,1.3208542038950922e-06,-0.0001218138312102913,-1.6193883324280456e-05,0.17241410862501974,-6.543798672305643e-05,-8.451360236719526e-06,0.5281713237249356,8.506914521272243e-05,2.6407033896705375e-05
39,True,0.4000000000000003,6.239676158918974,False,False,3.971707600469523e-08,False,27.37983304541558,-0.15,0.0,-0.73304,-0.58496,-0.50477,-0.4000000000000001,0.0,0.0,0.0,0.0,0.0,0.17,0.0,0.0,0.52333,0.0,0.0,-0.1500000338921595,-7.544500741588772e-09,-0.7330400134073715,-0.5849600052072629,-0.5047700005781057,-0.40000000688502096,-2.462547258935601e-10,-5.0008879188997686e-11,2.641411503374064e-12,-2.4362706459429145e-10,-3.238702580047551e-11,0.1700000048282071,-1.3087643304981935e-10,-1.6902396994715268e-11,0.5233300096826112,1.7013321624453383e-10,5.28125172615673e-11,-0.16694287622387788,-0.0037780370360540366,-0.7397494189813725,-0.5875695734890011,-0.5050641277208382,-0.4034486589538907,-0.0001240182061137587,-2.5399986412951126e-05,1.3453773116442467e-06,-0.00012171703801763525,-1.6435069199402713e-05,0.17242006009697,-6.50868304384195e-05,-8.554742129650267e-06,0.5281775693851544,8.675823121787048e-05,2.6922260294557525e-05
40,True,0.4100000000000003,6.239705261863903,False,False,3.9725967937690024e-08,False,27.087958995252848,-0.15,0.0,-0.73304,-0.58496,-0.50477,-0.4000000000000001,0.0,0.0,0.0,0.0,0.0,0.17,0.0,0.0,0.52333,0.0,0.0,-0.15000003388569355,-7.556043963696107e-09,-0.7330400134187954,-0.5849600052191203,-0.5047700005882404,-0.4000000068973046,-2.4803347003772395e-10,-5.079878496135385e-11,2.69046277307968e-12,-2.434334791715344e-10,-3.286940929533204e-11,0.17000000484011002,-1.301741076720599e-10,-1.7109165695861615e-11,0.5233300096951029,1.735114697049272e-10,5.384299580355519e-11,-0.16693966359012447,-0.003783706585037359,-0.7397550296538378,-0.5875753904133474,-0.5050690973278421,-0.40345469459937644,-0.0001248915828593003,-2.5787474006923653e-05,1.3694885088837493e-06,-0.00012162241349585226,-1.6671722273314847e-05,0.17242591153139775,-6.474242335127999e-05,-8.65622277228072e-06,0.5281837051755129,8.841584437099317e-05,2.742756797537344e-05
41,True,0.4200000000000003,6.239733875137599,False,False,3.973466294314924e-08,False,26.81858401047066,-0.15,0.0,-0.73304,-0.58496,-0.50477,-0.4000000000000001,0.0,0.0,0.0,0.0,0.0,0.17,0.0,0.0,0.52333,0.0,0.0,-0.15000003387926825,-7.567383305488035e-09,-0.733040013430017,-0.5849600052307544,-0.5047700005981799,-0.40000000690937587,-2.4978026399069715e-10,-5.157377909814436e-11,2.7386898932801445e-12,-2.4324423112667345e-10,-3.334272695928466e-11,0.17000000485181288,-1.294852809637136e-10,-1.7312131801833458e-11,0.5233300097073746,1.7682677594572666e-10,5.4853636430730705e-11,-0.16693647113327645,-0.003789275996800775,-0.7397605409254886,-0.5875810978151074,-0.5050739712118265,-0.40346062588543374,-0.00012574927570367013,-2.616764785647291e-05,1.3931947144545009e-06,-0.00012152991563166616,-1.69039288638417e-05,0.17243166460954573,-6.440464095941153e-05,-8.755838217037452e-06,0.5281897330282058,9.004256756829956e-05,2.792314677293882e-05
42,True,0.4300000000000003,6.239762006985621,False,False,3.974316421278826e-08,False,26.93854196695611,-0.15,0.0,-0.73304,-0.58496,-0.50477,-0.4000000000000001,0.0,0.0,0.0,0.0,0.0,0.17,0.0,0.0,0.52333,0.0,0.0,-0.1500000338728833,-7.578522366082086e-09,-0.7330400134410399,-0.5849600052421695,-0.5047700006079279,-0.4000000069212384,-2.514956893998402e-10,-5.233414539945226e-11,2.7861080320062026e-12,-2.4305923646114527e-10,-3.3807151437976806e-11,0.170000004863319,-1.2880970378867374e-10,-1.7511367425627794e-11,0.5233300097194307,1.800803007959758e-10,5.5844818796813326e-11,-0.16693329872666002,-0.0037947470417679994,-0.739765954557008,-0.587586697757243,-0.5050787512167852,-0.40346645461606656,-0.00012659157014808189,-2.654064713974699e-05,1.4165027309816374e-06,-0.00012143950319214908,-1.7131773637827675e-05,0.17243732098440306,-6.40733610265017e-05,-8.85362382569759e-06,0.5281956548414506,9.16389729324792e-05,2.8409182894443092e-05
43,True,0.44000000000000034,6.2397896655144205,False,False,3.9751474715814264e-08,False,31.897166976705194,-0.15,0.0,-0.73304,-0.58496,-0.50477,-0.4000000000000001,0.0,0.0,0.0,0.0,0.0,0.17,0.0,0.0,0.52333,0.0,0.0,-0.15000003386653843,-7.589464689518322e-09,-0.7330400134518673,-0.5849600052533697,-0.5047700006174881,-0.40000000693289584,-2.5318031723312213e-10,-5.308016220708029e-11,2.8327289886385677e-12,-2.4287841253163925e-10,-3.426285208039969e-11,0.17000000487463174,-1.281471318490858e-10,-1.7706943282637258e-11,0.5233300097312745,1.832731885090949e-10,5.681691534218996e-11,-0.16693014624439595,-0.003800121459049948,-0.7397712722778936,-0.5875921922638546,-0.5050834391511894,-0.4034721825640966,-0.00012741874647209883,-2.6906608379007602e-05,1.4394192468266164e-06,-0.00012135113571047138,-1.735533964277335e-05,0.17244288228118027,-6.374846354114344e-05,-8.949614282673399e-06,0.5282014724800862,9.320562201166731e-05,2.8885858989718872e-05
44,True,0.45000000000000034,6.239816858693689,False,False,3.9759597632232486e-08,False,27.264792006462812,-0.15,0.0,-0.73304,-0.58496,-0.50477,-0.4000000000000001,0.0,0.0,0.0,0.0,0.0,0.17,0.0,0.0,0.52333,0.0,0.0,-0.15000003386023342,-7.600213753483631e-09,-0.733040013462503,-0.5849600052643589,-0.5047700006268642,-0.4000000069443517,-2.548347081856965e-10,-5.381210258073371e-11,2.8785670549524004e-12,-2.4270167851088344e-10,-3.470999496260922e-11,0.17000000488575434,-1.2749732502127364e-10,-1.7898928751636494e-11,0.5233300097429101,1.86406562223667e-10,5.777029137523011e-11,-0.16692701356139408,-0.0038054009569986735,-0.739776495787011,-0.5875975833209122,-0.5050880367886709,-0.40347781147170253,-0.000128231079829302,-2.726566549136584e-05,1.4619508380065013e-06,-0.00012126477347188591,-1.757470833785843e-05,0.17244835009777598,-6.342983067654435e-05,-9.043843608034572e-06,0.5282071877761593,9.474306597474665e-05,2.9353354219163616e-05
45,True,0.46000000000000035,6.239843594358733,False,False,3.976753591899676e-08,False,26.72124997479841,-0.15,0.0,-0.73304,-0.58496,-0.50477,-0.4000000000000001,0.0,0.0,0.0,0.0,0.0,0.17,0.0,0.0,0.52333,0.0,0.0,-0.150000033853968,-7.610772974949581e-09,-0.7330400134729503,-0.5849600052751412,-0.5047700006360597,-0.4000000069556095,-2.5645941243595573e-10,-5.453023435561858e-11,2.9236350488855335e-12,-2.42528955116594e-10,-3.514874301647499e-11,0.17000000489668995,-1.2686004759968495e-10,-1.8087391869699957e-11,0.5233300097543409,1.89481524329356e-10,5.870530521458737e-11,-0.16692390055334816,-0.003810587213751489,-0.7397816267531345,-0.5876028728769744,-0.5050925458686943,-0.4034833430509493,-0.00012902884034119536,-2.7617949838545558e-05,1.4841039700810406e-06,-0.00012118037749995452,-1.7789959624366585e-05,0.17245372600523615,-6.31173467509535e-05,-9.136345170276776e-06,0.5282128025295009,9.625184580304876e-05,2.9811844320366446e-05
46,True,0.47000000000000036,6.239869880212672,False,False,3.9775292603663306e-08,False,26.850791997276247,-0.15,0.0,-0.73304,-0.58496,-0.50477,-0.4000000000000001,0.0,0.0,0.0,0.0,0.0,0.17,0.0,0.0,0.52333,0.0,0.0,-0.15000003384774196,-7.621145709738736e-09,-0.7330400134832125,-0.5849600052857207,-0.504770000645078,-0.4000000069666726,-2.580549703773676e-10,-5.523482027119074e-11,2.9679462481029315e-12,-2.423601640151639e-10,-3.557925605339723e-11,0.17000000490744174,-1.2623506825623371e-10,-1.8272399379635758e-11,0.5233300097655706,1.9249915677861489e-10,5.962230834844168e-11,-0.1669208070967309,-0.0038156818777654294,-0.7397866668154813,-0.5876080628438932,-0.505096968097215,-0.403488778984309,-0.0001298122931893866,-2.7963590275694612e-05,1.5058850000079721e-06,-0.00012109790954302063,-1.8001171875525682e-05,0.17245901154820503,-6.281089818879842e-05,-9.227151698843076e-06,0.5282183185082936,9.773249247851768e-05,3.026150167346391e-05
47,True,0.48000000000000037,6.239895723828688,False,False,3.978287064984603e-08,False,26.811665971763432,-0.15,0.0,-0.73304,-0.58496,-0.50477,-0.4000000000000001,0.0,0.0,0.0,0.0,0.0,0.17,0.0,0.0,0.52333,0.0,0.0,-0.15000003384155502,-7.631335255560423e-09,-0.7330400134932928,-0.5849600052961008,-0.5047700006539227,-0.40000000697754445,-2.5962191229321474e-10,-5.59261180321422e-11,3.011513038767382e-12,-2.421952290820482e-10,-3.600169082529315e-11,0.17000000491801281,-1.2562215994543248e-10,-1.8454016731679732e-11,0.5233300097766028,1.9546052160168172e-10,6.052164554969574e-11,-0.16691773306878915,-0.0038206865683422853,-0.7397916175842351,-0.5876131550975051,-0.5051013051473245,-0.40349412092517223,-0.00013058169870607626,-2.8302713199262744e-05,1.5273001779672573e-06,-0.00012101733206092552,-1.820842196577541e-05,0.1724642082453691,-6.25103734825231e-05,-9.316295296403892e-06,0.5282237374496277,9.918552716840049e-05,3.070249536524834e-05
48,True,0.4900000000000004,6.239921132652255,False,False,3.979027294387073e-08,False,26.65695798350498,-0.15,0.0,-0.73304,-0.58496,-0.50477,-0.4000000000000001,0.0,0.0,0.0,0.0,0.0,0.17,0.0,0.0,0.52333,0.0,0.0,-0.15000003383540692,-7.641344850709691e-09,-0.7330400135031946,-0.5849600053062856,-0.5047700006625971,-0.4000000069882283,-2.611607588986955e-10,-5.6604380450702655e-11,3.0543476668577204e-12,-2.4203407500585344e-10,-3.641620107203082e-11,0.1700000049284062,-1.2502109947071152e-10,-1.8632308142787742e-11,0.5233300097874409,1.983666611369726e-10,6.14036549945597e-11,-0.16691467834753904,-0.0038256028761443146,-0.7397964806410593,-0.5876181514783093,-0.5051055586598834,-0.4034993704983506,-0.00013133731246288793,-2.8635442593964377e-05,1.5483556491546225e-06,-0.00012093860821196542,-1.8411785299473656e-05,0.17246931758989295,-6.221566315511494e-05,-9.40380745090047e-06,0.5282290610600474,0.00010061146140652794,3.113499125205242e-05
49,True,0.5000000000000003,6.239946114003324,False,False,3.97975024629541e-08,False,27.031874982640147,-0.15,0.0,-0.73304,-0.58496,-0.50477,-0.4000000000000001,0.0,0.0,0.0,0.0,0.0,0.17,0.0,0.0,0.52333,0.0,0.0,-0.15000003382929744,-7.651177675802034e-09,-0.7330400135129209,-0.5849600053162786,-0.5047700006711043,-0.40000000699872745,-2.6267202134092407e-10,-5.7269855500849615e-11,3.0964630955779293e-12,-2.4187662833188243e-10,-3.682293761968496e-11,0.17000000493862488,-1.2443166799941483e-10,-1.8807336589859417e-11,0.5233300097980884,2.0121859843765747e-10,6.226866841162887e-11,-0.16691164281176105,-0.0038304323637008645,-0.7398012575396035,-0.5876230537921344,-0.5051097302441425,-0.40350452930057096,-0.00013207938535806946,-2.8961900078843868e-05,1.5690574555449455e-06,-0.00012086170184008635,-1.86113358390528e-05,0.17247434104984846,-6.192665972330936e-05,-9.489719047356611e-06,0.5282342910160889,0.00010201079727124796,3.155915202143326e-05
50,True,0.5100000000000003,6.239970675078353,False,False,3.9804561992015355e-08,False,26.50912501849234,-0.15,0.0,-0.73304,-0.58496,-0.50477,-0.4000000000000001,0.0,0.0,0.0,0.0,0.0,0.17,0.0,0.0,0.52333,0.0,0.0,-0.15000003382322633,-7.660836857676517e-09,-0.7330400135224749,-0.5849600053260835,-0.5047700006794477,-0.400000007009045,-2.6415620136156087e-10,-5.792278640639982e-11,3.137871102709382e-12,-2.417228164456947e-10,-3.722204838053694e-11,0.1700000049486718,-1.23853650466489e-10,-1.8979163843619467e-11,0.5233300098085485,2.0401733771889356e-10,6.311701117675149e-11,-0.16690862634099557,-0.0038351765659060113,-0.7398059498059987,-0.5876278638107906,-0.5051138214783518,-0.40350959890096044,-0.00013280816370209655,-2.928220495246058e-05,1.589411537626086e-06,-0.00012078657746231267,-1.8807146132636334e-05,0.17247928006863636,-6.164325766145996e-05,-9.574060379463177e-06,0.5282394289648071,0.00010338402756007338,3.1975137252678696e-05
51,True,0.5200000000000004,6.239994822952501,False,False,3.9811454445334584e-08,False,26.81912499247119,-0.15,0.0,-0.73304,-0.58496,-0.50477,-0.4000000000000001,0.0,0.0,0.0,0.0,0.0,0.17,0.0,0.0,0.52333,0.0,0.0,-0.15000003381719335,-7.670325464191607e-09,-0.7330400135318597,-0.5849600053357038,-0.5047700006876303,-0.4000000070191842,-2.6561379167628317e-10,-5.856341180025143e-11,3.1785836951558644e-12,-2.4157256857599337e-10,-3.7613678475047554e-11,0.1700000049585498,-1.2328683591329628e-10,-1.9147850487252413e-11,0.5233300098188247,2.0676386460177082e-10,6.394900245871834e-11,-0.16690562881553786,-0.0038398369905073906,-0.7398105589393451,-0.587632583272711,-0.5051178339103574,-0.40351458084152414,-0.00013352388930170704,-2.959647423721045e-05,1.6094237361035747e-06,-0.00012071320025640478,-1.8999287341126294e-05,0.17248413606540083,-6.13653533660622e-05,-9.656861160939762e-06,0.5282444765242946,0.00010473163596110505,3.238310347615853e-05
52,True,0.5300000000000004,6.2400185645816,False,False,3.9818182527737086e-08,False,26.830790971871465,-0.15,0.0,-0.73304,-0.58496,-0.50477,-0.4000000000000001,0.0,0.0,0.0,0.0,0.0,0.17,0.0,0.0,0.52333,0.0,0.0,-0.15000003381119825,-7.67964651203143e-09,-0.7330400135410782,-0.5849600053451429,-0.5047700006956555,-0.400000007029148,-2.6704527597478517e-10,-5.919196571421963e-11,3.218612083398433e-12,-2.4142581507634146e-10,-3.799797021491634e-11,0.1700000049682618,-1.2273101712169648e-10,-1.9313455960448295e-11,0.52333000982892,2.0945914647923017e-10,6.476495533445925e-11,-0.16690265011643352,-0.0038444151185863928,-0.7398150864121908,-0.5876372138835799,-0.5051217690581874,-0.40351947663761323,-0.00013422679954239533,-2.9904822722800765e-05,1.6290997935766401e-06,-0.0001206415360487417,-1.9187829264771534e-05,0.17248891043543715,-6.109284512091877e-05,-9.738150536677894e-06,0.5282494352841909,0.00010605409722128905,3.278320423154249e-05
53,True,0.5400000000000004,6.240041906804215,False,False,3.982474907646051e-08,False,27.10462501272559,-0.15,0.0,-0.73304,-0.58496,-0.50477,-0.4000000000000001,0.0,0.0,0.0,0.0,0.0,0.17,0.0,0.0,0.52333,0.0,0.0,-0.15000003380524082,-7.68880296367e-09,-0.7330400135501333,-0.5849600053544044,-0.504770000703526,-0.4000000070389396,-2.684511288394628e-10,-5.980867773489073e-11,3.257968154485712e-12,-2.4128248757423944e-10,-3.837506320472552e-11,0.17000000497781054,-1.2218599058694182e-10,-1.9476038542462016e-11,0.5233300098388377,2.1210413288198175e-10,6.55651768839108e-11,-0.16689969012547376,-0.003848912405029876,-0.7398195336710021,-0.5876417573169508,-0.5051256284106261,-0.403524287778386,-0.00013491712746939452,-3.0207363008894185e-05,1.6484453561861052e-06,-0.0001205715513024247,-1.9372840369227077e-05,0.1724936045505924,-6.0825633062935306e-05,-9.817957093669915e-06,0.528254306806182,0.00010735187731156755,3.3175590124906806e-05
54,True,0.5500000000000004,6.240064856343622,False,False,3.983115680919648e-08,False,27.38158399006352,-0.15,0.0,-0.73304,-0.58496,-0.50477,-0.4000000000000001,0.0,0.0,0.0,0.0,0.0,0.17,0.0,0.0,0.52333,0.0,0.0,-0.15000003379932078,-7.69779772997331e-09,-0.733040013559028,-0.5849600053634915,-0.5047700007112448,-0.40000000704856187,-2.698318165856705e-10,-6.041377307477286e-11,3.2966634151485307e-12,-2.4114251890336273e-10,-3.874509438937389e-11,0.17000000498719875,-1.2165155657866333e-10,-1.9635655413099713e-11,0.523330009848581,2.146997557766605e-10,6.634996830521276e-11,-0.16689674872519078,-0.003853330278993503,-0.7398239021366253,-0.5876462152148499,-0.505129413427778,-0.40352901572726074,-0.00013559510186717476,-3.050420554693786e-05,1.6674659752345998e-06,-0.0001205032131055983,-1.955438781111394e-05,0.17249821975965954,-6.056361914853473e-05,-9.89630887172764e-06,0.5282590926244932,0.0001086254335889794,3.356040888475043e-05
55,True,0.5600000000000004,6.240087419809777,False,False,3.983740840115179e-08,False,26.80099999997765,-0.15,0.0,-0.73304,-0.58496,-0.50477,-0.4000000000000001,0.0,0.0,0.0,0.0,0.0,0.17,0.0,0.0,0.52333,0.0,0.0,-0.15000003379343796,-7.70663366499516e-09,-0.7330400135677652,-0.5849600053724074,-0.5047700007188151,-0.40000000705801775,-2.7118779661119974e-10,-6.100747263667054e-11,3.3347089308135544e-12,-2.4100584345592736e-10,-3.9108198074405557e-11,0.17000000499642914,-1.2112751909343702e-10,-1.979236265610689e-11,0.5233300098581528,2.1724692982332417e-10,6.711962509766724e-11,-0.16689382579885317,-0.0038576701443569024,-0.7398281932047408,-0.5876505891883718,-0.5051331255416193,-0.4035336619223601,-0.00013626094733748434,-3.0795458681193395e-05,1.6861671087795574e-06,-0.00012043648915998437,-1.9732537463089276e-05,0.17250275738876494,-6.030670712067963e-05,-9.973233373994923e-06,0.5282637942463709,0.00010987521495576794,3.393780541694172e-05
56,True,0.5700000000000004,6.240109603701143,False,False,3.9843506548443944e-08,False,26.999542023986578,-0.15,0.0,-0.73304,-0.58496,-0.50477,-0.4000000000000001,0.0,0.0,0.0,0.0,0.0,0.17,0.0,0.0,0.52333,0.0,0.0,-0.15000003378759205,-7.715313582023348e-09,-0.7330400135763475,-0.5849600053811557,-0.5047700007262395,-0.4000000070673101,-2.725195182636409e-10,-6.158999310855234e-11,3.3721148849343913e-12,-2.408723964237485e-10,-3.946450601071327e-11,0.1700000050055044,-1.2061368553629949e-10,-1.994621527780314e-11,0.5233300098675563,2.1974655295821204e-10,6.787443708206747e-11,-0.16689092123046137,-0.0038619333801707804,-0.7398324082463086,-0.587654880818261,-0.5051367661565407,-0.403538227776949,-0.00013691488437596073,-3.108122868898284e-05,1.704554123199485e-06,-0.00012037134776962521,-1.990735393843604e-05,0.17250721874174907,-6.005480247649083e-05,-1.004875757725805e-05,0.5282684131525573,0.00011110166201555053,3.430792185861619e-05
57,True,0.5800000000000004,6.240131414406746,False,False,3.984945384415443e-08,False,26.73420903738588,-0.15,0.0,-0.73304,-0.58496,-0.50477,-0.4000000000000001,0.0,0.0,0.0,0.0,0.0,0.17,0.0,0.0,0.52333,0.0,0.0,-0.1500000337817829,-7.723840234497709e-09,-0.7330400135847778,-0.5849600053897391,-0.5047700007335209,-0.4000000070764418,-2.7382742246091253e-10,-6.216154706180669e-11,3.4088929057910996e-12,-2.4074211442165656e-10,-3.981414743180786e-11,0.17000000501442708,-1.2010986691725952e-10,-2.0097267235881272e-11,0.5233300098767942,2.2219950639374483e-10,6.861468850234177e-11,-0.16688803490474285,-0.0038661213410961124,-0.7398365486080059,-0.5876590916554845,-0.5051403366498778,-0.40354271467986347,-0.00013755712944733784,-3.1361619820165584e-05,1.7226322947338487e-06,-0.00012030775782983222,-2.0078900615181624e-05,0.17251160510054114,-5.980781243545201e-05,-1.012290794205782e-05,0.5282729507977567,0.0001123052072266042,3.4670897631045115e-05
58,True,0.5900000000000004,6.240152858207808,False,False,3.985525290473606e-08,False,27.2030410123989,-0.15,0.0,-0.73304,-0.58496,-0.50477,-0.4000000000000001,0.0,0.0,0.0,0.0,0.0,0.17,0.0,0.0,0.52333,0.0,0.0,-0.15000003377601018,-7.732216337260484e-09,-0.7330400135930587,-0.584960005398161,-0.504770000740662,-0.40000000708541555,-2.751119422062572e-10,-6.272234299867577e-11,3.4450529182804805e-12,-2.406149354603924e-10,-4.0157249091087683e-11,0.1700000050231998,-1.196158776751153e-10,-2.024557144787763e-11,0.5233300098858698,2.246066549302329e-10,6.934065824239395e-11,-0.166885166707148,-0.00387023535783557,-0.7398406156126577,-0.5876632232217917,-0.5051438383724336,-0.40354712399593384,-0.00013818789505927413,-3.1636734335861e-05,1.7404068109971475e-06,-0.00012024568881633628,-2.0247239659754167e-05,0.17251591772552735,-5.956564590818976e-05,-1.0195710422607164e-05,0.5282774086110927,0.00011348627505232092,3.502686949149468e-05
59,True,0.6000000000000004,6.240173941279771,False,False,3.9860906339342666e-08,False,27.003916969988495,-0.15,0.0,-0.73304,-0.58496,-0.50477,-0.4000000000000001,0.0,0.0,0.0,0.0,0.0,0.17,0.0,0.0,0.52333,0.0,0.0,-0.15000003377027377,-7.740444545305952e-09,-0.7330400136011929,-0.5849600054064243,-0.5047700007476656,-0.40000000709423417,-2.763735025069266e-10,-6.327258544034688e-11,3.4806057640007423e-12,-2.404907982960858e-10,-4.0493935322825e-11,0.17000000503182505,-1.1913153567067814e-10,-2.0391179825053423e-11,0.5233300098947856,2.2696884770126522e-10,7.005261979899828e-11,-0.1668823165238453,-0.0038742767375573132,-0.7398446105596591,-0.5876672770102661,-0.5051472726489884,-0.40355145706639894,-0.00013880738983482866,-3.190667254643124e-05,1.7578827724675833e-06,-0.00012018511077463583,-2.0412432050185654e-05,0.1725201578559128,-5.932821346581832e-05,-1.0267190476518049e-05,0.5282817879965589,0.00011464528210888441,3.5375971584095234e-05
60,True,0.6100000000000004,6.240194669693935,False,False,3.986641657150619e-08,False,27.09179202793166,-0.15,0.0,-0.73304,-0.58496,-0.50477,-0.4000000000000001,0.0,0.0,0.0,0.0,0.0,0.17,0.0,0.0,0.52333,0.0,0.0,-0.15000003376457335,-7.74852747633184e-09,-0.7330400136091829,-0.5849600054145321,-0.5047700007545344,-0.4000000071029003,-2.776125205639166e-10,-6.381247501843204e-11,3.5155615296319793e-12,-2.403696430265667e-10,-4.082432809637609e-11,0.1700000050403053,-1.186566619428269e-10,-2.0534143282559107e-11,0.5233300099035445,2.292869178484487e-10,7.075084147831114e-11,-0.16687948424171697,-0.0038782467643112884,-0.73984853472539,-0.5876712544858642,-0.5051506407788018,-0.4035557152093142,-0.00013941581858360823,-3.217153284873818e-05,1.7750651939506662e-06,-0.00012012599430953996,-2.0574537598870402e-05,0.17252432671007747,-5.9095427309838964e-05,-1.03373730743413e-05,0.52828609033346,0.00011578263731022018,3.571833548973923e-05
61,True,0.6200000000000004,6.240215049419321,False,False,3.987178620735701e-08,False,26.66954102460295,-0.15,0.0,-0.73304,-0.58496,-0.50477,-0.4000000000000001,0.0,0.0,0.0,0.0,0.0,0.17,0.0,0.0,0.52333,0.0,0.0,-0.15000003375890875,-7.756467700764658e-09,-0.7330400136170314,-0.5849600054224873,-0.5047700007612709,-0.40000000711141653,-2.7882940607012324e-10,-6.434220852240182e-11,3.5499295338071605e-12,-2.402514108880774e-10,-4.114854703312189e-11,0.170000005048643,-1.1819108099988748e-10,-2.067451176315132e-11,0.5233300099121494,2.315616832532447e-10,7.143558644330484e-11,-0.1668766697483545,-0.003882146699438169,-0.7398523893636233,-0.5876751570859459,-0.505153944036104,-0.4035598997199521,-0.00014001338237161094,-3.243141176268857e-05,1.7919590060182564e-06,-0.00012006831057490166,-2.073361497488747e-05,0.17252842548592623,-5.886720124258394e-05,-1.0406282708922966e-05,0.5282903169768461,0.00011689874201026853,3.605409027502644e-05
62,True,0.6300000000000004,6.240235086324345,False,False,3.987701767276627e-08,False,26.819042046554387,-0.15,0.0,-0.73304,-0.58496,-0.50477,-0.4000000000000001,0.0,0.0,0.0,0.0,0.0,0.17,0.0,0.0,0.52333,0.0,0.0,-0.15000003375327972,-7.764267738290254e-09,-0.7330400136247409,-0.5849600054302926,-0.5047700007678775,-0.40000000711978556,-2.8002456112902717e-10,-6.486197901478183e-11,3.583720930679652e-12,-2.40136044323035e-10,-4.146670948439505e-11,0.17000000505684054,-1.1773462035884674e-10,-2.0812334260909794e-11,0.5233300099206029,2.3379394661828413e-10,7.210711287639797e-11,-0.16687387293205422,-0.0038859777819710505,-0.7398561757059245,-0.5876789862207942,-0.5051571836705782,-0.4035640118711961,-0.00014060027858978972,-3.2686403967080976e-05,1.808569056423455e-06,-0.00012001203126353901,-2.0889721725895284e-05,0.17253245536123285,-5.864345063819545e-05,-1.0473943404580755e-05,0.5282944692579398,0.00011799399014263083,3.63833625402747e-05
63,True,0.6400000000000005,6.240254786178504,False,False,3.988211338751049e-08,False,26.99795801891014,-0.15,0.0,-0.73304,-0.58496,-0.50477,-0.4000000000000001,0.0,0.0,0.0,0.0,0.0,0.17,0.0,0.0,0.52333,0.0,0.0,-0.15000003374768606,-7.771930065660071e-09,-0.7330400136323137,-0.584960005437951,-0.504770000774357,-0.4000000071280098,-2.8119838057995457e-10,-6.537197584470522e-11,3.6169443748085923e-12,-2.4002348645148306e-10,-4.177893053825617e-11,0.17000000506490026,-1.1728711085028445e-10,-2.0947658817849235e-11,0.5233300099289077,2.3598449588749584e-10,7.276567389136396e-11,-0.166871093681813,-0.0038897412290300427,-0.7398598949620458,-0.5876827432741257,-0.5051603609078331,-0.4035680529139279,-0.00014117670102135917,-3.293660233476771e-05,1.824900111491699e-06,-0.00011995712859733976,-2.104291429960679e-05,0.1725364174939784,-5.842409241412965e-05,-1.0540378726103993e-05,0.5282985484845543,0.00011906876835763669,3.670627646661415e-05
64,True,0.6500000000000005,6.240274154654125,False,False,3.988707575493032e-08,False,26.372625026851892,-0.15,0.0,-0.73304,-0.58496,-0.50477,-0.4000000000000001,0.0,0.0,0.0,0.0,0.0,0.17,0.0,0.0,0.52333,0.0,0.0,-0.1500000337421275,-7.779457121461636e-09,-0.7330400136397525,-0.5849600054454653,-0.5047700007807115,-0.4000000071360919,-2.823512519167619e-10,-6.587238477666173e-11,3.649609814807705e-12,-2.399136819384532e-10,-4.2085323083868335e-11,0.17000000507282453,-1.1684838623890253e-10,-2.1080532567965024e-11,0.5233300099370662,2.381341043409743e-10,7.341151795345943e-11,-0.16686833188732375,-0.0038934382362098867,-0.7398635483203122,-0.5876864296035903,-0.5051634769498675,-0.4035720240774071,-0.00014174283990786923,-3.318209796714477e-05,1.8409568574884917e-06,-0.00011990357531754707,-2.119324806485306e-05,0.17254031302268372,-5.8209045003176144e-05,-1.0605611787580522e-05,0.5283025559415052,0.00012012345615687997,3.7022953862182226e-05
65,True,0.6600000000000005,6.240293197327922,False,False,3.989190715964278e-08,False,26.49550000205636,-0.15,0.0,-0.73304,-0.58496,-0.50477,-0.4000000000000001,0.0,0.0,0.0,0.0,0.0,0.17,0.0,0.0,0.52333,0.0,0.0,-0.1500000337366039,-7.786851293108132e-09,-0.7330400136470593,-0.5849600054528382,-0.5047700007869438,-0.4000000071440342,-2.8348355569441167e-10,-6.636338800405017e-11,3.681726621614244e-12,-2.3980657623502363e-10,-4.2385997872483464e-11,0.17000000508061558,-1.16418283352274e-10,-2.1211001737233225e-11,0.5233300099450814,2.402435309744504e-10,7.404488862192615e-11,-0.16686558743897112,-0.003897069977960704,-0.7398671369480009,-0.587690046541263,-0.5051665329755242,-0.4035759265696457,-0.0001422988820140675,-3.3422980227983065e-05,1.8567439019642041e-06,-0.00011985134467522239,-2.1340777332243294e-05,0.17254414306673652,-5.799822832598357e-05,-1.0669665261053799e-05,0.5283064928910156,0.00012115842602527104,3.733351420743661e-05
66,True,0.6700000000000005,6.240311919682626,False,False,3.989660989315809e-08,False,26.86154202092439,-0.15,0.0,-0.73304,-0.58496,-0.50477,-0.4000000000000001,0.0,0.0,0.0,0.0,0.0,0.17,0.0,0.0,0.52333,0.0,0.0,-0.15000003373111495,-7.794114932450913e-09,-0.7330400136542368,-0.5849600054600722,-0.504770000793056,-0.40000000715183914,-2.845956655018675e-10,-6.684516423049363e-11,3.713304084638542e-12,-2.3970211570029185e-10,-4.2681063530994844e-11,0.17000000508827565,-1.1599664215538198e-10,-2.133911166902157e-11,0.5233300099529554,2.4231352081099944e-10,7.46660249023568e-11,-0.16686286022782731,-0.0039006376079620225,-0.7398706619917138,-0.5876935953941249,-0.5051695301409362,-0.4035797615777747,-0.00014284501069157326,-3.365933677661309e-05,1.872265775076223e-06,-0.00011980041042188242,-2.1485555374429027e-05,0.17254790872671297,-5.779156376408291e-05,-1.0732561385013552e-05,0.5283103605731124,0.00012217404356065022,3.7638074699603255e-05
67,True,0.6800000000000005,6.240330327108634,False,False,3.990118630134262e-08,False,26.627208979334682,-0.15,0.0,-0.73304,-0.58496,-0.50477,-0.4000000000000001,0.0,0.0,0.0,0.0,0.0,0.17,0.0,0.0,0.52333,0.0,0.0,-0.1500000337256605,-7.801250342769073e-09,-0.733040013661287,-0.5849600054671701,-0.5047700007990505,-0.4000000071595092,-2.856879479078839e-10,-6.731788883246976e-11,3.744350728631938e-12,-2.3960024802150304e-10,-4.2970626605982843e-11,0.17000000509580696,-1.1558330531693866e-10,-2.1464906847806385e-11,0.5233300099606909,2.443448050501191e-10,7.527516115860347e-11,-0.16686015014564756,-0.003904142259490182,-0.7398741245777447,-0.5876970774445368,-0.5051724695799649,-0.4035835302684053,-0.00014338140594138466,-3.3891253600475585e-05,1.887526930888926e-06,-0.00011975074680030676,-2.1627634445979983e-05,0.17255161108469363,-5.758897413339846e-05,-1.0794321972723153e-05,0.5283141602060172,0.00012317066760100692,3.7936750296275674e-05
68,True,0.6900000000000005,6.2403484249055206,False,False,3.9905638633939645e-08,False,27.312375023029745,-0.15,0.0,-0.73304,-0.58496,-0.50477,-0.4000000000000001,0.0,0.0,0.0,0.0,0.0,0.17,0.0,0.0,0.52333,0.0,0.0,-0.1500000337202403,-7.808259797851408e-09,-0.7330400136682124,-0.5849600054741344,-0.5047700008049295,-0.40000000716704653,-2.8676076308442253e-10,-6.778173376444313e-11,3.774876054551244e-12,-2.3950092146866105e-10,-4.3254791600984364e-11,0.17000000510321167,-1.151781184872123e-10,-2.1588430900866648e-11,0.5233300099682904,2.463381013658849e-10,7.587252735672323e-11,-0.16685745708486605,-0.003907585045779237,-0.7398775258124379,-0.5877004939507023,-0.5051753524046285,-0.4035872337879837,-0.00014390824447523969,-3.4118815047050184e-05,1.90253174865184e-06,-0.00011970232853551349,-2.176706580287909e-05,0.17255525120457457,-5.7390383658238206e-05,-1.085496842038683e-05,0.5283178929865296,0.00012414865034935077,3.8229653758181836e-05
69,True,0.7000000000000005,6.240366218283577,False,False,3.990996911043452e-08,False,26.964042044710368,-0.15,0.0,-0.73304,-0.58496,-0.50477,-0.4000000000000001,0.0,0.0,0.0,0.0,0.0,0.17,0.0,0.0,0.52333,0.0,0.0,-0.15000003371485415,-7.815145515108202e-09,-0.7330400136750149,-0.5849600054809676,-0.5047700008106953,-0.40000000717445355,-2.8781446431876134e-10,-6.823686772149552e-11,3.8048891627066856e-12,-2.394040857889952e-10,-4.3533661047643604e-11,0.1700000051104919,-1.1478093009473916e-10,-2.170972661861279e-11,0.5233300099757561,2.482941141915534e-10,7.645834899043915e-11,-0.16685478093859163,-0.003910967060375478,-0.7398808667825423,-0.5877038461471235,-0.5051781797055229,-0.40359087326313936,-0.0001444256997758535,-3.43421038551741e-05,1.9172845340562848e-06,-0.00011965513082589986,-2.1903899721643922e-05,0.17255883013237264,-5.719571794575491e-05,-1.0914521715159817e-05,0.5283215600904038,0.0001251083374962764,3.851689569113444e-05
70,True,0.7100000000000005,6.240383712365261,False,False,3.991417994881747e-08,False,26.851665985304862,-0.15,0.0,-0.73304,-0.58496,-0.50477,-0.4000000000000001,0.0,0.0,0.0,0.0,0.0,0.17,0.0,0.0,0.52333,0.0,0.0,-0.15000003370950182,-7.82190968853097e-09,-0.733040013681697,-0.5849600054876721,-0.50477000081635,-0.40000000718173245,-2.888493986369107e-10,-6.868345620708854e-11,3.834397315770512e-12,-2.3930969112275803e-10,-4.380733548199514e-11,0.17000000511764976,-1.1439159136665241e-10,-2.1828835973221414e-11,0.5233300099830904,2.502135350583752e-10,7.703284727087574e-11,-0.1668521216006036,-0.0039142893774856725,-0.739884148555558,-0.5877071352450467,-0.5051809525522346,-0.4035944498010276,-0.00014493394215605123,-3.4561201185762355e-05,1.9317895204709228e-06,-0.00011960912933454439,-2.2038185518081882e-05,0.17256234889652605,-5.700490396086943e-05,-1.0973002443004473e-05,0.5283251626727187,0.00012605006834026463,3.87985845871805e-05
71,True,0.7200000000000005,6.240400912186817,False,False,3.991827336319442e-08,False,27.111334027722478,-0.15,0.0,-0.73304,-0.58496,-0.50477,-0.4000000000000001,0.0,0.0,0.0,0.0,0.0,0.17,0.0,0.0,0.52333,0.0,0.0,-0.1500000337041831,-7.828554466141058e-09,-0.7330400136882608,-0.5849600054942505,-0.5047700008218959,-0.4000000071888855,-2.8986590669519315e-10,-6.912166150595863e-11,3.8634105083079834e-12,-2.392176889112448e-10,-4.4075913542719744e-11,0.17000000512468727,-1.1400995626769566e-10,-2.194580014574035e-11,0.5233300099902958,2.520970422974396e-10,7.759623922142661e-11,-0.16684947896534755,-0.003917553052319171,-0.7398873721800772,-0.5877103624329014,-0.5051836719937449,-0.40359796448966634,-0.00014543313881681749,-3.477618665194115e-05,1.9460508701565895e-06,-0.00011956430018066801,-2.216997156568585e-05,0.17256580850818987,-5.681787000164754e-05,-1.1030430796395321e-05,0.5283287018682412,0.00012697417590576198,3.907482686496515e-05
72,True,0.7300000000000005,6.240417822699617,False,False,3.992225143897542e-08,False,26.93466702476144,-0.15,0.0,-0.73304,-0.58496,-0.50477,-0.4000000000000001,0.0,0.0,0.0,0.0,0.0,0.17,0.0,0.0,0.52333,0.0,0.0,-0.1500000336988978,-7.835081954760126e-09,-0.7330400136947082,-0.584960005500705,-0.5047700008273349,-0.4000000071959149,-2.908643228886638e-10,-6.955164290095746e-11,3.891935785303881e-12,-2.3912803132758714e-10,-4.4339491981308784e-11,0.17000000513160649,-1.1363588132404017e-10,-2.206065952270052e-11,0.5233300099973743,2.539453022322967e-10,7.814873763032065e-11,-0.16684685292793114,-0.003920759121423931,-0.7398905386861194,-0.5877135288767296,-0.5051863390588278,-0.4036014183982667,-0.00014592345390428195,-3.49871383486054e-05,1.9600726754606756e-06,-0.00011952061993125032,-2.2299305313677444e-05,0.1725692099615263,-5.66345456751226e-05,-1.1086826581875922e-05,0.528332178791784,0.00012788098705908036,3.934572690932472e-05
73,True,0.7400000000000005,6.2404344487716505,False,False,3.992611627963122e-08,False,27.10979199036956,-0.15,0.0,-0.73304,-0.58496,-0.50477,-0.4000000000000001,0.0,0.0,0.0,0.0,0.0,0.17,0.0,0.0,0.52333,0.0,0.0,-0.15000003369364567,-7.841494231719537e-09,-0.7330400137010413,-0.5849600055070381,-0.5047700008326692,-0.4000000072028227,-2.918449755679505e-10,-6.997355653752665e-11,3.919982461579526e-12,-2.390406715342512e-10,-4.4598165706109935e-11,0.17000000513840938,-1.1326922576558639e-10,-2.2173453704586277e-11,0.5233300100043283,2.5575896844712113e-10,7.869055135555384e-11,-0.16684424338412004,-0.003923908603016613,-0.7398936490854607,-0.5877166357206073,-0.5051889547564381,-0.40360481257755826,-0.00014640504856566031,-3.519413288141156e-05,1.9738589599914798e-06,-0.00011947806559280012,-2.2426233304704615e-05,0.1725725542339904,-5.645486187355566e-05,-1.1142209227470418e-05,0.5283355945385555,0.00012877082262215608,3.961138711012409e-05
74,True,0.7500000000000006,6.24045079518889,False,False,3.9929870012829365e-08,False,27.035083970986307,-0.15,0.0,-0.73304,-0.58496,-0.50477,-0.4000000000000001,0.0,0.0,0.0,0.0,0.0,0.17,0.0,0.0,0.52333,0.0,0.0,-0.15000003368842657,-7.847793326645758e-09,-0.7330400137072622,-0.5849600055132519,-0.5047700008379007,-0.40000000720961104,-2.92808186957939e-10,-7.038755565409076e-11,3.947557539132776e-12,-2.389555636694851e-10,-4.485202779249157e-11,0.17000000514509792,-1.1290985141754369e-10,-2.2284221560045503e-11,0.52333001001116,2.575386827353889e-10,7.922188508772011e-11,-0.1668416502303338,-0.00392700249730683,-0.739896704371956,-0.5877196840870588,-0.5051915200760941,-0.40360814806010836,-0.00014687808100417074,-3.539724539521655e-05,1.987413679772799e-06,-0.00011943661460327547,-2.255080119220001e-05,0.1725758422866107,-5.6278750751124996e-05,-1.1196597789952526e-05,0.5283389501845056,0.00012964399748420798,3.9871907900352376e-05
75,True,0.7600000000000006,6.240466866656677,False,False,3.993351463521139e-08,False,26.85533295152709,-0.15,0.0,-0.73304,-0.58496,-0.50477,-0.4000000000000001,0.0,0.0,0.0,0.0,0.0,0.17,0.0,0.0,0.52333,0.0,0.0,-0.15000003368324022,-7.853981250083297e-09,-0.7330400137133729,-0.5849600055193488,-0.5047700008430315,-0.400000007216282,-2.937542734288232e-10,-7.079379055495221e-11,3.974670027429575e-12,-2.3887266241363805e-10,-4.510116956754607e-11,0.17000000515167402,-1.1255762250391875e-10,-2.2393001202172694e-11,0.5233300100178714,2.592850748288269e-10,7.974293976336332e-11,-0.16683907336364176,-0.003930041786815672,-0.7398997055218569,-0.5877226750774627,-0.5051940359882515,-0.403611425860636,-0.00014734270653294325,-3.559654960197324e-05,2.0007407243791693e-06,-0.00011939624482415118,-2.2673053757406822e-05,0.17257907506426537,-5.610614570103781e-05,-1.1250010961974791e-05,0.5283422467866636,0.00013050082071133396,4.012738779349144e-05
76,True,0.7700000000000006,6.240482667801124,False,False,3.9937052229538457e-08,False,26.99866599868983,-0.15,0.0,-0.73304,-0.58496,-0.50477,-0.4000000000000001,0.0,0.0,0.0,0.0,0.0,0.17,0.0,0.0,0.52333,0.0,0.0,-0.15000003367808645,-7.860059957065513e-09,-0.7330400137193753,-0.5849600055253309,-0.5047700008480634,-0.4000000072228376,-2.94683545821366e-10,-7.119240864417262e-11,4.001326442694387e-12,-2.387919235583664e-10,-4.5345680576208474e-11,0.17000000515813957,-1.1221240587113226e-10,-2.249983001561401e-11,0.5233300100244648,2.609987628039885e-10,8.025391238201821e-11,-0.16683651268175903,-0.003933027436688585,-0.7399026534941238,-0.58772560977245,-0.5051965034446712,-0.40361464697632043,-0.00014779907762794173,-3.579211780809305e-05,2.013843918051981e-06,-0.00011935693453263162,-2.2793034926078424e-05,0.17258225349595355,-5.593698133305586e-05,-1.1302467079060733e-05,0.5283454853834711,0.0001313415956540834,4.0377923420170844e-05
77,True,0.7800000000000006,6.240498203170489,False,False,3.9940484760514336e-08,False,26.729167031589895,-0.15,0.0,-0.73304,-0.58496,-0.50477,-0.4000000000000001,0.0,0.0,0.0,0.0,0.0,0.17,0.0,0.0,0.52333,0.0,0.0,-0.15000003367296505,-7.866031386145889e-09,-0.7330400137252715,-0.5849600055312004,-0.5047700008529985,-0.4000000072292798,-2.9559630885058787e-10,-7.158355454754553e-11,4.027535938812271e-12,-2.3871330378979344e-10,-4.5585648679512345e-11,0.17000000516449643,-1.1187407073729718e-10,-2.2604744671813866e-11,0.523330010030942,2.6268035340751457e-10,8.075499622982709e-11,-0.1668339680830424,-0.003935960395002715,-0.7399055492307313,-0.5877284892322949,-0.5051989233787789,-0.4036178123871045,-0.00014824734397991544,-3.598402094128574e-05,2.0267270207969163e-06,-0.00011931866241400546,-2.2910787784857997e-05,0.17258537849506211,-5.577119345142789e-05,-1.1353984126462503e-05,0.528348666995109,0.00013216662005304327,4.062360956412295e-05
78,True,0.7900000000000006,6.240513477236327,False,False,3.9943814144037784e-08,False,26.157125015743077,-0.15,0.0,-0.73304,-0.58496,-0.50477,-0.4000000000000001,0.0,0.0,0.0,0.0,0.0,0.17,0.0,0.0,0.52333,0.0,0.0,-0.15000003366787582,-7.87189742643829e-09,-0.7330400137310631,-0.5849600055369595,-0.5047700008578384,-0.4000000072356106,-2.9649286202733903e-10,-7.196737012614895e-11,4.053304328123313e-12,-2.386367602819333e-10,-4.58211600512016e-11,0.1700000051707464,-1.1154248875320507e-10,-2.270778114256747e-11,0.5233300100373054,2.6433044230007863e-10,8.124638088631607e-11,-0.16683143946648635,-0.0039388415930688295,-0.7399083936569701,-0.5877313144972987,-0.5052012967060184,-0.40362092305599206,-0.0001486876525453995,-3.617232857688636e-05,2.0393937294629127e-06,-0.00011928140755414027,-2.3026354597344312e-05,0.17258845095962816,-5.56087190332215e-05,-1.1404579745886698e-05,0.528351792623818,0.00013297618614247422,4.086453919745174e-05
79,True,0.8000000000000006,6.240528494394975,False,False,3.99470424017001e-08,False,26.446792006026953,-0.15,0.0,-0.73304,-0.58496,-0.50477,-0.4000000000000001,0.0,0.0,0.0,0.0,0.0,0.17,0.0,0.0,0.52333,0.0,0.0,-0.15000003366281855,-7.877659944505178e-09,-0.7330400137367521,-0.5849600055426102,-0.5047700008625852,-0.40000000724183193,-2.973734993059335e-10,-7.234399454410798e-11,4.078640559954116e-12,-2.385622512116872e-10,-4.6052299231940643e-11,0.17000000517689132,-1.1121753373127558e-10,-2.2808974715267404e-11,0.5233300100435568,2.659496137311264e-10,8.172825227182896e-11,-0.16682892673171906,-0.003941671945727879,-0.7399111876817422,-0.5877340865881653,-0.5052036243241982,-0.40362397992934135,-0.00014912014759677972,-3.63571089636792e-05,2.051847678802969e-06,-0.00011924514943211406,-2.3139776819849765e-05,0.17259147177259704,-5.544949620704707e-05,-1.145427124209082e-05,0.5283548632542152,0.00013377058075203253,4.110080351522809e-05
80,True,0.8100000000000006,6.240543258968682,False,False,3.995017131716279e-08,False,26.6284589888528,-0.15,0.0,-0.73304,-0.58496,-0.50477,-0.4000000000000001,0.0,0.0,0.0,0.0,0.0,0.17,0.0,0.0,0.52333,0.0,0.0,-0.15000003365779305,-7.88332077134718e-09,-0.7330400137423402,-0.5849600055481545,-0.5047700008672406,-0.40000000724794565,-2.9823850919256933e-10,-7.271356426859481e-11,4.103550715577726e-12,-2.384897356097655e-10,-4.627914911914995e-11,0.17000000518293296,-1.1089908206568478e-10,-2.290835999629176e-11,0.5233300100496983,2.675384415146576e-10,8.2200792796605e-11,-0.16682642977899848,-0.003944452351642314,-0.7399139321978501,-0.5877368065063714,-0.5052059071138311,-0.40362698393715213,-0.00014954497077144076,-3.653842904922845e-05,2.064092442517207e-06,-0.00011920986791298104,-2.325109511685638e-05,0.17259444180207575,-5.529346423216671e-05,-1.1503075589352887e-05,0.5283578798536028,0.0001345500854066142,4.1332491969424654e-05
81,True,0.8200000000000006,6.240557775206891,False,False,3.9953202823697824e-08,False,26.826667017303407,-0.15,0.0,-0.73304,-0.58496,-0.50477,-0.4000000000000001,0.0,0.0,0.0,0.0,0.0,0.17,0.0,0.0,0.52333,0.0,0.0,-0.1500000336527991,-7.888881701535733e-09,-0.7330400137478293,-0.5849600055535945,-0.5047700008718062,-0.4000000072539536,-2.9908817493506414e-10,-7.307621323245908e-11,4.1280424593717645e-12,-2.384191733064778e-10,-4.650179105170939e-11,0.170000005188873,-1.1058701218348782e-10,-2.3005970934721065e-11,0.5233300100557315,2.690974886768605e-10,8.266418136077891e-11,-0.16682394850920845,-0.003947183693582275,-0.7399166280822831,-0.5877394752345277,-0.5052081459384673,-0.403629935993349,-0.00014996226112001297,-3.671635450472476e-05,2.0761315342783716e-06,-0.00011917554324067012,-2.336034937617572e-05,0.1725973619015824,-5.514056347798149e-05,-1.1551009437816676e-05,0.5283608433722731,0.00013531497642435515,4.1559692302202666e-05
82,True,0.8300000000000006,6.2405720472876025,False,False,3.9956138788052384e-08,False,27.447375003248453,-0.15,0.0,-0.73304,-0.58496,-0.50477,-0.4000000000000001,0.0,0.0,0.0,0.0,0.0,0.17,0.0,0.0,0.52333,0.0,0.0,-0.15000003364783654,-7.894344501886696e-09,-0.7330400137532213,-0.584960005558932,-0.504770000876284,-0.40000000725985774,-2.999227747125903e-10,-7.343207277324144e-11,4.152123444702428e-12,-2.3835052463357705e-10,-4.672030480318192e-11,0.1700000051947132,-1.1028120485632705e-10,-2.3101840834196738e-11,0.5233300100616587,2.7062730780847734e-10,8.311859346957738e-11,-0.16682148282385464,-0.003949866838706688,-0.7399192761964977,-0.5877420937367351,-0.5052103416450214,-0.40363283699605884,-0.00015037215515373555,-3.6890949749357225e-05,2.0879684087401204e-06,-0.00011914215603101282,-2.3467578723818346e-05,0.17260023291029136,-5.499073540388967e-05,-1.1598089119714903e-05,0.5283637547438075,0.00013606552501282127,4.17824905785635e-05
83,True,0.8400000000000006,6.240586079318337,False,False,3.995898100060868e-08,False,27.2667080280371,-0.15,0.0,-0.73304,-0.58496,-0.50477,-0.4000000000000001,0.0,0.0,0.0,0.0,0.0,0.17,0.0,0.0,0.52333,0.0,0.0,-0.15000003364290515,-7.899710907123547e-09,-0.7330400137585176,-0.5849600055641692,-0.5047700008806756,-0.4000000072656597,-3.007425814459397e-10,-7.37812717280413e-11,4.175799393700791e-12,-2.3828375091215076e-10,-4.693476864280001e-11,0.1700000052004552,-1.0998154303102541e-10,-2.3196002356309225e-11,0.5233300100674816,2.7212844141717013e-10,8.356420124009528e-11,-0.16681903262506084,-0.003952502638839401,-0.7399218773866915,-0.5877446629589331,-0.505212495064093,-0.403635687827884,-0.0001507747868909517,-3.7062277974219664e-05,2.099606462528347e-06,-0.0001191096872648983,-2.3572821538578388e-05,0.17260305565327438,-5.484392253950958e-05,-1.1644330655472733e-05,0.5283666148853706,0.00013680199736342227,4.200097121837664e-05
84,True,0.8500000000000006,6.240599875337515,False,False,3.9961731236455164e-08,False,26.734083017800003,-0.15,0.0,-0.73304,-0.58496,-0.50477,-0.4000000000000001,0.0,0.0,0.0,0.0,0.0,0.17,0.0,0.0,0.52333,0.0,0.0,-0.1500000336380047,-7.904982619010015e-09,-0.7330400137637201,-0.5849600055693077,-0.5047700008849825,-0.40000000727136137,-3.015478632854146e-10,-7.412393648095067e-11,4.199077547651519e-12,-2.382188140053875e-10,-4.714525931513681e-11,0.17000000520610067,-1.0968791168050867e-10,-2.3288487546008988e-11,0.523330010073202,2.7360142187331064e-10,8.400117352326845e-11,-0.16681659781556493,-0.003955091930740427,-0.7399244324840742,-0.587747183829242,-0.5052146070102804,-0.4036384893561707,-0.0001511702879027518,-3.723040116576014e-05,2.111049035215872e-06,-0.00011907811828155384,-2.3676115466338654e-05,0.1726058309417374,-5.4700068465260406e-05,-1.1689749759693938e-05,0.5283694246979987,0.00013752465474408244,4.221521702779625e-05
85,True,0.8600000000000007,6.240613439315553,False,False,3.9964391278204056e-08,False,27.246291982010007,-0.15,0.0,-0.73304,-0.58496,-0.50477,-0.4000000000000001,0.0,0.0,0.0,0.0,0.0,0.17,0.0,0.0,0.52333,0.0,0.0,-0.15000003363313505,-7.910161310686892e-09,-0.7330400137688304,-0.5849600055743496,-0.5047700008892065,-0.40000000727696444,-3.0233888328556717e-10,-7.446019101048796e-11,4.221965386702571e-12,-2.3815567675225784e-10,-4.7351852128197595e-11,0.17000000521165126,-1.0940019808163221e-10,-2.3379327833300567e-11,0.5233300100788217,2.75046771762346e-10,8.442967592420247e-11,-0.16681417829871514,-0.0039576355363724145,-0.7399269423051331,-0.5877496572582979,-0.5052166782824895,-0.40364124243327243,-0.0001515587873577798,-3.7395380128782506e-05,2.1222994102807963e-06,-0.00011904743077194825,-2.3777497434101627e-05,0.17260855957325374,-5.455911779329458e-05,-1.1734361847031976e-05,0.5283721850668832,0.0001382337535901992,4.2425309230077926e-05
86,True,0.8700000000000007,6.240626775156024,False,False,3.996696281322365e-08,False,26.68637502938509,-0.15,0.0,-0.73304,-0.58496,-0.50477,-0.4000000000000001,0.0,0.0,0.0,0.0,0.0,0.17,0.0,0.0,0.52333,0.0,0.0,-0.15000003362829598,-7.91524863534565e-09,-0.7330400137738502,-0.5849600055792966,-0.5047700008933491,-0.40000000728247054,-3.0311589994730034e-10,-7.479015690992682e-11,4.244468133659098e-12,-2.3809430235765053e-10,-4.7554620909374045e-11,0.1700000052171085,-1.0911829133406631e-10,-2.3468554051877307e-11,0.5233300100843425,2.764650038847988e-10,8.484987090381663e-11,-0.16681177397846622,-0.003960134263162374,-0.7399294076518936,-0.587752084139583,-0.5052187096642354,-0.40364394789680963,-0.00015194041206621894,-3.755727450900863e-05,2.133360816048692e-06,-0.00011901760677231496,-2.38770036637517e-05,0.17261124233199324,-5.442101614877513e-05,-1.1778182037948117e-05,0.5283748968616493,0.00013892954559392273,4.263132749580703e-05
87,True,0.8800000000000007,6.2406398866967665,False,False,3.996944764417656e-08,False,27.210792002733797,-0.15,0.0,-0.73304,-0.58496,-0.50477,-0.4000000000000001,0.0,0.0,0.0,0.0,0.0,0.17,0.0,0.0,0.52333,0.0,0.0,-0.15000003362348732,-7.920246192401337e-09,-0.733040013778781,-0.5849600055841505,-0.504770000897412,-0.4000000072878815,-3.03879166729977e-10,-7.511395350249259e-11,4.266592542338305e-12,-2.38034655097104e-10,-4.775363813080513e-11,0.17000000522247402,-1.0884208274654318e-10,-2.3556196440815426e-11,0.5233300100897663,2.7785662174415783e-10,8.526191783305402e-11,-0.16680938475937568,-0.0039625889042587785,-0.7399318293121754,-0.5877544653497487,-0.5052207019239398,-0.403646606569924,-0.00015231528652297162,-3.771614281520925e-05,2.144236426619013e-06,-0.00011898862865779419,-2.3974669685553717e-05,0.17261387998894723,-5.428571015149192e-05,-1.182122516435891e-05,0.52837756093663,0.00013961227779178608,4.283334997254996e-05
88,True,0.8900000000000007,6.240652777711004,False,False,3.9971847289000226e-08,False,26.795957994181663,-0.15,0.0,-0.73304,-0.58496,-0.50477,-0.4000000000000001,0.0,0.0,0.0,0.0,0.0,0.17,0.0,0.0,0.52333,0.0,0.0,-0.15000003361870884,-7.925155581268994e-09,-0.7330400137836244,-0.584960005588913,-0.5047700009013966,-0.4000000072931988,-3.046289327832564e-10,-7.543169780070474e-11,4.28834604968947e-12,-2.379766994901021e-10,-4.794897484839073e-11,0.17000000522774933,-1.085714655861352e-10,-2.364228465812654e-11,0.5233300100950946,2.7922211935714307e-10,8.566597296577648e-11,-0.16680701054659997,-0.0039650002387841415,-0.7399342080598442,-0.5877568017489321,-0.5052226558152209,-0.4036492192615287,-0.00015268353295004716,-3.787204244091224e-05,2.1549293627759244e-06,-0.00011896047913619124,-2.4070530351392836e-05,0.17261647330215021,-5.415314739781073e-05,-1.1863505775174978e-05,0.5283801781311346,0.00014028219265071757,4.303145331393937e-05
89,True,0.9000000000000007,6.240665451908438,False,False,3.9974163542989154e-08,False,26.779499952681363,-0.15,0.0,-0.73304,-0.58496,-0.50477,-0.4000000000000001,0.0,0.0,0.0,0.0,0.0,0.17,0.0,0.0,0.52333,0.0,0.0,-0.1500000336139604,-7.92997835192405e-09,-0.733040013788382,-0.584960005593586,-0.5047700009053046,-0.40000000729842417,-3.0536544232367784e-10,-7.574350460124455e-11,4.309734344385866e-12,-2.3792040112677847e-10,-4.8140700762778e-11,0.17000000523293593,-1.0830633503759735e-10,-2.372684780955678e-11,0.5233300101003291,2.805619816602812e-10,8.606218963527626e-11,-0.16680465124589075,-0.003967369032083104,-0.7399365446550588,-0.5877590941810673,-0.5052245720771791,-0.40365178676655433,-0.00015304527133817373,-3.802502968569619e-05,2.1654426928838496e-06,-0.00011893314124184838,-2.4164619847760773e-05,0.17261902301689752,-5.402327644294899e-05,-1.190503814173339e-05,0.5283827492697131,0.00014093952815246496,4.3225712708203896e-05
90,True,0.9100000000000007,6.2406779129363255,False,False,3.997639792008757e-08,False,26.51958301430568,-0.15,0.0,-0.73304,-0.58496,-0.50477,-0.4000000000000001,0.0,0.0,0.0,0.0,0.0,0.17,0.0,0.0,0.52333,0.0,0.0,-0.15000003360924175,-7.93471604046414e-09,-0.7330400137930553,-0.5849600055981709,-0.5047700009091372,-0.40000000730355917,-3.060889355291276e-10,-7.604948648495509e-11,4.330763038020769e-12,-2.378657259089747e-10,-4.832888424985459e-11,0.17000000523803538,-1.0804658809494697e-10,-2.380991442825801e-11,0.5233300101054714,2.818766845641158e-10,8.64507182000659e-11,-0.1668023067635912,-0.003969696035966128,-0.7399388398445138,-0.5877613434741912,-0.5052264514346767,-0.4036543098661907,-0.00015340061948764718,-3.8175159776077114e-05,2.1757794337679622e-06,-0.00011890659832962894,-2.4256971708493237e-05,0.1726215298659595,-5.389604678357228e-05,-1.1945836263125505e-05,0.5283852751624158,0.00014158451787645972,4.341620190615332e-05
91,True,0.9200000000000007,6.240690164380552,False,False,3.997855215763383e-08,False,26.991582999471575,-0.15,0.0,-0.73304,-0.58496,-0.50477,-0.4000000000000001,0.0,0.0,0.0,0.0,0.0,0.17,0.0,0.0,0.52333,0.0,0.0,-0.15000003360455275,-7.939370147425073e-09,-0.7330400137976458,-0.5849600056026696,-0.5047700009128959,-0.40000000730860535,-3.0679964805094793e-10,-7.634975391848523e-11,4.351438143681072e-12,-2.3781264083628725e-10,-4.851359238446551e-11,0.17000000524304906,-1.0779212385961939e-10,-2.389151252730386e-11,0.5233300101105234,2.8316669544109843e-10,8.683170624038984e-11,-0.16679997700663224,-0.003971981988948899,-0.7399410943616782,-0.5877635504407418,-0.5052282945986115,-0.4036567893281246,-0.00015374969304843164,-3.8322486885995974e-05,2.1859425515798974e-06,-0.0001188808340690113,-2.434761882726333e-05,0.1726239945697918,-5.3771408840706e-05,-1.1985913871422423e-05,0.5283877566050481,0.00014221739108115166,4.36029932486294e-05
92,True,0.9300000000000007,6.24070220976656,False,False,3.998062767733895e-08,False,26.769000047352165,-0.15,0.0,-0.73304,-0.58496,-0.50477,-0.4000000000000001,0.0,0.0,0.0,0.0,0.0,0.17,0.0,0.0,0.52333,0.0,0.0,-0.15000003359989322,-7.94394215079125e-09,-0.7330400138021549,-0.5849600056070836,-0.5047700009165823,-0.4000000073135643,-3.0749781098683183e-10,-7.664441527461836e-11,4.3717665693439745e-12,-2.3776111290831244e-10,-4.8694890943801325e-11,0.17000000524797845,-1.07542843208431e-10,-2.3971669570890613e-11,0.5233300101154863,2.8443247263769747e-10,8.720529833460781e-11,-0.16679766188252898,-0.003974227616487487,-0.73994330892703,-0.5877657158778533,-0.505230102266187,-0.40365922590677233,-0.00015409260555952542,-3.8467064156915e-05,2.195934962648901e-06,-0.00011885583243829129,-2.443659346983558e-05,0.17262641783674254,-5.3649313942956234e-05,-1.2025284436799955e-05,0.528390194379421,0.0001428383727838415,4.378615769343267e-05
93,True,0.9400000000000007,6.240714052560527,False,False,3.9982626116390395e-08,False,26.865708990953863,-0.15,0.0,-0.73304,-0.58496,-0.50477,-0.4000000000000001,0.0,0.0,0.0,0.0,0.0,0.17,0.0,0.0,0.52333,0.0,0.0,-0.15000003359526293,-7.948433501658858e-09,-0.7330400138065841,-0.5849600056114146,-0.5047700009201977,-0.40000000731843743,-3.0818365153134457e-10,-7.693357680516738e-11,4.391753682657265e-12,-2.3771111027661145e-10,-4.887284447854887e-11,0.170000005252825,-1.0729864871904032e-10,-2.405041248619566e-11,0.523330010120362,2.8567446626044483e-10,8.757163645221801e-11,-0.16679536129937697,-0.003976433631209336,-0.7399454842482851,-0.5877678405676438,-0.505231875121175,-0.4036616203435102,-0.00015442946848760508,-3.860894371753003e-05,2.2057595343187144e-06,-0.00011883157771888963,-2.452392728608512e-05,0.1726288003632556,-5.352971431003441e-05,-1.2063961172565003e-05,0.5283925892535974,0.00014344768383903862,4.396576484173508e-05
94,True,0.9500000000000007,6.240725696170209,False,False,3.998454902059513e-08,False,26.68558299774304,-0.15,0.0,-0.73304,-0.58496,-0.50477,-0.4000000000000001,0.0,0.0,0.0,0.0,0.0,0.17,0.0,0.0,0.52333,0.0,0.0,-0.15000003359066175,-7.952845624235871e-09,-0.7330400138109349,-0.5849600056156641,-0.5047700009237436,-0.40000000732322627,-3.0885739267776796e-10,-7.721734276972371e-11,4.4114044328344535e-12,-2.376626014451112e-10,-4.904751626884558e-11,0.17000000525759004,-1.070594448122496e-10,-2.4127767710811353e-11,0.5233300101251519,2.8689311804041065e-10,8.79308598251082e-11,-0.16679307516584851,-0.003978600733140172,-0.7399476210206248,-0.587769925277498,-0.5052336138341752,-0.40366397336689913,-0.00015476039126496174,-3.8748176703106177e-05,2.215419085770347e-06,-0.0001188080544897643,-2.4609651321786765e-05,0.1726311428340707,-5.341256303658011e-05,-1.2101957040085329e-05,0.5283949419821332,0.0001440455410153724,4.4141882963988345e-05
95,True,0.9600000000000007,6.240737143946095,False,False,3.998639781460921e-08,False,27.00845804065466,-0.15,0.0,-0.73304,-0.58496,-0.50477,-0.4000000000000001,0.0,0.0,0.0,0.0,0.0,0.17,0.0,0.0,0.52333,0.0,0.0,-0.15000003358608943,-7.957179921913582e-09,-0.7330400138152086,-0.5849600056198336,-0.5047700009272211,-0.4000000073279323,-3.095192532994156e-10,-7.749581546953859e-11,4.4307254703547256e-12,-2.3761555566312754e-10,-4.92189684259234e-11,0.17000000526227496,-1.0682513772489969e-10,-2.4203761165639943e-11,0.5233300101298575,2.880888614145184e-10,8.828310496788441e-11,-0.16679080339118932,-0.003980729609926914,-0.739949719926917,-0.5877719707603455,-0.5052353190628684,-0.40366628569290625,-0.00015508548132674217,-3.888481327444418e-05,2.2249163888310946e-06,-0.00011878524762192437,-2.4693796030178096e-05,0.17263344592242022,-5.329781407627682e-05,-1.2139284753624545e-05,0.5283972533063157,0.00014463215707108266,4.431457902533767e-05
96,True,0.9700000000000008,6.240748399182209,False,False,3.998817400555842e-08,False,26.590374996885657,-0.15,0.0,-0.73304,-0.58496,-0.50477,-0.4000000000000001,0.0,0.0,0.0,0.0,0.0,0.17,0.0,0.0,0.52333,0.0,0.0,-0.15000003358154587,-7.96143776685826e-09,-0.7330400138194064,-0.5849600056239247,-0.5047700009306316,-0.400000007332557,-3.101694482309479e-10,-7.776909520008923e-11,4.44972164744632e-12,-2.375699424510269e-10,-4.938726185145124e-11,0.17000000526688114,-1.0659563536756858e-10,-2.4278418281998638e-11,0.5233300101344802,2.892621220947512e-10,8.862850580662e-11,-0.1667885458852146,-0.0039828209370566265,-0.7399517816379343,-0.5877739777549319,-0.5052369914522657,-0.40366855802512297,-0.00015540484414750753,-3.9018902636484374e-05,2.2342541687699755e-06,-0.00011876314227304424,-2.4776391283301012e-05,0.17263571029022245,-5.318542222625515e-05,-1.2175956785084122e-05,0.528399523954396,0.0001452077408281161,4.448391871055036e-05
97,True,0.9800000000000008,6.240759465117148,False,False,3.9989879042803375e-08,False,27.395958954002708,-0.15,0.0,-0.73304,-0.58496,-0.50477,-0.4000000000000001,0.0,0.0,0.0,0.0,0.0,0.17,0.0,0.0,0.52333,0.0,0.0,-0.15000003357703082,-7.965620510419491e-09,-0.73304001382353,-0.5849600056279388,-0.5047700009339765,-0.4000000073371016,-3.1080818826837234e-10,-7.803728039338037e-11,4.468399625176333e-12,-2.375257323998254e-10,-4.955245628835694e-11,0.17000000527140988,-1.0637084732457135e-10,-2.4351764001619603e-11,0.5233300101390216,2.9041331771578575e-10,8.8967193739842e-11,-0.16678630255830573,-0.00398487537807159,-0.7399538068125684,-0.5877759469860874,-0.5052386316349528,-0.40367079105497855,-0.000155718583277122,-3.915049305655528e-05,2.243435105079707e-06,-0.00011874172388217685,-2.4857466383126044e-05,0.1726379365882717,-5.307534311177845e-05,-1.2211985368654217e-05,0.5284017546418195,0.00014577249724485463,4.464996644846825e-05
98,True,0.9900000000000008,6.240770344934982,False,False,3.999151430791513e-08,False,27.152249997016042,-0.15,0.0,-0.73304,-0.58496,-0.50477,-0.4000000000000001,0.0,0.0,0.0,0.0,0.0,0.17,0.0,0.0,0.52333,0.0,0.0,-0.15000003357254413,-7.969729480528098e-09,-0.7330400138275804,-0.5849600056318773,-0.504770000937257,-0.40000000734156765,-3.1143568081956445e-10,-7.830046757728668e-11,4.486762544342934e-12,-2.3748289615474916e-10,-4.9714610344544184e-11,0.17000000527586245,-1.0615068481330259e-10,-2.4423822793590618e-11,0.523330010143483,2.9154285810604336e-10,8.929929759787358e-11,-0.16678407332140657,-0.003986893584780592,-0.7399557960980407,-0.5877778791649878,-0.5052402402313286,-0.4036729854619504,-0.000156026800375984,-3.9279631882273625e-05,2.252461832245635e-06,-0.00011872097816456309,-2.493705007246356e-05,0.17264012545642535,-5.296753317120562e-05,-1.2247382505375079e-05,0.5284039460714496,0.0001463266274875004,4.4812785435993484e-05
99,True,1.0000000000000007,6.240781041766211,False,False,3.999308126254056e-08,False,26.406875054817647,-0.15,0.0,-0.73304,-0.58496,-0.50477,-0.4000000000000001,0.0,0.0,0.0,0.0,0.0,0.17,0.0,0.0,0.52333,0.0,0.0,-0.15000003356808564,-7.973765977359326e-09,-0.733040013831559,-0.5849600056357418,-0.5047700009404742,-0.4000000073459565,-3.12052128874276e-10,-7.855875145686793e-11,4.504817852483311e-12,-2.374414053503589e-10,-4.9873781506445036e-11,0.1700000052802402,-1.059350607452228e-10,-2.449461866282541e-11,0.523330010147866,2.9265114558584514e-10,8.962494379868803e-11,-0.16678185808601997,-0.003988876197466453,-0.7399577501301087,-0.5877797749894125,-0.5052418178498408,-0.40367514191377074,-0.00015632959524961173,-3.9406365559102224e-05,2.261336940501721e-06,-0.00011870089110653593,-2.5015170545665847e-05,0.17264227752378755,-5.2861949641226144e-05,-1.228215996761075e-05,0.5284060989337895,0.0001468703290001424,4.497243766161636e-05
100,True,1.0100000000000007,6.240791558688682,False,False,3.9994581302157435e-08,False,26.599833043292165,-0.15,0.0,-0.73304,-0.58496,-0.50477,-0.4000000000000001,0.0,0.0,0.0,0.0,0.0,0.17,0.0,0.0,0.52333,0.0,0.0,-0.15000003356365513,-7.977731290680079e-09,-0.7330400138354672,-0.5849600056395335,-0.5047700009436296,-0.40000000735026936,-3.126577323593876e-10,-7.881222492114523e-11,4.522570040989667e-12,-2.37401231770293e-10,-5.003002616612499e-11,0.17000000528454431,-1.0572388954967551e-10,-2.4564175151757712e-11,0.5233300101521718,2.937385750216223e-10,8.994425632758004e-11,-0.16677965676420445,-0.003990823845089903,-0.7399596695332691,-0.5877816351439964,-0.5052433650872156,-0.4036772610666295,-0.00015662706588259512,-3.953073964757264e-05,2.270062976573845e-06,-0.00011868144896051816,-2.509185545912423e-05,0.17264439340888998,-5.2758550542362464e-05,-1.2316329303436775e-05,0.5284082139072004,0.00014740379557352885,4.51289839284938e-05
101,True,1.0200000000000007,6.240801898728353,False,False,3.9996015704292667e-08,False,27.152459020726383,-0.15,0.0,-0.73304,-0.58496,-0.50477,-0.4000000000000001,0.0,0.0,0.0,0.0,0.0,0.17,0.0,0.0,0.52333,0.0,0.0,-0.15000003355925245,-7.981626667756536e-09,-0.7330400138393062,-0.5849600056432539,-0.5047700009467241,-0.40000000735450764,-3.132526871089166e-10,-7.906097908375867e-11,4.540024103968259e-12,-2.373623481062093e-10,-5.0183399628059245e-11,0.1700000052887761,-1.0551708735007017e-10,-2.4632515360670064e-11,0.5233300101564018,2.9480553420538694e-10,9.0257356771047e-11,-0.1667774692685704,-0.003992737145489844,-0.7399615549209574,-0.5877834603004779,-0.5052448825286834,-0.4036793435653738,-0.00015691930847192543,-3.965279884017868e-05,2.2786424444106148e-06,-0.00011866263824011115,-2.5167131941565077e-05,0.1726464737198695,-5.2657294664734854e-05,-1.2349901840943502e-05,0.5284102916581135,0.00014792721741257016,4.528248387708743e-05
102,True,1.0300000000000007,6.240812064860354,False,False,3.999738588647972e-08,False,27.18766697216779,-0.15,0.0,-0.73304,-0.58496,-0.50477,-0.4000000000000001,0.0,0.0,0.0,0.0,0.0,0.17,0.0,0.0,0.52333,0.0,0.0,-0.15000003355487743,-7.985453350650706e-09,-0.733040013843077,-0.5849600056469043,-0.504770000949759,-0.40000000735867264,-3.1383718548743354e-10,-7.930510337105868e-11,4.55718441634426e-12,-2.3732472723950095e-10,-5.0333956170119055e-11,0.1700000052929367,-1.0531457159796385e-10,-2.4699661942611606e-11,0.5233300101605575,2.9585240350236616e-10,9.056436444553799e-11,-0.1667752955122769,-0.0039946167055800565,-0.7399634068957436,-0.5877852511179413,-0.505246370748201,-0.4036813900437043,-0.00015720641745971465,-3.977258697794724e-05,2.2870778059018452e-06,-0.00011864444571527357,-2.5241026604148535e-05,0.17264851905464276,-5.255814155408383e-05,-1.2382888692456694e-05,0.528412332841241,0.00014844078120259475,4.543299600736922e-05
103,True,1.0400000000000007,6.240822060009662,False,False,3.99986930946097e-08,False,26.960833987686783,-0.15,0.0,-0.73304,-0.58496,-0.50477,-0.4000000000000001,0.0,0.0,0.0,0.0,0.0,0.17,0.0,0.0,0.52333,0.0,0.0,-0.1500000335505299,-7.989212548464852e-09,-0.7330400138467811,-0.584960005650486,-0.5047700009527355,-0.4000000073627656,-3.14411416444272e-10,-7.954468538658079e-11,4.574056778175776e-12,-2.372883427969501e-10,-5.0481748999526036e-11,0.17000000529702736,-1.0511626149996593e-10,-2.476563712203281e-11,0.5233300101646399,2.9687955614915787e-10,9.08653963025861e-11,-0.1667731354090282,-0.003996463121542459,-0.7399652260495249,-0.5877870082430559,-0.505247830308668,-0.40368340112436735,-0.0001574884855653147,-3.989014706669258e-05,2.295371481585087e-06,-0.00011862685840758884,-2.531356555037382e-05,0.17265053000107813,-5.246105149804586e-05,-1.2415300758676965e-05,0.5284143380997817,0.00014894467017438127,4.558057770060337e-05
104,True,1.0500000000000007,6.24083188705208,False,False,3.9999938614776574e-08,False,27.180791017599404,-0.15,0.0,-0.73304,-0.58496,-0.50477,-0.4000000000000001,0.0,0.0,0.0,0.0,0.0,0.17,0.0,0.0,0.52333,0.0,0.0,-0.15000003354620967,-7.992905459892896e-09,-0.7330400138504194,-0.5849600056540004,-0.5047700009556547,-0.4000000073667877,-3.1497556543221353e-10,-7.97798112363063e-11,4.590645719395009e-12,-2.3725316875770463e-10,-5.062683033416732e-11,0.17000000530104925,-1.049220776111622e-10,-2.4830462710032065e-11,0.5233300101686504,2.978873586332014e-10,9.11605671592014e-11,-0.16677098887307026,-0.003998276979016914,-0.7399670129637145,-0.587788732310309,-0.5052492617621406,-0.4036853774193449,-0.00015776560381684858,-4.000552129296014e-05,2.3035258513401836e-06,-0.00011860986358561799,-2.538477438579466e-05,0.17265250713716443,-5.236598551267737e-05,-1.2447148732739618e-05,0.5284163080656231,0.00014943906416799022,4.5725285240712133e-05
105,True,1.0600000000000007,6.240841548815017,False,False,4.000112379761964e-08,False,26.637500035576522,-0.15,0.0,-0.73304,-0.58496,-0.50477,-0.4000000000000001,0.0,0.0,0.0,0.0,0.0,0.17,0.0,0.0,0.52333,0.0,0.0,-0.15000003354191657,-7.99653325413846e-09,-0.7330400138539933,-0.5849600056574485,-0.5047700009585178,-0.4000000073707403,-3.1552981438038273e-10,-8.001056523050665e-11,4.6069559139297615e-12,-2.372191796159084e-10,-5.0769251375490506e-11,0.17000000530500353,-1.0473194188932505e-10,-2.4894160078944697e-11,0.5233300101725905,2.988761707740928e-10,9.144998956912192e-11,-0.16676885581918735,-0.004000058853287689,-0.7399687682094275,-0.5877904239422366,-0.5052506656500392,-0.4036873195300402,-0.0001580378615821634,-4.0118751039665596e-05,2.3115432550722186e-06,-0.00011859344876033855,-2.5454678227548773e-05,0.17265445103117696,-5.227290532922283e-05,-1.2478443104196476e-05,0.5284182433595411,0.00014992413969541616,4.586717383523384e-05
106,True,1.0700000000000007,6.24085104807827,False,False,4.000224983274727e-08,False,27.253584004938602,-0.15,0.0,-0.73304,-0.58496,-0.50477,-0.4000000000000001,0.0,0.0,0.0,0.0,0.0,0.17,0.0,0.0,0.52333,0.0,0.0,-0.15000003353765043,-8.000097077853763e-09,-0.733040013857504,-0.584960005660832,-0.5047700009613255,-0.4000000073746245,-3.16074342155033e-10,-8.023703017512275e-11,4.622991936604982e-12,-2.3718635057043674e-10,-5.090906236610189e-11,0.1700000053088913,-1.0454577785754373e-10,-2.4956750219941207e-11,0.5233300101764612,2.998463455609543e-10,9.173377395156265e-11,-0.16676673616269877,-0.004001809309466635,-0.739970492347663,-0.5877920837496472,-0.5052520425033548,-0.4036892280474607,-0.0001583053465992164,-4.0229876901435326e-05,2.3194259933829414e-06,-0.00011857760168066615,-2.552330171370466e-05,0.17265636224184075,-5.2181773381122334e-05,-1.2509194162921113e-05,0.5284201445913946,0.00015040007000208307,4.600629763588085e-05
107,True,1.0800000000000007,6.240860387574876,False,False,4.0003317935104835e-08,False,26.40262496424839,-0.15,0.0,-0.73304,-0.58496,-0.50477,-0.4000000000000001,0.0,0.0,0.0,0.0,0.0,0.17,0.0,0.0,0.52333,0.0,0.0,-0.1500000335334111,-8.003598063813233e-09,-0.7330400138609523,-0.5849600056641516,-0.5047700009640793,-0.40000000737844155,-3.1660932428849604e-10,-8.045928723623974e-11,4.638759291440762e-12,-2.371546569556902e-10,-5.1046312586378343e-11,0.17000000531271373,-1.0436351036027889e-10,-2.5018253709145947e-11,0.5233300101802637,3.0079822939638005e-10,9.201202858443933e-11,-0.16676462981945553,-0.0040035289026731,-0.7399721859294837,-0.5877937123318437,-0.5052533928428488,-0.4036911035523978,-0.00015856814500590473,-4.033893869965378e-05,2.327176328230975e-06,-0.00011856231032905841,-2.5590669012429366e-05,0.17265824131849108,-5.2092552791254607e-05,-1.2539412002939013e-05,0.5284220123603183,0.00015086702512720403,4.6142709758704805e-05
108,True,1.0900000000000007,6.240869569991884,False,False,4.000432929501028e-08,False,26.33308299118653,-0.15,0.0,-0.73304,-0.58496,-0.50477,-0.4000000000000001,0.0,0.0,0.0,0.0,0.0,0.17,0.0,0.0,0.52333,0.0,0.0,-0.15000003352919836,-8.00703732397462e-09,-0.7330400138643395,-0.5849600056674089,-0.50477000096678,-0.40000000738219255,-3.1713493295207687e-10,-8.067741608238851e-11,4.654261268313069e-12,-2.3712407487856343e-10,-5.118105037140797e-11,0.17000000531647186,-1.0418506567178281e-10,-2.5078690738130315e-11,0.5233300101839994,3.0173216247590673e-10,9.228485974666989e-11,-0.16676253670583674,-0.004005218178210676,-0.7399738494961917,-0.5877953102768401,-0.5052547171792506,-0.40369294661560334,-0.00015882634136934809,-4.0445975497223455e-05,2.3347964835809093e-06,-0.00011854756291719918,-2.5656803830980585e-05,0.1726600888012312,-5.200520735941074e-05,-1.2569106526184115e-05,0.52842384725491,0.00015132517196302642,4.627646230387701e-05
109,True,1.1000000000000008,6.240878597971153,False,False,4.0005285155349245e-08,False,26.309041946660727,-0.15,0.0,-0.73304,-0.58496,-0.50477,-0.4000000000000001,0.0,0.0,0.0,0.0,0.0,0.17,0.0,0.0,0.52333,0.0,0.0,-0.15000003352501212,-8.010415948611627e-09,-0.7330400138676667,-0.5849600056706048,-0.5047700009694288,-0.40000000738587865,-3.176513372813144e-10,-8.089149480323054e-11,4.669503119249691e-12,-2.370945805272662e-10,-5.131332312454263e-11,0.17000000532016682,-1.0401037138767916e-10,-2.5138081102054287e-11,0.5233300101876692,3.026484785982782e-10,9.255237160975434e-11,-0.16676045673874676,-0.004006877671740812,-0.7399754835795013,-0.587796878161573,-0.5052560160134512,-0.4036947577979633,-0.00015908001871463485,-4.0551025613042833e-05,2.3422886460414374e-06,-0.00011853334788176181,-2.57217294245266e-05,0.17266190522108765,-5.1919701549994965e-05,-1.2598287446183103e-05,0.5284256498534172,0.00015177467431298232,4.6407606375091094e-05
110,True,1.1100000000000008,6.240887474110017,False,False,4.0006186672316594e-08,False,26.82466700207442,-0.15,0.0,-0.73304,-0.58496,-0.50477,-0.4000000000000001,0.0,0.0,0.0,0.0,0.0,0.17,0.0,0.0,0.52333,0.0,0.0,-0.15000003352085217,-8.013735005446554e-09,-0.733040013870935,-0.5849600056737407,-0.5047700009720265,-0.40000000738950103,-3.1815870334887635e-10,-8.110160009929326e-11,4.6844881353971454e-12,-2.3706615101158016e-10,-5.1443177391936835e-11,0.17000000532379966,-1.0383935634364783e-10,-2.519644423862994e-11,0.5233300101912745,3.0354750521965554e-10,9.281466640718126e-11,-0.16675838983561148,-0.004008507909453352,-0.7399770887017085,-0.587798416552112,-0.5052572898366913,-0.4036965376506682,-0.0001593292585530414,-4.0654126636207706e-05,2.3496549654928725e-06,-0.0001185196538802493,-2.5785468604797135e-05,0.1726636911001625,-5.183600047994797e-05,-1.2626964291668878e-05,0.5284274207239188,0.00015221569294876513,4.653619209859538e-05
111,True,1.1200000000000008,6.24089620096219,False,False,4.000703491962522e-08,False,27.657125028781593,-0.15,0.0,-0.73304,-0.58496,-0.50477,-0.4000000000000001,0.0,0.0,0.0,0.0,0.0,0.17,0.0,0.0,0.52333,0.0,0.0,-0.1500000335167183,-8.016995550925998e-09,-0.7330400138741453,-0.5849600056768176,-0.5047700009745743,-0.4000000073930607,-3.186571942187695e-10,-8.130780707868218e-11,4.699223062102308e-12,-2.3703876360391726e-10,-5.157065875412755e-11,0.17000000532737142,-1.0367195085937047e-10,-2.5253799201016384e-11,0.5233300101948163,3.0442956404992845e-10,9.307184438699405e-11,-0.1667563359143753,-0.004010109408234077,-0.7399786653758585,-0.5877999260038632,-0.5052585391307491,-0.4036982867153808,-0.00015957414090973494,-4.075531543994137e-05,2.3568975557040715e-06,-0.00011850646978691145,-2.5848043748568604e-05,0.1726654469517836,-5.175406990688903e-05,-1.2655146410124596e-05,0.5284291604245029,0.00015264838566635285,4.66622686418617e-05
112,True,1.1300000000000008,6.24090478103835,False,False,4.000783110150416e-08,False,27.064999972935766,-0.15,0.0,-0.73304,-0.58496,-0.50477,-0.4000000000000001,0.0,0.0,0.0,0.0,0.0,0.17,0.0,0.0,0.52333,0.0,0.0,-0.15000003351261046,-8.020198614608343e-09,-0.7330400138772987,-0.5849600056798365,-0.5047700009770729,-0.40000000739655883,-3.1914697002765474e-10,-8.151018955523644e-11,4.713709155515039e-12,-2.370123959155026e-10,-5.169581199205263e-11,0.1700000053308831,-1.035080864607036e-10,-2.5310164686618902e-11,0.5233300101982958,3.0529497067324426e-10,9.332400385922467e-11,-0.16675429489349783,-0.004011682675829258,-0.7399802141059094,-0.5878014070617709,-0.5052597643681215,-0.4037000055244006,-0.0001598147443509686,-4.085462819525858e-05,2.3640184949389776e-06,-0.0001184937846887366,-2.5909476805986697e-05,0.17266717328065187,-5.1673876217472634e-05,-1.2682842971259509e-05,0.5284308695034442,0.0001530729073409959,4.678588423189783e-05
113,True,1.1400000000000008,6.24091321680698,False,False,4.000857623413842e-08,False,27.146500011440367,-0.15,0.0,-0.73304,-0.58496,-0.50477,-0.4000000000000001,0.0,0.0,0.0,0.0,0.0,0.17,0.0,0.0,0.52333,0.0,0.0,-0.15000003350852836,-8.023345218245714e-09,-0.7330400138803962,-0.5849600056827987,-0.5047700009795235,-0.4000000073999964,-3.196281877137965e-10,-8.170881981135964e-11,4.72795221992861e-12,-2.369870262487403e-10,-5.181868100912379e-11,0.17000000533433576,-1.0334769589323122e-10,-2.5365559032006733e-11,0.523330010201714,3.061440347648485e-10,9.357124131109023e-11,-0.16675226669195065,-0.004013228211007309,-0.7399817353868926,-0.5878028602605134,-0.5052609660122027,-0.4037016946008257,-0.0001600511460107778,-4.095210038436861e-05,2.371019826553019e-06,-0.0001184815878815155,-2.5969789308729614e-05,0.17266887058298633,-5.1595386415956324e-05,-1.2710062970418022e-05,0.528432548499375,0.000153489409981189,4.690708617321037e-05
114,True,1.1500000000000008,6.240921510695005,False,False,4.000927154676689e-08,False,26.257999998051673,-0.15,0.0,-0.73304,-0.58496,-0.50477,-0.4000000000000001,0.0,0.0,0.0,0.0,0.0,0.17,0.0,0.0,0.52333,0.0,0.0,-0.15000003350447194,-8.026436356702027e-09,-0.7330400138834389,-0.5849600056857052,-0.5047700009819268,-0.4000000074033746,-3.201010016675842e-10,-8.190376888262286e-11,4.741956901318736e-12,-2.369626331228747e-10,-5.193930885494355e-11,0.17000000533773038,-1.0319071316292235e-10,-2.5420000234935942e-11,0.5233300102050721,3.0697706044345054e-10,9.381365134600653e-11,-0.166750251229214,-0.004014746503717576,-0.7399832297050715,-0.5878042861246983,-0.5052621445174602,-0.4037033544587122,-0.00016028342161718783,-4.104776681382211e-05,2.3779035595794396e-06,-0.00011846986886597895,-2.6029002378014887e-05,0.17267053934666668,-5.1518568112975165e-05,-1.2736815231923224e-05,0.5284341979414555,0.00015389804278164744,4.702592086542454e-05
115,True,1.1600000000000008,6.2409296650885056,False,False,4.000991798875025e-08,False,27.178250020369887,-0.15,0.0,-0.73304,-0.58496,-0.50477,-0.4000000000000001,0.0,0.0,0.0,0.0,0.0,0.17,0.0,0.0,0.52333,0.0,0.0,-0.150000033500441,-8.029473004891874e-09,-0.7330400138864276,-0.584960005688557,-0.5047700009842839,-0.4000000074066943,-3.205655632707461e-10,-8.209510632059547e-11,4.7557252787277864e-12,-2.3693919559925145e-10,-5.205773778290345e-11,0.1700000053410679,-1.0303707350224969e-10,-2.5473505935714688e-11,0.523330010208371,3.077943460543832e-10,9.405132678523206e-11,-0.16674824842527383,-0.004016238035246337,-0.7399846975380963,-0.5878056851690504,-0.5052633003296062,-0.4037049856032298,-0.00016051164551794122,-4.11416616274071e-05,2.3846716693058135e-06,-0.00011845861734400484,-2.608713673245279e-05,0.1726721800513734,-5.144338951451977e-05,-1.2763108412356127e-05,0.5284358183495401,0.0001542989521753043,4.71424338205677e-05
116,True,1.1700000000000008,6.240937682333446,False,False,4.0010516622299514e-08,False,27.055041980929673,-0.15,0.0,-0.73304,-0.58496,-0.50477,-0.4000000000000001,0.0,0.0,0.0,0.0,0.0,0.17,0.0,0.0,0.52333,0.0,0.0,-0.15000003349643537,-8.032456131658317e-09,-0.7330400138893632,-0.5849600056913551,-0.5047700009865955,-0.40000000740995656,-3.210220212758203e-10,-8.22829004367906e-11,4.769262724885746e-12,-2.369166930644767e-10,-5.2174009223079e-11,0.1700000053443493,-1.02886713275322e-10,-2.5526093454472675e-11,0.523330010211612,3.0859618444065325e-10,9.428435860010537e-11,-0.16674625820061845,-0.0040177032783700155,-0.7399861393551572,-0.5878070578985991,-0.5052644338857674,-0.4037065885308162,-0.0001607358907057536,-4.123381831879831e-05,2.3913260978408936e-06,-0.00011844782321489505,-2.614421269574941e-05,0.17267379316872547,-5.136981941111385e-05,-1.278895100377186e-05,0.5284374102343414,0.000154692281884347,4.725666968002274e-05
117,True,1.1800000000000008,6.2409455647363155,False,False,4.0011068506018954e-08,False,26.99495799606666,-0.15,0.0,-0.73304,-0.58496,-0.50477,-0.4000000000000001,0.0,0.0,0.0,0.0,0.0,0.17,0.0,0.0,0.52333,0.0,0.0,-0.1500000334924549,-8.035386681558288e-09,-0.7330400138922469,-0.5849600056941007,-0.5047700009888627,-0.40000000741316244,-3.2147052172483946e-10,-8.246721822812624e-11,4.782573068381536e-12,-2.368951052981799e-10,-5.22881638364398e-11,0.17000000534757553,-1.0273957010663304e-10,-2.5577779772526432e-11,0.5233300102147957,3.093828631597819e-10,9.451283612888547e-11,-0.16674428047623546,-0.004019142697505689,-0.7399875556171337,-0.5878084048088604,-0.5052655456146484,-0.40370816372932744,-0.0001609562288431073,-4.132426974396512e-05,2.3978687546719185e-06,-0.00011843747657172095,-2.620025020426207e-05,0.17267537916241602,-5.129782716718769e-05,-1.2814351336854039e-05,0.5284389740975907,0.0001550781729703118,4.736867223115795e-05
118,True,1.1900000000000008,6.240953314564774,False,False,4.001157466575633e-08,False,26.935083034913987,-0.15,0.0,-0.73304,-0.58496,-0.50477,-0.4000000000000001,0.0,0.0,0.0,0.0,0.0,0.17,0.0,0.0,0.52333,0.0,0.0,-0.1500000334884994,-8.038265580934123e-09,-0.7330400138950796,-0.5849600056967945,-0.5047700009910863,-0.4000000074163128,-3.2191120781380547e-10,-8.264812540403031e-11,4.7956590459786086e-12,-2.368744125407765e-10,-5.240024147758009e-11,0.17000000535074752,-1.0259558273198379e-10,-2.5628581556096227e-11,0.5233300102179236,3.1015466426696434e-10,9.473684692767404e-11,-0.16674231517360846,-0.004020556748858952,-0.739988946776742,-0.5878097263860163,-0.5052666359366962,-0.4037097116781866,-0.00016117273028659038,-4.141304813334237e-05,2.4043015172125205e-06,-0.00011842756769773467,-2.6255268814410034e-05,0.1726769384883453,-5.122738271064419e-05,-1.2839317584008498e-05,0.5284405104321955,0.00015545676388325304,4.747848442363932e-05
119,True,1.2000000000000008,6.240960934048362,False,False,4.0012036090521034e-08,False,26.61854203324765,-0.15,0.0,-0.73304,-0.58496,-0.50477,-0.4000000000000001,0.0,0.0,0.0,0.0,0.0,0.17,0.0,0.0,0.52333,0.0,0.0,-0.15000003348456878,-8.041093743117733e-09,-0.733040013897862,-0.5849600056994377,-0.504770000993267,-0.4000000074194087,-3.2234422043479066e-10,-8.282568644742703e-11,4.8085262392005704e-12,-2.3685459523596977e-10,-5.251028128958643e-11,0.17000000535386617,-1.0245469097815369e-10,-2.5678515139365417e-11,0.5233300102209963,3.109118646132253e-10,9.49564768923882e-11,-0.16674036221471425,-0.004021945880569155,-0.7399903132786794,-0.5878110231070907,-0.5052677052642573,-0.4037112328485293,-0.00016138546411078916,-4.1500185103768785e-05,2.4106262313414875e-06,-0.000118418087062847,-2.6309287709943277e-05,0.1726784715947518,-5.1158456522613793e-05,-1.286385776239757e-05,0.5284420197223959,0.00015582819051000393,4.7586148385431304e-05
120,True,1.2100000000000009,6.240968425379078,False,False,4.0012453679700004e-08,False,26.711582962889224,-0.15,0.0,-0.73304,-0.58496,-0.50477,-0.4000000000000001,0.0,0.0,0.0,0.0,0.0,0.17,0.0,0.0,0.52333,0.0,0.0,-0.15000003348066282,-8.043872063226432e-09,-0.733040013900595,-0.5849600057020313,-0.5047700009954057,-0.400000007422451,-3.2276969757962654e-10,-8.299996454019798e-11,4.821176686008692e-12,-2.3683563450508944e-10,-5.2618321612558135e-11,0.17000000535693238,-1.0231683579678191e-10,-2.5727596571914284e-11,0.5233300102240149,3.116547361706797e-10,9.517181029941807e-11,-0.16673842152201948,-0.004023310532852061,-0.7399916555597668,-0.5878122954401219,-0.5052687540017353,-0.4037127277033468,-0.0001615944981317443,-4.158571167019738e-05,2.4168447119324655e-06,-0.0001184090253201696,-2.6362325709071997e-05,0.17267997892234094,-5.109101962739496e-05,-1.2887979736916025e-05,0.5284435024439156,0.0001561925862215465,4.7691705438492135e-05
121,True,1.2200000000000009,6.240975790712093,False,False,4.001282849518184e-08,False,26.702874980401248,-0.15,0.0,-0.73304,-0.58496,-0.50477,-0.4000000000000001,0.0,0.0,0.0,0.0,0.0,0.17,0.0,0.0,0.52333,0.0,0.0,-0.15000003347678142,-8.046601428571276e-09,-0.7330400139032797,-0.584960005704576,-0.5047700009975031,-0.40000000742544073,-3.2318777496332003e-10,-8.317102176647008e-11,4.833615119199567e-12,-2.3681751156433284e-10,-5.272440008863939e-11,0.17000000535994703,-1.0218195927791992e-10,-2.577584157467433e-11,0.5233300102269804,3.123835454091166e-10,9.538292978529799e-11,-0.16673649301847768,-0.004024651138139992,-0.7399929740490877,-0.5878135438443319,-0.5052697825457431,-0.4037141966976276,-0.0001617998989299762,-4.166965825718188e-05,2.422958743374743e-06,-0.0001184003733026202,-2.6414401271459564e-05,0.17268146090441172,-5.10250435825769e-05,-1.2911691223109773e-05,0.5284449590641124,0.00015655008191950597,4.7795196114169655e-05
122,True,1.2300000000000009,6.240983032166245,False,False,4.001316144172153e-08,False,26.82733302935958,-0.15,0.0,-0.73304,-0.58496,-0.50477,-0.4000000000000001,0.0,0.0,0.0,0.0,0.0,0.17,0.0,0.0,0.52333,0.0,0.0,-0.1500000334729244,-8.04928269437094e-09,-0.7330400139059167,-0.5849600057070728,-0.5047700009995603,-0.4000000074283787,-3.23598585753003e-10,-8.333891894320893e-11,4.845844217091374e-12,-2.368002080229206e-10,-5.282855365524295e-11,0.170000005362911,-1.0205000452805871e-10,-2.582326557889179e-11,0.5233300102298938,3.130985543530959e-10,9.558991638736409e-11,-0.16673457662752617,-0.004025968121219498,-0.7399942691681254,-0.5878147687702924,-0.5052707912852528,-0.4037156402784947,-0.0001620017318730885,-4.175205471014416e-05,2.428970080085278e-06,-0.00011839212201959025,-2.6465532505081508e-05,0.17268291796698113,-5.096050046934121e-05,-1.2934999790038509e-05,0.5284463900421252,0.0001569008060817871,4.789666016830296e-05
123,True,1.2400000000000009,6.240990151824796,False,False,4.0013453394856423e-08,False,26.65700000943616,-0.15,0.0,-0.73304,-0.58496,-0.50477,-0.4000000000000001,0.0,0.0,0.0,0.0,0.0,0.17,0.0,0.0,0.52333,0.0,0.0,-0.15000003346909158,-8.051916718446184e-09,-0.7330400139085069,-0.5849600057095228,-0.5047700010015779,-0.40000000743126585,-3.240022605950372e-10,-8.350371578284919e-11,4.857867957350833e-12,-2.367837059102018e-10,-5.293081851116886e-11,0.1700000053658251,-1.0192091563624751e-10,-2.586988372951576e-11,0.5233300102327557,3.138000199043225e-10,9.579284967250329e-11,-0.16673267227308308,-0.004027261899366579,-0.7399955413308976,-0.5878159706600878,-0.5052717806017435,-0.4037170588853422,-0.00016220006113795796,-4.183293030642618e-05,2.434880447012162e-06,-0.00011838426265367321,-2.6515737172953166e-05,0.17268435052890652,-5.0897362882939034e-05,-1.2957912863083335e-05,0.5284477958290187,0.00015724488480736742,4.7996136596035785e-05
124,True,1.2500000000000009,6.240997151735965,False,False,4.001370538280593e-08,False,26.720124995335937,-0.15,0.0,-0.73304,-0.58496,-0.50477,-0.4000000000000001,0.0,0.0,0.0,0.0,0.0,0.17,0.0,0.0,0.52333,0.0,0.0,-0.15000003346528284,-8.054504329127465e-09,-0.7330400139110513,-0.5849600057119266,-0.5047700010035565,-0.4000000074341031,-3.243989280215902e-10,-8.366547083908443e-11,4.869689650182702e-12,-2.367679875943385e-10,-5.303123019453145e-11,0.17000000536869023,-1.0179463789093419e-10,-2.5915710873339738e-11,0.5233300102355674,3.1448819427532665e-10,9.599180760840433e-11,-0.1667307798795443,-0.004028532882479535,-0.7399967909440891,-0.5878171499474752,-0.5052727508693454,-0.4037184529499689,-0.00016239494973251762,-4.191231376613089e-05,2.4406915401296083e-06,-0.00011837678655745336,-2.6565032699728393e-05,0.17268575900200592,-5.0835603923340865e-05,-1.2980437726700353e-05,0.5284491768679249,0.00015758244186026276,4.809366364634702e-05
125,True,1.260000000000001,6.241004033913456,False,False,4.0013918263368454e-08,False,26.75995900062844,-0.15,0.0,-0.73304,-0.58496,-0.50477,-0.4000000000000001,0.0,0.0,0.0,0.0,0.0,0.17,0.0,0.0,0.52333,0.0,0.0,-0.15000003346149804,-8.057046348673713e-09,-0.7330400139135507,-0.5849600057142853,-0.5047700010054971,-0.4000000074368912,-3.24788713827219e-10,-8.382424156107727e-11,4.881313242336999e-12,-2.3675303587717376e-10,-5.312982355226616e-11,0.17000000537150717,-1.0167111743437582e-10,-2.5960761579330418e-11,0.5233300102383296,3.1516332496235935e-10,9.618686667197795e-11,-0.16672889937178045,-0.004029781473209445,-0.7399980184071807,-0.587818307058041,-0.5052737024549814,-0.40371982289670905,-0.00016258645951714102,-4.199023326275605e-05,2.4464050269246125e-06,-0.00011836968525035284,-2.6613436178171968e-05,0.17268714379117647,-5.077519718605571e-05,-1.3002581527121408e-05,0.5284505335941829,0.0001579135987126814,4.818927883630398e-05
126,True,1.270000000000001,6.24101080033714,False,False,4.001409281097067e-08,False,26.99716598726809,-0.15,0.0,-0.73304,-0.58496,-0.50477,-0.4000000000000001,0.0,0.0,0.0,0.0,0.0,0.17,0.0,0.0,0.52333,0.0,0.0,-0.150000033457737,-8.059543585466067e-09,-0.7330400139160056,-0.5849600057165996,-0.5047700010074003,-0.4000000074396311,-3.251717419633371e-10,-8.398008424602551e-11,4.892740875113015e-12,-2.367388337367335e-10,-5.322663277062276e-11,0.17000000537427673,-1.0155030154724177e-10,-2.6005050135239553e-11,0.5233300102410431,3.1582565498933755e-10,9.637810193067206e-11,-0.16672703067513409,-0.004031008067088338,-0.7399992241125779,-0.5878194424093547,-0.5052746357185058,-0.4037211691425622,-0.00016277465122563431,-4.2066716433625106e-05,2.4520225468754812e-06,-0.00011836295041553668,-2.6660964375507906e-05,0.17268850529451052,-5.071611675311647e-05,-1.302435127500287e-05,0.5284518664354758,0.00015823847458738092,4.828301896504341e-05
127,True,1.280000000000001,6.241017452953582,False,False,4.0014230020921764e-08,False,27.083791967015713,-0.15,0.0,-0.73304,-0.58496,-0.50477,-0.4000000000000001,0.0,0.0,0.0,0.0,0.0,0.17,0.0,0.0,0.52333,0.0,0.0,-0.1500000334539996,-8.061996825334261e-09,-0.7330400139184171,-0.5849600057188703,-0.5047700010092669,-0.40000000744232356,-3.2554813372506243e-10,-8.413305422889754e-11,4.903976934870867e-12,-2.3672536450340936e-10,-5.332169137855342e-11,0.17000000537699975,-1.0143213820815655e-10,-2.6048590578097146e-11,0.5233300102437088,3.1647542260968865e-10,9.656558696115661e-11,-0.16672517371541645,-0.0040322130526551205,-0.7400004084457353,-0.5878205564111211,-0.5052755510128407,-0.4037224920973191,-0.00016295958448584396,-4.21417903901185e-05,2.457545711922265e-06,-0.00011835657389687463,-2.6707633739646275e-05,0.17268984390341008,-5.065833718422864e-05,-1.3045753848023498e-05,0.5284531758119659,0.0001585571864992427,4.83749201274855e-05
128,True,1.290000000000001,6.241023993676596,False,False,4.0014330589158124e-08,False,26.625707978382707,-0.15,0.0,-0.73304,-0.58496,-0.50477,-0.4000000000000001,0.0,0.0,0.0,0.0,0.0,0.17,0.0,0.0,0.52333,0.0,0.0,-0.15000003345028562,-8.064406846301775e-09,-0.7330400139207858,-0.5849600057210983,-0.5047700010110976,-0.40000000744496944,-3.259180084559492e-10,-8.428320572657824e-11,4.9150242841584e-12,-2.367126120361414e-10,-5.341503228159408e-11,0.17000000537967697,-1.0131657667645849e-10,-2.609139664338947e-11,0.5233300102463276,3.1711286217371223e-10,9.674939397807253e-11,-0.16672332841890478,-0.004033396811579262,-0.7400015717852803,-0.5878216494653267,-0.5052764486841093,-0.403723792163687,-0.000163141317839887,-4.22154817277098e-05,2.4629761069293263e-06,-0.00011835054769595852,-2.675346040529069e-05,0.17269116000269927,-5.0601833508079314e-05,-1.3066795993432416e-05,0.528454462136426,0.0001588698492960781,4.846501772778611e-05
129,True,1.300000000000001,6.241030424387788,False,False,4.001439555570614e-08,False,27.092000003904104,-0.15,0.0,-0.73304,-0.58496,-0.50477,-0.4000000000000001,0.0,0.0,0.0,0.0,0.0,0.17,0.0,0.0,0.52333,0.0,0.0,-0.15000003344659502,-8.06677441771847e-09,-0.7330400139231126,-0.5849600057232845,-0.5047700010128929,-0.4000000074475696,-3.2628148330404207e-10,-8.44305919124079e-11,4.925886347953337e-12,-2.367005600718971e-10,-5.350668775170003e-11,0.17000000538230914,-1.0120356699075623e-10,-2.613348184637423e-11,0.5233300102489004,3.177382031527981e-10,9.692959377304543e-11,-0.16672149471233927,-0.0040345597187822786,-0.7400027145031333,-0.5878227219663865,-0.505277329071767,-0.4037250697374116,-0.00016331990876401067,-4.228781653581015e-05,2.468315290140167e-06,-0.00011834486396917374,-2.6798460199928824e-05,0.17269245397073477,-5.0546581213803716e-05,-1.3087484330548076e-05,0.5284557258143698,0.00015917657569868176,4.855334649253222e-05
130,True,1.310000000000001,6.241036746937152,False,False,4.0014425536320824e-08,False,27.326166979037225,-0.15,0.0,-0.73304,-0.58496,-0.50477,-0.4000000000000001,0.0,0.0,0.0,0.0,0.0,0.17,0.0,0.0,0.52333,0.0,0.0,-0.15000003344292756,-8.06910028031127e-09,-0.7330400139253981,-0.5849600057254296,-0.5047700010146537,-0.4000000074501247,-3.26638673005036e-10,-8.457526497039234e-11,4.9365650397031045e-12,-2.3668919297106013e-10,-5.359668943741031e-11,0.1700000053848971,-1.0109306012478277e-10,-2.617485940754167e-11,0.5233300102514277,3.1835167106099814e-10,9.710625582310577e-11,-0.16671967252292016,-0.004035702142557081,-0.7400038369646277,-0.5878237743012861,-0.5052781925087301,-0.403726325207398,-0.00016349541368808815,-4.235882040742448e-05,2.4735647936245123e-06,-0.00011833951502482549,-2.6842648649708163e-05,0.1726937261795147,-5.049255624260631e-05,-1.31078253532092e-05,0.52845696724418,0.0001594774763401448,4.863994048368531e-05
131,True,1.320000000000001,6.241042963143547,False,False,4.0014421483813753e-08,False,27.254457992967218,-0.15,0.0,-0.73304,-0.58496,-0.50477,-0.4000000000000001,0.0,0.0,0.0,0.0,0.0,0.17,0.0,0.0,0.52333,0.0,0.0,-0.15000003343928317,-8.071385178276547e-09,-0.7330400139276431,-0.5849600057275343,-0.5047700010163807,-0.40000000745263564,-3.269896906954277e-10,-8.471727610197917e-11,4.947065560613516e-12,-2.3667849556835256e-10,-5.3685068397729034e-11,0.1700000053874415,-1.0098500792640915e-10,-2.6215542330541592e-11,0.5233300102539107,3.189534872110808e-10,9.727944822970251e-11,-0.16671786177830492,-0.004036824444685222,-0.7400049395286254,-0.5878248068497215,-0.5052790393215011,-0.40372755895582796,-0.00016366788801475747,-4.2428518448623545e-05,2.4787261237179838e-06,-0.00011833449332031664,-2.6886040985199277e-05,0.17269497699478523,-5.043973497953368e-05,-1.3127825432178619e-05,0.5284581868172329,0.00015977265980444158,4.8724833111277776e-05
132,True,1.330000000000001,6.2410490747952,False,False,4.0014384059322475e-08,False,27.526582998689264,-0.15,0.0,-0.73304,-0.58496,-0.50477,-0.4000000000000001,0.0,0.0,0.0,0.0,0.0,0.17,0.0,0.0,0.52333,0.0,0.0,-0.15000003343566165,-8.073629828055096e-09,-0.7330400139298482,-0.5849600057295994,-0.5047700010180743,-0.40000000745510317,-3.2733464699094376e-10,-8.485667548540016e-11,4.957388614992467e-12,-2.366684525900763e-10,-5.3771855078408454e-11,0.17000000538994312,-1.0087936321928831e-10,-2.6255543342891064e-11,0.5233300102563498,3.19543868660321e-10,9.744923782712333e-11,-0.1667160624066053,-0.004037926980552053,-0.7400060225476325,-0.5878258199842364,-0.5052798698302929,-0.40372877135827717,-0.00016383738613820928,-4.249693528783488e-05,2.4838007614543484e-06,-0.00011832979145937815,-2.692865214704869e-05,0.17269620677614583,-5.038809424539644e-05,-1.3147490817500925e-05,0.5284593849180219,0.0001600622326643043,4.880805714586683e-05
133,True,1.340000000000001,6.241055083650329,False,False,4.001431411426173e-08,False,27.020458015613258,-0.15,0.0,-0.73304,-0.58496,-0.50477,-0.4000000000000001,0.0,0.0,0.0,0.0,0.0,0.17,0.0,0.0,0.52333,0.0,0.0,-0.1500000334320629,-8.075834946087712e-09,-0.7330400139320142,-0.5849600057316258,-0.5047700010197353,-0.40000000745752795,-3.2767365079969246e-10,-8.49935124111966e-11,4.967539079632152e-12,-2.366590493452919e-10,-5.385707937971161e-11,0.17000000539240268,-1.0077607960634356e-10,-2.6294874958654848e-11,0.523330010258746,3.2012302864418106e-10,9.761569015538955e-11,-0.16671427433638464,-0.004039010099259851,-0.7400070863679103,-0.5878268140703575,-0.5052806843491502,-0.4037299627838288,-0.00016400396146263024,-4.256409508495631e-05,2.4887901629905266e-06,-0.00011832540218934928,-2.6970496791523406e-05,0.1726974158771525,-5.033761128883759e-05,-1.3166827640814792e-05,0.5284605619242789,0.0001603462995183979,4.888964473075063e-05
134,True,1.350000000000001,6.241060991437495,False,False,4.0014212446201344e-08,False,26.76054200856015,-0.15,0.0,-0.73304,-0.58496,-0.50477,-0.4000000000000001,0.0,0.0,0.0,0.0,0.0,0.17,0.0,0.0,0.52333,0.0,0.0,-0.15000003342848672,-8.078001228865872e-09,-0.733040013934142,-0.584960005733614,-0.5047700010213645,-0.4000000074599108,-3.280068087258524e-10,-8.512783518735152e-11,4.9775188247813175e-12,-2.366502712108226e-10,-5.394077060897847e-11,0.17000000539482088,-1.0067511159174121e-10,-2.633354943101156e-11,0.5233300102611002,3.206911763594701e-10,9.777886948058494e-11,-0.16671249749665482,-0.004040074143738941,-0.7400081313295878,-0.5878277894667263,-0.5052814831860672,-0.40373113359518575,-0.0001641676664203099,-4.2630021540295416e-05,2.493695760024454e-06,-0.00011832131839850844,-2.701158929594933e-05,0.1726986046454194,-5.028826377854434e-05,-1.318584191762087e-05,0.5284617182070926,0.00016062496302780745,4.8969627393951134e-05
135,True,1.360000000000001,6.241066799856278,False,False,4.001407971080369e-08,False,26.982749986927956,-0.15,0.0,-0.73304,-0.58496,-0.50477,-0.4000000000000001,0.0,0.0,0.0,0.0,0.0,0.17,0.0,0.0,0.52333,0.0,0.0,-0.150000033424933,-8.08012936247271e-09,-0.733040013936232,-0.5849600057355648,-0.5047700010229622,-0.4000000074622524,-3.2833422588282417e-10,-8.525969123415744e-11,4.987330524946495e-12,-2.366421040920401e-10,-5.402295752467167e-11,0.17000000539719842,-1.0057641447247046e-10,-2.6371578796299377e-11,0.5233300102634127,3.212485170727645e-10,9.793883891682847e-11,-0.16671073181687354,-0.0040411194508568555,-0.7400091577667687,-0.5878287465252289,-0.5052822666431052,-0.40373228414878126,-0.00016432855248941423,-4.269473790333831e-05,2.4985189602059e-06,-0.0001183175331134525,-2.705194376404543e-05,0.17269977342271844,-5.0240029795601276e-05,-1.3204539549506054e-05,0.5284628541310259,0.00016089832395185338,4.9048036059968226e-05
136,True,1.370000000000001,6.24107251057759,False,False,4.0013916706441866e-08,False,27.1490000304766,-0.15,0.0,-0.73304,-0.58496,-0.50477,-0.4000000000000001,0.0,0.0,0.0,0.0,0.0,0.17,0.0,0.0,0.52333,0.0,0.0,-0.15000003342140164,-8.082220023450382e-09,-0.7330400139382849,-0.584960005737479,-0.5047700010245292,-0.4000000074645535,-3.286560051342889e-10,-8.538912703000626e-11,4.996977952812431e-12,-2.3663453389431623e-10,-5.4103668319435824e-11,0.17000000539953597,-1.0047994449419737e-10,-2.6408974851993192e-11,0.5233300102656847,3.2179525244566826e-10,9.809566026364397e-11,-0.16670897722694164,-0.004042146351525562,-0.7400101660076391,-0.5878296855911227,-0.5052830350165062,-0.4037334147948869,-0.00016448667021143467,-4.2758266981350906e-05,2.5032611475404155e-06,-0.00011831403949652475,-2.7091574031155853e-05,0.1727009225450778,-5.019288782598207e-05,-1.3222926326325082e-05,0.52846397005423,0.00016116648118324342,4.9124901061309475e-05
137,True,1.380000000000001,6.241078125244311,False,False,4.001372409892334e-08,False,26.706084026955068,-0.15,0.0,-0.73304,-0.58496,-0.50477,-0.4000000000000001,0.0,0.0,0.0,0.0,0.0,0.17,0.0,0.0,0.52333,0.0,0.0,-0.15000003341789245,-8.084273867524361e-09,-0.7330400139403014,-0.5849600057393571,-0.504770001026066,-0.4000000074668148,-3.289722475820992e-10,-8.551618819948063e-11,5.006463858695106e-12,-2.366275471328864e-10,-5.418293068786017e-11,0.17000000540183421,-1.0038565854633306e-10,-2.6445749185503723e-11,0.5233300102679166,3.223315801553425e-10,9.824939420247179e-11,-0.16670723365720017,-0.0040431551708067955,-0.7400111563745723,-0.5878306070031623,-0.5052837885968059,-0.4037345258777194,-0.0001646420692083173,-4.28206311478159e-05,2.5079236827864755e-06,-0.00011831083084328914,-2.7130493669381706e-05,0.1727020523428783,-5.014681675317713e-05,-1.3241007928340128e-05,0.5284650663285574,0.0001614295317825761,4.920025214979956e-05
138,True,1.390000000000001,6.241083645471605,False,False,4.001350258913078e-08,False,26.723832997959107,-0.15,0.0,-0.73304,-0.58496,-0.50477,-0.4000000000000001,0.0,0.0,0.0,0.0,0.0,0.17,0.0,0.0,0.52333,0.0,0.0,-0.15000003341440526,-8.08629154955276e-09,-0.7330400139422821,-0.5849600057412,-0.5047700010275731,-0.40000000746903697,-3.292830524036488e-10,-8.564091948624897e-11,5.0157895830241586e-12,-2.366211303094336e-10,-5.4260771775656606e-11,0.1700000054040938,-1.0029351444663676e-10,-2.6481913157236857e-11,0.5233300102701092,3.228576943552913e-10,9.840010024245865e-11,-0.1667055010384276,-0.004044146228015528,-0.740012129184231,-0.5878315110937213,-0.5052845276689426,-0.4037356177355452,-0.000164794798199278,-4.288185235070851e-05,2.5125079038459768e-06,-0.00011830790058005145,-2.71687159926147e-05,0.17270316314094836,-5.0101795850954935e-05,-1.3258789928319346e-05,0.5284661432996735,0.00016168757101220726,4.927411850767392e-05
139,True,1.400000000000001,6.241089072847546,False,False,4.0013252930343564e-08,False,26.83137496933341,-0.15,0.0,-0.73304,-0.58496,-0.50477,-0.4000000000000001,0.0,0.0,0.0,0.0,0.0,0.17,0.0,0.0,0.52333,0.0,0.0,-0.15000003341094,-8.088273707046456e-09,-0.7330400139442278,-0.5849600057430082,-0.5047700010290513,-0.40000000747122066,-3.295885171500281e-10,-8.576336479372299e-11,5.024958964976422e-12,-2.366152701966913e-10,-5.4337218179659674e-11,0.1700000054063154,-1.0020347074470417e-10,-2.6517477914146182e-11,0.5233300102722631,3.2337378562115153e-10,9.854783674756278e-11,-0.16670377930183733,-0.004045119836821604,-0.7400130847476691,-0.5878323981889126,-0.5052852525123656,-0.403736690700783,-0.00016494490501730967,-4.2941952120614346e-05,2.517015126148139e-06,-0.00011830524226142568,-2.720625406147422e-05,0.1727042552586571,-5.005780477625438e-05,-1.3276277793595025e-05,0.5284672013071638,0.00016194069236949028,4.9346528758460605e-05
140,True,1.410000000000001,6.24109440893346,False,False,4.001297581826188e-08,False,26.83141699526459,-0.15,0.0,-0.73304,-0.58496,-0.50477,-0.4000000000000001,0.0,0.0,0.0,0.0,0.0,0.17,0.0,0.0,0.52333,0.0,0.0,-0.1500000334074965,-8.090220967107986e-09,-0.733040013946139,-0.5849600057447825,-0.5047700010305011,-0.4000000074733666,-3.2988873736655364e-10,-8.588356717828148e-11,5.0339736859122974e-12,-2.366099539333113e-10,-5.441229604947052e-11,0.17000000540849963,-1.001154867084149e-10,-2.655245438126265e-11,0.5233300102743792,3.238800407880625e-10,9.869266097043512e-11,-0.16670206837907464,-0.004046076305349575,-0.7400140233704309,-0.5878332686087067,-0.5052859634011413,-0.40373774510010535,-0.00016509243662538695,-4.3000951578692194e-05,2.52144664302698e-06,-0.00011830284956794493,-2.724312068814995e-05,0.17270532901000638,-5.001482356220608e-05,-1.3293476888082248e-05,0.5284682406846425,0.0001621889876194029,4.941751097765423e-05
141,True,1.420000000000001,6.24109965526445,False,False,4.0012671821951766e-08,False,27.22883300157264,-0.15,0.0,-0.73304,-0.58496,-0.50477,-0.4000000000000001,0.0,0.0,0.0,0.0,0.0,0.17,0.0,0.0,0.52333,0.0,0.0,-0.15000003340407464,-8.092133942962099e-09,-0.7330400139480163,-0.5849600057465234,-0.5047700010319228,-0.40000000747547537,-3.301838071077638e-10,-8.600156888315157e-11,5.042838048759156e-12,-2.366051689425483e-10,-5.4486030999365475e-11,0.17000000541064714,-1.000295224255765e-10,-2.65868532955759e-11,0.523330010276458,3.2437664360118745e-10,9.883462905241943e-11,-0.16670036820221418,-0.004047015936276781,-0.7400149453526487,-0.5878341226670468,-0.5052866606040557,-0.40373878125453766,-0.0001652374391323747,-4.305887144448463e-05,2.5258037260924708e-06,-0.00011830071630371665,-2.7279328441151694e-05,0.17270638470372082,-4.9972832611280135e-05,-1.3310392474258706e-05,0.5284692617598559,0.00016243254682657104,4.948709270318631e-05
142,True,1.430000000000001,6.241104813349732,False,False,4.001234166967285e-08,False,26.94733301177621,-0.15,0.0,-0.73304,-0.58496,-0.50477,-0.4000000000000001,0.0,0.0,0.0,0.0,0.0,0.17,0.0,0.0,0.52333,0.0,0.0,-0.15000003340067428,-8.094013242629372e-09,-0.7330400139498603,-0.5849600057482315,-0.5047700010333173,-0.4000000074775477,-3.3047381853084333e-10,-8.611741134518505e-11,5.051552790012146e-12,-2.3660090285094505e-10,-5.4558448179446804e-11,0.1700000054127585,-9.99455387632668e-11,-2.662068518062327e-11,0.5233300102785002,3.2486377406519204e-10,9.897379607776233e-11,-0.16669867870375718,-0.00404793902692969,-0.7400158509891384,-0.5878349606719631,-0.5052873443847173,-0.40373979947955585,-0.00016537995780864455,-4.311573204357953e-05,2.5300876255954155e-06,-0.0001182988363941201,-2.731488964996831e-05,0.17270742264333658,-4.993181268855799e-05,-1.332702971510653e-05,0.5284702648547865,0.0001626714583867011,4.9555300945695436e-05
143,True,1.440000000000001,6.241109884673219,False,False,4.001198597478674e-08,False,27.205332997255027,-0.15,0.0,-0.73304,-0.58496,-0.50477,-0.4000000000000001,0.0,0.0,0.0,0.0,0.0,0.17,0.0,0.0,0.52333,0.0,0.0,-0.15000003339729526,-8.095859464589406e-09,-0.7330400139516716,-0.5849600057499076,-0.5047700010346848,-0.40000000747958414,-3.3075886205825335e-10,-8.623113522873965e-11,5.0601210652925115e-12,-2.3659714347477965e-10,-5.462957223498514e-11,0.1700000054148344,-9.986349711711218e-11,-2.6653960363430453e-11,0.5233300102805064,3.2534160898634555e-10,9.911021606683708e-11,-0.16669699981662892,-0.004048845869378521,-0.7400167405694941,-0.5878357829256832,-0.5052880150016568,-0.4037408000851823,-0.00016552003710140528,-4.3171553315125194e-05,2.5342995707862257e-06,-0.00011829720388354654,-2.734981640963735e-05,0.17270844312728842,-4.989174491512627e-05,-1.3343393676016747e-05,0.5284712502857547,0.00016290580905743213,4.96221621986016e-05
144,True,1.450000000000001,6.2411148706938055,False,False,4.001160543135426e-08,False,27.189625019673258,-0.15,0.0,-0.73304,-0.58496,-0.50477,-0.4000000000000001,0.0,0.0,0.0,0.0,0.0,0.17,0.0,0.0,0.52333,0.0,0.0,-0.15000003339393747,-8.097673186505117e-09,-0.7330400139534509,-0.5849600057515522,-0.5047700010360261,-0.4000000074815854,-3.310390268385175e-10,-8.634278039857399e-11,5.068545817616229e-12,-2.365938788471706e-10,-5.469942735724146e-11,0.17000000541687535,-9.978335986529727e-11,-2.66866889694293e-11,0.5233300102824774,3.258103219454158e-10,9.924394198969604e-11,-0.1666953314741758,-0.0040497367505302195,-0.74001761437818,-0.5878365897247425,-0.5052886727084237,-0.4037417833760802,-0.00016565772064975294,-4.322635481920206e-05,2.538440770267661e-06,-0.00011829581293318112,-2.738412058522721e-05,0.1727094464489956,-4.985261076159025e-05,-1.3359489326657187e-05,0.5284722183635174,0.00016313568398861736,4.968770244798802e-05
145,True,1.460000000000001,6.241119772845899,False,False,4.001120049707066e-08,False,27.040916960686445,-0.15,0.0,-0.73304,-0.58496,-0.50477,-0.4000000000000001,0.0,0.0,0.0,0.0,0.0,0.17,0.0,0.0,0.52333,0.0,0.0,-0.15000003339060075,-8.099454988641508e-09,-0.7330400139551985,-0.5849600057531658,-0.5047700010373416,-0.4000000074835519,-3.3131439998728036e-10,-8.645238600793904e-11,5.076828988382812e-12,-2.3659109729939204e-10,-5.4768037286855205e-11,0.170000005418882,-9.970508984679261e-11,-2.6718880944480677e-11,0.5233300102844135,3.262700831892489e-10,9.937502588126725e-11,-0.1666936736101631,-0.004050611952219775,-0.7400184726946223,-0.5878373813600908,-0.5052893177536835,-0.4037427496516459,-0.00016579305129944455,-4.328015574405354e-05,2.5425124123416574e-06,-0.00011829465781882474,-2.7417813816233368e-05,0.17271043289694601,-4.981439204170508e-05,-1.3375321542804457e-05,0.5284731693933665,0.00016336116675204723,4.9751947182294395e-05
146,True,1.470000000000001,6.241124592539738,False,False,4.0010771956760503e-08,False,27.565208030864596,-0.15,0.0,-0.73304,-0.58496,-0.50477,-0.4000000000000001,0.0,0.0,0.0,0.0,0.0,0.17,0.0,0.0,0.52333,0.0,0.0,-0.15000003338728501,-8.1012054304469e-09,-0.7330400139569151,-0.584960005754749,-0.5047700010386317,-0.4000000074854845,-3.315850672378287e-10,-8.655999038338158e-11,5.084972947166932e-12,-2.365887875150838e-10,-5.4835425290127374e-11,0.1700000054208549,-9.962865074082542e-11,-2.6750546037933808e-11,0.5233300102863156,3.2672105992892497e-10,9.950351863129018e-11,-0.1666920261587719,-0.0040514717512999026,-0.7400193157932969,-0.5878381581171976,-0.5052899503813114,-0.4037436992061004,-0.00016592607111740217,-4.333297491317874e-05,2.546515665350324e-06,-0.000118293732928756,-2.745090752089056e-05,0.17271140275477917,-4.9777070906122236e-05,-1.3390895108140761e-05,0.5284741036752246,0.00016358233937062278,4.981492140182487e-05
147,True,1.480000000000001,6.241129331161882,False,False,4.0010320342717116e-08,False,26.978250010870397,-0.15,0.0,-0.73304,-0.58496,-0.50477,-0.4000000000000001,0.0,0.0,0.0,0.0,0.0,0.17,0.0,0.0,0.52333,0.0,0.0,-0.15000003338399007,-8.102925061828636e-09,-0.7330400139586014,-0.5849600057563026,-0.504770001039897,-0.40000000748738357,-3.3185111267004103e-10,-8.666563122125591e-11,5.092980451484348e-12,-2.3658693808301795e-10,-5.490161422000688e-11,0.17000000542279461,-9.955400687714422e-11,-2.6781693817872865e-11,0.5233300102881843,3.271634161229175e-10,9.962947032990518e-11,-0.16669038905459682,-0.004052316419729176,-0.7400201439438185,-0.5878389202761554,-0.5052905708304848,-0.40374463232857843,-0.0001660568214059504,-4.338483079228993e-05,2.55045167801118e-06,-0.00011829303276163328,-2.748341290040232e-05,0.17271235630136755,-4.9740629836249475e-05,-1.3406214716016163e-05,0.5284750215037399,0.0001637992823469904,4.987664962807474e-05
148,True,1.490000000000001,6.24113399007555,False,False,4.000984623821794e-08,False,26.906457962468266,-0.15,0.0,-0.73304,-0.58496,-0.50477,-0.4000000000000001,0.0,0.0,0.0,0.0,0.0,0.17,0.0,0.0,0.52333,0.0,0.0,-0.15000003338071585,-8.104614437898228e-09,-0.7330400139602578,-0.584960005757827,-0.5047700010411379,-0.4000000074892498,-3.32112618981438e-10,-8.676934542509347e-11,5.100853007783157e-12,-2.365855381476203e-10,-5.4966626468656724e-11,0.1700000054247017,-9.948112310726983e-11,-2.6812333671116968e-11,0.5233300102900199,3.275973128023541e-10,9.975292996272167e-11,-0.16668876223264323,-0.004053146224658578,-0.740020957411026,-0.5878396681117809,-0.505291179335773,-0.40374554930321643,-0.00016618534271679376,-4.343574149613685e-05,2.554321579746793e-06,-0.0001182925519244341,-2.7515340943089448e-05,0.17271329381089692,-4.9705051638222065e-05,-1.3421284971177014e-05,0.5284759231683787,0.00016401207469164775,4.9937155912878894e-05
149,True,1.500000000000001,6.24113857062103,False,False,4.0009350201590324e-08,False,27.206250000745058,-0.15,0.0,-0.73304,-0.58496,-0.50477,-0.4000000000000001,0.0,0.0,0.0,0.0,0.0,0.17,0.0,0.0,0.52333,0.0,0.0,-0.15000003337746218,-8.106274081674802e-09,-0.7330400139618847,-0.5849600057593227,-0.5047700010423549,-0.4000000074910838,-3.3236966716192196e-10,-8.687116922757561e-11,5.108593749661748e-12,-2.365845768397641e-10,-5.503048400811155e-11,0.1700000054265767,-9.940996516363734e-11,-2.6842474808302388e-11,0.5233300102918234,3.2802290804391163e-10,9.987394565476359e-11,-0.1666871456283248,-0.004053961428516513,-0.7400217564550673,-0.5878404018937146,-0.5052917761272273,-0.4037464504092391,-0.00016631167486473746,-4.3485724795200855e-05,2.5581264810089175e-06,-0.00011829228513043325,-2.7546702428459172e-05,0.17271421555294486,-4.9670319436983135e-05,-1.3436110391461136e-05,0.528476808953516,0.00016422079395053056,4.999646384738566e-05
150,True,1.5100000000000011,6.241143074116103,False,False,4.0008832831751054e-08,False,27.100459032226354,-0.15,0.0,-0.73304,-0.58496,-0.50477,-0.4000000000000001,0.0,0.0,0.0,0.0,0.0,0.17,0.0,0.0,0.52333,0.0,0.0,-0.15000003337422896,-8.107904524851106e-09,-0.7330400139634828,-0.5849600057607903,-0.5047700010435486,-0.40000000749288595,-3.3262233700877275e-10,-8.697113818375733e-11,5.116203966727781e-12,-2.365840436426882e-10,-5.5093208413994595e-11,0.1700000054284202,-9.934049921913896e-11,-2.6872126263882538e-11,0.5233300102935949,3.284403569969209e-10,9.999256458237795e-11,-0.16668553917746082,-0.004054762289092351,-0.7400225413314819,-0.587841121886518,-0.5052923614304666,-0.4037473359210441,-0.00016643585694115756,-4.3534798122261206e-05,2.561867473597105e-06,-0.00011829222719721715,-2.7577507931196263e-05,0.17271512179255838,-4.9636416670471526e-05,-1.345069540946048e-05,0.5284776791385262,0.00016442551623208917,5.005459657085925e-05
151,True,1.5200000000000011,6.241147501856357,False,False,4.0008294610686136e-08,False,27.137333003338426,-0.15,0.0,-0.73304,-0.58496,-0.50477,-0.4000000000000001,0.0,0.0,0.0,0.0,0.0,0.17,0.0,0.0,0.52333,0.0,0.0,-0.15000003337101603,-8.109506280037926e-09,-0.7330400139650526,-0.5849600057622303,-0.5047700010447193,-0.400000007494657,-3.328707065845468e-10,-8.70692871439622e-11,5.123686854413052e-12,-2.3658392809384164e-10,-5.5154820821471957e-11,0.17000000543023266,-9.927269216495086e-11,-2.6901296899516113e-11,0.5233300102953353,3.288498117207366e-10,1.0010883304099752e-10,-0.1666839428162737,-0.004055549059618453,-0.7400233122912833,-0.58784182834977,-0.5052929354667639,-0.4037482061082858,-0.00016655792732722354,-4.358297857883602e-05,2.5655456309720232e-06,-0.00011829237304473559,-2.7607767825077785e-05,0.17271601279032991,-4.9603327083914884e-05,-1.3465044374151806e-05,0.5284785339978697,0.00016462631623386575,5.01115767793142e-05
152,True,1.5300000000000011,6.24115185511561,False,False,4.0007736174991314e-08,False,26.638625015038997,-0.15,0.0,-0.73304,-0.58496,-0.50477,-0.4000000000000001,0.0,0.0,0.0,0.0,0.0,0.17,0.0,0.0,0.52333,0.0,0.0,-0.15000003336782328,-8.111079853774517e-09,-0.7330400139665946,-0.5849600057636433,-0.5047700010458673,-0.40000000749639736,-3.3311485265075796e-10,-8.716565030799251e-11,5.131043138624795e-12,-2.3658422020501196e-10,-5.521534199640337e-11,0.17000000543201466,-9.920651155632303e-11,-2.6929995421007746e-11,0.5233300102970451,3.292514216455232e-10,1.0022279638415444e-10,-0.16668235648138652,-0.004056321988850776,-0.7400240695810387,-0.5878425215381594,-0.5052934984531293,-0.40374906123595694,-0.00016667792370687954,-4.363028294150008e-05,2.569162008563486e-06,-0.0001182927176933888,-2.7637492286812856e-05,0.1727168888024723,-4.9571034724226224e-05,-1.3479161552496039e-05,0.5284793738011805,0.0001648232672685804,5.016742673398483e-05
153,True,1.5400000000000011,6.241156135146239,False,False,4.000715800187265e-08,False,26.828041998669505,-0.15,0.0,-0.73304,-0.58496,-0.50477,-0.4000000000000001,0.0,0.0,0.0,0.0,0.0,0.17,0.0,0.0,0.52333,0.0,0.0,-0.1500000333646506,-8.112625743926516e-09,-0.7330400139681091,-0.5849600057650297,-0.5047700010469933,-0.4000000074981076,-3.333548506678774e-10,-8.726026125223428e-11,5.138276789829952e-12,-2.365849098795664e-10,-5.527479226419144e-11,0.17000000543376667,-9.914192538896258e-11,-2.695823035628515e-11,0.5233300102987247,3.296453335722548e-10,1.0033449917933425e-10,-0.16668078010982038,-0.004057081321148032,-0.7400248134429479,-0.5878432017015784,-0.5052940506023926,-0.4037499015644692,-0.0001667958830795876,-4.367672766808208e-05,2.5727176440733234e-06,-0.00011829325626214922,-2.7666691299808876e-05,0.17271775008089238,-4.953952393450217e-05,-1.3493051131006932e-05,0.5284801988133501,0.00016501644128973499,5.022216826963311e-05
154,True,1.5500000000000012,6.241160343179593,False,False,4.000656062386411e-08,False,26.592833979520947,-0.15,0.0,-0.73304,-0.58496,-0.50477,-0.4000000000000001,0.0,0.0,0.0,0.0,0.0,0.17,0.0,0.0,0.52333,0.0,0.0,-0.1500000333614978,-8.11414444228803e-09,-0.733040013969597,-0.5849600057663901,-0.5047700010480977,-0.40000000749978826,-3.3359077455138823e-10,-8.735315288899972e-11,5.145388799057069e-12,-2.36585987400343e-10,-5.533319162158998e-11,0.17000000543548924,-9.907890236330805e-11,-2.6986010084198236e-11,0.5233300103003747,3.3003169121192943e-10,1.0044398507245067e-10,-0.166679213638992,-0.004057827296549447,-0.7400255441149204,-0.5878438690852125,-0.5052945921232836,-0.4037507273497327,-0.0001669118417728372,-4.372232890374357e-05,2.5762135577731682e-06,-0.00011829398396671845,-2.7695374657865687e-05,0.17271859687326319,-4.9508779348620884e-05,-1.3506717217289552e-05,0.5284810092946117,0.0001652059089167444,5.027582280269788e-05
155,True,1.5600000000000012,6.241164480426274,False,False,4.0005944599918784e-08,False,27.30904199415818,-0.15,0.0,-0.73304,-0.58496,-0.50477,-0.4000000000000001,0.0,0.0,0.0,0.0,0.0,0.17,0.0,0.0,0.52333,0.0,0.0,-0.15000003335836487,-8.115636425040651e-09,-0.7330400139710583,-0.5849600057677249,-0.5047700010491807,-0.4000000075014398,-3.33822696942836e-10,-8.744435750718477e-11,5.152381525292906e-12,-2.365874431450475e-10,-5.539055964183634e-11,0.17000000543718283,-9.901741180999048e-11,-2.701334282266066e-11,0.5233300103019958,3.304106359445103e-10,1.0055129691659455e-10,-0.1666776570067112,-0.004058560150851164,-0.7400262618306518,-0.5878445239296286,-0.5052951232205112,-0.40375153884323356,-0.00016702583545442597,-4.3767102486941706e-05,2.579650752797217e-06,-0.00011829489611771747,-2.772355196879892e-05,0.17271942942309543,-4.947878588593784e-05,-1.3520163841549219e-05,0.5284818055006214,0.0001653917394596034,5.0328411339288345e-05
156,True,1.5700000000000012,6.241168548076569,False,False,4.000531032889018e-08,False,27.03200001269579,-0.15,0.0,-0.73304,-0.58496,-0.50477,-0.4000000000000001,0.0,0.0,0.0,0.0,0.0,0.17,0.0,0.0,0.52333,0.0,0.0,-0.15000003335525158,-8.117102164896528e-09,-0.7330400139724937,-0.5849600057690345,-0.504770001050243,-0.4000000075030628,-3.3405068929114393e-10,-8.753390677226913e-11,5.159256703684455e-12,-2.3658926784375124e-10,-5.544691554580216e-11,0.1700000054388479,-9.89574235475319e-11,-2.7040236621873556e-11,0.5233300103035883,3.3078230619550987e-10,1.0065647671104756e-10,-0.16667611015117845,-0.004059280115681283,-0.740026966819698,-0.5878451664708628,-0.5052956440948406,-0.4037523362921104,-0.0001671378991445154,-4.38110639552782e-05,2.5830302154300692e-06,-0.00011829598811891081,-2.7751232657993974e-05,0.17272024796980706,-4.944952874607789e-05,-1.3533394958071472e-05,0.5284825876825394,0.00016557400094309812,5.037995448302513e-05
157,True,1.5800000000000012,6.241172547300713,False,False,4.000465835105542e-08,False,26.640125026460737,-0.15,0.0,-0.73304,-0.58496,-0.50477,-0.4000000000000001,0.0,0.0,0.0,0.0,0.0,0.17,0.0,0.0,0.52333,0.0,0.0,-0.15000003335215784,-8.118542125026829e-09,-0.7330400139739037,-0.5849600057703197,-0.5047700010512847,-0.4000000075046577,-3.3427482147314197e-10,-8.762183175342131e-11,5.1660158898077235e-12,-2.3659145214521057e-10,-5.5502278174888314e-11,0.17000000544048502,-9.889890791622662e-11,-2.7066699389736515e-11,0.5233300103051526,3.3114683830335126e-10,1.0075956567582103e-10,-0.1666745730109824,-0.0040599874185735674,-0.740027659307549,-0.5878457969405056,-0.5052961549431698,-0.40375311993922947,-0.00016724806722746594,-4.385422855123665e-05,2.5863529153897905e-06,-0.00011829725546546253,-2.7778425971892044e-05,0.17272105274879238,-4.9420993403821705e-05,-1.3546414446673619e-05,0.5284833560871084,0.00016575276013056965,5.043047244273151e-05
158,True,1.5900000000000012,6.241176479249285,False,False,4.000398925783356e-08,False,27.01925003202632,-0.15,0.0,-0.73304,-0.58496,-0.50477,-0.4000000000000001,0.0,0.0,0.0,0.0,0.0,0.17,0.0,0.0,0.52333,0.0,0.0,-0.15000003334908354,-8.119956764265912e-09,-0.7330400139752888,-0.5849600057715807,-0.5047700010523064,-0.400000007506225,-3.344951624711934e-10,-8.770816297093247e-11,5.172661703535617e-12,-2.3659398721317774e-10,-5.55566660418469e-11,0.17000000544209456,-9.884183592721906e-11,-2.709273890031793e-11,0.5233300103066895,3.3150436559779665e-10,1.0086060421099843e-10,-0.16667304552509746,-0.004060682283039847,-0.7400283395157005,-0.5878464155657851,-0.5052966559586034,-0.4037538900232588,-0.0001673563734634548,-4.3896611227810086e-05,2.589619806106135e-06,-0.00011829869374222507,-2.780514098140922e-05,0.17272184399148935,-4.939316560408498e-05,-1.3559226114128369e-05,0.5284841109567318,0.0001659280825472394,5.047998503997775e-05
159,True,1.6000000000000012,6.2411803450534835,False,False,4.0003303325229985e-08,False,27.69162500044331,-0.15,0.0,-0.73304,-0.58496,-0.50477,-0.4000000000000001,0.0,0.0,0.0,0.0,0.0,0.17,0.0,0.0,0.52333,0.0,0.0,-0.15000003334602854,-8.121346519764094e-09,-0.7330400139766492,-0.5849600057728179,-0.5047700010533085,-0.40000000750776515,-3.347117796413581e-10,-8.779293030134871e-11,5.179196384846765e-12,-2.365968641165374e-10,-5.561009725963046e-11,0.17000000544367705,-9.878617905921582e-11,-2.7118362748115203e-11,0.5233300103081993,3.318550191588887e-10,1.0095963198482674e-10,-0.16667152763288137,-0.004061364928641151,-0.7400290076617249,-0.5878470225696498,-0.5052971473305263,-0.4037546467787402,-0.00016746285099988192,-4.3938226654021355e-05,2.5928318249941878e-06,-0.00011830029862205856,-2.7831386585290233e-05,0.17272262192544632,-4.936603135698864e-05,-1.3571833695560127e-05,0.5284848525295494,0.00016610003250310337,5.052851171648141e-05
160,True,1.6100000000000012,6.241184145825562,False,False,4.000260118178916e-08,False,27.2047080215998,-0.15,0.0,-0.73304,-0.58496,-0.50477,-0.4000000000000001,0.0,0.0,0.0,0.0,0.0,0.17,0.0,0.0,0.52333,0.0,0.0,-0.15000003334299275,-8.122711839080032e-09,-0.7330400139779856,-0.584960005774032,-0.5047700010542913,-0.40000000750927867,-3.3492473930970407e-10,-8.78761630926676e-11,5.185621094599822e-12,-2.366000742223297e-10,-5.566258965658847e-11,0.17000000544523292,-9.873190931269579e-11,-2.7143578424287723e-11,0.5233300103096824,3.3219892765432024e-10,1.0105668783884879e-10,-0.16667001927407274,-0.004062035571057589,-0.7400296639593404,-0.5878476181708489,-0.5052976292446751,-0.4037553904361611,-0.00016756753238256593,-4.397908922033784e-05,2.595989893723338e-06,-0.00011830206586418191,-2.7857171513398015e-05,0.17272338677438737,-4.933957693301846e-05,-1.3584240855814486e-05,0.5284855810395133,0.00016626867311540317,5.057607154136657e-05
161,True,1.6200000000000012,6.241187882658979,False,False,4.0001883218044626e-08,False,26.36424999218434,-0.15,0.0,-0.73304,-0.58496,-0.50477,-0.4000000000000001,0.0,0.0,0.0,0.0,0.0,0.17,0.0,0.0,0.52333,0.0,0.0,-0.15000003333997602,-8.124053151557786e-09,-0.7330400139792982,-0.5849600057752232,-0.5047700010552552,-0.400000007510766,-3.351341065283616e-10,-8.795789013723307e-11,5.191937503567275e-12,-2.3660360906022516e-10,-5.5714160674823383e-11,0.1700000054467626,-9.867899924379149e-11,-2.7168393248894218e-11,0.5233300103111395,3.325362172581191e-10,1.0115180995730983e-10,-0.16666852038878874,-0.004062694422156964,-0.7400303086184801,-0.5878482025840114,-0.5052981018832083,-0.40375612122202437,-0.00016767044956673632,-4.401921304398286e-05,2.599094918481752e-06,-0.00011830399131255367,-2.7882504329940177e-05,0.1727241387582764,-4.931378885827247e-05,-1.3596451190801393e-05,0.5284862967164603,0.00016643406633068194,5.062268321828398e-05
162,True,1.6300000000000012,6.2411915566288325,False,False,4.000114985221042e-08,False,27.111916977446526,-0.15,0.0,-0.73304,-0.58496,-0.50477,-0.4000000000000001,0.0,0.0,0.0,0.0,0.0,0.17,0.0,0.0,0.52333,0.0,0.0,-0.15000003333697823,-8.125370885674055e-09,-0.7330400139805875,-0.5849600057763921,-0.5047700010562004,-0.40000000751222753,-3.353399454278892e-10,-8.803813964463041e-11,5.198148165976978e-12,-2.366074602412095e-10,-5.576482744811765e-11,0.17000000544826657,-9.86274218965264e-11,-2.7192814411550344e-11,0.5233300103125709,3.3286701205722385e-10,1.012450357316323e-10,-0.16666703091752277,-0.0040633416900622025,-0.7400309418453579,-0.5878487760197241,-0.5052985654247755,-0.40375683935891726,-0.00016777163392782312,-4.405861197414578e-05,2.6021477902364225e-06,-0.00011830607089428288,-2.7907393436633772e-05,0.17272487809338058,-4.9288653909794436e-05,-1.3608468228812553e-05,0.5284869997861857,0.00016659627294643314,5.0668365092395664e-05
163,True,1.6400000000000012,6.241195168792193,False,False,4.0000401596020325e-08,False,25.82358301151544,-0.15,0.0,-0.73304,-0.58496,-0.50477,-0.4000000000000001,0.0,0.0,0.0,0.0,0.0,0.17,0.0,0.0,0.52333,0.0,0.0,-0.15000003333399925,-8.126665448221493e-09,-0.733040013981854,-0.5849600057775389,-0.5047700010571275,-0.4000000075136638,-3.355423184854371e-10,-8.811693935010644e-11,5.204254385836153e-12,-2.366116197963968e-10,-5.581460678838121e-11,0.17000000544974525,-9.857715082992003e-11,-2.7216848968040553e-11,0.5233300103139771,3.3319143340096273e-10,1.0133640186205974e-10,-0.16666555080114195,-0.004063977579217583,-0.7400315638425354,-0.5878493386846073,-0.5052990200445844,-0.4037575450655791,-0.00016787111627204973,-4.4097299597092464e-05,2.6051493849888473e-06,-0.00011830830061806905,-2.7931847075809446e-05,0.1727256049923322,-4.926415911099228e-05,-1.3620295431813484e-05,0.5284876904705134,0.00016675535263234968,5.0713135157226096e-05
164,True,1.6500000000000012,6.241198720188321,False,False,3.999963880404996e-08,False,26.82133298367262,-0.15,0.0,-0.73304,-0.58496,-0.50477,-0.4000000000000001,0.0,0.0,0.0,0.0,0.0,0.17,0.0,0.0,0.52333,0.0,0.0,-0.150000033331039,-8.127937252064288e-09,-0.733040013983098,-0.5849600057786642,-0.5047700010580368,-0.40000000751507525,-3.3574128747342405e-10,-8.819431639937305e-11,5.2102583251963975e-12,-2.366160796078232e-10,-5.586351516532269e-11,0.17000000545119903,-9.852816006377784e-11,-2.724050385217655e-11,0.5233300103153584,3.3350960068709995e-10,1.014259443169992e-10,-0.1666640799808849,-0.004064602290453792,-0.740032174808986,-0.5878498907813895,-0.505299465914468,-0.4037582385569677,-0.00016796892684683168,-4.4135289241178226e-05,2.6081005640263935e-06,-0.00011831067657267077,-2.7955873333456123e-05,0.17272631966419003,-4.9240291727139166e-05,-1.3631936196710779e-05,0.5284883689873652,0.00016691136395117963,5.07570110613823e-05
165,True,1.6600000000000013,6.241202211838946,False,False,3.9998861909551164e-08,False,26.312333007808775,-0.15,0.0,-0.73304,-0.58496,-0.50477,-0.4000000000000001,0.0,0.0,0.0,0.0,0.0,0.17,0.0,0.0,0.52333,0.0,0.0,-0.15000003332809733,-8.12918670139301e-09,-0.73304001398432,-0.5849600057797685,-0.5047700010589286,-0.4000000075164622,-3.3593691278191104e-10,-8.827029745025116e-11,5.216161271547791e-12,-2.366208317743654e-10,-5.591156875727138e-11,0.1700000054526284,-9.848042417355887e-11,-2.7263785852080376e-11,0.5233300103167154,3.338216311449954e-10,1.0151369840756021e-10,-0.16666261839835927,-0.004065216021051821,-0.7400327749401585,-0.5878504325089812,-0.5052999032029487,-0.4037589200443249,-0.0001680650953509847,-4.4172593981765097e-05,2.611002174169441e-06,-0.00011831319492540247,-2.7979480142207437e-05,0.17272702231449916,-4.9217039260956546e-05,-1.364339385659505e-05,0.5284890355508313,0.00016706436437919736,5.080001011514591e-05
166,True,1.6700000000000013,6.24120564474875,False,False,3.9998071432434485e-08,False,26.933916960842907,-0.15,0.0,-0.73304,-0.58496,-0.50477,-0.4000000000000001,0.0,0.0,0.0,0.0,0.0,0.17,0.0,0.0,0.52333,0.0,0.0,-0.15000003332517414,-8.130414189122526e-09,-0.7330400139855203,-0.584960005780852,-0.5047700010598032,-0.40000000751782516,-3.3612925393359736e-10,-8.834490866589445e-11,5.2219649477553494e-12,-2.36625868828581e-10,-5.595878343762472e-11,0.17000000545403368,-9.843391816162679e-11,-2.728670162712506e-11,0.5233300103180486,3.3412763972718446e-10,1.0159969875367337e-10,-0.16666116599553962,-0.004065818964805746,-0.74003336442804,-0.5878509640625463,-0.505300332075303,-0.4037595897352407,-0.00016815965094474605,-4.4209226646045034e-05,2.6138550480143975e-06,-0.00011831585192065885,-2.8002675284271007e-05,0.1727277131453501,-4.919438944827713e-05,-1.3654671681959936e-05,0.5284896903712359,0.00016721441032629635,5.084214929693924e-05
167,True,1.6800000000000013,6.241209019905361,False,False,3.9997267650099865e-08,False,26.666999969165772,-0.15,0.0,-0.73304,-0.58496,-0.50477,-0.4000000000000001,0.0,0.0,0.0,0.0,0.0,0.17,0.0,0.0,0.52333,0.0,0.0,-0.15000003332226933,-8.131620102096171e-09,-0.7330400139866993,-0.5849600057819151,-0.5047700010606609,-0.40000000751916454,-3.3631836920434977e-10,-8.841817570801307e-11,5.22767106906079e-12,-2.366311831946072e-10,-5.600517475451948e-11,0.17000000545541535,-9.83886174504736e-11,-2.7309257724875287e-11,0.5233300103193583,3.344277390822728e-10,1.0168397932474801e-10,-0.16665972271476492,-0.004066411312084388,-0.7400339434612164,-0.5878514856335733,-0.5053007526936234,-0.40376024783371633,-0.00016825262225961227,-4.424519981777123e-05,2.6166600041726097e-06,-0.00011831864387846694,-2.8025466394301587e-05,0.1727283923554369,-4.917233025378657e-05,-1.3665772881897768e-05,0.5284903336552045,0.00016736155715571066,5.088344525966787e-05
168,True,1.6900000000000013,6.241212338279955,False,False,3.999645102474822e-08,False,27.023290982469916,-0.15,0.0,-0.73304,-0.58496,-0.50477,-0.4000000000000001,0.0,0.0,0.0,0.0,0.0,0.17,0.0,0.0,0.52333,0.0,0.0,-0.15000003331938275,-8.132804819351025e-09,-0.7330400139878573,-0.5849600057829583,-0.5047700010615022,-0.40000000752048076,-3.3650431578583287e-10,-8.849012370299239e-11,5.23328133757682e-12,-2.366367674321067e-10,-5.605075799859443e-11,0.17000000545677377,-9.834449799113985e-11,-2.7331460565840795e-11,0.523330010320645,3.347220401241427e-10,1.0176657341256709e-10,-0.1666582884987364,-0.004066993249891891,-0.7400345122249335,-0.5878519974099434,-0.5053011652168796,-0.40376089454022646,-0.00016834403740799707,-4.428052584189901e-05,2.619417847505284e-06,-0.00011832156719306382,-2.804786096221916e-05,0.17272906014011427,-4.915084986684241e-05,-1.3676700605272257e-05,0.5284909656057282,0.00016750585920337227,5.09239143369422e-05
169,True,1.7000000000000013,6.241215600827246,False,False,3.9995621945018365e-08,False,27.026541996747255,-0.15,0.0,-0.73304,-0.58496,-0.50477,-0.4000000000000001,0.0,0.0,0.0,0.0,0.0,0.17,0.0,0.0,0.52333,0.0,0.0,-0.1500000333165143,-8.133968719924167e-09,-0.733040013988995,-0.5849600057839819,-0.5047700010623273,-0.40000000752177417,-3.366871500294546e-10,-8.856077739774698e-11,5.2387978674976765e-12,-2.3664261438534513e-10,-5.609554814200394e-11,0.17000000545810934,-9.830153618867578e-11,-2.7353316446864515e-11,0.5233300103219088,3.3501065151695687e-10,1.01847513651616e-10,-0.16665686329051516,-0.00406756496192723,-0.7400350709011556,-0.5878524995759998,-0.5053015698009794,-0.4037615300517799,-0.00016843392399271183,-4.4315216829138085e-05,2.6221293693544418e-06,-0.00011832461833150125,-2.8069866335973197e-05,0.17272971669145348,-4.912993669736884e-05,-1.3687457941868658e-05,0.5284915864222279,0.00016764736979691077,5.096357254918014e-05
170,True,1.7100000000000013,6.241218808485993,False,False,3.999478073954954e-08,False,26.8742079497315,-0.15,0.0,-0.73304,-0.58496,-0.50477,-0.4000000000000001,0.0,0.0,0.0,0.0,0.0,0.17,0.0,0.0,0.52333,0.0,0.0,-0.15000003331366388,-8.135112170709613e-09,-0.7330400139901123,-0.5849600057849862,-0.5047700010631364,-0.40000000752304515,-3.3686692701268527e-10,-8.863016097676157e-11,5.244220576661163e-12,-2.366487169799033e-10,-5.613955987229932e-11,0.17000000545942243,-9.82597088208261e-11,-2.737483154281663e-11,0.5233300103231505,3.352936798377889e-10,1.0192683216816035e-10,-0.16665544703352012,-0.004068126628642645,-0.7400356196686236,-0.5878529923126137,-0.5053019665988268,-0.4037621545619797,-0.000168522309116273,-4.434928466041794e-05,2.6247953477699885e-06,-0.00011832779383227566,-2.809148972425391e-05,0.1727303621982977,-4.910957937182601e-05,-1.3698047923521834e-05,0.5284921963006173,0.0001677861412743018,5.1002435609593255e-05
171,True,1.7200000000000013,6.2412219621791,False,False,3.999392784958548e-08,False,26.89308300614357,-0.15,0.0,-0.73304,-0.58496,-0.50477,-0.4000000000000001,0.0,0.0,0.0,0.0,0.0,0.17,0.0,0.0,0.52333,0.0,0.0,-0.15000003331083134,-8.136235528193037e-09,-0.7330400139912099,-0.5849600057859717,-0.50477000106393,-0.4000000075242942,-3.370437010811588e-10,-8.86982982247213e-11,5.2495532441047745e-12,-2.366550682904398e-10,-5.618280761275759e-11,0.17000000546071345,-9.821899316000277e-11,-2.7396011928617443e-11,0.5233300103243703,3.3557122973925345e-10,1.0200456031597173e-10,-0.16665403967152548,-0.004068678427301065,-0.7400361587029125,-0.5878534757972494,-0.5053023557603803,-0.4037627682610821,-0.00016860921939003878,-4.438274099126797e-05,2.6274165477329927e-06,-0.00011833109030398319,-2.811273819915165e-05,0.17273099684631635,-4.908976672925239e-05,-1.3708473525222671e-05,0.5284927954333642,0.00016792222500217123,5.104051893005862e-05
172,True,1.7300000000000013,6.241225062814027,False,False,3.9993063554727935e-08,False,27.19645795878023,-0.15,0.0,-0.73304,-0.58496,-0.50477,-0.4000000000000001,0.0,0.0,0.0,0.0,0.0,0.17,0.0,0.0,0.52333,0.0,0.0,-0.1500000333080166,-8.137339147125389e-09,-0.7330400139922879,-0.5849600057869387,-0.5047700010647084,-0.40000000752552156,-3.372175252794665e-10,-8.876521243164409e-11,5.254796020600375e-12,-2.3666166154069114e-10,-5.622530550205272e-11,0.17000000546198274,-9.817936690552235e-11,-2.7416863540273844e-11,0.5233300103255686,3.3584340403082155e-10,1.020807289473782e-10,-0.16665264114865866,-0.004069220532032507,-0.7400366881764873,-0.5878539502040294,-0.5053027374327101,-0.40376337133605394,-0.00016869468094317882,-4.4415597256113904e-05,2.6299937213751985e-06,-0.00011833450442400027,-2.8133618698765326e-05,0.17273162081805815,-4.907048781737892e-05,-1.3718737666203235e-05,0.5284933840095517,0.00016805567139376102,5.107783762687864e-05
173,True,1.7400000000000013,6.241228111282885,False,False,3.999218832990217e-08,False,26.702124974690378,-0.15,0.0,-0.73304,-0.58496,-0.50477,-0.4000000000000001,0.0,0.0,0.0,0.0,0.0,0.17,0.0,0.0,0.52333,0.0,0.0,-0.15000003330521952,-8.138423381390258e-09,-0.733040013993347,-0.5849600057878875,-0.5047700010654718,-0.4000000075267277,-3.373884520287834e-10,-8.883092648774831e-11,5.259951515009442e-12,-2.3666849010347147e-10,-5.626706743491316e-11,0.17000000546323069,-9.814080816327722e-11,-2.74373922257013e-11,0.5233300103267458,3.361103035704003e-10,1.0215536830484413e-10,-0.16665125140939815,-0.004069753113889478,-0.740037208258758,-0.5878544157037962,-0.505303111760053,-0.4037639639706302,-0.00016877871943147914,-4.444786467249228e-05,2.6325276081948713e-06,-0.00011833803293718761,-2.8154138029760936e-05,0.17273223429300388,-4.905173188881368e-05,-1.3728843211001122e-05,0.5284939622149369,0.0001681865299265634,5.111440652643078e-05
174,True,1.7500000000000013,6.241231108462877,False,False,3.9991302439962546e-08,False,26.969125028699636,-0.15,0.0,-0.73304,-0.58496,-0.50477,-0.4000000000000001,0.0,0.0,0.0,0.0,0.0,0.17,0.0,0.0,0.52333,0.0,0.0,-0.15000003330244002,-8.139488566656639e-09,-0.7330400139943871,-0.5849600057888186,-0.5047700010662204,-0.400000007527913,-3.3755653263897734e-10,-8.889546280213762e-11,5.265019535479013e-12,-2.366755473787001e-10,-5.630810700113552e-11,0.17000000546445762,-9.810329533731536e-11,-2.745760371084254e-11,0.5233300103279022,3.363720272372278e-10,1.0222850802097012e-10,-0.16664987039857113,-0.004070276340901402,-0.7400377191161334,-0.5878548724641748,-0.5053034788838672,-0.4037645463453692,-0.00016886136004598646,-4.4479554245184414e-05,2.6350189352689697e-06,-0.0001183416726546182,-2.817430286988114e-05,0.17273283744761772,-4.903348839729588e-05,-1.3738792970503347e-05,0.5284945302320099,0.000168314849159629,5.115024017070947e-05
175,True,1.7600000000000013,6.241234055216371,False,False,3.9990406304068834e-08,False,26.877750002313405,-0.15,0.0,-0.73304,-0.58496,-0.50477,-0.4000000000000001,0.0,0.0,0.0,0.0,0.0,0.17,0.0,0.0,0.52333,0.0,0.0,-0.15000003329967798,-8.140535042062969e-09,-0.7330400139954089,-0.5849600057897322,-0.5047700010669547,-0.4000000075290778,-3.3772181730860884e-10,-8.89588434044449e-11,5.270002673082874e-12,-2.3668282721352966e-10,-5.6348437587228507e-11,0.17000000546566393,-9.8066807455101e-11,-2.7477503616608195e-11,0.5233300103290383,3.366286720945036e-10,1.0230017717947947e-10,-0.1666484980613514,-0.004070790378128076,-0.7400382209120749,-0.5878553206496332,-0.505303838942886,-0.4037651186377079,-0.00016894262752149386,-4.451067677027146e-05,2.637468417461825e-06,-0.00011834542045232937,-2.8194119770406715e-05,0.172733430455398,-4.901574699401767e-05,-1.3748589702970194e-05,0.5284950882400511,0.00016844067675055567,5.1185352822761985e-05
176,True,1.7700000000000014,6.241236952391303,False,False,3.998950017984592e-08,False,26.6886250465177,-0.15,0.0,-0.73304,-0.58496,-0.50477,-0.4000000000000001,0.0,0.0,0.0,0.0,0.0,0.17,0.0,0.0,0.52333,0.0,0.0,-0.1500000332969333,-8.141563137206709e-09,-0.7330400139964125,-0.5849600057906286,-0.5047700010676748,-0.4000000075302223,-3.3788435574834755e-10,-8.902108988384592e-11,5.274901495756616e-12,-2.366903230891946e-10,-5.638807225444016e-11,0.17000000546684996,-9.803132375416253e-11,-2.7497097465653086e-11,0.5233300103301542,3.3688033366043903e-10,1.0237040432199435e-10,-0.1666471343432572,-0.004071295387712178,-0.7400387138071485,-0.5878557604215423,-0.5053041920731701,-0.40376568102201593,-0.0001690225461448711,-4.454124283911212e-05,2.639876757630235e-06,-0.00011834927327009683,-2.8213595158570975e-05,0.17273401348692702,-4.899849752401288e-05,-1.3758236115039427e-05,0.5284956364151878,0.00016856405947216285,5.121975847202087e-05
177,True,1.7800000000000014,6.241239800821335,False,False,3.998858446873384e-08,False,26.231500029098243,-0.15,0.0,-0.73304,-0.58496,-0.50477,-0.4000000000000001,0.0,0.0,0.0,0.0,0.0,0.17,0.0,0.0,0.52333,0.0,0.0,-0.15000003329420586,-8.142573179950596e-09,-0.7330400139973983,-0.5849600057915081,-0.5047700010683811,-0.40000000753134707,-3.380441963949255e-10,-8.90822234432694e-11,5.279719192579285e-12,-2.366980289612679e-10,-5.642702389800007e-11,0.170000005468016,-9.799682390570922e-11,-2.751639066374148e-11,0.5233300103312507,3.371271053932614e-10,1.0243921742093083e-10,-0.16664577919014895,-0.004071791528930858,-0.7400391979590756,-0.5878561919382332,-0.5053045384081594,-0.40376623366964814,-0.00016910113976324268,-4.457126284224424e-05,2.642244646825199e-06,-0.00011835322811023193,-2.8232735339927916e-05,0.17273458670992017,-4.8981730022611085e-05,-1.3767734862711212e-05,0.5284961749304495,0.000168685043228858,5.125347083953434e-05
178,True,1.7900000000000014,6.241242601326098,False,False,3.9987659449997266e-08,False,26.790665986482054,-0.15,0.0,-0.73304,-0.58496,-0.50477,-0.4000000000000001,0.0,0.0,0.0,0.0,0.0,0.17,0.0,0.0,0.52333,0.0,0.0,-0.15000003329149553,-8.143565480810133e-09,-0.7330400139983666,-0.5849600057923712,-0.5047700010690738,-0.4000000075324524,-3.3820138695323833e-10,-8.914226482485818e-11,5.284455141828698e-12,-2.367059389750577e-10,-5.6465305111594094e-11,0.17000000546916244,-9.796328807561757e-11,-2.753538852515809e-11,0.5233300103323277,3.373690789351593e-10,1.0250664392693265e-10,-0.16664443254822722,-0.004072278958246422,-0.7400396735227842,-0.5878566153550554,-0.505304878078723,-0.40376677674899725,-0.00016917843179201596,-4.460074697321206e-05,2.6445727644901804e-06,-0.0001183572820364012,-2.8251546500675064e-05,0.172735150289274,-4.896543471195615e-05,-1.3777088552314123e-05,0.5284967039558225,0.0001688036730727011,5.128650338309676e-05
179,True,1.8000000000000014,6.241245354711414,False,False,3.998672540885915e-08,False,26.410709018819034,-0.15,0.0,-0.73304,-0.58496,-0.50477,-0.4000000000000001,0.0,0.0,0.0,0.0,0.0,0.17,0.0,0.0,0.52333,0.0,0.0,-0.1500000332888022,-8.144540362443886e-09,-0.7330400139993177,-0.5849600057932179,-0.5047700010697531,-0.40000000753353854,-3.383559742879249e-10,-8.920123443871813e-11,5.289111849028313e-12,-2.36714047113242e-10,-5.650292825173887e-11,0.1700000054702896,-9.793069664660453e-11,-2.755409626423774e-11,0.5233300103333858,3.37606344708594e-10,1.02572710762095e-10,-0.16664309436403055,-0.004072757829356085,-0.7400401406504578,-0.5878570308244326,-0.5053052112132096,-0.4037673104255447,-0.00016925444522276233,-4.4629705232320406e-05,2.646861778656095e-06,-0.0001183614321724673,-2.8270034709931807e-05,0.17273570438711364,-4.894960199758795e-05,-1.3786299741452582e-05,0.5284972236583031,0.00016891999321917163,5.131886930228129e-05
180,True,1.8100000000000014,6.241248061769628,False,False,3.998578278538304e-08,False,26.70670801308006,-0.15,0.0,-0.73304,-0.58496,-0.50477,-0.4000000000000001,0.0,0.0,0.0,0.0,0.0,0.17,0.0,0.0,0.52333,0.0,0.0,-0.15000003328612582,-8.145498124959016e-09,-0.7330400140002521,-0.5849600057940489,-0.5047700010704195,-0.4000000075346059,-3.385080043962624e-10,-8.925915230870813e-11,5.2936908490018304e-12,-2.367223476159967e-10,-5.6539905488603784e-11,0.1700000054713978,-9.789903035375275e-11,-2.7572519002141624e-11,0.5233300103344252,3.378389908049919e-10,1.0263744429963575e-10,-0.16664176458443328,-0.004073228293240888,-0.7400405994915839,-0.5878574384959177,-0.5053055379374946,-0.40376783486191103,-0.00016932920263095405,-4.46581474303171e-05,2.649112346133008e-06,-0.00011836567570135135,-2.8288205921974172e-05,0.1727362491628393,-4.893422246508607e-05,-1.3795370939936171e-05,0.5284977342019507,0.00016903404706264518,5.135058154337628e-05
181,True,1.8200000000000014,6.241250723279696,False,False,3.9984831766244843e-08,False,26.435584004502743,-0.15,0.0,-0.73304,-0.58496,-0.50477,-0.4000000000000001,0.0,0.0,0.0,0.0,0.0,0.17,0.0,0.0,0.52333,0.0,0.0,-0.15000003328346626,-8.146439071932132e-09,-0.7330400140011697,-0.5849600057948643,-0.5047700010710728,-0.4000000075356548,-3.3865752232685106e-10,-8.93160380046774e-11,5.298192152760679e-12,-2.367308350216535e-10,-5.657624870775515e-11,0.17000000547248736,-9.786827049457474e-11,-2.7590661744834465e-11,0.5233300103354463,3.380671042857875e-10,1.027008704519868e-10,-0.16664044315664353,-0.004073690498213715,-0.7400410501930023,-0.5878578385162468,-0.505305858375029,-0.4037683502179055,-0.00016940272618355958,-4.46860831920051e-05,2.6513251126986107e-06,-0.00011837000986391636,-2.83060659784268e-05,0.17273678477317217,-4.891928687677458e-05,-1.3804304610691072e-05,0.5284982357479387,0.00016914587719158347,5.138165280422747e-05
182,True,1.8300000000000014,6.241253340007542,False,False,3.998387273615798e-08,False,26.448542019352317,-0.15,0.0,-0.73304,-0.58496,-0.50477,-0.4000000000000001,0.0,0.0,0.0,0.0,0.0,0.17,0.0,0.0,0.52333,0.0,0.0,-0.1500000332808234,-8.14736350086831e-09,-0.7330400140020712,-0.5849600057956644,-0.5047700010717138,-0.40000000753668546,-3.3880457255908505e-10,-8.937191080509582e-11,5.302617776243272e-12,-2.367395036245983e-10,-5.661196960841204e-11,0.17000000547355856,-9.78383985224371e-11,-2.760852943221241e-11,0.5233300103364494,3.382907702608514e-10,1.0276301461658406e-10,-0.16663913002820102,-0.004074144589966485,-0.7400414928989515,-0.5878582310293934,-0.5053061726468857,-0.40376885665057455,-0.00016947503764649975,-4.471352195978578e-05,2.653500713283524e-06,-0.00011837443195787117,-2.8323620610412974e-05,0.1727373113721994,-4.890478616848643e-05,-1.3813103170653984e-05,0.5284987284546063,0.00016925552540344337,5.1412095538987815e-05
183,True,1.8400000000000014,6.241255912706148,False,False,3.998290588848772e-08,False,26.6449170303531,-0.15,0.0,-0.73304,-0.58496,-0.50477,-0.4000000000000001,0.0,0.0,0.0,0.0,0.0,0.17,0.0,0.0,0.52333,0.0,0.0,-0.1500000332781971,-8.148271703201093e-09,-0.7330400140029566,-0.5849600057964495,-0.5047700010723424,-0.4000000075376983,-3.389491985694715e-10,-8.942678959540998e-11,5.306969492713086e-12,-2.3674834813934564e-10,-5.664707963907176e-11,0.17000000547461178,-9.78093963582686e-11,-2.762612688728106e-11,0.5233300103374349,3.3851007218664575e-10,1.0282390169619616e-10,-0.166637825146975,-0.004074590711616493,-0.7400419277511153,-0.5878586161766184,-0.5053064808718055,-0.40376935431424965,-0.00016954615839196767,-4.474047299713452e-05,2.6556397721535128e-06,-0.00011837893933669424,-2.834087544066348e-05,0.17273782911141827,-4.889071144638672e-05,-1.3821768991648938e-05,0.5284992124775073,0.00016936303271931173,5.144192196277648e-05
184,True,1.8500000000000014,6.241258442115864,False,False,3.998193160447039e-08,False,27.515833033248782,-0.15,0.0,-0.73304,-0.58496,-0.50477,-0.4000000000000001,0.0,0.0,0.0,0.0,0.0,0.17,0.0,0.0,0.52333,0.0,0.0,-0.15000003327558734,-8.149163966027217e-09,-0.7330400140038263,-0.5849600057972197,-0.5047700010729588,-0.40000000753869364,-3.390914429671557e-10,-8.94806929019245e-11,5.311248183084385e-12,-2.3675736317198964e-10,-5.6681590058496253e-11,0.17000000547564725,-9.778124616016725e-11,-2.764345885850712e-11,0.523330010338403,3.387250922728003e-10,1.0288355612602957e-10,-0.1666365284611623,-0.004075029003751941,-0.7400423548886673,-0.5878589940965232,-0.5053067831662414,-0.40376984336059396,-0.0001696161094056141,-4.476694539200985e-05,2.657742903088609e-06,-0.00011838352940857806,-2.8357835985585102e-05,0.17273833813977996,-4.8877053983853506e-05,-1.3830304401247244e-05,0.5284996879694597,0.00016946843939826843,5.1471144056248886e-05
185,True,1.8600000000000014,6.241260928964603,False,False,3.998095011553039e-08,False,27.026416966691613,-0.15,0.0,-0.73304,-0.58496,-0.50477,-0.4000000000000001,0.0,0.0,0.0,0.0,0.0,0.17,0.0,0.0,0.52333,0.0,0.0,-0.15000003327299394,-8.150040569504524e-09,-0.7330400140046807,-0.5849600057979756,-0.5047700010735634,-0.40000000753967174,-3.392313479547073e-10,-8.953363891890708e-11,5.315454240803973e-12,-2.367665435183599e-10,-5.6715511888278227e-11,0.1700000054766653,-9.775393049280684e-11,-2.766053000626586e-11,0.523330010339354,3.3893591102132636e-10,1.0294200186017604e-10,-0.16663523991928506,-0.00407545960447666,-0.7400427744483162,-0.5878593649250985,-0.5053070796444038,-0.40377032393864876,-0.00016968491129360175,-4.479294806019766e-05,2.65981070955924e-06,-0.00011838819963539255,-2.837450765728953e-05,0.17273883860373201,-4.8863805218415304e-05,-1.3838711683610956e-05,0.5285001550805937,0.0001695717849514846,5.149977357007949e-05
186,True,1.8700000000000014,6.241263373968011,False,False,3.997996167935369e-08,False,26.904208003543317,-0.15,0.0,-0.73304,-0.58496,-0.50477,-0.4000000000000001,0.0,0.0,0.0,0.0,0.0,0.17,0.0,0.0,0.52333,0.0,0.0,-0.15000003327041683,-8.150901789454046e-09,-0.7330400140055198,-0.5849600057987173,-0.5047700010741564,-0.4000000075406329,-3.3936895462338863e-10,-8.958564544082588e-11,5.319590386965194e-12,-2.367758842995466e-10,-5.674885596705127e-11,0.17000000547766622,-9.77274322190168e-11,-2.7677344885900478e-11,0.5233300103402881,3.391426074163522e-10,1.029992623919414e-10,-0.16663395947018889,-0.004075882649454042,-0.7400431865643489,-0.5878597287957739,-0.5053073704183022,-0.4037707961948787,-0.00016975258428953034,-4.481848974859149e-05,2.6618437848993835e-06,-0.00011839294753166732,-2.839089576558347e-05,0.17273933064726074,-4.8850956748744284e-05,-1.3846993080320125e-05,0.5285006139583985,0.00016967310815606084,5.152782202935901e-05
187,True,1.8800000000000014,6.24126577782975,False,False,3.997896662579276e-08,False,26.85883396770805,-0.15,0.0,-0.73304,-0.58496,-0.50477,-0.4000000000000001,0.0,0.0,0.0,0.0,0.0,0.17,0.0,0.0,0.52333,0.0,0.0,-0.1500000332678559,-8.151747897360007e-09,-0.733040014006344,-0.5849600057994451,-0.5047700010747379,-0.40000000754157744,-3.3950430338683564e-10,-8.963672997076974e-11,5.323656458937722e-12,-2.3678538033848444e-10,-5.678163289289163e-11,0.17000000547865032,-9.770173455399224e-11,-2.7693907996849984e-11,0.523330010341206,3.3934525892412304e-10,1.0305536079450311e-10,-0.1666326870630407,-0.004076298271950184,-0.7400435913686729,-0.5878600858394663,-0.505307655597789,-0.40377126027321625,-0.00016981914826123517,-4.484357903841022e-05,2.663842712476891e-06,-0.0001183977706635933,-2.840700551992061e-05,0.1727398144119323,-4.8838500331704e-05,-1.3855150791184203e-05,0.5285010647477698,0.00016977244706860913,5.155530073790762e-05
188,True,1.8900000000000015,6.241268141241601,False,False,3.9977965219989466e-08,False,26.858250028453767,-0.15,0.0,-0.73304,-0.58496,-0.50477,-0.4000000000000001,0.0,0.0,0.0,0.0,0.0,0.17,0.0,0.0,0.52333,0.0,0.0,-0.15000003326531108,-8.152579160369822e-09,-0.7330400140071537,-0.5849600058001592,-0.5047700010753083,-0.4000000075425056,-3.3963743417079334e-10,-8.968690970011933e-11,5.3276548195199626e-12,-2.367950268646838e-10,-5.6813853104633336e-11,0.17000000547961786,-9.767682103141266e-11,-2.771022372505098e-11,0.5233300103421076,3.3954394184536676e-10,1.0311031965992397e-10,-0.16663142264732678,-0.004076706602876289,-0.7400439889908603,-0.587860436184627,-0.5053079352906003,-0.40377171631510556,-0.00016988462271746036,-4.486822434835434e-05,2.6658080658608145e-06,-0.00011840266664804258,-2.8422842031316258e-05,0.17274029003693353,-4.882642787945057e-05,-1.3863186975037845e-05,0.5285015075910542,0.0001698698390385842,5.158222078250576e-05
189,True,1.9000000000000015,6.24127046488373,False,False,3.997695766126377e-08,False,27.103375003207475,-0.15,0.0,-0.73304,-0.58496,-0.50477,-0.4000000000000001,0.0,0.0,0.0,0.0,0.0,0.17,0.0,0.0,0.52333,0.0,0.0,-0.15000003326278225,-8.153395838692012e-09,-0.7330400140079489,-0.5849600058008598,-0.5047700010758677,-0.40000000754341763,-3.3976838581680456e-10,-8.973620144078461e-11,5.331585914251246e-12,-2.3680481914831273e-10,-5.684552680732934e-11,0.1700000054805691,-9.765267543567933e-11,-2.7726296393759632e-11,0.5233300103429933,3.3973873071898274e-10,1.0316416117369092e-10,-0.16663016617285073,-0.0040771077708303145,-0.740044379558187,-0.5878607799572885,-0.5053082096023968,-0.4037721644595454,-0.00016994902681441088,-4.489243393770191e-05,2.667740408986031e-06,-0.00011840763315160597,-2.8438410314225343e-05,0.1727407576591119,-4.881473145658679e-05,-1.3871103750521488e-05,0.5285019426280947,0.0001699653207213681,5.16085930370442e-05
190,True,1.9100000000000015,6.241272749424877,False,False,3.997594424031177e-08,False,27.32854097848758,-0.15,0.0,-0.73304,-0.58496,-0.50477,-0.4000000000000001,0.0,0.0,0.0,0.0,0.0,0.17,0.0,0.0,0.52333,0.0,0.0,-0.15000003326026928,-8.154198190800377e-09,-0.7330400140087301,-0.5849600058015474,-0.5047700010764163,-0.4000000075443139,-3.398971967056262e-10,-8.978462171329617e-11,5.33545121358077e-12,-2.3681475232401397e-10,-5.687666406034293e-11,0.17000000548150435,-9.762928193066426e-11,-2.7742130241528804e-11,0.5233300103438634,3.3992969899966814e-10,1.0321690710793884e-10,-0.16662891758973147,-0.0040775019021378565,-0.7400447631956748,-0.5878611172811093,-0.5053084786368037,-0.4037726048431315,-0.00017001237936218445,-4.491621590934551e-05,2.669640296315078e-06,-0.00011841266788964866,-2.845371528838441e-05,0.17274121741301482,-4.88034032773676e-05,-1.3878903196846883e-05,0.5285023699962748,0.0001700589280911131,5.163442816659496e-05
191,True,1.9200000000000015,6.241274995522542,False,False,3.997492518994479e-08,False,26.86733298469335,-0.15,0.0,-0.73304,-0.58496,-0.50477,-0.4000000000000001,0.0,0.0,0.0,0.0,0.0,0.17,0.0,0.0,0.52333,0.0,0.0,-0.1500000332577721,-8.154986469964542e-09,-0.7330400140094974,-0.5849600058022221,-0.5047700010769545,-0.4000000075451947,-3.400239044319686e-10,-8.983218674002902e-11,5.339251191846983e-12,-2.3682482214984653e-10,-5.69072746689275e-11,0.17000000548242383,-9.760662493096123e-11,-2.7757729423902137e-11,0.5233300103447182,3.4011691848871185e-10,1.0326857872658282e-10,-0.16662767684840124,-0.004077889120892344,-0.7400451400261305,-0.5878614482774198,-0.5053087424954508,-0.40377303760009803,-0.00017007469883108516,-4.4939578212771145e-05,2.6715082729972353e-06,-0.00011841776862538301,-2.8468761780618464e-05,0.1727416694309283,-4.879243570295654e-05,-1.3886587354547998e-05,0.5285027898305613,0.00017015069645334778,5.1659736631404205e-05
192,True,1.9300000000000015,6.241277203823155,False,False,3.997390075445112e-08,False,26.656458037905395,-0.15,0.0,-0.73304,-0.58496,-0.50477,-0.4000000000000001,0.0,0.0,0.0,0.0,0.0,0.17,0.0,0.0,0.52333,0.0,0.0,-0.1500000332552906,-8.155760926852051e-09,-0.733040014010251,-0.5849600058028841,-0.5047700010774822,-0.4000000075460602,-3.401485459400208e-10,-8.987891240454498e-11,5.342987449942157e-12,-2.368350238282158e-10,-5.693736829942304e-11,0.1700000054833279,-9.75846891289908e-11,-2.7773098028660635e-11,0.5233300103455578,3.403004598760955e-10,1.0331919700215866e-10,-0.1666264438996038,-0.004078269548994505,-0.7400455101701856,-0.5878617730652648,-0.5053090012780092,-0.40377346286235855,-0.00017013600335782222,-4.496252864698041e-05,2.6733448750249618e-06,-0.00011842293316895934,-2.848355452661319e-05,0.17274211384291493,-4.878182123873204e-05,-1.3894158226217489e-05,0.5285032022635474,0.00017024066045735,5.1684528690809083e-05
193,True,1.9400000000000015,6.241279374962267,False,False,3.997287120280828e-08,False,26.91945800324902,-0.15,0.0,-0.73304,-0.58496,-0.50477,-0.4000000000000001,0.0,0.0,0.0,0.0,0.0,0.17,0.0,0.0,0.52333,0.0,0.0,-0.15000003325282468,-8.156521798252658e-09,-0.7330400140109913,-0.5849600058035337,-0.5047700010779997,-0.40000000754691073,-3.4027115760476567e-10,-8.992481431257908e-11,5.346661138984067e-12,-2.3684535326625854e-10,-5.6966954428434163e-11,0.1700000054842167,-9.756345958986806e-11,-2.778824004871761e-11,0.5233300103463827,3.4048039255075817e-10,1.0336878246674499e-10,-0.1666252186943922,-0.0040786433061911435,-0.7400458737463348,-0.5878620917614473,-0.5053092550822303,-0.40377388075954573,-0.0001701963107515948,-4.498507486335685e-05,2.675150629387709e-06,-0.00011842815937657236,-2.849809817265324e-05,0.17274255077685133,-4.877155253164238e-05,-1.390161777722904e-05,0.5285036074254936,0.0001703288541082908,5.1708814407079725e-05
194,True,1.9500000000000015,6.241281509564783,False,False,3.9971836747743013e-08,False,27.169124979991466,-0.15,0.0,-0.73304,-0.58496,-0.50477,-0.4000000000000001,0.0,0.0,0.0,0.0,0.0,0.17,0.0,0.0,0.52333,0.0,0.0,-0.15000003325037425,-8.157269327895011e-09,-0.7330400140117185,-0.5849600058041711,-0.5047700010785073,-0.4000000075477465,-3.403917748525092e-10,-8.9969907778487e-11,5.350272448284576e-12,-2.3685580593743073e-10,-5.6996042352994505e-11,0.17000000548509056,-9.754292156844346e-11,-2.7803159431246597e-11,0.5233300103471931,3.4065678435665075e-10,1.0341735517130574e-10,-0.16662400118412707,-0.004079010510113227,-0.7400462308709739,-0.5878624044805714,-0.5053095040039829,-0.40377429141905136,-0.00017025563850006574,-4.500722436847735e-05,2.6769260542231716e-06,-0.00011843344514958483,-2.8512397277327254e-05,0.1727429803584647,-4.8761622367609003e-05,-1.3908967936445848e-05,0.5285040054443696,0.00017041531077915432,5.173260364918789e-05
195,True,1.9600000000000015,6.241283608245065,False,False,3.997079765421406e-08,False,26.516332989558578,-0.15,0.0,-0.73304,-0.58496,-0.50477,-0.4000000000000001,0.0,0.0,0.0,0.0,0.0,0.17,0.0,0.0,0.52333,0.0,0.0,-0.15000003324793923,-8.158003751701504e-09,-0.7330400140124328,-0.5849600058047966,-0.5047700010790053,-0.40000000754856785,-3.405104327842967e-10,-9.001420778458752e-11,5.353824213709992e-12,-2.368663777217641e-10,-5.7024641170237917e-11,0.17000000548594973,-9.752306067193316e-11,-2.7817860023471243e-11,0.5233300103479891,3.4082970210773215e-10,1.0346493494318813e-10,-0.16662279132047456,-0.004079371276313289,-0.7400465816584364,-0.587862711335082,-0.5053097481372888,-0.4037746949660647,-0.00017031400377522587,-4.502898452687018e-05,2.6786716589659316e-06,-0.00011843878843366698,-2.8526456313200263e-05,0.17274340271136918,-4.875202366897685e-05,-1.3916210596915529e-05,0.5285043964458942,0.00017050006322243743,5.175590609650363e-05
196,True,1.9700000000000015,6.241285671607186,False,False,3.996975404556196e-08,False,26.474750018678606,-0.15,0.0,-0.73304,-0.58496,-0.50477,-0.4000000000000001,0.0,0.0,0.0,0.0,0.0,0.17,0.0,0.0,0.52333,0.0,0.0,-0.15000003324551947,-8.158725298655634e-09,-0.7330400140131343,-0.5849600058054103,-0.5047700010794935,-0.4000000075493749,-3.406271658235472e-10,-9.005772908280644e-11,5.357315448043415e-12,-2.3687706452639543e-10,-5.7052759855325506e-11,0.17000000548679442,-9.750386270406496e-11,-2.7832345606546623e-11,0.5233300103487711,3.4099921137112875e-10,1.0351154107441458e-10,-0.16662158905540445,-0.0040797257183021835,-0.7400469262210306,-0.5878630124353073,-0.5053099875743585,-0.4037750915236106,-0.0001703714234391509,-4.5050362563720424e-05,2.6803879444936628e-06,-0.00011844418721795213,-2.8540279668454117e-05,0.17274381795710123,-4.874274949201102e-05,-1.3923347616551655e-05,0.5285047805535746,0.00017058314358163308,5.177873124242127e-05
197,True,1.9800000000000015,6.241287700245021,False,False,3.996870620361325e-08,False,26.419000001624227,-0.15,0.0,-0.73304,-0.58496,-0.50477,-0.4000000000000001,0.0,0.0,0.0,0.0,0.0,0.17,0.0,0.0,0.52333,0.0,0.0,-0.15000003324311492,-8.159434196873538e-09,-0.7330400140138235,-0.5849600058060125,-0.5047700010799724,-0.40000000755016807,-3.4074200744500273e-10,-9.010048613369024e-11,5.360748587351601e-12,-2.368878623397767e-10,-5.708040714963729e-11,0.17000000548762492,-9.748531378027479e-11,-2.7846619907417706e-11,0.5233300103495393,3.411653764129243e-10,1.0355719259273321e-10,-0.16662039434118825,-0.004080073947585191,-0.7400472646690754,-0.5878633078894974,-0.5053102224056265,-0.403775481212587,-0.00017042791404965312,-4.507136556752341e-05,2.682075403270848e-06,-0.00011844963953420775,-2.855387164849651e-05,0.1727442262151545,-4.8733793024438776e-05,-1.3930380818802257e-05,0.5285051578887461,0.00017066458340250144,5.180108839791632e-05
198,True,1.9900000000000015,6.241289694742474,False,False,3.9967654364013316e-08,False,27.426208020187914,-0.15,0.0,-0.73304,-0.58496,-0.50477,-0.4000000000000001,0.0,0.0,0.0,0.0,0.0,0.17,0.0,0.0,0.52333,0.0,0.0,-0.15000003324072547,-8.160130670134547e-09,-0.7330400140145004,-0.5849600058066033,-0.504770001080442,-0.40000000755094745,-3.4085499101498516e-10,-9.0142493079301e-11,5.364123660857187e-12,-2.3689876720457e-10,-5.710759169629746e-11,0.17000000548844144,-9.746740028027286e-11,-2.7860686571714297e-11,0.523330010350294,3.413282601439499e-10,1.0360190809221128e-10,-0.16661920713039738,-0.0040804160736974794,-0.7400475971109358,-0.5878635978038638,-0.505310452719785,-0.40377586415180156,-0.00017048349186582926,-4.509200049268778e-05,2.6837345194900994e-06,-0.00011845514345602206,-2.856723647753922e-05,0.17274462760301432,-4.8725147583036556e-05,-1.3937311993305496e-05,0.5285055285706091,0.00017074441364413318,5.1822986695034325e-05
199,True,2.0000000000000013,6.24129165567363,False,False,3.9966598732843166e-08,False,26.904375001322478,-0.15,0.0,-0.73304,-0.58496,-0.50477,-0.4000000000000001,0.0,0.0,0.0,0.0,0.0,0.17,0.0,0.0,0.52333,0.0,0.0,-0.15000003323835104,-8.160814937881178e-09,-0.7330400140151653,-0.5849600058071832,-0.5047700010809026,-0.4000000075517133,-3.409661489782445e-10,-9.018376387196544e-11,5.367441925980583e-12,-2.369097753531727e-10,-5.7134321928366044e-11,0.1700000054892442,-9.745010886159618e-11,-2.78745491756095e-11,0.5233300103510354,3.4148792471609506e-10,1.0364570586876044e-10,-0.1666180273759011,-0.0040807522042389435,-0.7400479236530565,-0.587863882282618,-0.5053106786038182,-0.40377624045800803,-0.0001705381728535075,-4.511227416208891e-05,2.6853657692111085e-06,-0.00011846069709800527,-2.8580378300146065e-05,0.17274502223619123,-4.871680661126048e-05,-1.394414289653276e-05,0.5285058927162676,0.00017082266468980724,5.184443509031306e-05
200,True,2.0100000000000002,6.2412935836029435,False,False,3.996553950556572e-08,False,27.412875031586736,-0.15,0.0,-0.73304,-0.58496,-0.50477,-0.4000000000000001,0.0,0.0,0.0,0.0,0.0,0.17,0.0,0.0,0.52333,0.0,0.0,-0.1500000332359915,-8.161487212617058e-09,-0.7330400140158184,-0.5849600058077522,-0.5047700010813545,-0.4000000075524659,-3.4107551315611453e-10,-9.022431212519708e-11,5.370704768044174e-12,-2.36920882828247e-10,-5.716060613321339e-11,0.17000000549003347,-9.743342637151715e-11,-2.788821122751378e-11,0.5233300103517637,3.4164443084468143e-10,1.0368860381849282e-10,-0.16661685503086482,-0.004081082444908415,-0.740048244399997,-0.5878641614280092,-0.5053109001430339,-0.40377661024594147,-0.00017059197269059432,-4.5132193269573496e-05,2.6869696204972526e-06,-0.00011846629861500603,-2.8593301182751355e-05,0.1727454102282544,-4.870876367692011e-05,-1.3950875252419383e-05,0.5285062504407659,0.0001708993663576492,5.1865442368139514e-05
201,True,2.019999999999999,6.241295479085351,False,False,3.9964476844663385e-08,False,27.19737496227026,-0.15,0.0,-0.73304,-0.58496,-0.50477,-0.4000000000000001,0.0,0.0,0.0,0.0,0.0,0.17,0.0,0.0,0.52333,0.0,0.0,-0.1500000332336468,-8.162147707713174e-09,-0.7330400140164599,-0.5849600058083105,-0.5047700010817976,-0.40000000755320547,-3.4118311504466835e-10,-9.026415123566901e-11,5.373912848580692e-12,-2.3693208611968823e-10,-5.7186452445743934e-11,0.17000000549080946,-9.741733997579256e-11,-2.790167618501563e-11,0.5233300103524792,3.417978381608285e-10,1.0373061947837854e-10,-0.16661569004874813,-0.004081406899537274,-0.7400485594544642,-0.5878644353403611,-0.5053111174210976,-0.40377697362835346,-0.00017064490677232375,-4.515176438241623e-05,2.688546533549902e-06,-0.00011847194620134229,-2.8606009115149276e-05,0.17274579169086413,-4.8701012469894326e-05,-1.3957510752983324e-05,0.5285066018571248,0.00017097454791109218,5.1886017144042524e-05
202,True,2.029999999999998,6.241297342666488,False,False,3.996341101113164e-08,False,26.349249994382262,-0.15,0.0,-0.73304,-0.58496,-0.50477,-0.4000000000000001,0.0,0.0,0.0,0.0,0.0,0.17,0.0,0.0,0.52333,0.0,0.0,-0.15000003323131683,-8.162796631336344e-09,-0.7330400140170901,-0.5849600058088583,-0.5047700010822321,-0.4000000075539322,-3.412889853539325e-10,-9.030329432900379e-11,5.377066810064628e-12,-2.3694338151410404e-10,-5.721186884500803e-11,0.17000000549157238,-9.740183706379588e-11,-2.791494742777651e-11,0.523330010353182,3.419482051843486e-10,1.0377177014144227e-10,-0.166614532383303,-0.004081725670122481,-0.7400488689173462,-0.5878647041181081,-0.5053113305200623,-0.40377733071604605,-0.00017069699021641027,-4.517099394372981e-05,2.6900969608404975e-06,-0.00011847763809004605,-2.8618506011954674e-05,0.17274616673380389,-4.8693546799888946e-05,-1.3964051058931977e-05,0.5285069470763769,0.0001710482380691441,5.190616786792269e-05
203,True,2.039999999999997,6.241299174882801,False,False,3.996234215703696e-08,False,27.137374971061945,-0.15,0.0,-0.73304,-0.58496,-0.50477,-0.4000000000000001,0.0,0.0,0.0,0.0,0.0,0.17,0.0,0.0,0.52333,0.0,0.0,-0.1500000332290015,-8.163434186449214e-09,-0.733040014017709,-0.5849600058093959,-0.5047700010826583,-0.40000000755464643,-3.413931543602526e-10,-9.0341754300431e-11,5.380168144544518e-12,-2.3695476548783734e-10,-5.7236863177918904e-11,0.17000000549232247,-9.73869052281885e-11,-2.7928028269389306e-11,0.5233300103538725,3.4209558926953654e-10,1.0381207267380404e-10,-0.16661338198857198,-0.00408203885685901,-0.7400491728877435,-0.5878649678578309,-0.5053115395204009,-0.4037776816179056,-0.00017074823786810734,-4.518988827482886e-05,2.691621347240342e-06,-0.00011848337255212211,-2.8630795714036062e-05,0.17274653546501198,-4.868636059423488e-05,-1.3970497800257287e-05,0.5285072862076016,0.00017112046501646604,5.192590282722067e-05
204,True,2.049999999999996,6.241300976261698,False,False,3.996127045068555e-08,False,26.72575000906363,-0.15,0.0,-0.73304,-0.58496,-0.50477,-0.4000000000000001,0.0,0.0,0.0,0.0,0.0,0.17,0.0,0.0,0.52333,0.0,0.0,-0.1500000332267007,-8.164060574279708e-09,-0.733040014018317,-0.5849600058099234,-0.5047700010830763,-0.4000000075553482,-3.4149565182497836e-10,-9.037954382156354e-11,5.383217461037051e-12,-2.3696623470696645e-10,-5.726144309826627e-11,0.17000000549305994,-9.737253231912983e-11,-2.7940921984483395e-11,0.5233300103545507,3.4224004693043063e-10,1.0385154369086215e-10,-0.1666122388188863,-0.004082346558171698,-0.740049471463001,-0.5878652266542918,-0.5053117445010361,-0.403778026440936,-0.00017079866430517394,-4.520845357754869e-05,2.693120130148314e-06,-0.000118489147895821,-2.8642881989921023e-05,0.17274689799061244,-4.867944789572641e-05,-1.3976852576819525e-05,0.5285076193579599,0.00017119125641326324,5.1945230150024884e-05
205,True,2.0599999999999947,6.270611435737442,False,False,2.2594071199913888,False,41.82979202596471,-0.0,-0.8726646259971648,0.2920477481126179,-0.2094395102393196,1.9547687622336491,0.06192064703062158,0.23592485238631544,0.258712378248333,0.23310010068892367,-0.03195962263763483,0.7400764742922992,0.2524209430130576,-0.0029851571743126945,0.7580418731975532,0.2868371246955752,-0.3490658503988659,0.8002852161548195,-0.08330628602134874,-0.4383711732790858,-0.3700247357315005,-0.3986527468717652,-0.005311744501036109,-0.18374598553554763,0.11787679076582629,0.1293333261403085,0.10618773087683456,-0.014195237307924656,0.3700231756015176,0.24428690666776154,-5.2592964089176046e-05,0.3790131901181542,0.4076726138223735,-0.17444698033385211,0.4001677804603186,-0.1641097987035304,-0.037365395764917646,-0.7136263124642989,-0.5729627985896446,-0.4658313147419866,-0.3879443443942584,0.008889508624222863,0.010054253908254944,0.007630798699968591,-0.0012142171919371303,0.029153005012677282,0.17809715260289172,-0.00011565665501503003,0.029855434442480136,0.520000915914113,-0.013370924250196809,0.031715758973127485
206,True,2.0699999999999936,6.322489956759706,False,False,2.218570128249349,False,43.33770798984915,-0.0,-0.8726646259971648,0.2934349509580772,-0.2094395102393196,1.9547687622336491,0.042245164891016165,0.26683126137647867,0.25518918447836564,0.2400837074089973,-0.03424456625511086,0.7401913548534238,0.2593047910897873,-0.007090268629714746,0.7592855683335485,0.3091926720321303,-0.3490658503988659,0.7234952095773811,-0.08205506346123566,-0.4550126978160676,-0.35681315623214943,-0.3912015179370434,0.03416868525801342,-0.2651337263339209,0.1375531663622375,0.13262147405887,0.10504949324897157,-0.014365667115985501,0.3846714688961227,0.2422646679703645,0.0007371378169603002,0.3945697719593392,0.5150741530243699,-0.17677336324048798,0.3776047924971872,-0.15851581121707858,-0.09879674687476082,-0.6640738984064544,-0.546111163849145,-0.3926626844837719,-0.3648658358749715,0.02675596014646374,0.02832311585322416,0.021660355320528082,-0.0030370044771354235,0.08216672905698273,0.18783992005104438,-5.8735441486110364e-05,0.08417723398524778,0.512413848670728,-0.037673550939454806,0.08611376069470962
207,True,2.0799999999999925,6.381552288790729,False,False,2.128128196385953,False,43.62716700416058,-0.0,-0.8726646259971648,0.30504970787262997,-0.2094395102393196,1.9547687622336491,0.04701539733173758,0.27319692994863426,0.26504417931911056,0.2526299480634284,-0.05038414506251819,0.7860048790582772,0.27987963059032994,-0.004741638133189817,0.7882469889308793,0.3491913403179782,-0.34906585039886584,0.7027549535958082,-0.07925806412403348,-0.48572837327122176,-0.3320369492032272,-0.3777756737152126,0.1073373155162281,-0.24247836804695813,0.1498904723290176,0.14668341086557732,0.12279273903103657,-0.02394398722647414,0.4340851002208877,0.25624167529283837,0.0012893819953959831,0.43621140738971675,0.5115930399811107,-0.18993217719802902,0.3944337405052992,-0.15105742052199803,-0.16812836721262062,-0.6074310385183328,-0.5164095502710759,-0.3072769159926936,-0.3424871531165064,0.04794489409620105,0.04902018142229295,0.038288691767065945,-0.00565005767648515,0.1430275031000314,0.19942780625463633,0.00014913881278285303,0.1458669218519666,0.5097184797640761,-0.06466942271713116,0.14367527771992222
208,True,2.0899999999999914,6.439646485566498,False,False,2.022560973276312,False,44.70324999419972,-0.0,-0.8726646259971647,0.31278179467672507,-0.2094395102393195,1.9547687622336491,0.04643558226797182,0.25129111802469023,0.266522682860171,0.2539731145791595,-0.057552681039792164,0.7959327454816414,0.273059706631432,-0.01847054188362832,0.8004177061991917,0.35266539503065236,-0.34906585039886584,0.7127875757488752,-0.07552886131811741,-0.5203941836063103,-0.3037155192591664,-0.36292483722462376,0.19272308400730642,-0.22732476848296884,0.1497097125793425,0.15777121463916555,0.1299347012707503,-0.02899570742558444,0.46947947138689994,0.26063926177024566,-0.005537163280798965,0.47314165947610404,0.5049313965884481,-0.20390942633531717,0.4282308576232389,-0.1426295761690596,-0.23673946115113315,-0.5508707702847074,-0.48743810096072154,-0.21746813313446436,-0.32090400805596525,0.06853041796098773,0.06971296540463237,0.05545955312085967,-0.009061524246818706,0.20459738960105908,0.21141815851309204,-2.5908378813488532e-05,0.20780476684405128,0.5088344800980628,-0.09127214538056487,0.1990261473447836
209,True,2.0999999999999903,6.492051934106678,False,False,1.909691520246994,False,46.48533300496638,-0.0,-0.8726646259971647,0.31278179467672507,-0.2094395102393195,1.9547687622336491,0.04643558226797182,0.25129111802469023,0.266522682860171,0.2539731145791595,-0.057552681039792164,0.7959327454816414,0.273059706631432,-0.01847054188362832,0.8004177061991917,0.35266539503065236,-0.34906585039886584,0.7127875757488752,-0.0713149307138207,-0.5546997304975667,-0.2754353851423537,-0.34843908359805525,0.28253186686553566,-0.21155118068145914,0.1601245695822398,0.16811762732307783,0.13831987510161475,-0.030906704183681112,0.5002644762071771,0.265508133043075,-0.005764336900703743,0.5041106439098674,0.4999059855454529,-0.2175513394935592,0.45590634778642836,-0.13370716316372275,-0.3011679841928978,-0.49743905065449484,-0.4604835165591373,-0.12606046979247637,-0.3003083519427739,0.08728130042922183,0.08922301531621514,0.07189144428624679,-0.012770077128314726,0.2630066453990325,0.22280452810114662,-0.0005854160027733075,0.26643302895092436,0.5082344191353448,-0.11625238264127366,0.2504524151266341
210,True,2.109999999999989,6.536243195556009,False,False,1.7946957236251178,False,47.94295900501311,-0.0,-0.8726646259971647,0.30161647250671914,-0.2094395102393195,1.9547687622336491,0.04502844372945691,0.2492406419423497,0.28651644217258104,0.2565762796902557,-0.05975199343989336,0.8132760698068181,0.27196765676340756,-0.024784667629279115,0.8228031193337652,0.36056067784724133,-0.34906585039886584,0.6620226399078796,-0.06685371528875714,-0.5869139920964489,-0.24871952532724742,-0.3349617644427326,0.37393953020752335,-0.20023318634093934,0.16856509371663586,0.1878695314513658,0.1411515920632123,-0.03375755980065783,0.5381408073346015,0.2654250595008783,-0.009692328395836286,0.5446175177733671,0.4929094810195297,-0.2326588834521891,0.4562371159478552,-0.12458609196335674,-0.3602271766233801,-0.44825776916890964,-0.4358911863122472,-0.03407237780657791,-0.2809827317834099,0.10413531177582055,0.10791706002805056,0.08673274570772714,-0.016499954774226253,0.3174483758799022,0.2328603481680969,-0.0015754041079723978,0.32122693101406186,0.5071343371810931,-0.13936353215048095,0.29534458885763176
211,True,2.119999999999988,6.573124975761577,False,False,1.6857588244822208,False,47.90604196023196,-0.0,-0.8726646259971645,0.299912844807876,-0.20943951023931956,1.9547687622336491,0.03452869992561974,0.24246899863276555,0.2896023589194582,0.2579393291412535,-0.05604810650798811,0.8234117661472934,0.26837756609440117,-0.012403413083537054,0.8244879402163348,0.36269763708238056,-0.34906585039886584,0.6971353946184321,-0.06229317056752119,-0.6164435883116901,-0.22412888458445482,-0.32266557472700663,0.4659276221934221,-0.18600841796383563,0.17364511442307254,0.19875952778881883,0.1501837884232492,-0.0341461491082157,0.5704295650512194,0.27037153663426033,-0.004110100111350643,0.5728569323551955,0.487563368615289,-0.2436754765071536,0.4962395899480295,-0.11542836249823561,-0.41372697982609613,-0.40357433897555534,-0.41363834079190565,0.05813138491290255,-0.2628655859333335,0.1189690803313008,0.12570929683680132,0.10001617021394305,-0.019972864001098333,0.3678994437570955,0.24158522970410345,-0.002375279458938537,0.37182119547601444,0.5052744413734074,-0.16049995144634238,0.33548238314420786
212,True,2.129999999999987,6.604500365230039,False,False,1.5763262152844169,False,47.62312496313825,-0.0,-0.8726646259971645,0.2952398769807672,-0.20943951023931945,1.9547687622336491,0.02755148077325851,0.23255531055799458,0.2910409590051107,0.25305525600629375,-0.07436330110980571,0.8394717954735363,0.2646896522706892,-0.014232855938537927,0.8275359710408435,0.36047110137094623,-0.34906585039886584,0.6700470174879954,-0.05771429667724946,-0.643193489869887,-0.20178716948777767,-0.31153912971403475,0.5581313849129026,-0.17425894669302788,0.17614727131206478,0.20837496258962446,0.15695693390261078,-0.04491874365895277,0.6036851480439073,0.27485025858764245,-0.005919315542917549,0.5996781275445648,0.483130048322369,-0.2531504394228876,0.5027643657521365,-0.10645724839337968,-0.46189814352803327,-0.36323951888046624,-0.39356758199803976,0.15042222493162827,-0.24587033952931336,0.13163112743598046,0.14222553835370635,0.11198891136693959,-0.023802792592838438,0.41468827844089257,0.2492729943711782,-0.002951360330963036,0.41798163004391387,0.5027554970235241,-0.17955038056837425,0.3710419598610648
213,True,2.139999999999986,6.631287153069895,False,False,1.4717289173959671,False,47.89366596378386,-0.0,-0.8726646259971645,0.2952398769807672,-0.20943951023931945,1.9547687622336491,0.02755148077325851,0.23255531055799458,0.2910409590051107,0.25305525600629375,-0.07436330110980571,0.8394717954735363,0.2646896522706892,-0.014232855938537927,0.8275359710408435,0.36047110137094623,-0.34906585039886584,0.6700470174879954,-0.05322873065372531,-0.667279071310764,-0.1816197594402332,-0.3015037302463831,0.6504222249316283,-0.1626825404045309,0.18251852317902195,0.21663309986428553,0.16335693576410973,-0.04705907042779253,0.6270796121745469,0.27767794980466587,-0.006329048083712284,0.6227583909888568,0.47753174586716823,-0.26287765703992894,0.5205441896700703,-0.09779165597298534,-0.5051374168047496,-0.3269580552912552,-0.3754880414857332,0.24275491653697065,-0.22994256857649806,0.1425100640393725,0.15730428304884703,0.12279288367385205,-0.027932250070166514,0.45763125007729977,0.25603172447101513,-0.0034788459154397313,0.45978827145073214,0.49964450749033107,-0.1966669298236849,0.4022275385612758
214,True,2.149999999999985,6.6631602324114665,False,False,0.9715851370064114,False,39.380041998811066,-0.0,-0.8726646259971645,0.2901984595064668,-0.20943951023931948,1.9547687622336491,0.033843303249589125,0.23874672068716496,0.30581274525161706,0.2664313547736003,-0.07089559345132242,0.8610792221980961,0.27142430236634185,-0.001030304695720104,0.849242675665155,0.3616787446379181,-0.34906585039886584,0.71628194491142,-1.9558292078947215e-07,-0.5706023308948058,-0.278618685842379,-0.23669483488308724,1.2427549165369705,-0.06729801446540745,0.2396494594082874,0.30581244823528664,0.22468508353724775,-0.06709501450757661,0.8610784153037656,0.312099973964998,0.003455625543401142,0.8492418967579043,0.4500376011548065,-0.3464132487311215,0.7162813168038636,-0.08708367941972124,-0.53508322568114,-0.30320611783558393,-0.35506736761626245,0.3372346559685725,-0.2088093306466777,0.1561426415978038,0.177383249335347,0.1365823675278289,-0.03323499414130077,0.5133854811343921,0.26426490047664813,-0.0032206954602762385,0.5137031610828424,0.49440762379243225,-0.2178216993980621,0.4441891232509323
215,True,2.1599999999999837,6.69768655056807,False,False,0.8794325641636696,False,39.80287502054125,-0.0,-0.8726646259971647,0.285475954874254,-0.2094395102393195,1.9547687622336491,0.03737083109983659,0.24259005998786443,0.31891073168513123,0.2683492718178996,-0.060078706960154216,0.8671578620915529,0.2717812494968498,-0.002497750263728822,0.867631366667184,0.3591520942504954,-0.34906585039886584,0.7137848286844704,-1.7416701052208605e-07,-0.5884014949943254,-0.2550245367058437,-0.2335702110204274,1.3372346559685724,-0.05724329999964625,0.2435493826377969,0.31891044863073265,0.22748679337681768,-0.056760032798157695,0.867157154548206,0.31052143163808205,0.0017657988642851212,0.8676306588121886,0.43894508602796223,-0.346774170463771,0.7137842894941377,-0.07450442633986983,-0.5535504771630407,-0.28936309582307673,-0.3332261766113995,0.43486502555585754,-0.18341256011190718,0.17182351836953097,0.20161342406944133,0.1526816017176082,-0.038394717275973725,0.5772789159585525,0.27341594438903966,-0.0024392971575141744,0.5763923618518135,0.48695861237129756,-0.24142079486968024,0.4929252221275528
216,True,2.1699999999999826,6.7286556847987695,False,False,0.7975864878492692,False,39.42404198460281,-0.0,-0.8726646259971647,0.285475954874254,-0.2094395102393195,1.9547687622336491,0.03737083109983659,0.24259005998786443,0.31891073168513123,0.2683492718178996,-0.060078706960154216,0.8671578620915529,0.2717812494968498,-0.002497750263728822,0.867631366667184,0.3591520942504954,-0.34906585039886584,0.7137848286844704,-1.4900855462018914e-07,-0.5988992608792713,-0.24046136355531786,-0.23070845390235906,1.4348650255558575,-0.044877874753726205,0.24353560513415978,0.31891049709098523,0.23017355674839696,-0.05743322606628287,0.8671572823348201,0.30803105466566344,0.0013071220580719517,0.8676307841903395,0.42451675643854386,-0.3472735847563789,0.7137843869661408,-0.06171844089069145,-0.5663959533975003,-0.2792369716031214,-0.31285793553843205,0.5338093663159621,-0.15762790596868506,0.1866390423154775,0.22517936246908332,0.16836937299109855,-0.042625525283159056,0.6371557335462945,0.2817282464472605,-0.001657154700091129,0.6359562734116648,0.4778555541282684,-0.2633859180980701,0.5385182166967071
217,True,2.1799999999999815,6.7520571704863706,False,False,0.7775646818714351,False,46.977958001662046,-0.0,-0.8726646259971647,0.285475954874254,-0.2094395102393195,1.9547687622336491,0.03737083109983659,0.24259005998786443,0.31891073168513123,0.2683492718178996,-0.060078706960154216,0.8671578620915529,0.2717812494968498,-0.002497750263728822,0.867631366667184,0.3591520942504954,-0.34906585039886584,0.7137848286844704,-1.2343663492037082e-07,-0.6066820908975024,-0.23006214952426857,-0.2282024156010073,1.45,-0.037727032947171585,0.2435467879967202,0.3189105442227677,0.22190340309309006,-0.05765414616621059,0.8671574020882157,0.2945049262660928,-0.0022199377116704946,0.8676309033179241,0.4270998233325738,-0.34905166697885703,0.7137844781519473,-0.04965042547305897,-0.5763428205801823,-0.27044679241724295,-0.29508656940596545,0.6333066983614979,-0.13350946588639198,0.1993495447452556,0.2457045465957788,0.18166991427388857,-0.04608022067310387,0.6883645054697204,0.2876764378830676,-0.001238472021971223,0.6872538081507078,0.4686841167629048,-0.28232648762784524,0.5774609575104735
218,True,2.1899999999999804,6.767892192616602,False,False,0.763278066123114,False,46.48120800266042,-0.0,-0.8726646259971647,0.2785781995121985,-0.2094395102393195,1.9547687622336491,0.04084754293101563,0.2619795150561141,0.32425900354658466,0.26607799093900536,-0.023442647992220414,0.8581925245829783,0.2677386221411251,0.03743693569071884,0.845649733565363,0.34918453652396114,-0.34906585039886584,0.7306902412932348,-9.930065236057883e-08,-0.6157345315115452,-0.22282127238764715,-0.22595041821542955,1.4499999999994602,-0.024335325103557404,0.2628784382422441,0.32425884643798497,0.22302733488908744,-0.021555321062272002,0.8581921849276194,0.2871529515465051,0.03774162366429429,0.8456494167741457,0.40944434546904546,-0.3490629631105172,0.7306899348352801,-0.03840765759832731,-0.5849025663887937,-0.2622651430556717,-0.2801347214782874,0.7330410196209636,-0.11152067529572933,0.21119536410340964,0.2629976278792307,0.19223591022024603,-0.04616603916594115,0.7293237639407153,0.29088501288061214,0.001870046369820945,0.7274232206045066,0.4592823350699244,-0.2979181964245967,0.6104702516984243
219,True,2.1999999999999793,6.776393826120367,False,False,0.7501426363739762,False,46.2620829930529,-0.0,-0.8726646259971647,0.2704217580045264,-0.2094395102393195,1.9547687622336491,0.04872162458897705,0.24560110430409768,0.31931170795498554,0.24981868944041874,-0.03899442619282853,0.8428677192372314,0.25414774342726176,0.007904410011939138,0.82836901736507,0.3306044503638561,-0.3490658503988658,0.6449454195006618,-7.681516156488044e-08,-0.6244022420273698,-0.2166076605652673,-0.22409424033083614,1.4499999999995175,-0.017306829500336962,0.24657490621203104,0.3193115953270506,0.2132427632824751,-0.037528871906469016,0.842867492149775,0.2735143743229313,0.008332657882457194,0.8283688154738802,0.3835189433046192,-0.3490641681147092,0.6449453505504641,-0.028712887423776576,-0.5929040071759705,-0.25446965170023306,-0.26781527834947444,0.8328824260659459,-0.09185829230458631,0.22075417083932677,0.2767738214128989,0.19976273411296105,-0.04477585080613117,0.7597889308579748,0.29132088531152184,0.004945270541999508,0.7561898507078159,0.44821746288415054,-0.3103066455803237,0.6310973354687327
220,True,2.209999999999978,6.779287989484282,False,False,0.745717647265768,False,46.01162497419864,-0.0,-0.8726646259971647,0.275718472365934,-0.20943951023931945,1.9547687622336491,0.05162596990663133,0.256840712807853,0.3256047009378798,0.25056831333334256,-0.025758032037948114,0.8556233974076195,0.24972115135953765,0.041544900213449754,0.8289481449299801,0.3237118069796314,-0.34906585039886584,0.6950159047639566,-5.742566000152549e-08,-0.6271255369438287,-0.2080247822850274,-0.22288816122844066,1.449999999999572,-0.0037845011045297694,0.25770090162641585,0.3256046032763161,0.2150239136085543,-0.024663064264482972,0.8556232057390697,0.267992975432965,0.04199966829806797,0.8289479994136827,0.37014163715596593,-0.34905165808988153,0.6950157769270736,-0.020460092494117246,-0.6003036826429853,-0.24684612934559533,-0.25784237513062247,0.932772895619692,-0.07412315802082405,0.22849758267150871,0.28781295438168514,0.20488428939928,-0.0425614095267999,0.7828561377413563,0.2896052747179908,0.009078385737266968,0.7763334012524831,0.4356994719349995,-0.319994592810442,0.6449271280591597
221,True,2.219999999999977,6.781372870405281,False,False,0.7292387389563437,False,54.74187497748062,-0.0,-0.8726646259971647,0.2602638515097178,-0.20943951023931948,1.9547687622336491,0.0626131954885789,0.28211677793554635,0.3542412769012543,0.2667429974064493,0.00030893480243156246,0.8728947092398522,0.26609084527879034,0.04243996948151185,0.8461095047448806,0.31968750020917985,-0.34906585039886584,0.6440488922334264,-4.0920103149683085e-08,-0.6377410722002586,-0.20393428035757152,-0.2215365394008476,1.45,0.016191761182805436,0.2828668131683413,0.35424114404487494,0.2295658089191733,0.0011370665576426603,0.8728945291630694,0.2766765034761127,0.042496461196036964,0.8461093651929527,0.3700056136417873,-0.3490206462661736,0.6440488939898946,-0.013352965550599467,-0.6075214871851375,-0.23953216489590315,-0.24981970213090265,1.0313198120528146,-0.05720870722672543,0.236928540641995,0.29892794020017344,0.20950141712592676,-0.03781661806211666,0.802067466971617,0.28754861263898346,0.014485882592471739,0.7920077471740593,0.423442054612502,-0.32742649855280165,0.6523610525151802
222,True,2.229999999999976,6.780594241924741,False,False,0.7412625760373845,False,51.602625055238605,-0.0,-0.8726646259971647,0.286374492124283,-0.2094395102393195,1.9547687622336491,0.05876747044088803,0.24364271588887554,0.34028459519670784,0.24732411133606827,-0.01497056806931765,0.8388863134616926,0.24517810052322245,0.04929744408859459,0.7862631588458664,0.2878540824628826,-0.3490658503988657,0.669583835023944,-2.6705877689825464e-08,-0.6313470773299313,-0.19160758234613762,-0.2212518702825911,1.45,0.006194105235384717,0.24247704781704857,0.3402845124835633,0.20999962626286578,-0.01700080625426825,0.8388862398241469,0.26127538989680316,0.04563448157084268,0.78626317033502,0.3461897172640957,-0.3489898525202477,0.6695838005784479,-0.007827368207155868,-0.6137545614701118,-0.2320662193875916,-0.24345177749194943,1.1202773329640903,-0.042506221019937354,0.2425412467304026,0.3088128578007974,0.21250456830715742,-0.032957438048287456,0.8154759882332215,0.2847568621403504,0.020069336881625165,0.8000689331897713,0.41087246683285844,-0.33312638918487225,0.6563622264372679
223,True,2.239999999999975,6.776789686380952,False,False,0.7339880424941463,False,51.626999978907406,-0.0,-0.8726646259971647,0.286374492124283,-0.2094395102393195,1.9547687622336491,0.05876747044088803,0.24364271588887554,0.34028459519670784,0.24732411133606827,-0.01497056806931765,0.8388863134616926,0.24517810052322245,0.04929744408859459,0.7862631588458664,0.2878540824628826,-0.3490658503988657,0.669583835023944,-1.5654705106879496e-08,-0.6349208188286586,-0.1846477706887659,-0.22069472413152408,1.4499999999998001,0.01860034645299319,0.24294651508644663,0.3402845322533589,0.212986977612672,-0.01669351062622621,0.8388862666411359,0.25951101600291554,0.046242943394904965,0.7862631864573598,0.3371036190448282,-0.34900010507442175,0.6695838085807797,-0.003799577213507819,-0.6189033570133655,-0.22439910310806496,-0.23844223022071143,1.1949052830096254,-0.029850724837574977,0.24486336343404352,0.3165043017429773,0.2139571253678603,-0.029257395536666737,0.8236626138144373,0.28124530562957556,0.025252947048877136,0.8018375334530449,0.39799993330117334,-0.3374656815475738,0.6594614060075906
224,True,2.249999999999974,6.768371038857029,False,False,0.7298954626057682,False,51.23995803296566,-0.0,-0.8726646259971647,0.28911247969287907,-0.2094395102393195,1.9547687622336491,0.04754083939208394,0.23124198708535446,0.33361560156378106,0.23771246150303044,-0.010775540166000758,0.8260238741397435,0.2241304755472823,0.05278993687618768,0.7722026920297899,0.2664649716116583,-0.34906585039886573,0.6369921759582836,-7.599139228466056e-09,-0.6368300611542914,-0.17713052540010918,-0.22043502700613282,1.449999999999832,0.01804501183341429,0.23084995921852647,0.33361556734124986,0.1978349470815677,-0.012419725675242459,0.8260238694172324,0.24124466822451526,0.04999380097765166,0.7722027512993541,0.31196997113748515,-0.34900369542334786,0.6369922208966539,-0.0009946554882966155,-0.6233060684697589,-0.2167009932559945,-0.23452970599432552,1.2549798660474183,-0.019067660629617122,0.24474194046853792,0.321880656787444,0.21364245781358543,-0.02611572308629618,0.8277644925246888,0.27640306410891885,0.029989591563436606,0.7997521127095316,0.3842182140080847,-0.3404959692837445,0.6593486081156692
225,True,2.2599999999999727,6.754865019325875,False,False,0.7318625193201007,False,51.67687498033047,-0.0,-0.8726646259971647,0.29925387923439356,-0.20943951023931948,1.9547687622336491,0.043176886659725036,0.26462449225144175,0.3030747324361524,0.23930170660131428,0.023706864092887175,0.7755414183614978,0.22287725224178292,0.07623991807890854,0.7386096262451998,0.2426379695651375,-0.3490658503988658,0.6430825410454121,-1.989306998208956e-09,-0.6353294211740493,-0.16815217578512048,-0.22049738303269234,1.4499999999998652,0.02227613214223175,0.2644143473899777,0.3030747700479259,0.19169027723128973,0.022058780810439743,0.7755415228074373,0.23272246411255829,0.07290038394138568,0.7386097485299281,0.2982977465502064,-0.34898809455730667,0.6430825735774811,0.0011292189286442958,-0.626864722884094,-0.20893365011846737,-0.23152940793573487,1.3021221844629705,-0.010006515988911856,0.245714114934357,0.32307810169928647,0.21160714733688285,-0.02071082364010972,0.8253225677535128,0.2702072823487716,0.03593643033470867,0.7931567525162682,0.3696258733960521,-0.34161523660098436,0.6572115040380415
226,True,2.2699999999999716,6.722418906954591,False,False,0.7338801528527377,False,65.71254099253565,-0.0,-0.8726646259971647,0.3111053473881497,-0.20943951023931948,1.9547687622336491,0.04400897983315799,0.2354958128631895,0.2947684943600831,0.23386842931354046,0.0297592924949536,0.7471531126144927,0.21584846411012065,0.06595511503556813,0.7071286092351698,0.23243889792373384,-0.3490658503988658,0.649200999151056,2.2584333405142876e-09,-0.6326653249480937,-0.15883173095594577,-0.22077204445199852,1.45,0.02808120036800623,0.23535892157779043,0.2947685509791846,0.1874111271327828,0.028264234568013642,0.7471532688932476,0.22542678991971488,0.06287217397827667,0.7071287813105873,0.28444027861801396,-0.3489915612436503,0.6492010151720338,0.0024988276647596903,-0.6294108775994665,-0.20096977600581348,-0.22928357784060663,1.338507652953817,-0.0021079974081838824,0.24611259672301564,0.32066982859992693,0.20848994221230804,-0.013199403349722106,0.8163726106908203,0.26323689927205507,0.04182184351351692,0.7817470905709498,0.3547605346692074,-0.3417200811147081,0.6552293343076685
227,True,2.2799999999999705,6.657729403170249,False,False,0.7236659749863623,False,69.40712500363588,-0.0,-0.8726646259971647,0.3032346891497563,-0.20943951023931945,1.9547687622336491,0.044321195059322464,0.22961925363444308,0.28156249201930633,0.23456570815182556,0.016771910634241778,0.7317528442485354,0.21636375608437536,0.050849858334579355,0.6927556746650225,0.22902002502331004,-0.3490658503988658,0.5962299896663137,4.997645334028911e-09,-0.6374778701484353,-0.1535598317569048,-0.22085404319081456,1.45,0.031015269875865635,0.22955000798380462,0.28156257023382303,0.19103985410225155,0.01657013995259319,0.7317530154375338,0.226575717782479,0.04836416884720045,0.6927558510782533,0.2801526765605136,-0.34906999984843845,0.596230107664767,0.0030308473628936467,-0.6315111859626181,-0.19306865451092245,-0.22761475477505316,1.3662786272629455,0.004845486816515671,0.24469893885338717,0.31573268140152927,0.20533716596150736,-0.006324989301160217,0.8035570241596419,0.2564947210772371,0.04551336372236913,0.7673995423365767,0.34059342043868684,-0.3414260840259445,0.6496132164618723
228,True,2.2899999999999694,6.596516396681704,False,False,0.7281333179465184,False,69.68608300667256,-0.0,-0.8726646259971647,0.3162163850045854,-0.20943951023931948,1.9547687622336491,0.05340837949838156,0.21382093224450482,0.2800713170386652,0.23734103462068476,0.018622107707347138,0.722638149024507,0.20579040783128186,0.052353725532462404,0.69512657865753,0.21400540213242916,-0.3482144070854676,0.6374134285674775,6.061682604214386e-09,-0.6335248309593812,-0.14396904759972695,-0.22145793801796776,1.45,0.03185631066472987,0.2138596840586285,0.2800713883612513,0.19075562821426573,0.017950223294661883,0.722638310693513,0.2235160948588178,0.049589378504146825,0.6951267233291931,0.27168286322207724,-0.34839610571769614,0.6374134529670045,0.003030624570779695,-0.6330679291367376,-0.18518329914894494,-0.226434505396502,1.3873111896292702,0.010787220115909794,0.24127643231585522,0.30973365375841677,0.202625457894085,-0.0008261050343478883,0.7893806355687207,0.2504111292998447,0.04739891837397187,0.7531781386506654,0.3275189510319933,-0.3410178146970728,0.6443868663792468
229,True,2.2999999999999683,6.538331807909588,False,False,0.7191630605444699,False,70.6235829857178,-0.0,-0.8726646259971647,0.31152539528547357,-0.20943951023931948,1.9547687622336491,0.0486868928328553,0.2295955111546233,0.2397270668218128,0.23596723538993364,0.050505639624211854,0.6604697506977921,0.20939136954550847,0.06903654367091822,0.6538587179041498,0.22047170094580934,-0.34880762770597973,0.6083800893391709,6.061237017938176e-09,-0.6364759620194615,-0.13817348565524257,-0.22181336628468637,1.45,0.03957809926209834,0.2296113463171232,0.2397272068347067,0.19306756984456622,0.05022189254962436,0.6604700084371805,0.22292223147914061,0.06685956839701651,0.6538589165972226,0.2665742589420881,-0.3489559959890026,0.608380161352581,0.0029147087149341945,-0.634293981115288,-0.1774170694028084,-0.22563979439015594,1.4031540100573787,0.016229658708828355,0.23806138164579946,0.30075740879569846,0.20056305419547008,0.006036202600843315,0.7710491337977512,0.245130268721967,0.04971541433127324,0.7375033897339858,0.315680664082887,-0.34063357424609514,0.6392480904242217
230,True,2.309999999999967,6.482878969202526,False,False,0.704737267447334,False,70.29000000329688,-0.0,-0.8726646259971647,0.29603676679522145,-0.20943951023931948,1.9547687622336491,0.0495123963902289,0.2407938086176269,0.24324970073517257,0.23681746519214136,0.059068254427795654,0.6636336152467311,0.2095361087072959,0.07127364005032412,0.657710124753738,0.22033953141965082,-0.3488776060557518,0.6103063261091887,5.829405771030222e-09,-0.6437087496859312,-0.13490187925897873,-0.22198703352775256,1.45,0.0440392621863208,0.2407908504414577,0.24324981575035864,0.19583166680599462,0.058788980313992045,0.6636338299829964,0.22280711326522984,0.06936053469205522,0.6577102843971128,0.2614138047459312,-0.34901239290635455,0.6103063839926015,0.002841410744200477,-0.6359051696649185,-0.17011776807672094,-0.2251087214409981,1.4150419381787582,0.0214703796665898,0.23666368547876449,0.2903331710089577,0.19930010623773914,0.014553804099184001,0.7510346343102166,0.2407514399191175,0.052788775835639956,0.7217876989004379,0.3051204366076019,-0.3403193423635775,0.6337788396595431
231,True,2.319999999999966,6.429877436898881,False,False,0.6987320363355298,False,80.1925840205513,-0.0,-0.8726646259971647,0.29301101063587043,-0.2094395102393195,1.9547687622336491,0.04565068999734308,0.24927034660389222,0.2502077631346145,0.23267922988427509,0.06824366579239842,0.6718911227894359,0.2031152829974191,0.08284231712165536,0.6670826991759354,0.2116285705058948,-0.3489751105056936,0.6331778431272516,5.682810122649429e-09,-0.6459100115517842,-0.1292162175854885,-0.2223994825695602,1.4499999999999997,0.04467866423769751,0.24926965885083324,0.25020784338526975,0.19083191473326383,0.0681944828497155,0.6718912802743433,0.2158693277228794,0.08169502772438748,0.6670828089249545,0.2523262167107824,-0.34907,0.632142184504805,0.002873367551134903,-0.6379364337781092,-0.16329353680078262,-0.22478708821470253,1.423937861028677,0.026258481936108757,0.2371989500391113,0.28123026111808114,0.19826820673566128,0.02381425836523982,0.733470547405154,0.2367409130638069,0.05684169335490736,0.7087839999136996,0.295417287189789,-0.3400772290882876,0.6306010513144964
232,True,2.329999999999965,6.379067033212422,False,False,0.692800749209864,False,79.48883302742615,-0.0,-0.8726646259971647,0.29048409961452926,-0.2094395102393195,1.9547687622336491,0.04501436268281633,0.2597480255068357,0.25471923013235553,0.23361396622462421,0.076124357600993,0.674310774703099,0.20379865163395214,0.08876675724465413,0.6709757561003994,0.21243240828689508,-0.3489923510853963,0.6367273821986659,5.746723609565546e-09,-0.6480190558396215,-0.12370386961594516,-0.22278307183932905,1.45,0.045014322821896414,0.25974798034001395,0.25471928315431147,0.19456620029183747,0.07612425341560045,0.6743108931347455,0.2167960460107417,0.08778000741110298,0.6709758316434162,0.24835689496318647,-0.34907,0.6358277358760644,0.0029615020975134643,-0.6401558927507668,-0.15681094083599,-0.22463605856165209,1.4305818338232874,0.030370726469445407,0.23959334837957466,0.27435303936179145,0.19753795801799598,0.033283640327035534,0.7194729429106526,0.2331401382595765,0.06176856668681725,0.6990728795233342,0.2865266985898148,-0.3398996423013214,0.6297682649486515
233,True,2.339999999999964,6.330325917266288,False,False,0.690354748204156,False,80.08583297487348,-0.0,-0.8726646259971647,0.2939120018782054,-0.20943951023931956,1.9547687622336491,0.03988102764898349,0.25816828977012013,0.2658379521654525,0.22738893845738328,0.09963615970431507,0.6811641821914232,0.20101575507810146,0.10375272383342103,0.685532820131748,0.21382581760957542,-0.34680457657483643,0.6651801556514173,5.922992348320055e-09,-0.6476518398852041,-0.1170348609449822,-0.22330284602292588,1.4499999999999997,0.039881010525643135,0.2581682526626036,0.2658379691955928,0.19406715012799958,0.09963602700955515,0.6811642588029045,0.21406444327469656,0.10299349228034416,0.685532847213954,0.24238430610509248,-0.34759954112062863,0.6644734191218327,0.003124966658276938,-0.6422523856266896,-0.15049875549882005,-0.22457850237457086,1.4355368822872157,0.03336761643878071,0.24277088454091403,0.27024606946722485,0.19712281117351582,0.04385117100025972,0.709183718764095,0.2299482919782341,0.06788759634373943,0.6931261125860305,0.2783827876985955,-0.3397710766473501,0.6323624518393565
234,True,2.349999999999963,6.283493210822156,False,False,0.6938875705765958,False,80.21658298093826,-0.0,-0.8726646259971647,0.3066477705095115,-0.2094395102393195,1.9547687622336491,0.041350963702097315,0.23893828088811908,0.30254086360552834,0.2238301929578458,0.11665401962764468,0.6891149427143289,0.1945498004567105,0.10427756788594132,0.7019171733794843,0.2145768917438802,-0.3465582315145723,0.6918081656664181,6.249920817425619e-09,-0.6432382180327684,-0.10828315699137461,-0.22409693200657133,1.4499999999999997,0.041350947366043764,0.23893828854427732,0.30254079901606923,0.19312836415871779,0.11665387395966481,0.6891149828418802,0.2110417153465667,0.10373440643178888,0.7019171558031188,0.23588148539289558,-0.34721047121089826,0.6912844359307189,0.00324098404252531,-0.6437048545362819,-0.1440560794718717,-0.2246096733659581,1.4392288234334127,0.03546572438626992,0.2444306086228131,0.2710049167851459,0.1968058009563191,0.055855489578834766,0.7024880660358828,0.2269622697138286,0.07443933820033959,0.6911814061757513,0.2707562518673044,-0.33968149270915904,0.6392551455929787
235,True,2.3599999999999617,6.238445031987579,False,False,0.690026501679257,False,80.72399999946356,-0.0,-0.8726646259971645,0.3068364574413651,-0.20943951023931956,1.9547687622336491,0.03493089352014596,0.24019455297296394,0.3034563673243575,0.2183885139840186,0.13134792909603654,0.6858870146089862,0.18996521241597805,0.10002629634188476,0.7187236805694324,0.21297537636103822,-0.3490658503988659,0.6808653543312023,6.481955121956373e-09,-0.6437995075386292,-0.10240426864530117,-0.22464960193080508,1.45,0.03493089331492798,0.24019456145989257,0.3034563024215862,0.19156348152541522,0.1313477805521368,0.6858870479547929,0.2075679320989039,0.09966243174191931,0.7187236256892217,0.22803528867793033,-0.34907,0.6804952350954159,0.0032149552372977225,-0.644593865970685,-0.13750659242990973,-0.22473122410131524,1.4416176865865578,0.03654206044704686,0.24467898737549898,0.27509063163192404,0.19641796341591494,0.06887648974263243,0.6980888487739304,0.22402632575788836,0.08015119718877632,0.6930144201432943,0.2633710385462371,-0.33963656355392663,0.6472647561226479
236,True,2.3699999999999606,6.200769493539622,False,False,0.6821018701881165,False,80.37591603351757,-0.0,-0.8726646259971645,0.299500364618294,-0.20943951023931948,1.9547687622336491,0.03435303590709798,0.27260614117807536,0.28786739485701324,0.22089387845761924,0.22362062967774063,0.6474545278426668,0.19000193423814732,0.14186722692668818,0.7076872124866063,0.22620827588752124,-0.3151438030315902,0.6696853576868633,6.429897613912522e-09,-0.6473069836101057,-0.09833278520530883,-0.22505754096349848,1.45,0.034353041513424894,0.2726060853407126,0.2878673693035379,0.19664674047430833,0.2211109839474652,0.6474546290873622,0.21347820463823333,0.14325056206371845,0.7074695756262651,0.230992587504833,-0.3153205414594586,0.6695675752655891,0.0035583364451770515,-0.645431539923721,-0.1311478578204566,-0.2249189106788646,1.4423840749078118,0.03684583674068103,0.2468358346442125,0.2788265562417679,0.19628114789959458,0.08830479250886039,0.6919340518666941,0.22173951832172284,0.08808760203371337,0.6958998817227124,0.2568487188928707,-0.33784212836958105,0.653501747616725
237,True,2.3799999999999595,6.174910304923267,False,False,0.679831261417212,False,85.54991596611217,-0.0,-0.8726646259971647,0.30158908677827884,-0.20943951023931945,1.9547687622336491,0.031371913176446255,0.2988083303840777,0.23234935562681805,0.21671172753733764,0.3037922033614321,0.5628902044255607,0.19022731635664492,0.17285411254587388,0.6730178756408663,0.23355161754103101,-0.30813366225634514,0.656145099363489,7.1166586564780365e-09,-0.6467261832741866,-0.09211824228332617,-0.22574629977875094,1.4499999999999997,0.03137191616112159,0.2988082262554374,0.23234944858668088,0.19530721479711508,0.30162794088680467,0.5628904625401092,0.21462136484639957,0.1740889762188756,0.6727796668529858,0.23355167416327963,-0.3081337217666599,0.6561450940267061,0.004294001075796645,-0.6462391174335641,-0.12496429989215724,-0.22518171937017195,1.4423819996418474,0.036547136968720265,0.25279559833018284,0.2770690244912832,0.19632401055646626,0.1178096543912926,0.6776119589785675,0.22029070983085386,0.10009344719188948,0.695768549010973,0.2517272825288092,-0.33410278020780815,0.6568108920025034
238,True,2.3899999999999584,6.155199222364346,False,False,0.6871843629865094,False,86.04545798152685,-0.0,-0.8726646259971647,0.31988378920657773,-0.20943951023931948,1.9547687622336491,0.025101329459194507,0.33161889842924314,0.2110634341621195,0.20807534389444482,0.3523212853916479,0.5310261428420802,0.1847868038125618,0.19811177947767022,0.6866606212731138,0.23359073330099805,-0.2939055384604911,0.6393149689583805,8.587984975071128e-09,-0.6411284345621411,-0.08342073397850161,-0.22643426791548824,1.45,0.025101346895799015,0.33161874065580593,0.21106356617550098,0.1885514236684417,0.35072708407404274,0.5310264360705617,0.2070168335259282,0.19879796903725067,0.6863331523535444,0.2335907747001273,-0.29390561890875955,0.6393150039220431,0.005127806413101437,-0.6465672025140554,-0.11865031086913262,-0.2255328743867049,1.4420866415008855,0.03544652456703491,0.2631488348966443,0.2694980379598417,0.19597223412597353,0.15498078329786408,0.6559100734428591,0.2188565111583495,0.11546016252786669,0.6941996084356176,0.24787505717754832,-0.32862663780767376,0.656778617448776
239,True,2.3999999999999573,6.1389126976946535,False,False,0.7066074081496486,False,86.54749998822808,-0.0,-0.8726646259971647,0.35721629296862123,-0.20943951023931945,1.9547687622336491,0.01267145675727632,0.40043826114207154,0.1427665218971399,0.19482930172066878,0.42920132431975233,0.49337956709187286,0.1714063099317666,0.22774055043941363,0.7121948762774131,0.20518791670509776,-0.2687500706118196,0.6698481129795535,1.0255592315482065e-08,-0.6297084088866108,-0.07192630534666988,-0.22713008343260283,1.4499999999999997,0.012671503749184906,0.4004379865981538,0.14276677535960478,0.17225558875775782,0.42655014999482266,0.4934548887862462,0.19323533608854063,0.22934598283307073,0.7121948403860691,0.2068547034754975,-0.26882678387750913,0.6698075078563671,0.006075895129281735,-0.645606600353732,-0.11180425204752152,-0.22597539190967897,1.4417236131229378,0.0329634020269655,0.28069521881300574,0.2542329773070132,0.19408171088492238,0.1987836239909536,0.6295889137808525,0.21629927815311747,0.133735548298757,0.6947214018666196,0.2430054172024567,-0.32061685021527625,0.6571016874018111
240,True,2.409999999999956,6.118414876476133,False,False,0.7097944960879525,False,86.16183296544477,-0.0,-0.8726646259971647,0.3676843832983494,-0.2094395102393195,1.9547687622336491,-0.00297350134210528,0.41864196943806914,0.09576132144532125,0.17620295961886093,0.41953813749776286,0.434967130615765,0.1663175969263603,0.19600698776074962,0.6865164865671735,0.1842083016032592,-0.2840873783605743,0.6191130611773075,1.2151765956328053e-08,-0.6303035238504167,-0.06758544282662354,-0.22689525015600895,1.45,-0.002973420406960088,0.4186416937806534,0.09576163839079554,0.1603638919525896,0.41908688126577465,0.4349675198387858,0.17737050080214622,0.1959355078351542,0.6865165028536246,0.1960103725107859,-0.2849561458397218,0.6191131371109181,0.00624595736509324,-0.6438277190348525,-0.10469190324166577,-0.22639563976845445,1.4413891718561058,0.028539160356665105,0.30318777320530804,0.23131244931346354,0.1902369412364943,0.24267500806658904,0.5984904013202147,0.21184181354758602,0.14975258503132652,0.6950899586932487,0.23640949596515792,-0.3127753288882924,0.6547703577415073
241,True,2.419999999999955,6.0986363741454435,False,False,0.739196838779774,False,85.04445903236046,-0.0,-0.8726646259971647,0.41918669988843327,-0.2094395102393195,1.9547687622336491,-0.01964515131414469,0.5214578967969979,0.010785506360917185,0.17106256478079232,0.4736195653105514,0.36237871434262,0.16674638008250564,0.20621524842261782,0.6477406390633709,0.18883838104725748,-0.24251439464427502,0.588167477448132,1.249188974657145e-08,-0.6138988307194752,-0.0540501124862472,-0.2278302214044432,1.4499999999999997,-0.019645057329927124,0.5214574601922163,0.010785947412944835,0.15721170486833758,0.4732842910049462,0.36237918652499534,0.17817580826814264,0.20577156079596282,0.6477407335717811,0.19564940835150044,-0.2430143702438457,0.5881676107382733,0.005882149532114663,-0.6406735502008947,-0.09710566630347937,-0.22683511636784554,1.4411158977150096,0.021933380516507922,0.33378261861957964,0.1994438796976666,0.18527170208332228,0.2855255149631861,0.561147305350558,0.20650109508864994,0.16256028136936793,0.6913592972482415,0.22937639034305693,-0.30325360259925677,0.6472657216633877
242,True,2.429999999999954,6.085036042764755,False,False,0.7344721976411558,False,92.95849996851757,-0.0,-0.8726646259971647,0.41595855934232145,-0.20943951023931956,1.9547687622336491,-0.04908244811168915,0.6393812307452467,-0.0776526946582799,0.15260752000201283,0.610635252893698,0.21567631955760577,0.15047482103789292,0.3041397778410266,0.47687980474585956,0.195250696445882,-0.17952082516911796,0.47629090374103505,1.1764275535501578e-08,-0.6210517385542437,-0.05379803615137612,-0.2270211852242997,1.45,-0.049082306884445676,0.6393806195257454,-0.07765214046669713,0.1397364108747916,0.6104697311621117,0.21567701049811255,0.16470285927399536,0.303542762543227,0.4768802336942148,0.19525076812276687,-0.17952107274430124,0.4762912456623145,0.006009628657109544,-0.6372246138361035,-0.08968949383604564,-0.22717999775371994,1.4409072549480286,0.012288957275444235,0.3773025873495175,0.1574209753349241,0.1789584589422351,0.3356900123900804,0.5112283874525239,0.20041005534146947,0.1805527356948512,0.671382932455793,0.22291394521616575,-0.28752216447855955,0.6285235197638371
243,True,2.439999999999953,6.076615306954533,False,False,0.7238194984214638,False,94.21529097016901,-0.0,-0.8341481871736666,0.4255576655133711,-0.20943951023931956,1.9532679182557424,-0.07597559308304326,0.7275951241621352,-0.15599613176298882,0.10694674603682568,0.6784974749982503,0.12024363977215784,0.13470653934130813,0.3824230944865301,0.2971498183285005,0.18158154864543571,-0.09099822468729026,0.3131440038189495,1.201923327445037e-08,-0.5925466418686713,-0.034859910878784615,-0.22601377480035312,1.45,-0.07597542228476185,0.7275944234281839,-0.15599550493188574,0.10535306675266003,0.6784792444244643,0.12024442172001426,0.1364854688750269,0.3823429673481696,0.29715056678572227,0.18158163379497816,-0.0909986178372646,0.31314463456044794,0.006515549686652996,-0.6321371083521475,-0.08174306040196846,-0.22736722761488426,1.4407567513913948,-0.000712056036608206,0.43248216571583736,0.10664855266801507,0.16956711710987596,0.39360041429337983,0.4488933043218381,0.1920906794270715,0.20843619086857915,0.6263706183227238,0.21638070229926068,-0.261715509060662,0.5902238367488822
244,True,2.4499999999999518,6.108487311192674,False,False,0.6052848844241242,False,92.08391699939966,-0.0,-0.7358933892503807,0.42565355264736127,-0.2094395102393195,1.8281952052832169,-0.12282054633074413,0.7437253725808,-0.15697904998380907,0.03816353189900244,0.7149803171929878,0.09172000992009764,0.1038317377515388,0.3998105608379125,0.21280116395258308,0.16433886591971344,-0.029230182750400804,0.2319540829056154,1.3031073310687535e-08,-0.5310804898551875,-2.8875540847295156e-11,-0.22315526323318016,1.45,-0.1228202989397925,0.7437247501998765,-0.15697852272936,0.0357740482987034,0.7149796748850263,0.09172072428594369,0.10769820355680901,0.3994552080805681,0.21280199111559311,0.1643389655578663,-0.02923064751316684,0.23195479947063968,0.006547165818597405,-0.6211529216076178,-0.0711018992979951,-0.22736375121674665,1.4406577484670036,-0.018219303648776903,0.49070637799675587,0.05526944482354797,0.15344965506993744,0.4534172439784186,0.38296456166135556,0.18053497317293504,0.24149054098898778,0.5629579435948017,0.20873220010347057,-0.22663664199576503,0.5357972579004309
245,True,2.4599999999999507,6.176300605727641,False,False,0.5233784664387611,False,90.72833298705518,-0.0,-0.7015663332784683,0.4086647471178982,-0.20943951023931956,1.7308935434216757,-0.1517472251951203,0.8211327357816408,-0.20042714730534747,-0.014852481074933673,0.8186884845339656,0.007690167328756561,0.07519892573673241,0.4690164785517682,0.20053604653542884,0.1605570844243292,0.019879112293463688,0.21216381649467597,1.3094305448095589e-08,-0.5348275330503336,-6.469527667751773e-08,-0.22013170351404274,1.45,-0.15934338407361154,0.8205493498731653,-0.20041749803844594,-0.008322731432790442,0.8184095784019991,0.007690917876067238,0.07519913629603722,0.469016023502524,0.20053677137790044,0.1605571808346875,0.01987861925982362,0.212164463759284,0.006394203725149653,-0.6069017924001886,-0.059200302191174524,-0.22690651676749904,1.4406010134737361,-0.040230261164413396,0.5500640648593467,0.006242145178042325,0.13028648335519774,0.51650882783924,0.3155862611991166,0.16537144687804164,0.2787990455751376,0.49532402114998625,0.20053378324195606,-0.18567332214045423,0.47657340805451126
246,True,2.4699999999999496,6.191004989868757,False,False,0.5220755715365132,False,83.57762498781085,-0.0,-0.7015663332784683,0.4086647471178982,-0.20943951023931956,1.7308935434216757,-0.1517472251951203,0.8211327357816408,-0.20042714730534747,-0.014852481074933673,0.8186884845339656,0.007690167328756561,0.07519892573673241,0.4690164785517682,0.20053604653542884,0.1605570844243292,0.019879112293463688,0.21216381649467597,1.2788381872561039e-08,-0.5388749474019083,0.0,-0.21926998218314067,1.45,-0.15887884934332208,0.8205604079179709,-0.20041036001129772,-0.008651998170086356,0.8183969170770097,0.0076907831197123855,0.07519910607316518,0.46901609811784273,0.2005366361102046,0.16055716438227366,0.019878701189191772,0.21216434531275863,0.005565335008574834,-0.5933666932590522,-0.04804989512719504,-0.22605736319272546,1.4405734571472948,-0.06308829375173816,0.6059832563476555,-0.037712150681254254,0.10487425340998756,0.5776631282765572,0.2523412464193067,0.1490456360523612,0.3161743837788931,0.43348677049141576,0.19285684172307901,-0.14520176401236362,0.4216458006188917
247,True,2.4799999999999485,6.1207539056000035,False,False,0.3373014130068243,False,83.14287499524653,-0.0,-0.573076521054662,0.33071160421882484,-0.20943951023931948,1.4943495373136138,-0.16878913778979107,0.9118551394912959,-0.25967533888762206,-0.05196684516458177,0.8979987001376256,-0.07279618823091133,0.051572089577551904,0.5645718670898314,0.06517302942764741,0.16845188394064914,0.06405748795865365,0.1774876837647606,1.1130647756783796e-08,-0.5436235000677286,0.0,-0.2111080433572151,1.45,-0.19554218217339664,0.9117320223439358,-0.25967489496213375,-0.03549159745135007,0.8952414174152786,-0.072795537957341,0.07545001253550256,0.564571370295766,0.06517376605365155,0.16845193275157302,0.06405706944093145,0.17748817208000667,0.0044637094853981,-0.5822074292910313,-0.03849488177213276,-0.2244466348364038,1.4405620736817235,-0.08649662576035956,0.6611214460012249,-0.07914395274812926,0.0792700586929853,0.6369811713792932,0.1918592893283108,0.13400416102440596,0.35671615361198983,0.37055915311092325,0.18685578825616808,-0.10615802230582973,0.3721873299793735
248,True,2.4899999999999474,6.041352162969261,False,False,0.18600497157190107,False,81.08575001824647,-0.0,-0.2878341005289651,0.16533873058056472,-0.20943951023931956,1.4841966305484584,-0.18205219911971993,1.0122968647073989,-0.2678988505771266,-0.06513944078287902,1.0220376284433994,-0.1499305543214104,0.05171581515988781,0.6602274030702809,-0.03982170318409069,0.18916696842663133,0.12943491199518042,0.11865446315073012,8.927401114362798e-09,-0.28783468923104993,-7.922832251372469e-10,-0.20943954025466668,1.4499999998001811,-0.2007505602769738,1.0122023759638759,-0.26789847306750064,-0.029291020215723107,1.0200150466157791,-0.1499298707462694,0.1184444152348903,0.6602267962574344,-0.03982088241676046,0.18916696597464083,0.12943444067354326,0.11865497018756982,0.0038871937774087205,-0.5537940847506516,-0.030883215791929312,-0.22258671558676255,1.4405583979528402,-0.109313413606455,0.7208330583916914,-0.11766637909148257,0.05585974241730844,0.7012624992116041,0.1303446659723569,0.12432893332562087,0.40499397054295194,0.30103975893056734,0.1840248555444193,-0.06539785700213388,0.3247576775241425
249,True,2.4999999999999463,5.987831119509539,False,False,0.17639118659155112,False,85.10683296481147,-0.0,-0.13390015113525716,0.11601367226289923,-0.2094395102393196,1.444300289056509,-0.20033246411495187,1.0263141878219713,-0.21439399589666291,-0.08746403381392553,1.0662879271098864,-0.1165743193608897,0.024663508514777884,0.7738931500651729,-0.14941194673168845,0.18171919958101043,0.23032782027653476,0.0037649404623423814,7.774372005539543e-09,-0.2222434453392974,-1.5326669100534929e-10,-0.20943953653399505,1.4443002815729626,-0.21912236796191475,1.026335939652687,-0.21439380244164635,-0.033924252068589636,1.0613132623799966,-0.11657382552520529,0.10593973141074571,0.773892412306171,-0.14941104582738518,0.1817192044060867,0.23032722880877723,0.0037655824428585727,0.0035896582577702395,-0.5066420643257865,-0.024949666510004898,-0.22075915804512183,1.440530811792412,-0.1308981271205471,0.7804719772765115,-0.1465380191288913,0.03588145992019628,0.7681246341492513,0.07531324863046812,0.11876035116986436,0.46329123402925887,0.2242892206720796,0.18310973470447986,-0.018299584029182654,0.2723423916641005
250,True,2.509999999999945,5.946379511828469,False,False,0.14727007234133285,False,81.27941697603092,-0.0,-0.13390015113525716,0.11601367226289923,-0.2094395102393196,1.444300289056509,-0.20033246411495187,1.0263141878219713,-0.21439399589666291,-0.08746403381392553,1.0662879271098864,-0.1165743193608897,0.024663508514777884,0.7738931500651729,-0.14941194673168845,0.18171919958101043,0.23032782027653476,0.0037649404623423814,7.179302156240519e-09,-0.13390089660766202,-3.934579398401361e-11,-0.2094395328786133,1.4443002815175696,-0.22872478337209262,1.0263854908921908,-0.21439386018483542,-0.04459029170689472,1.0619336384915907,-0.11657393558976639,0.0992695107907851,0.7738925289483738,-0.14941119932356242,0.18171920285026236,0.23032732298042713,0.0037654776074789176,0.0024133905612876874,-0.44781567636071834,-0.020301284961573365,-0.21905696359750115,1.4404865218620837,-0.15092768472812756,0.8337563775003667,-0.166002317911084,0.01865153706430672,0.8300256500231239,0.03072727648576564,0.11464863132292823,0.5233608439979903,0.14946795442069757,0.18278509351620612,0.029766095587875824,0.21965807136618343
251,True,2.519999999999944,5.91053381140874,False,False,0.14388481073542841,False,94.21858296263963,-0.0,-0.13390015113525716,0.11601367226289923,-0.2094395102393196,1.444300289056509,-0.20033246411495187,1.0263141878219713,-0.21439399589666291,-0.08746403381392553,1.0662879271098864,-0.1165743193608897,0.024663508514777884,0.7738931500651729,-0.14941194673168845,0.18171919958101043,0.23032782027653476,0.0037649404623423814,4.826771469058216e-09,-0.13390077675330625,0.0,-0.20943952947479494,1.44430028142899,-0.2255946837985373,1.0263453138645564,-0.21439389912514056,-0.04279441317650458,1.060469374789539,-0.11657402462425132,0.09231153388013755,0.7738926458016351,-0.14941134931092628,0.18171919654273128,0.23032741961232447,0.0037653723407174433,-0.00012689625703238326,-0.387540073130672,-0.016622552630712325,-0.21744286617010672,1.4404453094608536,-0.16814838103413254,0.8783087647668515,-0.17935696907878038,0.004279989561722755,0.8827379454868926,-0.004354568359780367,0.1108644746825308,0.577307683252213,0.08429422683512793,0.18272966492252163,0.07264668061302587,0.1731009619177658
252,True,2.529999999999943,5.8774467212129915,False,False,0.0762749476323956,False,86.70829195762053,-0.0,-0.2212953245206133,0.059507113710612805,-0.20943951023931956,1.140220006787823,-0.22245506362581052,1.0795803105910007,-0.01635493082706302,-0.06299548666644003,1.157914201042969,-0.1548085349276923,0.048079999599348326,0.8431796462738139,-0.26112794422039093,0.20123932546555257,0.26480993814910847,-0.013342974290469652,-2.537920064534481e-10,-0.22129565691805322,-2.241696411831029e-12,-0.2094395262456498,1.1402206072372274,-0.24077509745560255,1.0796986392980887,-0.0163552568460556,-0.04310357445446259,1.1542515172428416,-0.15480823406429445,0.08722009169106004,0.8428912399068451,-0.26112725334910997,0.2012392881950381,0.2648095538233115,-0.013342601403438459,-0.002850984782309288,-0.3403580765416994,-0.01371287833231746,-0.21580848028451713,1.4167985413651831,-0.18326331817043137,0.9181205523493174,-0.1731762141697308,-0.007192550932251861,0.9327833049559342,-0.03454099665320557,0.10702033432280733,0.6279885617935448,0.021866445326104253,0.18427614888346833,0.11117594678526774,0.13315544147524425
253,True,2.539999999999942,5.847407377115162,False,False,0.7775511292876538,False,92.21491700736806,-0.0,-0.5703900568280736,-0.12113481155525406,0.8643506165266738,-0.3490658503988646,-0.4254273809247181,1.2759940786071056,0.13142088376174244,-0.3108731553748957,1.3474946792642355,0.008734321656920563,0.05625725343103927,0.9741476314477185,-0.030848454213948745,0.2876449252463558,0.2660775442221006,0.006211985552356459,-5.701958161706544e-09,-0.570389596768893,-0.12113459671148202,0.7841915197154828,0.41679854136518324,-0.4850652085512408,1.2733008702842177,0.13044497946301845,-0.241608914949382,1.3367154706536963,0.0068631669933445286,0.11220282946528747,0.9741469391121347,-0.03084834878665297,0.28764471841135497,0.26607723442446674,0.006212239439008033,-0.0032841771396624896,-0.33479641185262615,-0.020733322327301466,-0.17464087539897288,1.3559175108323316,-0.21490722805864407,0.9683085476123661,-0.14075301948480792,-0.031100910130297,0.9934006420345781,-0.04814095662527214,0.10518263180506861,0.6840376035019359,-0.018364812884807263,0.19356192300779346,0.14502413396785552,0.10150981040198612
254,True,2.5499999999999408,5.824451955522562,False,False,0.7248048115331513,False,84.56195902545005,-0.0,-0.5557789691080142,-0.19401288970921474,0.9023727562722546,-0.34906585039886556,-0.4121039641376235,1.2808069928138524,0.20344662794229218,-0.3455475621938497,1.36589177619058,0.08781027351331028,0.07880649272628311,0.9978347729623852,0.029740192150850928,0.3115355142614848,0.2788265495484122,0.004495690848805968,-6.568341143556311e-09,-0.5557785271445829,-0.19401254315079192,0.8253591246010271,0.3559175108323316,-0.4966384728114439,1.308015178343992,0.20344593954444282,-0.2389244502323638,1.3144135865849238,0.08789779859827589,0.10126773840827784,0.9978341453689882,0.029740095941034696,0.31153527831655325,0.2788262819440406,0.004495884876653047,-0.0027637115217753615,-0.3591540456624152,-0.04113800281669756,-0.09833012751500227,1.2717540418248694,-0.26019495267773507,1.0271007827245544,-0.09008881385742072,-0.0650193315331449,1.056713617944548,-0.0407520541350722,0.10456698472852416,0.7426255261167912,-0.03127939226847854,0.21015174755237664,0.17397604810863682,0.07752546518193261
255,True,2.5599999999999397,5.807042673939158,False,False,0.6567854664588954,False,76.61966700106859,-0.0,-0.5082761598523373,-0.24853427418293564,0.9132221335256722,-0.3490658503988657,-0.4010127074305702,1.2978574411027775,0.26843111757386373,-0.4152709200737749,1.4094307170155258,0.15009611981685694,0.07574875480094236,1.0084936508999731,0.04296815809866014,0.34157371706090606,0.2837361481461366,-0.0063033888506527245,-5.527411988184849e-09,-0.5082758617907862,-0.24853385936124123,0.9016698724848118,0.2717540418248694,-0.5264705127118285,1.3286053743563089,0.2684304005739122,-0.26068709326895745,1.338910001305258,0.14974307786004493,0.0919291082168947,1.0084931188995903,0.042968009603856404,0.34157344523728683,0.28373592902590333,-0.006303221169626477,-0.0030664262006507336,-0.3886208861860721,-0.07174681615143955,-0.008035929058349805,1.1782271370317874,-0.3088582153662826,1.085677985760077,-0.02998904789472548,-0.1009584500706821,1.114971771948692,-0.01768474510951668,0.10346427130185525,0.7973912995097707,-0.028237656512850352,0.23115869313280268,0.19835626090583489,0.05850370352381064
256,True,2.5699999999999386,5.800565644501555,False,False,0.5762891699042727,False,73.10575002338737,-0.0,-0.42968339893773433,-0.24364808751791922,0.9127140433915373,-0.34906585039886473,-0.23528310183906254,1.2095444625292324,0.5625272369403327,-0.2908280485347578,1.373882546496872,0.42081319420822805,0.08614831024783255,1.0444963136039531,0.1457330241028816,0.36747032763382514,0.2701359734088836,-0.00024624751810954117,-6.13284013547058e-09,-0.4296833168149192,-0.24364774371603834,0.9127122018952751,0.17822713703178739,-0.39705222442394383,1.1991679461123794,0.5596551172568032,-0.1307764390464755,1.33103027242975,0.4133877401545183,0.10275599902533833,1.0429617848774984,0.14573267616221622,0.36747005506205055,0.2701358298485536,-0.00024613001844244614,-0.0050026722757593725,-0.40890338524064807,-0.10494857864512766,0.08770246000690232,1.080925087020636,-0.34456834118347,1.128280811779736,0.04710978007860593,-0.12456436534935164,1.1646443975696723,0.03220358339750383,0.10267170314470868,0.8473030229211851,-0.010498508162867279,0.25478030476369123,0.21713735756758934,0.0437783892963838
257,True,2.5799999999999375,5.8786762264498655,False,False,0.4656613376772497,False,72.50479201320559,-0.0,-0.43850169342133505,-0.3199813149311039,0.9791853468262773,-0.34906585039886573,-0.13667017796824593,1.2977570451075187,0.5436558706398761,0.05411402506626223,1.4398475995471054,0.47542070350502175,0.11442365224414962,1.074584215440312,0.20448984746270993,0.433140248456129,0.24688540488066407,0.023689175097486727,-1.0005324540228455e-08,-0.4385016342663622,-0.31998088486974685,0.9791835638641913,0.08092508702063606,-0.23110120346032104,1.2906457521380028,0.5418882649583419,0.04692969943862521,1.3914389835766878,0.4703925410409315,0.25735435164112913,1.0632755565905556,0.20448941748685867,0.433139891993716,0.2468853453725682,0.02368921527583476,-0.00791445782329986,-0.42066531220229936,-0.14112095047347545,0.18569666725951067,0.9821016191275412,-0.35304575501588165,1.1615393686978892,0.13551386279090966,-0.12170801561703957,1.2095136676773812,0.10174525262119699,0.11403047063616178,0.8924635219304693,0.019729901398930324,0.2827855687632917,0.22915850456576886,0.03466556837668465
258,True,2.5899999999999364,6.017707215953961,False,False,1.1397709235058702,False,114.06200000783429,-0.0,-0.45957529639053124,-0.3490658503988659,1.011609704364277,-0.3490658503988659,-0.1288170976963428,1.301588210202891,0.563524675685499,0.4693594592826096,1.5559183141331674,0.40641556436508297,0.13530075244663314,1.0956795044910523,0.19344826719265681,0.45596350110528455,0.24742277162448345,0.011248839215195336,-0.003957236826091923,-0.4401202653671488,-0.24509319249704448,0.5986523599007922,0.48210161912754124,-0.2640980362576387,1.2294770571472426,0.349030821202473,-0.011673485127088282,1.3035931369175897,0.2526733566905063,0.2610629088320513,0.9922358532514394,0.10658891057777524,0.39280468528126733,0.2370855964434776,0.022957227212622316,-0.012921564424409594,-0.42789331783368045,-0.17143820834955362,0.2755659251918494,0.885009004032052,-0.34530850227913756,1.1861933143474879,0.2039510051462312,-0.10573441089627393,1.2432983355562435,0.1562193565964782,0.13547607444104,0.9260296048149209,0.04609946997423861,0.3090007952273309,0.23528385268589067,0.029726213439161694
259,True,2.5999999999999353,6.165295287399721,False,False,1.015042140406802,False,85.48387500923127,-0.0,-0.41502502108390626,-0.3490658503988659,1.0025013194057883,-0.3490658503988659,-0.06532522068887439,1.3079315577873527,0.5771068307167789,0.4449768110601654,1.527541946838336,0.45461026090222934,0.16848776142903266,1.1021091312823976,0.20810401976341364,0.45365964607085085,0.24172096173227517,0.011679159520792378,-0.006460795133743377,-0.42145918232913565,-0.26025185174968946,0.639032895365068,0.38500900403205196,-0.23903280163509005,1.2436598246132822,0.38974303597917936,0.01539598492187419,1.312744286923544,0.30316718803841525,0.2769631765406363,1.0119451051646648,0.12710158286460035,0.4115020146407383,0.23675664078965306,0.020702704526994856,-0.01896717331328439,-0.43107689877603517,-0.1941600248852839,0.3529053523927944,0.7909197830406435,-0.33102887624599453,1.2032166425115416,0.25202399682470134,-0.08625335622846181,1.2659889479716295,0.19376570871834228,0.1602050586989563,0.9497932986842894,0.06563518666115982,0.33143649071909803,0.23794791813644145,0.026850728786739612
260,True,2.609999999999934,6.290877638816836,False,False,0.9823815378823259,False,85.13558300910518,-0.0,-0.4418956738710831,-0.34906585039886584,1.0078911457547928,-0.34906585039886556,-0.03961976972775404,1.335556147531904,0.5854760878707923,0.5305544486981394,1.5580375695538662,0.4503137489221956,0.15576957916285225,1.1136105580329632,0.21723739506514855,0.4396527876335979,0.257225551975681,0.0032678749484082743,-0.009483605623777576,-0.4364862755545079,-0.2716127827469558,0.6803975940897329,0.2909197830406435,-0.23726901621277002,1.2636771265575104,0.41740874373199044,0.018555633472853494,1.3156781347476154,0.31839844080441004,0.26659930185808955,1.0008453877978767,0.14143613926124898,0.45924110606769997,0.24758671571904156,0.015059325450380615,-0.02473046314195064,-0.43264196381830766,-0.21257018416474463,0.4209649548346195,0.6979220272518514,-0.3145940889887212,1.217115497478924,0.28994160268276586,-0.0662806027768074,1.2819376102964823,0.22318106846651695,0.1833818854106685,0.9666637951109076,0.08203365929632499,0.35402783911101937,0.2397688867608604,0.024614008158887365
261,True,2.619999999999933,6.431645334845281,False,False,0.6359463331409283,False,76.76779199391603,-0.0,-0.4055484168310662,-0.3432533463598358,1.016231808640138,-0.34906585039886556,0.08312048018139565,1.3855946963208983,0.6216667291358589,0.5221926968634757,1.5611522106672817,0.5268749793787849,0.18786932872606063,1.1476933610066766,0.28111825963859555,0.40949764555575774,0.23582156782773495,0.04447173374196891,-4.946082736781432e-08,-0.4598122061007187,-0.41746351371935086,1.0940567218509,-0.25547191446092943,-0.06570560970635028,1.1085132111522613,0.49339557437947407,0.16556963729209428,1.3366782890541715,0.5132148382839757,0.3970072467427891,1.0720432844762868,0.2811178614701911,0.6058796582848703,0.23582157536503573,0.04447169402659717,-0.028862975997593295,-0.43590662239217337,-0.23884211606970857,0.4994501540381938,0.6030749033537339,-0.28581925472246705,1.21709043886215,0.3265020424398874,-0.036914111308184075,1.2947724653767256,0.26175565480242374,0.2127646913075565,0.98359800085737,0.10672448337274336,0.38692074808329363,0.24067383820654117,0.02494603381044048
262,True,2.629999999999932,6.569215716529501,False,False,0.6028468540847572,False,75.64287498826161,-0.0,-0.39718327528837294,-0.2811760720042909,0.9961627573691678,-0.3490658503988656,0.07882962775027956,1.3993111442294377,0.6333660011796672,0.49106417956023213,1.556620731409427,0.5918615833185127,0.189822259514051,1.1297947078762243,0.3414007018535008,0.4018883946406413,0.2291709320003986,0.07057800662636997,-5.772583654833907e-08,-0.4425454920448802,-0.3501034730808252,1.0847009673770587,-0.257301449570444,-0.0701777578009608,1.1121585129343885,0.5016058415977731,0.17727456847520884,1.3637662333385685,0.5766328092510045,0.4010317587704939,1.0675152953069773,0.3414002325020025,0.5861665734419124,0.22917095357292833,0.07057791536260684,-0.03150785925933073,-0.4391553613870018,-0.2657880256327603,0.5904922928979447,0.5051957743516623,-0.24903862872406798,1.2056147494648481,0.3617549459468299,-0.00048375695050159096,1.307628795986448,0.3119926499368693,0.24672837837098577,1.0009470672592833,0.14202086344997672,0.4246354544603995,0.24013498343394538,0.029429356253994225
263,True,2.639999999999931,6.669072590607314,False,False,0.5232327792660769,False,73.91954195918515,-0.0,-0.36800254179719205,-0.2513801811542806,0.9982465515518172,-0.34906585039886556,0.060452656060599685,1.4041062619633742,0.6356396933677101,0.39353652104616405,1.5322048166850342,0.6012225237186105,0.19603982649292176,1.0961886098789388,0.40695953966758147,0.3674398085334832,0.16694990198670628,0.1366895409797451,-6.301559248717004e-08,-0.39019044531760133,-0.3043366653583016,1.1039347107560817,-0.26053652145759343,-0.0895478146106457,1.122666718091848,0.5059884612207896,0.16310209869853504,1.3911075214428301,0.5890302354248798,0.3750552487690996,1.0504988887599094,0.4069590097912888,0.5276254078682158,0.1669500473829435,0.13668932645980467,-0.03343020980542417,-0.43734330585048925,-0.28375333022550553,0.6851170228438449,0.40610348054740997,-0.2148681946621518,1.191565820727194,0.3929034054417901,0.0340268576655255,1.3221941835563626,0.36444909091876593,0.27697645505006235,1.0150411088230282,0.18498904624255633,0.45512514811898164,0.23394746379319095,0.04131251687563244
264,True,2.6499999999999297,6.7327783540908905,False,False,0.5108656425950158,False,75.19400003366172,-0.0,-0.36543403975247685,-0.20179084231291045,0.9780089158734784,-0.3490658503988657,0.04378222935938251,1.3887010760073921,0.6281388117870502,0.411077789698269,1.5113427420063896,0.6233955110456654,0.169938767636986,1.0837057178195522,0.4067991567266826,0.3695952323304728,0.1633081313439171,0.12182842576327865,-6.68602858841516e-08,-0.3803764638766939,-0.24258260270428658,1.0936446180765915,-0.2600530615494704,-0.0783489106344564,1.113245870084475,0.4960660408328663,0.17036398503374278,1.40684725958171,0.6155136504048642,0.3704483293003056,1.0500978006508779,0.40679871310734894,0.5085507087518853,0.16330827262005254,0.1218282647317829,-0.034814666376527165,-0.43072555024771697,-0.2893232213079126,0.771643132295071,0.3065668087381871,-0.18558935181164807,1.1777412016597695,0.4180989575159423,0.06377743935726422,1.3381147852047064,0.4142144342267842,0.3008718718090319,1.0255721290223787,0.22854241126161004,0.4754779904227283,0.22350417006170484,0.056158966776461504
265,True,2.6599999999999286,6.77249809096327,False,False,0.491944165816759,False,75.65658300882205,-0.0,-0.3667758293878215,-0.2233142904620691,0.999816047985283,-0.3490658503988657,0.03997498737204158,1.3851481305725015,0.6420466836067916,0.39749797580621554,1.5115775731080365,0.6170372619933812,0.17991275782809701,1.0825895251770832,0.41045532288862024,0.36645223054088377,0.15826419124791005,0.12230832677612108,-6.962919349429164e-08,-0.37437276960753263,-0.25356753241518976,1.1182441091982245,-0.26514833962810636,-0.08979685494618132,1.1213254578573713,0.5092008272977631,0.18398610218849407,1.3879656292781397,0.5889187943028473,0.36984842844719823,1.0548838810487675,0.4104549590635246,0.4982723270769264,0.15826432082175984,0.12230819447766567,-0.035515376111647845,-0.42190871210276665,-0.287535693020888,0.8464212171692529,0.2069320278116857,-0.16216154201746377,1.1658493126714156,0.4385642751409699,0.0894561688146947,1.3520626852593223,0.45602345596876875,0.31913391519387135,1.03381519198515,0.26749146600384055,0.48770404891408187,0.21200110060433516,0.06989662003587152
266,True,2.6699999999999275,6.79687130009964,False,False,0.4671712431987301,False,76.00629201624542,-0.0,-0.37350375720713774,-0.23744898380214982,1.0046499994827869,-0.3490658503988657,0.04190945454000021,1.3914134666451001,0.6384212804285904,0.3978448039541241,1.51640255320576,0.6163168670884702,0.17990139988230996,1.0882172658555154,0.41425865807232043,0.36593359512854456,0.16963038204752123,0.12732994075447288,-7.103061015756307e-08,-0.3598010235566321,-0.2500449176263632,1.122163271422779,-0.27594613771322274,-0.08287451690091988,1.1407509603747543,0.5061777956905872,0.17605400996190432,1.4441972337463214,0.6098092970844394,0.36410990053664033,1.0660663453818642,0.4142583645385234,0.4841920738844821,0.16963046749421082,0.12732982588806116,-0.0352999061923332,-0.411801950027068,-0.28302819873449764,0.9089844386664665,0.11102972975384014,-0.14375050795728217,1.1579324880420332,0.45496770885738397,0.11038486321771084,1.3671213062270877,0.49027833412912863,0.3324742062019129,1.0412092977945917,0.3004349364579236,0.49362889505259944,0.20207142525007912,0.08196410274521512
267,True,2.6799999999999264,6.81212284931817,False,False,0.47459904032585787,False,80.74800000758842,-0.0,-0.37350375720713774,-0.23744898380214982,1.0046499994827869,-0.3490658503988657,0.04190945454000021,1.3914134666451001,0.6384212804285904,0.3978448039541241,1.51640255320576,0.6163168670884702,0.17990139988230996,1.0882172658555154,0.41425865807232043,0.36593359512854456,0.16963038204752123,0.12732994075447288,-7.059967117861721e-08,-0.401163244458138,-0.2527677135287414,1.14565605092983,-0.25301845632658226,-0.06337681590480931,1.1670758045416543,0.5242654779489725,0.1986755101486669,1.3472963367296857,0.5387377148264507,0.36373468468598746,1.0522616719395363,0.4142584304253325,0.4723350567769356,0.16963044680478162,0.12732985002297834,-0.03457818991481289,-0.4049826861122416,-0.27793342775495455,0.9613104796957525,0.028795620886942756,-0.12774964974331982,1.1552236434190863,0.4690938523959706,0.1283859253809287,1.3758685180054482,0.5127658663501065,0.34195807271528134,1.0467584542310246,0.3272385147586613,0.49482582747277554,0.19434752795150806,0.09212107550596675
268,True,2.6899999999999253,6.823221707172837,False,False,0.4598957656716183,False,83.76825001323596,-0.0,-0.35727703423600526,-0.21765818098928696,0.9853517048684894,-0.3490658503988656,0.05398229643501178,1.391008891654874,0.645579917401278,0.3950758855992237,1.5169242967889454,0.6274834946657485,0.19217980343528823,1.1001790559776972,0.42001585852630385,0.3682881158557298,0.18365915412983375,0.137339102325704,-6.915624150422017e-08,-0.35995663325808935,-0.21976759296242632,1.141951416051648,-0.25333600405329365,-0.05964379595218079,1.1798708781847975,0.5377819487948595,0.21184466637121563,1.3609526153479874,0.5510239460714096,0.37117895257380584,1.0556210884730723,0.42001567297198744,0.472792877502734,0.18365917533368495,0.13733901188983128,-0.03348306272475492,-0.39875945853602884,-0.27075473043104126,1.0039124346059498,-0.03740001559186511,-0.11354689174505295,1.1569375932876833,0.4824143280323757,0.14498583810659002,1.3782953705868297,0.5260537076652542,0.3492838865011859,1.0506071200986535,0.34886045601244414,0.49346028547834386,0.18949344624851522,0.10109161446491612
269,True,2.6999999999999242,6.832529514258385,False,False,0.4666477585981367,False,86.9115000241436,-0.0,-0.35478285353336825,-0.17915023222496718,0.9638841938075388,-0.3490658503988658,0.06227655641540409,1.3877626044231481,0.679804412057923,0.41584782726802083,1.4984199081373264,0.6693395169828836,0.18408352208296155,1.0766733170248535,0.4748055215800093,0.37603981528484065,0.15936677577751124,0.17470126920822218,-6.696599150896043e-08,-0.3337878433402025,-0.17316540538955327,1.1385437539117866,-0.2510212406307531,-0.05404262507466214,1.1799663499158821,0.5731739298665306,0.22534770364328394,1.3508086916926234,0.5989293969768567,0.37564156535517246,1.0478993646532948,0.474805269690382,0.46834165865947386,0.1568544922575525,0.17470112198920715,-0.032195825685502194,-0.38993898560751583,-0.2586743049023068,1.0371275235165907,-0.08918447277337065,-0.10114240700610039,1.1607768934077514,0.49717741389324277,0.16064154972716982,1.377399610090729,0.5382748916266319,0.3554840977863668,1.0527627823017212,0.37038309446193735,0.49081805213323026,0.18482917887296407,0.11188528264114277
270,True,2.709999999999923,6.841096206617959,False,False,0.4658298593067904,False,94.3941249861382,-0.0,-0.3816075482873369,-0.17172075079810148,0.9610029266251316,-0.3490658503988657,0.05389544762414983,1.385388965284853,0.6605789458816673,0.4454823643065266,1.5085840718849304,0.6522099021533574,0.1740139134650368,1.092282769361797,0.47572570185820773,0.36916072030699915,0.18806699273320315,0.18252727148782433,-6.439152259313241e-08,-0.3384267854632252,-0.15348322593608948,1.132536255537133,-0.25852175497314683,-0.05155032762957805,1.2003797366930193,0.5573190053441396,0.2366692039146781,1.370016129650907,0.5942743463505343,0.38256124025062066,1.0580468973604866,0.46856786543310447,0.4702981254161469,0.1800742701624576,0.18252713020412914,-0.030631536293869343,-0.3804078418511146,-0.2426328957037968,1.0620925209771255,-0.12956532290805003,-0.09050215770770682,1.1666710249456982,0.5109121468723771,0.1754965118353413,1.3762572970936142,0.5500794434282796,0.3612031484461588,1.0544501671185695,0.3909528734119199,0.4878983793620117,0.18155179289624981,0.1241959160912076
271,True,2.719999999999922,6.849495178560232,False,False,0.45494033360150804,False,98.7287909956649,-0.0,-0.3666847034963472,-0.18269979189695426,0.9604405675153058,-0.34906585039886573,0.04817139841447907,1.3622342791739601,0.6743470384640079,0.4577647286849674,1.5026784769090697,0.6794975670040387,0.1654414264312983,1.0899879080904042,0.46309401312524856,0.3778827446843968,0.19557209232622025,0.16988563448353855,-6.126295006014804e-08,-0.3173818118138252,-0.15630901126328323,1.1261836070730276,-0.2640912827050913,-0.04661524955792772,1.2057618531963565,0.5837000657618334,0.2529800355278168,1.3632748687142136,0.6164414760335266,0.39107055993819473,1.0428851681309406,0.4630938684763886,0.47243694452505636,0.1882819509740472,0.16988554310428453,-0.02893308380749793,-0.37020230910202134,-0.2262803038179284,1.0800864856343515,-0.16132885768812205,-0.08133690797627693,1.1739260340819606,0.5240893670322073,0.19000773736778998,1.3753343601918235,0.5618910759024586,0.36697728076980385,1.055076044818329,0.40805789729646597,0.48541140708873276,0.1806898859273561,0.13497257141919433
272,True,2.729999999999921,6.857081685581733,False,False,0.43539628620762,False,97.32349996920675,-0.0,-0.37805867877209215,-0.21123083820976066,0.9745242602458601,-0.3490658503988656,0.061624946510207335,1.3858035726031213,0.6390951064632419,0.43850380976542297,1.523513219454019,0.6266944125110281,0.17902339298521802,1.1049801680601887,0.45934080465825294,0.3591505087825378,0.2088699642978067,0.1699092561706649,-5.7866051880739455e-08,-0.3183040584145004,-0.17915135308261748,1.1337625078876499,-0.2705562775176245,-0.048290875275899064,1.237859798768604,0.5552576362276346,0.25319815973161836,1.3980714619933523,0.5696583124705569,0.3889434207900961,1.048550737913349,0.45934070212105044,0.4676473344484682,0.19872693864251095,0.16990918629743515,-0.0271031500269917,-0.3601471157858968,-0.21357966645927348,1.0935251291975019,-0.1866092568183355,-0.07377776715524065,1.183611931351075,0.5342627889499386,0.20334088907305967,1.37696009683501,0.569462830343032,0.37227665316329567,1.0550742939589048,0.42123859155832793,0.48311190520806485,0.18201972395515567,0.1433797353787847
273,True,2.73999999999992,6.862381433815106,False,False,0.3912360449776542,False,98.15916704246774,-0.0,-0.37100440350517383,-0.2250205002386208,0.9971259440258483,-0.3490658503988656,0.03614715906593539,1.3470889659892236,0.675643573651013,0.3990722260828779,1.5008269051372427,0.6772594208770787,0.17439178665969865,1.1001151952411923,0.4584447181219098,0.35175000245254934,0.19865109404280143,0.15726572429359806,-5.42061916360137e-08,-0.31182525000527095,-0.1919300475136167,1.1474236786614356,-0.27679710456423834,-0.05291020145997156,1.2293491908091763,0.6104146322631344,0.2343698522398965,1.378654397586215,0.618196368532458,0.367991289069627,1.041910692973129,0.458444641728471,0.44191362512700827,0.19039391136618453,0.15726569652167577,-0.025455999901291278,-0.35085835377280583,-0.2057161201210836,1.1049131574622348,-0.20705162415815392,-0.06817335244643208,1.193721340108796,0.5452901053238419,0.21318532497092588,1.3792295395757563,0.5764667295790052,0.37512599403930674,1.0544863438645597,0.4310656747823811,0.47904428615187417,0.18385881670854892,0.14886038407041466
274,True,2.7499999999999187,6.865997451651269,False,False,0.3854723078738418,False,104.68450002372265,-0.0,-0.37464648593541533,-0.28999877545022723,1.0318444963479296,-0.3490658503988656,0.034899119914274135,1.3487001056396828,0.6799548689299787,0.4057152916367269,1.5097253298560551,0.6746953251799094,0.17091736385907608,1.1072553612907208,0.45996820408703043,0.35645473686290857,0.21343862903956687,0.15598488529130744,-5.091189797523654e-08,-0.31398705578787983,-0.25590768142450326,1.1738181454577374,-0.2824905596191373,-0.055303818316886445,1.2405724936354354,0.6221456314453491,0.23715143146507536,1.3915459685444596,0.6180912427151002,0.36962390778603893,1.043946314267992,0.45996814794776286,0.4392578972509684,0.20599294828810288,0.1559848710423335,-0.02394146389501948,-0.3428704014883322,-0.20614919536998985,1.1167492131254322,-0.2238336482432022,-0.06438584302414853,1.203387092165773,0.5584326731243233,0.21995069562117484,1.3817526173162809,0.5842884434596322,0.3760202382151775,1.0536121632210076,0.438464514250455,0.4735033267855919,0.18657836421260968,0.15191991156945459
275,True,2.7599999999999176,6.868735139971737,False,False,0.38922816931409776,False,103.61470899078995,-0.0,-0.37629276889432617,-0.29704025778419296,1.0227293832687998,-0.34906585039886556,0.032355951226527284,1.337747113755614,0.6670631665887938,0.42210105954750154,1.5122070328439097,0.6583182599923816,0.1648726030772712,1.0992124831744294,0.4564388466477381,0.3484199837506223,0.21409999328370283,0.15216453391817203,-4.788283202231125e-08,-0.32919532014609576,-0.26590819490900447,1.1543568543711846,-0.28735765173659955,-0.04640582326399332,1.2134269794206294,0.5986362660904416,0.2391388977313277,1.3987633708656277,0.601364592699227,0.36615193684042235,1.0367725293432688,0.4564388074187102,0.4307778445497262,0.2068148290572144,0.1521645334289283,-0.02268074827081866,-0.33758314192556493,-0.21309912841408746,1.126918472785811,-0.2377559345068178,-0.06118434072233341,1.2101521748749522,0.5695176000014098,0.22493068887670228,1.3851517741366648,0.590194671930575,0.3757875376754328,1.0522362713482079,0.4437955292545439,0.46720571756541557,0.18999670373528774,0.15331169236793674
276,True,2.7699999999999165,6.870863811019553,False,False,0.3852220737299918,False,102.99933404894546,-0.0,-0.36919187078285354,-0.2735084703167382,1.005856341733128,-0.34906585039886556,0.031308094904483635,1.3436339515715512,0.6763509683752681,0.41525342492651024,1.5059421319123443,0.6841588167372887,0.1714956328615781,1.1043169264632329,0.4584200627072464,0.3462995016556615,0.22544284894205507,0.1518430471592056,-4.536140581559711e-08,-0.31734088342612105,-0.23920605915130616,1.1428516165760287,-0.285616104986412,-0.04558228902108065,1.2190420566012838,0.6078286163312397,0.2389251335620966,1.3882348432781033,0.6237377149031693,0.3646140246218494,1.045627371330759,0.4584200330320714,0.4251849534589123,0.21857023670398482,0.15184305009649016,-0.021750395003678005,-0.3337340637435205,-0.2202248180830773,1.133527788944931,-0.24894510871681944,-0.058188127777335764,1.2143179893128926,0.5782752236353452,0.2286604711495015,1.3879924945730204,0.5957636103271328,0.37485776180741953,1.0511868660918353,0.44767168754750125,0.4605449574489421,0.19423836994364382,0.15377379950500158
277,True,2.7799999999999154,6.87301709210576,False,False,0.380861071568243,False,101.87474999111146,-0.0,-0.3778716943268068,-0.3177929601557745,1.0207136991119699,-0.3490658503988656,0.04745797471880962,1.352954859739675,0.6460329672185479,0.4265315703610441,1.52366210598191,0.6396481562992181,0.17875252247879414,1.1182982901171121,0.4423260061417718,0.35218026478786923,0.25669953875600665,0.12585420907487824,-4.3500703001547736e-08,-0.3244519510320063,-0.2833942771956808,1.1527830960663246,-0.2885855921105991,-0.03050347773573241,1.228428524396222,0.5782475210060465,0.24802251889337928,1.4157706891223463,0.5841691490259251,0.372833548955261,1.0606003021179733,0.4423260172284076,0.4303646437318084,0.2499832947629209,0.1258542649139474,-0.020888048473134448,-0.33102890823322445,-0.22902646655433984,1.1382429945897798,-0.25789000634331977,-0.05442098869509883,1.2178787721617546,0.5830916047156215,0.2321472282699594,1.3920024372572297,0.5983496183467479,0.3742436706119113,1.0518110449660651,0.4493807505054044,0.4546507056571993,0.2012307647054193,0.15174598867733116
278,True,2.7899999999999143,6.875630263796184,False,False,0.36569190704116605,False,100.8352079661563,-0.0,-0.3887002447964739,-0.3236514033848885,1.052564831743048,-0.3490658503988657,0.04931836155625006,1.3413921525872103,0.664926067381782,0.4327738240468119,1.518800516934253,0.6473160349390957,0.1830366717228562,1.1175168513918101,0.4469256324509652,0.3548839782357612,0.2602136352204122,0.12611191033129102,-4.177601339513948e-08,-0.3401502351478296,-0.2924588192228061,1.1709849251621727,-0.29512423051610137,-0.026765747422445963,1.2240795203224828,0.6020793503992039,0.2555265917849053,1.4195759957622915,0.5964788043775017,0.37650506933070876,1.061560191123838,0.4469256370173553,0.4291759116844699,0.2539091088257261,0.12611196159934518,-0.020132805638440134,-0.33054545486993064,-0.23989654326522405,1.1434409550415148,-0.2655170773315323,-0.0499018559912137,1.2207701235151178,0.5864913231335863,0.23606454587097045,1.3973634794220673,0.5988996510972834,0.3743822656334329,1.053661619221937,0.4497969834047594,0.4498473302848248,0.21005621579008302,0.1479758200996795
279,True,2.7999999999999132,6.878516190103219,False,False,0.3485719685792645,False,101.20795795228332,-0.0,-0.3985980620025774,-0.3402023969163012,1.05412146653165,-0.3490658503988656,0.034307675323330566,1.3333244443168115,0.6493548468971382,0.43705915432095743,1.5283674435699326,0.6105700872449719,0.19227431715079815,1.1168201826541329,0.44615478219419885,0.35790627936966085,0.27838102053776076,0.12228730544784154,-4.026553074992778e-08,-0.3464809657595932,-0.30819611238586536,1.1752123188030539,-0.2942677676190613,-0.023673303063024786,1.230703547471066,0.5919924331113988,0.25818949957221116,1.4417044441852744,0.5659425627453374,0.3766558507599834,1.0646402889253956,0.44615478948058596,0.42620074071719843,0.2726503488656288,0.12228735682476807,-0.019520248575253082,-0.3320980751073789,-0.2519284604538115,1.149250631123937,-0.2719038678536282,-0.0452118058362979,1.2233885860718001,0.5890131413564131,0.24019928784228772,1.4045192444563617,0.5966298885060772,0.3749711243037767,1.0560850057397626,0.4497655647937204,0.44578310723261955,0.2202127560104789,0.1436560066498601
280,True,2.809999999999912,6.880954820799213,False,False,0.3568580827384154,False,100.35841702483594,-0.0,-0.3902484276698268,-0.33538404882724676,1.0096056888292586,-0.34906585039886495,0.03669387878735651,1.3323013617166823,0.6393660871092127,0.42830906747579284,1.5395139423716042,0.5591117605800349,0.17791976059164794,1.1220309414886498,0.44014424350070896,0.35990022124661736,0.2770217640869809,0.10528938739844743,-3.90404190746263e-08,-0.32349082692868814,-0.2990956064130239,1.151089584902069,-0.2822452056796315,-0.02570769207459287,1.237049315021746,0.5836708744623827,0.2522686739598992,1.4625114397128152,0.5212760826785068,0.3701416174451536,1.071166242434532,0.44014426278203983,0.4157002478428866,0.27238933246783936,0.10528946413153245,-0.019151705641887264,-0.3328460257328181,-0.2629458039028994,1.1528699296325062,-0.27605715591357094,-0.04103246055300109,1.2263315192850064,0.5899106922511861,0.24358193916191603,1.4140600425547278,0.5887815455407566,0.3752628451080059,1.0590832834270627,0.4490520587497083,0.4415934091808183,0.23045809657209654,0.13814804634884903
281,True,2.819999999999911,6.8534116771179665,False,False,0.2211115621897679,False,99.91154097951949,-0.0,-0.5203796986352018,-0.16261839848176032,0.8711458170331385,-0.3490658503988656,-0.27023143065803984,1.2212521670806686,0.46776485261204037,-0.27494082592542696,1.3937667300433128,0.33410711529342646,0.09881924868844467,1.0382637255581142,0.2583649908164079,0.3122273817116081,0.34401953168793004,0.04144768981966686,-3.830333468457514e-08,-0.45171468984285146,-0.13166988340033925,0.9870046647112529,-0.2944890992051384,-0.38016340586789316,1.1471105405037998,0.4198791897561731,-0.1936209435886954,1.3756627353636968,0.33410762464128313,0.09881980157362358,1.0382637671973982,0.2583653721898156,0.312227640443237,0.344019304565512,0.041447883219993126,-0.01985791588310028,-0.34207927988590864,-0.25875062190643416,1.1416732170416026,-0.2792406477825756,-0.06509931209094866,1.2226084724763624,0.5769380603090095,0.21130083606102307,1.4179388685431322,0.563229155212525,0.35441119390693776,1.0599408139744848,0.43362748717483224,0.42968609518361134,0.24505270814579846,0.12705817521440144
282,True,2.82999999999991,6.784462848193565,False,False,0.2188137254678064,False,100.88729101698846,-0.0,-0.5203796986352018,-0.16261839848176032,0.8711458170331385,-0.3490658503988656,-0.27023143065803984,1.2212521670806686,0.46776485261204037,-0.27494082592542696,1.3937667300433128,0.33410711529342646,0.09881924868844467,1.0382637255581142,0.2583649908164079,0.3122273817116081,0.34401953168793004,0.04144768981966686,-3.9715752336161314e-08,-0.45247265186285124,-0.13230214302058396,0.9859951628992886,-0.29505218283650275,-0.3564585962758527,1.1455684386536464,0.4190826863849634,-0.17752602566354658,1.3819390726654521,0.3341075735245612,0.13165999532921274,1.0382637690100276,0.2583653413562861,0.3122276167706564,0.3440193337497653,0.0414478610402952,-0.021026559742946142,-0.35873710373441003,-0.24254303197874189,1.119310041444825,-0.28220970955323366,-0.10971502858589542,1.212972790264701,0.5534598898143324,0.1523223389427448,1.4161191806080304,0.5262623578193717,0.31928063083094715,1.0585532894035854,0.40703108538427096,0.411902526931192,0.2625351466684398,0.1125791785887327
283,True,2.839999999999909,6.693474773373348,False,False,0.24062504108602586,False,101.83991701342165,-0.0,-0.6781537041207821,0.11834856232563387,0.7211858970261136,-0.34906585039886584,-0.08568800885518335,0.9711692568047273,-0.12296220686860526,-0.06920095525237835,1.0730574020848869,-0.06887125852419973,-0.0009168703189839922,0.9511540763329205,-0.04972184980690725,0.12465517196061765,0.3616854616164562,-0.06620289082509961,-4.20530353838211e-08,-0.6309993078366818,-1.248677692633482e-07,0.7175309169987116,-0.32726037902389055,-0.1450815907571597,0.9392692670961402,-0.14335930131312313,-0.011212869323527275,1.092463245124884,-0.06304849721530414,0.13676027085226014,0.9021569723339875,-0.06432583794672392,0.22851938102613512,0.3521720756695069,-0.06620253326167591,-0.023886038974496128,-0.3901490921907528,-0.21281546111917907,1.0742062554607,-0.2872117785722017,-0.14026217883788442,1.1863070844438277,0.49874522563846657,0.10289670337134844,1.3905955090625668,0.4637401628039657,0.2838046165128316,1.046215979869232,0.35372996406566315,0.38727824144427625,0.27982176779544443,0.08995706222592648
284,True,2.8499999999999077,6.5993081156239235,False,False,0.47175291663586943,False,99.52791698742658,-0.0,-0.851429728026154,0.10403232606265252,0.779006704274848,-0.3490658503988659,-0.02662786603882368,0.9414771143370881,-0.2165195362231005,-0.03477619114438774,1.000020684479787,-0.07510515959374547,0.05080433845110718,0.9382769184245141,-0.06571377321502074,0.10831833873401478,0.3637337847941538,-0.06186555414277652,-4.7771982404631874e-08,-0.6627756202929251,-0.27017653622306037,0.7762347608104245,-0.34906572470079256,-0.11916227326108102,0.9307074108919966,-0.21651810513326863,0.013692260909633977,1.020441361339973,-0.07105907129084799,0.1597409835424433,0.8982949188564643,-0.07723080631913187,0.255497530732104,0.3496196992332557,-0.06186525049815103,-0.027233045074851834,-0.43326651188292165,-0.19703881343005308,1.0192862536063598,-0.2954714792669337,-0.151473999780356,1.147061681273059,0.4174018444275349,0.07148881685529078,1.3415442696945936,0.3797651738474525,0.2542284314261223,1.0251566981294613,0.28236035977069357,0.3613491665268327,0.2951948549558078,0.06291778818668589
285,True,2.8599999999999066,6.514244265663763,False,False,0.6088733967269496,False,93.5164580005221,-0.0,-0.8726646259971647,0.26377071735744934,0.4748393908795859,-0.3490658503988659,0.06916620564975699,0.5815413570517559,-0.08334631147947452,0.03927166040213519,0.5502248376032833,0.15204013258029137,0.020950590064344715,0.7827508087565248,-0.1661765232985467,0.06280917508479215,0.27725720030418716,0.033573290117042326,-5.446598121475188e-08,-0.6282779782872938,-0.21458340131262066,0.46565118512257964,-0.3490657431052178,-0.07370542334076594,0.5672252042801019,-0.08334530912782967,0.028689786827935625,0.5836022512219616,0.15846123985995675,0.15817091437948616,0.7141919053836452,-0.18449786881211805,0.2533764583641041,0.27186471608599033,0.0335733488059211,-0.03151875427091948,-0.47466336991664776,-0.1948955076026256,0.9472728228508264,-0.3049236627200711,-0.1490040673162501,1.083579585473165,0.3274949048864976,0.0532026306339345,1.2698812949246738,0.3114967427729226,0.2312398110153217,0.9885961429660486,0.20320839938446197,0.33858167890843804,0.30184277055230707,0.045007991962300084
286,True,2.8699999999999055,6.445073161272254,False,False,0.6180124664624603,False,87.32099999906495,-0.0,-0.8726646259971647,0.30661688266790915,0.29169008957058273,-0.34906585039886584,0.13032120544038672,0.4229448548536908,0.07576685194690222,0.09046733540182304,0.3719545424410972,0.3955782673739064,0.038015697711569194,0.8054210206534971,-0.3482001373507471,0.08107884219260483,0.18100642664152475,0.17948854655851842,-6.303738246671298e-08,-0.6176552330986328,-0.17808369528368964,0.2747072721270166,-0.34906576211466706,-0.05252347953726544,0.40835454114275427,0.07576735467638224,0.046875703071805934,0.38437981734356885,0.39786538188162185,0.16512712270200258,0.7678240731563234,-0.349069999805634,0.24959135969229984,0.17732172785395217,0.17948827760348735,-0.03570232244163234,-0.5086184761512255,-0.19387640682971052,0.8588652933177575,-0.31380824983748473,-0.13787712753970985,0.9993629208900211,0.25583748453191185,0.04436388053888738,1.1822824508381458,0.28508111213692205,0.21412091740060504,0.9467527041684861,0.1152001325103876,0.3193888997209327,0.2938651614973268,0.04807661277178533
287,True,2.8799999999999044,6.396739446690509,False,False,0.6055758215465187,False,89.83208303106949,-0.0,-0.8726646259971647,0.30245812305273617,0.23662134644298333,-0.34906585039886584,0.15531623410918166,0.3039177567633444,0.1936555843270442,0.09489781649688699,0.24385608977578646,0.5666555861076108,0.03314226458215712,0.7505980922536433,-0.34899060468686854,0.06671165258026607,0.11354562147741325,0.31748279637650095,-7.140450208192872e-08,-0.6271184358645511,-0.15671333603233079,0.21239750547662906,-0.34906577988380577,-0.04133405688370603,0.29247674652108,0.19365570830050674,0.06027514358575034,0.24385796686914973,0.5666550228769422,0.1770854777541248,0.73845116648045,-0.3489896758681773,0.25143982303752493,0.11018938673456455,0.3174822575926799,-0.03851513793833622,-0.5361001162798085,-0.19056918983349275,0.7636026869819333,-0.3214725822235835,-0.12283071093923555,0.9063246993564517,0.21529933237514604,0.04204573933439367,1.08792760477228,0.30111381451182523,0.2025795292923506,0.9071624047211816,0.025530037316116184,0.30390503069185293,0.27197817722858514,0.07575170980833457
288,True,2.8899999999999033,6.365086118186948,False,False,0.5899578776767961,False,91.10899997176602,-0.0,-0.8726646259971647,0.31087277101684435,0.19042816501254214,-0.34906585039886584,0.15512925589757626,0.2283080289907853,0.25040988213624915,0.09656454228229552,0.15989205940200354,0.6337745899277921,0.033009801857240256,0.7087500481913355,-0.34905261140796673,0.06583293333541462,0.06234416528645172,0.36598904775573776,-7.703012181586866e-08,-0.6335896757459827,-0.1359228156673827,0.1591855831928275,-0.34906579521243986,-0.038719298761608706,0.22051632469098925,0.2504098124985671,0.0646420173199341,0.15989391678706966,0.6337739245945042,0.1743477977406353,0.6984825038201303,-0.349051862278062,0.2434376025275619,0.059381071411572284,0.36598846728955486,-0.039873897134487975,-0.5586793081643574,-0.18434922288253755,0.6654920147726069,-0.3277642227703678,-0.10725391620895876,0.809588552316828,0.20099704534253202,0.04347519197498406,0.9908436173252371,0.34419615498177225,0.19493087065630263,0.8687387470708625,-0.054529156497748546,0.29122132689814384,0.24043306237198728,0.11924593023778789
289,True,2.899999999999902,6.343604891955224,False,False,0.6366903120838416,False,91.43099997891113,-0.0,-0.8726646259971647,0.31482063957166806,0.13278134380739562,-0.34906585039886584,0.15849782501500592,0.21369699847828574,0.3023850823676913,0.09686156513446356,0.15546785547005793,0.6263336417395143,0.02926792820159995,0.7052169653976401,-0.34906360503180345,0.0636355317454072,0.0013701252339845815,0.4974182587018254,-7.974763478052482e-08,-0.6289563958268966,-0.19149801250842557,0.16455086451005552,-0.3490658077956958,-0.03598619276393547,0.20816201380937305,0.30238487926573493,0.0678221970222146,0.15546952542432524,0.626333077515281,0.17180280724291488,0.6958090090596484,-0.3490630157350717,0.23539594115026446,-0.0015757876894400002,0.49741750236865884,-0.03981485621935103,-0.576530884699068,-0.18110294006502076,0.5684345558840691,-0.3327778454647479,-0.09290627554368934,0.7113316650630238,0.20520250974486365,0.046701644736940356,0.8927802325245117,0.395144759832888,0.1894963034500324,0.833378132081533,-0.12134265702836633,0.2802586990702413,0.20186901943227128,0.17623154816181477
290,True,2.909999999999901,6.319646328580332,False,False,0.6069119543490372,False,85.4386659921147,-0.0,-0.8726646259971647,0.29467090012822217,0.17141953334145837,-0.34906585039886584,0.1649250390553675,0.19319735596354787,0.2965697086415922,0.09458913568818851,0.12729370006480736,0.6283892823789287,0.02430870611939236,0.6967131940535922,-0.3490649445471546,0.05568961058426204,-0.03544331419869233,0.5281116660903832,-7.962955317353249e-08,-0.6431662529651,-0.1750624486401524,0.19209620140840772,-0.3490658178229211,-0.061291473540744414,0.1931983898185946,0.2965695256291837,0.038314869470691654,0.13677642861407446,0.6283888159360655,0.1484735075642386,0.6967134676547222,-0.3490644890555743,0.21297967890846659,-0.038268963915362025,0.5281109623357159,-0.0386313290498149,-0.5915331352561299,-0.18038566208739615,0.4836887417015498,-0.33674033776177076,-0.08247347161125618,0.6137183368540088,0.2179101359082178,0.048288355286415875,0.7943465296872386,0.44314744040317056,0.1837756744956403,0.8032405246301868,-0.1749977419039856,0.2692786538382256,0.15971659108983377,0.23944412533341972
291,True,2.9199999999999,6.299585194116488,False,False,0.5953193945396273,False,72.7130839950405,-0.0,-0.8726646259971647,0.3021878289900279,0.10631389747048559,-0.34906585039886584,0.1664009214446376,0.20034544794647638,0.294750318722787,0.09610829690459642,0.14635379539888482,0.6166310360900833,0.02693944663290425,0.7160215059136132,-0.3490172106975458,0.05304921599956383,-0.03089762875142173,0.5431605160260866,-7.726250357553699e-08,-0.6425994896719276,-0.16210496242548722,0.11875855590024376,-0.34906582574788986,-0.02906275409830148,0.2003462744126595,0.2947501651290423,0.06986982359178036,0.1465597688529513,0.6166306890802976,0.16514849120978545,0.7076710501361718,-0.3490168626264383,0.21939816702737358,-0.034712978185727494,0.5431599085636941,-0.036237620145697556,-0.6041385742086419,-0.17928159260719875,0.40916283466640774,-0.3398078541597208,-0.07339670625983775,0.5255758001114529,0.23209012128466208,0.050229809859191656,0.6957699136958325,0.48346820914721295,0.1789338308805951,0.7796090874003545,-0.2170504549273167,0.2591508603526556,0.11986205972109465,0.3000691664402918
292,True,2.929999999999899,6.286711402352794,False,False,0.5984389253524652,False,68.59104096656665,-0.0,-0.8726646259971647,0.32101506681746345,0.0920240524248791,-0.34906585039886584,0.17113137904806547,0.19275203101574076,0.2816767646682871,0.10053918462434346,0.14923618079005696,0.6006372894375155,0.0185906084025631,0.7254439481853153,-0.349046931673702,0.05516922994750299,-0.031008428172259773,0.5419616608924457,-7.247509534874519e-08,-0.6369670260907873,-0.14713151276397146,0.09711991394161301,-0.3490658318829104,-0.02078516085486891,0.1927527068809871,0.281676666795782,0.07253854839952426,0.14923727916795493,0.6006370549650294,0.16332274919863426,0.7169911658330813,-0.34904666768127646,0.21242325125299313,-0.03600219949165037,0.5419611771018858,-0.03282645481891576,-0.6138635447512072,-0.1765663253324871,0.34295341898095505,-0.34215752017235285,-0.06407277466359342,0.451157168775217,0.24404859445952842,0.05344993552023285,0.597427091722062,0.5142155367432333,0.1754904268960193,0.7625306090003601,-0.2494870346189956,0.2502312642496071,0.08560713815520812,0.3529860137390962
293,True,2.939999999999898,6.275734427953774,False,False,0.5874870987478359,False,66.73533300636336,-0.0,-0.8726646259971647,0.3228079209063175,0.09255101545399456,-0.34906585039886584,0.1642359815989957,0.16254561907900764,0.31759131339839375,0.09733707113338905,0.11441164332981102,0.6189803332338002,0.016247297325786243,0.6976862843799974,-0.34905908000916747,0.047777866371964295,-0.004385410249359196,0.5222686413477822,-6.565277833187055e-08,-0.6368263282868607,-0.13621712407113254,0.09060252033652566,-0.349065836582233,-0.020420424690413767,0.1625461927999024,0.31759116586867,0.0691890650898473,0.11441260904422446,0.6189801237067695,0.1562719592162343,0.6895744840631093,-0.349058880865475,0.20337968657328095,-0.010603742595858445,0.5222683027991865,-0.02873119255281032,-0.6210955751772845,-0.1720998546263794,0.2865014719872636,-0.34394999999782794,-0.0553298516144144,0.3883287291384704,0.2560389407060358,0.05671203501295381,0.5028438411042355,0.5382477484403839,0.1724383380386336,0.7484463498694,-0.2741964037264067,0.24188176419950438,0.059528992759338525,0.3949461542865308
294,True,2.9499999999998967,6.263996811025611,False,False,0.5751096239785041,False,66.78491702768952,-0.0,-0.8726646259971647,0.3186157457843666,0.11487575915516203,-0.34906585039886584,0.16690498384431846,0.1643188898867195,0.32277571513344666,0.0952518845768527,0.11501917320839172,0.6259805491152748,0.014125439605275188,0.7064369383911591,-0.34906335000868527,0.04414570895978736,-3.1149380492792936e-05,0.5117058962934884,-5.746227017822125e-08,-0.6380338221360231,-0.1275167221941833,0.10676846674253848,-0.3490658401671855,-0.016658900882798262,0.16431933699140605,0.3227755815474779,0.06778412648392597,0.11501994877635957,0.6259803736406372,0.1518824682144929,0.6986081494101116,-0.3490632002750922,0.1960061528548032,-0.00706659516888232,0.5117056627807124,-0.023906564871330565,-0.6265944528996623,-0.1663575762523168,0.24162243517233883,-0.3453145477473756,-0.0475078172220033,0.3365130034355946,0.2684310234897469,0.059409262027069615,0.41909408385945085,0.5579200194986129,0.16930686332413158,0.7368921564739763,-0.29288426800527956,0.23381897652972225,0.04109400060271276,0.4259673144373098
295,True,2.9599999999998956,6.250736753900366,False,False,0.5747864688005007,False,68.11937497695908,-0.0,-0.8726646259971647,0.31652216837303115,0.11978379639583454,-0.34906585039886584,0.16627130867724954,0.1692900639716599,0.32174214488866193,0.09596517810799433,0.11350950284547445,0.6247738938357948,0.010659506325503368,0.7036424542485842,-0.3490638250828196,0.0401750470042265,-0.008150048188180197,0.5088455882061722,-4.7813034111804376e-08,-0.6693881359994295,-0.14601697806938774,0.1568524853017486,-0.34906584289627557,-0.013229684513387477,0.16929039757580658,0.3217420381635611,0.06635795610377579,0.11351011392725124,0.624773760108768,0.1472169855981253,0.6960471466694726,-0.34906371272393016,0.1881023355841296,-0.015652910346067417,0.5088454224572463,-0.018538791481549705,-0.6332221799033592,-0.16178013288080675,0.21130231848269904,-0.3463407367437259,-0.04054753487953305,0.2956662984537154,0.27964182528441095,0.06141365796833535,0.3492750695307741,0.5736604097563747,0.16597478450896475,0.7278574428817334,-0.3069509790179532,0.22590560206351715,0.027400447942730388,0.44831488276459885
296,True,2.9699999999998945,6.235699886275576,False,False,0.568587734162962,False,67.82820803346112,-0.0,-0.8726646259971647,0.3195499963673535,0.10815746166984992,-0.34906585039886584,0.1664966293947316,0.1453059372940492,0.3211197483693605,0.09554442931306319,0.0875065334152643,0.6288693775104564,0.009966465520033703,0.6827863119902331,-0.34906491448724203,0.03473601523054933,-0.01576555685091623,0.507965568926272,-3.707750880974081e-08,-0.6696694211128129,-0.13886857871023878,0.14235351443360061,-0.34906584494864945,-0.009482314519015777,0.1453062379187064,0.3211196654070154,0.06561668646146901,0.08750705685657656,0.6288692670849672,0.14258487593320857,0.6754802322256065,-0.34906483025953955,0.18034227801394914,-0.023609943146348247,0.5079654495860036,-0.01332840302986843,-0.6406824715510888,-0.15830021725601018,0.1912761498291734,-0.34709092467939767,-0.0343130449706249,0.2623816573607572,0.2889885554519629,0.06279224200738351,0.2911472026281311,0.5862530356053944,0.16239613790299384,0.7192080824112395,-0.31749223831671664,0.2180455013828395,0.016248610037432883,0.4643584044281762
297,True,2.9799999999998934,6.218804872643089,False,False,0.5454915134394145,False,75.41641604620963,-0.0,-0.8726646259971647,0.30640465316186244,0.13961242508560698,-0.34906585039886584,0.1607666133867556,0.15120564311330356,0.333437874985854,0.09295930012307217,0.0925623184899956,0.6387040044839783,0.01331335624719408,0.6970218319759012,-0.3490654437362692,0.03233250915718287,0.016480263987524845,0.5015234521749569,-2.665675274612922e-08,-0.6777766388252745,-0.13349852641623727,0.17094444219645702,-0.3490658464490223,-0.007357055557188158,0.15120586531947305,0.3334377860802116,0.06296950045901191,0.09256271555394743,0.6387038995752464,0.13782417852344378,0.6901023477440783,-0.34906538058733033,0.174820391164746,0.008443834238400692,0.5015233777989904,-0.008369443938858306,-0.6482501375277104,-0.15500156472917492,0.17945015654033183,-0.34764031534858997,-0.028783094735185717,0.23558519752514367,0.29743329481222164,0.06352768840062585,0.2439238677069511,0.5970315854198444,0.15858007995165474,0.712024700400197,-0.3253916288785221,0.21037882685604073,0.009579183756605098,0.47540526600595195
298,True,2.9899999999998923,6.202054615353954,False,False,0.5421233194252238,False,75.69554197834805,-0.0,-0.8726646259971647,0.306916501214321,0.12691252638213069,-0.34906585039886584,0.16296619018109804,0.16283238680569992,0.3294995032344032,0.09273662766726574,0.11584036595843375,0.6062427325307977,0.008387034605330898,0.7042002119194787,-0.3490657053966088,0.027926424879416684,0.041613850910383665,0.469387289106646,-1.6738854396319836e-08,-0.6801022901362165,-0.1293178061546545,0.15728242347200838,-0.34906584754780146,-0.0015179968491586017,0.16115505155465143,0.3294994389704683,0.06684562589247284,0.10617673747552106,0.6062427139936672,0.13738167553775016,0.6922159100878451,-0.349065658077277,0.17262400096552918,0.0343668951582616,0.4693873017395698,-0.003734582645400664,-0.6554053748920313,-0.15160129883910992,0.17239608895279007,-0.34803002678394374,-0.023656584553939333,0.2155423701615167,0.3046807855658587,0.06408628377765388,0.20789739419057596,0.6036309128726887,0.15486903998622362,0.7069804084754706,-0.3313062171270519,0.20327528338637674,0.008685842818386415,0.4804221176398964
299,True,2.999999999999891,6.186738974177695,False,False,0.5130813297271555,False,75.07358398288488,-0.0,-0.8726646259971647,0.2835812989444666,0.19224440205790977,-0.34906585039886584,0.16097611572899032,0.19394111479590156,0.31025720572970894,0.09234635623965765,0.1391563253890625,0.5720156950870123,0.010498082908289574,0.7300010329733276,-0.3484371180093853,0.028838787065630107,0.09977288758774965,0.3831512170896451,-7.469150352032439e-09,-0.6932408018451518,-0.12493450540432757,0.22043484435748822,-0.34906584832722276,-0.0010637972779880406,0.19218258076218925,0.3102571947596343,0.06786294096266815,0.13009980773299262,0.5720157584555663,0.13575922403093582,0.7185741277615675,-0.3484370837244959,0.1722365486171889,0.0924006992815804,0.3831514110570522,0.0005541728148833404,-0.6627277249725998,-0.14807456533889585,0.17243568430327616,-0.34832079488170503,-0.019018659103218247,0.20338172745447394,0.30891050787852525,0.06472459837177236,0.18303545374892846,0.6038933404406293,0.15147584681133103,0.7054087977987108,-0.33569464056163073,0.1970938201043155,0.01576175294384665,0.47439480165960923
300,True,3.00999999999989,6.173718492494512,False,False,0.5035777891520737,False,73.29066697275266,-0.0,-0.8726646259971647,0.2778929131562228,0.25826573569714184,-0.34893952394456373,0.16501426923778,0.23253960912129246,0.25486550200604985,0.09628853727515174,0.19600832881149835,0.498641514025852,0.009488006291737438,0.775571293059038,-0.34755253827762705,0.025009507823058642,0.16745531378632328,0.36283581220445255,1.1083434132497585e-09,-0.7003949510724181,-0.11782835704900614,0.2859825151527562,-0.3489395227071081,-8.991220910012018e-05,0.2324137684341252,0.2548656101274895,0.0704665967715074,0.1857035636629034,0.49864172454994843,0.13585882843105537,0.7642940600035176,-0.34755251456029923,0.17453293003485834,0.15946635606160867,0.362836035271818,0.004626648228945102,-0.6703987777213386,-0.14422496695845838,0.18286126234508282,-0.34854218610463994,-0.015016889038778382,0.20014173331693327,0.306387939713266,0.06555699186300581,0.1708458279285014,0.5944836844355708,0.14854309995523785,0.7099127938397106,-0.33888632718054346,0.19215813083865405,0.03269394103486787,0.4596572290911941
301,True,3.019999999999889,6.1606696458565775,False,False,0.5020496508733616,False,73.33537499653175,-0.0,-0.8726646259971647,0.2868963102083006,0.32689802128356443,-0.348963152989987,0.16035736187411628,0.2351546534480077,0.2236742155540287,0.09588662179635259,0.19894148046429647,0.46497342127025304,0.001872116091826398,0.7674519369000193,-0.3484003294810134,0.017967883863085315,0.19181523138796472,0.37460307128033155,9.253277952030181e-09,-0.7032287271204922,-0.10813270143970541,0.3559436460839417,-0.3489631521480549,-0.0019818435079280317,0.23511910539086325,0.22367438055555763,0.06634729570171205,0.18895724737775868,0.464973680032406,0.1296691121898046,0.7568836704336167,-0.34840031048504244,0.16834025335770395,0.1833373654558968,0.3746032428016209,0.007844353046133335,-0.6778392988899361,-0.1396372803073068,0.20428985776470357,-0.34871153232207014,-0.011828808205577255,0.20265618675143554,0.2968904515359623,0.0661812094490251,0.16759576560531375,0.5768070177416948,0.14567100583278123,0.7175993677221396,-0.34071880951660766,0.18791891872349728,0.056077543485908043,0.44329049200149995
302,True,3.029999999999888,6.149063139314285,False,False,0.4975062840699063,False,73.76966602168977,-0.0,-0.8726646259971647,0.2884874474860201,0.3584909166046732,-0.34902681692188303,0.17084934708907346,0.2493659242812068,0.19742693612378234,0.10180642507650119,0.2018323813331826,0.4495985697066803,0.004725786384862093,0.7576426561344776,-0.3488128976154198,0.015025673992798031,0.19221547518950374,0.3893034811375531,1.56886747152557e-08,-0.7086130933692,-0.10158558082203847,0.38950650282215193,-0.3490268162913151,0.006528910729202126,0.24941170306019467,0.19742713514925508,0.07382161445472513,0.1917766074355882,0.44959882418074393,0.13174159401004618,0.7479439167777373,-0.34881288142645506,0.16761711445497546,0.1830525837249594,0.389303588956131,0.00975577838117521,-0.6847561637144646,-0.1343237621699032,0.23306237803658023,-0.348826098144899,-0.008784582836173817,0.208439375438035,0.2824268617216862,0.06703695537254847,0.16875344816982404,0.5553850851412295,0.1430572656027137,0.7247880625885273,-0.34123075596966607,0.184156179216731,0.08029396836663877,0.429846082158589
303,True,3.039999999999887,6.1388584234782835,False,False,0.48900388140867984,False,75.57750004343688,-0.0,-0.8726646259971647,0.28920868882274026,0.3675117370225986,-0.34905932432959547,0.16868910921854727,0.2795307624627047,0.17263277124173923,0.09497734540969582,0.23684828540722636,0.39774043012145677,0.004009143910640804,0.7824112966187798,-0.3490235588195729,0.0172503846931262,0.1704612320919977,0.4445672359340378,1.951151774176596e-08,-0.7139883829419098,-0.09653255819608822,0.40111159604061086,-0.34905932386314403,0.00522624848576273,0.2796560008548315,0.17263299077816774,0.07260338578987008,0.22684917875674687,0.39774074538178616,0.12859597231520414,0.7740152219337443,-0.3490235432315986,0.16224122724149298,0.1611891927577558,0.444567206568934,0.01063599734799244,-0.6911495149368649,-0.1286289641639204,0.26372763860310877,-0.34888448825523155,-0.005920942393796651,0.21779677599323788,0.2646864375957631,0.06809063688974315,0.17444502932226907,0.5302846048027474,0.1406930767532719,0.7326206520634579,-0.3411596755868119,0.1805954107998358,0.10036462749572522,0.4240581456490978
304,True,3.0499999999998857,6.12891708597532,False,False,0.501851888036059,False,75.47754200641066,-0.0,-0.8726646259971647,0.2970611476912476,0.37935506913115224,-0.3490633957873816,0.1702425415152571,0.2571556275128039,0.18066704882162357,0.10127511585069784,0.21121349320590949,0.40985697037470764,0.0010198494669976885,0.7592896724578686,-0.3490499435195606,0.007820148166876699,0.18113064319148595,0.4387762709304092,2.127195215806399e-08,-0.672513888201463,-0.0857995019346619,0.3699549470436502,-0.34906339542956727,0.009465478215982082,0.2573570644695584,0.18066721676378805,0.07355205594662133,0.20133766923986857,0.40985721117726986,0.1260429391134244,0.7516435504668221,-0.34904992770747967,0.1582087299509521,0.1709820427379038,0.4387762418950562,0.010358995016150147,-0.6935562114175194,-0.12238074717615482,0.28957805756672833,-0.3489122006362278,-0.003185116635420003,0.2269831394490098,0.24741630884598917,0.06914184147212164,0.1807524486579784,0.5056339245746383,0.13838950421938268,0.7391324859674786,-0.3408785503112662,0.17701061407001,0.11634342902318572,0.42368469035395745
305,True,3.0599999999998846,6.120709337072844,False,False,0.5199275991355488,False,75.37120801862329,-0.0,-0.8726646259971647,0.33319388880959394,0.35171446894404146,-0.3490649531848355,0.18027921427473895,0.2678892909896436,0.17063533577667564,0.11401757909185523,0.21860239820170982,0.41412967686951596,0.01301772247992841,0.7694850700297399,-0.34906003608756475,0.018751013744354054,0.17429985607065263,0.435416857913771,2.071794858934939e-08,-0.6616828493602738,-0.07269049311514571,0.34415440046884443,-0.349064952879331,0.01578792349443197,0.2681698132862971,0.17063548933853553,0.07868608496748872,0.20237155942311097,0.41412985987772555,0.12730633501094574,0.7681426835436391,-0.3490600197238567,0.15743542384851894,0.16222345169557395,0.43541683447113255,0.009174664832109202,-0.6915850845488132,-0.11519573367477202,0.3072588407842155,-0.3489285581261653,-0.00018507627166855557,0.23504419948533803,0.2318966421171714,0.0704865799820103,0.18572209841932383,0.4848864115226811,0.1363681438069496,0.7447784741634818,-0.3405579703260728,0.17361134406977075,0.12853878895745208,0.4250637064561243
306,True,3.0699999999998835,6.112848553574594,False,False,0.5334859657767946,False,75.95254201442003,-0.0,-0.8726646259971647,0.353748084427437,0.32781700906898176,-0.34906541486838133,0.1806680583494566,0.2673451058632356,0.16555488726657944,0.10941016650052424,0.2407025808400077,0.39843113696527416,0.008504563940455769,0.7804291341464351,-0.34906302798444455,0.0077205907523279875,0.17971243845206142,0.4308888392738146,1.8349292965277875e-08,-0.6542752321907249,-0.0627670983440764,0.32114270374063175,-0.3490654145946684,0.013540011643311513,0.26769985702419946,0.16555501987367344,0.07584823297078314,0.22509051623733772,0.3984313098434193,0.1229704407829938,0.7773809100461992,-0.34906301098165077,0.15209286127894714,0.168453059841959,0.4308888274309863,0.007547777257333589,-0.6870253199228111,-0.1071835334509801,0.3167934994580406,-0.3489407727962006,0.0026643103627229233,0.24212786105916875,0.21812896199686563,0.071799775395615,0.1913760337759115,0.4670666625711554,0.13442537991151596,0.7507834025392884,-0.3402698114563545,0.1702528161165057,0.13794794125719662,0.426502781472076
307,True,3.0799999999998824,6.106793890324119,False,False,0.5144697351123687,False,74.62012500036508,-0.0,-0.8726646259971647,0.3383447174620141,0.4011304353948351,-0.3490656234107233,0.18791711158343052,0.2770809961755625,0.16062445668806802,0.11604245812489133,0.2502197320636822,0.3878116106580775,0.018691297008252804,0.7856824538148547,-0.3490643794235152,0.017657554222857984,0.18279624755513363,0.43757408693355276,1.509552432013561e-08,-0.6589527977176928,-0.06110907564824609,0.3945357308163224,-0.3490656231610226,0.02039892734302847,0.2774992676177257,0.16062457163345825,0.08214320630781956,0.2319688051133038,0.3878117691395224,0.12598083240778848,0.783951176179206,-0.34906436185767453,0.15271926660560226,0.1728433911520929,0.43757406423698186,0.005742864345694781,-0.6821543209404882,-0.09929242796191474,0.326733929826525,-0.34895135111233905,0.005553697236003,0.24874557428631147,0.20610031498062806,0.0733096629991249,0.19809949550420777,0.45108241442249875,0.1327949585190818,0.7571349791691919,-0.34003773309457563,0.16713780974083975,0.14570644005458477,0.42814449166974944
308,True,3.0899999999998813,6.099510005435135,False,False,0.5146576480721987,False,73.88270803494379,-0.0,-0.8726646259971647,0.34754803287407615,0.3642130223441563,-0.3490657406656845,0.17750187655262972,0.2832448004628451,0.15888463341166606,0.10682790357261722,0.2634160011596157,0.37338797071226465,0.010428890741840034,0.7899381076053775,-0.3490651392832846,0.012748918555872811,0.18157869180387606,0.43627888546566884,1.148570571811447e-08,-0.654042414891585,-0.052799290672901976,0.3574342555449746,-0.34906574043690586,0.01490048897939437,0.2837062425710042,0.15888472784478283,0.07524275673201584,0.2466244893033995,0.3733881261016749,0.11803232805450734,0.7879123293195752,-0.34906512123145894,0.14447643838392868,0.17162133975634156,0.4362788691273417,0.0038868960459953923,-0.6774561429259838,-0.09162958084738579,0.3356410142871178,-0.348959777733782,0.007990302197979766,0.25526999193027766,0.1958586496520181,0.07447430056304256,0.20590910738991594,0.43617156517052913,0.13100635653526985,0.7634793964833557,-0.3398632953979506,0.16388576324786303,0.15197282355503575,0.42983513888543146
309,True,3.09999999999988,6.091644944234768,False,False,0.516534125691923,False,73.27033398905769,-0.0,-0.8726646259971647,0.3546219117897258,0.3672205683971382,-0.34906581147840127,0.1809947100617518,0.27758480129898666,0.16566715541930752,0.11076910725557967,0.2422725671018331,0.37027603564641265,0.011297942766784079,0.7868634575331578,-0.3490655981784485,0.006803122024828845,0.18425788438373392,0.42949256210206527,7.773776543491817e-09,-0.6496050553161069,-0.04550236252862106,0.36017806820250636,-0.3490658112663342,0.022763332685578445,0.2780854014332618,0.16566721563183306,0.08106967801300813,0.22801202180193816,0.3702761673589371,0.11992413494275007,0.7837145344175219,-0.3490655797517603,0.14412722920642154,0.1736472844475745,0.42949256328463553,0.0018860696106713386,-0.6728196732733146,-0.08404770402195051,0.34188252872012986,-0.34896741844514917,0.010337363924163663,0.2608043808935375,0.18801673748944903,0.07552764032920083,0.21243619281227347,0.42266997358829317,0.12918750920774882,0.7689316907708509,-0.33974280623687875,0.16059916679357808,0.1570110971253658,0.4307793125997861
310,True,3.109999999999879,6.0755604858925,False,False,0.5053828700064095,False,73.42391699785367,-0.0,-0.8726646259971647,0.3424203993808554,0.40321002472788153,-0.34906583396725904,0.17285236012867003,0.2853783334934065,0.1613672977071742,0.10184709662272828,0.26282064113895215,0.37350359372381753,-0.007075439999659601,0.7722842456489922,-0.3490657439153801,-0.00019779624011500782,0.17890158708800985,0.4299615983918973,3.772131676460511e-09,-0.6528131299619769,-0.04320645592401974,0.39583640666427417,-0.3490658337704284,0.01717313202200742,0.2859190327094948,0.1613673510125064,0.07483044997983765,0.2518053547661156,0.3735036920653052,0.11317166273455326,0.7677314980414278,-0.34906572527151747,0.13629936924740896,0.16814967334173908,0.42996159999011196,-0.000107393440775772,-0.6688888267166313,-0.07694281924690004,0.34919336898777303,-0.34897357163474263,0.01226472425873991,0.2657000260428611,0.1819889245482775,0.07618599903451856,0.21878338524677865,0.41144275094119426,0.12712924207243775,0.7720445216018045,-0.3396708612544054,0.15707031625229112,0.1606248734951047,0.43113589367367705
311,True,3.119999999999878,6.05782489316673,False,False,0.4858471055358829,False,74.04066598974168,-0.0,-0.8726646259971647,0.3279663539901873,0.4966087888233035,-0.3490658503988659,0.1710706826096238,0.3977331149751331,0.08544280370836026,0.11022217052009944,0.35763820923911854,0.3643486316231296,0.007086295380369261,0.8157378262222841,-0.3490658503988659,0.024271751456184053,0.2532992497771264,0.3710124637130617,-2.1478645203826686e-10,-0.6625030410631773,-0.046369596130450705,0.490459715054521,-0.34906585021430875,0.014659949867033551,0.3969697029354775,0.08544299682040257,0.07631286441358869,0.3413617703317508,0.3643487258231145,0.11512105094743302,0.8149302208910247,-0.3490658317326747,0.14289783591389837,0.24379496943019652,0.3710125812512343,-0.001036032948716801,-0.6667092127348742,-0.07110960513095846,0.36483086629911476,-0.3489899918821457,0.013389800009900442,0.2787073141164353,0.17118293498792952,0.07648042646740696,0.23212195556216308,0.40179586868286865,0.1251008446287615,0.7768668655954009,-0.3396333050173363,0.15405410211408077,0.1689448042996094,0.42658807517352765
312,True,3.129999999999877,6.042802565117241,False,False,0.4801893342395408,False,73.16750002792105,-0.0,-0.8726646259971648,0.3432027098604608,0.5692937530462001,-0.3490658503988659,0.1298693651930231,0.5694273297248846,0.03906146667517408,0.10306303436161214,0.5701210630584167,0.27380112314805727,0.020759440934602257,0.9366696900056486,-0.3490658503988659,0.05896013583109339,0.41820104490624105,0.22672674339186968,-2.0720617539479735e-09,-0.6595363202056721,-0.041239329735336644,0.5647753167339475,-0.34906585024714915,-0.005249891358535333,0.5618145344214327,0.03906173099034932,0.06744084545483678,0.5606189000794253,0.273801379179942,0.11256192795713332,0.9361565971504549,-0.34906583198128377,0.1547617556714271,0.4103452143779287,0.22672713350652718,0.0005822961104510347,-0.6657033397850897,-0.06631207075216464,0.3914654563797846,-0.34901548502328555,0.012532611274292577,0.310586799675304,0.15304405244580505,0.0760538006257175,0.26710613744300676,0.38629398733081244,0.12321131096833106,0.7929321064270706,-0.3396106915245046,0.15268745366925254,0.19414494091257725,0.4068695575721955
313,True,3.139999999999876,6.0275627359559065,False,False,0.3933293397947138,False,75.18504199106246,-0.0,-0.8355488682517445,0.26929634904055366,0.6423591230475016,-0.3490658503988659,0.0943939126382188,0.6997756651531496,0.005886071260767199,0.09270885524536072,0.6697952908878094,0.253979060832816,0.012844547828265714,0.9699044770995263,-0.34650831799479703,0.06806843834575821,0.4698614481195631,0.14064616160828336,1.164589891861599e-09,-0.665309768699163,-0.039905100894361625,0.6409102401633234,-0.34906585029813536,-0.018385205843770413,0.7003074978136414,0.005886365586943637,0.05816148310612566,0.6565236925859164,0.2539793254677899,0.10600765681304695,0.9696474115900817,-0.34650830420321777,0.1534893550261254,0.462530008745341,0.14064669397575796,0.003781260594081738,-0.6655270231938117,-0.062118691414763,0.428308515828644,-0.3490383964650997,0.00923750677740651,0.36348297394181306,0.1296193966660315,0.07438330190673621,0.3227521354567377,0.3651814505738081,0.12099119885448005,0.8189798563218179,-0.33958941491575595,0.15247197495833617,0.23379146225750794,0.3709860558367165
314,True,3.1499999999998747,6.009183229181287,False,False,0.2416917505507657,False,75.10000001639128,-0.0,-0.7711577477295971,0.12047595185767004,0.7476786608807802,-0.3490658503988659,0.05730177372710533,0.800149619758262,-0.04027603039213034,0.0839809103374933,0.7700980327495626,0.2229057232571675,0.0008526279420869327,0.9383757230493878,-0.1763709563912516,0.08806522476736972,0.5193480257063111,0.034690546536082056,7.562506063648472e-09,-0.6815667710474896,-0.04273165602504656,0.748473829344585,-0.34906585034395815,-0.0359846284624349,0.7969645924164017,-0.04099140670668283,0.0463729593536099,0.7602041738112784,0.2229060078620904,0.0983390898738538,0.938468170040375,-0.1763712828199404,0.1512213026215601,0.5135653599745614,0.034691219292823594,0.006876523701978333,-0.6671407247658491,-0.05870642062622745,0.47639305343211724,-0.34905792239513067,0.003460281297670143,0.4316918504227908,0.10186334808720257,0.0711309596088198,0.392180940663558,0.3411037021578782,0.11803198092178899,0.8449585356408458,-0.3267084245572712,0.15252205119983278,0.28071303052409274,0.3211412981010763
315,True,3.1599999999998736,5.990420783418212,False,False,0.11116531075854448,False,75.52425004541874,-0.0,-0.537173572553639,-0.05506208370333052,0.733571526622491,-0.3490658503988659,0.019233506023388462,0.9283135479080041,-0.09828166045906041,0.05718008012310834,0.9254064755688287,0.11711816983013426,0.017666008730165404,0.9296300171226164,-0.12318376811229795,0.1292514105235811,0.5131209375209483,-0.03520278360539897,1.3753019899136187e-08,-0.5371738324874236,-0.055062090991989755,0.7335710122665733,-0.3490658503830099,-0.05170940120142266,0.9254765864443346,-0.09906309520468914,0.04094165209245074,0.9181665326503796,0.11690786302920314,0.09847007949508564,0.9299455297074062,-0.12318417520035296,0.15083995313734208,0.5109852598667346,-0.03520207125115943,0.00903635762661282,-0.658693413148005,-0.05702164100295838,0.5262976605503744,-0.34907847631239475,-0.0045856393891473566,0.512002560719072,0.06924697050969743,0.0666873853384898,0.47469557938483947,0.30909232944583254,0.1147879989505893,0.8660976014091176,-0.2996267018649018,0.1525553314386019,0.32694812959483205,0.2619657846949263
316,True,3.1699999999998725,5.988894320784297,False,False,0.2668628655457678,False,80.10641601867974,-0.0,-0.524204147402997,-0.04115283723286532,0.7622979225467774,-0.3490104283860137,-0.06854191569776583,1.0169396599271117,0.32038334828649895,-0.016817478932380753,1.2281177650567054,0.0035456569965142265,-0.008402249621302309,1.0271391254254625,-0.04093409087474911,0.1421992875518887,0.5111324252242206,-0.0014156085420452616,1.8072679106723166e-08,-0.5242044163809906,-0.04115286897040939,0.7622974505471976,-0.3490104285221093,-0.18953067656067607,1.0103166144473477,0.3177893065410772,-0.07881050211702566,1.1047795078636151,0.001944475560321346,0.14295478164358538,1.13695886798482,-0.019240153977852115,0.186960327144591,0.5060939490700699,-0.0014150817740812283,0.010906434294425124,-0.6404907069723776,-0.05567559697689711,0.5728666666538139,-0.3490855496775161,-0.023610966417191914,0.5992511055677282,0.06907088643545294,0.05318154441728347,0.5666110168809945,0.2645497970013395,0.11503757044175886,0.8981508999134675,-0.25992362654460327,0.15528327501434433,0.3670404473299307,0.2059838883118163
317,True,3.1799999999998714,5.975774677034768,False,False,0.6606684795028493,False,92.84424997167662,-0.0,-0.4553844886079378,0.020549413436432813,0.6699866891814125,-0.3490610824190287,-0.1439138509826927,1.1692937387078246,0.2814612569929187,-0.11635215053045302,1.4315890335599066,-0.045984613109155234,-0.033597222710539845,1.1038366377606457,-0.04781736674359828,0.13193744405692065,0.5594590189967417,-0.09643282173848464,0.005453228053625044,-0.5479377830563812,-0.027837798488448556,0.6214265807996769,-0.3490733160727396,-0.15086046661309171,0.8804542133773339,0.17376584163567937,-0.046414093342152754,0.95477602230634,0.10834941842559023,0.12091325766911157,1.0354861575742784,-0.14592157995696325,0.16712060877402934,0.46056435506531535,0.05477583571311295,0.010206147509017232,-0.6213841280013349,-0.05272748614874114,0.6030194142058031,-0.3490462147029401,-0.04758326193930901,0.6728384374248607,0.08698227219750533,0.035047283398319785,0.6525071966827192,0.22424694052555577,0.11672654762089939,0.93143399970686,-0.2256209138957005,0.15867012202843528,0.39604380337328143,0.16359903704918471
318,True,3.1899999999998703,5.962989614998938,False,False,0.689209843283041,False,94.35116604436189,-0.0,-0.2843438426102489,-0.15089030827645503,0.7063015976187297,-0.34906585039886545,-0.15626650567620265,1.242531331781312,0.45001217101986185,-0.2670230503530676,1.5101455600599742,0.04677843893761614,0.028232254443065978,1.1588533336196492,0.016577411057103156,0.17467760050052403,0.5817922136040983,-0.11436369110547125,0.005103083960635712,-0.48472206671613527,-0.10180879886687186,0.6546604026213904,-0.3490560325312671,-0.18294348200752916,0.9521217705325753,0.2663631659884418,-0.06476081991950214,1.0611947390562628,0.13428834266449297,0.11980993479258882,1.0562477439425404,-0.10141674827783083,0.16845173165062727,0.4887110468857844,0.024617950899705365,0.00767829813501,-0.6001561531547128,-0.054633554224042216,0.6201125328299666,-0.34901870579053906,-0.07197998753927942,0.7330171238651095,0.11183115296971417,0.016721659173991116,0.731366878321988,0.19657142323892826,0.11794704924014038,0.9593387714911501,-0.19883480083535307,0.16134012765914443,0.417627623129456,0.13146523530199344
319,True,3.199999999999869,5.987961361769573,False,False,0.6863108965829374,False,103.93895796732977,-0.0,-0.18840990807029395,-0.29783845870958114,0.7564595292298744,-0.34906585039886495,-0.07413666078865361,1.377416452445395,0.3702054846042821,0.03797988718454193,1.5534173567587477,0.1926026721816046,0.09887925382846191,1.166629166853622,0.08775277726734552,0.2673640199048785,0.546351307160479,-0.05863290655086967,0.003839156745787779,-0.44930873358234524,-0.17623576330147633,0.6882858946852057,-0.3490422780475575,-0.12936029573606367,1.0507519552021805,0.2393818477806473,0.0005086295441545791,1.1005386936098347,0.1835024059667454,0.193866483904061,1.08528747494059,-0.050868456537444706,0.224216407201074,0.48082483014657407,0.03641635439004633,0.004695433823073035,-0.5754577439832939,-0.06697812481107156,0.6337454015755841,-0.3490097157642601,-0.09099813546876773,0.7911299774415858,0.13794478750612607,0.004532250267972619,0.8054573822934628,0.1821521514699792,0.12437079141283934,0.9848133828446575,-0.1725319084811526,0.16765902713649003,0.43420282539307214,0.10701601111301855
320,True,3.209999999999868,6.0515557883464055,False,False,0.7035753726860862,False,106.44195799250156,-0.0,-0.22470024866543292,-0.3490658503988659,0.7920851182605043,-0.34906585039886556,-0.07297536774373517,1.4523617035052676,0.3281328905114095,0.24606999759200995,1.5882496193148399,0.23864824644808832,0.06437651760912451,1.1768668552707902,0.13747176051537574,0.23382955358968502,0.5675104084240755,-0.05396950804833913,0.0023477216069609503,-0.412093644459416,-0.20802170548754495,0.7129151015770678,-0.3490377830254283,-0.11951030498151122,1.1189245038972409,0.2320486535471859,0.020129523779277465,1.1449871758285324,0.19740362845023016,0.21121945807005232,1.1064396037626383,-0.013067381964866759,0.23806251785514915,0.4884952221985228,0.026523412512867106,0.001413262263745718,-0.5480526778525587,-0.08757524746137146,0.6475565147708376,-0.3490067392699754,-0.10277878728962583,0.8507826906257233,0.15986442800599202,0.00024798270503336844,0.8740777674783208,0.17772780603740293,0.13641647773213816,1.00906357999333,-0.14458500721147857,0.17797864770193927,0.44710473269873363,0.08820923177413789
321,True,3.219999999999867,6.135382129448874,False,False,0.6869619522030642,False,106.32045799866319,-0.0,-0.22192647338912413,-0.3490658503988657,0.8038866793480649,-0.34906585039886534,-0.01446112713126809,1.4196442770502455,0.41557930780646063,0.29634473913652565,1.5882496193148397,0.28968842922877036,0.06720697317202307,1.1941481555921594,0.14135291120276974,0.22697729359088778,0.5754936324216461,-0.058734538893090944,0.0007066325451322963,-0.38498990178092785,-0.21832028744076384,0.7257214407296373,-0.34903629477530934,-0.11209929513774188,1.1311919355785216,0.28634734869586664,0.03392453245064969,1.1691619165371372,0.2196949062461293,0.23363591450566462,1.1236616048536703,0.0027316807954367583,0.2571309925941181,0.5041120310864576,0.014737493381132671,-0.0023623460277501338,-0.5192511431645926,-0.11124038933393376,0.6617565082041459,-0.3490060254225334,-0.10917624368472585,0.9077702608026961,0.1815629068283378,0.0016318216198996744,0.9361664152298494,0.18013950413533836,0.1518643171076383,1.0321633095140248,-0.11654681658894889,0.1908105381653724,0.45849812591902406,0.0725555187197287
322,True,3.229999999999866,6.20976433861663,False,False,0.7060762909586804,False,106.22750001493841,-0.0,-0.20171250050575693,-0.34906585039886523,0.8227125920298076,-0.34906585039886495,0.027025591616491464,1.4191191490580777,0.4305093347342215,0.31160890786032136,1.5882496193148394,0.2881311389433572,0.08024376554019916,1.187960885626175,0.18266270532495177,0.2232320628585597,0.5688980658683499,-0.04169238076716617,-0.00118117537621637,-0.3604821397902317,-0.23015288199102701,0.7422343891585392,-0.34903593785087433,-0.1442979065638501,1.1489306115677231,0.30217762514205315,0.004354511775174916,1.1723309188113382,0.2152756955872193,0.21062384156390812,1.0766044564306216,0.03766612315556167,0.29001457991601326,0.5136979852260256,0.01543168317714369,-0.006881287359799905,-0.49030214298084035,-0.13474255353984152,0.6762417034655558,-0.34900634839844835,-0.11471153527278684,0.9589561443702088,0.20400753572107921,0.0035968976827580514,0.9896620933276548,0.18557696161757137,0.1661231976880975,1.0492579238437065,-0.08833617164566444,0.20646440902211805,0.4692764196371801,0.05960043816568022
323,True,3.2399999999998648,6.271456254448235,False,False,0.6523630356505394,False,108.29674999695271,-0.0,-0.20171250050575693,-0.34906585039886523,0.8227125920298076,-0.34906585039886495,0.027025591616491464,1.4191191490580777,0.4305093347342215,0.31160890786032136,1.5882496193148394,0.2881311389433572,0.08024376554019916,1.187960885626175,0.18266270532495177,0.2232320628585597,0.5688980658683499,-0.04169238076716617,-0.0034406505611735494,-0.3460076105547851,-0.24190398772865288,0.7494770012816144,-0.34903609933915475,-0.1375220077536277,1.181033401375482,0.3145925989468757,0.019937309664493842,1.217130447468732,0.22218692140762222,0.2244756488581308,1.0664418494843144,0.04533509687359098,0.2870669157191785,0.5190871427870677,0.00895412994617599,-0.011802176354072588,-0.4625798529776818,-0.15682192429658487,0.6903763932466973,-0.34900757031152707,-0.11995692867500034,1.0050424141551038,0.22571358063778876,0.005651016998995012,1.0370207687110495,0.19195189280503547,0.17843879828965367,1.059380028292447,-0.06139412915144171,0.2226068405290049,0.4793714299598337,0.0487830473955609
324,True,3.2499999999998637,6.325415465187756,False,False,0.6081478669340497,False,109.62629201821983,-0.0,-0.23170858612155926,-0.34906585039886545,0.8712225176760466,-0.3490658503988651,-0.0137651602759764,1.3982619530151392,0.45187624835030105,0.30343740239458816,1.5882496193148394,0.30232266631775456,0.06304400688917607,1.1605178239987846,0.2704533429744975,0.22157260692451403,0.5722950445750331,-0.03137361015339316,-0.005901099979189043,-0.3471444507168094,-0.2529436950596787,0.7807992746184325,-0.34903671029691613,-0.14062788542569582,1.1949475133647531,0.3365796346429773,0.023949562143685717,1.2539598466176938,0.23512015916345863,0.2315373585035953,1.0618776970120611,0.10139914447994006,0.2805665901042781,0.5256211209996197,0.008704798824336307,-0.01669607393765411,-0.43812413619471374,-0.17706538253639822,0.7054700063449751,-0.3490090911878185,-0.12446048620413652,1.0460444823134205,0.24679876067192544,0.008407267912900822,1.080928482318373,0.19922563435700377,0.18959535326176635,1.064661882782958,-0.03343194132850804,0.23656605194711594,0.4887589578006779,0.03983833979228778
325,True,3.2599999999998626,6.3612532001429685,False,False,0.724444294649437,False,120.32391701359302,-0.0,-0.23170858612155926,-0.34906585039886545,0.8712225176760466,-0.3490658503988651,-0.0137651602759764,1.3982619530151392,0.45187624835030105,0.30343740239458816,1.5882496193148394,0.30232266631775456,0.06304400688917607,1.1605178239987846,0.2704533429744975,0.22157260692451403,0.5722950445750331,-0.03137361015339316,-0.012522063801260856,-0.38652035159090253,-0.22006541341813085,0.7469080513067314,-0.3490232809622006,-0.14143154322224483,1.129795016822132,0.29666150110511136,0.008678363589529992,1.1686885112156398,0.2238030766352267,0.205643173910451,1.0766627879433048,0.04253922776837427,0.25267646394547083,0.5096429381286964,0.022035387974851234,-0.02220804238965902,-0.42085592631289864,-0.19198338359417905,0.7178446504914046,-0.349011118508643,-0.12830392760021161,1.0758077075298964,0.26293198955748753,0.010143545985917773,1.1133546142326018,0.20572052140901667,0.19728482700031624,1.0682610000719894,-0.010855178991007346,0.24567201569051653,0.4957494615972977,0.033747196102721096
326,True,3.2699999999998615,6.385619503066528,False,False,0.6823031605990021,False,124.77058300282806,-0.0,-0.22361835844143882,-0.3490658503988654,0.8477547458546075,-0.34906585039886506,-0.007890102593594068,1.3873587775060618,0.49193971813009946,0.285680310642581,1.5882496193148394,0.2998202094463584,0.06079013167088344,1.1369011467624528,0.26745669202992045,0.2297668202957783,0.5405326700308465,-0.028640408914452162,-0.016656042896243253,-0.37154663299389334,-0.23125392170973896,0.7503221093798893,-0.34902480145383263,-0.13717573808701697,1.149764693929329,0.31891170499253185,0.0168483554034108,1.1849876460295863,0.22808857484915085,0.21867903424662521,1.0780761694416379,0.058722649628842556,0.26960747286695547,0.5069452410648989,0.018150325997679663,-0.027868297811968146,-0.40890319891125687,-0.20261811436837812,0.7265969558808779,-0.3490143695393039,-0.1311346969768572,1.096514332893805,0.27535381700703854,0.011301342382001105,1.1352857699950227,0.21102380931751932,0.2026495632990029,1.0714434960508605,0.005890954590219059,0.2519092092124886,0.5001679198012065,0.02974717527866696
327,True,3.2799999999998604,6.407074146666754,False,False,0.6609417980128887,False,128.79616697318852,-0.0,-0.2047710932722468,-0.34906585039886556,0.8559160615438048,-0.3490658503988653,0.026510086850572274,1.410646131795964,0.4471940219743786,0.2863588093453253,1.5882496193148394,0.3149596600257195,0.07771794327250944,1.1305431901729022,0.2566049077400445,0.22582550485934363,0.5190807853532804,-0.02866165143706013,-0.020901237293097147,-0.3578702750988753,-0.239229975148206,0.7589266676374179,-0.3490272397284539,-0.1357377275125816,1.1691375284617453,0.31661750122045684,0.021965727418293626,1.2021314121910154,0.23677880271412907,0.22557070730732698,1.0772571827048982,0.06856931753916408,0.27597849450872863,0.5048961267507086,0.01514499780790812,-0.03308945823847777,-0.3989377432473266,-0.21136099157401156,0.7335953631749565,-0.34901662742794537,-0.13294694976947147,1.1133095152517751,0.2854537584189289,0.012767336360020086,1.15220221016712,0.21601939134193612,0.20744791905612223,1.0740931142084809,0.019728223178779248,0.257345533370462,0.5027897767052562,0.026678713595511026
328,True,3.2899999999998593,6.445551532184726,False,False,0.4948778159708887,False,106.51495901402086,-0.0,-0.20544721663962712,-0.3490658503988656,0.8529268053146354,-0.3490658503988653,-0.0013814344668279174,1.41176164052085,0.44551820904089423,0.29514901252622505,1.5882496193148394,0.3153690907677187,0.06690796162814171,1.1362949581846369,0.2566873597169704,0.23144179201775922,0.5122407652842765,-0.03533964561494551,-6.617878410553057e-08,-0.35490890057860364,-0.47759532988641873,0.7734182051981894,-0.388632683002218,-0.11653738882429719,1.2643597393879826,0.35260228078960554,0.06790149236799609,1.375989292372115,0.30708718030859233,0.2839861765340612,1.0891580942353007,0.2566868858423796,0.32324259678050177,0.5122407447951034,-0.035339521914315705,-0.03548384719978203,-0.3900158216341385,-0.2370739971261479,0.7406320222348818,-0.35207699297185735,-0.13269168043239862,1.1346566010014811,0.296114632685992,0.017917996370749232,1.1789336593917927,0.22602380248110265,0.21620557379650565,1.077077410617028,0.045992130020136586,0.2656792180366076,0.5050376284264959,0.020289744578852992
329,True,3.299999999999858,6.494886114231148,False,False,0.4660979610145837,False,104.66241702670231,-0.0,-0.2137768847632425,-0.3490658503988656,0.8600529278770559,-0.34906585039886534,0.024834152681051845,1.3965844104505358,0.46035165555619795,0.278962384752582,1.587992377311627,0.3251273505083165,0.09272100503654487,1.1339652528560094,0.2674053425893677,0.21873096501691772,0.500803893926015,-0.02621564257878625,-7.096755247348874e-08,-0.35627306402096853,-0.46910579530277247,0.7788839225910223,-0.38931172926496144,-0.11273652311320173,1.2649925541229492,0.3774795553602637,0.07536117909381658,1.386690775387301,0.3153666336730715,0.2855807632500766,1.0846283956326668,0.2674049001120293,0.3162730575986309,0.5008039016710875,-0.026215549442283298,-0.035712617715793454,-0.38264104564060697,-0.27530524519340455,0.7477888296030366,-0.3575883035841212,-0.13060158711585873,1.1590815029482833,0.30911635261229675,0.026357667347599326,1.214154796772115,0.2402765342222292,0.22797093251946657,1.0799552013055256,0.08231110469797448,0.27555603190415423,0.5062626456088801,0.012061643211074148
330,True,3.309999999999857,6.484506258447451,False,False,0.46028072351947,False,99.70341698499396,-0.0,-0.2155432682070492,-0.34906585039886556,0.8580589628645302,-0.34906585039886523,0.02475396208673479,1.4127094444806054,0.45219635425883603,0.2698819212608155,1.5880776864060744,0.3293774833827191,0.09377663492956984,1.137422757824535,0.26903429038982085,0.21349380262572343,0.5104868627527155,-0.018654850657712364,-7.142509257651586e-08,-0.3237756424375142,-0.46173374864050376,0.8451158794284044,-0.34958601973407843,-0.08134574172442725,1.23721290884111,0.33692335398787443,0.10338467111514149,1.3861938605005983,0.3200903729912083,0.30559663579426566,1.0757549278616967,0.2690339168671764,0.3347493371988376,0.5104868537732127,-0.018654789228460266,-0.03546622651442779,-0.37456039704070926,-0.3134732126392087,0.7593540042305278,-0.360462794065193,-0.125397376106879,1.179892430991426,0.31935916232552314,0.03765503716215444,1.2493225694172052,0.2553434244184923,0.2412336774390689,1.0816163053175913,0.11896174627861399,0.2860735705527873,0.5070768339956754,0.004964352155688158
331,True,3.319999999999856,6.437562625317551,False,False,0.4567301518134,False,96.50545800104737,-0.0,-0.18347925402053228,-0.3490658503988656,0.844583202557418,-0.34906585039886556,0.04328718617179533,1.3877100772440931,0.49493265726692076,0.2661210324095918,1.571913199832179,0.34463957194130174,0.09373299898530822,1.1318203736062513,0.2647368709874345,0.22338458019136548,0.4951960838894032,-0.02448656377097793,-7.093231116361842e-08,-0.2881005560678494,-0.45730782195577335,0.8278428275821504,-0.3513348831504249,-0.07370993498232804,1.2028829332766207,0.3842416439391976,0.10640246987995838,1.3748029024340493,0.3360167111086798,0.30928309830718076,1.0790069897089067,0.2647365794650897,0.3323123571979834,0.49519610770423816,-0.02448650486819927,-0.03531333625310169,-0.36311929553320554,-0.3465853977120518,0.7725201602432469,-0.36057617036671075,-0.11769957051811693,1.1930710128241035,0.32947501484168734,0.050151569030900595,1.2795973172941835,0.27045826387604777,0.2546541091990562,1.0824972534839294,0.15115404494966153,0.29618928390011895,0.5068316867549618,-0.0010105850157286237
332,True,3.329999999999855,6.415518872192381,False,False,0.43081887094532934,False,95.95208399696276,-0.0,-0.1627794523522201,-0.3490658503988657,0.8045932830966254,-0.3490658503988654,0.02768123365610074,1.3971852876492128,0.491962889833843,0.21289987478367647,1.5812506872426986,0.32097735333988,0.0874399098209815,1.1204668385715213,0.285069835454099,0.21476032934832787,0.4798152171140176,-0.009588817410015266,-7.062653126221896e-08,-0.2725955122455354,-0.46046993786651114,0.7872520855416573,-0.35116195648232984,-0.0764407678326186,1.2079126130114197,0.3733748060691046,0.11796693189256582,1.4177461618104008,0.3130036405474206,0.3110558380603914,1.083507592138278,0.28506956762882024,0.3277469279331547,0.46736264360192586,-0.009588800246840373,-0.035102993027509105,-0.34892010592441763,-0.37380097641663973,0.7810274973978347,-0.3595860607728617,-0.10977629365104301,1.2006337154840283,0.3393041163535092,0.0627151175931114,1.307223732016649,0.28259217342879844,0.26689219418488597,1.0834122783500468,0.17919290657446843,0.3045710937502056,0.5034875999015472,-0.004859699316890114
333,True,3.3399999999998538,6.4516640626781685,False,False,0.4071976371358701,False,96.5525420033373,-0.0,-0.14595285001520014,-0.34868521869079483,0.7982638813241102,-0.34906585039886556,0.033349316955664086,1.3856105095477904,0.5103484867589037,0.18389071066721036,1.5757139355824827,0.31794106315876103,0.09676708866045891,1.1082585791933357,0.28647957371402955,0.2064920706017252,0.46414462445661203,-0.007757276417762837,-7.020584565087251e-08,-0.2520316733694204,-0.4527334945512495,0.7828315510059416,-0.35084179155820955,-0.08723740487763484,1.1868570099348585,0.38603052675635807,0.11676625167910018,1.4438349559011403,0.3112547498233523,0.2951335178635182,1.069834460340717,0.2864793587533465,0.3117382351826041,0.4520655187990865,-0.007757270622040185,-0.03484644094459397,-0.333027507047611,-0.39493515870912205,0.7847635238319969,-0.3582330182703615,-0.10361429032439279,1.2036328335333304,0.3484313849506479,0.07420493050154445,1.3341903405057798,0.29104758643567624,0.27609084365352277,1.0834529085355242,0.20317155640736703,0.3098981028041849,0.4969963408725574,-0.006679711183827846
334,True,3.3499999999998527,6.525231075579094,False,False,0.3912941732980321,False,95.11641698190942,-0.0,-0.1554060617205808,-0.3489384902926097,0.825314771473794,-0.34906585039886573,0.048303548514171596,1.377243669449425,0.5269490739588624,0.1845949028808319,1.578915028444555,0.32719874958549555,0.11956926992368332,1.1118501780906103,0.3058158364079566,0.19572998690316093,0.4737544789937597,0.0007458049620585969,-6.969274248674884e-08,-0.26116321575737045,-0.44544116255442695,0.7959988529614398,-0.35093876305933597,-0.0807412364596161,1.1767037207825795,0.4077301202795557,0.11990474366944931,1.4632732387478253,0.32246189642838374,0.29174426695105493,1.0893304542109168,0.3058156306610894,0.3087571635767364,0.4610232927194556,0.0007457901128131456,-0.034373796399444004,-0.31821422350426987,-0.4102463308520054,0.787019299631246,-0.35688963675406105,-0.09880330975840661,1.2028280401924016,0.3583944909551417,0.08411821132109723,1.360268557448063,0.29784353036529837,0.28210091810299215,1.084029115106537,0.22425308068250585,0.312498030525771,0.49005111015502406,-0.006830403858480872
335,True,3.3599999999998515,6.591560259965253,False,False,0.38035287699528697,False,94.04512500623241,-0.0,-0.18219059167174245,-0.34900585944627827,0.8375423124243545,-0.3490658503988657,0.023828270134887464,1.4257667374622751,0.4524092220503813,0.18949586750364517,1.5756721157954976,0.3326166904784164,0.09218734526637189,1.1100324331307403,0.32677320281749583,0.20284328078349093,0.4851096074541239,-0.0034022354290265183,-6.874745530488502e-08,-0.304734618974954,-0.4449647958129983,0.7731604157068058,-0.3814916122248695,-0.10064739668904735,1.2378263579174331,0.3606764230655675,0.10694621355486243,1.4941612959250843,0.3237439697327014,0.27529691182576327,1.091002102874645,0.3252595202941037,0.2949356596228147,0.47489866350782367,-0.003402242298579521,-0.033402211939030785,-0.3091806243218653,-0.4210068280694598,0.787304376549554,-0.358016006829626,-0.09632284461420265,1.2047844933296579,0.3645962648427087,0.09134445193509891,1.386094385026946,0.3036995773038509,0.28478045857096906,1.085595534866722,0.24396928644208665,0.3125713120612278,0.48514407959021705,-0.006344754559041313
336,True,3.3699999999998504,6.621159846910916,False,False,0.3805383585973714,False,93.42862502671778,-0.0,-0.15557520665860056,-0.3488189784811054,0.8290466872097295,-0.34906585039886556,0.05716647398134657,1.39380711572285,0.4897076021823683,0.23623026993251625,1.5791653632963196,0.323946746293716,0.1102318814878321,1.115942732087043,0.279343514327025,0.2094673678217146,0.46584475953354415,0.00402981891086729,-6.680429026628687e-08,-0.2740960710914089,-0.44245770924605654,0.7683119814294761,-0.37979189238986816,-0.06431687514559128,1.2077086977323288,0.39891612004649807,0.13313902523516155,1.511170591914935,0.3239467055862233,0.2957718154997907,1.1108737270080422,0.2793434438949254,0.308997792900039,0.4549286529166928,0.004029798258215278,-0.03221308097552084,-0.30290931597320053,-0.4284461928331184,0.785469509388092,-0.36103094418280646,-0.09307458902657209,1.207612347798504,0.36977586741559815,0.09816330665724707,1.411326502123441,0.3085558428988172,0.28664795279306393,1.089003492544393,0.25793983312223967,0.3121041206338799,0.48062637742691805,-0.0052207761503377205
337,True,3.3799999999998493,6.617141315079421,False,False,0.36327161197520386,False,91.52308298507705,-0.0,-0.1615858633725026,-0.3489894296719632,0.8348102573460116,-0.34906585039886523,0.04301661773318102,1.3931680582846047,0.5140875392602636,0.19865602830449802,1.5551328754396818,0.37898102118955806,0.10218883828001425,1.107121949744081,0.34096087536821545,0.2112884979207302,0.4805727238919154,-0.009265780268643047,-6.442603309175787e-08,-0.2811788610322385,-0.44156582402340805,0.7726766808002719,-0.3805629117673226,-0.0683512064438444,1.2010451110071843,0.42126318217618214,0.1217275148307888,1.5101778985825456,0.37898088058382684,0.2777962056942788,1.08284192227798,0.3409607080166114,0.29413091035751526,0.47156800706619645,-0.009265772391680987,-0.031086807649189994,-0.2979131706112633,-0.4334952671237841,0.7831112981834222,-0.36445691773184874,-0.0888390170748949,1.2088644298623377,0.37717442773778315,0.10413949058204575,1.4339532231859358,0.3168004566058986,0.28739907719134267,1.0914026131306322,0.2710569686233486,0.31086357282860155,0.4773025860380697,-0.004668557509725648
338,True,3.3899999999998482,6.589918848633095,False,False,0.35187008425008126,False,92.28812495712191,-0.0,-0.16110172105056247,-0.3490589823426845,0.8355051636948504,-0.3490658503988657,0.048810866435174315,1.3953928630866472,0.4934839583497715,0.19448987892116013,1.5843642599649166,0.31094093882463997,0.11628078404650542,1.1158059013525297,0.29566817243694826,0.20287669431871488,0.4716127841636758,-0.011113242630552609,-6.217349094589375e-08,-0.27571263190283685,-0.4349649513451612,0.7745104137919515,-0.38001328077535534,-0.06539035064284968,1.2054571872689004,0.4033141461209585,0.12269863834172744,1.5539119747967585,0.3109409504789173,0.2777556872665768,1.081074629053361,0.2956681234025485,0.29185411551574836,0.4620121675773168,-0.011113229719158464,-0.03009297385947075,-0.29389067210796843,-0.43643571498108225,0.7811105319301596,-0.36763737854869005,-0.08460899552029245,1.2093850701330076,0.3840431534288629,0.10870958166547531,1.4562522835709681,0.32226602144073857,0.2869440138133649,1.0920167012070114,0.28111206443147363,0.30871108367244016,0.47475688680223627,-0.00502793048847807
339,True,3.399999999999847,6.550803653627548,False,False,0.33935451532210587,False,91.64212504401803,-0.0,-0.18930492240979677,-0.3490636718510054,0.8745481935785495,-0.3490658503988656,0.03993666631331807,1.3760373578406506,0.5464727696511856,0.1893335743528389,1.5632796200419798,0.39306363581370146,0.10499186640461347,1.1222122723081704,0.3546016725373395,0.20079688340547353,0.4737230258827559,0.005860516309711922,-6.018582733580136e-08,-0.25762817953520417,-0.42296470126443,0.8657932288405581,-0.34965073542137504,-0.06096621417334415,1.166193289883989,0.44446603615686153,0.11419536044235495,1.5538307620229268,0.3916760269178345,0.2634925352754095,1.0645494943415885,0.35460152495805675,0.27876765005045606,0.4653616790380611,0.005860494490725621,-0.029393740002341223,-0.2893068872140469,-0.4371307344156298,0.7865170751120162,-0.36804913616440554,-0.08041130592810636,1.2067125967462786,0.3924642517375489,0.1115427036334169,1.4774565270065947,0.32966216539136795,0.28493859316621295,1.0904246626578984,0.2916398929545438,0.30533709943650106,0.4726913691182568,-0.004530099447289349
340,True,3.409999999999846,6.505517775935872,False,False,0.3386708468648864,False,93.82420795736834,-0.0,-0.18061854309390388,-0.3490653835059591,0.834096435091117,-0.3490658503988658,0.02804507438864858,1.4022130980836405,0.4960832030473564,0.19003975814922594,1.5726398092922622,0.3470650959515224,0.0977027549466901,1.1090487304619103,0.3578097350258182,0.2117352005359799,0.47894576571975467,0.016843822333758574,-5.8787362429424395e-08,-0.3014875351921113,-0.42443512279517265,0.771129379736463,-0.37969906286856075,-0.0640654134443674,1.2228938878731264,0.4102502257412307,0.12510295570223282,1.5409448202224254,0.33480453433820745,0.26549096160868485,1.0520081720800978,0.3578095998650028,0.2800464687150903,0.4716555109157889,0.016843779455976753,-0.028678823881405895,-0.2873750375688993,-0.43639927020060115,0.7906434954205032,-0.36838341373334527,-0.07678446439663063,1.2058553432070538,0.39936509426001504,0.11385789581766491,1.4948975012347476,0.3356135282416389,0.2821265379359622,1.0865227288527737,0.3036613414997152,0.30142770955001147,0.4716467805893432,-0.002260359597096423
341,True,3.419999999999845,6.4498160326775205,False,False,0.18662041382070094,False,91.80024999659508,-0.0,-0.45790367321292247,-0.01721391094441921,0.7152140202885757,-0.3490658503988656,-0.1418343923847544,1.1574902030629384,0.3274151049241522,-0.09109943061618524,1.4497292815517324,-0.062492771399993215,-0.002965003612374048,1.072785317581974,0.01748037643695083,0.15822128230211638,0.4663963601885299,-0.07377098201722086,-5.7357533046059617e-08,-0.45790333235200165,-0.01721474910775761,0.7152141710576251,-0.34906588905084673,-0.16352020802142914,1.1536820760785347,0.327415249075083,-0.03796259905932002,1.4486536500918028,-0.06249197546665225,0.16974101220139365,1.0727853470092121,0.017480949003944424,0.19933428692469607,0.4661215447942922,-0.07377083900556687,-0.029309203375865654,-0.30052121683091826,-0.40362365105781106,0.7858585463441522,-0.3673940566459608,-0.08155120053965377,1.2027750924507625,0.3971140851465467,0.10343775322395654,1.5017315066229846,0.3069579834109268,0.2720289298614007,1.0834280662177431,0.28822425619478087,0.2916894924747384,0.4709694700045293,-0.006190773136739474
342,True,3.429999999999844,6.439946061819838,False,False,0.908075972701467,False,101.59879201091826,-0.0,-0.8726646259971648,0.33129788113791037,0.4515474381486548,-0.3490658503988659,0.09081022977417619,0.6915504100263958,-0.004899354821744695,0.09461943777707096,0.7728873331445215,0.020384835456535716,0.015394814439527942,0.8968734931158809,0.013725891194310684,0.08057516399940017,0.4766323944789422,-0.059771014571656615,-0.014654630997077584,-0.5865906080629089,-0.20181182552890553,0.6187033264025615,-0.3582299719145556,-0.05763692741913935,0.9414505883497364,0.19610776751020625,0.07222685701036562,1.2129988188601013,0.1784181169751405,0.21462302085246013,0.9149979170601981,0.11521330008929104,0.2587685212248562,0.4177885397574532,-0.03298084027172887,-0.031827143506103196,-0.3339659742292266,-0.35985639425995664,0.7685914029316038,-0.36547794317849946,-0.08487251029478697,1.1803799029929505,0.3781043304225988,0.09140221352474442,1.4816515800110364,0.2715028969880383,0.25981563397190616,1.0696869654448256,0.2582068815372373,0.28194143175095737,0.46655877613419233,-0.01238801321550278
343,True,3.4399999999998427,6.46905257802099,False,False,0.8701094117905397,False,98.83341699605808,-0.0,-0.8726646259971648,0.33129788113791037,0.4515474381486548,-0.3490658503988659,0.09081022977417619,0.6915504100263958,-0.004899354821744695,0.09461943777707096,0.7728873331445215,0.020384835456535716,0.015394814439527942,0.8968734931158809,0.013725891194310684,0.08057516399940017,0.4766323944789422,-0.059771014571656615,-0.015913603580131448,-0.6033129869438325,-0.17992819712997832,0.6100697375881293,-0.3572719131995036,-0.06107801572115197,0.9306381200497484,0.18660287087180544,0.06596809608870262,1.2001752803373325,0.1605196981008824,0.2083761617206015,0.9063109442505551,0.1016101109445598,0.25090758211840664,0.4203348757984869,-0.036079466510166656,-0.03504084658615591,-0.3782903676453714,-0.3221564929101123,0.7436764410161399,-0.36375364089384393,-0.08347508574075853,1.1435159098890086,0.3486556083118274,0.08387281466036553,1.4424176724728808,0.24526053999598738,0.24936727115332144,1.0462839763199985,0.22850993667928288,0.274958269357214,0.45949366087485116,-0.01743368084884066
344,True,3.4499999999998416,6.533035459422779,False,False,0.9151895604113071,False,100.42604198679328,-0.0,-0.8726646259971647,0.33862674757676137,0.4485264689658802,-0.3490658503988659,0.16689859068019605,0.5437443832547758,0.006024794023360751,0.13542772203779344,0.543413854891119,0.22937763152139637,0.05338859068731484,0.8106389434284978,0.0429961598265818,0.08603555553594021,0.42944133805776574,0.006998906671599227,-0.01752045833385446,-0.625475181687146,-0.16107824645505614,0.596101749970108,-0.3564097603852025,-0.045153201812745354,0.8374008011007539,0.17734054568549307,0.07869595830244283,1.069263685415896,0.2516681609912132,0.2196555608425648,0.8420476755345389,0.10162235463550703,0.25969622472448844,0.391142397747726,-0.005217411520499324,-0.03848610364743762,-0.4245597227148005,-0.2892031167120069,0.716898533975889,-0.362275822402347,-0.07920697659577025,1.0971815577507895,0.31730542557360286,0.07980850114282421,1.3890484597023194,0.2321895700347965,0.24147956233778284,1.0162177843210838,0.20187920213297456,0.27031648287377935,0.44998334324359957,-0.019182769986558625
345,True,3.4599999999998405,6.528822622928095,False,False,0.8293375304405206,False,87.9868749761954,-0.0,-0.8726646259971648,0.4087960219612619,0.1520185208565416,-0.3490658503988659,0.1901113531446766,0.38374804646605565,0.1288162829201624,0.11758384945878653,0.3861405684939263,0.4076272720225551,0.009854786997954718,0.7775087327805663,0.012285412267592302,0.03265485677895453,0.38145009549934517,0.14889118049238306,-7.69720533561058e-08,-0.545564947226257,-0.2373363558060727,0.13613578700676598,-0.34906587681875706,-0.023478977119726734,0.37109893613711553,0.12881665920479055,0.044014255468674365,0.5129493951498697,0.43183927519391685,0.17465402702882066,0.6061762525519253,-0.0473621731129818,0.19774151600778384,0.292668526645827,0.14889084434513436,-0.042465605441508465,-0.4604066324968272,-0.26706772571513093,0.6612790817970983,-0.36036124560277516,-0.07197600091947437,1.028867264758023,0.2848273298214239,0.07542753801529095,1.3154830687144,0.24372544071707858,0.23258071864712532,0.9666152049260215,0.1680500416589882,0.26288819445373424,0.43173047599544373,-0.006044320973286068
346,True,3.4699999999998394,6.496737270863779,False,False,0.854267732835746,False,94.84508301829919,-0.0,-0.8726646259971648,0.4240260240165324,0.09132273041157835,-0.3490658503988659,0.19128948493322637,0.36707875710691656,0.14104164457667398,0.11923739692451814,0.3698528004239373,0.4145144758146728,0.014156880389916015,0.7789538094707477,0.0025434777164860534,0.02469521773988618,0.37733437580787565,0.1636455487720665,-8.49310410264148e-08,-0.5559629028576245,-0.20994944457065207,0.0754403815874084,-0.3490658729896111,-0.06625471488708956,0.3670800684814297,0.14104193027589998,0.030758376735761456,0.49800420361980136,0.4370330177889524,0.20000229141141274,0.6403707769172826,-0.03518400511015213,0.2734813307893674,0.2528038504423109,0.10331896312284171,-0.045700823197733415,-0.48566795835557586,-0.2529111420967686,0.5794247232686823,-0.35825023248233384,-0.06682275026248376,0.9428056946560555,0.2547326702637772,0.06908133681052035,1.2274344092715597,0.271163064256085,0.22452008609877486,0.9079805183636747,0.13033011933890806,0.2583909421718006,0.40528530788998807,0.01396100501296047
347,True,3.4799999999998383,6.471519917423026,False,False,0.853323732979088,False,90.11679200921208,-0.0,-0.8726646259971647,0.4224181528727774,0.05853425302249823,-0.3490658503988659,0.18535589365535612,0.37019548341320146,0.18607894965332586,0.11687694686699868,0.4044900094238287,0.42274605032716356,0.007025704066426369,0.8952243408699522,-0.3490658503988654,0.0280390300395795,0.3277544169359868,0.2484704841487578,-9.140146359221113e-08,-0.546783590428545,-0.22784935661468525,0.08749280509766127,-0.3490658687675933,-0.06674012223493106,0.3701966304465172,0.186079087154024,0.01980375313804788,0.508483307479836,0.44274791880438324,0.20202139823491788,0.763048704304309,-0.34907,0.2453264543436856,0.23157102728553594,0.2023463422334609,-0.04705287074337348,-0.5036531028738835,-0.2442024609847423,0.48946731007038397,-0.35638986406434997,-0.06475166711610675,0.8492622800768376,0.2330583364222232,0.061322049230382605,1.1333857109489234,0.3023723035247862,0.21884944340378057,0.8629470051037189,0.07096366744996015,0.2564608452002686,0.375349294654358,0.04039957269712141
348,True,3.4899999999998372,6.450794736099965,False,False,0.7818698858389134,False,78.43345799483359,-0.0,-0.8726646259971647,0.4246316833477775,0.07733214647012676,-0.3490658503988659,0.19208709550723016,0.36643945320418614,0.19309263351309686,0.122572231526931,0.3736076557266259,0.42951769830893516,0.011628044851929382,0.878558197341821,-0.3490658503988656,0.039653340524692396,0.29127766173969527,0.2473034221169934,-9.410555325967129e-08,-0.5520545272765088,-0.2053529428461643,0.09424411357455059,-0.34906586504686393,-0.02281873809528316,0.36644041747442624,0.19309271323743898,0.07010473661457252,0.37360917582459585,0.42951744406105263,0.1901596659297244,0.8880899010878498,-0.34517505576182106,0.21028123573013857,0.2582969649521888,0.23166541075909838,-0.046144351555274354,-0.5169328663455013,-0.23786583161343172,0.4061599333720269,-0.35491815637635454,-0.060900805374974595,0.7560547769303645,0.21953873855668332,0.05722805631123934,1.0368572994626266,0.33058192125540087,0.21401953478080554,0.8426521939288585,-0.0021522505499087883,0.2522225229167156,0.3486654767476903,0.0724116842310071
349,True,3.499999999999836,6.4330755348192294,False,False,0.7611716312304904,False,78.57120799599215,-0.0,-0.8726646259971647,0.4187877758003113,0.10012350020558054,-0.3490658503988659,0.19173681496783027,0.3620944505329218,0.18871105491446025,0.12233975443414201,0.36044297971012446,0.4363339354749011,0.010593396806356379,0.8639717022553701,-0.34906585039886573,0.039533617587092576,0.27667554319351734,0.26739856007340324,-9.228851854253817e-08,-0.5571723021527996,-0.18966041474078205,0.10589525177745862,-0.3490658621034544,-0.019515188967228404,0.3620952414454083,0.18871111695844675,0.0702852490011199,0.3604443314368484,0.43633372381435886,0.18904353651892286,0.8733191930524923,-0.344689719649532,0.20883061679080805,0.24020430005472238,0.24938058549185432,-0.04354104189737748,-0.5275022225963636,-0.23122953999891746,0.3364123134785145,-0.3538059281917034,-0.05486493139911544,0.6724972914325502,0.21071250267032612,0.05699312507585878,0.9392052782753817,0.3542598431903152,0.20954428274131576,0.838519429450928,-0.07195385787924374,0.24602217180169864,0.3260345035336548,0.10543488426140625
350,True,3.509999999999835,6.418533710764274,False,False,0.7442932030772992,False,80.59320895699784,-0.0,-0.8726646259971647,0.41690185381898576,0.09446360926897734,-0.3490658503988659,0.19296962517798708,0.38247970209955945,0.17360294269625984,0.12648106265757172,0.39526894609176455,0.4147189108175851,0.018726238433228744,0.8912103965271864,-0.3476848648812889,0.04455587099595354,0.3102226372107221,0.26401205329363314,-8.708190964157314e-08,-0.55905773839998,-0.17621940292965707,0.09097043533506208,-0.3490658598790025,-0.012346419967550364,0.3704824512109786,0.17041495807091928,0.07346532370800676,0.4008603562227939,0.41598291793707487,0.18886416417876775,0.8984006193237354,-0.34362269971800835,0.21089391614401534,0.2693921925809707,0.24625890817088186,-0.039760404928722834,-0.5360755320908003,-0.22358990693776912,0.2796220476089823,-0.35296539643213254,-0.04791501845716012,0.6029811396248882,0.20314875618932823,0.05863379412116044,0.8415183807202223,0.3719575542818449,0.20565425835279283,0.8429680668147426,-0.13205007374227865,0.23975411852783815,0.3092524815798316,0.13539919069846493
351,True,3.519999999999834,6.406525711349467,False,False,0.7376707478920214,False,74.46108298609033,-0.0,-0.8726646259971648,0.40968543533621155,0.11341646983949769,-0.3490658503988659,0.1955565502794469,0.39214887788602115,0.1572650737944619,0.12916341175152138,0.3932673868781244,0.3922695504226886,0.023954909096280615,0.9054350652196884,-0.3486586929382747,0.043627371088248455,0.3256275570509028,0.23717737994872526,-7.952065082111881e-08,-0.5913172568730343,-0.19356162413635478,0.1612883196141886,-0.34906585819794234,-0.0062183050673906975,0.38814578123629173,0.15715119717125522,0.07622423507060061,0.39343758433348486,0.39230946968398644,0.18651423530711125,0.9017754760531355,-0.34713708176623737,0.21110335217214996,0.2986640011181168,0.2297703285810595,-0.03494303494183155,-0.5454512324731497,-0.21720724401263383,0.239713208826953,-0.35233584530399786,-0.04061886503623459,0.5489492021871577,0.1952076791208875,0.061203357275699345,0.7502411167407634,0.3824169077880108,0.20226295088590848,0.8517535198830113,-0.1813563257454726,0.23424381146990003,0.30021845195839103,0.15917107526040677
352,True,3.529999999999833,6.394787643116638,False,False,0.7565503014575479,False,73.71108402730897,-0.0,-0.8726646259971648,0.43775367754317007,0.02476598142487002,-0.3490658503988659,0.19921376432395202,0.3627631827702346,0.1551318729502675,0.12776718981616025,0.35808214121103643,0.37755183776780693,0.022379320053673775,0.8913828808860674,-0.34887085360163533,0.03265714022545909,0.332464972419202,0.24091883681488,-6.988593009848998e-08,-0.5811085339948132,-0.1835571588931713,0.06977098101118365,-0.3490658569388426,-0.0026372196138152587,0.3578622392585443,0.15513195128050844,0.074754490191278,0.3580829207805309,0.377551848413115,0.18046579009603306,0.891230085075446,-0.34694562854281197,0.20497310160942914,0.3018337234314222,0.23059956872202125,-0.029696712651025886,-0.5543066664164608,-0.2118646351943531,0.20694428182079513,-0.3518227037751277,-0.0334773712046685,0.5058769227742043,0.1874076851302993,0.06387464480837614,0.6688984509863685,0.3866710174299871,0.19891281952264953,0.860681126429464,-0.2205997850116341,0.2292076460368873,0.29670066789840427,0.17708923002550578
353,True,3.5399999999998317,6.380111764561528,False,False,0.7418206181931383,False,78.52945802733302,-0.0,-0.8726646259971648,0.4342274996670325,0.012108729354726268,-0.3490658503988659,0.1954170051975084,0.34295163902868037,0.16491734986248094,0.11586006934991452,0.3754008614867043,0.32663709264685004,0.02127644932512001,0.8915679913353561,-0.34900336306975316,0.0245717489329189,0.3087437050046739,0.22969955331217698,-5.9393306515997946e-08,-0.5850330505281189,-0.1760560664699384,0.05276290925511337,-0.3490658559125616,-0.0037416519042702302,0.3396048838883988,0.1649173945173428,0.06771597561706222,0.37540144872243103,0.3266372127090353,0.17066666498112074,0.8824408561652111,-0.3490031062649333,0.19414682135033287,0.29092682021723343,0.2296994481030507,-0.02446558750860668,-0.5617630834054238,-0.20657506450351668,0.17606134706127982,-0.3514034260391564,-0.02713555224838592,0.46971682704864803,0.18129820527676072,0.06571972187414421,0.6009000916279351,0.3833204403480317,0.19498776142299706,0.8675815411089952,-0.2513097423411134,0.22388774077745244,0.2951662023219683,0.19052650845762098
354,True,3.5499999999998306,6.361456264139175,False,False,0.7509608869208342,False,102.05099999438971,-0.0,-0.8726646259971648,0.45050327655546807,-0.09452505161728038,-0.3490658503988659,0.19162466608666473,0.3342644081308404,0.19302462398699557,0.11178254452664692,0.3847677353067937,0.30241571745088697,0.012544414117681096,0.9074962258286803,-0.34844291158290064,0.02148907123415626,0.3119315456712333,0.22501511682427427,-4.893107715189804e-08,-0.5783862238965666,-0.1699661720833984,-0.05678278205176354,-0.34906585507400784,-0.003364648367633366,0.3281173793008475,0.1930246007430158,0.06300116278363224,0.3847681670753147,0.30241587928708935,0.16332469297735097,0.8993189330723227,-0.34844271731487414,0.1869997140452681,0.2945509610294761,0.22501504783323117,-0.019314358626470986,-0.567258725682577,-0.20110236938636916,0.14036482800190184,-0.35104140477622275,-0.021851905948844293,0.43897376594269577,0.17911037319996503,0.0664740891826401,0.547582197736649,0.37339532057335784,0.19033398972513557,0.8737874354499091,-0.2750223811949949,0.21809562241880004,0.29445282748349705,0.20017991413386696
355,True,3.5599999999998295,6.335816422437794,False,False,0.7004678900713881,False,77.15366705087945,-0.0,-0.8726646259971648,0.39720541224067935,-0.03537463167978395,-0.3490658503988659,0.1774959202503967,0.3104938202766606,0.2105655976782012,0.09335262947770713,0.3824917203723306,0.291616057461432,-0.015859481862180634,0.8860370873128454,-0.34883173885376895,-0.0027809000912922613,0.30975085612558706,0.21619511293185256,-3.862863999157251e-08,-0.6013159419881056,-0.1682719656465114,-0.005071156858832027,-0.34906585434996673,-0.01276999679493415,0.2988439181306157,0.21056553457078547,0.04801651762167845,0.3767809223542108,0.29161622101541096,0.1479177764045671,0.8781747697849591,-0.34883159133169656,0.1724155494898056,0.2913450622084954,0.21619508157631828,-0.014691082481637604,-0.5729763025427859,-0.19584211405203858,0.1066843914122528,-0.3507713619092797,-0.018287813231444745,0.4112904589041616,0.18120605075884103,0.06543381957802602,0.5061844921772355,0.36021028447925996,0.18444987268330848,0.8780114087051433,-0.293124207447387,0.21137514732383464,0.2940589227112058,0.20629077979546767
356,True,3.5699999999998284,6.307247872111934,False,False,0.6919094830020223,False,77.68670801306143,-0.0,-0.8726646259971648,0.39659390521700477,-0.062021274568844806,-0.3490658503988659,0.1821938091686651,0.31231261899774904,0.21898418830456234,0.09888838082997539,0.3843755449372808,0.2840907283822575,-0.016673749031330384,0.8843259502520985,-0.34895145158730473,0.00294944698632291,0.30814394298477155,0.21545967457830528,-2.938210619599091e-08,-0.6019746022067517,-0.1611932119881296,-0.036069264299991716,-0.3490658538098821,-0.00600768046096058,0.3008875020090531,0.21898411271358717,0.05520523357348453,0.37924979623645294,0.2840908806172682,0.1487218542091279,0.8770855329315054,-0.34895133993469873,0.17164385206940347,0.29039816715382827,0.21545965624276053,-0.010716282935312807,-0.5790889201293626,-0.19068484801151872,0.0773055287709516,-0.3505782119994273,-0.015710690604188997,0.3870919490013687,0.18611539416373032,0.0637005654526413,0.47437077601727745,0.34626425458945753,0.17816962904831893,0.8800374491056926,-0.3068609913634404,0.20439547351361387,0.29367024084019505,0.20985382709630462
357,True,3.5799999999998273,6.2809562841680044,False,False,0.7017759647861568,False,77.83295802073553,-0.0,-0.8726646259971648,0.41532556260615444,-0.14712421786001093,-0.3490658503988659,0.18646360359519673,0.3228097759693767,0.22784051942273018,0.10079942465641824,0.40726927784259087,0.2730278899304572,-0.012459919368412667,0.9032948207063907,-0.34784127562617473,0.0026419294968882683,0.3227067052744555,0.2206331540008962,-2.1432523006348347e-08,-0.5944051165124979,-0.15249611947927463,-0.12429137036496467,-0.34906585342358304,-0.001521859842397109,0.31134856158871244,0.22784043499554404,0.06044109806106348,0.4027016460635093,0.2730280363138036,0.14872618864147943,0.8965758575568478,-0.3478411951579975,0.17191926643696276,0.3048776785337224,0.22063313576947383,-0.007132732675854341,-0.5839575137718148,-0.18519918431938057,0.045022851059853264,-0.3504153115777882,-0.013263645267037449,0.36801875296958814,0.19259480867545242,0.06250669083905147,0.45209610582412074,0.33248574652798973,0.17245123813755667,0.8823558576518148,-0.317163845033915,0.19807909976076649,0.29432682804415755,0.21234041917230947
358,True,3.589999999999826,6.257979051791982,False,False,0.6891126754558966,False,77.21404096810147,-0.0,-0.8726646259971648,0.41008432687303153,-0.14447732057949286,-0.3490658503988659,0.19020863422352655,0.316838033767117,0.22477035736385279,0.10148282105252782,0.3994549410131033,0.2697714591603252,-0.016098755329684373,0.8952941225568198,-0.3481049307485921,0.004193320380992304,0.31820408778042997,0.2201320173155662,-1.4265436819663191e-08,-0.5969222263724833,-0.144878275185859,-0.12626956403310127,-0.3490658530977829,0.0027325394952287044,0.3052757811536465,0.22477029303637577,0.06317269318982208,0.3954035296834063,0.26977158459215933,0.14654801711625318,0.8890600966346559,-0.34810486889391945,0.16841707765153746,0.3008816540100091,0.2201320017948124,-0.004209208646442686,-0.5877167404675611,-0.17930226303229002,0.011747159906588974,-0.3502970503765921,-0.01065658625756421,0.35319445166586705,0.19905161846741196,0.06200312341578963,0.4366822252225974,0.31973257780079684,0.16744398461454177,0.8846872541363296,-0.3248478340079052,0.19249346992367714,0.29552819589141105,0.2142615364910347
359,True,3.599999999999825,6.238828297051355,False,False,0.6945010763076845,False,77.65720796305686,-0.0,-0.8726646259971648,0.42501872258366197,-0.16715566597307296,-0.34905039779769104,0.19469274069268988,0.3275571255885744,0.22047621316466917,0.10488668036609547,0.40348288822739514,0.2768734842323373,-0.0115556955862072,0.9123069414946399,-0.34873592679316323,0.0005565977430537841,0.34118598473746553,0.25236597717879744,-8.418400455033337e-09,-0.5903028943891458,-0.13358426652967098,-0.15336901679899584,-0.3490504002909912,0.007323539779814035,0.3158191585164733,0.22047616934294886,0.06762049570446158,0.39989203480287644,0.2768735699627226,0.14621705243177946,0.9064734456048907,-0.34873588058778493,0.16933318488802765,0.3233601539006552,0.25236590447572493,-0.001924284350414688,-0.5902188620532437,-0.17278937948834128,-0.02027587618312586,-0.350221834669393,-0.007769314904425879,0.342433214763081,0.20428460797468806,0.06224580812860425,0.4259781518423174,0.3093457872201783,0.1631950795221579,0.8878030868459245,-0.33064197632896114,0.18778342678147428,0.2983676971818915,0.2182346070591894
360,True,3.609999999999824,6.223552226254101,False,False,0.6839243569178701,False,77.64991599833593,-0.0,-0.8726646259971648,0.4249999902789949,-0.15082406645082985,-0.3490621450687667,0.1937208443506672,0.31842087160168514,0.20813964992541886,0.1101168850314059,0.40289998778377617,0.25749342813661386,-0.010663397990742363,0.9079583658245034,-0.3489867390665531,0.002736745093583612,0.325277607595606,0.25642657117735757,-3.848561003737261e-09,-0.5893249520175586,-0.12435893589794103,-0.14189317927200462,-0.3490621473881413,0.01283576354117587,0.30687204534135676,0.20813964234823906,0.07160120713223954,0.3998393975739959,0.25749353184567936,0.14534351096056336,0.90262581517124,-0.34898670217335703,0.1657899986847746,0.30802661136461623,0.25642649433821546,-0.00044841985566138233,-0.5916540185006196,-0.16564905750336162,-0.04822051376049256,-0.35017917435788887,-0.004496749212998945,0.3343162827842334,0.20728253985101905,0.06324684499996207,0.4186468621293982,0.29989316248219594,0.1596653269166312,0.8912568452174219,-0.33503287783404245,0.18374019225975327,0.30123876784213155,0.22415488257650776
361,True,3.619999999999823,6.210185821967909,False,False,0.6743017830656411,False,77.16620800783858,-0.0,-0.8726646259971648,0.4259009121527984,-0.1371527237497288,-0.34906428828400965,0.19693096313581449,0.3419199362537403,0.20509116498170732,0.11297035260746503,0.42913400960366854,0.24974722950593164,0.0002887280673824627,0.9192184817277624,-0.3490324981780923,0.008105373701197117,0.33376984236240614,0.26300905209650427,-8.968379176235372e-10,-0.5874580205594229,-0.11525072620797733,-0.1326951488379811,-0.34906429051377735,0.011258031549565832,0.3298359624595796,0.2050911693192189,0.07030203608143018,0.4194319464784531,0.24974732977856173,0.1412659954960388,0.9173684010712149,-0.3490324703384099,0.16236121222161398,0.31742758036303986,0.2630089745935575,0.0004299554321034442,-0.5923401072239096,-0.15804819085013028,-0.07009109605062258,-0.3501521948581083,-0.0013314986654909093,0.3296623373168429,0.2083788545421428,0.06452623219613522,0.4150420338094537,0.29056594378153794,0.15650504787499975,0.8954575249601265,-0.3383553416315288,0.18005139162731448,0.30395775412686676,0.23084771082385158
362,True,3.629999999999822,6.197232084330311,False,False,0.664506069446467,False,74.64700000127777,-0.0,-0.8726646259971648,0.4198159828651288,-0.07516233056931224,-0.3488526438429361,0.19564258979838015,0.3286302977881594,0.19881479375008293,0.10765677895518369,0.41647779273782753,0.2453291549381434,-0.01256192258971176,0.908547481664697,-0.34905877555269366,0.0025566022959891445,0.34036820790750055,0.2536610223481322,8.599091443246831e-10,-0.588415829473579,-0.10807518040303993,-0.07450960426552357,-0.34885264644203295,0.013813207950388292,0.3165442221104553,0.19881481291713596,0.07057770014341896,0.4122532498557271,0.24532924543010598,0.1379866965391423,0.9048089199634262,-0.34905875399559927,0.15922710242821103,0.32374832991921787,0.2536609765417329,0.0006638192090263642,-0.592730202748488,-0.15025749424162316,-0.08204911601821555,-0.35012893565307424,0.0015689205932016745,0.32684193024326824,0.2080232035769466,0.06576107198347689,0.41362278170501193,0.28175464479367435,0.1534564325961747,0.8991042174915117,-0.3405191871371794,0.17656124779361487,0.3071597038131733,0.2365800861583557
363,True,3.6399999999998207,6.183250865034328,False,False,0.6633509646306647,False,74.52800002647564,-0.0,-0.8726646259971648,0.42925169779476313,-0.057951116705126746,-0.34901596692172376,0.19670684567982316,0.3388759635549919,0.18437029995815596,0.11072383962689522,0.4336109531909625,0.22695977528680894,-0.003458568243602421,0.9061051186996677,-0.34903998250180956,0.004399816708380719,0.352036713732934,0.2439638452905475,1.3276357629368393e-09,-0.583304196644209,-0.09835367246749144,-0.05981080433448499,-0.34901596914765676,0.01172287529479124,0.32631537624723317,0.18437034722708096,0.06767273415789951,0.4233385092700969,0.22695988485885746,0.13282205825972962,0.9052584328867634,-0.3490399656008065,0.15529162551641223,0.33600747195610214,0.2439638306769607,0.00037801790809188383,-0.5926314248308865,-0.1422570680639738,-0.08525075701199568,-0.35010838341531636,0.003972678820910925,0.32534088438101216,0.2057477898268478,0.06663974709797389,0.41384788837298375,0.2725757723371403,0.15028851986096128,0.9016750162445039,-0.3412176002539895,0.17313718629986938,0.3114004087848975,0.2401242326735944
364,True,3.6499999999998196,6.169736441316225,False,False,0.6438109987562056,False,75.19654202042148,-0.0,-0.8726646259971648,0.41463214052680586,-0.0019474632396851224,-0.349044238546117,0.19603745601579503,0.32013235397533346,0.1807665267408788,0.11128108136686003,0.4138986546889562,0.21011191351981584,-0.003288458349968603,0.9012394270449353,-0.34905464321736746,0.0038791931308718684,0.3392764564070331,0.24267825091139666,7.560343040632564e-10,-0.5887575767293759,-0.09487288485256941,-0.00512344021801564,-0.3490442406744025,0.01860204557884087,0.30782290082520664,0.18076657674116264,0.07239429158884392,0.40695369528312186,0.21011203846406734,0.13301610586731086,0.8995069326567072,-0.34905462740453086,0.15305928881155906,0.32340091943480137,0.24267824566913732,-0.00047561802919796054,-0.5925226958419415,-0.134430459532122,-0.07968255509194096,-0.35009011702680826,0.0063265186484916455,0.3235115270829661,0.20213875222592542,0.06750277048961256,0.4139699368193876,0.2623096235411455,0.1472413225879982,0.9030837445384164,-0.3412197277196501,0.1698068327918536,0.31508065382313655,0.2419088658778373
365,True,3.6599999999998185,6.1587488138315365,False,False,0.6351347534665778,False,75.09845797903836,-0.0,-0.8726646259971648,0.4121449120112496,0.09298092338706102,-0.3486551071107043,0.1988004339863516,0.3018133732710262,0.17809860765891514,0.11875439210915638,0.3883119176113176,0.1944554595698431,0.0010106273762590778,0.8723651799080825,-0.3490613215096753,0.0016592386369583994,0.3245753205800952,0.24169783926719263,-9.512341559510425e-10,-0.5898123441457187,-0.08943839725643972,0.089674461110453,-0.3486551099807184,0.025924483611491,0.2895872253793713,0.17809865569444988,0.07761804407911616,0.3814556882311349,0.1944555952566715,0.13344534686083598,0.8709119105933871,-0.34906130600177243,0.1507424913853224,0.30869042850579553,0.24169783983896503,-0.0020017130763793005,-0.5927534458296609,-0.12704448339892163,-0.06168289620732851,-0.35006835990238844,0.00919832437414053,0.319674023364792,0.1980787225186045,0.06882134784081147,0.4115213548293716,0.25095047856934666,0.14462375948358258,0.9015380478993741,-0.34095709899247556,0.16662906770629463,0.3165604977927378,0.24267093429456757
366,True,3.6699999999998174,6.1477869375229215,False,False,0.6388569095323021,False,74.37733298866078,-0.0,-0.8726646259971648,0.4228029482069905,0.17740802017214657,-0.34900279099820236,0.19300761922264117,0.3280151736350106,0.15302381736907933,0.11601982250282386,0.41305829686302736,0.19864891323063383,-0.0031829514362272885,0.8843108756960911,-0.34906515510074115,-0.006159118327191491,0.3363431763973277,0.24775879537636766,-4.0034181460375795e-09,-0.5869812984884957,-0.08123499615825006,0.17573778456193598,-0.3490027931293359,0.02007301804661866,0.3154242720031956,0.1530239074514568,0.07251547922015548,0.4058102351991132,0.19864901781225433,0.12726176119889657,0.8832432632070385,-0.3490651390275347,0.14607890445322472,0.3201351415794143,0.24775878530757828,-0.0035432672100048426,-0.5929481982046265,-0.11990563064907239,-0.030344119120496144,-0.3500454069160248,0.011811121338286188,0.3167819418710272,0.1922154729498887,0.07001928005369368,0.40917745435509606,0.24018485474098408,0.14204780244136095,0.8988584794821972,-0.3406317788260698,0.16345249157039135,0.31726483424045204,0.2433698512003379
367,True,3.6799999999998163,6.136886669971406,False,False,0.6347608365332588,False,73.93600000068545,-0.0,-0.8726646259971648,0.4257855226527828,0.140249853947309,-0.3490382361803143,0.19899816003467222,0.32759222007758554,0.15222854782658296,0.12171669424967627,0.4083294585327563,0.1989698033477703,0.0010381916263301413,0.8882734305047941,-0.34906554592222677,-0.005257873326682521,0.3366829873114807,0.2421964115661754,-7.086520247348571e-09,-0.5904961587357179,-0.07588609009645675,0.14246797348911483,-0.34903823819465174,0.024134522767686094,0.31495193212974937,0.15222862776356128,0.0758057990091747,0.3987219371377299,0.19896988574572755,0.12696038566335063,0.888145560928027,-0.3490655292511025,0.14498913633834273,0.3207084423978511,0.24219641407995168,-0.004825362703681955,-0.5930178724510184,-0.11285373834718657,0.003592488871901567,-0.3500168142877006,0.01410231644590512,0.3155673669015791,0.1852787756318132,0.07108527937322952,0.4075378732209001,0.2311122792630724,0.13952534123166144,0.8968526672391454,-0.34032982240250176,0.16037937582983672,0.31802419076788074,0.2438149017586923
368,True,3.689999999999815,6.125553364639538,False,False,0.6300781574454069,False,73.39791598496959,-0.0,-0.8726646259971648,0.4274172281014086,0.13812533054926618,-0.3490554716237369,0.19548398136515882,0.34489239432441066,0.14685494409361846,0.1179395847644743,0.4212120265172332,0.20180729253556948,-0.0029137417148990593,0.8957654145970592,-0.34906573596163987,-0.005715292019220183,0.36414536029269573,0.21712215872155433,-9.65070610578489e-09,-0.5943347938617987,-0.07124247387024815,0.14454875486076876,-0.34905547354641836,0.021598016996537402,0.33239538639484384,0.1468550209703079,0.0733455427422728,0.4121278381189284,0.20180735116886656,0.12274517401873564,0.8955542869666727,-0.3490657183318057,0.1436920402563896,0.34827662396418885,0.21712221198180648,-0.005706097228047024,-0.5932941887486053,-0.10602431440543204,0.033572189137935686,-0.34997285684085977,0.01596268591143137,0.316433111439991,0.17826509781487265,0.07191933001570562,0.40706344332166927,0.2240200023712366,0.13698288342465248,0.896043168136487,-0.34008218470311435,0.15755939593303583,0.32088952813446414,0.24194062901756952
369,True,3.699999999999814,6.113055929129182,False,False,0.607991173606235,False,71.93187501979992,-0.0,-0.8726646259971648,0.4054895904877823,0.2609075120512295,-0.3488890961725419,0.1888931728600046,0.3592219916805618,0.1236485703234604,0.11282645763061572,0.41697153813074106,0.25158834662304547,-0.01830276686529925,0.884748010366246,-0.34906583573151295,-0.010254028541013625,0.40714886128431793,0.14378677921651348,-1.1412171633043422e-08,-0.6091092078605496,-0.07065825605390835,0.2706928265245097,-0.3488890983400589,0.02057525191368667,0.347174711032489,0.12364867958732367,0.07233524100463325,0.41392808719968593,0.2515882915112507,0.11945306804326059,0.8825467155841433,-0.34906581759153416,0.14467172450104288,0.3906892378867485,0.14378697539194715,-0.006239373742581521,-0.595088740514408,-0.09990932441875316,0.06835259304285539,-0.34993670113732295,0.01726042396976376,0.31984071668336694,0.17000209542851816,0.0723950026113674,0.4076889728494751,0.22251111616154634,0.13430972888172618,0.895166329853395,-0.3398949777578239,0.15518577175946927,0.3286627002201575,0.23257607642674544
370,True,3.709999999999813,6.0979673053441745,False,False,0.5796201452804216,False,72.3079580347985,-0.0,-0.8726646259971648,0.38516668029754175,0.3916748477499734,-0.3490658503988659,0.18172097888850727,0.4715189039730656,0.09193097020724994,0.11376691046627278,0.47208957022521597,0.2910008349071915,-0.0140446954402244,0.9166475189189208,-0.3490658503988659,0.0011874789622892765,0.41642323910638557,0.1807086528269537,-1.2478722527520247e-08,-0.6233060772212143,-0.06745591289593636,0.40496270406004975,-0.3490658521405639,0.007469969317560924,0.4590763521862886,0.09193112666712906,0.06588917540293963,0.4606551281944706,0.29100069772620746,0.11332872465770724,0.9173373917532921,-0.3490658312244587,0.1402947228116586,0.40160759877127783,0.1807087541196969,-0.005975256156100505,-0.5991288734136493,-0.09461439559209774,0.11635370130405175,-0.34991145545294094,0.017230445369902325,0.33308512611769353,0.15873312079629703,0.07222591698756634,0.41233764683106583,0.228400237438161,0.13130348553133406,0.896497014713528,-0.3397623556681967,0.15298978628574617,0.3400135800507973,0.22137693492627822
371,True,3.719999999999812,6.0807838623245605,False,False,0.48460922227825537,False,73.00812500761822,-0.0,-0.8362972518181531,0.34004657430345914,0.5191193835118612,-0.3490658503988659,0.10470969398228089,0.7281566917005659,0.024909514745875785,0.08679775968673009,0.7283926912825078,0.2191718014616131,0.01575534000087614,1.0333268952835795,-0.3405540588811355,0.06299030002434768,0.5368421936345287,0.1511547156767626,-1.1950488408747628e-08,-0.6210503838927276,-0.05199064666562742,0.5354828915459758,-0.3490658520900726,-0.02113035876161461,0.7191364774959037,0.024909782291990756,0.055572702649354724,0.7203318950944856,0.2191718199074103,0.11270048344526201,1.0338169099344723,-0.3405540570071553,0.15302023736863204,0.5272046206045315,0.151154855216721,-0.003084860602656512,-0.6040542556932116,-0.0891127578893957,0.1794735925570066,-0.34989398545828326,0.014034118805137136,0.37324578390156393,0.14092025374821235,0.07083678857824492,0.4398323626476735,0.23234140657631566,0.1282351613368359,0.9088401830898372,-0.3396358248845279,0.15187138777757583,0.36172286781202156,0.20981129808142363
372,True,3.729999999999811,6.054866377868731,False,False,0.20872611785220263,False,74.34724998893216,-0.0,-0.6290791963434669,0.13615442819346413,0.5983504895460721,-0.3490658503988659,0.023610873207335237,0.8683601355078217,-0.06823514725093476,0.045564935127626466,0.8379977032921447,0.19236537031771186,-0.0039879248123226504,0.9974109312180566,-0.20535510389745754,0.0900010940007856,0.5806824713607805,0.0562983248342403,-6.16970886489418e-09,-0.5554193933379735,-0.001706539152219716,0.6065410866928348,-0.3490658520551327,-0.053247603563527465,0.8626997101212349,-0.06823472922166146,0.03218286018518461,0.8328040970825517,0.19236545030527402,0.0955448506997458,1.0030904923446082,-0.20535537237237045,0.14340365039359587,0.5694592838277436,0.05385898686112117,0.0011255263202085788,-0.6036398973912432,-0.07966542486482008,0.25188096975889074,-0.349881609360916,0.006371011073848159,0.44090021859396983,0.11260223385205712,0.06695691679059122,0.4921311147848235,0.2301463667219915,0.12415054387915715,0.9263023204972402,-0.3289806001174109,0.15110026392920195,0.3932841774227482,0.1906390616070204
373,True,3.7399999999998097,6.021752068548767,False,False,0.11331109216580085,False,73.70716700097546,-0.0,-0.5386644684670912,0.0014561781633977977,0.6436079697009989,-0.34906585039886584,-0.006015863196955153,0.9299154652498182,0.0480509251169478,0.0354477090476608,0.9590730027533104,0.12185664895478293,0.006420352374417887,0.9674126921665906,-0.08195787089893614,0.13122369778049514,0.5764436030238891,0.029132596541943306,2.251048138038683e-09,-0.5386645982234587,0.0,0.6436071862478792,-0.3490658520303805,-0.07018865627741758,0.9124879716181301,0.04772649330528801,0.01922107811589352,0.9629520288460942,0.12069969961726833,0.0954532362349075,0.9698491414750813,-0.08195836465620335,0.14498045527092937,0.5728848275670541,0.028173372734426855,0.004784071326982924,-0.597061371528014,-0.06735972325543799,0.3253799231463894,-0.3498653776686224,-0.004845937232992572,0.5213518143306123,0.08901428690376788,0.060564172254877695,0.56303698391376,0.2190802301598487,0.1194035820909782,0.9400857658946246,-0.30039875545532946,0.15031583322022596,0.42709344707621993,0.1648997327838435
374,True,3.7499999999998086,5.994540049551051,False,False,0.24921748065026686,False,78.40283296536654,-0.0,-0.5602681580877813,0.05405986677261712,0.6258956285468567,-0.3490658503988656,-0.05642694624420648,0.9871753637515985,0.310650000994241,-0.006535651140848434,1.1281017438810688,0.046826934272627324,-0.010361390327434734,0.9783169857295115,0.016734085228223783,0.13704526855138274,0.5553449840188609,0.039081371013355355,9.568123517447735e-09,-0.5301706292334829,-0.005074215172215256,0.6249784706118731,-0.34906585199791695,-0.16314822842720486,0.9814752748962768,0.3086982692181059,-0.06511223817633374,1.0176370783969046,0.04548724743387478,0.13191771544709285,1.0730473481323035,0.03579481486296543,0.16945990924374119,0.5516818193765282,0.039081622794091775,0.007463816147672024,-0.5871221788158589,-0.055385580820972086,0.39091051036335717,-0.34981366255389224,-0.023946875960196155,0.6048967062489904,0.09516094004780161,0.04703937583078906,0.6429320772504095,0.19715231069540096,0.11754993290586757,0.9572452618020975,-0.25397889959361747,0.15142258806635026,0.45638246044761244,0.13945298015717583
375,True,3.7599999999998075,5.968055708253024,False,False,0.22704109171125672,False,81.67124999454245,-0.0,-0.50665227137478,0.04879506760707077,0.6712581078670499,-0.34906585039886573,-0.1420067981051922,1.1510160971772612,0.3827998884489347,-0.08948702093624265,1.350754659138898,0.02967099231903921,-0.04044344464165704,1.0534750665396755,0.021371207071033793,0.15371937067896052,0.5754388554058861,0.024865484044247953,1.4927602439741838e-08,-0.5066524333188105,0.0,0.6712575471730732,-0.349065851894487,-0.25232675730219056,1.144799701006043,0.3806440799890402,-0.12891662333225645,1.2743556493194812,0.02819548839702679,0.12107900023577702,1.109934657487059,0.035033494468609205,0.16342213635954675,0.5743219456825318,0.02486571687258754,0.009260181953462192,-0.574795183931337,-0.04471040202691077,0.448486773235106,-0.3497484770456507,-0.05455992226907882,0.6939516505152751,0.12831124381180686,0.0239500988226511,0.7310219432548064,0.16913566629713644,0.1176720029982725,0.9807453820019516,-0.20130995468673693,0.15365050481439077,0.48134878034396,0.11641026688274635
376,True,3.7699999999998064,5.993904114907003,False,False,0.770056561489541,False,94.20020901598036,-0.0,-0.2267000672016145,-0.29739912055737594,0.7371772885669305,-0.3490658503988658,-0.03720140252159851,1.4184253472567374,0.4658886433127569,0.3057709156240261,1.5882496193148399,0.27155473154060156,0.06805084345734477,1.1826797826850406,0.1571549480685765,0.3067789922584839,0.5848453265398507,0.05323761489171806,0.00463010023689453,-0.40749632858751594,-0.17105450862401775,0.5928317422113527,-0.3494071644048835,-0.07123904485227969,1.0505704971704253,0.2957274411328903,0.05369892715158653,1.1100115099156906,0.22034509660166168,0.2176258549058016,1.1179868724871067,-0.012693180350676292,0.25211625331169185,0.5233415104116327,0.08482400384457466,0.009161429277526988,-0.5540217679590042,-0.04850300111692307,0.49184062311151894,-0.3496704439584198,-0.07647958193453942,0.7757238652888793,0.16474485771458347,0.010351444013331877,0.8146962788282871,0.15649082255238342,0.12548141561300208,1.0063780253771921,-0.1560456969787686,0.16251279749696126,0.49847519134615054,0.10123620076396829
377,True,3.7799999999998053,6.054547723128907,False,False,0.7278093061539079,False,103.94095897208899,-0.0,-0.2267000672016145,-0.29739912055737594,0.7371772885669305,-0.3490658503988658,-0.03720140252159851,1.4184253472567374,0.4658886433127569,0.3057709156240261,1.5882496193148399,0.27155473154060156,0.06805084345734477,1.1826797826850406,0.1571549480685765,0.3067789922584839,0.5848453265398507,0.05323761489171806,0.0045807238001744485,-0.39036124305979136,-0.17295081210826857,0.6145087105068316,-0.34936814778323516,-0.09601097197356692,1.0889634640634425,0.3133444495736346,0.034747434188439424,1.140544782413114,0.19707430874200588,0.23155153782591698,1.1310863759033774,0.007488619908418509,0.2585147296716221,0.5305177544966795,0.07723695401367071,0.00693593224240773,-0.527156329313076,-0.06457609468910645,0.5230130362884444,-0.3496144789946195,-0.08716413169541078,0.8446741064025444,0.19638880904049968,0.007860500905351042,0.8861922969797386,0.15719861835873683,0.14041461969171917,1.0313295164608702,-0.11930964765313226,0.17704754634768302,0.5089866572873468,0.09272711621854204
378,True,3.789999999999804,6.082150890717327,False,False,0.7153130184781569,False,107.0534170139581,-0.0,-0.20787674322759392,-0.3490658503988659,0.7703634938201573,-0.34906585039886506,-0.001671952692959583,1.3990311784826353,0.548002904244547,0.345990429967678,1.5882496193148392,0.349138132914346,0.08594148284452972,1.1871214802974266,0.2393829176315361,0.2909769037777066,0.5598400079279875,0.04948081038541377,0.0034679730571222354,-0.3675168550938027,-0.20682068806037796,0.6466880177044946,-0.34934016524536976,-0.08782198782979639,1.1128982118858328,0.3700304388707458,0.05084135581642664,1.1802682383693104,0.23856696473189742,0.2533036927175143,1.1380657713782374,0.06444345283970723,0.26330021184498137,0.5193860917186545,0.07110400655053935,0.003315171478056386,-0.49866026817369646,-0.08669045576001844,0.5489006281111085,-0.34958801060414724,-0.09212421523662273,0.9036867982585015,0.2275249717560062,0.010991886589631648,0.9487249826158564,0.1655774301123326,0.158895105782595,1.0541920178142858,-0.08503143573432587,0.19300435167146945,0.5150289355684325,0.08713130265222332
379,True,3.799999999999803,6.165400489840803,False,False,0.7020674556649876,False,107.72737499792129,-0.0,-0.1280504461707233,-0.3490658503988659,0.7810811211499956,-0.34906585039886534,-0.013548664797233408,1.33970689282419,0.6916502332259542,0.15917058268324677,1.5776857128612551,0.4583906511391835,0.07490561197143482,1.1593932843672372,0.4074604806852404,0.19489656916220438,0.5419225094947967,0.050034440701006114,0.0016575890541930408,-0.31335572539148104,-0.2178778907507841,0.6649906424520059,-0.34932693102366547,-0.14679834837727404,1.1189481398695134,0.4586699212285942,-0.0054318121228461615,1.1679207188796539,0.2945845768525898,0.20385029376981742,1.0835671461254683,0.1657954476708709,0.25785628333599775,0.5284756974295765,0.06858290911920305,-0.0014491995521984595,-0.467840655009394,-0.11099579487024218,0.5722096602247015,-0.3495762155573822,-0.09826693058948101,0.9531350581463055,0.2639840585005814,0.012625026937292139,1.0009834790751904,0.18212577980098965,0.1738686399107818,1.0696780152417251,-0.04550824118256257,0.20755873167649658,0.5188132508705712,0.08291521007028041
380,True,3.809999999999802,6.259598682329692,False,False,0.8680107171596719,False,118.3446659706533,-0.0,-0.12650407239368142,-0.34906585039886584,0.7591117398404732,-0.34906585039886545,-0.02290609831242495,1.3566669649262533,0.6844401378769052,0.15274284323722745,1.5882496193148399,0.4385564393830222,0.0571118349569253,1.1615961296082113,0.4036782174906262,0.19485243829940818,0.5429273935222074,0.052179281600187706,-0.0010869003887471714,-0.3825066801244138,-0.17051318972753216,0.618935086678147,-0.34944862452293507,-0.1286515042920991,1.0495788014976488,0.36763645753559104,0.0016879332004138183,1.1104927547203065,0.23872749490336348,0.19236520954615782,1.0817236678881612,0.06792060252990532,0.23032121129187572,0.5248417743720806,0.07523124330493179,-0.007655737278544555,-0.4428480169492306,-0.13005517876411604,0.5890018670649829,-0.34955252681413623,-0.10504418312058028,0.987988998655344,0.29464220455246126,0.01187224422666937,1.0382803629981563,0.19786741213553938,0.1828909550935764,1.0782211229599157,-0.012300373858424434,0.21760052111871653,0.5212719586687157,0.08016538336362217
381,True,3.819999999999801,6.313155923473554,False,False,0.8069695865908131,False,118.54529101401567,-0.0,-0.12650407239368142,-0.34906585039886584,0.7591117398404732,-0.34906585039886545,-0.02290609831242495,1.3566669649262533,0.6844401378769052,0.15274284323722745,1.5882496193148399,0.4385564393830222,0.0571118349569253,1.1615961296082113,0.4036782174906262,0.19485243829940818,0.5429273935222074,0.052179281600187706,-0.005741806786769399,-0.36376218768562685,-0.18480773711117685,0.6315292502019013,-0.34943085795365625,-0.12944750297878233,1.0758643024667986,0.39069676700485584,0.007710697148880789,1.1495032800794276,0.25269928785467055,0.20082027030573207,1.0819607482663627,0.0908437680095929,0.23347623667363077,0.5266858082162631,0.07316887221367302,-0.01421126582047632,-0.42438521790461264,-0.1440866248188235,0.600373239641154,-0.34953927048109423,-0.11069051075049839,1.0121836953876608,0.3176199740875782,0.01091635374721754,1.0658797317906483,0.21032479541492027,0.18858289385313426,1.0828900233353533,0.012463667219850774,0.22381242618258076,0.5229751196622657,0.07844338241019126
382,True,3.8299999999998,6.336730226611838,False,False,0.7887164945519756,False,120.91683299513534,-0.0,-0.12743848297692115,-0.3402150926580182,0.7735003953891917,-0.34906585039886545,0.0005356061371359494,1.332511003280284,0.725083126491832,0.16086548110253127,1.5647348056024342,0.5085975058820399,0.07829229515133698,1.1424189382958794,0.43933681844096545,0.19926332440394276,0.5260270737520519,0.0670676041816434,-0.010658456470975939,-0.3501486834180081,-0.19311864370471477,0.6436549420143561,-0.3494209156972466,-0.1292408194668899,1.092628138083957,0.41828955041522736,0.011453493877578418,1.1569834238723227,0.2804786477154361,0.2069251025718189,1.0821007740853348,0.11840305363860341,0.23760903855160467,0.5237381072392953,0.07559944369889156,-0.020319620622011092,-0.40904458697175966,-0.15568090072217075,0.6095732604808363,-0.34953473103373534,-0.11523364751418462,1.0314127394709764,0.33781577885904845,0.010434328468510888,1.0882876441253841,0.22268693680787646,0.19301288130789568,1.0853974145624268,0.033958127160561756,0.22813477870606066,0.5240574629647379,0.07746421853248983
383,True,3.8399999999997987,6.345867306556784,False,False,0.7562163273567634,False,119.32262498885393,-0.0,-0.12743848297692115,-0.3402150926580182,0.7735003953891917,-0.34906585039886545,0.0005356061371359494,1.332511003280284,0.725083126491832,0.16086548110253127,1.5647348056024342,0.5085975058820399,0.07829229515133698,1.1424189382958794,0.43933681844096545,0.19926332440394276,0.5260270737520519,0.0670676041816434,-0.015239725626298311,-0.3386432017747675,-0.20181435643869178,0.650554962244499,-0.34941751110945773,-0.13141968484909305,1.1059817047428147,0.4333962966223758,0.012966949951331888,1.175203366148709,0.2883411856626701,0.21286660989192657,1.0817842210509607,0.13428664855751576,0.2430478803231478,0.5245498646919365,0.07486507014453112,-0.025791904016146287,-0.39537608960436466,-0.16594003981312738,0.6177956497797679,-0.3495327385639733,-0.11895339609072851,1.0480170962563422,0.3567537013331177,0.010415616575635377,1.1076255438712292,0.23523213677491192,0.1970927108682691,1.0866792698982035,0.05391779836283306,0.23173272377282966,0.5247218191987957,0.07693814957874892
384,True,3.8499999999997976,6.346555746155917,False,False,0.7460740712805014,False,123.03454201901332,-0.0,-0.11597970509636493,-0.3477080876494464,0.7939825249309578,-0.3490658503988656,-0.03133636813448127,1.3810375943159026,0.7065299024272929,0.13101201752410024,1.5591079036594115,0.5384565003988423,0.07376259362274969,1.1302747777527644,0.48136289086223716,0.19545012260893038,0.5164479264753734,0.09847053600630452,-0.01934394090803593,-0.3255271330951487,-0.21138196092321979,0.661842280475842,-0.34941601675614004,-0.1399854539083919,1.1266852589552552,0.4427597335711003,0.008983295704606164,1.1940432640219376,0.30562436170014307,0.21459233155833987,1.0847643785512586,0.15990681029149012,0.24360247955638625,0.5219355227370076,0.08232123535957939,-0.030593721419932374,-0.3825368261196195,-0.17554431848320853,0.6257929118003015,-0.34953118294785335,-0.12264345963912536,1.0637185201868022,0.37426497464818675,0.010422813046341284,1.1255834711983057,0.24802613445914673,0.20091884855116846,1.0874964102177327,0.0735378058353201,0.2348655105381521,0.5250385127654859,0.07713772007236647
385,True,3.8599999999997965,6.325681372356858,False,False,0.5188322641876816,False,105.97000003326684,-0.0,-0.11597970509636493,-0.3477080876494464,0.7939825249309578,-0.3490658503988656,-0.03133636813448127,1.3810375943159026,0.7065299024272929,0.13101201752410024,1.5591079036594115,0.5384565003988423,0.07376259362274969,1.1302747777527644,0.48136289086223716,0.19545012260893038,0.5164479264753734,0.09847053600630452,-6.118732046728192e-08,-0.31179940542272266,-0.5378646404899401,0.7190681000736349,-0.37322931323362946,-0.13080678434031245,1.1670298081339705,0.565331831498863,0.052093908129062186,1.3316415542064435,0.5096377363957103,0.27771467199324773,1.0680007035713996,0.47769832664179085,0.28799238223659107,0.51447953823441,0.09847049344621478,-0.03255037751439929,-0.3697427741508851,-0.20929425392653397,0.6378148461449197,-0.35134291365795783,-0.12554049401880216,1.0811530819853221,0.39915905643929106,0.013556251258638184,1.151990850073582,0.2760573335249286,0.2091132364771269,1.0868139389609204,0.11678451685606643,0.2408620785589698,0.524666610116333,0.07917613526828536
386,True,3.8699999999997954,6.287973325634325,False,False,0.47183152495573527,False,105.45504197943956,-0.0,-0.14456466369897084,-0.3474707614485325,0.8159776374781429,-0.34906585039886556,0.0003969877828158136,1.343974692531891,0.7071572009481091,0.049302159513870514,1.537565161592406,0.5856314818085496,0.10774549050646674,1.0988788652426646,0.4949955566880239,0.16197093719573666,0.4428926905096525,0.1294095451968581,-6.510062482839585e-08,-0.31590066057125216,-0.5118382811930905,0.7557868089530366,-0.3674156826796658,-0.1319849812299535,1.143249879203628,0.5707596303857927,0.05365418419099449,1.331605953804664,0.5606742619033934,0.2760264063999265,1.0653977597025877,0.4908264647414519,0.27701744197922146,0.43196713160018807,0.12940944321846345,-0.03282734664362654,-0.3584058994768414,-0.2596635994901004,0.6550595533679455,-0.3541349613382266,-0.1274971028678939,1.09699978333323,0.4293087307090661,0.019375832508862816,1.1841415193778562,0.31890096571339255,0.22047064566317076,1.084779974464994,0.1778099029609639,0.24822471905435947,0.5173285995653809,0.08482027703371375
387,True,3.8799999999997943,6.244077544771922,False,False,0.4899343592365821,False,101.01899999426678,-0.0,-0.13121874139418213,-0.2906444367559304,0.7953631828933463,-0.3490658503988656,-0.03485907461130849,1.3754701845574733,0.6950934274281384,0.08086783051872404,1.5715122499633414,0.5230104741160371,0.09790809162230511,1.1337187138087381,0.47114199048958894,0.16978447413482647,0.4737768404680355,0.12676857232855476,-6.565456197454855e-08,-0.3109422072054379,-0.45976750238804404,0.7345013971377086,-0.3668100510076041,-0.15831097496526603,1.1239223942830745,0.5390370889965841,0.05217220185870317,1.395426355524677,0.5145990996171809,0.26696050403691013,1.1030245601718407,0.4711414038405709,0.27364013941078047,0.46777658847582354,0.1267684884336833,-0.03272258187433704,-0.3488880430907094,-0.30614713313802505,0.6720569832405332,-0.3567303325362223,-0.13090114839105996,1.1080202820559826,0.45577464564726394,0.025602172627310946,1.22003622374172,0.3610517874592736,0.23109856930239922,1.0851961060606399,0.2377526125802626,0.25465258195307183,0.5074814848010337,0.09216999651888537
388,True,3.889999999999793,6.1993519566417055,False,False,0.4857858277384456,False,98.19245798280463,-0.0,-0.12422777444825762,-0.2430132010613748,0.7781147739091389,-0.3490658503988657,-0.026773339909714478,1.3486431835523296,0.7265296468650617,0.11115520776045487,1.5424840831999116,0.5537128081282447,0.08526925497845333,1.1013314394184495,0.487035519486281,0.17294027054397412,0.44513263668546826,0.12741587988999553,-6.544503286520786e-08,-0.2892271947617471,-0.3990478012085741,0.727384645469066,-0.36235920611248723,-0.13470993527088285,1.0733616733365376,0.567276689101652,0.061335001287200944,1.402747624425255,0.5483006183666375,0.275160322676485,1.0984537783486101,0.4870350208914652,0.27608865585571035,0.4337233244194575,0.12741580924558332,-0.032865215285026096,-0.33940054882742715,-0.33899397578539076,0.6855208540009559,-0.3585753467719322,-0.13369158083514598,1.1111915984502003,0.4786650569570941,0.031933303745573134,1.256428300549936,0.3988819379729792,0.24048057369338166,1.0876674033332085,0.2907132598087028,0.26000184840326795,0.4964480422685057,0.09927885587299744
389,True,3.899999999999792,6.15639947787068,False,False,0.4585258719299939,False,95.86200001649559,-0.0,-0.13415969792953936,-0.3008506122258408,0.7963642206991024,-0.34906585039886523,-0.03795654301655996,1.3648683563857895,0.7062299806489126,0.09678190498419853,1.561338970513851,0.5392067239225704,0.09124574501368117,1.1084132083300247,0.4884555680547727,0.17416599230179008,0.4560083816704733,0.1228504655694023,-6.573029909945349e-08,-0.2740383010341677,-0.43789581464072025,0.7529098270039954,-0.3607164803412169,-0.16064747561807544,1.085398556093111,0.5623449079853684,0.03152904586587637,1.454795993507346,0.5319987778589955,0.26729576940659355,1.1055819203555994,0.4884551734504109,0.27030870604215523,0.4455752848260458,0.12285041805915277,-0.03297997266704448,-0.3289995818078815,-0.36306857779386914,0.6977093375422715,-0.3596022067360645,-0.13700875623933362,1.1097562393422027,0.4980901064356263,0.035647746100038694,1.2931746388820966,0.4305438406422738,0.24798173142918536,1.0911436071635858,0.3353771858470091,0.2639579358073825,0.4858231896717983,0.10510600409784498
390,True,3.909999999999791,6.116630215436717,False,False,0.4486217257970754,False,96.51345800375566,-0.0,-0.13588348607672282,-0.2793087730634223,0.8018656303672513,-0.3490658503988652,-0.023942633531547037,1.3740347880831338,0.7063759399685109,0.057050033843119415,1.5631855952685452,0.5630610248457376,0.11402808976511172,1.1427629080125181,0.46742312027512933,0.16883295752098113,0.4779195856771298,0.12110796011742433,-6.595981340978829e-08,-0.2788288285914833,-0.4212098669407401,0.7566794782805245,-0.3620533303869464,-0.15044597129035558,1.086643089400944,0.5581571593992677,0.03378567490678387,1.4871767983073028,0.5630607594560325,0.2604915968695858,1.1194472882583475,0.4674228558194334,0.26626918901584107,0.4675155103732505,0.12110792811946704,-0.03282504564665592,-0.31917251457603,-0.3809016911350373,0.7092807547147209,-0.36021032004208875,-0.14036861392175579,1.1071177549047353,0.513282414125302,0.03695576085549598,1.3303152437832255,0.457812506358323,0.25301584141256567,1.0960075921245884,0.36984052122616484,0.2663597066395717,0.47873486143593513,0.10938892047172476
391,True,3.91999999999979,6.081648403940944,False,False,0.44214960725281144,False,89.99258297262713,-0.0,-0.14727556294012012,-0.2615867759337331,0.8109508718161609,-0.34906585039886556,-0.06074880005362401,1.3910927960592685,0.7038765496107484,0.04678581231568135,1.5624078081871835,0.5634056032859605,0.10141097885302194,1.1225325613758033,0.4987079488745937,0.1602679893543554,0.455291925922655,0.13679843760539928,-6.564995999602807e-08,-0.29216469599064826,-0.4066217963306813,0.7652661888486555,-0.362754306980597,-0.15623239097117403,1.0915249334831176,0.5498365213726136,0.023407029304812636,1.5188073261254178,0.563145676752578,0.23530158998603654,1.084271982219242,0.4977743037782259,0.2420831208386642,0.4466518935545387,0.13679838280227366,-0.03261278280650296,-0.31189473671346357,-0.3922825770190494,0.7201159732517411,-0.36067346533889155,-0.14341380084996833,1.104682884416517,0.5241453939859251,0.03639868561402373,1.367019315567639,0.4813174069104876,0.25432001022281947,1.0987982722013252,0.3977514459578032,0.26592975020790866,0.47313997051416845,0.1137326848467443
392,True,3.9299999999997888,6.04953363080066,False,False,0.424700124888119,False,90.58054100023583,-0.0,-0.1429257115189958,-0.2735696343153168,0.8049110155901612,-0.34906585039886556,-0.04468880248407259,1.3683996575772719,0.7136707564257998,0.05707185855238147,1.5500506903442373,0.5754201692321533,0.09403149464617182,1.1070222838888057,0.4956344105444909,0.16498586913346175,0.4427202897604608,0.13332769414937248,-6.522543515713464e-08,-0.26672339442163095,-0.3980713316113579,0.7663835018820302,-0.3610852664232717,-0.14363568020355225,1.0747746741174198,0.5579028833234301,0.03475616590522311,1.5084138940735998,0.5684986388643896,0.23113087615640787,1.0698731020605057,0.49563421473478797,0.23662909870827872,0.4352035962341125,0.1333276549722963,-0.03251155198579701,-0.3050551293914204,-0.3984560651574671,0.7297763906389564,-0.3609292243319438,-0.14522698443724522,1.1014916848979341,0.532305313421525,0.03561957184251309,1.3997894558849822,0.5010064571663908,0.25266504922791766,1.097988988309684,0.4207538186750471,0.26304812329246574,0.46713051021110685,0.11793904524278068
393,True,3.9399999999997877,6.017864619408552,False,False,0.42900815382481244,False,90.78708395827562,-0.0,-0.14278599969508332,-0.2597329799985502,0.7940184320376446,-0.34906585039886556,-0.021238135335441426,1.3515061690617185,0.7306372311032426,0.061975996006493075,1.55634351394827,0.561766527705723,0.10011928511664309,1.1216399248858462,0.4737562498758091,0.16932770634851457,0.4434098784380768,0.13213467200152168,-6.502297392185774e-08,-0.3180735044839309,-0.3789543100752187,0.7186338280010337,-0.37497281872123617,-0.12262825801022537,1.0877673579035765,0.5918040804445449,0.05832211137216317,1.4774105481748698,0.5315828758012898,0.23823233650296044,1.0761402520005945,0.47375614351018774,0.24201794113300695,0.4358159206074598,0.13213464361492347,-0.03232876350047573,-0.3019636787753938,-0.3999582770132614,0.7343396134348467,-0.36206381216435785,-0.14429830500173835,1.0986761296684562,0.541382454041737,0.037036550118036665,1.4244882454491654,0.5141895612226599,0.25034791008663426,1.095696687309017,0.43724135997492847,0.2596416725141765,0.46126433269907197,0.12136458458882064
394,True,3.9499999999997866,5.986389370666028,False,False,0.4038582841984264,False,90.86970897624269,-0.0,-0.16955277776244254,-0.25473946802994085,0.8177929766282347,-0.3490658503988659,-0.006497389565314043,1.3722539117571655,0.6883261395800685,0.07271027195309261,1.5490123697300735,0.560149637799369,0.13368788272975948,1.110427931802766,0.5335800720047924,0.17688117712665327,0.448657441329529,0.1716317648782109,-6.465739768590772e-08,-0.3180710481340699,-0.3709354032869097,0.7593360589696363,-0.3688958967256171,-0.10934833403398789,1.1059983974473688,0.5468952389093732,0.07231610768724459,1.4870408625227476,0.540939287839187,0.24480506895375845,1.0846354912534781,0.5335798793830508,0.24747138148337286,0.44131116491201544,0.1716316643573897,-0.03181826201986283,-0.302800195155704,-0.3980807356468895,0.7375524293540112,-0.363493775902358,-0.1405454551758817,1.098207757958464,0.5475243383751346,0.041151660092266076,1.4424937870841643,0.5224815893672856,0.2487960763311065,1.0938499503912105,0.45300275162555464,0.2570089239183227,0.45655457388845927,0.12712928426498246
395,True,3.9599999999997855,5.954667627439546,False,False,0.4008913286138341,False,89.63420800864697,-0.0,-0.21551569859568032,-0.1889200719051083,0.7595603993734982,-0.3490658503988656,-0.0035508174016125795,1.3621815560096617,0.680372244611913,0.1651708972811587,1.5445254638140324,0.4973808516955016,0.09786528956368318,1.110882801368558,0.4664524859099953,0.20588931203246816,0.44912443138882713,0.15169039531029496,-6.363639676321142e-08,-0.3349209445872159,-0.3099558627690804,0.7253517246123622,-0.35920445893877545,-0.08470436024920416,1.0940801524569617,0.5477510944382823,0.08744488029295491,1.515472273755231,0.4966990657582313,0.2559020206087699,1.1045816604972123,0.466452458245756,0.2564096474551655,0.4438876289383389,0.1516903462026128,-0.031084784978110576,-0.3064868917830115,-0.3900102396889588,0.7387577619529256,-0.3639553717889685,-0.133639881288683,1.0985167914200396,0.5501082237287674,0.047613835239790535,1.4581282024343118,0.524728365157875,0.24876400838532442,1.094206527693133,0.46362814779200406,0.2557999937880389,0.453294651493732,0.13311711961874714
396,True,3.9699999999997844,5.927948225875167,False,False,0.23734148844997877,False,89.17708299122751,-0.0,-0.628647731578512,0.1194769757661139,0.6541415544377603,-0.3490658503988659,-0.161344315684442,1.1377910274602887,0.33325318235445917,-0.09262615678544611,1.385026552033248,0.032646464983022205,-0.03359579769696627,1.1338118165649496,0.09813206456920703,0.1770016267070418,0.5052869173698923,0.021692170957125865,-6.216944561932003e-08,-0.628647086691164,-7.20372095308619e-11,0.6541417233714043,-0.34906588030522173,-0.20386072082390244,1.1284381812274857,0.3332536149491762,-0.052294305645852364,1.38500301475201,0.0326474490275267,0.1625908977606939,1.1326811030969997,0.09813279607826658,0.18359660571134245,0.5046061549780062,0.021692393809484872,-0.03101044781000973,-0.3341375221365044,-0.3538185707880166,0.7324891943998292,-0.362737552889233,-0.1344038814668089,1.1014041107147576,0.5341481891651366,0.0440215416304872,1.4626610057404306,0.48617050864003325,0.24266188309609987,1.0985886555429822,0.439382778256873,0.25022837550105714,0.45576610837755616,0.12750108930980966
397,True,3.9799999999997833,5.900451788690717,False,False,0.4080119894106813,False,87.9282089881599,-0.0,-0.7157870847902031,0.3180261813377856,0.46940384410480035,-0.34906585039886573,-0.018932559337863336,1.0634010975565604,0.21449732928281107,-0.002713442655238027,1.2344051104132825,-0.010081673754389934,-0.025233670616152382,1.1647550407286877,-0.05476474236325274,0.14086241512341008,0.5755854895714728,-0.029181675422178352,-6.202077157402286e-08,-0.715786321607104,0.0,0.4694043704128425,-0.34906587770281894,-0.16866740000981167,1.0300062574795554,0.214497970253047,-0.037331374252481356,1.2414436398335382,-0.008368600423270867,0.16105503086801487,1.1067676328671625,-0.0603027135174628,0.18784974917567848,0.560028546791387,-0.029181362070780564,-0.03167145711217429,-0.38622483594646845,-0.298195944057156,0.7068049323049157,-0.36053402213499114,-0.14005842966104934,1.0989432315983585,0.49503686626035265,0.03256923247440148,1.4461097089418369,0.414564410854553,0.231086603137609,1.1033048036561628,0.37724311402513194,0.24102310496506069,0.46688143404080595,0.10882811793069268
398,True,3.989999999999782,5.8693198318975925,False,False,0.648610385586928,False,86.961374967359,-0.0,-0.7157870847902031,0.3180261813377856,0.46940384410480035,-0.34906585039886573,-0.018932559337863336,1.0634010975565604,0.21449732928281107,-0.002713442655238027,1.2344051104132825,-0.010081673754389934,-0.025233670616152382,1.1647550407286877,-0.05476474236325274,0.14086241512341008,0.5755854895714728,-0.029181675422178352,-6.334278753600264e-08,-0.4393354269957267,-0.21185302363044173,0.4523853556447494,-0.34906587331886835,-0.16482305085399648,1.0323653542743714,0.21449788914991635,-0.033985353145292954,1.2401633902848257,-0.00840032820132508,0.1591392074678199,1.1039378762203103,-0.06000733530680813,0.18703491977746742,0.5658042945453263,-0.02918139940627905,-0.032123973531441544,-0.4245750227696418,-0.2577315574893836,0.6671401342027932,-0.3583638073881728,-0.14545043553028236,1.0909028822368887,0.44655807422613486,0.020090042676567905,1.4167028504877972,0.33630802467877685,0.21836209202686568,1.106234424185452,0.30099726447316655,0.2314087147454878,0.4828629896795959,0.085158674513205
399,True,3.999999999999781,6.019314204582358,False,False,0.695047986438603,False,93.30962499370798,-0.0,-0.8726646259971648,0.3188094518916431,0.5210645467625892,-0.34906585039886584,0.1127503019047123,0.7066430198050938,-0.01935472255359691,0.0980764086373248,0.6948980632454876,0.13960011007172093,0.02911307588264035,0.8816407942101858,0.02158064813632793,0.10254184835907777,0.419424564048794,0.12121946299250726,-6.42478185514106e-08,-0.5839165945272513,-0.2432886061806416,0.5073924382722204,-0.3490658686886677,-0.04435753937490275,0.6966703732180533,-0.01935378958898687,0.0634543584765544,0.7495825856716218,0.1508533398135563,0.16814147444962738,0.840530559447811,-6.489541328674742e-05,0.23098687745159796,0.3039513906191888,0.06502851633075395,-0.03461132798988864,-0.45346849905059566,-0.23857814485715756,0.6302088913265265,-0.35647282624930554,-0.1407363263120258,1.0558639336696682,0.381793142348501,0.0162787913660441,1.3591912650040676,0.27728310696339536,0.2071991886583224,1.0877692179166931,0.23294971170821901,0.22587775655826015,0.4789655237254958,0.06988543719693341
400,True,4.00999999999978,6.248619679821135,False,False,0.7285520147637556,False,90.134666999802,-0.0,-0.8726646259971648,0.3733211127205773,0.4250801591875403,-0.3490658503988659,0.1486100797926146,0.6104392160475385,0.0018070997461761412,0.10584796663634514,0.6041851748029334,0.3057678901046773,0.03471148891252008,0.9176899666076171,-0.13725981755579716,0.1069567032023938,0.4130145493549321,0.20627992714633234,-6.922251753055386e-08,-0.5631553720329281,-0.22504437703488725,0.45567202831051523,-0.349065865212788,-0.020567990245196704,0.6013479682920466,0.0018078596538420588,0.08658675375483992,0.6085555458062764,0.30576783316178535,0.18746293850074924,0.943240902626493,-0.12757012737336323,0.22197645429907834,0.32488850565783123,0.1633208185773532,-0.037790306624720334,-0.4791295454842112,-0.2303560072652783,0.5967632173349976,-0.35491878612234296,-0.12604185852001795,0.9934150845045827,0.31064930034375315,0.02192926888369292,1.2777269863645524,0.25116950367879354,0.19981440278195373,1.0602888516238744,0.16831418318947855,0.22373345826263016,0.45889785972581704,0.07106422536251464
401,True,4.019999999999779,6.363487903631775,False,False,0.7308088228648579,False,89.6789170219563,-0.0,-0.8726646259971648,0.3958313751603065,0.39506054085814457,-0.3490658503988659,0.1534335234574384,0.5764722904347724,0.005879926882018405,0.1121280142343738,0.5463923340590424,0.3011978277398593,0.03623346759224508,0.8993259150003468,-0.1686040086011245,0.09778347057159878,0.39298168438547143,0.21048185119789573,-7.558046209027447e-08,-0.5634859079222091,-0.20691635782445522,0.4225254016068356,-0.3490658621047139,-0.013398783578893514,0.5697210570882809,0.005880536315763962,0.09532817285862963,0.546393791924506,0.3011977277132833,0.19145647073526326,0.938603726479875,-0.15916055257842432,0.21435817148931458,0.31808371096221577,0.17381303857833824,-0.039960256606222544,-0.4998003552574695,-0.22565568599509775,0.5639659006271637,-0.3536982670613554,-0.10749105459631582,0.9204795909017389,0.2462498067624264,0.03233856171275439,1.1862473767383714,0.24688242292742948,0.19590889214755058,1.0356950733597143,0.10512555392069893,0.22243810280808524,0.4348030686847279,0.08326170958944788
402,True,4.029999999999778,6.369144828254732,False,False,0.7321941462188838,False,93.40654197148979,-0.0,-0.8726646259971648,0.41632673190710484,0.4104534826456484,-0.3490658503988659,0.17542996296292124,0.5752010120396616,-0.010809295636832984,0.12721848352729873,0.5309987101782313,0.26614298176613554,0.06227460215003112,0.9735704835812439,-0.3490658503988659,0.12058440067539535,0.3690580572614386,0.2943539569467878,-7.99203533768944e-08,-0.5630264943260944,-0.191665510435984,0.43480703374815954,-0.3490658596636807,0.0006326624473664416,0.5752017050072982,-0.010808781100859338,0.11845796225949953,0.5310000190378757,0.2661429431609165,0.21256814069480368,1.0068000702752335,-0.3419203330394494,0.22677669739096598,0.30988901835560173,0.26549569394240646,-0.04056175514480574,-0.5161111445020975,-0.22117584999590884,0.5348871561594472,-0.35277887841999134,-0.08812409608458535,0.850661632598145,0.19084052125079876,0.045605500187421676,1.0906792049707983,0.24892492758618484,0.19559157182016643,1.020223963993425,0.034253310855812076,0.2222393883964874,0.41092425195260107,0.10607539107433861
403,True,4.039999999999777,6.38366445677064,False,False,0.7423373992428671,False,95.98020900739357,-0.0,-0.8726646259971648,0.43881146026335077,0.38005699852505126,-0.3490658503988659,0.18458062090574753,0.5288552666908773,0.0060813561178167715,0.1250405663763814,0.486942007715268,0.27631791193729427,0.0560994890972936,0.9481290668791804,-0.3490658503988659,0.11785971115774888,0.3290300738645812,0.33835532954835956,-8.11233480460527e-08,-0.5592538898488312,-0.17902306849475333,0.40164369424342944,-0.34906585782490707,0.0029395651921606814,0.5288559081177923,0.006081725239328123,0.11433118819948224,0.4869432194835962,0.27631785734661923,0.20503767023464856,0.9792687052623548,-0.3424006425599746,0.22136837801126671,0.27476685876208296,0.3120942172641741,-0.03992516733055707,-0.5284074895907817,-0.21572956790893233,0.508603605109893,-0.3520835693764821,-0.06988912540508922,0.7867205882714342,0.1462214487590717,0.059100560047706766,0.9933486742803463,0.25269382917599287,0.19700918353778582,1.010761448732258,-0.03847631679849211,0.22254965687892755,0.38686382242088835,0.1377196220210363
404,True,4.049999999999776,6.392744988709744,False,False,0.7273269485842068,False,96.01108299102634,-0.0,-0.8726646259971648,0.42294531195197993,0.43272407942892743,-0.3490658503988659,0.18190218834824656,0.48334763880489084,0.031239738937612005,0.11487563646987989,0.4335004982099554,0.32200539433230596,0.041141867566883206,0.9020650230401359,-0.3490658503988659,0.1047014280999784,0.27242537275201956,0.4453865824099545,-7.985017496520141e-08,-0.5704115127121345,-0.17240373522395586,0.4505172610036503,-0.3490658564342918,-0.0073090798431346,0.4801728020026075,0.031239969088289646,0.09475562122553144,0.43350161986240154,0.32200525568583815,0.18636916291907699,0.9536263082284931,-0.33218430260194237,0.22644052073294746,0.19477999936839394,0.40306719011985126,-0.03856261759941646,-0.5384102748344605,-0.20951088270359353,0.4890732677307958,-0.35157320997907365,-0.05485075379891187,0.7269995747387415,0.11383921271694608,0.0695319421723386,0.8952702278610359,0.2606815445293548,0.19737748918538675,1.0017943138714327,-0.10258477394961621,0.2232089802834466,0.35797201845127724,0.1782255818734113
405,True,4.059999999999775,6.39465221523849,False,False,0.73063752526827,False,95.08379199542105,-0.0,-0.8726646259971648,0.44021133303831034,0.38223530608056755,-0.3490658503988659,0.18552751422664396,0.4943454598585318,0.03399843183564475,0.11758940177585173,0.44318722248413944,0.32132689794938024,0.044919913113864174,0.9215373715593663,-0.348106646415924,0.1031294175505624,0.2822512133555588,0.4591052492328552,-7.71250809536439e-08,-0.5662867014781893,-0.16181435230275704,0.3978240983422362,-0.34906585541357504,-0.0026706633254628617,0.49143126735081055,0.033998592121510116,0.09639020119619643,0.4431881244035068,0.32132677597231096,0.18337528372628237,0.9615148629507226,-0.3353282374357608,0.2257932948355922,0.2177038095718238,0.4235355928696717,-0.036071726547524094,-0.5463252666967542,-0.20260889291404094,0.4723705762063908,-0.35117560067765624,-0.04288111295007264,0.6749169972238726,0.09135784488089342,0.07691149790931719,0.8028710730341415,0.2710676116268305,0.19637820655241217,0.9936797092723505,-0.1555380218315485,0.2240986481717605,0.32916535391558205,0.22264103565310944
406,True,4.069999999999774,6.387723185364911,False,False,0.734487436906443,False,86.63416601484641,-0.0,-0.8726646259971648,0.4560431231495719,0.3541933419990895,-0.3490658503988659,0.17757060301638214,0.476586387255621,0.038651540847706244,0.10926193258951883,0.4381264443890195,0.3244379411506529,0.029652787094522293,0.905484105113064,-0.3486376633278838,0.08925790704171405,0.2703123987754617,0.4627730362281132,-7.214330880606079e-08,-0.5622699837800641,-0.1508227779309394,0.3676321358967045,-0.34906585461835804,-0.009060766009951406,0.473562621615164,0.03865164644222361,0.08246200205860381,0.43812717369830967,0.3244378341552155,0.1689306720586645,0.9338262791092043,-0.33971267685048245,0.2128351987789612,0.21827651005566567,0.4337705114791987,-0.03247703380820396,-0.5519212939818304,-0.19493720971573275,0.45440063847495626,-0.35085456283276684,-0.03384677077364143,0.6310559257124095,0.075982033726058,0.08121678360897078,0.7230181988935851,0.2813391805815159,0.1937104566847136,0.9850513807114972,-0.1982170569626555,0.2240670091970676,0.3046642011693921,0.26498293603861506
407,True,4.079999999999773,6.376536621072806,False,False,0.7162327450686394,False,75.42025001021102,-0.0,-0.8726646259971648,0.4494726209458381,0.3785771735433228,-0.34906585039886584,0.1868591187758161,0.4729872026377067,0.04445431300691566,0.11417723446607622,0.4313295342491689,0.3260586667655065,0.04278776711388073,0.9051152261391895,-0.34887231380758704,0.09195134775126013,0.27155335201288994,0.4679107434968373,-6.495393770067359e-08,-0.5666014464967217,-0.14320702164857013,0.3890435906219712,-0.34906585397628354,0.00241795271385363,0.46966015492410695,0.04445437613800187,0.09240695135108282,0.43133011823600115,0.3260585773396471,0.17166283591262774,0.9214793050621974,-0.3437196267685606,0.21262276527222335,0.23292459386717454,0.44610423448489234,-0.028139925016227734,-0.5561495421790374,-0.186821865999499,0.43851712135391513,-0.3506141362258698,-0.026445041720818838,0.5946547293663635,0.06591409941397998,0.0839656156075953,0.6567814028533767,0.2905859852662824,0.1902897381324468,0.9751853118102757,-0.23222258056210932,0.22316823225040502,0.2859158647526356,0.3028625214758747
408,True,4.089999999999772,6.363898891502477,False,False,0.7169495520804482,False,72.60108302580193,-0.0,-0.8726646259971648,0.4628249507369569,0.3448655937639231,-0.34906585039886584,0.18219372492358016,0.47711545269811434,0.05401819702118047,0.11545441930801961,0.44982707554271023,0.32638194014663635,0.03872283127858793,0.9246639621242844,-0.34854256289163577,0.09153611942779093,0.28207783492278193,0.48701954552783994,-5.6279737467579416e-08,-0.5618333383484916,-0.1321453492066697,0.35277213751511094,-0.3490658534954313,0.004746333905911244,0.4734916999997497,0.05401822090675815,0.09071259124910254,0.44982748935493594,0.3263818685745544,0.16690127903150032,0.9343440434610678,-0.34580536513914234,0.20761248060468643,0.2516499431389003,0.4695540234228047,-0.023218457697418787,-0.5590781343424838,-0.17829049214964784,0.4233418592000143,-0.3504251944688815,-0.019957001020727182,0.5656709816682112,0.06014288639613222,0.085995637482838,0.6049347503175441,0.2984043230292987,0.18667564498648812,0.9664055618317146,-0.25908601616805144,0.2216092080803159,0.27369923752698744,0.33680575367652804
409,True,4.0999999999997705,6.353890676762536,False,False,0.6808316947970215,False,74.82020900351927,-0.0,-0.8726646259971648,0.43442832111395197,0.4159675995363345,-0.34906585039886584,0.19159009466422205,0.49447026306459135,0.04373015193117502,0.11989664318388048,0.44729809116239516,0.31867866732578853,0.04812913747827106,0.9199064430761412,-0.34878727178076935,0.10404671256571373,0.2585186405356756,0.47961203282284043,-4.643682251920245e-08,-0.5741228465625337,-0.1290545337654958,0.42087420216693444,-0.34906585311754856,0.017880733941128202,0.49050724453660927,0.04373018473992434,0.10396074060548843,0.447298406328302,0.31867862675452174,0.17248672719730426,0.9272400005997011,-0.34697246444107044,0.20439197568742712,0.23345608245119842,0.46533578650640695,-0.01823983350201081,-0.5619955115870253,-0.16990360975906912,0.41413821531024153,-0.3502993311999919,-0.013507641433364978,0.5445248498865998,0.05632360097472423,0.08840995158773989,0.5655194946929727,0.3041455563564189,0.18361594765112346,0.9589925216156101,-0.2800971648370643,0.21949621870342628,0.2649060915567698,0.365773332950791
410,True,4.109999999999769,6.347188493089768,False,False,0.6857402097985892,False,75.00925002386793,-0.0,-0.8726646259971648,0.4533255156300988,0.3534754945676009,-0.34906585039886584,0.18747805489152145,0.5003928368958696,0.03262813029665719,0.12161918091701118,0.46377441194258673,0.3067155795594863,0.053046292250084344,0.9466559432135067,-0.34564339509809316,0.10724632705611226,0.28272899059585843,0.47531212749284274,-3.647959404690093e-08,-0.5667475063772137,-0.11708668348058739,0.35655823105100537,-0.34906585286582253,0.022467841127934193,0.49631171582483796,0.032628177740107414,0.10591314556588084,0.4637746157834417,0.3067155744970819,0.1707353129933882,0.9530947134022326,-0.344305644550738,0.2031208376218768,0.25975495037913104,0.46229736219182777,-0.013454825704070464,-0.5643534546195587,-0.16144786440611686,0.4060622335375828,-0.3501881203388192,-0.0069526268491808,0.5301699014339614,0.05247414692203908,0.0913655138371351,0.5369725188960635,0.3071430190387386,0.18121187892150445,0.9546662779283874,-0.2961427029605756,0.2171580383336007,0.25986982940037157,0.38891548230012357
411,True,4.119999999999768,6.340373451370762,False,False,0.692116862820116,False,74.56050004111603,-0.0,-0.8710033568355113,0.46869303308934585,0.3619690685504581,-0.34906585039886584,0.18777504405634873,0.49586548241944634,0.030214563480062424,0.1187263362460686,0.457139189457824,0.3041648174966762,0.04237129944446434,0.9224023069300136,-0.3466786181676329,0.09424471231119189,0.2723076834961489,0.4755831379313577,-2.6909597588414824e-08,-0.5594551993059209,-0.10468104317595689,0.3632087538125357,-0.34906585264340123,0.023119143436363357,0.49299184385231604,0.030214608084794498,0.10256729912477129,0.4530139936602884,0.3041648233860908,0.1646444554054425,0.9287482998669561,-0.3455761902271962,0.19473925842925174,0.2490257903443131,0.462439239422862,-0.009415746903693999,-0.5654278976895777,-0.15249613363380757,0.39744115713353867,-0.3500953623677198,-0.0008510242406488695,0.5202211591925583,0.048454287109060815,0.09405997873512337,0.5160120146889043,0.308121914960815,0.17882632036294185,0.951245537113121,-0.3082775470677498,0.2142940378351468,0.2571165552869413,0.4068878933394857
412,True,4.129999999999767,6.328505087611269,False,False,0.6910010982721265,False,72.76083301985636,-0.0,-0.8724009432970756,0.47400846728310697,0.2995225128836162,-0.34906585039886584,0.16962462469159065,0.4964198705848027,0.05772697303747755,0.10514960681483244,0.47754118308587173,0.29814117808630497,0.02302899189200579,0.9498477226030475,-0.3485692669154363,0.0777244113696352,0.29300996147110564,0.484577859223332,-1.8831456139248304e-08,-0.5579950519872895,-0.09539268147462998,0.29860337255128233,-0.3490658524578857,0.011969420577450006,0.4972483106651494,0.05772695440420847,0.089930792546467,0.46357735299121866,0.29814119799953614,0.15263326467674032,0.9563236192096795,-0.34763191862138015,0.18505793966541914,0.26883000982089256,0.470967201614531,-0.0061140156186729805,-0.5654054564471623,-0.14314239541051543,0.3848458480912542,-0.35000020665060433,0.00357281707527531,0.5134298444834655,0.0468428195156134,0.09536687861110217,0.5010350482370906,0.30764868876949314,0.175587236838594,0.9496965639177674,-0.3176359271279856,0.21048446165455006,0.25665439260707706,0.42133581313447427
413,True,4.139999999999766,6.318446174907788,False,False,0.6700269279229755,False,73.70820798678324,-0.0,-0.8725934310380824,0.46116428684504834,0.3552513594461288,-0.34906585039886584,0.1880918282422902,0.48027954923418764,0.050169012823383714,0.11890017798550255,0.4490975806811655,0.30597547496112526,0.039255345878399704,0.9411233181102711,-0.34893177167177525,0.095276045603728,0.2817406125170794,0.48919811045391576,-1.2228006780745648e-08,-0.5622946345042905,-0.08951566998875139,0.3514929390602885,-0.3490658522675746,0.034006851981842556,0.48111403508434475,0.0501690062722715,0.11029243251329611,0.43578668412388094,0.30597547836197164,0.16386658365176804,0.9466328958550481,-0.34826059108564894,0.19143079083621184,0.26056991840771626,0.4773089946454833,-0.0038070725507214306,-0.565244893422053,-0.13391130143220237,0.3737202751243618,-0.34993824794208295,0.008005429639455,0.5076567158434306,0.0468417062113143,0.09691348772171712,0.48854935800742805,0.30706422391249005,0.1727294218124546,0.9494173765178803,-0.324898483333703,0.20679824182842244,0.2572555084637549,0.4335020525965606
414,True,4.149999999999765,6.311633954491423,False,False,0.6725775850249927,False,77.15854200068861,-0.0,-0.872617380004287,0.47577486056717866,0.35240350651478225,-0.34906585039886584,0.1851517900054446,0.46874468471584324,0.047275613516935995,0.12070321003012631,0.4512643423618051,0.3069295647780175,0.04288197923584512,0.9246807050329768,-0.34897687383835047,0.09323376784669171,0.27236920671796777,0.4857249889684447,-7.614129870874009e-09,-0.556081108230534,-0.07799333338820705,0.3461322359140721,-0.34906585214365743,0.034477845220622944,0.4695870571478029,0.047275612662049965,0.10933819836296885,0.436234811630538,0.30692956504306523,0.15991598065833643,0.9281026003453615,-0.34873507044740426,0.1843391698976488,0.2549092714189242,0.4759941823906375,-0.0025828262767563716,-0.5647978336492033,-0.12469501615037507,0.3660958071104554,-0.349904960856293,0.01281105392297221,0.5014851696518708,0.04698348196474849,0.09904566320657458,0.47750421695827294,0.30683088106798495,0.17048043130852752,0.947991770487722,-0.33049645861222077,0.20328352743522093,0.2575556611934865,0.44347168355763417
415,True,4.159999999999764,6.305533343672123,False,False,0.6609477767016803,False,75.90962498215958,-0.0,-0.8726620672625364,0.4698166728516354,0.32616569783297356,-0.34906585039886584,0.19162007012240836,0.5087887602352251,0.0574052597452188,0.1192055677517937,0.4901526729622867,0.29145599871397787,0.04709866699173297,0.9708207449011125,-0.3484622257541888,0.10730496943813572,0.29861058029956394,0.4957961533113382,-5.165642220830019e-09,-0.5666401427137373,-0.07692977249280589,0.3197465153166162,-0.3490658520770834,0.03238326219029023,0.5097046446507669,0.057405238789692205,0.10807502762352128,0.46835068937033253,0.29145602939979404,0.15742569525385378,0.9733418166361653,-0.3485630874242529,0.18404966577746756,0.286065307486668,0.4888898418840391,-0.0016542420474999458,-0.5647431861482747,-0.11602116228136079,0.3585632117621739,-0.3498678604625023,0.01709881934924329,0.4984529514371161,0.04782748286885623,0.10107636540237375,0.4708556173303511,0.3055898307079794,0.16842133993383945,0.948971312964374,-0.33479921706355814,0.19996578812918472,0.25987248075608427,0.4523375752602854
416,True,4.169999999999763,6.297796836847071,False,False,0.6500144598827513,False,76.63783297175542,-0.0,-0.8726638004669178,0.4654588414349325,0.32855229727654695,-0.34906585039886584,0.18113890546983466,0.5086959070092216,0.05407786327456748,0.12000853306942853,0.4919557146738544,0.280046542915013,0.04165049492941859,0.9694512958555837,-0.3488711016365654,0.0975537714667517,0.29512665513349595,0.49217315862393324,-3.3084774767912217e-09,-0.5757951116238302,-0.07539066920678164,0.32193980806559946,-0.34906585200288276,0.030385776089474646,0.5095918719541608,0.05407785075861498,0.10441662506819865,0.4714042922926714,0.28004659399202647,0.15162366784425044,0.9699406553725939,-0.34887107348219637,0.1768190984302398,0.2876598053418721,0.49217307912732156,-0.0010341757680446754,-0.5659221335415584,-0.10839115313158645,0.3511205608205576,-0.3498302329013107,0.02046153130351401,0.4985615306844694,0.048989215472017775,0.10252529810646174,0.46820895327698675,0.3026278103939661,0.16614334390835356,0.9522744303451268,-0.3380853382964356,0.19654795123292063,0.26403125442213865,0.460478471513914
417,True,4.179999999999762,6.289101942423717,False,False,0.6531983511784418,False,75.62016602605581,-0.0,-0.8726642335708888,0.4776879741332708,0.30683106058551235,-0.34906585039886584,0.1815928613231965,0.5223846322321202,0.05333842928414515,0.1177398352940747,0.5053603467354222,0.2724075516148693,0.042127656848038174,0.9712210677936015,-0.3489732741040628,0.10209618723639868,0.29415363498371394,0.486423606741931,-2.0683473987356815e-09,-0.577160352671394,-0.06939110538909346,0.2997688916785509,-0.3490658519276278,0.03242407231119867,0.5233043005416574,0.05333842046476203,0.1062255779665025,0.48549454045015267,0.27240761198162167,0.1511573447791533,0.9717203229775784,-0.34897325233212445,0.17480284099501114,0.2873149595481669,0.48642355481507793,-0.0008437224314942238,-0.567916483418209,-0.10154946838819685,0.34292994506198204,-0.34979473183266124,0.02312825530480689,0.5010188242352606,0.04996097532343567,0.1035566732161702,0.46867771058879815,0.29828072699736846,0.163770614833572,0.9561935005514295,-0.3402622120362504,0.19304325330516267,0.2685206777285652,0.46705894364031514
418,True,4.189999999999761,6.279952426684459,False,False,0.6454037081519538,False,76.06308400863782,-0.0,-0.8726645670708124,0.4751522724770073,0.32723355413787625,-0.34906585039886584,0.18311307058633575,0.5001903427961641,0.039385384782586914,0.11692777883026452,0.48845835590711173,0.25903008448782855,0.04153056123380626,0.9456960518101263,-0.3490519492314413,0.09596864140871154,0.2790647988597013,0.4784295040775032,-1.6874414876478713e-09,-0.5838344610974715,-0.06701202571856771,0.3197058773486938,-0.3490658518566258,0.035204395945566694,0.50113806303695,0.03938540583350135,0.10640703948091963,0.46898129854765486,0.25903016292685466,0.14806132265716362,0.9461878401714225,-0.3490519316621993,0.1691811394357315,0.27218777596473936,0.4784294812491604,-0.0013708434026102286,-0.5706333888742298,-0.09541610551486748,0.33607561227921234,-0.349771128663399,0.02548379148623449,0.5030022073610938,0.04972061325616829,0.10437108324611986,0.46967748978576296,0.2925612344719913,0.16136761497096297,0.958123021985634,-0.3410065685179886,0.18938801857210852,0.2714470070367809,0.47139872938357896
419,True,4.1999999999997595,6.273781826334782,False,False,0.6461845765446907,False,75.74445800855756,-0.0,-0.8726646041442462,0.48433989822964274,0.31562238733751014,-0.34906585039886584,0.18498161700072524,0.5291199934275769,0.03794185618189937,0.123955435494207,0.5271129605461623,0.2455051428009631,0.05032124337937895,0.9799269023104699,-0.3458248583466165,0.10766984918059143,0.3043012565253431,0.48126769986452844,-2.741681322509376e-09,-0.5851381320767669,-0.06153467821226298,0.3075813084826608,-0.34906585180941957,0.04043325547151345,0.5300793348032815,0.03794187949929235,0.11406675683105916,0.508250248167597,0.24550523676730618,0.15382840373755743,0.9807389981763608,-0.3458248487001298,0.1763772700647436,0.296852484842357,0.48126768020578226,-0.0020446930277465847,-0.5736921986160264,-0.08981560358344576,0.33037520542418153,-0.34975571545158074,0.027929290873601846,0.5059766335892291,0.04839739988919468,0.1055713341631269,0.4731967644307387,0.2853601063279584,0.15954535522763288,0.960652937318022,-0.3410438359058777,0.18641939800783638,0.2747348875902375,0.4742271051639994
420,True,4.209999999999758,6.264707796496882,False,False,0.6254653827072344,False,75.4492919659242,-0.0,-0.8726646176715537,0.4661017459320702,0.3594656563420468,-0.34906585039886584,0.18871352780389408,0.5403294487193857,0.03218822556455401,0.12724389357106777,0.5338251764189476,0.23209904093113576,0.057021771409709855,0.9778165401678496,-0.3478310844665499,0.11094613490303624,0.2982266642105125,0.4813820132535911,-4.0893778779915735e-09,-0.5968641486363466,-0.06261383770913605,0.3513057508455109,-0.3490658517785932,0.045774605679480565,0.5413115608874141,0.03218825785503797,0.11895532873491957,0.5134192712446071,0.23209914737513038,0.15773504979733727,0.9785051851361745,-0.34783107088899684,0.17743820775126298,0.2910254073949686,0.48138199896695494,-0.0027473984444435794,-0.5775533534316136,-0.08497696565608341,0.32867162850743736,-0.3497427618866363,0.030735256643412413,0.5109875223830034,0.04627589986553221,0.10745348632560923,0.4792695428361762,0.27683200465083224,0.15866802128538546,0.9642613918607991,-0.34080727097310715,0.18442881033337677,0.27828797837518293,0.4762371417932502
421,True,4.219999999999757,6.257214236665764,False,False,0.618077506054542,False,75.78775001456961,-0.0,-0.8726646203019061,0.46647616032380734,0.3604406701029651,-0.34906585039886584,0.19239968140241634,0.5324790906860006,0.02561874455499616,0.12817297546719658,0.5261932889253611,0.22818462155527872,0.06579555572737704,0.9816246962651679,-0.3482211903111886,0.12363605231072901,0.29611053289603884,0.4810823183616439,-5.494785901023064e-09,-0.6003448183660773,-0.05891258938296528,0.3522923625759447,-0.3490658517526861,0.05459560057711692,0.5334594546919418,0.02561878585657052,0.1269243777345903,0.5070360375460148,0.22818471884139985,0.16198182557697982,0.9822532032700517,-0.34822117546991205,0.17943810252355769,0.29007328921772996,0.48108230876696556,-0.003692046179465726,-0.5820012125356405,-0.08075461273874333,0.3305225578681098,-0.34973113647093274,0.03424464077130948,0.5160975218951643,0.043359297130826945,0.11019571743017609,0.48542970405078995,0.2679665732504223,0.15867728964578276,0.9681079646594999,-0.34050676189317336,0.18326610597926574,0.281236145225884,0.4776656936460041
422,True,4.229999999999756,6.25214368819385,False,False,0.6253692895837526,False,76.12374995369464,-0.0,-0.8719283385908713,0.48182669053244753,0.35880127056510497,-0.34906585039886584,0.19343612404523097,0.5329545133101525,0.024209725274093104,0.13199343218061368,0.5225283810046933,0.22553390715313976,0.06646561378897728,0.982313857730779,-0.3484730701098484,0.12427102501252711,0.2980777701849892,0.4843670820363831,-7.384077592431648e-09,-0.5964920476843626,-0.05156547988367299,0.35080029182641087,-0.34906585172943533,0.05856133884516557,0.5339442628224833,0.024209763551935593,0.12971799643216966,0.5037877058256454,0.22553399200483476,0.16200611979372778,0.9829318645359538,-0.3484730541729933,0.1784848173119552,0.2922218682277199,0.4843670686625369,-0.004875499590102891,-0.5859816918535441,-0.0765711085234292,0.3335210813621754,-0.3497204891518635,0.03829475847611233,0.5204033638819993,0.04010756514065041,0.11351737370109044,0.49044061465896804,0.2596592734420739,0.1592132239454288,0.9718187768092109,-0.3402287691707898,0.1825932627787779,0.2837207987541475,0.47893766986875735
423,True,4.239999999999755,6.245663215051948,False,False,0.6202992980660152,False,77.19162502326071,-0.0,-0.8724472320137832,0.47975939767697967,0.36450610413045736,-0.34906585039886584,0.19261002690782172,0.5098970409203395,0.012147204595921243,0.1296132761940577,0.4993626460002028,0.23080345039881695,0.05869017426789478,0.9454729367993193,-0.3488908278910814,0.11193640998795133,0.278366088747425,0.4853414924407833,-9.750979678216365e-09,-0.6006532024112539,-0.048695614318368344,0.3569950963234962,-0.34906585170814075,0.05645263270524291,0.5109227482034462,0.012147260524946964,0.12398572549767146,0.47909424323097494,0.23080350811677836,0.15487968540783545,0.9462007988008144,-0.3488908106058557,0.1694203151850285,0.27216988264527275,0.4853414793768386,-0.006509387322823794,-0.5894687848990264,-0.0723638918815794,0.33707322108069654,-0.3497105370286655,0.0421234490187903,0.5222072390587569,0.03611312816505316,0.11641236260003701,0.49245371130603904,0.25288345418207137,0.15945268566686704,0.9723677117122659,-0.3400063436944614,0.1814853320242592,0.28433191840524746,0.48021252099117445
424,True,4.249999999999754,6.229179907015154,False,False,0.6377656376895449,False,77.09649996832013,-0.0,-0.872577866608094,0.4988779375935681,0.3224809703835801,-0.34906585039886584,0.18075702099041366,0.508085757413537,0.015376395932602475,0.11148306471136109,0.5304405931433032,0.22600800964782738,0.02502375572387413,0.9307547470628794,-0.3489960009687537,0.08070674421810033,0.2709480544378044,0.46033412534785234,-1.301874860953206e-08,-0.5962011990008564,-0.040954015893078434,0.3153259494719063,-0.3490658516882365,0.0325341738514205,0.5092257555492175,0.015376437450957774,0.09827763874297922,0.5075137725119304,0.22600806342326618,0.13223514069210393,0.9320921421805273,-0.34899598291831796,0.14904358334934364,0.26360733060129105,0.46033416556001827,-0.008288933038268892,-0.5920920299786188,-0.06792037316670343,0.33751542785790883,-0.3496945135130568,0.04364309645403861,0.521807497276131,0.0320770767346993,0.11677692328166352,0.4941749737116363,0.24731829071840655,0.15761305313085638,0.9691237628888492,-0.33984212031449595,0.1784540996902244,0.28274836253904456,0.47949453198237746
425,True,4.259999999999753,6.190949339330355,False,False,0.6329146639369253,False,76.60829200176522,-0.0,-0.8726435511248453,0.49796962722011845,0.2371465142167497,-0.34906585039886584,0.18733661778341593,0.5108307929866517,0.02859656982957877,0.11995674214869609,0.4965628356354089,0.23283564583200853,0.02262120131278507,0.9078972719515979,-0.34904888315374155,0.07255503696726878,0.24376549936503197,0.41999043391471186,-1.6577832925857017e-08,-0.6004211390697908,-0.037389572216873695,0.23029200162963065,-0.34906585165618953,0.03959853343611687,0.511993417688954,0.02859657686433737,0.1019070483048606,0.47296599908012094,0.2328356748408079,0.13158025975412418,0.9097310033221498,-0.3490488647520309,0.14448728693644888,0.23606546963736122,0.41999055283327474,-0.010107748058751191,-0.5940772656268959,-0.06326095745878729,0.32847912697257586,-0.34964880918391816,0.043660224765357296,0.5206603386620138,0.02964911518954711,0.1153369220821577,0.4940881390409998,0.24327569205676539,0.15418842239801026,0.9624148803567067,-0.33973037168695325,0.17383026003887406,0.2780188634602792,0.47396143554664455
426,True,4.269999999999752,6.147955166561411,False,False,0.5688046755080305,False,76.08549995347857,-0.0,-0.8726608756543953,0.4207868971584068,0.3149565074383763,-0.34906585039886584,0.18215525733802018,0.5524268539927989,-0.029456165664089456,0.11957881644457477,0.4727798300710956,0.21764788499771234,0.0125091373830371,0.8945558532563963,-0.3490628310218512,0.049917157143512754,0.3071575201210613,0.19287522316058814,-2.021545568789418e-08,-0.6350204630516713,-0.05137096812125087,0.30827172190572033,-0.3490658515647811,0.036792489667060516,0.5535973324510559,-0.029456047443019384,0.09615127500364834,0.4612184633826277,0.2176479362593475,0.12643316043277975,0.8945035900544291,-0.34906281235784853,0.1457853337175949,0.2969376916961559,0.19287578530604133,-0.011701949722898735,-0.5985742498500966,-0.06003545813312441,0.31944488789356823,-0.3496164669057475,0.0430772656225599,0.5226118892341248,0.02405983105607083,0.11297408325245774,0.4911378702058699,0.239407393243928,0.1500623989398612,0.9530163022308814,-0.3396626488361652,0.16897385982889468,0.2762482902350428,0.4476285183040408
427,True,4.279999999999751,6.106887962064385,False,False,0.5593186236539338,False,76.17604202823713,-0.0,-0.8726642585626936,0.4196373486556653,0.21363591605581875,-0.3490658503988659,0.18052353941030375,0.43749662030576836,0.022877817083254724,0.12436710994925612,0.3597531225555888,0.3652947235685444,0.033977905850530454,0.8173785661485207,-0.3490655545797195,0.03156112473553591,0.3158003259353992,-0.020313118291802684,-2.3403852640602185e-08,-0.6387889446637113,-0.047225314262386645,0.2062330822861696,-0.3490658515000967,0.04701265101766497,0.43859354285119106,0.022877819452752513,0.09764405655982675,0.34919473362995634,0.36529447179802865,0.125935677214911,0.8172862586335832,-0.3490655357737884,0.14500938273537894,0.3037420033619217,-0.020312182437597248,-0.013836451451496166,-0.6050985767507607,-0.057913721259618425,0.30651762569410657,-0.34957591887144623,0.04288799024638143,0.5183670802768151,0.01977554593296137,0.11035785024341448,0.47817657719794704,0.24709559487306337,0.14585637304120708,0.9370617584624991,-0.33962932046057726,0.1645339292356134,0.2787596869190094,0.3903802635387368
428,True,4.28999999999975,6.067088649805263,False,False,0.47514355573558265,False,82.6484159915708,-0.0,-0.8726646259971647,0.32076842618459506,0.2393221266030408,-0.3490658503988659,0.17668045850654018,0.18982604810012826,0.17865982882013026,0.13220869201403626,0.11762740604110694,0.5684381393074969,0.020961059804373114,0.40268374998130146,0.36610287564075,0.015472966883358016,0.10974474151445518,0.08137829767989112,-2.767284755685051e-08,-0.6802095204707599,-0.06390619142676494,0.2321641893326045,-0.3490658514190008,0.046622077562209416,0.18847563787900407,0.17865951119360293,0.08933439043604945,0.11762812359784452,0.5684374967184294,0.11779398188758285,0.40268482279286777,0.3661014648717936,0.12756298957553713,0.10894873575135705,0.0813789155192906,-0.018488361965916723,-0.6150823920163105,-0.05742480131451001,0.29162754392836265,-0.34954709721985716,0.04322615221028077,0.48827337003697235,0.030908497516326155,0.10735915092935393,0.44035153341923644,0.2803568462963534,0.14143670163913383,0.8869939115186118,-0.29926218821319334,0.1593917206528093,0.2677604224516377,0.3272501955514397
429,True,4.2999999999997485,6.030415518593218,False,False,0.625786896643938,False,80.59233397943899,-0.0,-0.8726646259971648,0.35804522335422667,0.26620348519153764,-0.3490658503988659,0.2714709156711036,-0.02782683585586959,0.28235456667556896,0.19231943746971567,-0.16020516692123243,1.0563011752241123,0.08112239799480245,0.0145912239469847,1.0462743002885395,0.02467804319538837,-0.3490658503988659,0.6888022374613886,-3.697664998150718e-08,-0.6594315282630341,-0.04823593403884177,0.30353221226135463,-0.3490658513613576,0.09651492892818506,-0.0278258024623812,0.28235406382320827,0.15969502880518904,-0.17169822512680816,1.056299623379334,0.17131976302278182,0.04837916276858545,0.7007378104793673,0.1628275235318905,-0.34906999999999994,0.677888970113971,-0.0251983578883416,-0.6255614582713568,-0.05735328442923232,0.2840092705025986,-0.3495303942583371,0.047437261665569476,0.4252354231868818,0.06123680735453272,0.10929220426540893,0.37271302708886694,0.3460078662228733,0.14104741244113683,0.8083120746310156,-0.22308082390087874,0.15644836927039454,0.21730067732569133,0.32023079503901547
430,True,4.309999999999747,6.011289930725759,False,False,1.8457926629554313,False,80.07404202362522,-0.0,0.3627929597094942,0.6937940325192559,-0.2094395102393196,1.1431431265918712,0.22147518735024432,0.13517851011705473,1.8849555921538754,-0.03510833153802939,0.6129927798586986,1.8675022996339325,0.008101594894031519,1.0181752609089323,1.8164043818424946,0.24118191618041382,0.9504196092181962,1.6898802308726888,-5.0396614981879084e-08,-0.2876472858103278,-1.44839299581756e-09,-0.20943852398895868,0.6504696057416628,0.03063957264231044,0.11620271474072774,1.0612368061405635,0.10264051833488858,0.5840025193570458,1.3460078655217482,0.13509942215002696,1.042188171188069,0.7769191755839127,0.37349277212326537,0.9135865460492296,1.3202307942268616,-0.02270288812950547,-0.6052448408952213,-0.05410148879402097,0.2423036606592661,-0.3094534003556792,0.04979321654271307,0.3586675414910377,0.12290270322643478,0.11168981916758657,0.3430335816114862,0.43184166408787855,0.14193016327597496,0.775841685966524,-0.13310731587095187,0.17206944390235818,0.21608504304729795,0.37114815619252206
431,True,4.319999999999746,5.999189758202292,False,False,1.7204378343003535,False,81.19295805227011,-0.0,0.3627929597094942,0.6937940325192559,-0.2094395102393196,1.1431431265918712,0.22147518735024432,0.13517851011705473,1.8849555921538754,-0.03510833153802939,0.6129927798586986,1.8675022996339325,0.008101594894031519,1.0181752609089323,1.8164043818424946,0.24118191618041382,0.9504196092181962,1.6898802308726888,-4.5405685444172006e-08,-0.27679208653629384,-1.0299109620692803e-09,-0.20943860675888012,0.6905465996443207,0.032640711779119994,0.11628000188352955,1.1229027026245075,0.10780110954743458,0.5908995137352686,1.4318416636695164,0.133515052170176,1.0382659132689784,0.8668926841232041,0.37055771916640623,0.9163749929264179,1.371148156192522,-0.013321692024151184,-0.5595674797673389,-0.04776471068710584,0.17198866527884712,-0.2336829205838577,0.048849553706365526,0.3034414725932669,0.2074131287159087,0.1123244044929725,0.35890615347207544,0.5257823412184269,0.1417981829465046,0.7926480895805166,-0.03757463141661423,0.20160885565917577,0.27402651690781626,0.4508649922562843
432,True,4.329999999999745,5.995432386456954,False,False,1.5415572179387744,False,82.164500025101,-0.0,0.3627929597094942,0.6937940325192559,-0.2094395102393196,1.1431431265918712,0.22147518735024432,0.13517851011705473,1.8849555921538754,-0.03510833153802939,0.6129927798586986,1.8675022996339325,0.008101594894031519,1.0181752609089323,1.8164043818424946,0.24118191618041382,0.9504196092181962,1.6898802308726888,-2.664333076211889e-08,-0.19404575224856013,-7.500784715563924e-10,-0.20943874766716628,0.7663170794161422,0.045609425029632465,0.1018459068989585,1.2074131271333788,0.11342048682306317,0.5999934087168948,1.5257823409647138,0.1445532665859314,1.0250955515782723,0.9624253683847374,0.32845890319388327,0.9369041026865825,1.4508649922562844,-0.00379633448343574,-0.5020897406637453,-0.040455149940907084,0.09839966429251534,-0.1435741905582351,0.047674388111128105,0.2577700038297343,0.3010306478516716,0.11262207857972542,0.3927808403322414,0.6231846186691398,0.1418358677266105,0.826933089258856,0.06044848896767322,0.23050141474437286,0.3564849530776191,0.542446052338231
433,True,4.339999999999744,5.999795735419393,False,False,1.5415572179387744,True,79.85662500141189,-0.0,0.3627929597094942,0.6937940325192559,-0.2094395102393196,1.1431431265918712,0.22147518735024432,0.13517851011705473,1.8849555921538754,-0.03510833153802939,0.6129927798586986,1.8675022996339325,0.008101594894031519,1.0181752609089323,1.8164043818424946,0.24118191618041382,0.9504196092181962,1.6898802308726888,-2.664333076211889e-08,-0.19404575224856013,-7.500784715563924e-10,-0.20943874766716628,0.7663170794161422,0.045609425029632465,0.1018459068989585,1.2074131271333788,0.11342048682306317,0.5999934087168948,1.5257823409647138,0.1445532665859314,1.0250955515782723,0.9624253683847374,0.32845890319388327,0.9369041026865825,1.4508649922562844,0.003254124656009967,-0.4432552789474561,-0.03334118943341608,0.032268672663942836,-0.04767498769406387,0.047037868172453916,0.22062415050870884,0.3982912571292994,0.11290017431351689,0.43066206902091486,0.7221083212572418,0.1422802017704402,0.8641555977583126,0.159614261892819,0.2542355023500993,0.4491742293478771,0.6389334770142593
434,True,4.349999999999743,6.082911504242639,False,False,1.1947805128945015,False,82.79695798410103,-0.0,0.3627929597094942,0.6937940325192559,-0.2094395102393196,1.1431431265918712,0.22147518735024432,0.13517851011705473,1.8849555921538754,-0.03510833153802939,0.6129927798586986,1.8675022996339325,0.008101594894031519,1.0181752609089323,1.8164043818424946,0.24118191618041382,0.9504196092181962,1.6898802308726888,6.5082362958081286e-09,0.0737741741413469,-4.084066973497613e-10,-0.20943902683272186,0.9523250123059361,-0.020084169826174454,0.10290949085682455,1.398291256745586,0.05505593392256708,0.4803987475639625,1.7221083212572417,0.15280900439701905,1.1077793323909197,1.1596142616352865,0.38133405448024005,0.927143999511964,1.6389334770142594,0.006916416359996674,-0.37057601865086354,-0.027233197020613543,-0.023404884632112575,0.05048360827682898,0.04185327904058088,0.19133837133072015,0.4970259513278386,0.10888514315891001,0.4568856163036872,0.8218253635465534,0.14345288900636952,0.9046388668712615,0.2592278985889581,0.277040201608631,0.5423116683127145,0.7375064858899258
435,True,4.359999999999742,6.170100418894104,False,False,1.0490366342499269,False,79.7349579515867,-0.0,0.3627929597094942,0.6937940325192559,-0.2094395102393196,1.1431431265918712,0.22147518735024432,0.13517851011705473,1.8849555921538754,-0.03510833153802939,0.6129927798586986,1.8675022996339325,0.008101594894031519,1.0181752609089323,1.8164043818424946,0.24118191618041382,0.9504196092181962,1.6898802308726888,1.3832805055916109e-08,0.3627914916196565,0.0,-0.20943913817349372,1.050483608276829,-0.0829803854969725,0.10007936060535372,1.4970259513278386,-0.0008742614982963082,0.4955336051908569,1.7922437928145314,0.13882590139190304,1.0834170428590182,1.259227898588958,0.35793120663554795,0.9423167447088088,1.6870751505140615,0.007343756891080148,-0.2835997911318072,-0.02226077707157235,-0.06827045014136514,0.14956645128898788,0.02813655158765486,0.1685654406473489,0.596392463859325,0.09711959968014226,0.4718515116552547,0.9218599573712778,0.14413377763758844,0.9432980948497651,0.3591208576616187,0.2970639405549106,0.6267020646638728,0.8370224135100383
436,True,4.369999999999741,6.177804732086229,False,False,0.9670483202925056,False,78.52895796531811,-0.0,0.3627929597094942,0.6937940325192559,-0.2094395102393196,1.1431431265918712,0.22147518735024432,0.13517851011705473,1.8849555921538754,-0.03510833153802939,0.6129927798586986,1.8675022996339325,0.008101594894031519,1.0181752609089323,1.8164043818424946,0.24118191618041382,0.9504196092181962,1.6898802308726888,1.4687484409248164e-08,0.36279166709112565,-1.0894590785071046e-11,-0.2094392279010357,1.1431411394424953,-0.09273025707964924,0.09435037468953852,1.5963924634865383,0.00148825079384797,0.49093446058418067,1.782991871399929,0.1572574851311635,1.0876232919438333,1.3591208575772584,0.3438170843386684,0.9417430344448416,1.687862674107071,0.005268082130267992,-0.1895835519078779,-0.018312804862585307,-0.10332708437676107,0.24906446567183027,0.009124347831676897,0.150666792964382,0.6960631711762425,0.08134595955968009,0.48064844909046067,1.0219960980886784,0.1453588387711646,0.9763131937210823,0.45919427684596564,0.3116269108874383,0.6983496746402433,0.9369753911711056
437,True,4.37999999999974,6.1706742227039575,False,False,0.909389005889472,False,77.19279202865437,-0.0,0.3627929597094942,0.6937940325192559,-0.2094395102393196,1.1431431265918712,0.22147518735024432,0.13517851011705473,1.8849555921538754,-0.03510833153802939,0.6129927798586986,1.8675022996339325,0.008101594894031519,1.0181752609089323,1.8164043818424946,0.24118191618041382,0.9504196092181962,1.6898802308726888,1.0536143186211377e-08,0.36279185472949016,0.0,-0.20943929801575945,1.143141338438126,-0.11285761348731488,0.09489420954350025,1.6960631710528484,-0.011759290847077941,0.47533583008669905,1.7674072800935505,0.16738110406049878,1.044671912153419,1.4591942768459656,0.3548170931083886,0.967015206254793,1.7034273234307946,0.001435071265305364,-0.09279768896651873,-0.015241495319094684,-0.13018328308823396,0.3487609965086763,-0.011965428051939175,0.1367656316824201,0.7958956131795447,0.0646831150520299,0.4846067660751182,1.1221777491984417,0.1481137375522013,1.0001958087203413,0.5594071636817941,0.3224990634391534,0.7584267322707785,1.0371071193049213
438,True,4.3899999999997386,6.172280870503799,False,False,0.8565564166396655,False,77.79849995858967,-0.0,0.3627929597094942,0.6937940325192559,-0.2094395102393196,1.1431431265918712,0.22147518735024432,0.13517851011705473,1.8849555921538754,-0.03510833153802939,0.6129927798586986,1.8675022996339325,0.008101594894031519,1.0181752609089323,1.8164043818424946,0.24118191618041382,0.9504196092181962,1.6898802308726888,2.8701367896927232e-09,0.3627920480503525,0.0,-0.209439351721908,1.143141537830789,-0.10803890749999083,0.10648039706081232,1.7958956131795447,-0.010297171105801334,0.4749929687948721,1.7737908283106825,0.1706794133837359,1.0215662752749401,1.5594071631894075,0.357928002763034,0.9663410388249032,1.7036205578699097,-0.003279246314169092,-0.0006766507002294422,-0.012843765063223869,-0.15038004419177914,0.4485812508868634,-0.032030023012651745,0.1271325806801658,0.8958227846522605,0.049108688953795096,0.48559760822644904,1.2223737035048263,0.1518459781211365,1.0141990162827341,0.65969747024803,0.33122183874805255,0.8077286516745696,1.1373127935858527
439,True,4.3999999999997375,6.177724379678918,False,False,0.8226629529635908,False,76.31291600409895,-0.0,0.3627929597094942,0.6937940325192559,-0.2094395102393196,1.1431431265918712,0.22147518735024432,0.13517851011705473,1.8849555921538754,-0.03510833153802939,0.6129927798586986,1.8675022996339325,0.008101594894031519,1.0181752609089323,1.8164043818424946,0.24118191618041382,0.9504196092181962,1.6898802308726888,-6.558479511645926e-09,0.3627922453679108,-7.8767605285468e-10,-0.20943939216906676,1.143141737470898,-0.10315151986131207,0.10955338676509815,1.8719577809629768,-0.0029290654064498614,0.4792187234856274,1.7879928361245236,0.16588767430064666,1.00416269345448,1.65969746963183,0.35858427591800207,0.967895595338638,1.704871792932948,-0.00809214259944632,0.07915077146767728,-0.010924319374394326,-0.165341752212307,0.5484906830766196,-0.048884337077051365,0.12115056744810629,0.9958235834300895,0.03635664453152972,0.485604315409594,1.3224716871698026,0.1553257300015138,1.0203271330074424,0.7600047553651215,0.33820271740097313,0.8469898943144246,1.2374573433319211
440,True,4.409999999999736,6.187300805797825,False,False,0.8103297539813233,False,77.21462502377108,-0.0,0.3627929597094942,0.6937940325192559,-0.2094395102393196,1.1431431265918712,0.22147518735024432,0.13517851011705473,1.8849555921538754,-0.03510833153802939,0.6129927798586986,1.8675022996339325,0.008101594894031519,1.0181752609089323,1.8164043818424946,0.24118191618041382,0.9504196092181962,1.6898802308726888,-1.6184252831993873e-08,0.3627923758348869,-9.047674068285438e-12,-0.20943942206942318,1.143141937289363,-0.1102480045635912,0.12176202509767034,1.8699228812982884,-0.008295441385141475,0.5056870967957521,1.805455945377658,0.17597164153561737,0.9453373235688782,1.7600047553651215,0.34126584146724404,0.9880556769973772,1.71546925353863,-0.012490503871436118,0.14470035315622465,-0.009480073183275024,-0.17637061316062283,0.6484543371015995,-0.06281983703717822,0.11843646231814772,1.0958782989443148,0.026126557611671982,0.4873701426827278,1.4186986774422488,0.15889246961761583,1.0173986468842624,0.8603357172890163,0.342323990877228,0.8792090575564497,1.3333609105560082
441,True,4.419999999999735,6.201171011079888,False,False,0.7919311515999553,False,72.9449589853175,-0.0,0.3627929597094942,0.6937940325192559,-0.2094395102393196,1.1431431265918712,0.22147518735024432,0.13517851011705473,1.8849555921538754,-0.03510833153802939,0.6129927798586986,1.8675022996339325,0.008101594894031519,1.0181752609089323,1.8164043818424946,0.24118191618041382,0.9504196092181962,1.6898802308726888,-2.498095777979381e-08,0.36279252000412593,0.0,-0.2094394441219229,1.1431421372162711,-0.0952861753735891,0.14796092461053859,1.8697307079466645,0.009047796730313865,0.5317890371159781,1.8412450317929574,0.1781970313015364,0.9868336354484172,1.813050725982756,0.3180751847225769,0.9503255990571912,1.6898795174937495,-0.015934483297979266,0.19678050057829388,-0.008912418967997007,-0.18450395797995392,0.7456951455755421,-0.0730868885227793,0.11987949552714654,1.1959662717672181,0.019233901949873372,0.4927007146765707,1.5059338621290117,0.1626448254431333,1.011897784687711,0.9605996256667488,0.3423869525245835,0.9026848784369015,1.4151178145162446
442,True,4.429999999999734,6.2226026437032065,False,False,0.8199822168984965,False,80.694374977611,-0.0,0.3627929597094942,0.6937940325192559,-0.2094395102393196,1.1431431265918712,0.22147518735024432,0.13517851011705473,1.8849555921538754,-0.03510833153802939,0.6129927798586986,1.8675022996339325,0.008101594894031519,1.0181752609089323,1.8164043818424946,0.24118191618041382,0.9504196092181962,1.6898802308726888,-3.1868902856946324e-08,0.35832343409253475,0.0,-0.20990764287204058,1.143142331697499,-0.10421635183673117,0.10901177596886512,1.870394420659626,-0.0025803459592466695,0.48630423425911357,1.7196590011220252,0.1971118043905129,1.0075810943080283,1.816402670196148,0.3372338860408252,0.9503828783147759,1.6898796825888738,-0.01856870722719061,0.2369446568447625,-0.008835102514752982,-0.1905361487440442,0.8316721242697035,-0.0807215138247737,0.12097374113144642,1.296110511913196,0.014328215721797974,0.496501678898329,1.5711293516614318,0.1675798138701979,1.009012842919603,1.0607858478962489,0.3413896385304051,0.9183521987089341,1.4805456644616444
443,True,4.439999999999733,6.235492444637586,False,False,0.811695590008405,False,91.9431250076741,-0.0,0.3627929597094942,0.6937940325192559,-0.2094395102393196,1.1431431265918712,0.22147518735024432,0.13517851011705473,1.8849555921538754,-0.03510833153802939,0.6129927798586986,1.8675022996339325,0.008101594894031519,1.0181752609089323,1.8164043818424946,0.24118191618041382,0.9504196092181962,1.6898802308726888,-3.713734017529724e-08,0.3627927090159698,0.0,-0.20943947245137431,1.1431425036511125,-0.1069403955235485,0.1481908163787947,1.8678024194177616,-0.006076013419242406,0.5186496093186891,1.7795001937476513,0.16379511691668852,0.8954954536934724,1.7790741052507069,0.33352319120844887,0.990560483915488,1.7193554144780725,-0.020512317253629234,0.26770023370217405,-0.00895344697165378,-0.19502727390046007,0.9029907879630377,-0.08690231125919427,0.12328887093589232,1.3962107935149872,0.010124196584250844,0.49989054106342107,1.6197486413328648,0.17065241628131,0.9998384962622756,1.1610203861214392,0.34051019140092464,0.9320460609233544,1.5339668625249954
444,True,4.449999999999732,6.230329704451844,False,False,0.8409504231152006,False,90.65154200652614,-0.0,0.3627929597094942,0.6937940325192559,-0.2094395102393196,1.1431431265918712,0.22147518735024432,0.13517851011705473,1.8849555921538754,-0.03510833153802939,0.6129927798586986,1.8675022996339325,0.008101594894031519,1.0181752609089323,1.8164043818424946,0.24118191618041382,0.9504196092181962,1.6898802308726888,-4.1024552459995034e-08,0.3627927711158988,0.0,-0.2094394814356241,1.1431426462881547,-0.1294760046837387,0.0977500186585383,1.8424572025536277,-0.008426087142863577,0.5498597410232615,1.849320188244922,0.14555397214229376,0.8548313427299352,1.6813826802527283,0.39101279434110175,0.9924569841866921,1.7700283057170603,-0.021890693174627215,0.29116602355765253,-0.009126429446607074,-0.19838598826569215,0.9600092141480988,-0.09356062172346956,0.12352772277872057,1.48967460996964,0.006383563467277438,0.5062315114315306,1.6637493729321822,0.1699747205264952,0.9817236779561397,1.2600690499828682,0.3440298751398515,0.9449796190190224,1.5813782680932418
445,True,4.459999999999731,6.21268828202024,False,False,0.8375879527985501,False,95.58537497650832,-0.0,0.3627929597094942,0.6937940325192559,-0.2094395102393196,1.1431431265918712,0.22147518735024432,0.13517851011705473,1.8849555921538754,-0.03510833153802939,0.6129927798586986,1.8675022996339325,0.008101594894031519,1.0181752609089323,1.8164043818424946,0.24118191618041382,0.9504196092181962,1.6898802308726888,-4.378129878773729e-08,0.3399983423700627,0.0,-0.19111610757322817,1.183160096504305,-0.09715048545601046,0.016292918305091234,1.7855226714018808,-0.004321932634771931,0.56379269954026,1.8575504409785577,0.14036586884956298,0.8585905786679556,1.683377737794124,0.3901312301669959,0.9779465557129028,1.7615418862923191,-0.022850468534314484,0.3071098967667537,-0.009291520687945053,-0.1995480430666207,1.0077140878788964,-0.09808045909731032,0.11472356146490316,1.5645748676209625,0.003482950943886029,0.5153255905510451,1.7040640186142881,0.16671547329246134,0.9606596041689873,1.3498538249730894,0.35104603779246507,0.9550357743850173,1.6220882601294027
446,True,4.46999999999973,6.196748892933764,False,False,0.8349273788519073,False,98.49524998571724,-0.0,0.3627929597094942,0.6937940325192559,-0.2094395102393196,1.1431431265918712,0.22147518735024432,0.13517851011705473,1.8849555921538754,-0.03510833153802939,0.6129927798586986,1.8675022996339325,0.008101594894031519,1.0181752609089323,1.8164043818424946,0.24118191618041382,0.9504196092181962,1.6898802308726888,-4.570084565988508e-08,0.3189664536821551,-1.7614686965983228e-10,-0.2088015992504391,1.1819076775185045,-0.06887214673193512,0.034792942524269135,1.8066744225435556,0.023528449064989854,0.5442515321061026,1.8488885046178247,0.1533689869425053,0.8464481401495275,1.650964038659688,0.3608551168274937,0.9914795519063914,1.7865337633230947,-0.023237967647444412,0.3156237284002748,-0.009420555926827518,-0.20031868586732793,1.047509896960909,-0.09789130322186196,0.10145718219899603,1.6226055087694133,0.003454889572570926,0.5235786972788635,1.7378003724467035,0.1635606406761336,0.9399943377816488,1.4228475117435861,0.3563650256910745,0.9632203924510678,1.6569338073236797
447,True,4.479999999999729,6.185541628246136,False,False,0.8240355800275263,False,98.43733301386237,-0.0,0.3627929597094942,0.6937940325192559,-0.2094395102393196,1.1431431265918712,0.22147518735024432,0.13517851011705473,1.8849555921538754,-0.03510833153802939,0.6129927798586986,1.8675022996339325,0.008101594894031519,1.0181752609089323,1.8164043818424946,0.24118191618041382,0.9504196092181962,1.6898802308726888,-4.6475842348236984e-08,0.3315884246495068,-3.5920108033826725e-10,-0.20122089668284365,1.180076115696199,-0.0629988333857151,0.04104329655056641,1.8179530143247509,0.02361553501672657,0.5528024928822703,1.8527954943531444,0.15099796218879669,0.8546442063625332,1.6643781462039964,0.36343001686912535,0.9832637492283828,1.7760090159221535,-0.0229852080965589,0.320225667056045,-0.009501989498497718,-0.2009566477878823,1.0792372620563278,-0.09423782947257733,0.08902773850786906,1.668682589971311,0.00567607695121071,0.5304403116580672,1.764883947772335,0.1611259714642451,0.921982713364501,1.4802623418200815,0.35944181255394486,0.9695608839805048,1.685449501364077
448,True,4.4899999999997275,6.175468037010612,False,False,0.8170608559233491,False,99.41287501715124,-0.0,0.3627929597094942,0.6937940325192559,-0.2094395102393196,1.1431431265918712,0.22147518735024432,0.13517851011705473,1.8849555921538754,-0.03510833153802939,0.6129927798586986,1.8675022996339325,0.008101594894031519,1.0181752609089323,1.8164043818424946,0.24118191618041382,0.9504196092181962,1.6898802308726888,-4.597032425210368e-08,0.3379955123567678,-8.216096206159484e-12,-0.1980117737586278,1.1779765011804897,-0.059854658150854,0.044213072625199475,1.8252468797936272,0.0227280343104883,0.5590348089665315,1.8551512164292308,0.14648515112433572,0.8637520903838242,1.6714125466750929,0.36836256606730894,0.9740524053657655,1.7681837984937823,-0.02217726429222756,0.3236387658818784,-0.009543330256213439,-0.20104473041020962,1.103739434336461,-0.08905876802828372,0.07883726669200138,1.7055199641114147,0.008538995742596395,0.5367218100608234,1.7864280899054872,0.1588316448389053,0.9081090803140088,1.5256981920875705,0.3617221767841212,0.9733664285690078,1.7070322689083488
