frame,scored,sim_time,min_distance_measured_mm,measured_collision,measured_margin_violation,modification_rad,fallback,total_safety_time_ms,q_nominal.right_wrist,q_nominal.right_thumb_mcp,q_nominal.right_thumb_abd,q_nominal.right_thumb_pip,q_nominal.right_thumb_dip,q_nominal.right_index_abd,q_nominal.right_index_mcp,q_nominal.right_index_pip,q_nominal.right_middle_abd,q_nominal.right_middle_mcp,q_nominal.right_middle_pip,q_nominal.right_ring_abd,q_nominal.right_ring_mcp,q_nominal.right_ring_pip,q_nominal.right_pinky_abd,q_nominal.right_pinky_mcp,q_nominal.right_pinky_pip,q_safe.right_wrist,q_safe.right_thumb_mcp,q_safe.right_thumb_abd,q_safe.right_thumb_pip,q_safe.right_thumb_dip,q_safe.right_index_abd,q_safe.right_index_mcp,q_safe.right_index_pip,q_safe.right_middle_abd,q_safe.right_middle_mcp,q_safe.right_middle_pip,q_safe.right_ring_abd,q_safe.right_ring_mcp,q_safe.right_ring_pip,q_safe.right_pinky_abd,q_safe.right_pinky_mcp,q_safe.right_pinky_pip,q_measured.right_wrist,q_measured.right_thumb_mcp,q_measured.right_thumb_abd,q_measured.right_thumb_pip,q_measured.right_thumb_dip,q_measured.right_index_abd,q_measured.right_index_mcp,q_measured.right_index_pip,q_measured.right_middle_abd,q_measured.right_middle_mcp,q_measured.right_middle_pip,q_measured.right_ring_abd,q_measured.right_ring_mcp,q_measured.right_ring_pip,q_measured.right_pinky_abd,q_measured.right_pinky_mcp,q_measured.right_pinky_pip
0,True,0.01,6.228385962484579,False,False,0.0,False,28.865917003713548,-0.15,0.0,-0.73304,-0.58496,-0.50477,-0.4,0.0,0.0,0.0,0.0,0.0,0.17,0.0,0.0,0.52333,0.0,0.0,-0.15,0.0,-0.73304,-0.58496,-0.50477,-0.4,0.0,0.0,0.0,0.0,0.0,0.17,0.0,0.0,0.52333,0.0,0.0,-0.1504636294717452,-0.00024913347586931196,-0.733488708629297,-0.5851219546970908,-0.5047744998339302,-0.40023331337118867,-2.4794459782912207e-05,-1.2086908669606811e-06,1.9421818310665445e-08,-3.829584200719741e-05,-1.202505450442284e-06,0.170156837943458,-2.8209428762938118e-05,-1.017519327709447e-06,0.5236657896662829,-6.383528447448374e-07,-2.4370657384594807e-07
1,True,0.020000000000000004,6.232503874566579,False,False,3.323632257019232e-08,False,28.89608300756663,-0.15,0.0,-0.73304,-0.58496,-0.50477,-0.40960384153661467,0.0,0.0,-0.007202881152460984,0.0,0.0,0.1779231692677071,0.0,0.0,0.5323736974789915,0.0,0.0,-0.1500000009259819,-4.970030931402379e-10,-0.7330400008961814,-0.5849600003234633,-0.5047700000089873,-0.4096038227955372,-4.948454232167024e-11,-2.414052479694995e-12,-0.007202866746121181,-7.677657408488095e-11,-2.4016986841537925e-12,0.17792315373615436,-5.695336579395762e-11,-2.032235969997865e-12,0.5323736800827423,-1.2749473914911732e-12,-4.867418749345399e-13,-0.15152279992234324,-0.0007139610223095361,-0.7343221955793782,-0.585427320659817,-0.504782705590747,-0.40137000997847533,-5.364913154518924e-05,-3.214736384070394e-06,-0.0004835522379814119,-8.609185414890204e-05,-3.145086786680514e-06,0.1710203892607202,-5.95065479754509e-05,-2.6439705994203543e-06,0.5249549473847729,-1.3845841870841751e-06,-5.417247214260178e-07
2,True,0.030000000000000013,6.241683333209538,False,False,6.347332885276057e-08,False,28.1526250182651,-0.15,0.0,-0.73304,-0.58496,-0.50477,-0.4192076830732293,0.0,0.0,-0.014405762304921969,0.0,0.0,0.18584633853541419,0.0,0.0,0.5414173949579831,0.0,0.0,-0.15000000304268057,-1.4261443338119476e-09,-0.7330400025620936,-0.5849600009337996,-0.5047700000253886,-0.41920764739792665,-1.071871368857444e-10,-6.4239424225215076e-12,-0.014405734460099857,-1.7229205578504422e-10,-6.284818059687058e-12,0.18584630888445108,-1.1945217825136151e-10,-5.283457183280352e-12,0.5414173620514758,-2.7671103793832144e-12,-1.0826275980582606e-12,-0.15296874565645885,-0.0012298677005719016,-0.7352445311571607,-0.5857696018131239,-0.5047921549863202,-0.4038445258316922,-6.978355019459983e-05,-5.245341166780526e-06,-0.0018980236562417395,-0.00011233846717879952,-5.040657008810957e-06,0.1729725770652243,-7.566602650215269e-05,-4.206692769530899e-06,0.5275292785449751,-1.6161898203802225e-06,-6.67224520280525e-07
3,True,0.04000000000000002,6.256173969466477,False,False,8.91221730926587e-08,False,28.705917007755488,-0.15,0.0,-0.73304,-0.58496,-0.50477,-0.42881152460984395,0.0,0.0,-0.021608643457382955,0.0,0.0,0.19376950780312127,0.0,0.0,0.5504610924369747,0.0,0.0,-0.15000000593350246,-2.4579069636803536e-09,-0.7330400044065167,-0.584960001618259,-0.504770000044284,-0.4288114746759474,-1.3949792929406242e-10,-1.0485076317480458e-11,-0.021608604035938478,-2.2476800612793515e-10,-1.0076080222195128e-11,0.19376946620989163,-1.5167495459199234e-10,-8.409070555631453e-12,0.5504610465900389,-3.2317361607492318e-12,-1.3341011931949006e-12,-0.154634281988223,-0.0017166407803857165,-0.7361138737476403,-0.586095385937791,-0.5048019498669971,-0.40770022273141154,-7.900320620048971e-05,-7.0359023243749715e-06,-0.004362116334912001,-0.000124923209139369,-6.6417814789110665e-06,0.17606696885727774,-8.388990803728799e-05,-5.487150663798512e-06,0.5313891656682319,-1.1209335729681698e-06,-5.451922917589433e-07
4,True,0.05000000000000003,6.275564084005038,False,False,1.0996548971667653e-07,False,27.35704096267,-0.15,0.0,-0.73304,-0.58496,-0.50477,-0.4384153661464586,0.0,0.0,-0.028811524609843937,0.0,0.0,0.20169267707082833,0.0,0.0,0.5595047899159663,0.0,0.0,-0.1500000092639645,-3.431498745310596e-09,-0.7330400061453441,-0.5849600022698713,-0.5047700000638727,-0.43841530471636064,-1.5798073835443863e-10,-1.4066851692466089e-11,-0.028811475711024163,-2.499770775847652e-10,-1.3279132611049196e-11,0.20169262581968259,-1.679769185075966e-10,-1.0970757569098665e-11,0.5595047336990343,-2.243224829633032e-12,-1.090718043947751e-12,-0.1563855418596283,-0.0021406990184276893,-0.7368719890324488,-0.5863814271347467,-0.5048117691837899,-0.4128040652572753,-8.483047821039313e-05,-8.521026438016795e-06,-0.007815933864219428,-0.00013130231683716682,-7.897835464996434e-06,0.18020417206330344,-8.819284424317197e-05,-6.440760499895105e-06,0.536391334324386,1.029983328422421e-07,-1.7524058707053194e-07
5,True,0.06000000000000004,6.299199595706142,False,False,1.2642912755098144e-07,False,26.789541996549815,-0.15,0.0,-0.73304,-0.58496,-0.50477,-0.44801920768307324,0.0,0.0,-0.03601440576230492,0.0,0.0,0.20961584633853542,0.0,0.0,0.568548487394958,0.0,0.0,-0.15000001276624145,-4.279905192403066e-09,-0.7330400076618776,-0.5849600028420618,-0.5047700000835112,-0.4480191372529637,-1.6964458959508374e-10,-1.7037934063750845e-11,-0.03601434936558501,-2.626498635553351e-10,-1.5792184651175576e-11,0.20961578751511337,-1.7647597497379673e-10,-1.2878872398535703e-11,0.5685484230915663,2.0262991510106688e-13,-3.514979993126932e-13,-0.15811913415028153,-0.0024930128018345434,-0.7375038271608859,-0.5866207713909677,-0.5048214999161942,-0.4189601861497166,-8.876590360670603e-05,-9.714287783443081e-06,-0.012125937002739534,-0.00013454833104041187,-8.832593974651137e-06,0.1852269318193444,-9.029685239952384e-05,-7.091914726421657e-06,0.5423461490671009,1.9703677413261255e-06,4.125821410655435e-07
6,True,0.07000000000000005,6.326390484458859,False,False,1.3917459103982026e-07,False,27.79904199996963,-0.15,0.0,-0.73304,-0.58496,-0.50477,-0.4576230492196879,0.0,0.0,-0.04321728691476591,0.0,0.0,0.2175390156062425,0.0,0.0,0.5775921848739496,0.0,0.0,-0.1500000162334677,-4.984816398632269e-09,-0.7330400089258987,-0.5849600033208778,-0.5047700001029729,-0.457622971894131,-1.7752062802601012e-10,-1.9425254727849163e-11,-0.04321722473241031,-2.6908305225388333e-10,-1.766258162947884e-11,0.21753895098183604,-1.8061402194810214e-10,-1.418201012965488e-11,0.5775921143888876,3.935591533062518e-12,8.235458666449614e-13,-0.159759214241264,-0.0027765883598789773,-0.7380150810022319,-0.5868146790020413,-0.5048311013537207,-0.42596665973261516,-9.151505807950845e-05,-1.0658069737023807e-05,-0.017139956326425503,-0.00013601698767524287,-9.496829264705981e-06,0.1909690163317858,-9.102174485060227e-05,-7.489546463690407e-06,0.5490649694914143,4.366118500537341e-06,1.178002148428829e-06
7,True,0.08000000000000006,6.356503703301152,False,False,1.488933848679897e-07,False,27.23679202608764,-0.15,0.0,-0.73304,-0.58496,-0.50477,-0.4672268907563025,0.0,0.0,-0.05042016806722689,0.0,0.0,0.2254621848739496,0.0,0.0,0.5866358823529412,0.0,0.0,-0.1500000195138785,-5.552217241088647e-09,-0.733040009948736,-0.5849600037088173,-0.5047700001221761,-0.46722680823601404,-1.8302218874016556e-10,-2.1313501034938274e-11,-0.050420101507142316,-2.7199599733976343e-10,-1.8991793609694665e-11,0.22546211588741516,-1.8203448873320514e-10,-1.497796931021299e-11,0.5866358072147528,8.725630192716542e-12,2.3538943511315874e-12,-0.16125397744992565,-0.002999588370607176,-0.7384201082556742,-0.5869680794023325,-0.5048405567864929,-0.43364110553113344,-9.346202627671206e-05,-1.1402349584416277e-05,-0.022713870072643395,-0.0001363795838149065,-9.947745748184698e-06,0.19727810902795934,-9.08212250982586e-05,-7.688158083238189e-06,0.5563805933584026,7.170914231712006e-06,2.0794968198660147e-06
8,True,0.09000000000000007,6.38899758717706,False,False,1.562136294903326e-07,False,28.03054195828736,-0.15,0.0,-0.73304,-0.58496,-0.50477,-0.47683073229291717,0.0,0.0,-0.057623049219687875,0.0,0.0,0.23338535414165668,0.0,0.0,0.5956795798319328,0.0,0.0,-0.15000002250379862,-5.998424029186877e-09,-0.733040010759081,-0.5849600040157289,-0.5047700001410873,-0.47683064591384916,-1.8691832370104633e-10,-2.2802606470848194e-11,-0.05762297940160506,-2.727169371406768e-10,-1.9894211491800753e-11,0.233385281927104,-1.8163370891425938e-10,-1.5375739145911667e-11,0.5956795012355027,1.4334085385695491e-11,4.156505823764932e-12,-0.16257191944430077,-0.003171705274250614,-0.7387356992889744,-0.5870871187432128,-0.5048498572965375,-0.4418297885133656,-9.485128493157625e-05,-1.1995561940840952e-05,-0.02872269944401967,-0.00013602193476316396,-1.024001850919034e-05,0.20402457998672568,-8.998870700150929e-05,-7.739600019779506e-06,0.5641537504986857,1.0273140292225516e-05,3.0784649117352756e-06
9,True,0.10000000000000007,6.423427399817497,False,False,1.6166673267499467e-07,False,27.313540980685502,-0.15,0.0,-0.73304,-0.58496,-0.50477,-0.4864345738295318,0.0,0.0,-0.06482593037214886,0.0,0.0,0.24130852340936376,0.0,0.0,0.6047232773109243,0.0,0.0,-0.1500000251401637,-6.3428239986673685e-09,-0.7330400113905078,-0.5849600042539016,-0.5047700001596888,-0.4864344846201561,-1.896983693988174e-10,-2.3989444304872926e-11,-0.0648258581659033,-2.720060882262232e-10,-2.047919218612444e-11,0.241308448841528,-1.7997869221440116e-10,-1.547902759202642e-11,0.6047231961724775,2.0537707039853473e-11,6.154169917862816e-12,-0.16369809895663567,-0.003302373639540021,-0.7389780807244161,-0.5871779178920351,-0.5048589968557172,-0.45040847438279785,-9.585756692163822e-05,-1.248072915211347e-05,-0.03506352030789118,-0.00013519867914922175,-1.042199985969561e-05,0.21110297432694974,-8.873636117028774e-05,-7.689590315242737e-06,0.5722728208006879,1.3574489332793599e-05,4.141125795093827e-06
10,True,0.11000000000000008,6.459437721619909,False,False,1.6568372516886449e-07,False,28.202208981383592,-0.15,0.0,-0.73304,-0.58496,-0.50477,-0.49603841536614646,0.0,0.0,-0.07202881152460984,0.0,0.0,0.24923169267707085,0.0,0.0,0.6137669747899159,0.0,0.0,-0.15000002739304563,-6.604295145051092e-09,-0.7330400118754711,-0.5849600044355772,-0.5047700001779682,-0.4960383241064619,-1.9171198268751362e-10,-2.4960073963673705e-11,-0.07202873759420775,-2.7035908253358713e-10,-2.0843457503998434e-11,0.24923161641974598,-1.774800937996441e-10,-1.5379287417749692e-11,0.6137668918018995,2.7139844237188105e-11,8.279312252835005e-12,-0.1646305734156422,-0.003399992853994041,-0.7391616562466863,-0.587246009345407,-0.5048679711095478,-0.459279560831756,-9.661324338886813e-05,-1.2894025200261859e-05,-0.04165439285456382,-0.00013409366437550042,-1.0534334834065947e-05,0.21843007325409713,-8.722612522149097e-05,-7.576452393906953e-06,0.5806506408166714,1.6992167715610032e-05,5.2392322326372015e-06
11,True,0.12000000000000009,6.496749812190279,False,False,1.6860505988564563e-07,False,28.163582959678024,-0.15,0.0,-0.73304,-0.58496,-0.50477,-0.5056422569027611,0.0,0.0,-0.07923169267707082,0.0,0.0,0.2571548619447779,0.0,0.0,0.6228106722689075,0.0,0.0,-0.1500000292585236,-6.7996404023822066e-09,-0.7330400122427831,-0.5849600045718223,-0.5047700001959172,-0.505642164177567,-1.932240218657311e-10,-2.57868620797937e-11,-0.07923161752264168,-2.6815907803209686e-10,-2.1068318562929788e-11,0.2571547844953331,-1.7446210005356375e-10,-1.515318565968555e-11,0.6228105879490664,3.3974867386934397e-11,1.0475423243716411e-11,-0.16537712992668352,-0.003471681955821584,-0.739298639474699,-0.5872961392490196,-0.5048767771783884,-0.46836789762430486,-9.72199460857935e-05,-1.3264536657035856e-05,-0.04843161796471646,-0.00013284467347267188,-1.0609766451748991e-05,0.2259416270709318,-8.55829243708174e-05,-7.430961756136363e-06,0.5892203991709086,2.045918030003669e-05,6.350116255379526e-06
12,True,0.1300000000000001,6.535148004518219,False,False,1.7069528733789406e-07,False,27.49791694805026,-0.15,0.0,-0.73304,-0.58496,-0.50477,-0.5152460984393759,0.0,0.0,-0.08643457382953182,0.0,0.0,0.265078031212485,0.0,0.0,0.6318543697478991,0.0,0.0,-0.150000030752145,-6.9431019210884626e-09,-0.7330400125168772,-0.5849600046721313,-0.5047700002135298,-0.5152460046831736,-1.944378345939031e-10,-2.6528001188902656e-11,-0.08643449782379488,-2.6564989072971716e-10,-2.1219282995399414e-11,0.2650779529398104,-1.7116751450192615e-10,-1.4862293949992312e-11,0.6318542844801829,4.0908742986547376e-11,1.2697151700848867e-11,-0.16595238903848028,-0.0035232967075011267,-0.7393991130079403,-0.587332253884571,-0.5048854136225961,-0.4776164808555553,-9.775452813089482e-05,-1.3614635729148735e-05,-0.05534654142084271,-0.00013155483623246897,-1.0673554503049948e-05,0.2335888422230469,-8.39015302998249e-05,-7.276770818424026e-06,0.5979315903255379,2.392350017173444e-05,7.45635388710845e-06
13,True,0.1400000000000001,6.574467059066171,False,False,1.721579706434811e-07,False,27.85300003597513,-0.15,0.0,-0.73304,-0.58496,-0.50477,-0.5248499399759905,0.0,0.0,-0.0936374549819928,0.0,0.0,0.2730012004801921,0.0,0.0,0.6408980672268907,0.0,0.0,-0.15000003190313205,-7.0463963813133246e-09,-0.7330400127179243,-0.584960004744399,-0.5047700002308031,-0.5248498455092732,-1.9550719489245649e-10,-2.722825407355182e-11,-0.09363737840034303,-2.6307826140529837e-10,-2.1346890868737065e-11,0.27300112165560947,-1.6780485834688112e-10,-1.4553936620826464e-11,0.6408979812941669,4.783737628230914e-11,1.4909635321910602e-11,-0.16637532635165406,-0.00355956088023305,-0.7394712644889551,-0.5873575697341834,-0.5048938803495969,-0.486982560253086,-9.827308751932666e-05,-1.3960670439187326e-05,-0.062362499648125104,-0.0001302991996759191,-1.074422042143031e-05,0.24133514081008392,-8.22512730559654e-05,-7.131140973724177e-06,0.6067464414353319,2.7346600019315523e-05,8.545216316669852e-06
14,True,0.1500000000000001,6.614581185605588,False,False,1.7314884331122997e-07,False,21.492500032763928,-0.15,0.0,-0.73304,-0.58496,-0.50477,-0.5344537815126051,0.0,0.0,-0.10084033613445378,0.0,0.0,0.28092436974789914,0.0,0.0,0.6499417647058824,0.0,0.0,-0.15000003274942394,-7.118974654565791e-09,-0.7330400128623048,-0.5849600047950603,-0.504770000247737,-0.5344536865703647,-1.9654435567397713e-10,-2.7920333291853823e-11,-0.1008402591789597,-2.6057270650545715e-10,-2.1488203506462395e-11,0.2809242905695741,-1.6450503323916718e-10,-1.4262653966464552e-11,0.6499416783154781,5.468367565133938e-11,1.7087403611878342e-11,-0.16666722259454783,-0.0035842296649050923,-0.7395216715896633,-0.5873747958043607,-0.5049021784885132,-0.4964343722114162,-9.881434830532598e-05,-1.431380713060212e-05,-0.0694521574552425,-0.00012912958097938278,-1.0834456840005908e-05,0.24915338207883575,-8.068006692926307e-05,-7.005826583497506e-06,0.6156369404727637,3.070164864976569e-05,9.608014025433328e-06
15,True,0.16000000000000011,6.6553949698938455,False,False,1.7378667385450296e-07,False,21.10341697698459,-0.15,0.0,-0.73304,-0.58496,-0.50477,-0.5440576230492198,0.0,0.0,-0.10804321728691477,0.0,0.0,0.2888475390156062,0.0,0.0,0.658985462184874,0.0,0.0,-0.15000003333357567,-7.168352073819856e-09,-0.7330400129631787,-0.5849600048295346,-0.5047700002643337,-0.5440575278029222,-1.9762681264688317e-10,-2.8626585726114983e-11,-0.10804314010497759,-2.5824211722486577e-10,-2.166862215611414e-11,0.288847459627421,-1.613623450624161e-10,-1.4011969811328709e-11,0.6589853754881198,6.139394666206024e-11,1.921306646765486e-11,-0.1668500169616404,-0.003600472703703896,-0.7395555702277264,-0.5873873162903631,-0.5049103105698488,-0.5059484876596134,-9.940294240067106e-05,-1.4680966613471938e-05,-0.07659530932087602,-0.00012807899259726342,-1.0952148586902708e-05,0.25702359848463346,-7.92183758346129e-05,-6.908056706355514e-06,0.6245824552706303,3.3971475221056175e-05,1.0639373277969904e-05
16,True,0.17000000000000012,6.696836086036247,False,False,1.7416194106593185e-07,False,20.85283398628235,-0.15,0.0,-0.73304,-0.58496,-0.50477,-0.5536614645858344,0.0,0.0,-0.11524609843937575,0.0,0.0,0.2967707082833133,0.0,0.0,0.6680291596638656,0.0,0.0,-0.15000003369946374,-7.200876917749094e-09,-0.7330400130310212,-0.5849600048545884,-0.5047700002805983,-0.5536613691600687,-1.9880386829221764e-10,-2.9360864654397753e-11,-0.11524602113794143,-2.561528912700846e-10,-2.1903929665607717e-11,0.29677062878926713,-1.58442808122195e-10,-1.381635469180104e-11,0.6680290727708669,6.793382113898412e-11,2.127586731365792e-11,-0.16694507279362145,-0.003612173313622073,-0.7395771880456105,-0.5873978372131231,-0.5049182799520991,-0.5155077205048934,-0.00010005210197499275,-1.5065642711255858e-05,-0.08377712364049453,-0.00012716517294550576,-1.1101270961558339e-05,0.26493120688896177,-7.788247762195479e-05,-6.841398027909097e-06,0.6335678727613278,3.7146802532491715e-05,1.1636603171547871e-05
17,True,0.18000000000000013,6.7388491219375055,False,False,1.7434373811663095e-07,False,20.615334040485322,-0.15,0.0,-0.73304,-0.58496,-0.50477,-0.5632653061224491,0.0,0.0,-0.12244897959183673,0.0,0.0,0.3046938775510204,0.0,0.0,0.6770728571428571,0.0,0.0,-0.15000003388981636,-7.224292594698589e-09,-0.7330400130742906,-0.5849600048756358,-0.5047700002965374,-0.5632652106074716,-2.0010201826135658e-10,-3.0130167138052596e-11,-0.12244890224828209,-2.5432785451208126e-10,-2.2202087365377006e-11,0.3046937980258364,-1.5576816236612806e-10,-1.3682952030596063e-11,0.6770727701330632,7.428472297195138e-11,2.3270416985769846e-11,-0.1669826882445562,-0.003621962470183915,-0.7395909888714739,-0.5874074413098358,-0.504926086458254,-0.5250993965702669,-0.00010080143778051082,-1.5479795342948106e-05,-0.0909867766425186,-0.00012644440649572895,-1.1296464217166533e-05,0.2728655217372133,-7.672287934072249e-05,-6.818981327481213e-06,0.6425819564914265,4.020207683274592e-05,1.2591128631556594e-05
18,True,0.19000000000000014,6.78139173990259,False,False,1.7438858186191275e-07,False,20.45570802874863,-0.15,0.0,-0.73304,-0.58496,-0.50477,-0.5728691476590637,0.0,0.0,-0.12965186074429771,0.0,0.0,0.3126170468187275,0.0,0.0,0.6861165546218487,0.0,0.0,-0.1500000339652051,-7.243881159409854e-09,-0.7330400131019136,-0.5849600048948465,-0.5047700003121509,-0.5728690521197549,-2.016004113457705e-10,-3.0958389667199316e-11,-0.12965178341428624,-2.528896751296389e-10,-2.2592346386290625e-11,0.3126169673158348,-1.5344797805181328e-10,-1.3637997033399192e-11,0.686116467552828,8.039558955223085e-11,2.5179581542291384e-11,-0.1669951361084872,-0.0036308781433131527,-0.7396014493458212,-0.5874165506987211,-0.5049337312559002,-0.534714329018957,-0.00010166703510786769,-1.5928141429188165e-05,-0.09821640912144283,-0.0001259409330673219,-1.1543908874957777e-05,0.2808188385590499,-7.576052623557886e-05,-6.8460880565410765e-06,0.6516165809317349,4.312768267084182e-05,1.3499885643252651e-05
19,True,0.20000000000000015,6.824431765423181,False,False,1.7434201477144644e-07,False,20.614333974663168,-0.15,0.0,-0.73304,-0.58496,-0.50477,-0.5824729891956784,0.0,0.0,-0.1368547418967587,0.0,0.0,0.32054021608643457,0.0,0.0,0.6951602521008403,0.0,0.0,-0.15000003399016998,-7.261720046461417e-09,-0.7330400131228437,-0.5849600049130665,-0.5047700003274409,-0.5824728936785503,-2.0333128278695375e-10,-3.185498600197321e-11,-0.13685466462024848,-2.518852046428169e-10,-2.3087090993782473e-11,0.32054013664383785,-1.515226683408916e-10,-1.3692074173097342e-11,0.6951601650136725,8.624714615044051e-11,2.6997217814092134e-11,-0.16699845367197277,-0.0036393463569814196,-0.7396104901206587,-0.5874253503417133,-0.5049412207504449,-0.5443460766925334,-0.0001026010753615106,-1.6395456101464127e-05,-0.10546033776250312,-0.00012558812865068761,-1.1825392893462801e-05,0.2887857634417813,-7.493446941543106e-05,-6.905864776285448e-06,0.6606661993144375,4.5955394926819996e-05,1.437431666791474e-05
20,True,0.21000000000000016,6.867943910371974,False,False,1.7423317163409642e-07,False,19.355625030584633,-0.15,0.0,-0.73304,-0.58496,-0.50477,-0.592076830732293,0.0,0.0,-0.14405762304921968,0.0,0.0,0.32846338535414166,0.0,0.0,0.7042039495798319,0.0,0.0,-0.1500000339968302,-7.278664475827978e-09,-0.7330400131409291,-0.5849600049306667,-0.5047700003424203,-0.5920767352709757,-2.051991713076769e-10,-3.278956130526862e-11,-0.1440575458548028,-2.5117896499705916e-10,-2.3649964284036887e-11,0.32846330599905726,-1.4986944035777754e-10,-1.3811537518021216e-11,0.7042038625045044,9.19028285954358e-11,2.8746170777814916e-11,-0.16699850559281973,-0.003647546034015956,-0.7396188801475172,-0.5874339248273366,-0.504948561563422,-0.5539900228368172,-0.00010355501688366975,-1.686639353435523e-05,-0.11271446701994171,-0.00012531749823602094,-1.2122321456346334e-05,0.29676246361110514,-7.418243869518638e-05,-6.981226848102411e-06,0.6697268649347984,4.871745197511998e-05,1.5225933529326321e-05
21,True,0.22000000000000017,6.911907574332846,False,False,1.740806059235995e-07,False,18.785750027745962,-0.15,0.0,-0.73304,-0.58496,-0.50477,-0.6016806722689076,0.0,0.0,-0.15126050420168066,0.0,0.0,0.33638655462184874,0.0,0.0,0.7132476470588235,0.0,0.0,-0.15000003399694303,-7.295068815086486e-09,-0.733040013157711,-0.5849600049478162,-0.5047700003571023,-0.6016805768877984,-2.0710699579200732e-10,-3.373142431741189e-11,-0.15126042710975882,-2.5063806512550836e-10,-2.424377773967872e-11,0.3363864753738267,-1.4836509704986827e-10,-1.3962218490915044e-11,0.7132475600174313,9.742711223556261e-11,3.044946384267509e-11,-0.1669974357056849,-0.0036555524935380124,-0.7396269273101176,-0.5874423127807932,-0.5049557588156085,-0.5636427928095652,-0.00010449932152748174,-1.7331651777732996e-05,-0.11997585448851146,-0.00012508692181806633,-1.242331865608994e-05,0.30474616666303633,-7.346619628185196e-05,-7.061728452920072e-06,0.6787956489412607,5.143383779905592e-05,1.6061855848779526e-05
22,True,0.23000000000000018,6.956305488373201,False,False,1.738969724632535e-07,False,18.865959020331502,-0.15,0.0,-0.73304,-0.58496,-0.50477,-0.6112845138055223,0.0,0.0,-0.15846338535414164,0.0,0.0,0.34430972388955583,0.0,0.0,0.7222913445378151,0.0,0.0,-0.15000003399480635,-7.311085702989273e-09,-0.7330400131738062,-0.5849600049645926,-0.5047700003714971,-0.6112844185222691,-2.0899562781079555e-10,-3.4661954570821977e-11,-0.1584633083792317,-2.50177188861056e-10,-2.484575974389465e-11,0.3443096447626014,-1.4693255248295675e-10,-1.4123207244066201e-11,0.7222912575465952,1.0285999862188339e-10,3.212134830921109e-11,-0.16699602705583394,-0.0036633980294255007,-0.7396347554147791,-0.5874505324182185,-0.5049628164495876,-0.5733019011104198,-0.0001054188684491196,-1.778650011762472e-05,-0.1272423926012378,-0.00012487442402556918,-1.27225074463307e-05,0.3127348578190954,-7.276579477188832e-05,-7.14196090027066e-06,0.6878703472820217,5.411523656063367e-05,1.6885882933828926e-05
23,True,0.24000000000000019,7.00112274678365,False,False,1.7369123210000363e-07,False,18.63029203377664,-0.15,0.0,-0.73304,-0.58496,-0.50477,-0.6208883553421369,0.0,0.0,-0.16566626650660263,0.0,0.0,0.3522328931572629,0.0,0.0,0.7313350420168068,0.0,0.0,-0.15000003399199,-7.326779647397197e-09,-0.733040013189463,-0.5849600049810323,-0.5047700003856128,-0.6208882601694167,-2.1083478608525507e-10,-3.557167805619396e-11,-0.165666189659006,-2.4975203985000763e-10,-2.544414110761356e-11,0.3522328141613524,-1.4553180192791292e-10,-1.4283672559655075e-11,0.7313349550875881,1.0822288167889899e-10,3.3769431891930105e-11,-0.16699456503173715,-0.003671097203271934,-0.7396424149571984,-0.5874585930837773,-0.5049697377155548,-0.5829655087804253,-0.0001063066868993632,-1.8228790140981322e-05,-0.13451257326635882,-0.00012466944894505924,-1.3017126915773243e-05,0.3207270699364465,-7.207163965896627e-05,-7.219365566619061e-06,0.6969493040007043,5.676706885107163e-05,1.7699936635541907e-05
24,True,0.25000000000000017,7.04634611451984,False,False,1.7346985095183632e-07,False,18.158666032832116,-0.15,0.0,-0.73304,-0.58496,-0.50477,-0.6304921968787516,0.0,0.0,-0.17286914765906364,0.0,0.0,0.36015606242497,0.0,0.0,0.7403787394957984,0.0,0.0,-0.1500000339890661,-7.342180056643666e-09,-0.7330400132047825,-0.5849600049971541,-0.5047700003994556,-0.6304921018255631,-2.1261050667416292e-10,-3.645629088392635e-11,-0.17286907094606574,-2.493417959625356e-10,-2.6033391434138208e-11,0.3601559835671449,-1.4414351288093152e-10,-1.4438489359802219e-11,0.7403786526370981,1.135266169334276e-10,3.5397563478051274e-11,-0.16699315298875936,-0.0036786573094101677,-0.7396499272999894,-0.5874665003172618,-0.5049765254913288,-0.5926322651170506,-0.00010715988223279613,-1.865766491026069e-05,-0.1417853193053928,-0.00012446716457058403,-1.3305978651224184e-05,0.32872173663599175,-7.137932115204931e-05,-7.292811821241648e-06,0.7060312723081975,5.939211452474e-05,1.850499686968838e-05
25,True,0.2600000000000002,7.0919635228388,False,False,1.7323752708603074e-07,False,18.82558298530057,-0.15,0.0,-0.73304,-0.58496,-0.50477,-0.6400960384153662,0.0,0.0,-0.18007202881152462,0.0,0.0,0.3680792316926771,0.0,0.0,0.7494224369747899,0.0,0.0,-0.1500000339862419,-7.357301641617436e-09,-0.7330400132198075,-0.5849600050129689,-0.5047700004130315,-0.6400959434880072,-2.1431698916365895e-10,-3.7314075603239044e-11,-0.1800719522382565,-2.4893684165351766e-10,-2.6611109612067964e-11,0.36807915297784627,-1.4275879890929873e-10,-1.458539246156624e-11,0.7494223501926318,1.1877677147224559e-10,3.700770545995427e-11,-0.1669918276588035,-0.003686082671167567,-0.7396573022476071,-0.5874742580347353,-0.5049831824544287,-0.6023011802678362,-0.00010797745814628961,-1.907286911217845e-05,-0.14905986299098337,-0.0001242654124988905,-1.3588594468483624e-05,0.336718088074253,-7.068685009842295e-05,-7.36183634650055e-06,0.7151153189929754,6.199191435025572e-05,1.9301601266781644e-05
26,True,0.2700000000000002,7.137963659433742,False,False,1.7299767718473917e-07,False,18.695249978918582,-0.15,0.0,-0.73304,-0.58496,-0.50477,-0.6496998799519809,0.0,0.0,-0.1872749099639856,0.0,0.0,0.3760024009603842,0.0,0.0,0.7584661344537815,0.0,0.0,-0.150000033983591,-7.37215332616975e-09,-0.7330400132345578,-0.5849600050284847,-0.5047700004263458,-0.649699785154769,-2.1595223570795245e-10,-3.814451994554619e-11,-0.18727483353404256,-2.4853294292373485e-10,-2.7176357266116605e-11,0.3760023223919171,-1.4137375134221e-10,-1.47234533999464e-11,0.7584660477523224,1.2397643015546553e-10,3.860093432842362e-11,-0.16699060135081445,-0.003693376393064004,-0.7396645450219363,-0.5874818694523668,-0.5049897111664684,-0.6119715281968131,-0.00010875925548896827,-1.9474412814198488e-05,-0.15633565767891547,-0.00012406321976769766,-1.3864830061292971e-05,0.3447155663456524,-6.999331080549288e-05,-7.42627212099862e-06,0.7242007516678012,6.456745299177352e-05,2.0090088630575842e-05
27,True,0.2800000000000002,7.184335692272811,False,False,1.7275278833881655e-07,False,18.823249964043498,-0.15,0.0,-0.73304,-0.58496,-0.50477,-0.6593037214885955,0.0,0.0,-0.19447779111644659,0.0,0.0,0.38392557022809126,0.0,0.0,0.7675098319327731,0.0,0.0,-0.1500000339811381,-7.386741433801358e-09,-0.7330400132490437,-0.5849600050437079,-0.5047700004394036,-0.6593036268243964,-2.175159256542509e-10,-3.894764331467855e-11,-0.1944777148323306,-2.4812817450117937e-10,-2.7728844899057485e-11,0.38392549180824165,-1.399865387724606e-10,-1.4852337309784365e-11,0.7675097453147847,1.2912756389323043e-10,4.017792823158943e-11,-0.16698947738997386,-0.0037005410706995316,-0.7396716590234159,-0.5874893374725031,-0.5049961141124428,-0.6216427732273918,-0.00010950546478667444,-1.9862416833989838e-05,-0.16361231542745486,-0.00012386011464180706,-1.4134677839653104e-05,0.35271377021822,-6.929824213836817e-05,-7.486077664052442e-06,0.7332870586931982,6.711947287206555e-05,2.087071090642278e-05
28,True,0.2900000000000002,7.231069037595455,False,False,1.7250467052608532e-07,False,18.412625009659678,-0.15,0.0,-0.73304,-0.58496,-0.50477,-0.6689075630252102,0.0,0.0,-0.20168067226890757,0.0,0.0,0.39184873949579835,0.0,0.0,0.7765535294117647,0.0,0.0,-0.15000003397888992,-7.401071193836178e-09,-0.733040013263272,-0.5849600050586443,-0.5047700004522098,-0.6689074684958181,-2.1900843913738848e-10,-3.9723687047263454e-11,-0.2016805961323448,-2.477217296852248e-10,-2.8268556942425034e-11,0.39184866122601736,-1.3859623370574958e-10,-1.4971960891319003e-11,0.7765534428789957,1.342316581509368e-10,4.173919128280432e-11,-0.16698845577678625,-0.0037075790760982786,-0.7396786469197719,-0.5874966648428107,-0.5050023937184754,-0.631314527920779,-0.00011021641286391664,-2.0237044862748403e-05,-0.17088955923931543,-0.00012365582692463588,-1.4398184628106069e-05,0.36071240931036513,-6.860136657444811e-05,-7.541261978028005e-06,0.7423738632071956,6.96486117509436e-05,2.1643682376076362e-05
29,True,0.3000000000000002,7.278153213147083,False,False,1.7225463639335663e-07,False,18.238999997265637,-0.15,0.0,-0.73304,-0.58496,-0.50477,-0.6785114045618248,0.0,0.0,-0.20888355342136855,0.0,0.0,0.39977190876350543,0.0,0.0,0.7855972268907563,0.0,0.0,-0.15000003397684641,-7.415147473474604e-09,-0.7330400132772481,-0.5849600050732994,-0.5047700004647693,-0.6785113101682589,-2.2043042942983173e-10,-4.0472978389397875e-11,-0.20888347743353103,-2.473129312831942e-10,-2.879558690357443e-11,0.3997718306446636,-1.3720228630249767e-10,-1.5082342009322205e-11,0.7855971404442015,1.392899886957285e-10,4.3285152175607296e-11,-0.1669875352629999,-0.0037144926720688426,-0.7396855110745651,-0.5875038542215999,-0.5050085523599203,-0.6409865118348929,-0.0001108924718434537,-2.0598474437885915e-05,-0.17816719127063171,-0.00012345016003436802,-1.4655416398974825e-05,0.36871127583910246,-6.790247460846494e-05,-7.591852395429308e-06,0.7514608882732443,7.215546158037626e-05,2.240920075435212e-05
30,True,0.3100000000000002,7.325577713210599,False,False,1.720036348491253e-07,False,18.204250023700297,-0.15,0.0,-0.73304,-0.58496,-0.50477,-0.6881152460984394,0.0,0.0,-0.21608643457382953,0.0,0.0,0.4076950780312125,0.0,0.0,0.7946409243697479,0.0,0.0,-0.1500000339750051,-7.428974858024462e-09,-0.7330400132909767,-0.5849600050876785,-0.5047700004770869,-0.6881151518411582,-2.2178264068729425e-10,-4.119587240035264e-11,-0.2160863587354937,-2.469013710929696e-10,-2.931006667739402e-11,0.40769500006376475,-1.3580427970052208e-10,-1.5183535278784344e-11,0.7946408380098483,1.4430373963900817e-10,4.4816206369352636e-11,-0.1669867141180759,-0.003721284057610376,-0.7396922537147808,-0.5875109082043616,-0.5050145923651885,-0.6506585194119655,-0.00011153402239951816,-2.094688513994627e-05,-0.18544507061105636,-0.0001232429392271608,-1.4906443867973905e-05,0.376710218832432,-6.72013779628757e-05,-7.637881438401485e-06,0.7605479306839021,7.464059248694594e-05,2.3167455840206263e-05
31,True,0.32000000000000023,7.373331934544723,False,False,1.7175235690404132e-07,False,18.60900002066046,-0.15,0.0,-0.73304,-0.58496,-0.50477,-0.6977190876350541,0.0,0.0,-0.2232893157262905,0.0,0.0,0.4156182472989195,0.0,0.0,0.8036846218487395,0.0,0.0,-0.15000003397336253,-7.4425577718979785e-09,-0.7330400133044623,-0.5849600051017868,-0.5047700004891672,-0.6977189935141048,-2.2306583412812133e-10,-4.189272821532113e-11,-0.22328924003795086,-2.464867016819649e-10,-2.9812137672646224e-11,0.4156181694830188,-1.3440183883363377e-10,-1.527560572642478e-11,0.8036845355755298,1.4927405123620063e-10,4.633273348726664e-11,-0.16698599041769904,-0.0037279553855324886,-0.7396988769952465,-0.5875178293343206,-0.5050205160177063,-0.6603303954924012,-0.00011214144070790634,-2.128245430491261e-05,-0.19272309663553883,-0.00012303399313482783,-1.5151337208127487e-05,0.3847091306659203,-6.649789288228988e-05,-7.67938198261836e-06,0.7696348414158228,7.71045615219971e-05,2.391863273760753e-05
32,True,0.33000000000000024,7.42140510482497,False,False,1.7150130857826656e-07,False,17.296250036451966,-0.15,0.0,-0.73304,-0.58496,-0.50477,-0.7073229291716687,0.0,0.0,-0.2304921968787515,0.0,0.0,0.4235414165666267,0.0,0.0,0.812728319327731,0.0,0.0,-0.15000003397191486,-7.455898450286352e-09,-0.7330400133177092,-0.5849600051156294,-0.5047700005010148,-0.7073228351867894,-2.242807621886207e-10,-4.2563900524267805e-11,-0.23049212134070235,-2.4606815391715886e-10,-3.0301940246078526e-11,0.42354133890220963,-1.3299745465632402e-10,-1.5358619104023077e-11,0.8127282331409472,1.5420203765411592e-10,4.7835103743733634e-11,-0.16698536215784382,-0.0037345087689518515,-0.7397053830224003,-0.5875246201064706,-0.5050263255570674,-0.6700020299671329,-0.00011271509543539466,-2.16053559221437e-05,-0.2000011971968759,-0.00012282314945505845,-1.5390164640922288e-05,0.39270793213105615,-6.579183617180349e-05,-7.716385942803193e-06,0.7787215111367759,7.954791495818355e-05,2.466291277526658e-05
33,True,0.34000000000000025,7.469786252715091,False,False,1.7125085699287263e-07,False,16.91470801597461,-0.15,0.0,-0.73304,-0.58496,-0.50477,-0.7169267707082834,0.0,0.0,-0.2376950780312125,0.0,0.0,0.4314645858343338,0.0,0.0,0.8217720168067227,0.0,0.0,-0.1500000339706581,-7.469005058966666e-09,-0.7330400133307216,-0.5849600051292113,-0.5047700005126342,-0.7169266768589901,-2.254281622211373e-10,-4.320973730187992e-11,-0.23769500264360247,-2.4564609883964e-10,-3.0779610841146204e-11,0.4314645083211796,-1.3158535114928156e-10,-1.543263924144104e-11,0.8217719307058824,1.590887914703883e-10,4.932367980776844e-11,-0.16698482729710476,-0.0037409462842222293,-0.7397117738639012,-0.5875312829696905,-0.5050320231799961,-0.6796733439827694,-0.00011325534663893775,-2.1915760235599583e-05,-0.20727932133728583,-0.00012261023327152088,-1.5622991898780085e-05,0.4007065668993999,-6.508302365631096e-05,-7.748923766534872e-06,0.787807859513131,8.197118930640416e-05,2.5400473911223965e-05
34,True,0.35000000000000026,7.518464160176687,False,False,1.7100126494540176e-07,False,16.939166991505772,-0.15,0.0,-0.73304,-0.58496,-0.50477,-0.726530612244898,0.0,0.0,-0.24489795918367346,0.0,0.0,0.43938775510204076,0.0,0.0,0.8308157142857143,0.0,0.0,-0.1500000339695881,-7.4818799445861e-09,-0.7330400133435034,-0.5849600051425373,-0.5047700005240296,-0.7265305185305501,-2.2650875432564908e-10,-4.383057905879041e-11,-0.2448978839465499,-2.4521989831511465e-10,-3.124528092922113e-11,0.43938767773981563,-1.3016773650707109e-10,-1.549772704034758e-11,0.8308156282701741,1.6393538565214524e-10,5.079881760939177e-11,-0.16698438377243133,-0.0037472699724771233,-0.7397180515527614,-0.5875378203281081,-0.5050376110412234,-0.6893442738054681,-0.00011376254543399636,-2.221383363182494e-05,-0.21455743105780362,-0.00012239506636967549,-1.584988202865705e-05,0.4087049923523717,-6.437126954602212e-05,-7.777024241661123e-06,0.7968938273535557,8.43749118332702e-05,2.6131490933026468e-05
35,True,0.36000000000000026,7.5674273458943935,False,False,1.7075273440556042e-07,False,16.79712499026209,-0.15,0.0,-0.73304,-0.58496,-0.50477,-0.7361344537815127,0.0,0.0,-0.2521008403361345,0.0,0.0,0.44731092436974795,0.0,0.0,0.839859411764706,0.0,0.0,-0.15000003396870082,-7.494527272215723e-09,-0.7330400133560592,-0.5849600051556124,-0.5047700005352057,-0.7361343602013418,-2.2752324078056073e-10,-4.442675857730359e-11,-0.2521007652494689,-2.4478921830089345e-10,-3.1699076614874434e-11,0.44731084715803227,-1.2874423921426566e-10,-1.5553940087124647e-11,0.8398593258337036,1.687428748977076e-10,5.226086672248907e-11,-0.16698402951492747,-0.00375348183951622,-0.7397242180870172,-0.5875442345412318,-0.5050430912541264,-0.6990147752313643,-0.00011423703677254314,-2.249973941171271e-05,-0.2218354978145531,-0.00012217747110610587,-1.6070896282832773e-05,0.4167031760637288,-6.365638984593273e-05,-7.800715273559649e-06,0.8059793708558033,8.675959911886502e-05,2.685613502217136e-05
36,True,0.3700000000000003,7.616664068940608,False,False,1.7050541143661042e-07,False,18.827374966349453,-0.15,0.0,-0.73304,-0.58496,-0.50477,-0.7457382953181273,0.0,0.0,-0.25930372148859543,0.0,0.0,0.45523409363745493,0.0,0.0,0.8489031092436975,0.0,0.0,-0.15000003396799205,-7.50695283930139e-09,-0.7330400133683925,-0.5849600051684412,-0.5047700005461664,-0.7457382018712755,-2.2847231154502975e-10,-4.499860246654766e-11,-0.25930364655230037,-2.443543245349289e-10,-3.214112039601094e-11,0.4552340165757682,-1.2731371499033993e-10,-1.560133418260874e-11,0.8489030233963848,1.7351229227556293e-10,5.3710169534718294e-11,-0.16698376245221516,-0.0037595838565400545,-0.7397302754308085,-0.5875505279248459,-0.5050484658915299,-0.7086848168805938,-0.00011467915957220266,-2.2773637845426894e-05,-0.2291135015722406,-0.00012195727041509274,-1.628609414350403e-05,0.4247010964115618,-6.293820234483632e-05,-7.820023894537875e-06,0.8150644574056053,8.912575724299862e-05,2.7574573824070045e-05
37,True,0.3800000000000003,7.666162291162415,False,False,1.7025940317768975e-07,False,18.671082973014563,-0.15,0.0,-0.73304,-0.58496,-0.50477,-0.7553421368547419,0.0,0.0,-0.26650660264105647,0.0,0.0,0.4631572629051621,0.0,0.0,0.8579468067226892,0.0,0.0,-0.1500000339674577,-7.519157256899445e-09,-0.7330400133805075,-0.5849600051810282,-0.5047700005569159,-0.7553420435402909,-2.2935664438093924e-10,-4.554643126073051e-11,-0.2665065278550077,-2.439137001777241e-10,-3.2571531257042817e-11,0.463157185992973,-1.2587735870740312e-10,-1.563996340138321e-11,0.8579467209581485,1.7824465001041196e-10,5.514706132882501e-11,-0.16698358050913806,-0.0037655779608466353,-0.7397362255152463,-0.5875567027518895,-0.5050537369864948,-0.7183543735832144,-0.00011508924676481619,-2.3035686210905914e-05,-0.23639142516122724,-0.00012173428766158885,-1.64955333206533e-05,0.4326987352365624,-6.221652647035393e-05,-7.834976250551116e-06,0.82414906251562,9.147388202687826e-05,2.8286971531795805e-05
38,True,0.3900000000000003,7.715909694739513,False,False,1.7001479259509895e-07,False,18.871958018280566,-0.15,0.0,-0.73304,-0.58496,-0.50477,-0.7649459783913566,0.0,0.0,-0.2737094837935174,0.0,0.0,0.4710804321728691,0.0,0.0,0.8669905042016807,0.0,0.0,-0.15000003396709358,-7.531145993291966e-09,-0.7330400133924079,-0.5849600051933782,-0.5047700005674584,-0.7649458852083364,-2.3017690523236857e-10,-4.607055952755997e-11,-0.27370940915755476,-2.4346754792087515e-10,-3.299042461467946e-11,0.47108035540961335,-1.2443406698645684e-10,-1.5669880034180025e-11,0.866990418518947,1.8294093982198188e-10,5.6571870513035406e-11,-0.16698348161336465,-0.003771466055888316,-0.7397420702378898,-0.5875627612528065,-0.5050589065329881,-0.728023420631171,-0.00011546762686510525,-2.3286039250474243e-05,-0.24366925677657233,-0.00012150834875440822,-1.6699270268936155e-05,0.44069607949630096,-6.149118514085386e-05,-7.845598047609223e-06,0.8332331720301442,9.380445833055962e-05,2.8993488671931145e-05
39,True,0.4000000000000003,7.76589365920746,False,False,1.6977164390701005e-07,False,19.45650001289323,-0.15,0.0,-0.73304,-0.58496,-0.50477,-0.7745498199279712,0.0,0.0,-0.28091236494597843,0.0,0.0,0.4790036014405762,0.0,0.0,0.8760342016806724,0.0,0.0,-0.15000003396689554,-7.542923011021052e-09,-0.7330400134040976,-0.5849600052054955,-0.5047700005777978,-0.7745497268753624,-2.309337511393868e-10,-4.657129677965123e-11,-0.280912290459918,-2.4301557169587387e-10,-3.33979133750246e-11,0.47900352482566366,-1.2298336903981272e-10,-1.5691135499287215e-11,0.8760341160787513,1.876021313393806e-10,5.798491814332967e-11,-0.16698346369282938,-0.0037772500121572576,-0.7397478114639561,-0.5875687056165823,-0.5050639764866847,-0.7376919421450987,-0.00011581462339723634,-2.3524849039777304e-05,-0.25094698575119145,-0.00012127928107145238,-1.689735997552755e-05,0.44869311723539507,-6.07620038087781e-05,-7.851914355013284e-06,0.8423167708753512,9.611796067640839e-05,2.9694282306684242e-05
40,True,0.4100000000000003,7.816101279870574,False,False,1.6953000900743704e-07,False,19.57779098302126,-0.15,0.0,-0.73304,-0.58496,-0.50477,-0.7841536614645859,0.0,0.0,-0.28811524609843936,0.0,0.0,0.4869267707082833,0.0,0.0,0.885077899159664,0.0,0.0,-0.1500000339668595,-7.554491997675133e-09,-0.7330400134155803,-0.5849600052173844,-0.5047700005879379,-0.7841535685413371,-2.316278291538505e-10,-4.704894715265432e-11,-0.2881151717620756,-2.425574125640385e-10,-3.379410753377677e-11,0.48692669424110085,-1.215250403766347e-10,-1.5703779929196796e-11,0.8850778136375321,1.922291737274e-10,5.938651834695849e-11,-0.16698352468048033,-0.0037829316672854047,-0.7397534510258817,-0.5875745379911214,-0.5050689487656203,-0.7473599272816679,-0.00011613055621295415,-2.375226537490598e-05,-0.2582246047608243,-0.00012104691526947857,-1.7089856408183873e-05,0.45668983988583745,-6.002881203675549e-05,-7.853949989139335e-06,0.851399844887645,9.841485265411811e-05,3.0389505853396484e-05
41,True,0.4200000000000003,7.810419876928072,False,False,1.6928992674996061e-07,False,19.503208983223885,-0.15,0.0,-0.73304,-0.58496,-0.50477,-0.7937575030012005,0.0,0.0,-0.2953181272509004,0.0,0.0,0.49484993997599036,0.0,0.0,0.8941215966386555,0.0,0.0,-0.15000003396698125,-7.56585660181136e-09,-0.7330400134268598,-0.5849600052290496,-0.5047700005978827,-0.7937574102062388,-2.3225977895504138e-10,-4.750381024889896e-11,-0.29531805306401293,-2.420927233096233e-10,-3.417911500293346e-11,0.49484986365590883,-1.200586990324974e-10,-1.570786296342761e-11,0.8941215111952637,1.9682299420929056e-10,6.077697798362986e-11,-0.1669836625138916,-0.003788512826682435,-0.7397589907240241,-0.5875802604840681,-0.5050738252509264,-0.7570273657550345,-0.00011641574145625901,-2.3968435787904452e-05,-0.265502108382043,-0.00012081108503047563,-1.7276812489837147e-05,0.46468623871348963,-5.929144326010699e-05,-7.851729480655855e-06,0.8604823837729764,0.00010069558719335534,3.107930917640087e-05
42,True,0.4300000000000003,7.7873375978573165,False,False,1.5748797883228122e-07,False,19.385207968298346,-0.15,0.0,-0.73304,-0.58496,-0.50477,-0.8,0.0,0.0,-0.3,0.0,0.0,0.5,0.0,0.0,0.9,0.0,0.0,-0.1500000339672567,-7.578159124093514e-09,-0.7330400134379393,-0.5849600052404947,-0.5047700006076359,-0.7999999140550678,-2.3283023284966647e-10,-4.7936181140782654e-11,-0.2999999310049342,-2.415027538436561e-10,-3.455304165822493e-11,0.4999999293702209,-1.1854113328278347e-10,-1.570343366212796e-11,0.899999920960394,2.013844986088623e-10,6.215659677764624e-11,-0.1669835900669863,-0.0037940254608459074,-0.7397644958204129,-0.5875859003490611,-0.5050786130650305,-0.7664470296238084,-0.00011659636857687263,-2.4153235790463462e-05,-0.2725975333527513,-0.00012045930361097252,-1.743264039536548e-05,0.4724821625193637,-5.845181560168844e-05,-7.822914296434399e-06,0.8693290775507014,0.0001030060378700037,3.177806756875929e-05
43,True,0.44000000000000034,7.765419842819572,False,False,1.2538436613349595e-07,False,19.60762497037649,-0.15,0.0,-0.73304,-0.58496,-0.50477,-0.8,0.0,0.0,-0.3,0.0,0.0,0.5,0.0,0.0,0.9,0.0,0.0,-0.1500000339671124,-7.591428965482427e-09,-0.7330400134489496,-0.5849600052517747,-0.5047700006172118,-0.799999932894578,-2.331917739554221e-10,-4.830586669533096e-11,-0.29999994519681433,-2.4060131736610996e-10,-3.4864782471510014e-11,0.49999994495713646,-1.1679263077626423e-10,-1.5645876553634585e-11,0.8999999386437567,2.060053089756892e-10,6.355408614064665e-11,-0.16698275495631287,-0.003799529198101793,-0.7397700898488587,-0.5875915078577161,-0.5050833241187128,-0.7749534546412504,-0.00011653256617299725,-2.426855159721584e-05,-0.27901831808963273,-0.0001197768333874646,-1.7508497216173313e-05,0.47953583096944996,-5.732352420848931e-05,-7.725090112140602e-06,0.8773085911563485,0.00010543194985752724,3.251260827785549e-05
44,True,0.45000000000000034,7.746124153805941,False,False,9.70957269119179e-08,False,20.466000016313046,-0.15,0.0,-0.73304,-0.58496,-0.50477,-0.8,0.0,0.0,-0.3,0.0,0.0,0.5,0.0,0.0,0.9,0.0,0.0,-0.15000003396544428,-7.602300573349846e-09,-0.7330400134601374,-0.5849600052629899,-0.5047700006266341,-0.7999999499072777,-2.3306484169080977e-10,-4.8536688943446194e-11,-0.2999999580381966,-2.3928262303974e-10,-3.50167157605935e-11,0.4999999590647093,-1.1455234140813134e-10,-1.5450418381688746e-11,0.8999999546026678,2.1085680571638222e-10,6.502306619570256e-11,-0.16698181296905637,-0.0038050112763317245,-0.7397757443660182,-0.5875970727273025,-0.5050879575826991,-0.7821227213347893,-0.00011626406089711582,-2.4325521160509796e-05,-0.2844442190058258,-0.00011881887152010454,-1.7517387484286558e-05,0.48549508491413707,-5.5956225190293697e-05,-7.569975150816819e-06,0.8840235408086139,0.00010794828951582289,3.327502311377003e-05
45,True,0.46000000000000035,7.729974440240841,False,False,7.437296114392105e-08,False,19.64066701475531,-0.15,0.0,-0.73304,-0.58496,-0.50477,-0.8,0.0,0.0,-0.3,0.0,0.0,0.5,0.0,0.0,0.9,0.0,0.0,-0.1500000339635606,-7.612900131907102e-09,-0.7330400134714462,-0.5849600052741196,-0.5047700006359012,-0.7999999642456713,-2.3252839522034004e-10,-4.865078832348257e-11,-0.2999999688897246,-2.3742237112412377e-10,-3.5034680445102367e-11,0.49999997098405147,-1.1183638739343865e-10,-1.514034665614359e-11,0.8999999680338813,2.158892262280488e-10,6.654781615361444e-11,-0.16698116402473462,-0.003810427796964408,-0.739781365050787,-0.5876025589241836,-0.5050925072464167,-0.7879158036651539,-0.00011590701095156863,-2.4355948249937894e-05,-0.28883889579182564,-0.00011775672404430483,-1.749847524934954e-05,0.49032014216698494,-5.4500598041614396e-05,-7.39204005131902e-06,0.8894423288160456,0.00011048311185113696,3.404286332747231e-05
46,True,0.47000000000000036,7.716939267093003,False,False,5.766739078317887e-08,False,19.83829098753631,-0.15,0.0,-0.73304,-0.58496,-0.50477,-0.8,0.0,0.0,-0.3,0.0,0.0,0.5,0.0,0.0,0.9,0.0,0.0,-0.15000003396226191,-7.623278790776927e-09,-0.7330400134826877,-0.5849600052850922,-0.5047700006450008,-0.7999999758317318,-2.3181454031470563e-10,-4.871171538982605e-11,-0.2999999776788047,-2.353486945529549e-10,-3.49969325200638e-11,0.49999998063520296,-1.0894205436579648e-10,-1.4784539932100656e-11,0.8999999788734132,2.2095880991047662e-10,6.808347858606361e-11,-0.166979999721625,-0.003815745906130927,-0.7397868806475998,-0.5876079397285203,-0.5050969688444559,-0.792467007136404,-0.00011554960797909575,-2.4383862459581966e-05,-0.2922972426416512,-0.00011672019010157567,-1.748126484511489e-05,0.49411561235960233,-5.3070820954871254e-05,-7.217241902837151e-06,0.8936955578770069,0.00011298175958706406,3.479916150521899e-05
47,True,0.48000000000000037,7.70669930785599,False,False,4.673738290574227e-08,False,20.057499990798533,-0.15,0.0,-0.73304,-0.58496,-0.50477,-0.8,0.0,0.0,-0.3,0.0,0.0,0.5,0.0,0.0,0.9,0.0,0.0,-0.15000003395993472,-7.63345603263868e-09,-0.7330400134937192,-0.5849600052958541,-0.5047700006539242,-0.7999999849340703,-2.3109973674572282e-10,-4.876755060908666e-11,-0.29999998459526095,-2.333169280607089e-10,-3.496250710547776e-11,0.4999999882271604,-1.0609662445332712e-10,-1.4434935705916847e-11,0.8999999873819489,2.2595619487617274e-10,6.959610368068763e-11,-0.1669788050204113,-0.0038209467171244267,-0.7397922496618621,-0.587613199774734,-0.5051013404240301,-0.7959719624689557,-0.0001152445645352001,-2.4423773518577278e-05,-0.2949627753823074,-0.00011578611278775771,-1.748348521616496e-05,0.4970395560776001,-5.1734657385555174e-05,-7.06120940100593e-06,0.8969696216292865,0.00011541151592838082,3.553370663433254e-05
48,True,0.4900000000000004,7.6988208399324085,False,False,4.075514372311028e-08,False,19.810875004623085,-0.15,0.0,-0.73304,-0.58496,-0.50477,-0.8,0.0,0.0,-0.3,0.0,0.0,0.5,0.0,0.0,0.9,0.0,0.0,-0.1500000339575454,-7.643440279141156e-09,-0.7330400135044576,-0.5849600053063745,-0.5047700006626675,-0.7999999919439401,-2.3048950710546651e-10,-4.884733957111805e-11,-0.2999999899261339,-2.314807594059774e-10,-3.496689439394323e-11,0.49999999407594303,-1.0343560211090955e-10,-1.4122819712093272e-11,0.8999999939319949,2.30815887317928e-10,7.106525081129831e-11,-0.16697782790616494,-0.003826024300282407,-0.7397974577767747,-0.5876183346295424,-0.5051056223148096,-0.7986317185736392,-0.00011501246754135824,-2.4481324279085394e-05,-0.296985341821598,-0.00011498297229740057,-1.751168121113913e-05,0.4992569523275068,-5.051764158177009e-05,-6.92979719330726e-06,0.8994543937706261,0.00011775947320369343,3.624252752030871e-05
49,True,0.5000000000000003,7.692857318279632,False,False,3.8345257404634524e-08,False,19.967124972026795,-0.15,0.0,-0.73304,-0.58496,-0.50477,-0.8,0.0,0.0,-0.3,0.0,0.0,0.5,0.0,0.0,0.9,0.0,0.0,-0.15000003395559058,-7.653239526058536e-09,-0.7330400135148742,-0.5849600053166445,-0.5047700006712316,-0.7999999972634296,-2.3002511337745848e-10,-4.8962392340946674e-11,-0.29999999397111643,-2.2989860271841345e-10,-3.5023214820781084e-11,0.49999999851147714,-1.0101040314646143e-10,-1.3859928106263139e-11,0.89999999890318,2.35512017480728e-10,7.248296051093426e-11,-0.16697713316809404,-0.0038309802036900855,-0.7398025064548623,-0.5876233461316317,-0.5051098161395634,-0.8006275807348464,-0.0001148552337767327,-2.4557039817927932e-05,-0.29850147227627094,-0.00011431120033886584,-1.756596354473933e-05,0.5009180721646138,-4.942080893469849e-05,-6.82323800214971e-06,0.9013201193600281,0.0001200242858699339,3.6925270866230734e-05
50,True,0.5100000000000003,7.6884015843880755,False,False,3.8005497166420174e-08,False,19.924667023587972,-0.15,0.0,-0.73304,-0.58496,-0.50477,-0.8,0.0,0.0,-0.3,0.0,0.0,0.5,0.0,0.0,0.9,0.0,0.0,-0.15000003395420033,-7.662860678457617e-09,-0.733040013524972,-0.5849600053266678,-0.5047700006796194,-0.8000000012551425,-2.2971044059689593e-10,-4.911377315787251e-11,-0.2999999970032625,-2.285729991104114e-10,-3.513170752372113e-11,0.5000000018343083,-9.882352141471484e-11,-1.3646741794770382e-11,0.9000000026359691,2.400418624450267e-10,7.384851619649836e-11,-0.166976710625322,-0.003835819578694242,-0.7398074048139321,-0.5876282391178113,-0.5051139241237123,-0.802112233844116,-0.00011476562168527927,-2.4648953236672358e-05,-0.29962700326927794,-0.00011375761149559819,-1.764334660595911e-05,0.5021503678013778,-4.843325708379918e-05,-6.739050216392232e-06,0.9027095740595888,0.0001222103450481087,3.7583364189808365e-05
51,True,0.5200000000000004,7.685107220861834,False,False,3.860359352041588e-08,False,19.889208022505045,-0.15,0.0,-0.73304,-0.58496,-0.50477,-0.8,0.0,0.0,-0.3,0.0,0.0,0.5,0.0,0.0,0.9,0.0,0.0,-0.1500000339533545,-7.672309263167393e-09,-0.7330400135347691,-0.5849600053364541,-0.5047700006878356,-0.8000000042244435,-2.2953103076517843e-10,-4.929755507550814e-11,-0.29999999925423804,-2.2747906024676336e-10,-3.528640980077864e-11,0.5000000042993594,-9.685355722456861e-11,-1.3478305029245008e-11,0.9000000054159353,2.444141886223574e-10,7.516476801188538e-11,-0.16697652284607178,-0.003840548884064565,-0.7398121647832171,-0.5876330194977353,-0.5051179486920235,-0.8032089911496447,-0.0001147328735911052,-2.475414933078295e-05,-0.30045600286438445,-0.00011330398045172465,-1.77397109878733e-05,0.5030572974555718,-4.753960134345318e-05,-6.67374405240178e-06,0.9037377212364454,0.00012432431864501642,3.8218933315382904e-05
52,True,0.5300000000000004,7.682692426131785,False,False,3.9493700935408255e-08,False,19.95104202069342,-0.15,0.0,-0.73304,-0.58496,-0.50477,-0.8,0.0,0.0,-0.3,0.0,0.0,0.5,0.0,0.0,0.9,0.0,0.0,-0.15000003395297828,-7.681589687252854e-09,-0.7330400135442894,-0.5849600053460152,-0.504770000695885,-0.8000000064179562,-2.2946537832563892e-10,-4.9507910307276673e-11,-0.30000000091217277,-2.265815246202136e-10,-3.547908597093625e-11,0.5000000061135698,-9.50700956015558e-11,-1.3347641029693444e-11,0.9000000074730455,2.4864232561435697e-10,7.643596567724576e-11,-0.16697652619769596,-0.003845174649385881,-0.7398167984851007,-0.5876376932212176,-0.505121892253269,-0.8040146963816691,-0.00011474576148687292,-2.4869593244362294e-05,-0.30106263049049903,-0.00011293166661138676,-1.7850854858829825e-05,0.5037203886879908,-4.672399452644501e-05,-6.6237351662523765e-06,0.9044946640618061,0.0001263732757003893,3.883421869572284e-05
53,True,0.5400000000000004,7.680934998229611,False,False,4.0374872806108565e-08,False,19.64866602793336,-0.15,0.0,-0.73304,-0.58496,-0.50477,-0.8,0.0,0.0,-0.3,0.0,0.0,0.5,0.0,0.0,0.9,0.0,0.0,-0.15000003395298447,-7.690705602306919e-09,-0.7330400135535572,-0.584960005355363,-0.5047700007037723,-0.8000000080293664,-2.2949102855681844e-10,-4.973876948602841e-11,-0.3000000021253803,-2.258440233194074e-10,-3.570133262032426e-11,0.5000000074400168,-9.344173754931772e-11,-1.3247581382541099e-11,0.9000000089875511,2.527404104144676e-10,7.766658975292499e-11,-0.16697667971649077,-0.003849702888771714,-0.7398213169901449,-0.5876422657903294,-0.5051257570990159,-0.8046039110624154,-0.00011479404465639921,-2.4992525062423208e-05,-0.30150412081422984,-0.00011262380953842637,-1.7972990301179012e-05,0.5042025314269515,-4.597204070381726e-05,-6.585777034217004e-06,0.905049682834047,0.00012836377881576377,3.943129458064938e-05
54,True,0.5500000000000004,7.679663670066428,False,False,4.1133523036350697e-08,False,19.875083002261817,-0.15,0.0,-0.73304,-0.58496,-0.50477,-0.8,0.0,0.0,-0.3,0.0,0.0,0.5,0.0,0.0,0.9,0.0,0.0,-0.1500000339532911,-7.69966020455759e-09,-0.7330400135625944,-0.5849600053645083,-0.5047700007115022,-0.8000000092077962,-2.2958749731536408e-10,-4.998461203387203e-11,-0.30000000300832586,-2.2523352058217636e-10,-3.5945572788507714e-11,0.5000000084044998,-9.193992966174134e-11,-1.3171632125891697e-11,0.9000000100980537,2.567215694583916e-10,7.886078920958661e-11,-0.1669769483403047,-0.003854138882818076,-0.7398257298518593,-0.5876467420790816,-0.5051295453666789,-0.8050332055113607,-0.0001148690307962551,-2.5120610486511746e-05,-0.30182394796486123,-0.00011236614969593706,-1.8102927117786334e-05,0.5045514670024879,-4.5271518968011286e-05,-6.557122916174694e-06,0.9054553112840102,0.00013030152352120242,4.001195857740928e-05
55,True,0.5600000000000004,7.678748693114698,False,False,4.1744020710025606e-08,False,19.555041973944753,-0.15,0.0,-0.73304,-0.58496,-0.50477,-0.8,0.0,0.0,-0.3,0.0,0.0,0.5,0.0,0.0,0.9,0.0,0.0,-0.15000003395382802,-7.70845643913165e-09,-0.7330400135714205,-0.5849600053734612,-0.504770000719079,-0.8000000100663858,-2.29737395895783e-10,-5.0240768197182956e-11,-0.30000000364795437,-2.2472200643841762e-10,-3.620542444475916e-11,0.5000000091025172,-9.054041788899474e-11,-1.3114298413867832e-11,0.9000000109096565,2.605971961930787e-10,8.002216002735239e-11,-0.16697730354034213,-0.003858487155574865,-0.7398300450551378,-0.5876511263157006,-0.5051332590364741,-0.805345023224032,-0.00011496366239982818,-2.5251962786931522e-05,-0.30205472723711096,-0.00011214712181946933,-1.8238091868784932e-05,0.5048029884242233,-4.461247763487233e-05,-6.53554532787124e-06,0.9057509716455318,0.00013219126843652917,4.0577711482020564e-05
56,True,0.5700000000000004,7.6780930841155755,False,False,4.221707734766572e-08,False,19.5915829972364,-0.15,0.0,-0.73304,-0.58496,-0.50477,-0.8,0.0,0.0,-0.3,0.0,0.0,0.5,0.0,0.0,0.9,0.0,0.0,-0.1500000339545382,-7.717097104138065e-09,-0.7330400135800511,-0.5849600053822298,-0.5047700007265065,-0.8000000106900218,-2.2992660467897278e-10,-5.050346329560449e-11,-0.30000000410949407,-2.2428672584267045e-10,-3.647573902466959e-11,0.5000000096056676,-8.92234441508149e-11,-1.3071123861291365e-11,0.9000000115012325,2.643768105099146e-10,8.115370457887836e-11,-0.1669777228280997,-0.0038627515430966542,-0.7398342691593145,-0.5876554221410968,-0.5051368999442263,-0.805570932644397,-0.00011507237861562081,-2.5385104112792503e-05,-0.3022206872823697,-0.00011195760675394689,-1.8376469859002164e-05,0.5049836656537794,-4.3987032099899274e-05,-6.519288738862997e-06,0.9059660091260636,0.0001340369044205979,4.1129780055569325e-05
57,True,0.5800000000000004,7.677625121822827,False,False,4.257537885583145e-08,False,19.815624982584268,-0.15,0.0,-0.73304,-0.58496,-0.50477,-0.8,0.0,0.0,-0.3,0.0,0.0,0.5,0.0,0.0,0.9,0.0,0.0,-0.1500000339553766,-7.725584930465268e-09,-0.7330400135884996,-0.5849600053908217,-0.5047700007337884,-0.8000000111418412,-2.3014399794815763e-10,-5.076974048619557e-11,-0.3000000044414004,-2.2390971692596347e-10,-3.67524856136395e-11,0.5000000099671009,-8.797334989120702e-11,-1.30385961122153e-11,0.9000000119314949,2.6806819638418647e-10,8.225787715229358e-11,-0.16697818885609278,-0.003866935295842262,-0.7398384075134259,-0.5876596326953661,-0.5051404697999765,-0.8057342520540108,-0.00011519089169096855,-2.5518903909281306e-05,-0.3023396831122179,-0.00011179055672217342,-1.8516518818850915e-05,0.5051130636168008,-4.3389051749353935e-05,-6.506997493841047e-06,0.9061221302257059,0.00013584157821314508,4.166915647305686e-05
58,True,0.5900000000000004,7.677292224922107,False,False,4.284294949439722e-08,False,19.9642910156399,-0.15,0.0,-0.73304,-0.58496,-0.50477,-0.8,0.0,0.0,-0.3,0.0,0.0,0.5,0.0,0.0,0.9,0.0,0.0,-0.1500000339563085,-7.733922590021092e-09,-0.7330400135967765,-0.5849600053992431,-0.5047700007409284,-0.8000000114684804,-2.3038099664193963e-10,-5.10373377302011e-11,-0.3000000046793821,-2.2357708719599693e-10,-3.7032578385938746e-11,0.5000000102259543,-8.677795734459348e-11,-1.3014002766395722e-11,0.900000012243874,2.7167764945264933e-10,8.33366627726981e-11,-0.16697868845040806,-0.003871041185273502,-0.7398424644807303,-0.5876637607076123,-0.5051439702072413,-0.8058521102873497,-0.00011531594944161405,-2.565251377838229e-05,-0.30242478611607215,-0.00011164060429212573,-1.865707921778693e-05,0.5052054932504658,-4.2813831027829096e-05,-6.497640437704784e-06,0.9062353109704494,0.00013760782699251764,4.219664093410383e-05
59,True,0.6000000000000004,7.677056119236606,False,False,4.304104799251164e-08,False,19.989708031062037,-0.15,0.0,-0.73304,-0.58496,-0.50477,-0.8,0.0,0.0,-0.3,0.0,0.0,0.5,0.0,0.0,0.9,0.0,0.0,-0.1500000339573076,-7.742112710911603e-09,-0.7330400136048906,-0.5849600054074993,-0.5047700007479293,-0.8000000117041972,-2.3063109367703512e-10,-5.13045574583983e-11,-0.30000000484958084,-2.232782506247314e-10,-3.731369720651645e-11,0.5000000104108555,-8.562791746952224e-11,-1.2995280620979707e-11,0.9000000124703352,2.7521024559750903e-10,8.439166227137583e-11,-0.16697921172394337,-0.003875071600832591,-0.7398464436431036,-0.5876678085775853,-0.5051474026805303,-0.80593703289661,-0.00011544511727903539,-2.5785307828574952e-05,-0.30248551293668047,-0.00011150370642219092,-1.8797292791040073e-05,0.505271364072347,-4.2257789087209506e-05,-6.490442241151834e-06,0.9063172627344335,0.00013933770317929806,4.2712881053780246e-05
60,True,0.6100000000000004,7.676889111451021,False,False,4.318702372545187e-08,False,19.378416007384658,-0.15,0.0,-0.73304,-0.58496,-0.50477,-0.8,0.0,0.0,-0.3,0.0,0.0,0.5,0.0,0.0,0.9,0.0,0.0,-0.1500000339583541,-7.750157893920973e-09,-0.7330400136128491,-0.5849600054155952,-0.5047700007547945,-0.8000000118740427,-2.3088941751624268e-10,-5.157014727497642e-11,-0.30000000497102924,-2.2300523005915757e-10,-3.7594124749953375e-11,0.5000000105426274,-8.451611454549134e-11,-1.2980878319030734e-11,0.9000000126343112,2.786700910989686e-10,8.542417137156685e-11,-0.1669797513242413,-0.003879028632152754,-0.739850347974331,-0.5876717784448741,-0.5051507686602367,-0.8059981453486325,-0.00011557659261738953,-2.5916831947434216e-05,-0.30252875987892747,-0.00011137684275076644,-1.893653356533704e-05,0.5053182120065945,-4.171821474824795e-05,-6.484825160762816e-06,0.9063765429405771,0.0001410328813493857,4.321840554490254e-05
61,True,0.6200000000000004,7.676771265906742,False,False,4.329441969957959e-08,False,19.80212499620393,-0.15,0.0,-0.73304,-0.58496,-0.50477,-0.8,0.0,0.0,-0.3,0.0,0.0,0.5,0.0,0.0,0.9,0.0,0.0,-0.15000003395943323,-7.758060692562158e-09,-0.733040013620658,-0.5849600054235352,-0.5047700007615266,-0.8000000119962678,-2.3115236131709006e-10,-5.183319847282524e-11,-0.30000000505751934,-2.227520644066533e-10,-3.787260841376272e-11,0.5000000106363454,-8.343715984375803e-11,-1.2969639832523488e-11,0.9000000127529241,2.8206053606042586e-10,8.643524780058186e-11,-0.1669803018238161,-0.0038829141358135426,-0.7398541799807865,-0.587675672245102,-0.5051540695247928,-0.806042075619702,-0.00011570905383159333,-2.6046762551019275e-05,-0.30255950450514796,-0.00011125777076503033,-1.9074351932627515e-05,0.5053514705977263,-4.119305928752888e-05,-6.480361759151043e-06,0.9064193880441217,0.0001426947455959137,4.371365170975288e-05
62,True,0.6300000000000004,7.676688294259221,False,False,4.337352424925547e-08,False,19.918834033887833,-0.15,0.0,-0.73304,-0.58496,-0.50477,-0.8,0.0,0.0,-0.3,0.0,0.0,0.5,0.0,0.0,0.9,0.0,0.0,-0.15000003396053418,-7.765823619582113e-09,-0.7330400136283222,-0.584960005431323,-0.5047700007681285,-0.8000000120841284,-2.314172804800856e-10,-5.209306354607857e-11,-0.3000000051190059,-2.2251432681553822e-10,-3.8148248506652974e-11,0.5000000107028784,-8.238698057919016e-11,-1.2960709873327612e-11,0.9000000128386522,2.853843496155445e-10,8.742576642148262e-11,-0.1669808592403963,-0.0038867297880176843,-0.7398579418123787,-0.5876794917542956,-0.5051573066003372,-0.806073625442346,-0.00011584154096426289,-2.6174874022981215e-05,-0.3025813271700429,-0.00011114483282411495,-1.9210430594794278e-05,0.5053750438727772,-4.068077295624232e-05,-6.476737624961908e-06,0.9064503332979285,0.00014432445873652997,4.419898720273774e-05
63,True,0.6400000000000005,7.6766299615346645,False,False,4.343201629555132e-08,False,19.515666004735976,-0.15,0.0,-0.73304,-0.58496,-0.50477,-0.8,0.0,0.0,-0.3,0.0,0.0,0.5,0.0,0.0,0.9,0.0,0.0,-0.15000003396164902,-7.77344915086492e-09,-0.733040013635846,-0.5849600054389622,-0.5047700007746028,-0.8000000121472282,-2.3168225420555546e-10,-5.234929098212981e-11,-0.30000000516264924,-2.222887444318193e-10,-3.8420410069009946e-11,0.5000000107500364,-8.13624949342175e-11,-1.2953459311109664e-11,0.90000001290057,2.8864385773035017e-10,8.839646272991789e-11,-0.16698142066713886,-0.0038904771253323056,-0.7398616353482768,-0.5876832386232317,-0.5051604811682747,-0.8060962660787403,-0.00011597336348439293,-2.630101354900988e-05,-0.30259680066937766,-0.00011103680716491538,-1.9344550565665974e-05,0.5053917283961477,-4.018017865822557e-05,-6.4737225793708406e-06,0.9064726710188152,0.00014592301596133854,4.4674726892113056e-05
64,True,0.6500000000000005,7.676585098976147,False,False,4.34755592346971e-08,False,19.853917008731514,-0.15,0.0,-0.73304,-0.58496,-0.50477,-0.8,0.0,0.0,-0.3,0.0,0.0,0.5,0.0,0.0,0.9,0.0,0.0,-0.15000003396277187,-7.780939719360253e-09,-0.7330400136432332,-0.5849600054464561,-0.5047700007809521,-0.8000000121925094,-2.3194590050164797e-10,-5.260157495803929e-11,-0.3000000051935948,-2.2207290483790016e-10,-3.868865486970365e-11,0.5000000107834137,-8.036136172332635e-11,-1.2947427556457981e-11,0.9000000129452652,2.9184105151502764e-10,8.934796659313977e-11,-0.16698198410314932,-0.0038941575636914118,-0.7398652622368304,-0.5876869143936013,-0.5051635944690184,-0.8061125024689031,-0.00011610405911444297,-2.6425089895867102e-05,-0.30260836235693034,-0.00011093283918825398,-1.947657550706383e-05,0.505403899797093,-3.969041444163869e-05,-6.4711575858979055e-06,0.9064887877697975,0.0001474912681422038,4.514114021788403e-05
65,True,0.6600000000000005,7.676543550551328,False,False,4.3508624902658e-08,False,20.04758402472362,-0.15,0.0,-0.73304,-0.58496,-0.50477,-0.8,0.0,0.0,-0.3,0.0,0.0,0.5,0.0,0.0,0.9,0.0,0.0,-0.15000003396389872,-7.788297733731658e-09,-0.7330400136504872,-0.5849600054538078,-0.5047700007871788,-0.8000000122249822,-2.322072943406221e-10,-5.284973282978665e-11,-0.30000000521671716,-2.2186513252129593e-10,-3.895270998455409e-11,0.5000000108077624,-7.938186142897622e-11,-1.2942296340977797e-11,0.9000000129775126,2.949776329230422e-10,9.028081702903458e-11,-0.16698254871132032,-0.003897772373665452,-0.7398688238434109,-0.5876905204776728,-0.5051666476980803,-0.8061246058501995,-0.00011623345709662196,-2.6547090679414507e-05,-0.30261822614681977,-0.00011083253437242932,-1.9606472918434893e-05,0.5054140174301606,-3.921101501898853e-05,-6.468973349915544e-06,0.9065009175543534,0.00014902988227178703,4.559843890820975e-05
66,True,0.6700000000000005,7.6765033859162735,False,False,4.353552111421312e-08,False,19.41741700284183,-0.15,0.0,-0.73304,-0.58496,-0.50477,-0.8,0.0,0.0,-0.3,0.0,0.0,0.5,0.0,0.0,0.9,0.0,0.0,-0.15000003396502792,-7.795525597872194e-09,-0.7330400136576106,-0.5849600054610201,-0.5047700007932855,-0.8000000122491889,-2.3246609334498427e-10,-5.309373962345248e-11,-0.3000000052364441,-2.2166463490311348e-10,-3.921251014120234e-11,0.5000000108280012,-7.842305993645661e-11,-1.2937926830886861e-11,0.9000000130017807,2.980549365801631e-10,9.119543764894364e-11,-0.16698311372106825,-0.0039013227968658242,-0.7398723214947839,-0.5876940582557094,-0.5051696420268444,-0.8061348552830594,-0.00011636139993401304,-2.666700635570559e-05,-0.30262734399004565,-0.00011073552869042525,-1.9734215988518457e-05,0.5054232512793441,-3.874154033485222e-05,-6.467105470132382e-06,0.9065112705169612,0.0001505395099697677,4.60468296671064e-05
67,True,0.6800000000000005,7.676464151389177,False,False,4.35596395797221e-08,False,20.156749989837408,-0.15,0.0,-0.73304,-0.58496,-0.50477,-0.8,0.0,0.0,-0.3,0.0,0.0,0.5,0.0,0.0,0.9,0.0,0.0,-0.15000003396615796,-7.802625736491597e-09,-0.733040013664606,-0.5849600054680959,-0.5047700007992743,-0.8000000122696878,-2.3272198254045088e-10,-5.333357622319722e-11,-0.3000000052546795,-2.2147066870855346e-10,-3.9468001688581535e-11,0.5000000108464704,-7.748409533214545e-11,-1.2934190209414552e-11,0.9000000130224903,3.0107426567029666e-10,9.20922418794841e-11,-0.16698367759702565,-0.0039048101330397883,-0.739875756662406,-0.5876975291487425,-0.5051725786181245,-0.8061442911062846,-0.00011648753410627945,-2.678477323921276e-05,-0.3026360847344816,-0.00011064116670065652,-1.9859710363768e-05,0.5054320543801563,-3.8281298017608816e-05,-6.46543131469794e-06,0.9065208354733812,0.00015202091433744676,4.648655373101983e-05
68,True,0.6900000000000005,7.676425667195885,False,False,4.3582464076948975e-08,False,19.53575003426522,-0.15,0.0,-0.73304,-0.58496,-0.50477,-0.8,0.0,0.0,-0.3,0.0,0.0,0.5,0.0,0.0,0.9,0.0,0.0,-0.1500000339672857,-7.809600179650017e-09,-0.7330400136714765,-0.5849600054750378,-0.5047700008051476,-0.8000000122885594,-2.329742553524661e-10,-5.356911542500099e-11,-0.30000000527216086,-2.2128196071834715e-10,-3.971899612120332e-11,0.5000000108640773,-7.656359227848188e-11,-1.2930841373178024e-11,0.9000000130416219,3.0403714612668546e-10,9.297171207542625e-11,-0.16698423920675518,-0.003908235619570541,-0.7398791307088843,-0.587700934518164,-0.5051754586054387,-0.8061533174327608,-0.00011661160325432221,-2.690035361713632e-05,-0.3026445922048175,-0.00011054894970586693,-1.9982896576688623e-05,0.5054406030723142,-3.7829732336176476e-05,-6.463858916859992e-06,0.9065299972572365,0.00015347479117405218,4.6917831043062936e-05
69,True,0.7000000000000005,7.676387858217449,False,False,4.360457210605171e-08,False,19.925458007492125,-0.15,0.0,-0.73304,-0.58496,-0.50477,-0.8,0.0,0.0,-0.3,0.0,0.0,0.5,0.0,0.0,0.9,0.0,0.0,-0.15000003396840894,-7.816451107894862e-09,-0.7330400136782248,-0.5849600054818488,-0.5047700008109077,-0.800000012306612,-2.332223988043246e-10,-5.38002817378994e-11,-0.3000000052891757,-2.2109753199280047e-10,-3.9965374407221685e-11,0.5000000108811751,-7.566044198900916e-11,-1.292769630257542e-11,0.9000000130599463,3.069449696312381e-10,9.383428819245915e-11,-0.16698479792247783,-0.003911600420228156,-0.7398824448637166,-0.5877042756565645,-0.505178283091432,-0.8061620922300232,-0.00011673347858878496,-2.7013743996309775e-05,-0.30265292337252897,-0.00011045857979789972,-2.010376000603704e-05,0.5054489668908018,-3.7386462957040004e-05,-6.462335741646771e-06,0.906538906682224,0.00015490174979757354,4.7340854338619554e-05
70,True,0.7100000000000005,7.676350689381179,False,False,4.362619034953198e-08,False,19.91895801620558,-0.15,0.0,-0.73304,-0.58496,-0.50477,-0.8,0.0,0.0,-0.3,0.0,0.0,0.5,0.0,0.0,0.9,0.0,0.0,-0.15000003396952635,-7.823180731697521e-09,-0.7330400136848533,-0.5849600054885312,-0.5047700008165569,-0.8000000123241615,-2.334661550320921e-10,-5.402706806714448e-11,-0.3000000053058379,-2.2091679355263575e-10,-4.020710717492215e-11,0.5000000108979029,-7.477388455997712e-11,-1.2924649823219743e-11,0.9000000130777657,3.097989552879824e-10,9.468035579998039e-11,-0.1669853534397129,-0.003914905644226476,-0.739885700262924,-0.5877075538038461,-0.5051810531515802,-0.8061706782188228,-0.00011685311505481115,-2.712496311151935e-05,-0.3026611016709089,-0.00011036989087055885,-2.0222315083144546e-05,0.5054571741287667,-3.695122554336711e-05,-6.460835086728986e-06,0.9065476238699536,0.00015630233931439457,4.7755797394149495e-05
71,True,0.7200000000000005,7.676314141000039,False,False,4.3647409756438997e-08,False,19.281707995105535,-0.15,0.0,-0.73304,-0.58496,-0.50477,-0.8,0.0,0.0,-0.3,0.0,0.0,0.5,0.0,0.0,0.9,0.0,0.0,-0.1500000339706374,-7.829791232039085e-09,-0.7330400136913642,-0.5849600054950876,-0.5047700008220971,-0.8000000123413334,-2.337054336404125e-10,-5.4249511827875576e-11,-0.30000000532219445,-2.2073941567841981e-10,-4.0444223203096137e-11,0.5000000109143174,-7.39033914360504e-11,-1.2921648455991805e-11,0.9000000130952005,3.1260020117687866e-10,9.55102624864302e-11,-0.16698590562606241,-0.003918152362672372,-0.7398888979833181,-0.5877107701611316,-0.5051837698374179,-0.8061791012469196,-0.00011697051295462383,-2.723404145421872e-05,-0.3026691375677542,-0.00011028278883664021,-2.033859165056298e-05,0.5054652371392321,-3.6523820138240865e-05,-6.459344302599847e-06,0.9065561737771604,0.0001576770718413103,4.8162822297542914e-05
72,True,0.7300000000000005,7.676278199360175,False,False,4.366826868583018e-08,False,19.87354102311656,-0.15,0.0,-0.73304,-0.58496,-0.50477,-0.8,0.0,0.0,-0.3,0.0,0.0,0.5,0.0,0.0,0.9,0.0,0.0,-0.15000003397174178,-7.836284728751641e-09,-0.7330400136977598,-0.5849600055015205,-0.5047700008275307,-0.8000000123581794,-2.339402351171768e-10,-5.446767396241918e-11,-0.3000000053382662,-2.205652110877799e-10,-4.067678213641565e-11,0.5000000109304437,-7.304856270248144e-11,-1.2918666867830218e-11,0.9000000131123006,3.153497318418748e-10,9.632433244858695e-11,-0.16698645443293633,-0.003921341618526592,-0.7398920390631541,-0.5877139258992419,-0.5051864341786203,-0.8061873728707593,-0.00011708569484677193,-2.7341014982966797e-05,-0.3026770365040032,-0.00011019721575784665,-2.0452626799175988e-05,0.5054731620996537,-3.610408015472167e-05,-6.457857732401592e-06,0.9065645677080275,0.00015902643659263468,4.85620838539157e-05
73,True,0.7400000000000005,7.676242853127879,False,False,4.368878510412333e-08,False,19.97558295261115,-0.15,0.0,-0.73304,-0.58496,-0.50477,-0.8,0.0,0.0,-0.3,0.0,0.0,0.5,0.0,0.0,0.9,0.0,0.0,-0.1500000339728394,-7.842663302636e-09,-0.7330400137040421,-0.5849600055078321,-0.5047700008328594,-0.8000000123747226,-2.341706045380903e-10,-5.468162637370811e-11,-0.300000005354064,-2.203940642047644e-10,-4.090485814108556e-11,0.5000000109462936,-7.220906512295623e-11,-1.2915693721198983e-11,0.9000000131290888,3.180485257483264e-10,9.712287532103858e-11,-0.16698699985046073,-0.003924474431956541,-0.7398951245130818,-0.5877170221633168,-0.50518904718427,-0.8061954990913927,-0.00011719869342981481,-2.744592183379007e-05,-0.30268480195736047,-0.00011011313105657833,-2.0564460607574615e-05,0.5054809527805518,-3.5691856108924475e-05,-6.456373018874357e-06,0.9065728116487837,0.00016035090736230977,4.895373192515555e-05
74,True,0.7500000000000006,7.676208091977268,False,False,4.3708969055316954e-08,False,19.390541943721473,-0.15,0.0,-0.73304,-0.58496,-0.50477,-0.8,0.0,0.0,-0.3,0.0,0.0,0.5,0.0,0.0,0.9,0.0,0.0,-0.15000003397393025,-7.848928993726967e-09,-0.7330400137102131,-0.5849600055140248,-0.5047700008380855,-0.800000012390975,-2.3439660726699146e-10,-5.4891445345529605e-11,-0.30000000536959487,-2.2022589410723367e-10,-4.1128531363363334e-11,0.5000000109618752,-7.138459981681717e-11,-1.2912724296430518e-11,0.9000000131455771,3.2069753046182724e-10,9.790619083825192e-11,-0.1669875418860111,-0.00392755180310126,-0.7398981553216395,-0.5877200600752682,-0.505191609843666,-0.8062034837343247,-0.00011730954563267217,-2.7548800723067347e-05,-0.30269243662483075,-0.00011003050235122379,-2.0674134075715264e-05,0.5054886120002556,-3.528700766415091e-05,-6.454889305917646e-06,0.9065809094971128,0.00016165094626385067,4.933791260038178e-05
75,True,0.7600000000000006,7.676173906065364,False,False,4.372882746827613e-08,False,19.455083995126188,-0.15,0.0,-0.73304,-0.58496,-0.50477,-0.8,0.0,0.0,-0.3,0.0,0.0,0.5,0.0,0.0,0.9,0.0,0.0,-0.15000003397501432,-7.855083800425988e-09,-0.7330400137162749,-0.5849600055201007,-0.504770000843211,-0.8000000124069442,-2.346183171109432e-10,-5.509720828991878e-11,-0.3000000053848641,-2.2006063594634528e-10,-4.134788380620266e-11,0.5000000109771937,-7.057488601635914e-11,-1.2909756871506842e-11,0.900000013161773,3.232976702647293e-10,9.867457117238368e-11,-0.16698808055442899,-0.003930574713524851,-0.7399011324579791,-0.5877230407351355,-0.5051941231268946,-0.8062113297574257,-0.00011741828986141527,-2.764969021001407e-05,-0.3026999428794035,-0.00010994930117616017,-2.0781688170506206e-05,0.5054961421866928,-3.4889399895261684e-05,-6.453406400662968e-06,0.9065888643137561,0.00016292700556287814,4.9714768771105015e-05
76,True,0.7700000000000006,7.676140285829987,False,False,4.374836611965325e-08,False,19.801416958216578,-0.15,0.0,-0.73304,-0.58496,-0.50477,-0.8,0.0,0.0,-0.3,0.0,0.0,0.5,0.0,0.0,0.9,0.0,0.0,-0.15000003397609168,-7.861129683837953e-09,-0.7330400137222293,-0.5849600055260623,-0.5047700008482376,-0.8000000124226362,-2.3483581093987956e-10,-5.5298992334307673e-11,-0.3000000053998766,-2.1989823270661749e-10,-4.156299739463019e-11,0.5000000109922542,-6.977965386366141e-11,-1.2906791065263128e-11,0.900000013177683,3.258498497069051e-10,9.942830216656037e-11,-0.16698861587369296,-0.0039335441270413945,-0.7399040568732659,-0.5877259652219109,-0.5051965879852865,-0.8062190397573314,-0.0001175249647587794,-2.774862837057124e-05,-0.3027073229466529,-0.00010986950103939543,-2.088716340262526e-05,0.5055035455945764,-3.4498901573475165e-05,-6.4519243946642206e-06,0.906596678807884,0.00016417952859292844,5.0084440420493244e-05
77,True,0.7800000000000006,7.676107221911422,False,False,4.376759015276192e-08,False,19.9039580184035,-0.15,0.0,-0.73304,-0.58496,-0.50477,-0.8,0.0,0.0,-0.3,0.0,0.0,0.5,0.0,0.0,0.9,0.0,0.0,-0.15000003397716233,-7.867068567771196e-09,-0.7330400137280783,-0.5849600055319114,-0.5047700008531676,-0.8000000124380562,-2.350491660032053e-10,-5.5496873620181986e-11,-0.3000000054146367,-2.1973863176358733e-10,-4.177395315581767e-11,0.5000000110070612,-6.899864092081189e-11,-1.2903827057270361e-11,0.9000000131933122,3.2835495550310144e-10,1.001676637279016e-10,-0.16698914786304392,-0.0039364609902482715,-0.7399069295014632,-0.5877288345941192,-0.5051990053518164,-0.8062266161657811,-0.0001176296086614859,-2.7845652660769574e-05,-0.30271457897325776,-0.0001097910765574027,-2.0990599647644064e-05,0.5055108243895976,-3.4115384382678974e-05,-6.450443496395681e-06,0.906604355525615,0.000165408950246378,5.044706478018725e-05
78,True,0.7900000000000006,7.677122171030278,False,False,5.791819391425687e-08,False,20.078458008356392,-0.15,0.0,-0.73304,-0.58496,-0.50477,-0.7937575030012005,0.0,0.0,-0.2953181272509004,0.0,0.0,0.49484993997599036,0.0,0.0,0.8941215966386555,0.0,0.0,-0.1500000339782263,-7.875912501169313e-09,-0.7330400137338237,-0.5849600055376503,-0.5047700008580024,-0.7937575279392582,-2.352584589946716e-10,-5.5690927082852493e-11,-0.2953181420447191,-2.1943011683123615e-10,-4.198083083961114e-11,0.494849961291897,-6.816691081637212e-11,-1.2900865264268751e-11,0.894121621590273,3.308138574274061e-10,1.0089293039672624e-10,-0.16698921858837798,-0.003939373954409028,-0.7399098515921881,-0.5877316896905133,-0.5052013844811164,-0.805840297945408,-0.00011761730978582088,-2.790942830219041e-05,-0.30244753833697013,-0.00010953721784675888,-2.1051692902608194e-05,0.5052101071710152,-3.3585723160897285e-05,-6.414055007311549e-06,0.9062408534338429,0.00016668542832400576,5.0824548310909595e-05
79,True,0.8000000000000006,7.681088185733625,False,False,8.524289761113763e-08,False,19.334791984874755,-0.15,0.0,-0.73304,-0.58496,-0.50477,-0.7841536614645859,0.0,0.0,-0.2881152460984394,0.0,0.0,0.4869267707082833,0.0,0.0,0.885077899159664,0.0,0.0,-0.15000003397836903,-7.883157709942523e-09,-0.7330400137396677,-0.5849600055433605,-0.5047700008627607,-0.7841537048376035,-2.3523418294908813e-10,-5.581856955748604e-11,-0.28811527476436427,-2.1885019164458782e-10,-4.210313356772322e-11,0.4869268072663014,-6.707708260361711e-11,-1.2828184442641491e-11,0.8850779414650932,3.3336667912384384e-10,1.0164785507716604e-10,-0.166990639070935,-0.003942323239129623,-0.7399129072794791,-0.5877345639201682,-0.5052037329963601,-0.8044182678617688,-0.00011739318944034163,-2.7914374986291924e-05,-0.30142694932963887,-0.00010896143685941337,-2.103754129532396e-05,0.5040752525411116,-3.278323046095498e-05,-6.314312937129781e-06,0.9048978594626127,0.00016806674717253286,5.123477895061165e-05
80,True,0.8100000000000006,7.68901003916912,False,False,1.1195341687997286e-07,False,19.90229095099494,-0.15,0.0,-0.73304,-0.58496,-0.50477,-0.7745498199279713,0.0,0.0,-0.28091236494597843,0.0,0.0,0.4790036014405763,0.0,0.0,0.8760342016806724,0.0,0.0,-0.15000003398120626,-7.888518501614206e-09,-0.7330400137457787,-0.5849600055491089,-0.5047700008674578,-0.7745498796646211,-2.3478652573830864e-10,-5.5828624702543555e-11,-0.28091240597631845,-2.177221177326362e-10,-4.207503735950192e-11,0.4790036515761749,-6.54834042418677e-11,-1.2628874950797891e-11,0.8760342593899022,3.3612902286300934e-10,1.0246822464019196e-10,-0.1669944729469319,-0.003945285425829844,-0.7399160464869075,-0.5877374379959404,-0.5052060475200363,-0.8016345036496498,-0.00011701704215090532,-2.787686096646872e-05,-0.29939387075497725,-0.00010815371148945553,-2.096876220371909e-05,0.5018258000309872,-3.178634156857027e-05,-6.1691831222423765e-06,0.9022687598545682,0.0001695163383311603,5.166635346058981e-05
81,True,0.8200000000000006,7.700803730686189,False,False,1.3497398607334946e-07,False,20.284249971155077,-0.15,0.0,-0.73304,-0.58496,-0.50477,-0.7649459783913566,0.0,0.0,-0.2737094837935174,0.0,0.0,0.4710804321728691,0.0,0.0,0.8669905042016807,0.0,0.0,-0.15000003398886735,-7.893729287410112e-09,-0.7330400137520569,-0.584960005554857,-0.504770000872087,-0.7649460517681914,-2.340346507762785e-10,-5.575371359657936e-11,-0.2737095351632529,-2.1613614636104353e-10,-4.193762969951749e-11,0.47108049365717497,-6.350414667727474e-11,-1.2338740735893118e-11,0.8669905747433079,3.390280116377393e-10,1.0333131322571047e-10,-0.16699927020622599,-0.003948219604776924,-0.7399191817354124,-0.5877402784963264,-0.5052083217710068,-0.7974957607724918,-0.00011659237136328371,-2.782484362329862e-05,-0.29634136831862357,-0.00010726999124023795,-2.088045931971105e-05,0.49845635754500367,-3.0730975880627994e-05,-6.0092456867699325e-06,0.8983638285438719,0.0001709706834601483,5.209966061996643e-05
82,True,0.8300000000000006,7.715870153432999,False,False,1.5369892996332315e-07,False,19.651375012472272,-0.15,0.0,-0.73304,-0.58496,-0.50477,-0.7553421368547419,0.0,0.0,-0.26650660264105647,0.0,0.0,0.4631572629051621,0.0,0.0,0.8579468067226892,0.0,0.0,-0.1500000339984592,-7.898888808657856e-09,-0.7330400137583274,-0.5849600055605381,-0.5047700008766356,-0.7553422211618082,-2.331854443560341e-10,-5.564971902144813e-11,-0.26650666231134357,-2.143973897614053e-10,-4.176107798396886e-11,0.4631573334982013,-6.140743429971628e-11,-1.2018907233457663e-11,0.8579468875450569,3.419366829341807e-10,1.0419792105016571e-10,-0.16700313178034082,-0.003951095797746753,-0.7399222487380357,-0.5877430608755814,-0.5052105512853104,-0.7921541475705097,-0.00011619659650627407,-2.7779308018713647e-05,-0.292376261609913,-0.00010642569308605982,-2.0798734600556176e-05,0.4940854421484325,-2.9718120508892818e-05,-5.8573326425102165e-06,0.8933295938363792,0.00017238193107918387,5.251990171069407e-05
83,True,0.8400000000000006,7.733430961329167,False,False,1.6841514462341454e-07,False,19.263708032667637,-0.15,0.0,-0.73304,-0.58496,-0.50477,-0.7457382953181273,0.0,0.0,-0.2593037214885955,0.0,0.0,0.45523409363745504,0.0,0.0,0.8489031092436976,0.0,0.0,-0.15000003400618492,-7.904021832871866e-09,-0.7330400137644615,-0.584960005566103,-0.5047700008810947,-0.7457383881496763,-2.323938167960891e-10,-5.5558630165561916e-11,-0.2593037876342463,-2.1273449369002117e-10,-4.1597610786156015e-11,0.4552341713361468,-5.939377728379118e-11,-1.1715059682191784e-11,0.8489031980878341,3.44759291129532e-10,1.0503843749512997e-10,-0.1670051401225568,-0.003953897458204479,-0.739925211729368,-0.5877457714752647,-0.505212733826302,-0.7858088242450928,-0.00011587465538013076,-2.7752582548093238e-05,-0.28764485761111874,-0.00010568629640884692,-2.0738641120000483e-05,0.4888743212960877,-2.8805568068139755e-05,-5.726730666439194e-06,0.8873553322544285,0.00017372193614951717,5.291831123320135e-05
84,True,0.8500000000000006,7.752710623730931,False,False,1.797120570153632e-07,False,19.366459047887474,-0.15,0.0,-0.73304,-0.58496,-0.50477,-0.7361344537815128,0.0,0.0,-0.2521008403361345,0.0,0.0,0.44731092436974795,0.0,0.0,0.839859411764706,0.0,0.0,-0.1500000340102067,-7.909123115983074e-09,-0.7330400137703877,-0.5849600055715244,-0.50477000088546,-0.7361345531301121,-2.3174973275326156e-10,-5.550512759711101e-11,-0.25210091142458,-2.112779760171657e-10,-4.1477364565948444e-11,0.44731100749349784,-5.7578424016505036e-11,-1.1453797636462061e-11,0.8398595067500626,3.4743949180898216e-10,1.0583531498561081e-10,-0.16700574632490756,-0.003956618088506115,-0.7399280562273923,-0.5877484048518423,-0.5052148688440935,-0.7786576748531575,-0.00011564704325242263,-2.775044197860566e-05,-0.2822953939215013,-0.00010507991952785195,-2.0706895905867557e-05,0.48298601015812476,-2.801873186114581e-05,-5.623509431292561e-06,0.8806277682417325,0.0001749774721240286,5.3290709946344713e-05
85,True,0.8600000000000007,7.773022544313087,False,False,1.88232318262163e-07,False,19.45575000718236,-0.15,0.0,-0.73304,-0.58496,-0.50477,-0.726530612244898,0.0,0.0,-0.24489795918367346,0.0,0.0,0.43938775510204076,0.0,0.0,0.8308157142857143,0.0,0.0,-0.15000003401142295,-7.914177264055355e-09,-0.7330400137760771,-0.5849600055767914,-0.5047700008897301,-0.7265307164988838,-2.312942499338314e-10,-5.550077884186838e-11,-0.24489803397881965,-2.1008421926735615e-10,-4.141379629502137e-11,0.43938784229628175,-5.6012382777895784e-11,-1.1247280272014021e-11,0.8308158139051873,3.4995079108298376e-10,1.0658018246439711e-10,-0.1670054752459287,-0.003959258706050509,-0.7399307834001897,-0.5877509619831288,-0.5052169571432645,-0.7708762531832274,-0.00011551597576399878,-2.7773575125142043e-05,-0.2764609849264996,-0.0001046069363874725,-2.0703716920127456e-05,0.47656670759947206,-2.735890642761519e-05,-5.5480869164310685e-06,0.8733117391074863,0.00017614655014603852,5.36364770887882e-05
86,True,0.8700000000000007,7.793798995903494,False,False,1.945665841663965e-07,False,19.54245800152421,-0.15,0.0,-0.73304,-0.58496,-0.50477,-0.7169267707082834,0.0,0.0,-0.2376950780312125,0.0,0.0,0.4314645858343338,0.0,0.0,0.8217720168067227,0.0,0.0,-0.15000003401088322,-7.919170453077329e-09,-0.7330400137815317,-0.5849600055819058,-0.5047700008939068,-0.7169268786071019,-2.3103184992813615e-10,-5.554697553430878e-11,-0.23769515556319215,-2.091542880729158e-10,-4.140735976280595e-11,0.4314646760369141,-5.469862205591345e-11,-1.1096359083964484e-11,0.8217721198829364,3.5228918024952927e-10,1.07271788613104e-10,-0.16700500688736666,-0.003961823663098988,-0.7399334014638258,-0.5877534466694553,-0.5052190001117327,-0.7626109676480601,-0.00011547509387645877,-2.7820310384952476e-05,-0.2702536059552587,-0.00010425507664508551,-2.0726401181922302e-05,0.46973928184413444,-2.6816266645777475e-05,-5.498311470479541e-06,0.8655442222991255,0.0001772325787284101,5.3956681930509073e-05
87,True,0.8800000000000007,7.8145911946743265,False,False,1.9921619288022024e-07,False,19.02095798868686,-0.15,0.0,-0.73304,-0.58496,-0.50477,-0.7073229291716687,0.0,0.0,-0.23049219687875153,0.0,0.0,0.4235414165666267,0.0,0.0,0.8127283193277312,0.0,0.0,-0.15000003400994705,-7.924091662350752e-09,-0.7330400137867682,-0.5849600055868753,-0.5047700008979928,-0.7073230397475869,-2.3094983830082919e-10,-5.564038095076684e-11,-0.23049227640164546,-2.0846397000382367e-10,-4.1452657065498564e-11,0.42354150896115583,-5.3617882012015235e-11,-1.0996737851748275e-11,0.8127284249573387,3.5446146148462865e-10,1.0791226734489486e-10,-0.1670045539997303,-0.0039643191010665475,-0.7399359223459389,-0.5877558643127334,-0.5052209994752707,-0.7539793137940596,-0.00011551320004498064,-2.788758229365153e-05,-0.2637636769064724,-0.00010400522041064845,-2.077056290632426e-05,0.46260287250586635,-2.637485324371095e-05,-5.470522537353064e-06,0.8574348618233356,0.00017824210370682205,5.425340951149898e-05
88,True,0.8900000000000007,7.807581448926425,False,False,2.0258733356569895e-07,False,18.888582999352366,-0.15,0.0,-0.73304,-0.58496,-0.50477,-0.6977190876350541,0.0,0.0,-0.2232893157262906,0.0,0.0,0.4156182472989196,0.0,0.0,0.8036846218487397,0.0,0.0,-0.15000003400904122,-7.928934409213995e-09,-0.7330400137918102,-0.5849600055917108,-0.5047700009019916,-0.6977192001553325,-2.310258332294951e-10,-5.5774868010655945e-11,-0.2232893966750168,-2.0797534038637013e-10,-4.154092126640546e-11,0.41561834126731195,-5.273858564078639e-11,-1.0941099626093171e-11,0.8036847293477568,3.5648071782879223e-10,1.0850578587213479e-10,-0.16700416341106405,-0.003966751080784445,-0.7399383578689853,-0.5877582202419583,-0.5052229569313802,-0.745073157482505,-0.00011561868459929281,-2.7972214152365257e-05,-0.2570621999243809,-0.00010383819223157987,-2.0831809642139222e-05,0.4552352651845888,-2.6018454856731833e-05,-5.461004413460069e-06,0.8490692270820853,0.00017918210659500846,5.452887456789093e-05
89,True,0.9000000000000007,7.76027244939906,False,False,2.049994220359333e-07,False,18.544375023338944,-0.15,0.0,-0.73304,-0.58496,-0.50477,-0.6881152460984394,0.0,0.0,-0.21608643457382953,0.0,0.0,0.4076950780312125,0.0,0.0,0.7946409243697479,0.0,0.0,-0.15000003400825987,-7.933692565756378e-09,-0.7330400137966815,-0.5849600055964228,-0.5047700009059067,-0.688115360014076,-2.312366165652677e-10,-5.5944083644999176e-11,-0.21608651652531305,-2.0764946317595404e-10,-4.1663367505615726e-11,0.40769517311095765,-5.2031566307976984e-11,-1.092201316248918e-11,0.7946410332253786,3.583609110954962e-10,1.0905677337753883e-10,-0.16700382675701506,-0.003969124975779138,-0.7399407184674338,-0.5877605191888959,-0.5052248740380322,-0.7359629881860568,-0.00011578108573786892,-2.807135320398596e-05,-0.2502038124202509,-0.00010373706986282486,-2.090628434272608e-05,0.4476962710645903,-2.573263652072929e-05,-5.466462959518835e-06,0.8405129118979346,0.0001800590231659609,5.478511022760874e-05
90,True,0.9100000000000007,7.712375081833739,False,False,2.0669850205824713e-07,False,18.61195801757276,-0.15,0.0,-0.73304,-0.58496,-0.50477,-0.6785114045618248,0.0,0.0,-0.20888355342136858,0.0,0.0,0.39977190876350543,0.0,0.0,0.7855972268907563,0.0,0.0,-0.15000003400758644,-7.93836972372286e-09,-0.7330400138014028,-0.5849600056010209,-0.504770000909741,-0.6785115194647908,-2.3156126166122993e-10,-5.614232145042912e-11,-0.20888363606179522,-2.074547364948852e-10,-4.181228022777546e-11,0.39977200461178025,-5.1461222815626234e-11,-1.0932889040120937e-11,0.7855973367214888,3.601149141797648e-10,1.0956929654082565e-10,-0.1670035206373027,-0.0039714453329792645,-0.7399430128737404,-0.5877627651751446,-0.5052267521912412,-0.7267021480500302,-0.00011599154067317148,-2.8182590338089128e-05,-0.2432299212176375,-0.00010368777609555979,-2.0990793809971573e-05,0.4400311814674163,-2.550528760168381e-05,-5.48414524470333e-06,0.8318155391601343,0.00018087843456444775,5.5023874201347506e-05
91,True,0.9200000000000007,7.664122341872422,False,False,2.0787114275234312e-07,False,18.88204098213464,-0.15,0.0,-0.73304,-0.58496,-0.50477,-0.6689075630252102,0.0,0.0,-0.2016806722689076,0.0,0.0,0.39184873949579835,0.0,0.0,0.7765535294117647,0.0,0.0,-0.1500000340069741,-7.942962215908012e-09,-0.7330400138059918,-0.584960005605513,-0.5047700009134974,-0.6689076786141664,-2.319820385457026e-10,-5.6364761989046884e-11,-0.2016807553672821,-2.0736204871523323e-10,-4.1981271222204814e-11,0.3918488358603516,-5.100763327407537e-11,-1.096821991852803e-11,0.7765536399353556,3.617538918974147e-10,1.10046871619376e-10,-0.16700322059137057,-0.00397371591209241,-0.7399452481867185,-0.5877649615505044,-0.5052285926343386,-0.7173305841271245,-0.00011624278832082999,-2.830395703407915e-05,-0.2361715339224791,-0.0001036789903559756,-2.108278133880911e-05,0.43227388231109704,-2.5326578397990572e-05,-5.51182376992794e-06,0.8230142775304149,0.00018164503547149198,5.524664171751323e-05
92,True,0.9300000000000007,7.615689673986503,False,False,2.0865723214789654e-07,False,18.53274996392429,-0.15,0.0,-0.73304,-0.58496,-0.50477,-0.6593037214885955,0.0,0.0,-0.19447779111644667,0.0,0.0,0.3839255702280913,0.0,0.0,0.7675098319327732,0.0,0.0,-0.150000034006374,-7.947470488135766e-09,-0.7330400138104626,-0.5849600056099059,-0.5047700009171784,-0.6593038375420981,-2.324844206171928e-10,-5.6607467045538713e-11,-0.19447787450378806,-2.0734891952836794e-10,-4.216522534163862e-11,0.38392566692445523,-5.065133310336572e-11,-1.1023549365098476e-11,0.7675099429413484,3.632872358516094e-10,1.1049244974374074e-10,-0.16700290540480167,-0.003975939789451063,-0.7399474300825074,-0.5877671110836662,-0.5052303964778156,-0.7078779579619823,-0.00011652899481357103,-2.8433875495661367e-05,-0.22905165286661627,-0.00010370180348661627,-2.118024350217915e-05,0.42444948919470477,-2.5188689256663934e-05,-5.547731174278811e-06,0.8141367543662743,0.00018236271566177747,5.545463293247789e-05
93,True,0.9400000000000007,7.567208870677567,False,False,2.0916070962844334e-07,False,18.380708002950996,-0.15,0.0,-0.73304,-0.58496,-0.50477,-0.6496998799519809,0.0,0.0,-0.1872749099639856,0.0,0.0,0.3760024009603842,0.0,0.0,0.7584661344537815,0.0,0.0,-0.15000003400574366,-7.951895720885449e-09,-0.7330400138148265,-0.584960005614205,-0.5047700009207862,-0.6496999963079086,-2.3305673627668343e-10,-5.686727991784557e-11,-0.18727499351731497,-2.073977518044813e-10,-4.236013422288256e-11,0.3760024978543378,-5.037619599896834e-11,-1.1095341396748248e-11,0.758466245794759,3.647227279576521e-10,1.1090847198155871e-10,-0.16700255793457927,-0.003978119476263656,-0.7399495630601233,-0.5877692160634098,-0.5052321647210659,-0.6983661500855813,-0.00011684552560026668,-2.85710954060509e-05,-0.22188721041776008,-0.0001037493064264015,-2.128163402969395e-05,0.4165764710278162,-2.5085476851778836e-05,-5.5904824636251015e-06,0.8052033820880349,0.0001830346794157243,5.564885139391727e-05
94,True,0.9500000000000007,7.518779014895846,False,False,2.094582457976957e-07,False,18.626125005539507,-0.15,0.0,-0.73304,-0.58496,-0.50477,-0.6400960384153662,0.0,0.0,-0.18007202881152462,0.0,0.0,0.3680792316926771,0.0,0.0,0.7494224369747899,0.0,0.0,-0.1500000340050488,-7.956239148412814e-09,-0.7330400138190927,-0.5849600056184151,-0.5047700009243228,-0.6400961549553584,-2.3368971321035496e-10,-5.714169911777444e-11,-0.18007211244172505,-2.074948448059803e-10,-4.256290407132052e-11,0.36807932868695065,-5.017037287458233e-11,-1.118082498161282e-11,0.7494225485364423,3.6606677847957243e-10,1.112969460042028e-10,-0.16700216476299257,-0.00398025703055855,-0.7399516506759026,-0.5877712783935533,-0.5052338982726419,-0.6888112187299572,-0.00011718871789351096,-2.8714631434199395e-05,-0.21469059089898188,-0.00010381619375309707,-2.1385772328836064e-05,0.4086683244244344,-2.5012148132913976e-05,-5.639000020192283e-06,0.7962291708989802,0.00018366356936433992,5.5830123422700085e-05
95,True,0.9600000000000007,7.470474888758926,False,False,2.096060692930502e-07,False,17.0152920181863,-0.15,0.0,-0.73304,-0.58496,-0.50477,-0.6304921968787516,0.0,0.0,-0.17286914765906367,0.0,0.0,0.36015606242497,0.0,0.0,0.7403787394957984,0.0,0.0,-0.1500000340042626,-7.960502555748317e-09,-0.733040013823268,-0.5849600056225399,-0.50477000092779,-0.6304923135165639,-2.343760231195407e-10,-5.74287532201863e-11,-0.17286923130178578,-2.0762976964637785e-10,-4.2771172691633604e-11,0.3601561594492935,-5.002439790662916e-11,-1.1277844040523638e-11,0.740378851196432,3.6732467433952913e-10,1.1165952493538299e-10,-0.16700171553797333,-0.003982354154694392,-0.7399536957485329,-0.587773299675282,-0.5052355979677736,-0.6792249030827039,-0.00011755567639313141,-2.8863707392593857e-05,-0.20747080409840093,-0.00010389841500651468,-2.1491763535617678e-05,0.4007348573291068,-2.496497124032505e-05,-5.692447529602729e-06,0.7872251167485065,0.00018425157994419905,5.5999133992153057e-05
96,True,0.9700000000000008,7.422353357892375,False,False,2.096452320412183e-07,False,16.887584002688527,-0.15,0.0,-0.73304,-0.58496,-0.50477,-0.6208883553421369,0.0,0.0,-0.16566626650660263,0.0,0.0,0.3522328931572629,0.0,0.0,0.7313350420168068,0.0,0.0,-0.1500000340033643,-7.964689213713072e-09,-0.7330400138273583,-0.5849600056265826,-0.5047700009311894,-0.6208884720150002,-2.3510987326111083e-10,-5.7726889308756975e-11,-0.16566635011551167,-2.0779516475555315e-10,-4.2983149581532184e-11,0.35223299016099524,-4.9929972381287675e-11,-1.138472528615142e-11,0.7313351537967312,3.685008055805388e-10,1.1199757912533012e-10,-0.16700120230753113,-0.003984412276226185,-0.7399557005294115,-0.5877752812752645,-0.5052372645828624,-0.6696157479115814,-0.00011794410040483086,-2.9017709076206094e-05,-0.20023437542697703,-0.0001039928838020071,-2.1598932036431112e-05,0.39278316720437784,-2.4941032912469825e-05,-5.750174705494925e-06,0.7781992504347763,0.00018480055470553543,5.615645742294717e-05
97,True,0.9800000000000008,7.374458125671583,False,False,2.096055786303714e-07,False,17.21591700334102,-0.15,0.0,-0.73304,-0.58496,-0.50477,-0.6112845138055223,0.0,0.0,-0.15846338535414167,0.0,0.0,0.34430972388955583,0.0,0.0,0.7222913445378152,0.0,0.0,-0.15000003400233802,-7.968799715582509e-09,-0.7330400138313679,-0.5849600056305458,-0.5047700009345227,-0.6112846304677583,-2.358866606953997e-10,-5.803487850469845e-11,-0.15846346889595528,-2.079845426471768e-10,-4.319748291370189e-11,0.344309820836248,-4.9882031895342495e-11,-1.1500167635231605e-11,0.7222914563534031,3.695988602789215e-10,1.1231225748953386e-10,-0.16700061895408605,-0.003986432611998086,-0.7399576668377863,-0.5877772243795792,-0.505238898846979,-0.6599899555366802,-0.00011835214502881819,-2.9176146431521185e-05,-0.19298601193356557,-0.00010409724646323651,-2.170676868782131e-05,0.3848183681543964,-2.493804477299381e-05,-5.81167322236604e-06,0.7691574228644587,0.00018531206510262308,5.6302582209820553e-05
98,True,0.9900000000000008,7.326823278823444,False,False,2.09508739328725e-07,False,16.844375000800937,-0.15,0.0,-0.73304,-0.58496,-0.50477,-0.6016806722689076,0.0,0.0,-0.1512605042016807,0.0,0.0,0.33638655462184874,0.0,0.0,0.7132476470588236,0.0,0.0,-0.1500000340011715,-7.972835973889258e-09,-0.7330400138353006,-0.5849600056344322,-0.5047700009377913,-0.6016807888872423,-2.367026943374262e-10,-5.835174039109121e-11,-0.1512605876525298,-2.0819337084117175e-10,-4.341315394806454e-11,0.3363866514852817,-4.9875998008708884e-11,-1.1623154051069258e-11,0.7132477588781515,3.706219820517713e-10,1.1260453730072744e-10,-0.16699996074245443,-0.003988416217970969,-0.7399595961658403,-0.5877791300356234,-0.5052405014508298,-0.6503520244262382,-0.00011877831212437815,-2.9338623849414523e-05,-0.18572909973391916,-0.00010420970170063216,-2.1814889721540137e-05,0.37684413537778516,-2.4954191815203178e-05,-5.876542272321249e-06,0.7601038884057256,0.00018578747283788753,5.643793065908784e-05
99,True,1.0000000000000007,7.279475872673641,False,False,2.0937036067846885e-07,False,18.782875034958124,-0.15,0.0,-0.73304,-0.58496,-0.50477,-0.592076830732293,0.0,0.0,-0.14405762304921974,0.0,0.0,0.3284633853541417,0.0,0.0,0.704203949579832,0.0,0.0,-0.1500000339998553,-7.976798535938578e-09,-0.7330400138391594,-0.5849600056382436,-0.5047700009409967,-0.5920769472824495,-2.375549769644946e-10,-5.867668345969175e-11,-0.1440577063920076,-2.0841798608944775e-10,-4.362939480520773e-11,0.3284634821154475,-4.990989390234201e-11,-1.1752882620468159e-11,0.704204061379486,3.7157289490283643e-10,1.1287526328792848e-10,-0.16699922396061564,-0.0039903640284887475,-0.7399614897614764,-0.5877809991851336,-0.5052420730538558,-0.6407052039944351,-0.000119221363200952,-2.9504816423968152e-05,-0.17846606793360745,-0.00010432885811419646,-2.1923004284474885e-05,0.3688631026142149,-2.49880121032771e-05,-5.944461219071259e-06,0.7510417356933324,0.00018622798012487874,5.65628747214731e-05
100,True,1.0100000000000007,7.232437803599489,False,False,2.0920172743708267e-07,False,18.34049995522946,-0.15,0.0,-0.73304,-0.58496,-0.50477,-0.5824729891956784,0.0,0.0,-0.1368547418967587,0.0,0.0,0.32054021608643457,0.0,0.0,0.6951602521008403,0.0,0.0,-0.15000003399838194,-7.980691459248679e-09,-0.7330400138429467,-0.584960005641982,-0.5047700009441399,-0.5824731056598776,-2.3844103094424786e-10,-5.90090577245214e-11,-0.1368548251192458,-2.0865611971251138e-10,-4.3845623515898456e-11,0.3205403127320134,-4.9977623432686646e-11,-1.1888711854037134e-11,0.695160363863584,3.724540037009557e-10,1.1312517955941676e-10,-0.16699840565495358,-0.003992276885198212,-0.7399633486892586,-0.5877828326885208,-0.5052436142895065,-0.6310518382789269,-0.00011968025501692428,-2.9674452400393176e-05,-0.1711986544523309,-0.00010445362921868722,-2.2030890536995933e-05,0.36087714953364214,-2.503830799016955e-05,-6.015169421517754e-06,0.7419732042880725,0.00018663466695525624,5.667774773444889e-05
101,True,1.0200000000000007,7.185727195610627,False,False,2.0901096267736538e-07,False,18.59312498709187,-0.15,0.0,-0.73304,-0.58496,-0.50477,-0.5728691476590637,0.0,0.0,-0.12965186074429774,0.0,0.0,0.3126170468187275,0.0,0.0,0.6861165546218487,0.0,0.0,-0.15000003399674555,-7.984515117652469e-09,-0.7330400138466646,-0.5849600056456491,-0.5047700009472225,-0.5728692640242151,-2.3935876917395137e-10,-5.934831953272957e-11,-0.12965194383772083,-2.089054391307037e-10,-4.4061396211155434e-11,0.31261714333873875,-5.007818415319037e-11,-1.2030120304741326e-11,0.686116666334925,3.73267468827378e-10,1.1335495280466066e-10,-0.16699750343251707,-0.0039941555586948075,-0.7399651738759787,-0.5877846313431012,-0.5052451257692298,-0.6213936187587203,-0.00012015409110654499,-2.9847299959495184e-05,-0.16392810030695348,-0.0001045831548575077,-2.213837776239338e-05,0.35288761847827793,-2.510407946841142e-05,-6.0884510845908455e-06,0.7328999165627359,0.00018700851930895598,5.6782853315146393e-05
102,True,1.0300000000000007,7.139359374750052,False,False,2.088039108543255e-07,False,18.567707971669734,-0.15,0.0,-0.73304,-0.58496,-0.50477,-0.5632653061224491,0.0,0.0,-0.12244897959183679,0.0,0.0,0.30469387755102045,0.0,0.0,0.6770728571428573,0.0,0.0,-0.15000003399494136,-7.988270866836344e-09,-0.733040013850315,-0.5849600056492464,-0.5047700009502455,-0.5632654223788451,-2.4030639836965934e-10,-5.969400512361323e-11,-0.12244906254991444,-2.0916424084557132e-10,-4.4276371333413014e-11,0.30469397393830816,-5.020963063246124e-11,-1.2176676258522244e-11,0.6770729687967534,3.7401526228322476e-10,1.1356519042759854e-10,-0.16699651530942022,-0.003996000765226898,-0.7399669661457665,-0.5877863958971761,-0.5052466080855919,-0.6117317693499854,-0.00012064208396890271,-3.0023156901615588e-05,-0.15665528977698495,-0.00010471674050626724,-2.2245332548718544e-05,0.3448954643507532,-2.518447246288769e-05,-6.164123500496235e-06,0.7238230425656389,0.00018735045135005824,5.687847236109515e-05
103,True,1.0400000000000007,7.093347590787606,False,False,2.0858477071780065e-07,False,18.61741702305153,-0.15,0.0,-0.73304,-0.58496,-0.50477,-0.5536614645858344,0.0,0.0,-0.11524609843937582,0.0,0.0,0.2967707082833134,0.0,0.0,0.6680291596638657,0.0,0.0,-0.15000003399296535,-7.99196003126168e-09,-0.7330400138538997,-0.5849600056527756,-0.5047700009532102,-0.5536615807262154,-2.412823431720626e-10,-6.004571003216381e-11,-0.11524618125759548,-2.094311230379153e-10,-4.4490281945320067e-11,0.2967708045326313,-5.037029034973481e-11,-1.2328014213886884e-11,0.6680292712514095,3.746992127923003e-10,1.1375645421436232e-10,-0.16699543960583793,-0.003997813178359207,-0.7399687262445567,-0.5877881270598869,-0.5052480618145069,-0.6020671681581861,-0.0001211435287801409,-3.0201843475695303e-05,-0.14938085306462645,-0.00010485381505036535,-2.23516491809642e-05,0.3369013678786396,-2.527874284580568e-05,-6.242028867561995e-06,0.7147434329489856,0.00018766132085724696,5.696486792018859e-05
104,True,1.0500000000000007,7.047703510095916,False,False,2.0835655853118596e-07,False,18.7343749566935,-0.15,0.0,-0.73304,-0.58496,-0.50477,-0.5440576230492198,0.0,0.0,-0.10804321728691477,0.0,0.0,0.2888475390156062,0.0,0.0,0.658985462184874,0.0,0.0,-0.15000003399081419,-7.995583923246785e-09,-0.7330400138574199,-0.5849600056562381,-0.5047700009561178,-0.5440577390680821,-2.422851938066288e-10,-6.040307467934268e-11,-0.10804329996202407,-2.0970481034716763e-10,-4.47029165359734e-11,0.28884763512306966,-5.055870005220655e-11,-1.24838184943613e-11,0.6589855737005943,3.7532103602322744e-10,1.1392927034181884e-10,-0.16699427486274604,-0.003999593438279833,-0.7399704548595597,-0.5877898255090902,-0.5052494875170493,-0.5924004454963403,-0.00012165778210716745,-3.0383196565496722e-05,-0.1421052383974569,-0.0001049938970858335,-2.2457241970317645e-05,0.32890581178298567,-2.538622753652715e-05,-6.322027713219379e-06,0.7056617055842624,0.0001879419418628183,5.704228918264571e-05
105,True,1.0600000000000007,7.002437588968974,False,False,2.081214386483629e-07,False,18.934542022179812,-0.15,0.0,-0.73304,-0.58496,-0.50477,-0.5344537815126051,0.0,0.0,-0.1008403361344538,0.0,0.0,0.2809243697478992,0.0,0.0,0.6499417647058824,0.0,0.0,-0.15000003398848494,-7.999143724138347e-09,-0.7330400138608772,-0.584960005659635,-0.5047700009589693,-0.5344538974057058,-2.433136631627489e-10,-6.076577279822293e-11,-0.10084041866409689,-2.099844434346864e-10,-4.4914103686233275e-11,0.2809244657105889,-5.077354137713978e-11,-1.2643810106774422e-11,0.649941876145544,3.758823601224086e-10,1.1408413725836437e-10,-0.16699301978503367,-0.004001342158235439,-0.7399721526326725,-0.5877914918968247,-0.5052508857407597,-0.5827320564589347,-0.00012218424732504842,-3.0567065708304026e-05,-0.1348287650384308,-0.00010513657178186796,-2.2562039991185556e-05,0.3209091405325938,-2.5506324643327702e-05,-6.4039943762519355e-06,0.6965783067844987,0.00018819309336219156,5.711097423360987e-05
106,True,1.0700000000000007,6.957559317386204,False,False,2.078809663148666e-07,False,19.20137496199459,-0.15,0.0,-0.73304,-0.58496,-0.50477,-0.5248499399759905,0.0,0.0,-0.09363745498199286,0.0,0.0,0.27300120048019216,0.0,0.0,0.6408980672268908,0.0,0.0,-0.15000003398597503,-8.002640633497649e-09,-0.7330400138642729,-0.5849600056629679,-0.5047700009617657,-0.5248500557399969,-2.443665578590916e-10,-6.113350341766964e-11,-0.09363753736445246,-2.102691816236596e-10,-4.512370149097598e-11,0.2730012962958776,-5.1013619743804596e-11,-1.2807737692405088e-11,0.640898178587151,3.7638474316968075e-10,1.1422153109815923e-10,-0.16699167320027222,-0.004003059929270416,-0.7399738201703004,-0.5877931268533539,-0.5052522570206479,-0.5730623342391058,-0.00012272236388945795,-3.075331016483437e-05,-0.12755166044486177,-0.00010528147396537633,-2.2665983234469273e-05,0.3129115978426607,-2.5638478901179927e-05,-6.48781369296174e-06,0.6874935591893863,0.00018841552576605425,5.7171152094393326e-05
107,True,1.0800000000000007,6.913077410124575,False,False,2.076362624928038e-07,False,19.559959007892758,-0.15,0.0,-0.73304,-0.58496,-0.50477,-0.5152460984393759,0.0,0.0,-0.08643457382953189,0.0,0.0,0.2650780312124851,0.0,0.0,0.6318543697478992,0.0,0.0,-0.15000003398328213,-8.006075981857597e-09,-0.7330400138676081,-0.584960005666238,-0.5047700009645084,-0.5152462140716214,-2.454427568577156e-10,-6.150598505847002e-11,-0.0864346560635454,-2.1055834013199506e-10,-4.533158992224475e-11,0.2650781268794236,-5.12779275285832e-11,-1.297537089471406e-11,0.6318544810260601,3.7682968605321637e-10,1.1434190998405513e-10,-0.16699023402534666,-0.004004747324104261,-0.7399754580513561,-0.5877947309904862,-0.5052536018800431,-0.5633915160216364,-0.0001232715984353546,-3.094179648494073e-05,-0.12027408600886502,-0.00010542827432288499,-2.2769019469279035e-05,0.30491335858942664,-2.5782169696596247e-05,-6.57337826873204e-06,0.6784076963041187,0.0001886099663303061,5.72230444416989e-05
108,True,1.0900000000000007,6.868999933898729,False,False,2.0738813001943011e-07,False,19.29045800352469,-0.15,0.0,-0.73304,-0.58496,-0.50477,-0.5056422569027612,0.0,0.0,-0.07923169267707084,0.0,0.0,0.25715486194477793,0.0,0.0,0.6228106722689075,0.0,0.0,-0.15000003398040404,-8.009450915003047e-09,-0.7330400138708839,-0.5849600056694463,-0.5047700009671982,-0.5056423724010538,-2.4654119311394787e-10,-6.188295078327294e-11,-0.07923177476169849,-2.1085127231441209e-10,-4.553766447650269e-11,0.25715495746157674,-5.156541877114661e-11,-1.3146494904451851e-11,0.6228107834627378,3.772186433657551e-10,1.1444571725987293e-10,-0.16698870124720946,-0.004006404899446106,-0.7399770668319632,-0.5877963049035823,-0.5052549208311654,-0.5537197714206971,-0.00012383143967913647,-3.1132397115927184e-05,-0.1129961573367676,-0.00010557667141036488,-2.28711024301694e-05,0.2969145484824269,-2.593690416522395e-05,-6.66058690879362e-06,0.6693208874046219,0.00018877712226117032,5.72668665923565e-05
109,True,1.1000000000000008,6.825334380461351,False,False,2.0713714666528105e-07,False,19.824499962851405,-0.15,0.0,-0.73304,-0.58496,-0.50477,-0.4960384153661465,0.0,0.0,-0.07202881152460987,0.0,0.0,0.24923169267707085,0.0,0.0,0.6137669747899159,0.0,0.0,-0.15000003397733874,-8.012766656781412e-09,-0.7330400138741016,-0.5849600056725942,-0.5047700009698362,-0.4960385307286334,-2.476608442251397e-10,-6.226414547253097e-11,-0.07202889345914332,-2.1114769139943604e-10,-4.5741832606929983e-11,0.24923178804258778,-5.1875086769448886e-11,-1.3320907312931317e-11,0.6137670858975239,3.775530296116613e-10,1.1453338359104434e-10,-0.1669870739077572,-0.004008033197849667,-0.739978647049187,-0.587797849173177,-0.5052562143756137,-0.5440472268622952,-0.00012440139435299652,-3.132498929171298e-05,-0.10571795695042321,-0.00010572638533921684,-2.2972190384687856e-05,0.2889152549082883,-2.6102211683118227e-05,-6.749343363698936e-06,0.660233255492362,0.0001889176832537854,5.730282830940254e-05
110,True,1.1100000000000008,6.782087746703876,False,False,2.0688373013339566e-07,False,19.691916008014232,-0.15,0.0,-0.73304,-0.58496,-0.50477,-0.4864345738295319,0.0,0.0,-0.06482593037214891,0.0,0.0,0.24130852340936382,0.0,0.0,0.6047232773109245,0.0,0.0,-0.15000003397408435,-8.01602396006268e-09,-0.733040013877262,-0.5849600056756827,-0.5047700009724233,-0.486434689054613,-2.48800723513104e-10,-6.264932356800455e-11,-0.06482601215604467,-2.1144652685939434e-10,-4.594401084351187e-11,0.2413086186226324,-5.220583674018196e-11,-1.3498415610739372e-11,0.6047233883306636,3.7783422424846405e-10,1.1460532850282373e-10,-0.1669853510915947,-0.004009632749245061,-0.7399801992240835,-0.5877993643663294,-0.5052574830047949,-0.5343739755544187,-0.00012498098382839187,-3.151945410943048e-05,-0.0984395446057769,-0.00010587715262993686,-2.3072244966382145e-05,0.2809155413086108,-2.6277639344532217e-05,-6.839555298689411e-06,0.6511448902360831,0.00018903232363989267,5.733113448457806e-05
111,True,1.1200000000000008,6.73926657870003,False,False,2.066281840455682e-07,False,21.62808401044458,-0.15,0.0,-0.73304,-0.58496,-0.50477,-0.4768307322929173,0.0,0.0,-0.05762304921968796,0.0,0.0,0.23338535414165676,0.0,0.0,0.5956795798319329,0.0,0.0,-0.15000003397063896,-8.019228556373215e-09,-0.7330400138803664,-0.5849600056787132,-0.5047700009749606,-0.47683084737917725,-2.4995987365442757e-10,-6.303824727027594e-11,-0.057623130852519924,-2.117430962148394e-10,-4.6144122445063336e-11,0.23338544920183762,-5.255523248784053e-11,-1.3678835117588459e-11,0.5956796907623357,3.780635758068255e-10,1.1466196179652725e-10,-0.16698353191662024,-0.004011204072170449,-0.739981723864116,-0.5878008510377165,-0.5052587272002951,-0.5247000833070989,-0.0001255697414060245,-3.171567578779913e-05,-0.09116096358816465,-0.00010602872216412235,-2.317123025813983e-05,0.27291545465017997,-2.6462748381388254e-05,-6.931133477840504e-06,0.6420558572988211,0.00018912170414212524,5.735198569642093e-05
112,True,1.1300000000000008,6.696876997835066,False,False,2.0637073178014479e-07,False,21.16362500237301,-0.15,0.0,-0.73304,-0.58496,-0.50477,-0.4672268907563026,0.0,0.0,-0.0504201680672269,0.0,0.0,0.2254621848739496,0.0,0.0,0.5866358823529412,0.0,0.0,-0.1500000339670009,-8.022372790378318e-09,-0.7330400138834158,-0.5849600056816867,-0.5047700009774491,-0.46722700570246073,-2.5113736123235503e-10,-6.343068502086616e-11,-0.050420249548658765,-2.1204596969092143e-10,-4.634209558657858e-11,0.2254622797802966,-5.292559506227105e-11,-1.3861987351778131e-11,0.5866359931926722,3.7824240595629895e-10,1.1470368463373497e-10,-0.16698161553060595,-0.004012747674317331,-0.7399832214641281,-0.5878023097301552,-0.5052599474341287,-0.5150256006817476,-0.00012616721136605644,-3.191354140974281e-05,-0.08388224569724477,-0.00010618085370303078,-2.326911246163852e-05,0.26491502943924905,-2.665711285330341e-05,-7.023991467795583e-06,0.6329662050589993,0.00018918647252995536,5.736557842056698e-05
113,True,1.1400000000000008,6.654924726871925,False,False,2.0611153638950042e-07,False,21.101584017742425,-0.15,0.0,-0.73304,-0.58496,-0.50477,-0.45762304921968794,0.0,0.0,-0.043217286914765944,0.0,0.0,0.21753901560624256,0.0,0.0,0.5775921848739496,0.0,0.0,-0.1500000339631684,-8.025462223601454e-09,-0.733040013886411,-0.5849600056846042,-0.5047700009798896,-0.45762316402456304,-2.5233227478522503e-10,-6.382641094658135e-11,-0.043217368244523324,-2.1235053429199957e-10,-4.653786262739457e-11,0.21753911035807916,-5.331467182000788e-11,-1.4047699440660117e-11,0.5775922956217693,3.7837201012874515e-10,1.1473088999707686e-10,-0.1669795930240909,-0.004014264067642769,-0.739984692535603,-0.5878037409890807,-0.5052611441721729,-0.5053505646980434,-0.00012677291158065768,-3.2112929214400764e-05,-0.07660341433042311,-0.00010633326463661637,-2.33658455747176e-05,0.25691429258346576,-2.6860271681469345e-05,-7.118032631131359e-06,0.623875969665097,0.00018922728766974662,5.7372113508816704e-05
114,True,1.1500000000000008,6.613415096075504,False,False,2.0585078657858047e-07,False,21.181083982810378,-0.15,0.0,-0.73304,-0.58496,-0.50477,-0.44801920768307335,0.0,0.0,-0.03601440576230499,0.0,0.0,0.2096158463385355,0.0,0.0,0.568548487394958,0.0,0.0,-0.15000003395912367,-8.028497619320951e-09,-0.7330400138893532,-0.5849600056874668,-0.5047700009822831,-0.4480193223455578,-2.535436501320456e-10,-6.42251815694949e-11,-0.03601448694015818,-2.1265626874722183e-10,-4.673133161700268e-11,0.2096159409352416,-5.372158299536255e-11,-1.42357781362086e-11,0.5685485980498264,3.7845370611769465e-10,1.1474397953602396e-10,-0.1669774133214343,-0.004015753806420352,-0.7399861376797263,-0.5878051453989789,-0.5052623178826307,-0.49567500572097695,-0.00012738623878061586,-3.231367875465995e-05,-0.06932448703115678,-0.0001064854969441979,-2.346133535215194e-05,0.2489132639308688,-2.707160805551904e-05,-7.213117185812117e-06,0.6147851790857012,0.0001892448808338773,5.737181792107184e-05
115,True,1.1600000000000008,6.572353054374588,False,False,2.0558837737976115e-07,False,21.34908299194649,-0.15,0.0,-0.73304,-0.58496,-0.50477,-0.4384153661464586,0.0,0.0,-0.02881152460984393,0.0,0.0,0.20169267707082833,0.0,0.0,0.5595047899159663,0.0,0.0,-0.15000003395476472,-8.031475859371362e-09,-0.7330400138922436,-0.5849600056902756,-0.5047700009846307,-0.4384154806655122,-2.5477028112500487e-10,-6.462667610806529e-11,-0.028811605635614933,-2.1295946901539117e-10,-4.692231421932116e-11,0.20169277151180456,-5.414281771808386e-11,-1.4425943997172083e-11,0.5595049004765547,3.784889562950377e-10,1.1474340716536831e-10,-0.16697498840997904,-0.004017217423135879,-0.7399875574600966,-0.5878065235210785,-0.5052634690219253,-0.4859989461497802,-0.00012800663262285328,-3.2515642548366154e-05,-0.06204547753790898,-0.00010663715328095647,-2.355550328871287e-05,0.2409119583486074,-2.729056093846211e-05,-7.309119972977603e-06,0.6056938546060738,0.00018923995103492394,5.736490770504331e-05
116,True,1.1700000000000008,6.531743177221936,False,False,2.0532450749629368e-07,False,21.394999988842756,-0.15,0.0,-0.73304,-0.58496,-0.50477,-0.428811524609844,0.0,0.0,-0.021608643457382972,0.0,0.0,0.19376950780312127,0.0,0.0,0.5504610924369748,0.0,0.0,-0.1500000339499156,-8.034404772559733e-09,-0.7330400138950832,-0.5849600056930319,-0.5047700009869329,-0.4288116389844603,-2.560110468887919e-10,-6.503059954410511e-11,-0.02160872433089428,-2.132635686834727e-10,-4.7110653347007736e-11,0.19376960208782892,-5.458081608680494e-11,-1.4617946660093115e-11,0.5504612029022912,3.7847915865816054e-10,1.1472960496678071e-10,-0.1669722823077415,-0.004018655350626016,-0.7399889522487708,-0.5878078758179498,-0.5052645980176204,-0.47632240447398544,-0.00012863378099753817,-3.271875059693588e-05,-0.05476639677509189,-0.00010678818266679232,-2.3648363844384795e-05,0.23291038734691855,-2.7516885134244937e-05,-7.406001303388227e-06,0.596602011306218,0.00018921303098893817,5.735154063399279e-05
117,True,1.1800000000000008,6.491589673208412,False,False,2.050591880272954e-07,False,27.750124980229884,-0.15,0.0,-0.73304,-0.58496,-0.50477,-0.41920768307322936,0.0,0.0,-0.014405762304922012,0.0,0.0,0.1858463385354142,0.0,0.0,0.5414173949579832,0.0,0.0,-0.15000003394450415,-8.037282349208918e-09,-0.7330400138978729,-0.5849600056957366,-0.504770000989191,-0.4192077973024449,-2.5726532254348455e-10,-6.543681167672094e-11,-0.014405843026032789,-2.1356790007266355e-10,-4.729637768737427e-11,0.1858464326633204,-5.503315402875602e-11,-1.481170651742718e-11,0.5414175053270028,3.784253791675341e-10,1.1470288860572367e-10,-0.16696928112905457,-0.004020068014822191,-0.7399903224077536,-0.587809202743081,-0.5052657052890113,-0.46664539656179077,-0.00012926738694674498,-3.2922937033332783e-05,-0.047487253466638284,-0.00010693854682461646,-2.3739934078372475e-05,0.2249085604760016,-2.7750351674245165e-05,-7.503725165099598e-06,0.5875096564534784,0.0001891646362193969,5.733186895799169e-05
118,True,1.1900000000000008,6.451896387675756,False,False,2.0479244928888483e-07,False,28.532041993457824,-0.15,0.0,-0.73304,-0.58496,-0.50477,-0.4096038415366148,0.0,0.0,-0.007202881152461054,0.0,0.0,0.17792316926770718,0.0,0.0,0.5323736974789917,0.0,0.0,-0.15000003393850264,-8.04010878534267e-09,-0.7330400139006132,-0.5849600056983905,-0.5047700009914056,-0.4096039556194973,-2.5853251410892265e-10,-6.584518077534882e-11,-0.007202961721046647,-2.1386966538570508e-10,-4.747952133857909e-11,0.17792326323829954,-5.5500140436524166e-11,-1.5007151533257283e-11,0.532373807750694,3.7832864889942447e-10,1.1466356268879756e-10,-0.16696598036902083,-0.004021455848960193,-0.739991668318561,-0.5878105047551637,-0.5052667912504996,-0.4569679330004719,-0.00012990712799975285,-3.3128127355399323e-05,-0.04020805501772564,-0.00010708816370682682,-2.383021838522796e-05,0.21690648603018722,-2.7990696331992736e-05,-7.602245203580917e-06,0.5784168004349417,0.00018909529195374218,5.730604888256453e-05
119,True,1.2000000000000008,6.416956717888959,False,False,0.016475764940514726,False,28.104625002015382,-0.15,0.0,-0.73304,-0.58496,-0.50477,-0.4,0.0,0.0,0.0,0.0,0.0,0.17,0.0,0.0,0.52333,0.0,0.0,-0.15000003393189287,-8.042908799035797e-09,-0.7330400139033089,-0.5849600057009982,-0.5047700009935806,-0.4000001139441785,-2.598137364430951e-10,-6.625612219784104e-11,-0.01104557087640794,0.0007994690339547233,-4.766034145304871e-11,0.1821905707222779,0.0004438795914145081,-1.520445999700739e-11,0.5233301101404505,3.7818982751773415e-10,1.1461186853907717e-10,-0.16696150032583562,-0.004022788472986481,-0.7399929252751253,-0.587811756854722,-0.5052678510111903,-0.4472900388574325,-0.00013063759330818295,-3.335752113823406e-05,-0.03372602853381289,-8.518622395330959e-05,-2.3925656434116298e-05,0.2097840360337497,-2.5007066576686566e-05,-7.722960030942447e-06,0.5693234767327379,0.00018894998422541525,5.7256714135587595e-05
