frame,scored,sim_time,min_distance_measured_mm,measured_collision,measured_margin_violation,modification_rad,fallback,total_safety_time_ms,q_nominal.right_wrist,q_nominal.right_thumb_mcp,q_nominal.right_thumb_abd,q_nominal.right_thumb_pip,q_nominal.right_thumb_dip,q_nominal.right_index_abd,q_nominal.right_index_mcp,q_nominal.right_index_pip,q_nominal.right_middle_abd,q_nominal.right_middle_mcp,q_nominal.right_middle_pip,q_nominal.right_ring_abd,q_nominal.right_ring_mcp,q_nominal.right_ring_pip,q_nominal.right_pinky_abd,q_nominal.right_pinky_mcp,q_nominal.right_pinky_pip,q_safe.right_wrist,q_safe.right_thumb_mcp,q_safe.right_thumb_abd,q_safe.right_thumb_pip,q_safe.right_thumb_dip,q_safe.right_index_abd,q_safe.right_index_mcp,q_safe.right_index_pip,q_safe.right_middle_abd,q_safe.right_middle_mcp,q_safe.right_middle_pip,q_safe.right_ring_abd,q_safe.right_ring_mcp,q_safe.right_ring_pip,q_safe.right_pinky_abd,q_safe.right_pinky_mcp,q_safe.right_pinky_pip,q_measured.right_wrist,q_measured.right_thumb_mcp,q_measured.right_thumb_abd,q_measured.right_thumb_pip,q_measured.right_thumb_dip,q_measured.right_index_abd,q_measured.right_index_mcp,q_measured.right_index_pip,q_measured.right_middle_abd,q_measured.right_middle_mcp,q_measured.right_middle_pip,q_measured.right_ring_abd,q_measured.right_ring_mcp,q_measured.right_ring_pip,q_measured.right_pinky_abd,q_measured.right_pinky_mcp,q_measured.right_pinky_pip
0,True,0.01,6.228385962484579,False,False,0.0,False,29.23616603948176,-0.15,0.0,-0.73304,-0.58496,-0.50477,-0.4,0.0,0.0,0.0,0.0,0.0,0.17,0.0,0.0,0.52333,0.0,0.0,-0.15,0.0,-0.73304,-0.58496,-0.50477,-0.4,0.0,0.0,0.0,0.0,0.0,0.17,0.0,0.0,0.52333,0.0,0.0,-0.1504636294717452,-0.00024913347586931196,-0.733488708629297,-0.5851219546970908,-0.5047744998339302,-0.40023331337118867,-2.4794459782912207e-05,-1.2086908669606811e-06,1.9421818310665445e-08,-3.829584200719741e-05,-1.202505450442284e-06,0.170156837943458,-2.8209428762938118e-05,-1.017519327709447e-06,0.5236657896662829,-6.383528447448374e-07,-2.4370657384594807e-07
1,True,0.020000000000000004,6.229587127671292,False,False,1.235741518647328e-07,False,28.49295799387619,-0.15,0.008499068861077364,-0.7180382298447769,-0.5624328790337773,-0.46786893508941646,-0.4,0.0,0.0,-0.009251749888924327,0.03692980383446175,0.013532526818352899,0.17,0.0,0.0,0.52333,0.0,0.0,-0.1500000009259819,0.008499051387659029,-0.7180382607031772,-0.5624329243494331,-0.46786900879889215,-0.4000000004664995,-4.957072518983101e-11,-2.414052479694995e-12,-0.009251731386646924,0.03692972999800408,0.013532499788171956,0.17000000031290807,-5.779225393327727e-11,-2.032235969997865e-12,0.523330000669403,-1.2749473914911732e-12,-4.867418749345399e-13,-0.1514398284015252,-0.00023188910310796681,-0.7333157556839273,-0.5838029332597733,-0.5019600157806889,-0.4006647180139505,-4.8679670998642736e-05,-3.5472221174172833e-06,-0.000631427828171988,0.002617043606125586,0.0009758164329622506,0.17044926929612078,-5.4439050624821004e-05,-2.984345761796707e-06,0.5242843426672688,-2.2215344660824677e-06,-8.006017003747517e-07
2,True,0.030000000000000013,6.230469211689855,False,False,2.386743509323132e-07,False,28.770375007297844,-0.15,0.01699813772215473,-0.7030364596895537,-0.5399057580675545,-0.43096787017883287,-0.4,0.0,0.0,-0.018503499777848653,0.0738596076689235,0.027065053636705798,0.17,0.0,0.0,0.52333,0.0,0.0,-0.15000000287696608,0.016998103284422673,-0.703036520207239,-0.5399058458033978,-0.43096801206908736,-0.40000000132934227,-9.734066237245247e-11,-7.087998080076996e-12,-0.018503464034941255,0.07385946527638218,0.02706500149286879,0.17000000089779893,-1.1014021306451774e-10,-5.963269968172299e-12,0.523330001905996,-4.438705616778495e-12,-1.5996684974372254e-12,-0.152686550993025,0.0007477803813609465,-0.7312912320730574,-0.5795025742857672,-0.4940490031405808,-0.4011385434340323,-6.405787028359144e-05,-6.2967240001844965e-06,-0.0024673129298946454,0.010279523874296929,0.0037763356747696534,0.17077294279456168,-7.043242114449517e-05,-5.285529647742266e-06,0.5249613885639944,-4.2259279992349035e-06,-1.4777736019327782e-06
3,True,0.04000000000000002,6.230787345211002,False,False,3.372033428223325e-07,False,28.381334035657346,-0.15,0.025497206583232096,-0.6880346895343306,-0.5173786371013316,-0.3940668052682493,-0.4,0.0,0.0,-0.02775524966677298,0.11078941150338524,0.0405975804550587,0.17,0.0,0.0,0.52333,0.0,0.0,-0.1500000053696622,0.02549715710416405,-0.6880347760115496,-0.517378761298826,-0.39406700515251,-0.4000000022770387,-1.2811310443495288e-10,-1.2585860502695048e-11,-0.027755199092034038,0.11078921056272771,0.04059750684223406,0.17000000154525208,-1.419534925126446e-10,-1.0564708908759456e-11,0.5233300032601558,-8.446326152933823e-12,-2.9536787789760844e-12,-0.1540718257665577,0.00296989731216945,-0.7270266244961403,-0.5718771529385136,-0.48067700464042645,-0.4015805493733928,-7.554211143934185e-05,-9.028938497612473e-06,-0.005653213446188448,0.02340953818883056,0.00857549091108262,0.1710768394873438,-8.175194996924388e-05,-7.534453324977667e-06,0.5255911611637204,-6.039818390605215e-06,-2.0792434758546437e-06
4,True,0.05000000000000003,6.230575608455009,False,False,4.1751634768568316e-07,False,29.21320899622515,-0.15,0.03399627544430946,-0.6730329193791075,-0.4948515161351088,-0.3571657403576657,-0.4,0.0,0.0,-0.037006999555697306,0.147719215337847,0.054130107273411596,0.17,0.0,0.0,0.52333,0.0,0.0,-0.15000000813982514,0.03399621340802197,-0.67303302733677,-0.49485167014508824,-0.35716598731498517,-0.4000000031610987,-1.5108367395968037e-10,-1.8050326112809857e-11,-0.03700693684914015,0.1477189667828436,0.05413001618838162,0.17000000215317285,-1.6438540510906562e-10,-1.5062691006729198e-11,0.5233300045200221,-1.2074623644488963e-11,-4.156824333564088e-12,-0.15551805975994445,0.006439976514184111,-0.7205920982009929,-0.5611528907845325,-0.4623343660277871,-0.4019610307762995,-8.471756308640114e-05,-1.1524064857583087e-05,-0.01010899670131531,0.04158826699663093,0.015219567474387614,0.1713397938457222,-9.029680750198466e-05,-9.52769945023845e-06,0.5261320515994597,-7.285132305352112e-06,-2.488678925305977e-06
5,True,0.06000000000000004,6.2299992084208204,False,False,4.809783830253305e-07,False,28.08175003156066,-0.15,0.04249534430538682,-0.6580311492238844,-0.472324395168886,-0.3202646754470821,-0.4,0.0,0.0,-0.046258749444621626,0.18464901917230872,0.06766263409176448,0.17,0.0,0.0,0.52333,0.0,0.0,-0.15000001103211968,0.04249527220777215,-0.6580312743219685,-0.472324572793059,-0.32026495953485135,-0.40000000392210444,-1.6943281584062657e-10,-2.3041220952821915e-11,-0.046258677146016905,0.18464873310148958,0.06766252922478722,0.1700000026792026,-1.812765211919344e-10,-1.9049878502723407e-11,0.5233300056022009,-1.456681032053201e-11,-4.976221772546549e-12,-0.15697528992095633,0.011029691890154956,-0.7122558032114095,-0.5477745883770365,-0.4398013889937674,-0.40227339772675835,-9.218347752470533e-05,-1.3694589285310024e-05,-0.015662100277301656,0.06406869482696323,0.023433930570925125,0.17155651700507427,-9.678272046445503e-05,-1.1185233880423592e-05,0.5265753855151444,-7.802361021998233e-06,-2.659196039936883e-06
6,True,0.07000000000000005,6.229265508297839,False,False,5.30074543812764e-07,False,28.181833040434867,-0.15,0.05099441316646419,-0.6430293790686612,-0.44979727420266324,-0.2833636105364985,-0.4,0.0,0.0,-0.05551049933354596,0.22157882300677048,0.0811951609101174,0.17,0.0,0.0,0.52333,0.0,0.0,-0.15000001394654391,0.05099433324713784,-0.6430295175028997,-0.4497974701317365,-0.2833639233719113,-0.4000000045468704,-1.8436256315264733e-10,-2.7383153917656146e-11,-0.055510419637545494,0.22157850802553936,0.08119504540251501,0.17000000311275287,-1.9407446147107904e-10,-2.2365864089357568e-11,0.5233300064892568,-1.5603268229877863e-11,-5.317912448154485e-12,-0.158408324922391,0.016560217090131342,-0.7023449753233334,-0.5322307175719152,-0.41388502545782513,-0.4025220742474789,-9.824283445862154e-05,-1.5527520595039742e-05,-0.022117205644118763,0.09004757661305428,0.0329242123099741,0.17172950784503047,-0.00010157463299787193,-1.2498418317919993e-05,0.5269279692784007,-7.575182077792197e-06,-2.5883744808706366e-06
7,True,0.08000000000000006,6.228576103927111,False,False,5.67483536536285e-07,False,28.063290985301137,-0.15,0.05949348202754155,-0.628027608913438,-0.4272701532364404,-0.2464625456259149,-0.4,0.0,0.0,-0.06476224922247029,0.2585086268412322,0.09472768772847029,0.17,0.0,0.0,0.52333,0.0,0.0,-0.15000001681267475,0.05949339616861418,-0.6280277575338713,-0.4272703631379423,-0.24646288043999223,-0.4000000050442425,-1.9647988737294536e-10,-3.104993773013942e-11,-0.06476216393308917,0.25850828994866615,0.09472756413288458,0.1700000034588191,-2.0351357665066017e-10,-2.4993174816935948e-11,0.523330007194765,-1.515095869571777e-11,-5.176933397414772e-12,-0.15979087907910575,0.022847835222735577,-0.6911772309911738,-0.5149735767496547,-0.38530875574956064,-0.4027158967646403,-0.00010311617422735426,-1.7047380058396485e-05,-0.02928984252477594,0.1187878310018475,0.04342114194125499,0.17186453142095234,-0.00010494219588917679,-1.3494966555060664e-05,0.52720267024778,-6.664995838830273e-06,-2.297595116463029e-06
8,True,0.09000000000000007,6.228105126142522,False,False,5.956630876021344e-07,False,27.965917019173503,-0.15,0.06799255088861891,-0.6130258387582149,-0.40474303227021763,-0.20956148071533132,-0.4,0.0,0.0,-0.07401399911139461,0.295438430675694,0.10826021454682319,0.17,0.0,0.0,0.52333,0.0,0.0,-0.15000001957791637,0.0679924606047827,-0.6130259950501415,-0.40474325271637096,-0.2095618321862817,-0.40000000543187797,-2.0622546328767904e-10,-3.4090511656810745e-11,-0.07401390966365622,0.2954380773967884,0.10826008487728656,0.1700000037288853,-2.101089745574049e-10,-2.698713819147651e-11,0.5233300077444065,-1.3332468420735645e-11,-4.595980810623399e-12,-0.1611030441168542,0.02972618006776815,-0.6790309485440289,-0.4963891123554231,-0.35467754819450564,-0.4028646938281341,-0.00010699756086642223,-1.829455573553972e-05,-0.037020214163496636,0.14966337249506134,0.05469658499043399,0.17196821342911306,-0.0001071250153118692,-1.4217926232344979e-05,0.527413597522077,-5.16738334556848e-06,-1.8185184095652103e-06
9,True,0.10000000000000007,6.227992734596961,False,False,6.166995201159041e-07,False,27.833917003590614,-0.15,0.07649161974969627,-0.5980240686029918,-0.3822159113039948,-0.17266041580474772,-0.4,0.0,0.0,-0.08326574900031894,0.3323682345101557,0.12179274136517608,0.17,0.0,0.0,0.52333,0.0,0.0,-0.1500000222024348,0.07649152622299953,-0.5980242306085739,-0.3822161396390962,-0.17266077982103964,-0.4000000057294306,-2.1398849855166872e-10,-3.6585608024011784e-11,-0.0832656565097136,0.33236786911713095,0.12179260717933968,0.1700000039362737,-2.1437486891716633e-10,-2.8433807142897783e-11,0.5233300081664648,-1.0338865098485776e-11,-3.638347211366627e-12,-0.16233021142591583,0.03705485372878388,-0.6661363866370087,-0.4767914071704956,-0.32247744390005134,-0.4029776596600111,-0.00011006364340639229,-1.931349723747745e-05,-0.04517669991339445,0.18216581315043637,0.06656563788972733,0.17204685777657172,-0.00010834211522449444,-1.4714051076916868e-05,0.5275738480800016,-3.186711081718354e-06,-1.1852525062509271e-06
10,True,0.11000000000000008,6.228346440215936,False,False,6.322850659512381e-07,False,27.9549999977462,-0.15,0.08499068861077363,-0.5830222984477686,-0.359688790337772,-0.13575935089416413,-0.4,0.0,0.0,-0.09251749888924325,0.36929803834461744,0.13532526818352897,0.17,0.0,0.0,0.52333,0.0,0.0,-0.1500000246569983,0.08499059274222412,-0.5830224646698168,-0.35968902453448015,-0.1357597243166737,-0.40000000595536234,-2.201222685030424e-10,-3.8624114692844104e-11,-0.0925174042081722,0.369297664092904,0.13532513066911867,0.17000000409375876,-2.167170082035012e-10,-2.9426678741704916e-11,0.52333000848728,-6.3788571160819656e-12,-2.3722420247639287e-12,-0.1634625158484749,0.04472065857048563,-0.6526770567883022,-0.4564283840639814,-0.2890892719365996,-0.40306270447527204,-0.00011247205883023379,-2.0146755161028527e-05,-0.05365438155639103,0.21589413527905993,0.07888261324313718,0.17210594742074706,-0.0001087892058946322,-1.502788045988587e-05,0.5276946330065948,-8.228187612429963e-07,-4.3026015817248924e-07
11,True,0.12000000000000009,6.229245789406502,False,False,6.437539449902316e-07,False,27.383541979361326,-0.15,0.093489757471851,-0.5680205282925456,-0.33716166937154923,-0.09885828598358054,-0.4,0.0,0.0,-0.10176924877816758,0.40622784217907915,0.14885779500188187,0.17,0.0,0.0,0.52333,0.0,0.0,-0.1500000269218635,0.09348965993594478,-0.5680206976010216,-0.33716190789854933,-0.09885866643512953,-0.40000000612542413,-2.2493922143766026e-10,-4.029113791532307e-11,-0.10176915254886583,0.4062274615210879,0.14885765505514154,0.17000000421192085,-2.1760499550546337e-10,-3.005483764185817e-11,0.5233300087289452,-1.6521359506513683e-12,-8.625951485397334e-13,-0.16449438643035721,0.05263522946894905,-0.6387955055435589,-0.4354916799432074,-0.2548065203239666,-0.4031263097102618,-0.0001143594892225567,-2.083230736444064e-05,-0.06237151228807222,0.250538250300393,0.09153490163495878,0.17215000867536354,-0.0001086359668260529,-1.5199073506367557e-05,0.5277851069208314,1.835078175437288e-06,4.175123787526726e-07
12,True,0.1300000000000001,6.2307479423777705,False,False,6.521364498852924e-07,False,27.239999966695905,-0.15,0.10198882633292838,-0.5530187581373224,-0.3146345484053264,-0.06195722107299689,-0.4,0.0,0.0,-0.11102099866709192,0.44315764601354096,0.1623903218202348,0.17,0.0,0.0,0.52333,0.0,0.0,-0.1500000289858768,0.10198872762741024,-0.553018929687393,-0.3146347901147317,-0.0619576067636225,-0.4000000062526168,-2.2871436077779184e-10,-4.1662645833544665e-11,-0.11102090136848203,0.4431572607816934,0.16239018011209888,0.17000000430003148,-2.1729356135876277e-10,-3.0397615363551714e-11,0.5233300089099676,3.662838652134629e-12,8.326913486626458e-13,-0.16542405052537756,0.06073124395367858,-0.6246004123307372,-0.4141272163311001,-0.21985281514583246,-0.403173622539941,-0.00011584139188665026,-2.140265012006986e-05,-0.07126545334964501,0.2858617780100719,0.10443663512735003,0.17218265431381252,-0.0001080255977477364,-1.5261507976127747e-05,0.5278525240830046,4.710483158754243e-06,1.3332735630908715e-06
13,True,0.1400000000000001,6.232892931233219,False,False,6.582178558926897e-07,False,26.840124977752566,-0.15,0.11048789519400574,-0.5380169879820993,-0.2921074274391036,-0.0250561561624133,-0.4,0.0,0.0,-0.12027274855601625,0.4800874498480027,0.1759228486385877,0.17,0.0,0.0,0.52333,0.0,0.0,-0.15000003084548238,0.11048779568196646,-0.538017161146383,-0.2921076714749955,-0.02505654574959601,-0.4000000063472877,-2.3167824913562524e-10,-4.2803645949386106e-11,-0.12027265054165208,0.4800870614017553,0.17592270566818158,0.17000000436535675,-2.1606978704879262e-10,-3.052278318399601e-11,0.5233300090448924,9.413038876429582e-12,2.6640230567948634e-12,-0.16625295928417738,0.0689583872898103,-0.6101734879062334,-0.39244487630644903,-0.1843972026995116,-0.40320864537018786,-0.00011701315801222377,-2.18847889410714e-05,-0.08028880842048704,0.32168643036871,0.11752297918962398,0.172206702403863,-0.00010707622590192082,-1.5243286064260543e-05,0.5279025193254874,7.739638709997467e-06,2.2963834106066385e-06
14,True,0.1500000000000001,6.235708105283435,False,False,6.625904175086825e-07,False,26.81695797946304,-0.15,0.1189869640550831,-0.5230152178268761,-0.2695803064728808,0.011844908748170235,-0.4,0.0,0.0,-0.12952449844494057,0.5170172536824644,0.18945537545694058,0.17,0.0,0.0,0.52333,0.0,0.0,-0.1500000325035737,0.11898686399885391,-0.5230153921414866,-0.26958055219920546,0.011844516268707972,-0.4000000064173144,-2.34022615928876e-10,-4.376816425022585e-11,-0.12952439997378185,0.5170168630245751,0.18945523159366295,0.17000000441342886,-2.1417237937564754e-10,-3.048656127351522e-11,0.5233300091449108,1.5470914979814096e-11,4.590108669589747e-12,-0.16698516115223627,0.0772796420841495,-0.5955755189519124,-0.3705267194691579,-0.14856675194015892,-0.40323444580531653,-0.00011795208375036185,-2.2300654317049395e-05,-0.08940606051306806,0.3578788182965843,0.1307453398023779,0.1722243160009449,-0.00010588335782099748,-1.5167172495476437e-05,0.5279394112682587,1.0870565221444458e-05,3.290043593818148e-06
15,True,0.16000000000000011,6.2392127823005685,False,False,6.656975857375222e-07,False,25.957958947401494,-0.15,0.12748603291616045,-0.5080134476716529,-0.247053185506658,0.04874597365875388,-0.4,0.0,0.0,-0.1387762483338649,0.5539470575169262,0.20298790227529348,0.17,0.0,0.0,0.52333,0.0,0.0,-0.1500000339682405,0.1274859325040579,-0.5080136227943346,-0.24705343245155711,0.048745579037036635,-0.40000000646890305,-2.3590107855141467e-10,-4.460007562988072e-11,-0.1387761495937065,0.5539466653832227,0.2029877577913106,0.17000000444863925,-2.1178673138139148e-10,-3.033449366533509e-11,0.5233300092187171,2.1732475568824448e-11,6.5773410354050634e-12,-0.16762666176605986,0.08566813119568913,-0.580851363416601,-0.3484336463493242,-0.11245659568415439,-0.4032533520074642,-0.00011871967771317937,-2.2667692795618543e-05,-0.09859079646198926,0.39433976775737967,0.14406749912560785,0.1722373313360712,-0.00010452276367015141,-1.5051213062340688e-05,0.5279664806837013,1.4061698201219093e-05,4.300859579417171e-06
16,True,0.17000000000000012,6.2434234036372995,False,False,6.678695126316908e-07,False,25.765790953300893,-0.15,0.13598510177723783,-0.4930116775164298,-0.22452606454043522,0.08564703856933742,-0.4,0.0,0.0,-0.14802799822278923,0.590876861351388,0.21652042909364638,0.17,0.0,0.0,0.52333,0.0,0.0,-0.1500000352514886,0.1359850011437993,-0.4930118531946867,-0.2245263123539094,0.08564664236503672,-0.40000000650670875,-2.374367257711521e-10,-4.533428540469961e-11,-0.14802789934860094,0.5908764682792546,0.21652028418865485,0.17000000447465896,-2.0906267006199492e-10,-3.0102684859311464e-11,0.5233300092728747,2.8114563166076255e-11,8.598921777736349e-12,-0.16818480695372345,0.09410456179959385,-0.5660339283313659,-0.32621064234471014,-0.07613775568161414,-0.4032672895282025,-0.00011936401197326754,-2.299950625382894e-05,-0.1078234863192285,0.4309959106409296,0.15746257495952434,0.1722477842497562,-0.00010305342001850258,-1.4909404001054538e-05,0.5279862129963251,1.7280420119314466e-05,5.318366825882807e-06
17,True,0.18000000000000013,6.248350618351481,False,False,6.693510413529604e-07,False,25.31816699774936,-0.15,0.1444841706383152,-0.4780099073612067,-0.20199894357421244,0.12254810347992107,-0.4,0.0,0.0,-0.15727974811171355,0.6278066651858496,0.23005295591199926,0.17,0.0,0.0,0.52333,0.0,0.0,-0.15000003636800602,0.14448406987947196,-0.4780100834083895,-0.2019991919962767,0.12254770611059891,-0.4000000065345809,-2.387257767497413e-10,-4.5998007872527936e-11,-0.1572796491994024,0.6278062715658679,0.23005281073190578,0.17000000449555908,-2.061203946239487e-10,-2.981913839656715e-11,0.523330009312357,3.455191824181512e-11,1.0633913796856452e-11,-0.16866772414494594,0.10257522231392763,-0.5511472466479951,-0.30389082291821107,-0.03966315035360462,-0.4032783389699386,-0.00011992190122062544,-2.330646131201098e-05,-0.11708975385633884,0.46779318330844216,0.1709106787270942,0.1722571449118177,-0.00010152024223825729,-1.4752332839303567e-05,0.5280007194034326,2.050166846321589e-05,6.3345782189762765e-06
18,True,0.19000000000000014,6.253998204298663,False,False,6.703232491219572e-07,False,32.9617090173997,-0.15,0.15298323949939255,-0.46300813720598355,-0.1794718226079896,0.1594491683905046,-0.4,0.0,0.0,-0.16653149800063788,0.6647364690203114,0.24358548273035216,0.17,0.0,0.0,0.52333,0.0,0.0,-0.15000003733404538,0.15298313868363628,-0.46300831348353333,-0.1794720714449224,0.15944877016783654,-0.4000000065566706,-2.398416819017696e-10,-4.661198513552047e-11,-0.16653139911735212,0.664736075134885,0.2435853373812671,0.1700000045142808,-2.0305112672096455e-10,-2.9505038682921324e-11,0.523330009341385,4.0994395100475266e-11,1.2666336082338978e-11,-0.16908384348696914,0.11107045265367678,-0.5362088217441533,-0.28149851259728653,-0.003072159980874026,-0.40328808210274136,-0.0001204208230377775,-2.3596236131139543e-05,-0.12637904761932595,0.5046918716094372,0.18439712806913508,0.17226599624825809,-9.995649367520411e-05,-1.4587755641526935e-05,0.5280121981479563,2.370669617113953e-05,7.34357771294535e-06
19,True,0.20000000000000015,6.260366679684889,False,False,6.709198034529564e-07,False,31.830709020141512,-0.15,0.16148230836046992,-0.4480063670507604,-0.15694470164176683,0.19635023330108825,-0.4,0.0,0.0,-0.17578324788956218,0.7016662728547731,0.25711800954870506,0.17,0.0,0.0,0.52333,0.0,0.0,-0.15000003816646612,0.1614822075369686,-0.4480065434551428,-0.15694495074851972,0.1963498344579523,-0.4000000065761521,-2.408397110486172e-10,-4.7191580867009903e-11,-0.17578314908136028,0.7016658789068417,0.25711786410735976,0.17000000453198288,-1.9991987649766244e-10,-2.917590558966434e-11,0.5233300093643504,4.740448231031107e-11,1.46843508693254e-11,-0.16944150932700686,0.11958349893826502,-0.5212313852797721,-0.2590515555603912,0.03360592889755025,-0.4032972266839957,-0.00012088058304824953,-2.3874300332626135e-05,-0.1356836371000848,0.5416628580354601,0.19791110142556836,0.17227456383189116,-9.83858715827861e-05,-1.4421104324056406e-05,0.5280221639472044,2.6881986264607485e-05,8.341162076506769e-06
20,True,0.21000000000000016,6.267454997482136,False,False,6.71239280421647e-07,False,27.997582976240665,-0.15,0.16998137722154727,-0.43300459689553733,-0.13441758067554405,0.2332512982116718,-0.4,0.0,0.0,-0.1850349977784865,0.7385960766892349,0.27065053636705794,0.17,0.0,0.0,0.52333,0.0,0.0,-0.15000003888195715,0.169981276425952,-0.43300477334869425,-0.1344178299427748,0.23325089892234507,-0.4000000065944399,-2.417591514215214e-10,-4.7747740369142406e-11,-0.18503489907596313,0.7385956828234734,0.27065039088853005,0.17000000454911837,-1.9677547682646693e-10,-2.8842609326083465e-11,0.523330009384286,5.375513159193478e-11,1.66795470003708e-11,-0.16974866505008795,0.12810966797904197,-0.5062241991203381,-0.23656304143646023,0.0703493410450584,-0.4033060472838978,-0.0001213149656934785,-2.414438971219918e-05,-0.14499786298902656,0.5786848241506705,0.2114446271532508,0.17228293561851343,-9.68245749341386e-05,-1.4255987922757969e-05,0.5280314463898687,3.0018163649131098e-05,9.32448312276233e-06
21,True,0.22000000000000017,6.275261324309065,False,False,6.713543626731647e-07,False,27.536457986570895,-0.15,0.17848044608262464,-0.4180028267403142,-0.11189045970932121,0.2701523631222553,-0.4,0.0,0.0,-0.19428674766741083,0.7755258805236965,0.28418306318541087,0.17,0.0,0.0,0.52333,0.0,0.0,-0.15000003949640628,0.17848034534119414,-0.418003003182721,-0.1118907090538798,0.270151963517444,-0.40000000661208124,-2.426279322988384e-10,-4.828793997822692e-11,-0.1942866490898399,0.7755254868421202,0.28418291770882703,0.17000000456586292,-1.936530685022744e-10,-2.851237296055422e-11,0.5233300094028536,6.002758138918141e-11,1.8646224392667625e-11,-0.1700126235049635,0.13664571592152458,-0.49119401127772555,-0.2140425807751836,0.10714187945657014,-0.403314651214752,-0.00012173310404902564,-2.440890386334172e-05,-0.15431757685542463,0.6157421745776416,0.22499183234629125,0.17229114666351625,-9.528302087044669e-05,-1.4094613960890099e-05,0.5280403678934338,3.3109085464511645e-05,1.0291746724893486e-05
22,True,0.23000000000000018,6.283783417592351,False,False,6.713186690915336e-07,False,27.103250031359494,-0.15,0.186979514943702,-0.40300105658509106,-0.08936333874309843,0.30705342803283897,-0.4,0.0,0.0,-0.20353849755633516,0.8124556843581583,0.29771559000376374,0.17,0.0,0.0,0.52333,0.0,0.0,-0.15000004002444095,0.18697941427620274,-0.4030012329707259,-0.08936358810106546,0.30705302821084,-0.40000000662928964,-2.4346421937954804e-10,-4.881698256080976e-11,-0.20353839911469254,0.8124552909315785,0.29771544455649895,0.1700000045822859,-1.9057010619072737e-10,-2.8189615391117592e-11,0.5233300094206983,6.620953712046553e-11,2.0580791890793793e-11,-0.1702399163959299,0.14518940671353592,-0.47614575299569384,-0.19149724519772335,0.1439714833829307,-0.4033230813068546,-0.00012214061556836952,-2.466923792014022e-05,-0.1636397320369909,0.6528234837225599,0.23854838886652183,0.1722992117517024,-9.376726733417788e-05,-1.3938140659829934e-05,0.5280490547526159,3.6151080888044425e-05,1.1241960287525599e-05
23,True,0.24000000000000019,6.293018811725017,False,False,6.711718324121858e-07,False,27.321333007421345,-0.15,0.19547858380477937,-0.3879992864298679,-0.06683621777687565,0.3439544929434225,-0.4,0.0,0.0,-0.21279024744525948,0.84938548819262,0.3112481168221166,0.17,0.0,0.0,0.52333,0.0,0.0,-0.15000004047912668,0.19547848322650285,-0.38799946272257635,-0.06683646709848194,0.34395409297839985,-0.4000000066461494,-2.442806277353979e-10,-4.9337661130107466e-11,-0.21279014914443034,0.8493850950689877,0.3112479714228854,0.1700000045984159,-1.875387254209526e-10,-2.7876655934590635e-11,0.5233300094380725,7.229365038872266e-11,2.248126211489769e-11,-0.1704362128950775,0.15373919783508924,-0.46108304683192897,-0.1689322579581752,0.18082915887013856,-0.40333135559234434,-0.00012254053633799567,-2.492605643318064e-05,-0.17296208140234107,0.6899203624970939,0.25211109610025306,0.17230713793969407,-9.22801824441045e-05,-1.3786967908161687e-05,0.5280575575162104,3.9142320181713925e-05,1.217472276100841e-05
24,True,0.25000000000000017,6.3019045385946475,False,False,0.016421872399491912,False,26.89087501494214,-0.15,0.20397765266585677,-0.3729975162746447,-0.04430909681065276,0.38085555785400627,-0.4,0.0,0.0,-0.22204199733418384,0.8863152920270819,0.3247806436404696,0.17,0.0,0.0,0.52333,0.0,0.0,-0.15000004087234403,0.20397755219207298,-0.3729976924453535,-0.04430934605647657,0.3808551578020084,-0.40994353349686186,-2.221985983337678e-10,-4.985201315611202e-11,-0.2090426089003048,0.8849662424501916,0.32478049830166517,0.17000000502265003,-1.8226334803667522e-10,-2.757388066689664e-11,0.5233300094542102,7.828448380129771e-11,2.43493968240529e-11,-0.1706094996344961,0.16229413773801868,-0.4460083266470622,-0.1463513999992309,0.21770820434116647,-0.40406546264795673,-0.0001228850360646292,-2.516640543282855e-05,-0.1813153642015903,0.7269248823190511,0.26567892893409883,0.1723149341779836,-9.076142789912138e-05,-1.3627605763825142e-05,0.5280659088586506,4.2114545598079184e-05,1.3100023597701145e-05
25,True,0.2600000000000002,6.31029346489239,False,False,0.018376803460051213,False,26.68816695222631,-0.15,0.21247672152693411,-0.3579957461194216,-0.02178197584442998,0.4177566227645899,-0.4,0.0,0.0,-0.23129374722310816,0.9232450958615437,0.3383131704588225,0.17,0.0,0.0,0.52333,0.0,0.0,-0.15000004121891683,0.21247662116213606,-0.3579959221442306,-0.021782224982780013,0.4177562226685533,-0.411094796604263,-2.428627719395192e-10,-5.03327102015943e-11,-0.21671739704460424,0.9217813988618558,0.33831302519062995,0.17000000468346602,-1.812232228024695e-10,-2.7255157017332414e-11,0.5233300094716832,8.422892274601544e-11,2.619999479346112e-11,-0.1707620106964545,0.17085332221305025,-0.4309239032031892,-0.1237577043235901,0.25460355467538404,-0.4054893585173624,-0.00012321147134443825,-2.5399861070869973e-05,-0.18874518160710496,0.7638436160523778,0.27924909507472256,0.17232259964636953,-8.92583188357997e-05,-1.3469872430017026e-05,0.5280741098540318,4.504267926638863e-05,1.4010410208905983e-05
26,True,0.2700000000000002,6.31860759865519,False,False,0.02137179809451416,False,27.12408296065405,-0.15,0.2209757903880115,-0.34299397596419845,0.0007451451217928007,0.45465768767517345,-0.4,0.0,0.0,-0.2405454971120325,0.9601748996960054,0.3518456972771754,0.17,0.0,0.0,0.52333,0.0,0.0,-0.15000004152393834,0.22097569014320223,-0.3429941518237012,0.0007448961165919255,0.4546572875677076,-0.4128545861157118,-2.417708741000134e-10,-5.079962054580379e-11,-0.22355326819495586,0.9585083086453542,0.3518455520842614,0.17000000473327725,-1.780280446038408e-10,-2.6939690981944426e-11,0.523330009488012,9.00851783780846e-11,2.8020764375659033e-11,-0.17089441542877853,0.1794161452153864,-0.4158314148598373,-0.10115342594537106,0.2915113996877199,-0.40723198711201164,-0.00012354535699628453,-2.563310994615134e-05,-0.19574079720497337,0.8007278429029583,0.29281944741107596,0.17233013428802557,-8.780285759385872e-05,-1.332057858929431e-05,0.5280821599975559,4.790986354601667e-05,1.4900815533818853e-05
27,True,0.2800000000000002,6.32702257145402,False,False,0.02487914828258772,False,27.11875003296882,-0.15,0.22947485924908884,-0.3279922058089753,0.02327226608801558,0.491558752585757,-0.4,0.0,0.0,-0.24979724700095682,0.9971047035304671,0.3653782240955283,0.17,0.0,0.0,0.52333,0.0,0.0,-0.1500000417887473,0.22947475913132576,-0.3279923814870421,0.023272017237129225,0.4915583524918514,-0.41490069806966356,-2.412985185197992e-10,-5.126611735836403e-11,-0.22996578448672328,0.9951930784196109,0.36537807897826513,0.17000000477207494,-1.749901592715524e-10,-2.664110389406912e-11,0.5233300095040634,9.58195354522828e-11,2.9801571461789654e-11,-0.1710084354685831,0.1879822474838512,-0.4007319282218651,-0.07854021918616605,0.3284288655047575,-0.4091390769836948,-0.00012388318454435653,-2.586518551602749e-05,-0.20250038790941427,0.8375956116140404,0.3063890272697747,0.17233754074722585,-8.639030028381405e-05,-1.3178608386037834e-05,0.5280900638619267,5.071875573527092e-05,1.5772147446932526e-05
28,True,0.2900000000000002,6.335600487436355,False,False,0.028682940569152472,False,26.375957997515798,-0.15,0.2379739281101662,-0.3129904356537522,0.04579938705423847,0.5284598174963405,-0.4,0.0,0.0,-0.25904899688988114,1.0340345073649289,0.37891075091388116,0.17,0.0,0.0,0.52333,0.0,0.0,-0.1500000420167869,0.23797382812585657,-0.3129906111363864,0.04579913837552338,0.5284594174352367,-0.4170999565844529,-2.4105384675105965e-10,-5.1730267571175985e-11,-0.23612432791512653,1.03185227992131,0.378910605870724,0.17000000480689675,-1.720605039332414e-10,-2.635716405736564e-11,0.5233300095198308,1.0143730858535802e-10,3.1544231805888823e-11,-0.17110583743814717,0.19655136875931475,-0.3856262445398098,-0.055919363276188926,0.3653537617373062,-0.411146729437134,-0.00012421776991862856,-2.6094123725984527e-05,-0.2091009938972738,0.8744519003308765,0.31995728180616045,0.1723448219332162,-8.501113462222655e-05,-1.3041781175399162e-05,0.5280978261770266,5.347458385506129e-05,1.6626115483251955e-05
29,True,0.3000000000000002,6.3443521826846805,False,False,0.03269851490535769,False,25.84800001932308,-0.15,0.24647299697124356,-0.29798866549852904,0.06832650802046125,0.5653608824069242,-0.4,0.0,0.0,-0.26830074677880544,1.0709643111993905,0.3924432777322341,0.17,0.0,0.0,0.52333,0.0,0.0,-0.15000004221159044,0.24647289710403225,-0.29798884077333654,0.06832625952921564,0.5653604823934828,-0.4193985147377234,-1.5362267190223607e-10,-5.21881430723349e-11,-0.24209443581244983,1.0684904946670812,0.39244313276053217,0.1700000053425561,-1.603535476738015e-10,-2.60835101821978e-11,0.5233300095342881,1.0694895381628544e-10,3.32521644632244e-11,-0.1711880758877298,0.20512328873343935,-0.3705150199296806,-0.033291886335733184,0.4022843942018673,-0.4132288394642514,-0.00012454365863669484,-2.6318403539410398e-05,-0.21556952278076125,0.9112965611917323,0.333523807875999,0.1723519805216383,-8.365795293276684e-05,-1.2908354570409289e-05,0.5281054509621649,5.6181499030909846e-05,1.7464104746138315e-05
30,True,0.3100000000000002,6.353266328558963,False,False,0.03688497711583306,False,26.979041984304786,-0.15,0.2549720658323209,-0.2829868953433059,0.09085362898668403,0.6022619473175078,-0.4,0.0,0.0,-0.2775524966677298,1.1078941150338524,0.40597580455058696,0.17,0.0,0.0,0.52333,0.0,0.0,-0.150000042376067,0.25497196613169865,-0.28298707039920495,0.09085338069614998,0.6022615473632016,-0.4217706449524114,-2.3964166897616837e-10,-5.2636701810773344e-11,-0.24790797367485443,1.1051115242570126,0.4059756596468834,0.17000000477147503,-1.6632340268235828e-10,-2.5816657505563895e-11,0.5233300095507447,1.1236277333510946e-10,3.492813964149784e-11,-0.17125619335460882,0.2136978016153041,-0.35539881746113167,-0.010658640052463012,0.4392194352393056,-0.41537486964164244,-0.0001248576602115799,-2.653710518209523e-05,-0.22191295795863913,0.9481277208034423,0.34708827225200956,0.17235901891887107,-8.232616109220469e-05,-1.277720115068655e-05,0.528112941559373,5.8842194127094245e-05,1.8287048719049394e-05
31,True,0.32000000000000023,6.362323161108301,False,False,0.04122199109860893,False,27.506374986842275,-0.15,0.2634711346933983,-0.2679851251880829,0.1133807499529067,0.6391630122280912,-0.4,0.0,0.0,-0.2868042465566541,1.1448239188683138,0.4195083313689398,0.17,0.0,0.0,0.52333,0.0,0.0,-0.15000004251230167,0.2634710351424148,-0.2679853000151178,0.11338050187462285,0.6391626123417371,-0.4242036567384029,-2.3952764782470687e-10,-5.3074104210500865e-11,-0.25358098406139623,1.141717412871261,0.41950818652911126,0.17000000479365426,-1.635496125465194e-10,-2.5554351191877018e-11,0.5233300095657105,1.176841528754643e-10,3.657402429280447e-11,-0.17131218906770057,0.22227475703213376,-0.3402780489385174,0.011979685874121754,0.47615783579291593,-0.41758037309391066,-0.00012516235614189942,-2.6751063162686922e-05,-0.2281312945233594,0.9849431628624086,0.3606503631126376,0.17236593893570082,-8.10184668006844e-05,-1.2649097898346961e-05,0.5281202999112683,6.145558980855407e-05,1.9094579800197457e-05
32,True,0.33000000000000024,6.371496291878647,False,False,0.04574081021649247,False,27.611333003733307,-0.15,0.27197020355447565,-0.2529833550328596,0.1359078709191296,0.6760640771386749,-0.4,0.0,0.0,-0.29605599644557845,1.181753722702776,0.43304085818729277,0.17,0.0,0.0,0.52333,0.0,0.0,-0.15000004262429287,0.27197010415772527,-0.25298352962189824,0.13590762306325524,0.6760636773269918,-0.4267080231522892,-2.392560488650216e-10,-5.3502019319446844e-11,-0.2590840570408856,1.1782926657935135,0.4330407134065922,0.17000000481721578,-1.608027345989787e-10,-2.5298145197617805e-11,0.5233300095804089,1.2291093377727203e-10,3.818908322303924e-11,-0.17135737720059555,0.23085396170310643,-0.32515315674583173,0.034622459446166175,0.5130987421204064,-0.4198443797871669,-0.0001254568973066443,-2.6960024681957513e-05,-0.23421990851986824,1.0217397904255996,0.3742098462855558,0.17237274267246763,-7.973323874215542e-05,-1.2523628613467576e-05,0.5281275286598034,6.402287679099188e-05,1.9887136983839597e-05
33,True,0.34000000000000025,6.380753537993216,False,False,0.050451731631670174,False,27.52933301962912,-0.15,0.28046927241555303,-0.23798158487763643,0.15843499188535248,0.7129651420492588,-0.4,0.0,0.0,-0.3053077463345028,1.2186835265372378,0.4465733850056457,0.17,0.0,0.0,0.52333,0.0,0.0,-0.15000004271466896,0.28046917317720677,-0.23798175922043147,0.15843474426078286,0.7129647423172584,-0.42928504989014177,-2.3886592305359146e-10,-5.39199415267044e-11,-0.2644064395195256,1.2148304526852538,0.4465732402788577,0.17000000484199762,-1.5808252393201792e-10,-2.5047207129956462e-11,0.5233300095948454,1.280454975312621e-10,3.977419441912144e-11,-0.17139240847686396,0.23943520253540373,-0.31002458306072367,0.05726909911902696,0.550041446840852,-0.42216804026252797,-0.00012573904754580717,-2.7163303871655053e-05,-0.24017079636196656,1.0585133637175241,0.3877665451662313,0.17237943232608402,-7.846709550876003e-05,-1.2399904537024778e-05,0.5281346307011571,6.654617760173635e-05,2.066548497875968e-05
34,True,0.35000000000000026,6.388735243051625,False,False,0.17939119088243308,False,35.69637500913814,-0.15,0.2889683412766304,-0.22297981472241335,0.18096211285157515,0.7498662069598422,-0.4,0.0,0.0,-0.3145594962234271,1.2556133303716992,0.4601059118239985,0.17,0.0,0.0,0.52333,0.0,0.0,-0.16069622563079766,0.26420172236788336,-0.26650228593616276,0.11911548229253471,0.6499536270759866,-0.42705254662705044,-6.286964293933374e-05,-1.3581679099077073e-05,-0.2548527935316518,1.1549182732503862,0.423936156155893,0.1711897185971921,-3.9233625443674447e-05,-6.199964668392125e-06,0.5257323201550913,3.327315534691268e-05,1.0332763154823487e-05,-0.17186040261415053,0.24631957407668884,-0.2980825893669218,0.07522810569017246,0.5791293029740251,-0.4241884851323141,-0.00013342086161622027,-2.7530620335956142e-05,-0.24484581257274274,1.0879900226850587,0.39856117599432406,0.17245733071860808,-8.793652238747118e-05,-1.2422811375442743e-05,0.528300442155012,6.930258167398712e-05,2.147983856220078e-05
35,True,0.36000000000000026,6.395716321169185,False,False,0.20900986973398142,False,31.9350830395706,-0.15,0.2974674101377078,-0.20797804456719016,0.20348923381779815,0.7867672718704258,-0.4,0.0,0.0,-0.32381124611235146,1.2925431342061613,0.4736384386423515,0.17,0.0,0.0,0.52333,0.0,0.0,-0.1500000437207178,0.2181813276074546,-0.3026904390035063,0.1808222707483844,0.809246318747912,-0.40306201292866994,-2.8156589806558295e-10,-5.506113054444561e-11,-0.2648337343640115,1.1432382452860013,0.43326971721862095,0.17000000480467387,-1.774317916170779e-10,-2.484557305613901e-11,0.5233300099410256,1.3860488611342446e-10,4.2959591203248e-11,-0.1724290601420188,0.24752668392730912,-0.29263614951329636,0.09252216682309646,0.6117648532605189,-0.4240850312293126,-0.00013667608235071315,-2.75977815517127e-05,-0.24884509425529638,1.1079084107690385,0.40685538174358726,0.17252510687016678,-9.135883651540287e-05,-1.213088877899215e-05,0.5284435064761817,7.255321293991078e-05,2.2471459614278506e-05
36,True,0.3700000000000003,6.403462830234625,False,False,0.24582116451650174,False,35.90554202673957,-0.15,0.3059664789987851,-0.19297627441196707,0.22601635478402082,0.8236683367810093,-0.4,0.0,0.0,-0.33306299600127576,1.3294729380406227,0.4871709654607043,0.17,0.0,0.0,0.52333,0.0,0.0,-0.15000004485803056,0.20877883705980962,-0.35162466903670153,0.16656728093293938,0.8144318021426471,-0.4192004723952758,-2.8561527895911744e-10,-5.519545271073681e-11,-0.2766270680332165,1.192944127887372,0.4871708048412125,0.17000000494457346,-1.842001215186101e-10,-2.4261729035984824e-11,0.5233300102271747,1.4510613565756059e-10,4.494282934157834e-11,-0.17250938776771754,0.24380260504065865,-0.29563419114266626,0.10878489589893295,0.648575530966081,-0.4233989469492597,-0.00013568758064130105,-2.858293156516893e-05,-0.2533881934047351,1.1247846801464474,0.4176947527923499,0.17255302269291806,-7.753040689207187e-05,-1.2793198865836463e-05,0.5284981124885195,7.484923057781501e-05,2.2641104590596586e-05
37,True,0.3800000000000003,6.412286714143273,False,False,0.27277897290017483,False,36.36754199396819,-0.15,0.3144655478598625,-0.17797450425674388,0.24854347575024371,0.8605694016915931,-0.4,0.0,0.0,-0.3423147458902001,1.3664027418750846,0.5007034922790573,0.17,0.0,0.0,0.52333,0.0,0.0,-0.1500000450186855,0.21029914185412735,-0.3567421381464173,0.18930614678112412,0.8547738932437077,-0.42166545186128407,-2.9325113724051194e-10,-5.716574879888496e-11,-0.28232905663589153,1.2115171802221425,0.5007033262819013,0.17000000491528458,-1.5771786054084597e-10,-2.558634655702881e-11,0.5233300103365311,1.4969816178485567e-10,4.528211861737092e-11,-0.17229761976541313,0.23815946933065207,-0.3041317867017703,0.12388366163714642,0.6861107835127428,-0.42323747235774145,-0.00013808748771705653,-2.9833169311614212e-05,-0.25852296823962095,1.141719481563121,0.4314081045530133,0.1725655713115818,-7.32764380556951e-05,-1.376467458732269e-05,0.5285185676422116,7.523478724696707e-05,2.2560681589456547e-05
38,True,0.3900000000000003,6.421723580997963,False,False,0.3050993644420275,False,35.23699997458607,-0.15,0.32296461672093985,-0.1629727341015208,0.2710705967164664,0.8974704666021766,-0.4,0.0,0.0,-0.35156649577912436,1.4033325457095462,0.5142360190974101,0.17,0.0,0.0,0.52333,0.0,0.0,-0.15000004459515034,0.20602645706243017,-0.3629237886303861,0.20815686586940102,0.8949868902314656,-0.4224139066552756,-3.187636100714618e-10,-5.966621928520446e-11,-0.2872314177661982,1.2277621221291255,0.5142358534705558,0.17000000480270314,-1.5108722656493895e-10,-2.7529294114632267e-11,0.5233300103776758,1.504692735427443e-10,4.512127293231972e-11,-0.1720480676089743,0.23203894854587806,-0.3146673534028368,0.1390440567192014,0.7242496950912956,-0.4234307380343391,-0.00014014639279266882,-3.070726409089454e-05,-0.26390727904223754,1.1586951275517656,0.4462599532103537,0.17257233849424006,-7.235861198497664e-05,-1.4368959185730412e-05,0.5285262255361934,7.606915332273934e-05,2.2743367060753485e-05
39,True,0.4000000000000003,6.43149801062666,False,False,0.33757030188168896,False,36.73637501196936,-0.15,0.3314636855820172,-0.1479709639462976,0.2935977176826893,0.9343715315127602,-0.4,0.0,0.0,-0.36081824566804876,1.4402623495440081,0.527768545915763,0.17,0.0,0.0,0.52333,0.0,0.0,-0.15000004409604703,0.20401297835451046,-0.3691659345493915,0.23013544698987826,0.9373554176320598,-0.4231665815929101,-3.2735928182613117e-10,-6.141440535376713e-11,-0.29236698349092377,1.2414554539257532,0.5277683829235995,0.17000000482145453,-1.4913630759212735e-10,-2.8737860896711374e-11,0.5233300103929812,1.5213800237787092e-10,4.5486643152157363e-11,-0.17187072914576398,0.22607793761745282,-0.32558003323149476,0.15488179297793855,0.7630432989654593,-0.42384046745439113,-0.0001410096681385741,-3.115233451508189e-05,-0.26935717581322965,1.1754183970750092,0.4614194223764152,0.17257694672431484,-7.141311405466643e-05,-1.4541802868891126e-05,0.5285291764706116,7.775580446286854e-05,2.323583394672303e-05
40,True,0.4100000000000003,6.441450123739206,False,False,0.368966371364797,False,35.21645802538842,-0.15,0.33996275444309454,-0.13296919379107464,0.31612483864891194,0.9712725964233436,-0.4,0.0,0.0,-0.370069995556973,1.4771921533784698,0.5413010727341159,0.17,0.0,0.0,0.52333,0.0,0.0,-0.1500000437413708,0.20318694119680625,-0.3733114155500734,0.2549942797083944,0.9823985408322361,-0.42349376912907255,-3.328249279909573e-10,-6.230454441079466e-11,-0.2972335113529038,1.2537053885480378,0.5413009129916969,0.1700000048406525,-1.4706505241032786e-10,-2.908354757179721e-11,0.5233300103988647,1.5551129791725477e-10,4.647157494702594e-11,-0.17179269246742343,0.22070934910840692,-0.3359661709840345,0.17192400872306715,0.8027315819514673,-0.42435203623585566,-0.0001406089538395775,-3.121046065435215e-05,-0.27477669529328386,1.191587791405011,0.4765151082664746,0.17258076761345995,-6.9463358217081e-05,-1.4320345998830164e-05,0.5285304910100056,8.027616905486603e-05,2.400694207069965e-05
41,True,0.4200000000000003,6.4514591569458695,False,False,0.38886290386589994,False,35.56316700996831,-0.15,0.34846182330417197,-0.11796742363585133,0.33865195961513483,1.0081736613339274,-0.4,0.0,0.0,-0.3793217454458974,1.5141219572129316,0.5548335995524688,0.17,0.0,0.0,0.52333,0.0,0.0,-0.15000004358529775,0.2185102188809945,-0.36307154805598346,0.3014795104284965,1.0412329497732722,-0.4227328139249831,-3.536243756044159e-10,-6.242079647763264e-11,-0.3018870134982736,1.2586551675284823,0.5548334429202969,0.17000000475871044,-1.4432061700765143e-10,-2.864063471452803e-11,0.5233300104016402,1.6055201700721725e-10,4.80137881120606e-11,-0.1718642448539061,0.2172914323581891,-0.3443453094635806,0.1920152085091378,0.8444919587712728,-0.4248076347859534,-0.00013792076883742215,-3.062803146448014e-05,-0.2801020480119715,1.206526960967534,0.49140864563669023,0.1725844297015074,-6.487590678038546e-05,-1.3438993201096254e-05,0.5285315902549359,8.428667090756954e-05,2.5252156875400807e-05
42,True,0.4300000000000003,6.460241169384372,False,False,0.38771046026042866,False,36.371041962411255,-0.15,0.3539862180638722,-0.1082162730349564,0.3532945882431796,1.0321593535258065,-0.4,0.0,0.0,-0.3853353828736982,1.5381263297053316,0.5636297419843982,0.17,0.0,0.0,0.52333,0.0,0.0,-0.15000004372840225,0.20147587505801115,-0.32291340971694604,0.3230984738742837,1.0930050738345998,-0.41193315368225925,-6.08905821272189e-10,-6.125594041744451e-11,-0.298335034888312,1.2761481838763054,0.566297919427606,0.1700000070061789,-1.2217265292155128e-10,-2.6877932649324978e-11,0.5233300102598363,1.6857300467630273e-10,5.0504212740191826e-11,-0.17207431916707627,0.2143685329110886,-0.347521777646561,0.21450958154718572,0.888546269483239,-0.42443980961044486,-0.0001336620812734462,-2.960432087544637e-05,-0.2846757293912298,1.2207627174361388,0.5058898129878041,0.1725880651140836,-5.8417068398721244e-05,-1.2101999937992223e-05,0.5285327635093584,8.930421385470563e-05,2.6819116563843425e-05
43,True,0.44000000000000034,6.4679583434177506,False,False,0.3688612273618885,False,36.83258296223357,-0.15,0.3539862180638722,-0.1082162730349564,0.3532945882431796,1.0321593535258065,-0.4,0.0,0.0,-0.3853353828736982,1.5381263297053316,0.5636297419843982,0.17,0.0,0.0,0.52333,0.0,0.0,-0.15000004414855003,0.21753400716437055,-0.30852781157433307,0.3429758672918005,1.1044541250902966,-0.41183226109285,-2.7853790679640243e-10,-5.920852333131344e-11,-0.3028742590324516,1.2833569924381696,0.5752237991961113,0.1700000046549092,-1.206586518388451e-10,-2.4203951466838136e-11,0.5233300104329187,1.7860807049931843e-10,5.363812587244978e-11,-0.17234726777538645,0.21258314651559465,-0.3455406985367359,0.23775837985758413,0.9312565117521037,-0.42337989833005063,-0.00012890059931478453,-2.8428238507214564e-05,-0.28862273137980343,1.2343012578104327,0.5196513788311508,0.172591646991112,-5.137461247447164e-05,-1.0606846140346735e-05,0.5285339381722712,9.461907623477798e-05,2.8486769974549446e-05
44,True,0.45000000000000034,6.475961474454919,False,False,0.3941800174359781,False,38.716499984730035,-0.15,0.3539862180638722,-0.1082162730349564,0.3532945882431796,1.0321593535258065,-0.4,0.0,0.0,-0.3853353828736982,1.5381263297053316,0.5636297419843982,0.17,0.0,0.0,0.52333,0.0,0.0,-0.15000004469444617,0.16751890654727042,-0.3671847290746167,0.25843824291918444,1.0394869079879736,-0.4241009137093215,-1.6378227368893297e-09,-5.685636329962312e-11,-0.31092738908219586,1.342232624411614,0.5636296542943722,0.17000000035911125,-1.7955798103258015e-10,-2.1213649853605676e-11,0.5233300102865692,1.892377739969378e-10,5.697342600070854e-11,-0.1721993011691048,0.2084988171091052,-0.34537720456076537,0.25294177893529946,0.9637500512898983,-0.42296367926255635,-0.0001235352785073856,-2.9098025529289645e-05,-0.29265291988120806,1.2507770421232876,0.5308961675123652,0.17259446519797028,-3.347531046000234e-05,-1.1008544652266193e-05,0.5285334403015076,9.754050322531808e-05,2.8717086287736545e-05
45,True,0.46000000000000035,6.484327147792844,False,False,0.38368740545910013,False,38.01262500928715,-0.15,0.3539862180638722,-0.1082162730349564,0.3532945882431796,1.0321593535258065,-0.4,0.0,0.0,-0.3853353828736982,1.5381263297053316,0.5636297419843982,0.17,0.0,0.0,0.52333,0.0,0.0,-0.15000004439851353,0.1825852261535136,-0.3571881820366828,0.2891267690943024,1.0626912182702393,-0.4187072101287298,-1.7289409842496072e-10,-5.819593466727265e-11,-0.3137850488966371,1.3252141416418344,0.5636296765424333,0.170000006253644,-5.6044527756171116e-11,-2.201704527108597e-11,0.5233300103779562,1.9508061627952853e-10,5.743405771658464e-11,-0.17192616580256073,0.20313009609815624,-0.3474465590761046,0.2621564708929786,0.9876074379692806,-0.42295172478062815,-0.00012318648096051272,-2.9940458555925102e-05,-0.29677699395578166,1.267558466015488,0.5393885303814645,0.17259717614398973,-2.683165276627969e-05,-1.1616334547833147e-05,0.5285328079553764,9.864326374064358e-05,2.880790894766653e-05
46,True,0.47000000000000036,6.49260480602208,False,False,0.37579451305311407,False,39.98720902018249,-0.15,0.3539862180638722,-0.1082162730349564,0.3532945882431796,1.0321593535258065,-0.4,0.0,0.0,-0.3853353828736982,1.5381263297053316,0.5636297419843982,0.17,0.0,0.0,0.52333,0.0,0.0,-0.1500000438522439,0.19122528260863095,-0.348022337459129,0.3056596629672411,1.0756091877770022,-0.4143432590861185,-1.874532855870338e-10,-5.988079735229769e-11,-0.3162565732610809,1.3188346057968843,0.5636296935185454,0.17000000607886587,-4.21894618036784e-11,-2.3232622633161375e-11,0.5233300103810927,1.9728613289196877e-10,5.7615702685290824e-11,-0.17179532693518962,0.19896910105809282,-0.34917735504275976,0.27025654649856407,1.007081937819842,-0.4226391018377731,-0.00012170839009293454,-2.9946599922912692e-05,-0.30075935141489324,1.2814262290615444,0.5458006941341383,0.17260014925754735,-2.21784427113816e-05,-1.1371668708215036e-05,0.52853290952252,0.00010124699373274754,2.9528793535444554e-05
47,True,0.48000000000000037,6.500483895967022,False,False,0.3683092933443491,False,41.099208989180624,-0.15,0.3539862180638722,-0.1082162730349564,0.3532945882431796,1.0321593535258065,-0.4,0.0,0.0,-0.3853353828736982,1.5381263297053316,0.5636297419843982,0.17,0.0,0.0,0.52333,0.0,0.0,-0.15000004359056668,0.20014314755869894,-0.3386962885200885,0.32097124240348557,1.0868411753851692,-0.4110739636881473,-6.715473930250532e-11,-5.989308006525747e-11,-0.31823649750271427,1.3140655918117916,0.5636297063184602,0.17000000614229405,-3.0384984059264684e-11,-2.2743291926537396e-11,0.5233300104027115,2.0249358248936988e-10,5.9057468974438e-11,-0.17181350206028495,0.19676751024821973,-0.34959712472047133,0.27876521396455634,1.0238818728859036,-0.4218340020236448,-0.00011879788219552763,-2.9351921922651997e-05,-0.3044678990155132,1.2918762297280122,0.5506227246298235,0.172603291930142,-1.70533564778542e-05,-1.0508438896612201e-05,0.5285335263931339,0.00010506820439071914,3.069595430403281e-05
48,True,0.4900000000000004,6.507622095721115,False,False,0.3596877039809581,False,41.148209013044834,-0.15,0.3539862180638722,-0.1082162730349564,0.3532945882431796,1.0321593535258065,-0.4,0.0,0.0,-0.3853353828736982,1.5381263297053316,0.5636297419843982,0.17,0.0,0.0,0.52333,0.0,0.0,-0.15000004362691685,0.21197745591121558,-0.3274516197440303,0.33880755782560706,1.0983441603666062,-0.4093793958500101,-6.030101491923123e-10,-5.870372644004138e-11,-0.31914624928126206,1.3099041979099888,0.5636297160440689,0.17000000494174752,-4.4829439138182985e-11,-2.1016835758094136e-11,0.5233300103080755,2.1013598853873456e-10,6.139178584035421e-11,-0.1719458815841773,0.1967913809229569,-0.34824790013798473,0.2884225298675923,1.0389689455513222,-0.4206553208103067,-0.00011505893144227636,-2.844321118591174e-05,-0.307778896574899,1.2991903906003897,0.5542316250148914,0.172606497202909,-1.140721514050547e-05,-9.320659388919526e-06,0.5285344048872749,0.00010951971000213665,3.208908373441383e-05
49,True,0.5000000000000003,6.514111952409344,False,False,0.3543168132951694,False,40.81187496194616,-0.15,0.3539862180638722,-0.1082162730349564,0.3532945882431796,1.0321593535258065,-0.4,0.0,0.0,-0.3853353828736982,1.5381263297053316,0.5636297419843982,0.17,0.0,0.0,0.52333,0.0,0.0,-0.15000004389167537,0.21478328225460375,-0.3229029987944321,0.3448809640672432,1.1025471795482928,-0.40753252658150113,-3.601233595143115e-09,-5.6886308601097066e-11,-0.32142216196296547,1.3125034524509027,0.563629723609492,0.17000000232962198,-1.0976642931554293e-10,-1.864128149632854e-11,0.5233300096928056,2.1903898192573903e-10,6.41780391444401e-11,-0.17208771335869155,0.19839049881067738,-0.34552528355106105,0.29860386897215463,1.0523710278840794,-0.41924453447766385,-0.00011181497383906806,-2.7623762208415547e-05,-0.31075372924906786,1.304381787375302,0.5569143611620829,0.17260961604192776,-6.5881922239039495e-06,-8.22413483487155e-06,0.528535192128141,0.0001136519913411595,3.3398921459638275e-05
50,True,0.5100000000000003,6.520182857138667,False,False,0.3490732245021756,False,43.03258302388713,-0.15,0.3539862180638722,-0.1082162730349564,0.3532945882431796,1.0321593535258065,-0.4,0.0,0.0,-0.3853353828736982,1.5381263297053316,0.5636297419843982,0.17,0.0,0.0,0.52333,0.0,0.0,-0.15000004417533835,0.21760247731952406,-0.3188127673593386,0.3511250123025779,1.1064147294105025,-0.4060710729101776,-3.4304689695992784e-10,-5.5247413913004804e-11,-0.3236709362862646,1.3155442592314315,0.5636297285704047,0.17000000505878765,-1.6973198766922668e-11,-1.6448236771492456e-11,0.5233300103840898,2.273035280912208e-10,6.679770935192524e-11,-0.17216399507106994,0.20080785516516883,-0.34204034864134886,0.3085549850104258,1.06398818786868,-0.4177114779654861,-0.00010964353629245826,-2.7073150184646267e-05,-0.3135074042092399,1.3084094865113247,0.5588970575836766,0.17261258562068005,-3.2005178187116218e-06,-7.4066259290626574e-06,0.5285357377400204,0.00011705513870237589,3.4488949843838835e-05
51,True,0.5200000000000004,6.525976237532639,False,False,0.3440474913778166,False,42.40650002611801,-0.15,0.3539862180638722,-0.1082162730349564,0.3532945882431796,1.0321593535258065,-0.4,0.0,0.0,-0.3853353828736982,1.5381263297053316,0.5636297419843982,0.17,0.0,0.0,0.52333,0.0,0.0,-0.15000004432790148,0.22034469668180856,-0.31502754718885817,0.35725074537960333,1.1099023621026287,-0.4047862163153261,-3.319491173500418e-10,-5.414619207711716e-11,-0.32589756651034757,1.3187583089585297,0.5636297324106079,0.1700000050589389,-1.0046332427628656e-11,-1.4813222231217283e-11,0.5233300103863455,2.3410980920231077e-10,6.897776174839745e-11,-0.17218236753545466,0.2036194062605585,-0.3381791317370154,0.31798509378323947,1.0739458768145798,-0.4161441559168512,-0.00010854026680539829,-2.6808244467763004e-05,-0.31610995567439154,1.3118397876247856,0.5603571614245305,0.17261540550976479,-1.1935310555255498e-06,-6.8901573943763934e-06,0.5285360385855656,0.00011972279230596543,3.534833749870204e-05
52,True,0.5300000000000004,6.531578179549911,False,False,0.3392412555154965,False,42.940083949361,-0.15,0.3539862180638722,-0.1082162730349564,0.3532945882431796,1.0321593535258065,-0.4,0.0,0.0,-0.3853353828736982,1.5381263297053316,0.5636297419843982,0.17,0.0,0.0,0.52333,0.0,0.0,-0.15000004436464634,0.2230101320577807,-0.3114372859112313,0.3631443977064278,1.1130117542729847,-0.4036042970545644,-3.23132619755662e-10,-5.361638169982521e-11,-0.32808220643538283,1.3220104634640604,0.5636297353326332,0.170000005055432,-5.8930783817711996e-12,-1.3780287226766751e-11,0.5233300103893417,2.3944510572438196e-10,7.069653362886102e-11,-0.17215710948780152,0.20658850268853032,-0.33417618758731754,0.326808694518774,1.0824446822833058,-0.4145991050451145,-0.00010822254686960775,-2.6757781722248732e-05,-0.31860378432995756,1.314991517089659,0.5614305636352559,0.1726181036925913,-1.9360198422150667e-07,-6.6016913576094145e-06,0.5285361587861476,0.00012183856545963716,3.603219799923518e-05
53,True,0.5400000000000004,6.53703673334044,False,False,0.3346355977079676,False,42.46374999638647,-0.15,0.3539862180638722,-0.1082162730349564,0.3532945882431796,1.0321593535258065,-0.4,0.0,0.0,-0.3853353828736982,1.5381263297053316,0.5636297419843982,0.17,0.0,0.0,0.52333,0.0,0.0,-0.15000004431413033,0.2256201571621113,-0.30797467055048316,0.3687675681464562,1.1157640325730722,-0.402499383121079,-3.1872581926961543e-10,-5.351545641295286e-11,-0.33020756676936996,1.325229073279001,0.5636297374820233,0.1700000050557251,-3.758704464120466e-12,-1.3203356307516195e-11,0.5233300103911378,2.4367664357399354e-10,7.206425189795968e-11,-0.17208952892968438,0.2095880307590719,-0.3301654182588755,0.3350285330561441,1.0896939305548872,-0.41310831104059353,-0.00010838711690945761,-2.683934348695384e-05,-0.3210128556022449,1.3180318801221313,0.5622193935270541,0.17262071039651325,1.880963394005899e-07,-6.455043033725356e-06,0.5285361679648671,0.00012360175673815747,3.660345699242403e-05
54,True,0.5500000000000004,6.542375911775334,False,False,0.3293699465188744,False,42.855334002524614,-0.15,0.3539862180638722,-0.1082162730349564,0.3532945882431796,1.0321593535258065,-0.4,0.0,0.0,-0.3853353828736982,1.5381263297053316,0.5636297419843982,0.17,0.0,0.0,0.52333,0.0,0.0,-0.1500000441789695,0.23109569604482172,-0.3024669630126374,0.3775032916449951,1.1198072150698135,-0.4013564665568638,-2.354353780128441e-09,-5.367857962052143e-11,-0.33227172530685517,1.3270259981058794,0.5636297371425846,0.17000000144744645,-6.640454581710429e-11,-1.2910060246521297e-11,0.523330010006362,2.472030191495462e-10,7.320676760646551e-11,-0.17200162798104177,0.2127720523366544,-0.32605563424549844,0.34294180981213757,1.0960121445836473,-0.41167966908369774,-0.00010864149161818992,-2.694771403082704e-05,-0.3233496908651565,1.3209353277155143,0.5628004953993294,0.172623265028973,4.4693314585281984e-07,-6.34144725686963e-06,0.5285361573401836,0.0001252719584944557,3.714281012737852e-05
55,True,0.5600000000000004,6.547635567056157,False,False,0.31734962198336114,False,42.49545797938481,-0.15,0.3539862180638722,-0.1082162730349564,0.3532945882431796,1.0321593535258065,-0.4,0.0,0.0,-0.3853353828736982,1.5381263297053316,0.5636297419843982,0.17,0.0,0.0,0.52333,0.0,0.0,-0.15000004400316796,0.2545737631768505,-0.2821936939586558,0.4043466383088712,1.1309579637499743,-0.4002126867517014,-1.0004952105235453e-09,-5.3895320274537344e-11,-0.3344348061111516,1.324581457965215,0.5636297394540029,0.17000000257629658,-3.983833307875295e-11,-1.268286914733578e-11,0.523330010269764,2.505434159292587e-10,7.428547169486665e-11,-0.1719525505980247,0.21764028398166826,-0.3206298961044488,0.35220597845538393,1.1022442317997208,-0.4103078907099845,-0.00010761509090730327,-2.6710400351970546e-05,-0.32563290191372946,1.3233308888661277,0.5632331400587659,0.17262590357069102,2.303348622482935e-06,-5.874705116826258e-06,0.5285364450249241,0.0001277564572983228,3.793487265626361e-05
56,True,0.5700000000000004,6.552755764957471,False,False,0.31115909384820134,False,43.224791006650776,-0.15,0.3539862180638722,-0.1082162730349564,0.3532945882431796,1.0321593535258065,-0.4,0.0,0.0,-0.3853353828736982,1.5381263297053316,0.5636297419843982,0.17,0.0,0.0,0.52333,0.0,0.0,-0.15000004390501337,0.2609660824764099,-0.2754759596212203,0.4130545183033488,1.1336494619374817,-0.4000000206157449,-2.1522982998438672e-10,-5.3420693863366056e-11,-0.33605085941682605,1.3286245929483174,0.5636297411911952,0.1700000052517961,4.606680804828273e-12,-1.1749386735076823e-11,0.5233300104128692,2.555124035529682e-10,7.586959355985459e-11,-0.17192139066662437,0.2240518237152528,-0.313978605649873,0.36266930695459315,1.1083541395602108,-0.40905391030901567,-0.00010646658763213317,-2.643847458336178e-05,-0.3278383109696472,1.3254523411981567,0.5635514687932883,0.1726285116143063,4.304767095306128e-06,-5.3755258697009165e-06,0.5285367608629357,0.00013028882448942527,3.8741751854221975e-05
57,True,0.5800000000000004,6.557667420619654,False,False,0.30577118440223977,False,43.42762503074482,-0.15,0.3539862180638722,-0.1082162730349564,0.3532945882431796,1.0321593535258065,-0.4,0.0,0.0,-0.3853353828736982,1.5381263297053316,0.5636297419843982,0.17,0.0,0.0,0.52333,0.0,0.0,-0.15000004384269372,0.26476411893040813,-0.270871941546729,0.41977464680566134,1.1353166815351865,-0.4000000181106332,-2.1298409290013663e-10,-5.287684400645293e-11,-0.33759304524745554,1.3338270286114982,0.5636297418276599,0.17000000525669862,8.605392445379541e-12,-1.0751031330619718e-11,0.5233300104135052,2.6057712229827536e-10,7.748334697514842e-11,-0.1718619017764858,0.23093527209620998,-0.3069490717657696,0.3732930172126091,1.113934938117092,-0.4079820453857014,-0.00010617833918940229,-2.6397477426460235e-05,-0.32993844180018367,1.3277639353931983,0.5637811631091673,0.1726309929573719,5.220619585678542e-06,-5.118163563592608e-06,0.5285368767201113,0.00013221938833784505,3.9360651502248596e-05
58,True,0.5900000000000004,6.5623582628832535,False,False,0.300309389315072,False,43.16595901036635,-0.15,0.3539862180638722,-0.1082162730349564,0.3532945882431796,1.0321593535258065,-0.4,0.0,0.0,-0.3853353828736982,1.5381263297053316,0.5636297419843982,0.17,0.0,0.0,0.52333,0.0,0.0,-0.15000004372371623,0.2685279564102766,-0.2660420775625365,0.4265532263147421,1.1368414843363372,-0.4000000159661162,-2.123945326527269e-10,-5.27948493502981e-11,-0.33912439433962005,1.3393475626633589,0.563629742287153,0.1700000052617522,1.0438305790711475e-11,-1.0236307219982095e-11,0.5233300104137357,2.64438243600517e-10,7.872114420016344e-11,-0.17174913853566204,0.23767472874411538,-0.3000086077872914,0.38355090273522396,1.1188327288678666,-0.40710814877842466,-0.00010669589150465105,-2.6573228314916877e-05,-0.3319303065358082,1.3305085364662554,0.563945366130139,0.17263335394306673,5.119751466437336e-06,-5.088029241408732e-06,0.5285368056377903,0.00013358435003564686,3.9802569082747854e-05
59,True,0.6000000000000004,6.566130343316358,False,False,0.2969783726990854,False,41.60954197868705,-0.15,0.3539862180638722,-0.1082162730349564,0.3532945882431796,1.0321593535258065,-0.4,0.0,0.0,-0.3853353828736982,1.5381263297053316,0.5636297419843982,0.17,0.0,0.0,0.52333,0.0,0.0,-0.15000004349819032,0.26833076792361965,-0.2630453588445888,0.4278237946559282,1.1375078791649351,-0.4000000142162263,-2.1339282160152007e-10,-5.3146349944337406e-11,-0.33675672274925883,1.3435127350689835,0.5636297426157839,0.17000000526672376,1.0239829922436541e-11,-1.0176038196594683e-11,0.5233300104135904,2.671681627558313e-10,7.960497798458919e-11,-0.17158011878568544,0.24372463088622057,-0.2934732709106407,0.39284148545286596,1.1229928736844585,-0.4064171938348275,-0.00010786124552106994,-2.6924828396582737e-05,-0.33352124181257314,1.3336493800225586,0.5640642000735123,0.1726356110462366,4.1998333907818404e-06,-5.2436065021094385e-06,0.528536584887023,0.00013448834065523627,4.0099085082333706e-05
60,True,0.6100000000000004,6.557157642260062,False,False,0.2812196554174354,False,40.00241699395701,-0.15,0.3539862180638722,-0.1082162730349564,0.3532945882431796,1.0321593535258065,-0.4,0.0,0.0,-0.3853353828736982,1.5381263297053316,0.5636297419843982,0.17,0.0,0.0,0.52333,0.0,0.0,-0.1500000431601516,0.24480498035874054,-0.21056202353967446,0.36325163124718607,1.0823262572973058,-0.4000000148413106,-6.058682417255708e-11,-5.384954831490988e-11,-0.2718362772134583,1.3351697053866767,0.5636297413338394,0.17000000481742975,2.1068858268606856e-12,-1.0487191689939634e-11,0.523330010363832,2.689761414086892e-10,8.019800911551874e-11,-0.17142838730517698,0.24706156078548774,-0.2836527203237974,0.3957724135562506,1.1221280134562417,-0.4058815131258249,-0.00010848448389005987,-2.7135035797354186e-05,-0.32969797046536203,1.3361266039672506,0.5641629499299509,0.1726378828322126,3.949882915267298e-06,-5.259271433552771e-06,0.5285364917363053,0.00013571868673759233,4.0493283868926304e-05
61,True,0.6200000000000004,6.5430505533562,False,False,0.2827952305177304,False,40.54454097058624,-0.15,0.3539862180638722,-0.1082162730349564,0.3532945882431796,1.0321593535258065,-0.4,0.0,0.0,-0.3853353828736982,1.5381263297053316,0.5636297419843982,0.17,0.0,0.0,0.52333,0.0,0.0,-0.15000004285668922,0.2185132955909117,-0.260964435833607,0.33745831889065286,1.090970705460767,-0.400000011763327,-2.1696193146648717e-10,-5.426996258796595e-11,-0.2969394014678748,1.3745267686737563,0.5636297430506876,0.17000000527576378,7.899895100333277e-12,-1.0518521797108719e-11,0.5233300104129627,2.7143682790266473e-10,8.098640489240423e-11,-0.17104839223917348,0.24609738617250182,-0.2754484720190399,0.39135161275382097,1.1179254531577387,-0.40547607703779553,-0.00011272890020543725,-2.8313025442715837e-05,-0.32359037307121075,1.3407107035574628,0.5642245197136537,0.17263975711970447,5.26870315824487e-07,-6.2718594257187e-06,0.5285355567429151,0.00013452041778009728,4.0135287736328756e-05
62,True,0.6300000000000004,6.531050023964941,False,False,0.27926650734981673,False,40.16962496098131,-0.15,0.3539862180638722,-0.1082162730349564,0.3532945882431796,1.0321593535258065,-0.4,0.0,0.0,-0.3853353828736982,1.5381263297053316,0.5636297419843982,0.17,0.0,0.0,0.52333,0.0,0.0,-0.15000004209670112,0.2203890127973446,-0.25790968918064994,0.3408812774584171,1.093717961776881,-0.40000001095213983,-2.2545827153190676e-10,-5.6625935050577366e-11,-0.2979259054895629,1.3764183188835029,0.563629743173937,0.17000000527950868,1.0538166039320015e-12,-1.2543691545092463e-11,0.5233300104110926,2.6904030007513305e-10,8.02704157144645e-11,-0.17055785998851666,0.242546362805021,-0.27058390418744455,0.3836832617648969,1.113415147366085,-0.4051704530324836,-0.00011783281607425184,-2.973585121894739e-05,-0.3182906816642142,1.3472961311818497,0.5642587970254129,0.1726415097924503,-4.842621643558058e-06,-7.547521619466065e-06,0.5285344263648679,0.00013272020168366528,3.9580705626896707e-05
63,True,0.6400000000000005,6.526396062491038,False,False,0.2749813334878133,False,41.533167008310556,-0.15,0.3539862180638722,-0.1082162730349564,0.3532945882431796,1.0321593535258065,-0.4,0.0,0.0,-0.3853353828736982,1.5381263297053316,0.5636297419843982,0.17,0.0,0.0,0.52333,0.0,0.0,-0.15000004111563775,0.26559544693020365,-0.2430901043643367,0.41933791918870456,1.1334541186363807,-0.39999993191164207,1.1264415076433273e-09,-5.947158349077085e-11,-0.3276084625914039,1.3602113891596046,0.5651726521581428,0.17000001257217476,8.664567335048458e-11,-1.509501304792479e-11,0.5233300102705054,2.6543987255607526e-10,7.916125291081502e-11,-0.170285014994656,0.24163469084367095,-0.26650911917056874,0.3816451011131286,1.1124542098519394,-0.40493832380082856,-0.00011890060644360724,-3.0086689420965272e-05,-0.3162036770495283,1.3528204536381985,0.5644263559039742,0.17264362554980306,-5.505277831910203e-06,-7.729027548529301e-06,0.5285342386397,0.00013355476137263101,3.9835946106112495e-05
64,True,0.6500000000000005,6.527640213267193,False,False,0.2700322395677122,False,41.39704199042171,-0.15,0.3539862180638722,-0.1082162730349564,0.3532945882431796,1.0321593535258065,-0.4,0.0,0.0,-0.3853353828736982,1.5381263297053316,0.5636297419843982,0.17,0.0,0.0,0.52333,0.0,0.0,-0.15000004056994884,0.267045903177627,-0.23859738682548004,0.4189228197899643,1.1329932353446783,-0.4000000148110635,-3.2346312038361233e-10,-6.017325849630461e-11,-0.327272269193145,1.3634514449426915,0.5651725266201668,0.17000000486247568,-1.666333711910096e-11,-1.5458024178513345e-11,0.5233300104160709,2.671089885191401e-10,7.9671732874779e-11,-0.17018801389255062,0.2437359070511134,-0.26231581994911224,0.3850979648895019,1.1145041967988565,-0.4047647673823415,-0.00011806328767636465,-2.99177722895604e-05,-0.3167536307790115,1.3569048848849572,0.564689416810277,0.17264589187246854,-3.920873222980011e-06,-7.376034587716845e-06,0.5285344936694363,0.00013561480328141612,4.047590690953463e-05
65,True,0.6600000000000005,6.526479744985195,False,False,0.2692139314557163,False,40.199542010668665,-0.15,0.3539862180638722,-0.1082162730349564,0.3532945882431796,1.0321593535258065,-0.4,0.0,0.0,-0.3853353828736982,1.5381263297053316,0.5636297419843982,0.17,0.0,0.0,0.52333,0.0,0.0,-0.15000004037594702,0.22511891119206795,-0.24872348257261578,0.3469704037642159,1.0982073231150564,-0.39999999580342965,1.820633447062632e-12,-5.983542490761826e-11,-0.29953068501499985,1.3820420370728541,0.5636297440517004,0.1700000066719064,1.066654129083832e-11,-1.4752039670937796e-11,0.5233300103877704,2.712290641106001e-10,8.095165190307244e-11,-0.17002249695337554,0.2439145859403702,-0.2590647111087143,0.38494516683149227,1.1148635448825492,-0.40463892933472145,-0.00011986752850122725,-3.0449030731946176e-05,-0.31622701641907924,1.3614535719639762,0.5648508071657309,0.17264785964545548,-5.698750179278077e-06,-7.743309879627904e-06,0.5285341338595355,0.00013589602371571232,4.056838168391789e-05
66,True,0.6700000000000005,6.5222244769115045,False,False,0.2659171544740543,False,40.549500030465424,-0.15,0.3539862180638722,-0.1082162730349564,0.3532945882431796,1.0321593535258065,-0.4,0.0,0.0,-0.3853353828736982,1.5381263297053316,0.5636297419843982,0.17,0.0,0.0,0.52333,0.0,0.0,-0.1500000400449138,0.22636952248504544,-0.2457569009274568,0.348139089698563,1.0989498010511238,-0.4000000189421491,-4.074433619270443e-10,-6.089793967223919e-11,-0.29973856654681874,1.3841973534829175,0.5636297444645542,0.1700000043235719,-2.44479791009026e-11,-1.548658879087228e-11,0.5233300104231933,2.7179150382671165e-10,8.113660109309575e-11,-0.16983563292680698,0.24179957214740624,-0.25673888415033935,0.3806925710800462,1.1132476868501064,-0.40454702008071264,-0.00012261148765115888,-3.123711936428586e-05,-0.3143056552129264,1.3665464590055434,0.5649136729105659,0.17264969962846596,-8.679723340201014e-06,-8.380272327813968e-06,0.5285335576382945,0.0001355258416369379,4.045492329192534e-05
67,True,0.6800000000000005,6.522515434986108,False,False,0.25876992410996646,False,42.922583990730345,-0.15,0.3539862180638722,-0.1082162730349564,0.3532945882431796,1.0321593535258065,-0.4,0.0,0.0,-0.3853353828736982,1.5381263297053316,0.5636297419843982,0.17,0.0,0.0,0.52333,0.0,0.0,-0.15000003967118652,0.2758969515376059,-0.23180993409685455,0.42342734116337155,1.1331486644028974,-0.40055156107665285,-4.8870978905423204e-11,-6.24741137796492e-11,-0.3314086688122166,1.3721061250015125,0.5636297440165756,0.17000000707317603,1.0919302435982367e-12,-1.6760511134219147e-11,0.5233300102665364,2.710511411943995e-10,8.090968474090514e-11,-0.16984492707415078,0.24260112578550216,-0.2539787008264865,0.3809943595118112,1.1136542095347715,-0.4044989693747004,-0.00012220432348315343,-3.11807416794066e-05,-0.31442989844000035,1.3704526275926814,0.5649368906787161,0.17265181641067076,-7.732947918582486e-06,-8.152616159842414e-06,0.5285337146282951,0.0001372098397224811,4.0977331031142226e-05
68,True,0.6900000000000005,6.527259881677441,False,False,0.25562902335831617,False,42.45499998796731,-0.15,0.3539862180638722,-0.1082162730349564,0.3532945882431796,1.0321593535258065,-0.4,0.0,0.0,-0.3853353828736982,1.5381263297053316,0.5636297419843982,0.17,0.0,0.0,0.52333,0.0,0.0,-0.15000003968977477,0.27652994430885364,-0.22932044848520156,0.4228230199866224,1.1326686705288063,-0.4002066477352954,-1.279630660276903e-09,-6.236135863751198e-11,-0.33138032566102527,1.3743185600470906,0.5636297439012423,0.17000000218606148,-6.310133620187003e-11,-1.6305199711905854e-11,0.5233300103433663,2.744191305941411e-10,8.195449813984358e-11,-0.1699694866900569,0.2464385322146415,-0.2506252129888686,0.38594520596714327,1.1160787219501724,-0.4044769541474391,-0.00012061520851264764,-3.079373209929748e-05,-0.316556099556401,1.3731262851429307,0.5649447611808809,0.17265401359265822,-5.3161831212299806e-06,-7.582819949964123e-06,0.5285341427371579,0.0001396470455791327,4.174097491221432e-05
69,True,0.7000000000000005,6.5280811448334655,False,False,0.25620047418473363,False,40.70158302783966,-0.15,0.3539862180638722,-0.1082162730349564,0.3532945882431796,1.0321593535258065,-0.4,0.0,0.0,-0.3853353828736982,1.5381263297053316,0.5636297419843982,0.17,0.0,0.0,0.52333,0.0,0.0,-0.1500000399388935,0.22999181962454412,-0.23744695442423955,0.3507647733807971,1.1001973862561956,-0.3999999955716901,-7.893578951828455e-12,-6.158734102128943e-11,-0.3003706150394875,1.3907868662828304,0.5636297446660695,0.17000000664896703,7.347798474741508e-12,-1.5165609567955446e-11,0.5233300103874587,2.792935325558483e-10,8.348178285401452e-11,-0.16996618110960393,0.24777175726570472,-0.24783747114457572,0.3867633938426194,1.116549832267357,-0.4044556070004385,-0.00012200103156529786,-3.119563688165321e-05,-0.31691753144297835,1.3763100900755008,0.5649478238327575,0.17265588121896516,-6.629086750188934e-06,-7.824092877705906e-06,0.5285338763148537,0.00014009130137120667,4.189115179467516e-05
70,True,0.7100000000000005,6.496879050804032,False,False,0.25304667139191994,False,40.48658302053809,-0.15,0.3539862180638722,-0.1082162730349564,0.3532945882431796,1.0321593535258065,-0.4,0.0,0.0,-0.3853353828736982,1.5381263297053316,0.5636297419843982,0.17,0.0,0.0,0.52333,0.0,0.0,-0.15000003993228234,0.2311097903762157,-0.2348325801792237,0.35144298710527583,1.100427984362377,-0.39999993276864443,1.085726100577512e-09,-6.239114897600229e-11,-0.3005432865278051,1.393045048346958,0.5636297448900535,0.17000001294599848,8.900954146459514e-11,-1.5648154459010845e-11,0.5233300102888867,2.801820423890475e-10,8.378213602083144e-11,-0.16988785682147065,0.2462489392515091,-0.24571623047595328,0.38311031854726124,1.1149757748239977,-0.40443034995608335,-0.00012452635417858115,-3.1909206883058836e-05,-0.3153711730769739,1.3801395826497813,0.5649489328735271,0.17265760368123423,-9.376092894285925e-06,-8.391838784033963e-06,0.5285333458491566,0.00013975773067154663,4.1795436277399646e-05
71,True,0.7200000000000005,6.382592909594552,False,False,0.25145526514023375,False,39.7358339978382,-0.15,0.3539862180638722,-0.1082162730349564,0.3532945882431796,1.0321593535258065,-0.4,0.0,0.0,-0.3853353828736982,1.5381263297053316,0.5636297419843982,0.17,0.0,0.0,0.52333,0.0,0.0,-0.1500000397756341,0.23252362703594667,-0.2335037484639711,0.35305848929904643,1.1015795469193839,-0.4000000419083929,-8.253404133902725e-10,-6.381828612523613e-11,-0.30139289542514763,1.3935093263634508,0.5636297445150316,0.17000000200164228,-6.328720533574264e-11,-1.6783644003808213e-11,0.5233300104581632,2.7951490229913105e-10,8.359070536180079e-11,-0.1698393572242603,0.24381532736291378,-0.243947064667493,0.378171443282468,1.112855421424279,-0.4044049786734634,-0.00012642364139751316,-3.245982971978668e-05,-0.31329358467709617,1.3839266315998293,0.564948813595432,0.17265935586387882,-1.1346054054009559e-05,-8.797867654162645e-06,0.5285329620068432,0.00013981482996687416,4.181665371092582e-05
72,True,0.7300000000000005,6.263388632230217,False,False,0.25215471878326107,False,40.852292033378035,-0.15,0.3539862180638722,-0.1082162730349564,0.3532945882431796,1.0321593535258065,-0.4,0.0,0.0,-0.3853353828736982,1.5381263297053316,0.5636297419843982,0.17,0.0,0.0,0.52333,0.0,0.0,-0.1500000396786351,0.25056934260327796,-0.23703290742575234,0.3811745792461316,1.1148451356932232,-0.4000000148517486,-3.577668497827674e-10,-6.491952960450964e-11,-0.31198078954452224,1.3854891849947188,0.5636297445936308,0.17000000470578522,-3.09716672677895e-11,-1.7595700119721878e-11,0.5233300104153001,2.7962910066343764e-10,8.363314014036508e-11,-0.16985868118752498,0.24259372092105877,-0.24278959494899816,0.3754214057883737,1.111768929431888,-0.40438191678034324,-0.00012676699823995595,-3.258923538023849e-05,-0.31206484440418514,1.3866779446054032,0.5649475090224781,0.17266122865196157,-1.137856913792616e-05,-8.772257926818279e-06,0.5285329377791111,0.0001408741496473149,4.215070656539033e-05
73,True,0.7400000000000005,6.193366111140701,False,False,0.24632922367601293,False,51.662040990777314,-0.15,0.3539862180638722,-0.1082162730349564,0.3532945882431796,1.0321593535258065,-0.4,0.0,0.0,-0.3853353828736982,1.5381263297053316,0.5636297419843982,0.17,0.0,0.0,0.52333,0.0,0.0,-0.15992936045240397,0.26213522123311866,-0.2302453266392811,0.3982994777063213,1.1209259652055497,-0.4028489884271114,-6.338379475096785e-05,-1.6294650279289448e-05,-0.32135944967153524,1.385690020286011,0.5642886265626702,0.17133061675767836,-5.689301886598891e-06,-4.386137735649522e-06,0.525931474043426,7.043721569752536e-05,2.107539543331743e-05,-0.1703033336342971,0.24354498875125408,-0.24163020727352566,0.3762556103570889,1.1121794490055863,-0.4044937294020566,-0.0001329394969406643,-3.289220720364386e-05,-0.3123838437198778,1.38837001170002,0.5649603610354182,0.17272643660292636,-2.142230189667163e-05,-8.858643712191009e-06,0.5286803879277299,0.00014248774162746415,4.2622857519507015e-05
74,True,0.7500000000000006,6.1068182332026195,False,False,0.24485249515231278,False,51.18037504144013,-0.15,0.3539862180638722,-0.1082162730349564,0.3532945882431796,1.0321593535258065,-0.4,0.0,0.0,-0.3853353828736982,1.5381263297053316,0.5636297419843982,0.17,0.0,0.0,0.52333,0.0,0.0,-0.16015168712044156,0.26265835397829307,-0.22918988746588417,0.398557407300356,1.12104292005587,-0.40276590101586857,-6.64700310730398e-05,-1.644613649396335e-05,-0.32153739887232885,1.3870039247756263,0.564295052741616,0.17136322060259526,-1.0711179212088706e-05,-4.4293307147215e-06,0.5260051993009665,7.124401330118872e-05,2.1311471382525786e-05,-0.17121072399073836,0.24579898021594954,-0.24024417169212392,0.37915564632443755,1.1133937942945973,-0.4047152876230688,-0.0001371856892766569,-3.347150305873323e-05,-0.3136677535088175,1.3895266772701047,0.5649817199533882,0.17284944781040082,-2.7378878065752948e-05,-9.153839163475977e-06,0.5289592656342024,0.00014418553126729406,4.310660065555887e-05
75,True,0.7600000000000006,6.022361345215521,False,False,0.24716460049202046,False,41.26179200829938,-0.15,0.3539862180638722,-0.1082162730349564,0.3532945882431796,1.0321593535258065,-0.4,0.0,0.0,-0.3853353828736982,1.5381263297053316,0.5636297419843982,0.17,0.0,0.0,0.52333,0.0,0.0,-0.15000004242136314,0.2538799929431201,-0.2310302554982889,0.38385441466274206,1.1159864270689888,-0.4000000057191958,-2.0975101205065495e-10,-6.694287223212242e-11,-0.3114357162972135,1.387913922860144,0.5636297447032018,0.17000000607523527,-4.967983331980548e-11,-1.830764171345371e-11,0.5233300112531415,2.883704858019573e-10,8.621302886950002e-11,-0.17197959085289757,0.2477077334458773,-0.23902176910470002,0.38144707350420515,1.1144011784839922,-0.4048353576433742,-0.00013878090252087034,-3.369332273019609e-05,-0.3144934127026452,1.3904731489455187,0.5649938962974909,0.172926739461526,-2.9079424950095292e-05,-9.116115472963645e-06,0.5291323885682261,0.00014594382561959593,4.365864474937728e-05
76,True,0.7700000000000006,5.953376008176056,False,False,0.24381503160391527,False,40.636416990309954,-0.15,0.3539862180638722,-0.1082162730349564,0.3532945882431796,1.0321593535258065,-0.4,0.0,0.0,-0.3853353828736982,1.5381263297053316,0.5636297419843982,0.17,0.0,0.0,0.52333,0.0,0.0,-0.15000004395909378,0.23617969983775394,-0.2271969512171819,0.35585453393074606,1.1030125135857467,-0.40000000602985164,-2.1397286652474583e-10,-6.738651068491927e-11,-0.3026959075743932,1.3982871877292533,0.5636297447214963,0.1700000062189561,-5.3239860250579385e-11,-1.823219448306775e-11,0.5233300115996432,2.9188706746757775e-10,8.731711485581925e-11,-0.17233507778231003,0.24766414943392784,-0.23776374203380993,0.3805737167929675,1.1140714664313112,-0.4048347356766408,-0.00013949252410168958,-3.379526668097349e-05,-0.31400977969586447,1.39205066984935,0.5649980989761164,0.17295444068065682,-2.9581513605254687e-05,-9.009433959239231e-06,0.5291917256313785,0.00014719173289965844,4.408567426416552e-05
77,True,0.7800000000000006,5.874329941472247,False,False,0.24273088720416866,False,43.03104098653421,-0.15,0.3539862180638722,-0.1082162730349564,0.3532945882431796,1.0321593535258065,-0.4,0.0,0.0,-0.3853353828736982,1.5381263297053316,0.5636297419843982,0.17,0.0,0.0,0.52333,0.0,0.0,-0.15000004467006622,0.2368214521498731,-0.22632123366177084,0.35642612053486034,1.1033565833752452,-0.4000000203853162,-4.660539409365345e-10,-6.759039818316675e-11,-0.30299593978363,1.3989024682969278,0.5636297446965128,0.1700000048328249,-7.365853000646959e-11,-1.8018831879454715e-11,0.523330011738305,2.943828770161916e-10,8.817117216598997e-11,-0.17244129575305667,0.2462097394074678,-0.236428029021549,0.37750241997445,1.1128018131622242,-0.40477918338225227,-0.00013988540038149054,-3.387974229586863e-05,-0.3127317421520642,1.3941485929040967,0.564998992208363,0.17296304222864115,-2.9661315203908323e-05,-8.918317675954275e-06,0.5292037032301276,0.0001482206155238665,4.444307171570413e-05
78,True,0.7900000000000006,5.80613540435907,False,False,0.22979633036658945,False,41.37487499974668,-0.15,0.34846182330417197,-0.11796742363585133,0.33865195961513483,1.0081736613339274,-0.4,0.0,0.0,-0.3793217454458974,1.5141219572129316,0.5548335995524688,0.17,0.0,0.0,0.52333,0.0,0.0,-0.15000004488250174,0.25629817458966225,-0.23015216598716934,0.3692392029991468,1.0879429192885226,-0.40000001321045076,-3.4333686815910675e-10,-6.775934906889198e-11,-0.3098640861474297,1.3741086775518108,0.5548336198702215,0.17000000555560638,-6.432962406581304e-11,-1.7836599679746856e-11,0.5233300117524328,2.964406381499897e-10,8.888596565189257e-11,-0.17245614806068765,0.24574789476276132,-0.23550574508541675,0.37487879092324405,1.1100925973363942,-0.40470376615892534,-0.00013873513419621603,-3.358495696007056e-05,-0.3118225845228251,1.3944585741530227,0.5643615953893518,0.17296444983189077,-2.7808910651294937e-05,-8.455951987940621e-06,0.5291916686913781,0.000150093732895816,4.5055906030577855e-05
79,True,0.8000000000000006,5.718911338995473,False,False,0.20816255361712868,False,40.958583005703986,-0.15,0.3399627544430946,-0.13296919379107452,0.31612483864891205,0.9712725964233438,-0.4,0.0,0.0,-0.37006999555697306,1.4771921533784698,0.541301072734116,0.17,0.0,0.0,0.52333,0.0,0.0,-0.15000004491220628,0.2561979893935081,-0.23583106619360025,0.3431999576801331,1.0428432656837465,-0.4000000094075135,-2.774697133297796e-10,-6.716977957865874e-11,-0.30815855937857156,1.3505189542721685,0.541301118855069,0.1700000059288878,-5.561771005972347e-11,-1.6911870150210988e-11,0.523330011723314,3.0018686543670584e-10,9.011163184721987e-11,-0.17244052659874778,0.24648351066853819,-0.23535276011609674,0.3712172917165783,1.10296826278271,-0.40462728521053754,-0.00013693310853132463,-3.313451541859077e-05,-0.3113010600823748,1.3913003648905995,0.5621683224981483,0.1729631215450641,-2.5147701123544457e-05,-7.845465737592939e-06,0.5291695459975692,0.00015231934750997928,4.5771357826488234e-05
80,True,0.8100000000000006,5.64425740604127,False,False,0.1951433986664289,False,40.814499952830374,-0.15,0.3314636855820173,-0.1479709639462976,0.2935977176826894,0.9343715315127604,-0.4,0.0,0.0,-0.36081824566804876,1.4402623495440083,0.5277685459157632,0.17,0.0,0.0,0.52333,0.0,0.0,-0.15000004488096344,0.2733397561493103,-0.23645523818115444,0.3497362813669339,1.0141602940645136,-0.4000000092538578,-2.738564453604476e-10,-6.626889892413258e-11,-0.3178898791508238,1.3157133291961833,0.5277686147151636,0.17000000592630254,-5.029434270922427e-11,-1.5690900937229395e-11,0.5233300116790676,3.0463808269065064e-10,9.154253158456804e-11,-0.17243161957530473,0.24893240616561424,-0.23577553069239746,0.36705341163994415,1.0908884798011937,-0.4045582706106838,-0.00013409088483791218,-3.241079945865463e-05,-0.31161457835097056,1.383506402340754,0.558027822788268,0.17296084925189284,-2.119148974123148e-05,-6.9596198529909945e-06,0.5291447482992531,0.00015519067805729042,4.6684877837643283e-05
81,True,0.8200000000000006,5.603203793912516,False,False,0.17795265778092373,False,40.57758301496506,-0.15,0.32296461672093985,-0.1629727341015208,0.2710705967164664,0.8974704666021766,-0.4,0.0,0.0,-0.35156649577912436,1.4033325457095462,0.5142360190974101,0.17,0.0,0.0,0.52333,0.0,0.0,-0.15000004486314944,0.2708776695123709,-0.2461876681344704,0.32187888742402304,0.9679761233712727,-0.40000000911491623,-2.6815632719434483e-10,-6.482147026716685e-11,-0.31459088059915175,1.2888351792041737,0.5142361066809432,0.17000000592187658,-4.238031419331596e-11,-1.3919213091665176e-11,0.5233300116294709,3.1038073139747456e-10,9.336956766558754e-11,-0.17240615290583844,0.252305065321185,-0.23714418099280204,0.36126641076638877,1.0734793871314918,-0.4045004477362383,-0.00013161151613853286,-3.1788678232066234e-05,-0.3123144333579282,1.3712774014685392,0.551993795917685,0.1729581704102556,-1.769696002986714e-05,-6.18321264003089e-06,0.5291220853636298,0.0001577951612867135,4.7512818256992974e-05
82,True,0.8300000000000006,5.591644351485713,False,False,0.1582323481509376,False,39.04050000710413,-0.15,0.3144655478598625,-0.17797450425674388,0.24854347575024371,0.8605694016915931,-0.4,0.0,0.0,-0.3423147458902001,1.3664027418750846,0.5007034922790573,0.17,0.0,0.0,0.52333,0.0,0.0,-0.15000004481221624,0.2693078840657379,-0.255422058822961,0.2928873090796103,0.9201039831827083,-0.4000000090020161,-2.63242645319765e-10,-6.35772301775181e-11,-0.31240799306796846,1.2634708134870405,0.5007035948594911,0.1700000059161687,-3.5396064043387385e-11,-1.2366401619154474e-11,0.523330011584149,3.155896877648449e-10,9.502544531006215e-11,-0.17232750005896075,0.25548815371604783,-0.23981258318662907,0.35217410252247494,1.0504063305324916,-0.40445431776122226,-0.00013026029573763617,-3.147366222104198e-05,-0.3127977409982433,1.3556130568835123,0.5443029827572367,0.17295527020291918,-1.5621058134925495e-05,-5.727404626699622e-06,0.5291035585742152,0.0001596324627367418,4.8099262190837876e-05
83,True,0.8400000000000006,5.581909957950691,False,False,0.13504683983596483,False,40.778291993774474,-0.15,0.30596647899878515,-0.19297627441196707,0.22601635478402093,0.8236683367810095,-0.4,0.0,0.0,-0.33306299600127576,1.329472938040623,0.4871709654607044,0.17,0.0,0.0,0.52333,0.0,0.0,-0.1500000446549109,0.26892279767776384,-0.26288395916874646,0.26270398347611956,0.8708570950183323,-0.4000000089079623,-2.6050658665280856e-10,-6.294719897371537e-11,-0.3111590887954811,1.2404460427679642,0.4871710797245705,0.17000000591055223,-3.124179799411653e-11,-1.145478697263852e-11,0.5233300115470927,3.1926428444321517e-10,9.619833117482761e-11,-0.1721862328441501,0.258143284249994,-0.24363815501735975,0.33931960199836153,1.0220239195220808,-0.40441846856579694,-0.00012986790659998024,-3.142028054593198e-05,-0.31301130719485565,1.3375598584072343,0.5352452284453959,0.17295226555334062,-1.4751416916167666e-05,-5.545233578075314e-06,0.5290890120778765,0.00016081621571052487,4.8479295584151246e-05
84,True,0.8500000000000006,5.586422375994305,False,False,0.12066211988387295,False,40.157458977773786,-0.15,0.29746741013770783,-0.20797804456719016,0.20348923381779815,0.786767271870426,-0.4,0.0,0.0,-0.3238112461123515,1.2925431342061613,0.47363843864235156,0.17,0.0,0.0,0.52333,0.0,0.0,-0.15000004437237713,0.2642375862652357,-0.27176807458643354,0.2374936575799567,0.8295284434683737,-0.40000000883644204,-2.5972783049710985e-10,-6.284043548514901e-11,-0.3093990846219908,1.2138447922938223,0.4736385618556793,0.17000000590456968,-2.9502106549625395e-11,-1.1090445226134664e-11,0.5233300115180002,3.216317865251811e-10,9.6958396721841e-11,-0.17200005060348647,0.25988935022575205,-0.24847591625518936,0.32329376091925877,0.989669045034463,-0.40439083440330253,-0.00013007836156966838,-3.153387929605488e-05,-0.3129642914404396,1.3176510212820034,0.525104638781563,0.172949229778392,-1.4642864909147032e-05,-5.539696314825013e-06,0.529077238759844,0.0001615821306170775,4.872546777518445e-05
85,True,0.8600000000000007,5.6997793315471466,False,False,0.09567995400425808,False,39.67395797371864,-0.15,0.2889683412766304,-0.22297981472241335,0.18096211285157515,0.7498662069598422,-0.4,0.0,0.0,-0.3145594962234271,1.2556133303716992,0.4601059118239985,0.17,0.0,0.0,0.52333,0.0,0.0,-0.1500000440000132,0.27209000470747297,-0.2533101543557966,0.2130640827706144,0.787581157325945,-0.39999998971457906,9.406180199425691e-11,-6.306763244919066e-11,-0.29076758235819905,1.1855005068472113,0.46398259970022265,0.17000000726012676,-1.135277053368835e-11,-1.1079370471096122e-11,0.5233300114674728,3.2316361490026396e-10,9.74507406600834e-11,-0.1718713430016281,0.2614459345774193,-0.2521222832413576,0.304924759345245,0.9546034110233986,-0.4043685342269825,-0.00012939261722308702,-3.1413188792252264e-05,-0.3113155546203947,1.296048670619202,0.5144315668123625,0.1729463252924751,-1.3420404762821298e-05,-5.298528247822596e-06,0.5290657939306087,0.0001629213682177437,4.914472556017443e-05
86,True,0.8700000000000007,5.99568597499548,False,False,0.07876585422791212,False,40.044708002824336,-0.15,0.28046927241555303,-0.23798158487763643,0.15843499188535248,0.7129651420492588,-0.4,0.0,0.0,-0.3053077463345028,1.2186835265372378,0.4465733850056457,0.17,0.0,0.0,0.52333,0.0,0.0,-0.1500000437425985,0.2697428087210244,-0.26133227320354885,0.1859826048431349,0.7441305339653359,-0.40000000873709923,-2.5878526445778476e-10,-6.28262519252235e-11,-0.2861085045180385,1.1601247594298232,0.4505552688744495,0.17000000589263198,-2.6840852619929717e-11,-1.0597035301163299e-11,0.5233300114715649,3.2584208473226094e-10,9.828925452942498e-11,-0.171783802231611,0.26285914758255774,-0.2547736509663353,0.28467960239907036,0.9175142263730697,-0.40435136500326874,-0.00012870204083321527,-3.1291518262294824e-05,-0.308129971908777,1.2731840474767662,0.5033617487465255,0.17294346808174346,-1.2198586339759878e-05,-5.059220404267733e-06,0.529055629383177,0.0001642448677702051,4.955795173218386e-05
87,True,0.8800000000000007,6.501775047632352,False,False,0.07726639502872346,False,38.538915978278965,-0.15,0.2719702035544757,-0.25298335503285957,0.1359078709191297,0.6760640771386751,-0.4,0.0,0.0,-0.2960559964455785,1.181753722702776,0.4330408581872928,0.17,0.0,0.0,0.52333,0.0,0.0,-0.15000004356753935,0.26591166740882133,-0.272842721149943,0.16667153789724345,0.7086829524902762,-0.40000001284606007,-3.0514891132048076e-10,-6.258294198895151e-11,-0.27834546719500286,1.125134185572955,0.4360684730336238,0.17000000531005463,-3.267170934227108e-11,-1.0118480811121535e-11,0.5233300114533772,3.284887453735598e-10,9.911560120416012e-11,-0.17170767149796326,0.26366212983834236,-0.2578997952074883,0.26348160805842225,0.8794891506207768,-0.4043384466178886,-0.00012837541227616678,-3.126674796237267e-05,-0.30390694579492006,1.2487723049063288,0.49177678916537454,0.1729406230697753,-1.1438032303863363e-05,-4.921834053337826e-06,0.529046161744618,0.0001653095494055431,4.989039554786155e-05
88,True,0.8900000000000007,6.491826948615344,False,False,0.06751910048256388,False,37.122458044905216,-0.15,0.2634711346933984,-0.26798512518808265,0.11338074995290703,0.6391630122280917,-0.4,0.0,0.0,-0.2868042465566542,1.1448239188683145,0.41950833136894,0.17,0.0,0.0,0.52333,0.0,0.0,-0.15000004341525616,0.2606864846133048,-0.287366852042911,0.14151353214894893,0.6674108488809285,-0.40000000867721663,-2.567538231719804e-10,-6.253337086293892e-11,-0.27501519896585425,1.0954219897210429,0.4220573236802698,0.1700000058811872,-2.2876705807540793e-11,-9.843648420050665e-12,0.5233300114323007,3.3061843754812574e-10,9.978059152445642e-11,-0.17161930288156943,0.2636504317445199,-0.2624223082229816,0.24165692231023808,0.8409282090776767,-0.4043277998660207,-0.00012865248327132358,-3.1403277663735636e-05,-0.2991953848371007,1.2229005381703455,0.4796795423597134,0.17293776658659618,-1.1438517565078905e-05,-4.95256795951917e-06,0.5290369546417254,0.00016595758144963212,5.009305677222853e-05
89,True,0.9000000000000007,6.48236121634159,False,False,0.028835697320211157,False,36.68733302038163,-0.15,0.2549720658323209,-0.2829868953433059,0.09085362898668403,0.6022619473175078,-0.4,0.0,0.0,-0.2775524966677298,1.1078941150338524,0.40597580455058696,0.17,0.0,0.0,0.52333,0.0,0.0,-0.1500000432385193,0.25175668880813207,-0.29459272826365324,0.10042308562925018,0.6129519082981013,-0.4000000086578413,-2.5732543336822247e-10,-6.280642971440197e-11,-0.2735309301729594,1.086391430251764,0.40741636577724427,0.17000000587520864,-2.2881650550411704e-11,-9.90511610940789e-12,0.5233300114138875,3.319144991134875e-10,1.0018591316117041e-10,-0.1714521184465658,0.2624696893034165,-0.26811506739352675,0.21794489628704197,0.800792711260359,-0.40431797536075637,-0.00013030906428244493,-3.190916181197693e-05,-0.2945893356190228,1.1975324310102922,0.4670780678431115,0.17293482143957273,-1.3170387176307739e-05,-5.3652884663972e-06,0.5290276786932506,0.00016567625286065927,5.0006943711127414e-05
90,True,0.9100000000000007,6.473370059133121,False,False,6.38005004141102e-07,False,35.8129590167664,-0.15,0.2464729969712436,-0.297988665498529,0.06832650802046136,0.5653608824069244,-0.4,0.0,0.0,-0.2683007467788055,1.0709643111993907,0.39244327773223414,0.17,0.0,0.0,0.52333,0.0,0.0,-0.1500000429041511,0.2464730289645991,-0.297988605751308,0.06832680725646686,0.5653613532694459,-0.40000000863595364,-2.606164183115503e-10,-6.381819600093054e-11,-0.2683007993559105,1.0709645643354837,0.3924434270014565,0.17000000586962724,-2.6340822377769204e-11,-1.0730555472943115e-11,0.5233300113953342,3.3135184296351726e-10,1.0001368737502054e-10,-0.1712246343107744,0.2601836283262044,-0.2741912774535478,0.19212103933557936,0.7588751927407605,-0.4043085399100314,-0.00013267230105312616,-3.260835335404191e-05,-0.2901010539001475,1.1737398402103618,0.45399711252235975,0.17293185397764446,-1.579256951865539e-05,-5.9808396294097e-06,0.5290184319938538,0.0001649103607934927,4.97673071031763e-05
91,True,0.9200000000000007,6.463878986752135,False,False,6.422754073836659e-07,False,35.69783398415893,-0.15,0.23797392811016624,-0.3129904356537521,0.04579938705423858,0.5284598174963407,-0.4,0.0,0.0,-0.2590489968898812,1.034034507364929,0.3789107509138812,0.17,0.0,0.0,0.52333,0.0,0.0,-0.15000004244924098,0.23797397252907096,-0.31299035805532416,0.045799679697293344,0.5284602783264067,-0.40000000861709145,-2.6534110783679905e-10,-6.521640025296217e-11,-0.25904905899389546,1.0340347867750659,0.37891090108611913,0.17000000586369243,-3.158380520890147e-11,-1.1961500383526934e-11,0.5233300113768494,3.298202547392156e-10,9.953447544934534e-11,-0.17102264885278362,0.25682251076080587,-0.2810225671704733,0.16543596296043778,0.7164084961181747,-0.4042994548401724,-0.00013456762653893994,-3.3187687779924856e-05,-0.28526841652514295,1.149932033735984,0.4406339072292238,0.17292897966330414,-1.7836510386529396e-05,-6.4780996742608406e-06,0.5290094633297806,0.0001644362176643711,4.961381827072157e-05
92,True,0.9300000000000007,6.453345230992346,False,False,6.465323364331843e-07,False,35.084125003777444,-0.15,0.22947485924908892,-0.32799220580897515,0.023272266088015803,0.4915587525857573,-0.4,0.0,0.0,-0.2497972470009569,0.9971047035304675,0.3653782240955284,0.17,0.0,0.0,0.52333,0.0,0.0,-0.15000004204526446,0.22947491394434186,-0.32799211186936605,0.02327255041609727,0.49155920228531047,-0.40000000859888113,-2.691476983234138e-10,-6.637509696738467e-11,-0.24979731794314375,0.997105009183952,0.36537837460654765,0.1700000058579499,-3.5671197586858256e-11,-1.2956048263077782e-11,0.5233300113589161,3.288718969460952e-10,9.922747672629854e-11,-0.1709000235719769,0.2524025385789339,-0.28912005560766996,0.13886869264879864,0.6743689440183255,-0.4042906833471874,-0.0001356785127997422,-3.355927254599489e-05,-0.27978734664744626,1.1246229974643762,0.42715265650401146,0.17292622859602003,-1.8906133801697537e-05,-6.765468779298916e-06,0.5290008343362627,0.0001644631762315247,4.961330199177342e-05
93,True,0.9400000000000007,6.441761377489118,False,False,6.51126240052702e-07,False,33.938625012524426,-0.15,0.2209757903880115,-0.34299397596419845,0.0007451451217928007,0.45465768767517345,-0.4,0.0,0.0,-0.2405454971120325,0.9601748996960054,0.3518456972771754,0.17,0.0,0.0,0.52333,0.0,0.0,-0.1500000417999944,0.2209758532417504,-0.34299386821637723,0.0007454213699811529,0.45465812709797804,-0.40000000858133794,-2.713736026258712e-10,-6.711831733300679e-11,-0.24054557559557802,0.9601752285905687,0.35184584789082274,0.17000000585244504,-3.781166851317603e-11,-1.3530838155782288e-11,0.5233300113416502,3.289256878479495e-10,9.922640565652487e-11,-0.17084669587650173,0.24705495237455868,-0.29855621157204565,0.11280122766521483,0.6331003118379297,-0.4042821773861989,-0.00013610244262261554,-3.3741827899345414e-05,-0.2736073171872307,1.0973532176922884,0.41362256137020453,0.17292358963955642,-1.91215694802816e-05,-6.858869454640848e-06,0.5289925146438174,0.00016492700776314163,4.9750462789697274e-05
94,True,0.9500000000000007,6.429338203355017,False,False,6.556925373964443e-07,False,35.54029203951359,-0.15,0.21247672152693411,-0.3579957461194216,-0.02178197584442998,0.4177566227645899,-0.4,0.0,0.0,-0.23129374722310816,0.9232450958615437,0.3383131704588225,0.17,0.0,0.0,0.52333,0.0,0.0,-0.1500000416933218,0.21247679068301517,-0.3579956272406817,-0.02178170667810267,0.4177570534514409,-0.4000000085643461,-2.722037690193989e-10,-6.74834748764239e-11,-0.2312938318500828,0.9232454440771642,0.3383133210780157,0.17000000584716699,-3.824301311961204e-11,-1.3717687962378367e-11,0.5233300113250088,3.2985323904243836e-10,9.950069203491134e-11,-0.17083964490792458,0.240943506002156,-0.3092089381362893,0.08733020646454401,0.5926506300453425,-0.40427388953232335,-0.00013606773363079706,-3.379420828389227e-05,-0.26678765008026567,1.0681486224792602,0.4000717807014563,0.17292103916111817,-1.8767758893928942e-05,-6.8177029955413615e-06,0.5289844463687385,0.00016567789188559961,4.9980313023692205e-05
95,True,0.9600000000000007,6.416350433576453,False,False,6.598389889662163e-07,False,26.259290985763073,-0.15,0.2039776526658568,-0.3729975162746446,-0.04430909681065265,0.3808555578540065,-0.4,0.0,0.0,-0.2220419973341839,0.8863152920270821,0.32478064364046966,0.17,0.0,0.0,0.52333,0.0,0.0,-0.15000004167922584,0.20397772659114594,-0.3729973887097052,-0.04430883352447565,0.3808559814530639,-0.4000000085478713,-2.72205807753164e-10,-6.758813732348152e-11,-0.22204208682564144,0.886315655672302,0.3247807942224928,0.1700000058420103,-3.7536653723724365e-11,-1.3635491947857248e-11,0.5233300113088964,3.3135305583338256e-10,9.995979392796953e-11,-0.17086433541158524,0.234226229893101,-0.32088739371779174,0.06242588047380135,0.55294294415691,-0.40426577959287036,-0.00013580676998806182,-3.378045600194897e-05,-0.259425875387633,1.0372374311429637,0.3865114920711501,0.1729185535319751,-1.8135725445287973e-05,-6.7085205753108094e-06,0.5289765723729902,0.00016656368322030113,5.025459612518298e-05
96,True,0.9700000000000008,6.403065459406783,False,False,6.633558328933665e-07,False,25.815625034738332,-0.15,0.19547858380477937,-0.3879992864298679,-0.06683621777687565,0.3439544929434225,-0.4,0.0,0.0,-0.21279024744525948,0.84938548819262,0.3112481168221166,0.17,0.0,0.0,0.52333,0.0,0.0,-0.15000004172851944,0.1954786612952156,-0.3879991522154915,-0.06683595924665783,0.3439549109272084,-0.4000000085316045,-2.716715012673898e-10,-6.756081471045094e-11,-0.21279034071658431,0.8493858638796384,0.3112482673486424,0.17000000583705194,-3.627325971869693e-11,-1.341731461669554e-11,0.523330011293147,3.331242639050859e-10,1.0050823682442728e-10,-0.17091410589385853,0.2270398183748544,-0.3333938819594189,0.03801069058999169,0.513858904340292,-0.40425782062694104,-0.00013547975801741696,-3.3745579084863276e-05,-0.25162399536889996,1.0049084427147217,0.37294632155249735,0.17291611634803894,-1.7426212787966367e-05,-6.578436228211886e-06,0.5289688528346479,0.0001674797321479987,5.053958879425019e-05
97,True,0.9800000000000008,6.389714863508325,False,False,6.661740817106741e-07,False,25.63150000059977,-0.15,0.18697951494370205,-0.40300105658509094,-0.08936333874309832,0.3070534280328391,-0.4,0.0,0.0,-0.2035384975563352,0.8124556843581585,0.2977155900037638,0.17,0.0,0.0,0.52333,0.0,0.0,-0.15000004182799123,0.18697959506067105,-0.40300091737788324,-0.0893630839903562,0.30705384164896854,-0.40000000851564804,-2.710164742907202e-10,-6.749111912515617e-11,-0.20353859372736963,0.8124560692507585,0.29771574046501575,0.17000000583218144,-3.4855221424487555e-11,-1.3157203930992559e-11,0.5233300112777024,3.3495627479356374e-10,1.0107819157947721e-10,-0.17098126021220694,0.2194957507023273,-0.3465507439595406,0.01399658823644377,0.4752773653939424,-0.404249998365353,-0.0001351652449777164,-3.3711488433570014e-05,-0.2434740978578873,0.9714440685854302,0.3593785271418373,0.17291371920146345,-1.673750464209403e-05,-6.450286619519132e-06,0.5289612669259871,0.00016837502156641422,5.081894994029581e-05
98,True,0.9900000000000008,6.376487062282266,False,False,6.683306355337829e-07,False,25.889582990203053,-0.15,0.17848044608262467,-0.4180028267403141,-0.11189045970932116,0.27015236312225555,-0.4,0.0,0.0,-0.1942867476674109,0.7755258805236968,0.2841830631854109,0.17,0.0,0.0,0.52333,0.0,0.0,-0.15000004196225178,0.17848052811052653,-0.4180026838415086,-0.111890207931639,0.2701527733760617,-0.40000000849998524,-2.703760669129848e-10,-6.742293578505159e-11,-0.19428684604208724,0.775526272350155,0.2841832135761351,0.17000000582739724,-3.3477510196102235e-11,-1.290089990368113e-11,0.5233300112625309,3.367469071603388e-10,1.0163692823694998e-10,-0.17105777547734968,0.2116820120223903,-0.3602088759379865,-0.009698435820892162,0.43709032750843174,-0.4042423055929998,-0.00013489524875812323,-3.368711885752591e-05,-0.23505352721314493,0.9370919884437544,0.34580942677744547,0.17291135824994394,-1.6109601449437286e-05,-6.333358616921329e-06,0.5289538046822342,0.00016922906900512842,5.1086121166467374e-05
99,True,1.0000000000000007,6.363529690572439,False,False,6.699112950527892e-07,False,25.267417018767446,-0.15,0.16998137722154735,-0.43300459689553716,-0.13441758067554382,0.23325129821167212,-0.4,0.0,0.0,-0.1850349977784866,0.7385960766892352,0.27065053636705805,0.17,0.0,0.0,0.52333,0.0,0.0,-0.15000004211525628,0.1699814606208155,-0.433004451308082,-0.13441733123454075,0.23325170589245234,-0.40000000848458905,-2.698265581780289e-10,-6.737417000441271e-11,-0.185035097815473,0.738596473673483,0.2706506866846388,0.17000000582268315,-3.222135028612522e-11,-1.2667013502867775e-11,0.5233300112476066,3.384551121624838e-10,1.0217130314265754e-10,-0.17113632042318255,0.20366661689549645,-0.37424803963305664,-0.03314434918809697,0.3992078234501594,-0.4042347385891261,-0.00013467869984451434,-3.36750944740093e-05,-0.22642460924761876,0.9020569874556268,0.3322398609676126,0.17290903193402635,-1.5553631844670906e-05,-6.2304082670215385e-06,0.5289464615957197,0.00017003648348753344,5.1339301130540667e-05
100,True,1.0100000000000007,6.350955685728634,False,False,6.710163054548985e-07,False,25.235042034182698,-0.15,0.16148230836046992,-0.4480063670507604,-0.15694470164176683,0.19635023330108825,-0.4,0.0,0.0,-0.17578324788956218,0.7016662728547731,0.25711800954870506,0.17,0.0,0.0,0.52333,0.0,0.0,-0.15000004227234026,0.16148239272761683,-0.44800621953704817,-0.15694445403903004,0.19635063901815644,-0.40000000846944966,-2.693855737979402e-10,-6.73500873262867e-11,-0.17578334917217553,0.7016666736304256,0.2571181597922093,0.1700000058180365,-3.110906962195954e-11,-1.2461074769495894e-11,0.5233300112329203,3.400700661012907e-10,1.0267770054334102e-10,-0.17121069693501517,0.19550140650843834,-0.38857375558384266,-0.0563980601728136,0.3615577698123541,-0.40422729526706574,-0.0001345138773866737,-3.367516837585244e-05,-0.21763628929005013,0.8665023695308929,0.3186703351889318,0.1729067397619329,-1.5067412452576067e-05,-6.1412384872302245e-06,0.5289392357348404,0.00017079876372538973,5.157883631750477e-05
101,True,1.0200000000000007,6.338850090940904,False,False,6.71741809799277e-07,False,25.061708001885563,-0.15,0.15298323949939258,-0.46300813720598355,-0.17947182260798955,0.15944916839050471,-0.4,0.0,0.0,-0.16653149800063788,0.6647364690203115,0.2435854827303522,0.17,0.0,0.0,0.52333,0.0,0.0,-0.15000004242110446,0.15298332453465377,-0.4630079883393775,-0.17947157645895856,0.15944957260895917,-0.4000000084545611,-2.690495033252742e-10,-6.735020185191743e-11,-0.16653160021008345,0.6647368725477032,0.24358563289985855,0.17000000581345667,-3.0136336704117764e-11,-1.2282697664911643e-11,0.5233300112184686,3.4159474765959805e-10,1.0315680749114087e-10,-0.17127635755857473,0.1872255313351732,-0.40311305184793716,-0.07950451651393523,0.32408380815158727,-0.40421997397525783,-0.00013439661466969118,-3.368652409222173e-05,-0.20872635453645424,0.8305552422405518,0.3051010696796459,0.17290448150876236,-1.4645725184879468e-05,-6.065107170779994e-06,0.5289321258459719,0.00017151890325825,5.1805484640057045e-05
102,True,1.0300000000000007,6.32727629650372,False,False,6.721715093405662e-07,False,24.61233298527077,-0.15,0.14448417063831526,-0.4780099073612066,-0.20199894357421228,0.12254810347992129,-0.4,0.0,0.0,-0.1572797481117136,0.6278066651858499,0.23005295591199937,0.17,0.0,0.0,0.52333,0.0,0.0,-0.15000004255244942,0.1444842561202592,-0.4780097575690671,-0.20199869858425473,0.12254850655210017,-0.4000000084399187,-2.688097114963029e-10,-6.737288220940102e-11,-0.15727985100476877,0.6278070706796262,0.23005310600802775,0.17000000580894356,-2.9292714284203606e-11,-1.213039947403448e-11,0.5233300112042486,3.4303513973604413e-10,1.0361013865037337e-10,-0.17133142364148643,0.17886838462937718,-0.41781022368903403,-0.10249853596882995,0.286742582243848,-0.4042127728175861,-0.00013432497999105915,-3.370909017217952e-05,-0.19972363944758398,0.7943128481145666,0.29153204703352054,0.17290225675806237,-1.4286180528339343e-05,-6.002103287292492e-06,0.5289251302629098,0.00017219833296863032,5.2019429789346715e-05
103,True,1.0400000000000007,6.31628128646563,False,False,6.72374377019841e-07,False,26.136583997868,-0.15,0.1359851017772379,-0.4930116775164297,-0.224526064540435,0.08564703856933775,-0.4,0.0,0.0,-0.1480279982227893,0.5908768613513883,0.2165204290936465,0.17,0.0,0.0,0.52333,0.0,0.0,-0.1500000426626105,0.13598518754324357,-0.4930115271146606,-0.22452582048458175,0.0856474407608313,-0.40000000842552746,-2.686641895825563e-10,-6.741798344768327e-11,-0.14802810161391283,0.5908772682207786,0.21652057911668265,0.17000000580451,-2.85777814952625e-11,-1.2004355852015907e-11,0.5233300111902702,3.44394108446177e-10,1.0403806304280045e-10,-0.17137615664196892,0.17045191639334062,-0.4326231635293412,-0.1254067588065114,0.24950110782910093,-0.40420568978288024,-0.0001342981901252258,-3.3743115905313476e-05,-0.19064998147675155,0.7578487345020894,0.2779630816352247,0.17290006499585478,-1.3987821509483742e-05,-5.9526505599628136e-06,0.5289182471176431,0.000172837662009889,5.222059313419085e-05
104,True,1.0500000000000007,6.3058998097975625,False,False,6.724052071004653e-07,False,25.71062499191612,-0.15,0.12748603291616045,-0.5080134476716529,-0.247053185506658,0.04874597365875388,-0.4,0.0,0.0,-0.1387762483338649,0.5539470575169262,0.20298790227529348,0.17,0.0,0.0,0.52333,0.0,0.0,-0.15000004275210474,0.12748611884752853,-0.5080132968919056,-0.247052942213243,0.048746375169155476,-0.40000000841135996,-2.686059307377593e-10,-6.748600324944266e-11,-0.13877635208115527,0.5539474653182681,0.20298805222545252,0.17000000580012287,-2.797921886649288e-11,-1.1905413326124509e-11,0.5233300111764987,3.456728742763822e-10,1.0444042409607588e-10,-0.1714118205343704,0.16199242103063136,-0.4475203516799955,-0.14824941950096965,0.21233448408477218,-0.4041987232867721,-0.00013431259311258935,-3.378786786813459e-05,-0.18152183953964154,0.7212181752812687,0.26439390684710207,0.1728979059874006,-1.374603585599446e-05,-5.9160653709824375e-06,0.5289114752167005,0.00017343934255429074,5.2409600308075296e-05
105,True,1.0600000000000007,6.296157583821544,False,False,6.723066059788245e-07,False,25.586457981262356,-0.15,0.11898696405508312,-0.5230152178268761,-0.2695803064728807,0.011844908748170346,-0.4,0.0,0.0,-0.1295244984449406,0.5170172536824645,0.1894553754569406,0.17,0.0,0.0,0.52333,0.0,0.0,-0.15000004282345733,0.11898705006571558,-0.5230150668377335,-0.26958006381072425,0.011845309727249453,-0.40000000839742683,-2.6863112114524496e-10,-6.757547748773669e-11,-0.12952460243943473,0.5170176620827243,0.18945552533380444,0.17000000579580263,-2.7494355796185677e-11,-1.183220770321192e-11,0.5233300111629513,3.468763364923317e-10,1.0481847113636301e-10,-0.17143941533133397,0.15350193922518685,-0.4624783735572059,-0.17104180715652334,0.17522402024593542,-0.40419187228452824,-0.00013436081461304134,-3.384136207748458e-05,-0.17235158120958152,0.6844625513275105,0.25082423088837136,0.1728957798556056,-1.355148464891475e-05,-5.890265148911538e-06,0.528904814220314,0.00017400825770953862,5.2587987414532385e-05
106,True,1.0700000000000007,6.2870736986221845,False,False,6.721110691540791e-07,False,26.089625025633723,-0.15,0.1104878951940058,-0.5380169879820991,-0.29210742743910345,-0.025056156162413024,-0.4,0.0,0.0,-0.12027274855601632,0.48008744984800295,0.1759228486385878,0.17,0.0,0.0,0.52333,0.0,0.0,-0.150000042878669,0.11048798122189729,-0.5380168369052927,-0.29210718530761753,-0.025055755602285373,-0.4000000083837257,-2.687246523393194e-10,-6.768244165534891e-11,-0.12027285271348484,0.4800878585969441,0.17592299844115483,0.17000000579154914,-2.710436798166924e-11,-1.178057769675553e-11,0.5233300111496267,3.4801425464830137e-10,1.0517527382461521e-10,-0.1714590333655011,0.14498936185035946,-0.4774798969550315,-0.19379540846902488,0.13815575343561623,-0.4041851359855294,-0.00013443383378472046,-3.390103301624782e-05,-0.16314847836375815,0.647612711557104,0.23725376409220347,0.17289368688373694,-1.339273505947855e-05,-5.872507621836374e-06,0.5288982641769893,0.00017455037183427684,5.2757712480184324e-05
107,True,1.0800000000000007,6.278662408984865,False,False,6.718430357671459e-07,False,26.45833295537159,-0.15,0.10198882633292845,-0.5530187581373223,-0.3146345484053262,-0.06195722107299656,-0.4,0.0,0.0,-0.11102099866709202,0.4431576460135413,0.1623903218202349,0.17,0.0,0.0,0.52333,0.0,0.0,-0.15000004291792693,0.10198891233386406,-0.5530186070599027,-0.31463430672690673,-0.0619568208473881,-0.400000008370256,-2.688666758850211e-10,-6.780176630370987e-11,-0.11102110292184568,0.4431580549226383,0.16239047154692435,0.1700000057873637,-2.6786284165546776e-11,-1.1745040593777868e-11,0.5233300111365256,3.4909855437187734e-10,1.0551474711323339e-10,-0.1714698064757136,0.13646125551106023,-0.4925121271113774,-0.2165188088559976,0.1011192941138234,-0.4041785137637678,-0.00013452164793143395,-3.396394694622103e-05,-0.1539194755214024,0.6106916075035226,0.22368223936973086,0.17289162745441913,-1.3257096349194907e-05,-5.859624867905503e-06,0.5288918253791369,0.0001750722877967921,5.292099639460935e-05
108,True,1.0900000000000007,6.270934448970832,False,False,6.715207742053118e-07,False,25.890540971886367,-0.15,0.09348975747185102,-0.5680205282925455,-0.3371616693715492,-0.09885828598358049,-0.4,0.0,0.0,-0.1017692487781676,0.40622784217907926,0.1488577950018819,0.17,0.0,0.0,0.52333,0.0,0.0,-0.15000004293949742,0.09348984341475447,-0.5680203772759613,-0.3371614280857709,-0.09885788602884785,-0.40000000835701194,-2.690417117063616e-10,-6.79275849910471e-11,-0.10176935307841303,0.40622825110576843,0.1488579446505786,0.1700000057832438,-2.651463689110219e-11,-1.1719261729633884e-11,0.5233300111236461,3.5014243978184756e-10,1.0584133199595998e-10,-0.17147041196612958,0.12792250772345318,-0.5075655662013268,-0.2392183716185637,0.06410694587461743,-0.4041720046751724,-0.00013461679591275465,-3.4027925023694346e-05,-0.1446697721992327,0.5737162051020562,0.21010940714174534,0.1728896017160367,-1.3135077773405207e-05,-5.849258427537373e-06,0.528885497580491,0.00017557893052919736,5.307949377240914e-05
109,True,1.1000000000000008,6.263897992257409,False,False,6.711578044818791e-07,False,27.408665977418423,-0.15,0.08499068861077368,-0.5830222984477686,-0.3596887903377719,-0.13575935089416397,-0.4,0.0,0.0,-0.0925174988892433,0.3692980383446176,0.13532526818352902,0.17,0.0,0.0,0.52333,0.0,0.0,-0.15000004294073638,0.08499077447434863,-0.5830221475344639,-0.35968854939694206,-0.13575895116206382,-0.4000000083439941,-2.692321193732087e-10,-6.805553796424219e-11,-0.09251760319358138,0.36929844718025817,0.13532541775161863,0.17000000577919136,-2.627039569800887e-11,-1.1698521970372234e-11,0.5233300111109888,3.5115576530017796e-10,1.0615833929419286e-10,-0.17146048573057462,0.11937682204018846,-0.522633045000127,-0.2618987391451513,0.027113040140103267,-0.4041656068663767,-0.00013471866539089113,-3.409290916345632e-05,-0.135403264191119,0.5366988787084136,0.19653501200311682,0.1728876091741131,-1.3025835634455537e-05,-5.841358529477901e-06,0.5288792790360155,0.00017607071986871953,5.3233285128690966e-05
110,True,1.1100000000000008,6.2575593718018085,False,False,6.707642277749982e-07,False,27.221416006796062,-0.15,0.07649161974969634,-0.5980240686029916,-0.3822159113039947,-0.17266041580474745,-0.4,0.0,0.0,-0.08326574900031901,0.332368234510156,0.12179274136517619,0.17,0.0,0.0,0.52333,0.0,0.0,-0.15000004292091293,0.076491705520057,-0.5980239178210652,-0.38221567066971013,-0.17266001625837935,-0.40000000833119925,-2.6943593794330305e-10,-6.818550321666941e-11,-0.08326585327514091,0.3323686431708668,0.12179289084953364,0.1700000057752058,-2.605182488192668e-11,-1.1682715422474952e-11,0.5233300110985505,3.521393828929357e-10,1.0646593432165827e-10,-0.17143831537395926,0.11082690934370891,-0.5377093634632906,-0.28456336448282166,-0.009866600831713973,-0.40415931932942306,-0.00013482073527567337,-3.415692181803459e-05,-0.12612289628705817,0.499648982460194,0.18295889094251439,0.17288564990643002,-1.292102633956445e-05,-5.83374859317845e-06,0.5288731693574473,0.00017655191586555375,5.3383850168213336e-05
111,True,1.1200000000000008,6.251923564374787,False,False,6.703476002068518e-07,False,32.295041950419545,-0.15,0.06799255088861901,-0.6130258387582148,-0.40474303227021735,-0.20956148071533087,-0.4,0.0,0.0,-0.07401399911139472,0.29543843067569436,0.10826021454682334,0.17,0.0,0.0,0.52333,0.0,0.0,-0.15000004287660598,0.06799263655730486,-0.6130256881253604,-0.4047427919109843,-0.20956108132615375,-0.4000000083186273,-2.6964007619040796e-10,-6.831353093882803e-11,-0.07401410332898407,0.2954388390963055,0.10826036394399727,0.1700000057712894,-2.5847721076875468e-11,-1.1667494781666845e-11,0.5233300110863315,3.531018020292917e-10,1.067670726676885e-10,-0.1714020450227951,0.10227483331942969,-0.5527905957297548,-0.3072147337221798,-0.04683502645138354,-0.404153140531051,-0.00013492054048869226,-3.4219242307513774e-05,-0.11683090007926573,0.4625733810009751,0.16938090352557567,0.17288372361360121,-1.2817429688312288e-05,-5.825621325316044e-06,0.5288671672861723,0.0001770240972955922,5.353173180348278e-05
112,True,1.1300000000000008,6.2469945475417346,False,False,6.699135577309716e-07,False,32.527541974559426,-0.15,0.05949348202754156,-0.628027608913438,-0.42727015323644035,-0.24646254562591485,-0.4,0.0,0.0,-0.0647622492224703,0.25850862684123227,0.0947276877284703,0.17,0.0,0.0,0.52333,0.0,0.0,-0.15000004280410417,0.05949356759022086,-0.628027458439494,-0.4272699131257398,-0.24646214637148972,-0.4000000083062724,-2.698396175558268e-10,-6.843817632967925e-11,-0.06476235335956952,0.2585090349703193,0.09472783703472833,0.17000000576743682,-2.564031143098013e-11,-1.1651241700022627e-11,0.5233300110743263,3.540461879019633e-10,1.0706284272896322e-10,-0.17135201547243079,0.09372223623959396,-0.5678736369320225,-0.3298545695738573,-0.08379443950055473,-0.4041470678580812,-0.00013502371144273611,-3.428167674236137e-05,-0.1075289801930273,0.42547694564498606,0.1558008972503407,0.17288182923628737,-1.2722050123439771e-05,-5.818927534861279e-06,0.528861269789697,0.00017748351537059216,5.36755992957001e-05
113,True,1.1400000000000008,6.242775573417767,False,False,6.69466509765399e-07,False,26.52266703080386,-0.15,0.05099441316646423,-0.6430293790686611,-0.44979727420266313,-0.2833636105364983,-0.4,0.0,0.0,-0.05551049933354601,0.22157882300677065,0.08119516091011746,0.17,0.0,0.0,0.52333,0.0,0.0,-0.15000004270408313,0.05099449862209046,-0.6430292287572539,-0.4497970343174236,-0.28336321139879395,-0.40000000829412935,-2.700466046254551e-10,-6.856304462572087e-11,-0.05551060337030876,0.2215792308026527,0.08119531012142232,0.1700000057636477,-2.5448629973964126e-11,-1.1637850203147194e-11,0.5233300110625293,3.5496505721203074e-10,1.0735058818983102e-10,-0.1712865832139066,0.08517028015033261,-0.5829563431720226,-0.3524841741524216,-0.1207464480517535,-0.4041411000270234,-0.0001351264423979839,-3.434301632929866e-05,-0.0982184723840599,0.3883636220685067,0.14221883869931065,0.17287996662283295,-1.2629939272663434e-05,-5.812298027551023e-06,0.5288554759821802,0.000177932573671837,5.381633125190088e-05
114,True,1.1500000000000008,6.239269330067382,False,False,6.69009888294516e-07,False,26.324749982450157,-0.15,0.042495344305386894,-0.6580311492238842,-0.4723243951688858,-0.32026467544708176,-0.4,0.0,0.0,-0.046258749444621716,0.18464901917230905,0.06766263409176461,0.17,0.0,0.0,0.52333,0.0,0.0,-0.15000004257326124,0.04249542965523377,-0.6580309990743498,-0.47232415548864126,-0.32026427641128496,-0.400000008282191,-2.7025204025598465e-10,-6.868572658064783e-11,-0.04625885336386614,0.18464942660119749,0.06766278320401184,0.1700000057599251,-2.526460410236936e-11,-1.162459103822911e-11,0.5233300110509431,3.5586320050679313e-10,1.0763206015877323e-10,-0.17120440120007233,0.0766198853789947,-0.5980370280806097,-0.3751044361473716,-0.15769219665834203,-0.4041352352111564,-0.0001352291027250518,-3.4403362608873255e-05,-0.08890043280167446,0.3512363069956623,0.12863470558005657,0.17287813523247106,-1.2541429755670231e-05,-5.80579808382347e-06,0.5288497840790749,0.00017837092304858905,5.3953833933320975e-05
115,True,1.1600000000000008,6.236478071715105,False,False,6.685463980571717e-07,False,26.720708003267646,-0.15,0.03399627544430945,-0.6730329193791075,-0.49485151613510886,-0.3571657403576657,-0.4,0.0,0.0,-0.03700699955569729,0.14771921533784693,0.054130107273411575,0.17,0.0,0.0,0.52333,0.0,0.0,-0.1500000424089436,0.03399636069149831,-0.6730327693874079,-0.4948512766411717,-0.35716534141125333,-0.40000000827046067,-2.70457371477845e-10,-6.880642163344976e-11,-0.03700710334236098,0.14771962237175035,0.05413025628245212,0.17000000575626464,-2.5087121939762892e-11,-1.161159082229443e-11,0.5233300110395612,3.567399269597312e-10,1.0790707385385833e-10,-0.17110340107357727,0.06807174416890645,-0.6131144474525154,-0.3977159831442167,-0.19463250006600144,-0.4041294718473003,-0.00013533037891091013,-3.4462266996126166e-05,-0.0795757199238301,0.31409729418107646,0.11504852541645728,0.17287633469455177,-1.2454714808383316e-05,-5.798882073825504e-06,0.5288441927112346,0.00017879928465650555,5.408840711476787e-05
116,True,1.1700000000000008,6.234403703495151,False,False,6.680782069799549e-07,False,26.909791980870068,-0.15,0.025497206583232113,-0.6880346895343306,-0.5173786371013316,-0.39406680526824917,-0.4,0.0,0.0,-0.027755249666773004,0.11078941150338532,0.04059758045505873,0.17,0.0,0.0,0.52333,0.0,0.0,-0.15000004220699553,0.025497291732269133,-0.688034539693938,-0.5173783977762701,-0.39406640640032853,-0.400000008258934,-2.706599364391774e-10,-6.892423413826449e-11,-0.027755353307510326,0.11078981811890165,0.04059772935679841,0.1700000057526655,-2.491261991350354e-11,-1.1597759973664421e-11,0.5233300110283798,3.57596675876334e-10,1.0817622772080421e-10,-0.1709803776348219,0.05952637151773412,-0.6281876944764696,-0.4203192554731521,-0.2315679339160067,-0.4041238086414657,-0.00013542723022934655,-3.4518720661838545e-05,-0.07024504987473354,0.2769484574623811,0.10146037147047264,0.17287456481253796,-1.2365793350352919e-05,-5.790383927530993e-06,0.5288387009373291,0.00017921947045423486,5.422074948902347e-05
117,True,1.1800000000000008,6.2330478347706215,False,False,6.676070381179972e-07,False,27.064458990935236,-0.15,0.01699813772215478,-0.7030364596895536,-0.5399057580675543,-0.43096787017883265,-0.4,0.0,0.0,-0.01850349977784871,0.07385960766892372,0.027065053636705878,0.17,0.0,0.0,0.52333,0.0,0.0,-0.15000004196100972,0.016998222778576107,-0.7030363099921261,-0.539905518894818,-0.4309674713796632,-0.4000000082476078,-2.7085365609971594e-10,-6.90371479804947e-11,-0.01850360326074539,0.07386001384640123,0.02706520242719697,0.17000000574912713,-2.4734171230400082e-11,-1.1580768064143828e-11,0.5233300110173972,3.5843706838343745e-10,1.0844091809681256e-10,-0.17083333909501222,0.050984231973768314,-0.643255933345655,-0.4429144933677962,-0.26849888639449515,-0.4041182433946086,-0.00013552343012042666,-3.4573854691351035e-05,-0.06090903486512155,0.2397910799910703,0.08787028924059845,0.1728728247517358,-1.2279273857887143e-05,-5.781478580698153e-06,0.5288333063344484,0.00017962878666922348,5.4349968244772266e-05
118,True,1.1900000000000008,6.232411821962414,False,False,6.671343430944293e-07,False,27.569334022700787,-0.15,0.008499068861077446,-0.7180382298447767,-0.562432879033777,-0.46786893508941607,-0.4,0.0,0.0,-0.009251749888924415,0.0369298038344621,0.013532526818353029,0.17,0.0,0.0,0.52333,0.0,0.0,-0.15000004166699926,0.008499153831343038,-0.7180380802803,-0.5624326399972964,-0.467868536350034,-0.4000000082364699,-2.710461849810084e-10,-6.914741944584772e-11,-0.009251853203303746,0.03693020955682033,0.013532675493738808,0.17000000574564164,-2.4560922306376964e-11,-1.1562958529812877e-11,0.5233300110066039,3.5925572903377535e-10,1.0869936367837157e-10,-0.1706612783478955,0.04244571817147379,-0.6583184559931557,-0.46550181522143347,-0.3054256132110208,-0.40411277363404824,-0.00013562497686517137,-3.462948204751007e-05,-0.05156821838842759,0.20262612451506415,0.07427833081081014,0.17287111347682452,-1.2202564047632119e-05,-5.774079409172492e-06,0.5288280060235389,0.0001800230407062774,5.447465295964464e-05
119,True,1.2000000000000008,6.232496794296811,False,False,6.666614637469733e-07,False,27.588583005126566,-0.15,0.0,-0.73304,-0.58496,-0.50477,-0.4,0.0,0.0,0.0,0.0,0.0,0.17,0.0,0.0,0.52333,0.0,0.0,-0.15000004132294728,8.489136613110126e-08,-0.7330398505570438,-0.5849597610839428,-0.5047696013119533,-0.40000000822553067,-2.712493374714981e-10,-6.925867258850528e-11,-1.03136247257829e-07,4.052520775343904e-07,1.4855652798184682e-07,0.17000000574221946,-2.4407392195863512e-11,-1.1548156072558962e-11,0.5233300109960032,3.600442769174494e-10,1.0894874509259937e-10,-0.17046396981747564,0.03391114810670428,-0.6733746940377193,-0.48808127331601325,-0.3423482839320514,-0.404107396872796,-0.00013573819584568583,-3.468750327527358e-05,-0.04222309826616614,0.16545438433910672,0.06068456982301872,0.17286942993115453,-1.214347671669471e-05,-5.770189454220165e-06,0.5288227970885387,0.0001803977990944973,5.459331868721664e-05
